date,open,high,low,close,volume
2021-10-29,27.0,27.74,26.01,27.5,7601874.0
2021-11-01,28.0,29.69,26.11,29.22,2186224.0
2021-11-02,29.22,29.59,27.705,29.46,1370690.0
2021-11-03,29.59,29.99,27.13,28.6,1338864.0
2021-11-04,28.98,29.03,27.22,27.38,2029728.0
2021-11-05,27.38,27.8,25.2422,26.68,864108.0
2021-11-08,27.2,27.63,26.17,27.11,629258.0
2021-11-09,27.48,28.0,26.88,27.51,418512.0
2021-11-10,25.8,27.09,25.8,25.99,688409.0
2021-11-11,26.32,28.28,25.51,27.23,510436.0
2021-11-12,27.32,27.7,26.8194,27.64,214483.0
2021-11-15,27.91,29.0596,27.47,27.64,683984.0
2021-11-16,28.05,30.0,27.75,29.68,617783.0
2021-11-17,29.3,31.09,29.0796,30.91,492115.0
2021-11-18,31.31,31.78,29.43,31.1,340038.0
2021-11-19,31.1,32.62,30.81,30.97,249654.0
2021-11-22,30.96,31.61,28.57,29.29,247196.0
2021-11-23,28.6,29.83,26.53,27.41,486866.0
2021-11-24,27.34,27.97,26.485,26.85,289226.0
2021-11-26,26.49,26.91,25.28,26.2,313903.0
2021-11-29,26.6,27.6,26.2,27.18,370252.0
2021-11-30,27.21,27.66,26.91,27.49,291997.0
2021-12-01,27.85,28.5,23.53,23.71,727752.0
2021-12-02,23.86,24.87,20.31,22.59,1016852.0
2021-12-03,22.6,23.03,20.73,21.68,487271.0
2021-12-06,21.84,22.18,20.01,20.53,583872.0
2021-12-07,21.04,22.41,20.41,21.77,854279.0
2021-12-08,22.03,22.3,20.27,21.07,845978.0
2021-12-09,21.84,22.0,19.61,20.35,696811.0
2021-12-10,20.75,21.55,20.52,21.11,391663.0
2021-12-13,20.97,22.17,20.24,20.5,424027.0
2021-12-14,20.08,20.685,18.79,19.6,364726.0
2021-12-15,19.61,20.53,19.53,19.96,368610.0
2021-12-16,20.21,20.73,18.275,18.58,460518.0
2021-12-17,18.32,18.71,16.85,17.51,3305050.0
2021-12-20,17.13,17.43,16.21,17.09,418003.0
2021-12-21,17.15,17.41,16.56,17.2,292983.0
2021-12-22,17.11,18.18,16.7,18.18,292931.0
2021-12-23,18.22,19.87,18.0,19.49,254740.0
2021-12-27,19.67,19.9,18.19,18.82,315178.0
2021-12-28,18.9,19.0,17.88,18.12,328908.0
2021-12-29,18.12,18.54,17.6,18.4,258652.0
2021-12-30,18.32,18.99,18.16,18.31,251291.0
2021-12-31,18.4,19.68,18.2,19.54,255260.0
2022-01-03,19.45,19.78,18.515,18.98,555749.0
2022-01-04,19.12,19.2,17.93,18.01,508703.0
2022-01-05,17.86,18.78,15.79,16.04,562532.0
2022-01-06,15.95,16.2,14.8,15.02,922804.0
2022-01-07,15.05,15.45,14.11,14.7,366685.0
2022-01-10,14.5,15.25,13.42,15.23,443958.0
2022-01-11,15.21,16.29,15.21,15.61,242185.0
2022-01-12,15.7,16.12,14.7398,15.05,402740.0
2022-01-13,15.08,15.33,14.7,15.06,247362.0
2022-01-14,15.0,15.46,14.92,15.34,267982.0
2022-01-18,15.04,15.23,14.08,14.18,358832.0
2022-01-19,14.28,14.68,14.1,14.38,157700.0
2022-01-20,14.52,15.2293,14.52,14.91,285995.0
2022-01-21,14.71,15.24,14.21,14.96,455534.0
2022-01-24,14.45,15.54,13.27,15.42,475136.0
2022-01-25,15.03,15.79,14.9,15.06,344504.0
2022-01-26,15.65,16.17,15.39,15.63,346951.0
2022-01-27,15.66,15.66,14.38,14.71,482038.0
2022-01-28,14.59,14.98,13.56,14.96,463556.0
2022-01-31,15.14,16.23,15.11,16.2,358354.0
2022-02-01,16.25,16.78,15.98,16.74,215039.0
2022-02-02,16.93,16.98,15.51,15.56,396747.0
2022-02-03,15.45,15.64,14.6,14.89,298812.0
2022-02-04,14.87,15.18,14.55,15.06,175019.0
2022-02-07,14.98,15.58,14.81,15.15,93373.0
2022-02-08,14.88,16.0,14.74,15.95,229527.0
2022-02-09,16.15,16.314,15.61,16.01,344480.0
2022-02-10,13.56,14.99,13.26,13.88,1314232.0
2022-02-11,13.73,14.055,13.0,13.18,817949.0
2022-02-14,13.33,13.98,12.895,13.68,468863.0
2022-02-15,13.93,14.47,13.92,14.32,216855.0
2022-02-16,14.21,14.35,13.66,13.68,359238.0
2022-02-17,13.37,14.18,13.32,13.46,548292.0
2022-02-18,13.34,13.595,12.89,13.42,288908.0
2022-02-22,13.18,13.82,12.98,13.22,201377.0
2022-02-23,13.36,13.47,12.25,12.34,214494.0
2022-02-24,11.9,13.48,11.7,13.23,589664.0
2022-02-25,13.18,13.69,12.62,13.48,412330.0
2022-02-28,13.2,13.69,13.0,13.19,279997.0
2022-03-01,13.13,13.9,12.975,13.35,316785.0
2022-03-02,13.31,13.44,12.25,12.5,284858.0
2022-03-03,12.53,12.75,11.52,11.58,274325.0
2022-03-04,11.5,11.52,11.01,11.15,173712.0
2022-03-07,11.08,11.24,10.6,10.76,496908.0
2022-03-08,10.62,11.42,10.22,10.88,260677.0
2022-03-09,11.08,11.88,11.01,11.67,463930.0
2022-03-10,11.19,11.68,11.0,11.59,193317.0
2022-03-11,11.66,12.12,10.96,11.03,341745.0
2022-03-14,10.94,10.94,10.011,10.29,381555.0
2022-03-15,10.46,11.05,10.161,10.85,270724.0
2022-03-16,10.95,12.06,10.95,12.06,275831.0
2022-03-17,12.13,12.58,11.74,11.84,934712.0
2022-03-18,11.8,13.37,11.7,13.28,649623.0
2022-03-21,13.33,13.33,12.465,12.61,166572.0
2022-03-22,12.55,13.25,12.42,13.03,328970.0
2022-03-23,12.77,12.93,12.35,12.56,249709.0
2022-03-24,12.61,12.87,12.305,12.69,199422.0
2022-03-25,12.66,12.66,11.94,12.2,199883.0
2022-03-28,12.3,12.86,12.3,12.82,202739.0
2022-03-29,13.12,13.4393,12.65,12.77,618772.0
2022-03-30,12.87,13.67,12.55,13.09,274985.0
2022-03-31,13.14,13.59,12.31,12.46,526605.0
2022-04-01,12.44,13.47,12.27,13.29,277263.0
2022-04-04,13.31,13.68,13.04,13.42,190887.0
2022-04-05,13.32,13.54,12.65,12.82,248902.0
2022-04-06,12.53,12.75,11.9674,12.68,355550.0
2022-04-07,12.62,12.97,11.85,12.11,175596.0
2022-04-08,11.99,11.99,11.6,11.77,147699.0
2022-04-11,11.58,12.16,11.29,12.12,234185.0
2022-04-12,12.38,12.65,12.06,12.2,181534.0
2022-04-13,12.21,12.93,12.17,12.79,178499.0
2022-04-14,12.84,12.84,12.37,12.51,170664.0
2022-04-18,12.51,12.51,11.52,11.96,262941.0
2022-04-19,11.91,12.1484,11.775,11.96,171146.0
2022-04-20,12.01,12.01,11.195,11.24,229951.0
2022-04-21,11.39,11.635,10.66,10.76,212559.0
2022-04-22,10.78,10.99,10.6461,10.79,253023.0
2022-04-25,10.78,11.27,10.69,11.24,337338.0
2022-04-26,11.16,11.16,10.19,10.26,345116.0
2022-04-27,10.15,10.94,9.95,10.41,708392.0
2022-04-28,10.48,11.02,10.05,10.84,272497.0
2022-04-29,10.69,11.5,10.69,10.91,595993.0
2022-05-02,10.7,11.08,10.17,10.86,709903.0
2022-05-03,10.78,10.88,10.15,10.23,753470.0
2022-05-04,10.23,10.77,9.66,10.12,1324679.0
2022-05-05,10.0,12.2,9.95,10.75,2012655.0
2022-05-06,10.7,12.67,10.49,12.54,1442154.0
2022-05-09,12.27,12.3725,11.64,12.15,1136555.0
2022-05-10,12.17,12.395,11.0275,11.43,811230.0
2022-05-11,11.31,11.72,10.87,11.03,840348.0
2022-05-12,10.93,11.55,10.55,11.35,566626.0
2022-05-13,11.46,12.37,11.23,12.19,699409.0
2022-05-16,11.87,12.26,11.52,11.64,431525.0
2022-05-17,11.91,12.38,11.4107,12.19,462625.0
2022-05-18,11.91,12.45,11.84,11.93,366608.0
2022-05-19,11.85,12.49,11.85,12.3,623709.0
2022-05-20,12.35,12.48,11.875,12.42,737932.0
2022-05-23,12.26,12.74,11.67,12.59,727403.0
2022-05-24,12.36,13.14,11.99,12.97,699120.0
2022-05-25,12.84,14.14,12.66,13.92,733698.0
2022-05-26,13.85,15.45,13.62,15.44,1299419.0
2022-05-27,15.4,16.35,15.345,16.22,964701.0
2022-05-31,15.69,15.96,14.36,14.75,1177054.0
2022-06-01,14.59,14.92,13.37,13.45,1331049.0
2022-06-02,13.39,14.21,13.07,14.0,1407046.0
2022-06-03,13.85,14.39,13.325,14.27,1066267.0
2022-06-06,14.58,14.97,13.41,13.46,1088286.0
2022-06-07,13.25,13.75,12.27,12.93,1406018.0
2022-06-08,12.96,13.66,12.63,12.91,937624.0
2022-06-09,12.91,13.47,12.78,12.89,812487.0
2022-06-10,12.63,12.97,12.365,12.59,808084.0
2022-06-13,12.28,12.68,11.39,11.81,1413983.0
2022-06-14,11.81,12.24,11.05,11.58,1252440.0
2022-06-15,11.79,12.08,11.52,11.76,2109186.0
2022-06-16,11.43,11.85,11.365,11.62,1775869.0
2022-06-17,11.59,12.6,11.0,12.26,3305927.0
2022-06-21,12.47,12.88,12.12,12.15,1643653.0
2022-06-22,12.01,12.47,11.72,11.84,1443660.0
2022-06-23,11.91,12.26,11.62,11.65,700985.0
2022-06-24,11.76,12.17,11.43,11.57,7402768.0
2022-06-27,11.57,11.975,11.15,11.24,837482.0
2022-06-28,11.29,11.67,10.91,11.01,572338.0
2022-06-29,11.01,11.065,10.72,10.8,545870.0
2022-06-30,10.66,10.745,10.025,10.21,598874.0
2022-07-01,10.15,10.15,9.78,10.13,582656.0
2022-07-05,9.9,10.31,9.465,10.31,596572.0
2022-07-06,10.35,10.52,10.1,10.23,478451.0
2022-07-07,10.22,10.93,10.22,10.92,444376.0
2022-07-08,10.84,11.295,10.6,11.14,503128.0
2022-07-11,11.08,11.2,10.665,10.68,279282.0
2022-07-12,10.66,10.92,10.52,10.77,304487.0
2022-07-13,10.61,10.99,10.45,10.82,421543.0
2022-07-14,10.79,10.79,10.43,10.57,260737.0
2022-07-15,10.82,11.255,10.57,11.21,337430.0
2022-07-18,10.77,11.345,10.61,11.18,926652.0
2022-07-19,11.41,11.71,11.3,11.57,396600.0
2022-07-20,11.59,12.225,11.55,12.17,450979.0
2022-07-21,12.15,12.52,11.87,12.47,307110.0
2022-07-22,12.58,12.61,12.01,12.15,284243.0
2022-07-25,12.17,12.26,11.95,12.17,283019.0
2022-07-26,12.03,12.1304,11.77,12.03,215478.0
2022-07-27,12.21,12.74,12.1,12.67,271886.0
2022-07-28,12.31,12.56,11.72,11.97,382034.0
2022-07-29,11.94,12.08,11.72,11.95,299567.0
2022-08-01,11.89,12.33,11.6865,12.04,453257.0
2022-08-02,11.95,12.2,11.66,11.73,451156.0
2022-08-03,11.76,12.43,11.66,12.35,722453.0
2022-08-04,12.45,14.45,12.45,14.43,1272328.0
2022-08-05,14.02,15.165,13.48,14.97,1985995.0
2022-08-08,14.84,15.25,14.07,14.45,729509.0
2022-08-09,14.03,14.4,13.78,14.05,405289.0
2022-08-10,14.53,15.155,14.46,15.07,502403.0
2022-08-11,15.19,15.24,14.56,14.59,317651.0
2022-08-12,14.8,15.58,14.685,15.5,570553.0
2022-08-15,15.31,15.61,14.78,15.1,350051.0
2022-08-16,14.81,15.23,14.61,14.95,327658.0
2022-08-17,14.73,15.36,14.39,15.22,376408.0
2022-08-18,15.11,15.39,14.875,15.36,213890.0
2022-08-19,15.18,15.29,14.51,14.8,362358.0
2022-08-22,14.55,14.63,14.19,14.55,344681.0
2022-08-23,14.59,14.85,14.29,14.33,189858.0
2022-08-24,14.36,14.735,14.14,14.71,265043.0
2022-08-25,14.86,15.55,14.8,15.52,419526.0
2022-08-26,15.57,15.5994,14.595,14.66,186804.0
2022-08-29,14.53,15.14,14.53,14.78,234515.0
2022-08-30,14.73,15.0,14.65,14.85,269435.0
2022-08-31,14.99,15.36,14.7,14.86,253907.0
2022-09-01,14.73,15.649,14.442,14.64,801715.0
2022-09-02,14.87,14.87,14.16,14.28,392381.0
2022-09-06,14.31,15.65,14.2346,15.29,693178.0
2022-09-07,15.45,16.63,15.26,16.49,1137785.0
2022-09-08,16.41,16.41,15.46,15.73,995279.0
2022-09-09,15.86,16.1,15.72,16.0,701908.0
2022-09-12,16.0,16.49,15.93,16.27,607540.0
2022-09-13,15.42,16.05,14.8303,14.9,901193.0
2022-09-14,14.92,14.975,14.4683,14.86,738375.0
2022-09-15,14.81,15.11,14.6,14.95,740813.0
2022-09-16,14.7,14.94,14.03,14.21,3693183.0
2022-09-19,13.96,14.3645,13.05,13.2,726427.0
2022-09-20,13.18,13.57,12.82,13.23,722695.0
2022-09-21,13.27,13.48,12.975,13.0,502008.0
2022-09-22,12.91,13.08,12.5,12.5,471796.0
2022-09-23,12.21,12.405,11.965,11.99,369765.0
2022-09-26,11.94,12.68,11.94,12.31,308818.0
2022-09-27,12.42,12.6,12.03,12.2,321839.0
2022-09-28,12.22,13.05,12.22,12.88,415243.0
2022-09-29,12.63,12.705,12.215,12.5,306158.0
2022-09-30,12.34,12.74,12.07,12.09,490952.0
2022-10-03,12.14,12.625,12.07,12.51,457498.0
2022-10-04,12.89,13.479,12.7766,13.46,539152.0
2022-10-05,13.2,13.49,12.805,13.38,391734.0
2022-10-06,13.31,13.75,13.17,13.42,206877.0
2022-10-07,13.32,13.66,13.07,13.38,415766.0
2022-10-10,13.4,13.46,12.7268,13.27,370528.0
2022-10-11,13.19,13.19,12.21,12.93,386450.0
2022-10-12,12.79,13.43,12.68,13.27,239613.0
2022-10-13,12.84,13.67,12.64,13.48,473651.0
2022-10-14,13.67,13.8,13.03,13.045,313601.0
2022-10-17,13.24,14.27,13.24,14.06,554829.0
2022-10-18,14.45,14.89,14.388,14.45,612983.0
2022-10-19,14.04,14.55,14.03,14.31,285888.0
2022-10-20,14.23,14.98,14.23,14.49,286594.0
2022-10-21,14.54,14.81,14.19,14.53,455019.0
2022-10-24,14.5,14.5,13.18,13.82,254935.0
2022-10-25,13.87,14.69,13.87,14.33,427350.0
2022-10-26,14.15,14.95,14.045,14.46,376912.0
2022-10-27,14.57,14.82,14.37,14.46,276352.0
2022-10-28,14.45,14.83,14.315,14.73,548860.0
2022-10-31,14.78,14.81,14.21,14.55,545027.0
2022-11-01,15.04,15.49,14.62,14.78,386496.0
2022-11-02,14.87,15.01,14.15,14.18,431812.0
2022-11-03,13.43,14.365,12.75,14.21,464395.0
2022-11-04,14.69,14.69,14.01,14.51,326458.0
2022-11-07,14.43,15.14,14.18,14.9,497537.0
2022-11-08,15.0,15.63,14.71,15.21,446956.0
2022-11-09,15.05,15.44,14.84,15.42,335681.0
2022-11-10,16.11,17.26,15.85,16.56,1006804.0
2022-11-11,16.0,16.39,15.16,15.17,601297.0
2022-11-14,15.11,15.85,14.72,14.84,511782.0
2022-11-15,15.17,15.595,14.75,14.91,550274.0
2022-11-16,14.73,14.87,14.07,14.47,651350.0
2022-11-17,14.52,14.52,13.84,14.36,435131.0
2022-11-18,14.97,15.49,14.835,15.28,745554.0
2022-11-21,15.28,15.45,14.605,14.88,383154.0
2022-11-22,14.79,15.035,14.385,14.88,251436.0
2022-11-23,14.91,15.89,14.885,15.78,407441.0
2022-11-25,15.81,15.82,15.5,15.69,164193.0
2022-11-28,15.6,15.96,15.39,15.45,396529.0
2022-11-29,15.3,15.375,14.11,14.24,591635.0
2022-11-30,14.24,14.46,13.45,14.19,701138.0
2022-12-01,14.24,14.68,13.95,14.17,780268.0
2022-12-02,13.79,14.6,13.705,14.38,539993.0
2022-12-05,14.14,14.515,13.65,13.78,445765.0
2022-12-06,13.78,13.935,12.845,12.94,460667.0
2022-12-07,12.93,13.16,12.59,13.01,668784.0
2022-12-08,13.22,13.3144,12.46,12.47,493580.0
2022-12-09,12.41,12.74,12.23,12.24,595739.0
2022-12-12,12.06,12.56,11.93,12.35,875993.0
2022-12-13,12.81,12.81,11.915,12.12,588218.0
2022-12-14,12.04,12.305,11.64,12.03,1309573.0
2022-12-15,11.8,12.46,11.44,11.5,968417.0
2022-12-16,11.43,11.5791,10.675,11.05,1088518.0
2022-12-19,10.98,11.03,10.41,10.69,1270411.0
2022-12-20,10.65,10.92,10.5,10.66,873172.0
2022-12-21,10.74,10.91,10.465,10.76,797030.0
2022-12-22,10.75,10.935,10.55,10.92,426350.0
2022-12-23,10.93,10.93,10.395,10.48,330077.0
2022-12-27,10.44,10.46,9.87,10.0,557352.0
2022-12-28,9.97,10.25,9.89,10.09,471278.0
2022-12-29,10.24,10.465,10.03,10.38,380939.0
2022-12-30,10.3,10.76,10.22,10.55,565188.0
2023-01-03,10.69,10.9,10.53,10.66,423476.0
2023-01-04,10.85,11.23,10.85,11.21,568043.0
2023-01-05,11.15,11.615,10.95,11.59,370404.0
2023-01-06,11.64,11.64,11.115,11.23,386649.0
2023-01-09,11.27,11.75,11.27,11.34,415552.0
2023-01-10,11.26,11.38,10.46,11.0,911388.0
2023-01-11,11.1,11.23,10.87,11.14,427444.0
2023-01-12,11.21,11.21,10.8239,11.145,446662.0
2023-01-13,11.15,11.47,11.0,11.01,302238.0
2023-01-17,11.0,11.0913,10.75,10.88,421323.0
2023-01-18,11.05,11.35,10.7,10.77,551822.0
2023-01-19,10.72,10.87,10.44,10.65,417121.0
2023-01-20,10.8,10.8,10.52,10.68,254104.0
2023-01-23,10.7,10.9248,10.6,10.92,271630.0
2023-01-24,10.92,11.59,10.81,11.47,419415.0
2023-01-25,11.39,11.39,10.92,11.1,460043.0
2023-01-26,11.27,11.83,11.22,11.73,340132.0
2023-01-27,11.66,12.47,11.66,12.35,291051.0
2023-01-30,12.22,12.58,12.065,12.31,287666.0
2023-01-31,12.34,12.6,12.115,12.54,352515.0
2023-02-01,12.66,12.7744,12.22,12.7,282310.0
2023-02-02,12.92,13.12,12.8,13.05,430756.0
2023-02-03,12.79,13.16,12.4118,12.87,273368.0
2023-02-06,12.72,13.3,12.47,12.8,490736.0
2023-02-07,12.85,13.185,12.32,13.15,632382.0
2023-02-08,13.15,13.31,12.79,12.9,380846.0
2023-02-09,13.14,13.285,12.59,12.64,333580.0
2023-02-10,12.5,12.57,11.4,11.67,876769.0
2023-02-13,11.83,12.32,11.7,12.08,400115.0
2023-02-14,12.0,12.75,11.9531,12.6,486285.0
2023-02-15,11.6,12.13,10.98,11.99,1537070.0
2023-02-16,11.82,11.905,10.59,10.68,811005.0
2023-02-17,10.63,10.715,10.135,10.65,833231.0
2023-02-21,10.43,10.63,9.825,10.06,818000.0
2023-02-22,10.01,10.07,9.6,9.99,1868768.0
2023-02-23,9.98,10.24,9.4,10.07,876272.0
2023-02-24,9.82,9.95,9.5,9.67,642379.0
2023-02-27,9.79,9.98,9.62,9.64,430400.0
2023-02-28,9.595,9.69,9.421,9.44,499639.0
2023-03-01,9.53,9.54,9.12,9.14,455227.0
2023-03-02,9.12,9.43,8.99,9.25,673279.0
2023-03-03,9.34,9.94,9.25,9.88,659318.0
2023-03-06,9.915,10.07,9.745,9.89,377807.0
2023-03-07,9.89,10.05,9.77,9.9,326416.0
2023-03-08,9.86,10.0,9.56,9.7,554451.0
2023-03-09,9.73,9.91,9.655,9.7,493294.0
2023-03-10,9.65,9.71,9.12,9.33,518471.0
2023-03-13,9.2,9.36,9.01,9.13,417458.0
2023-03-14,9.39,9.48,9.16,9.36,614865.0
2023-03-15,9.15,9.43,9.12,9.28,412929.0
2023-03-16,9.18,9.36,8.96,9.19,404465.0
2023-03-17,9.12,9.245,8.8,8.89,837692.0
2023-03-20,8.89,8.98,8.615,8.69,603460.0
2023-03-21,8.84,9.26,8.8,9.19,391076.0
2023-03-22,9.19,9.19,8.82,8.83,387934.0
2023-03-23,8.84,9.0,8.52,8.54,290807.0
2023-03-24,8.47,8.7,8.4,8.67,379162.0
2023-03-27,8.72,8.82,8.41,8.58,519355.0
2023-03-28,8.61,8.68,8.48,8.56,598727.0
2023-03-29,8.65,8.68,8.515,8.58,260925.0
2023-03-30,8.62,8.79,8.5,8.55,397241.0
2023-03-31,8.57,8.96,8.47,8.83,416282.0
2023-04-03,8.8,9.005,8.73,8.99,558412.0
2023-04-04,8.98,8.98,8.75,8.85,276139.0
2023-04-05,8.79,8.85,8.59,8.71,217375.0
2023-04-06,8.68,8.76,8.58,8.64,262846.0
2023-04-10,8.59,8.79,8.57,8.74,503490.0
2023-04-11,8.79,9.005,8.69,9.0,482932.0
2023-04-12,9.07,9.098,8.81,8.85,347455.0
2023-04-13,8.86,9.19,8.85,9.13,460080.0
2023-04-14,9.15,9.34,8.78,8.9,387972.0
2023-04-17,8.92,9.015,8.84,8.94,209851.0
2023-04-18,8.93,8.9787,8.4,8.65,385060.0
2023-04-19,8.56,8.655,8.4385,8.5,262233.0
2023-04-20,8.42,8.63,8.42,8.5,230680.0
2023-04-21,8.48,8.99,8.48,8.96,354012.0
2023-04-24,8.94,8.99,8.775,8.94,277400.0
2023-04-25,8.84,8.84,8.42,8.44,405208.0
2023-04-26,8.42,8.67,8.42,8.55,361309.0
2023-04-27,8.61,9.0,8.52,8.73,388335.0
2023-04-28,8.71,9.36,8.71,9.09,797517.0
2023-05-01,9.15,9.36,8.87,9.29,668012.0
2023-05-02,9.02,9.09,8.64,8.83,1208768.0
2023-05-03,8.85,9.15,8.52,8.65,1057536.0
2023-05-04,8.5,9.15,8.17,9.09,1736555.0
2023-05-05,9.335,9.39,8.895,8.98,762548.0
2023-05-08,8.97,9.01,8.775,8.96,589659.0
2023-05-09,8.82,8.86,8.46,8.64,487777.0
2023-05-10,8.75,9.05,8.75,8.93,676880.0
2023-05-11,8.87,8.96,8.61,8.7,357466.0
2023-05-12,8.73,8.99,8.7,8.82,376269.0
2023-05-15,8.82,9.01,8.75,9.0,392235.0
2023-05-16,8.985,8.99,8.765,8.82,333247.0
2023-05-17,8.97,9.0,8.67,8.9,430931.0
2023-05-18,8.86,9.13,8.81,9.11,579006.0
2023-05-19,9.21,9.36,8.93,8.95,741111.0
2023-05-22,8.85,9.61,8.7008,9.56,841794.0
2023-05-23,9.4,9.7975,9.32,9.5,655452.0
2023-05-24,9.43,9.81,9.425,9.8,652800.0
2023-05-25,9.85,10.42,9.53,9.57,982845.0
2023-05-26,9.56,10.0342,9.46,9.94,839448.0
2023-05-30,10.04,10.22,9.79,9.9,517337.0
2023-05-31,9.76,10.09,9.71,10.0,1813767.0
2023-06-01,10.0,10.4,9.87,10.32,872378.0
2023-06-02,10.45,10.84,10.45,10.72,690458.0
2023-06-05,10.66,10.93,10.53,10.82,632964.0
2023-06-06,10.77,11.31,10.67,11.27,1032725.0
2023-06-07,11.27,11.45,10.53,10.61,606610.0
2023-06-08,10.61,10.64,10.34,10.54,401373.0
2023-06-09,10.57,10.8,10.49,10.67,357645.0
2023-06-12,10.68,10.99,10.65,10.81,645203.0
2023-06-13,10.85,11.06,10.71,10.97,509275.0
2023-06-14,10.98,11.12,10.49,10.54,608372.0
2023-06-15,10.46,10.83,10.36,10.8,453017.0
2023-06-16,10.94,11.035,10.55,10.61,741068.0
2023-06-20,10.53,10.75,10.31,10.52,486335.0
2023-06-21,10.46,10.46,10.09,10.12,476184.0
2023-06-22,10.07,10.41,10.0,10.22,452616.0
2023-06-23,10.05,10.19,9.94,10.02,2354969.0
2023-06-26,9.93,10.35,9.91,10.06,642318.0
2023-06-27,10.19,10.325,10.14,10.21,397818.0
2023-06-28,10.18,10.7,10.07,10.65,499068.0
2023-06-29,10.7,11.17,10.585,10.685,354992.0
2023-06-30,10.81,10.86,10.65,10.73,468658.0
2023-07-03,10.73,10.86,10.54,10.77,307123.0
2023-07-05,10.69,10.69,10.29,10.52,413661.0
2023-07-06,10.39,10.45,9.8,9.83,634015.0
2023-07-07,9.89,10.58,9.89,10.49,544526.0
2023-07-10,10.47,10.9,10.39,10.83,691475.0
2023-07-11,10.91,11.13,10.81,11.13,410744.0
2023-07-12,11.39,11.4,11.16,11.35,480405.0
2023-07-13,11.48,11.49,11.265,11.37,306204.0
2023-07-14,11.36,11.46,11.06,11.22,278234.0
2023-07-17,11.25,11.65,11.21,11.61,568298.0
2023-07-18,11.61,11.665,11.355,11.52,428479.0
2023-07-19,11.61,11.74,11.33,11.35,416854.0
2023-07-20,11.25,11.3,10.835,11.1,316857.0
2023-07-21,11.24,11.36,10.78,10.8,352173.0
2023-07-24,10.81,11.04,10.675,10.8,372461.0
2023-07-25,10.75,10.85,10.665,10.74,395907.0
2023-07-26,10.7,10.87,10.53,10.87,494256.0
2023-07-27,10.99,11.13,10.77,10.89,405847.0
2023-07-28,11.15,11.4,11.13,11.35,488183.0
2023-07-31,11.4,11.83,11.39,11.81,488760.0
2023-08-01,11.59,11.775,11.345,11.69,402816.0
2023-08-02,11.5,11.5,11.1,11.32,371768.0
2023-08-03,11.24,11.39,11.09,11.31,573862.0
2023-08-04,11.28,11.75,10.74,10.81,773369.0
2023-08-07,10.86,10.86,10.335,10.53,641276.0
2023-08-08,10.38,10.89,10.37,10.86,569080.0
2023-08-09,10.86,10.97,10.7,10.87,511411.0
2023-08-10,10.97,11.01,10.78,10.8,369055.0
2023-08-11,10.71,11.145,10.7,11.12,349579.0
2023-08-14,10.98,11.315,10.88,11.04,447611.0
2023-08-15,10.89,10.9,10.21,10.23,545760.0
2023-08-16,10.14,10.429,10.065,10.23,775985.0
2023-08-17,10.16,10.46,10.12,10.27,482696.0
2023-08-18,10.09,10.595,10.09,10.42,656627.0
2023-08-21,10.38,10.77,10.38,10.76,487782.0
2023-08-22,10.84,10.88,10.595,10.7,362966.0
2023-08-23,10.57,10.64,10.23,10.51,439256.0
2023-08-24,10.51,10.57,10.21,10.24,591493.0
2023-08-25,10.26,10.54,10.22,10.35,359026.0
2023-08-28,10.45,10.55,10.31,10.33,355826.0
2023-08-29,10.27,10.405,10.12,10.19,360731.0
2023-08-30,10.15,10.48,10.145,10.45,390729.0
2023-08-31,10.49,10.67,10.33,10.36,477425.0
2023-09-01,10.5,10.63,10.205,10.23,434660.0
2023-09-05,10.21,10.72,10.1052,10.58,725710.0
2023-09-06,10.61,10.68,10.0,10.25,452291.0
2023-09-07,10.08,10.24,10.0,10.19,398315.0
2023-09-08,10.21,10.3,9.9,9.93,427386.0
2023-09-11,10.03,10.2,9.94,9.98,380518.0
2023-09-12,9.94,10.17,9.94,10.0,486686.0
2023-09-13,10.0,10.15,9.86,9.95,601480.0
2023-09-14,10.06,10.1067,9.925,9.96,580885.0
2023-09-15,10.0,10.0,9.7,9.97,2128025.0
2023-09-18,9.9,10.01,9.76,9.87,786645.0
2023-09-19,9.85,9.89,9.48,9.56,604513.0
2023-09-20,9.54,9.67,9.31,9.33,343534.0
2023-09-21,9.22,9.24,8.915,8.96,565024.0
2023-09-22,9.03,9.11,8.88,8.9,367608.0
2023-09-25,8.82,9.22,8.82,9.09,364352.0
2023-09-26,9.04,9.25,8.97,8.97,269245.0
2023-09-27,9.05,9.11,8.92,9.08,301061.0
2023-09-28,9.05,9.3,8.96,9.18,384650.0
2023-09-29,9.32,9.54,9.32,9.5,539119.0
2023-10-02,9.48,9.57,9.37,9.5,503284.0
2023-10-03,9.48,9.55,9.33,9.41,417445.0
2023-10-04,9.39,9.62,9.32,9.55,381440.0
2023-10-05,9.59,9.59,9.31,9.44,392779.0
2023-10-06,9.35,9.6,9.29,9.49,436059.0
2023-10-09,9.48,9.7788,9.36,9.69,408305.0
2023-10-10,9.69,9.85,9.65,9.77,399231.0
2023-10-11,9.79,9.96,9.77,9.8,291821.0
2023-10-12,9.87,9.89,9.51,9.67,292228.0
2023-10-13,9.69,9.69,9.465,9.52,360056.0
2023-10-16,9.55,9.78,9.25,9.7,414153.0
2023-10-17,9.57,9.8601,9.53,9.83,457736.0
2023-10-18,9.74,9.9,9.61,9.8,331098.0
2023-10-19,9.86,10.1101,9.8,9.84,451704.0
2023-10-20,9.85,9.85,9.205,9.21,335768.0
2023-10-23,9.1,9.315,8.93,9.11,298811.0
2023-10-24,9.19,9.54,9.16,9.4,267095.0
2023-10-25,9.28,9.28,8.86,8.95,359207.0
2023-10-26,8.95,9.255,8.71,9.05,367672.0
2023-10-27,9.16,9.24,8.605,8.77,623253.0
2023-10-30,8.9,9.045,8.73,8.98,384488.0
2023-10-31,9.01,9.065,8.88,8.93,360104.0
2023-11-01,8.92,8.98,8.7,8.85,507423.0
2023-11-02,9.06,9.37,8.915,9.02,1119127.0
2023-11-03,10.29,12.88,10.07,12.45,4681907.0
2023-11-06,12.69,12.83,11.42,12.03,1251682.0
2023-11-07,11.78,12.48,11.78,12.47,1044300.0
2023-11-08,12.08,12.85,12.01,12.8,925689.0
2023-11-09,12.84,13.01,12.54,12.67,864238.0
2023-11-10,12.6,12.98,12.26,12.975,1124045.0
2023-11-13,12.81,13.31,12.81,13.2,989730.0
2023-11-14,13.34,13.5,13.21,13.5,734111.0
2023-11-15,13.5,13.93,13.3,13.74,948103.0
2023-11-16,13.52,13.84,13.4,13.8,674262.0
2023-11-17,13.82,14.14,13.77,13.81,846097.0
2023-11-20,13.51,14.05,13.51,13.92,803525.0
2023-11-21,13.7,13.925,13.65,13.87,651909.0
2023-11-22,13.91,14.19,13.88,13.91,780161.0
2023-11-24,14.06,14.53,14.06,14.52,842739.0
2023-11-27,14.43,14.54,14.32,14.44,1677047.0
2023-11-28,14.41,14.53,14.09,14.38,650109.0
2023-11-29,14.53,14.67,14.46,14.51,908661.0
2023-11-30,14.48,14.9,14.44,14.88,894188.0
2023-12-01,14.68,14.975,14.37,14.8,756001.0
2023-12-04,14.76,14.96,14.61,14.68,639587.0
2023-12-05,14.61,14.72,14.47,14.55,615518.0
2023-12-06,14.65,14.7623,14.49,14.6,868107.0
2023-12-07,14.7,14.8,14.48,14.8,651721.0
2023-12-08,14.62,15.13,14.62,14.98,1074749.0
2023-12-11,15.07,15.95,15.015,15.74,1049953.0
2023-12-12,15.64,15.77,15.485,15.64,781191.0
2023-12-13,15.63,15.93,15.37,15.8,810895.0
2023-12-14,15.96,16.01,15.675,15.96,1104562.0
2023-12-15,15.93,15.935,14.97,14.99,2140215.0
2023-12-18,14.96,15.31,14.54,15.04,1171443.0
2023-12-19,15.03,15.24,14.98,15.18,1021519.0
2023-12-20,15.04,15.39,14.81,14.94,1341887.0
2023-12-21,15.0,15.05,14.72,14.84,660846.0
2023-12-22,14.93,15.005,14.84,14.93,752229.0
2023-12-26,14.93,15.21,14.85,15.1,820534.0
2023-12-27,15.1,15.34,14.94,15.06,517881.0
2023-12-28,15.08,15.08,14.77,15.01,635160.0
2023-12-29,15.03,15.1011,14.67,14.73,690844.0
2024-01-02,14.53,14.57,13.9,13.94,814361.0
2024-01-03,13.77,13.77,13.365,13.41,1223390.0
2024-01-04,13.41,13.44,12.92,12.94,1133685.0
2024-01-05,12.79,13.175,12.74,13.1,1085855.0
2024-01-08,13.06,13.37,12.99,13.24,1208042.0
2024-01-09,13.03,13.24,12.85,13.09,1064921.0
2024-01-10,13.33,13.465,12.86,13.38,920585.0
2024-01-11,13.37,13.71,13.22,13.59,840407.0
2024-01-12,13.77,13.8225,13.31,13.59,733351.0
2024-01-16,13.57,13.895,13.28,13.33,1339758.0
2024-01-17,13.07,13.435,12.85,13.42,932669.0
2024-01-18,13.55,13.69,13.2,13.38,619455.0
2024-01-19,13.38,13.48,13.03,13.48,1162315.0
2024-01-22,13.54,14.0637,13.53,13.85,588572.0
2024-01-23,13.93,14.235,13.855,14.0,528002.0
2024-01-24,14.2,14.31,14.04,14.23,788812.0
2024-01-25,14.35,14.56,14.0,14.15,669764.0
2024-01-26,13.58,14.5,13.5617,14.37,471661.0
2024-01-29,14.45,14.48,14.195,14.44,579982.0
2024-01-30,14.33,14.33,13.78,13.84,445357.0
2024-01-31,13.82,14.04,13.55,13.59,537188.0
2024-02-01,13.75,13.93,13.61,13.92,467686.0
2024-02-02,13.96,14.3,13.69,14.12,634982.0
2024-02-05,13.93,13.96,13.68,13.82,794976.0
2024-02-06,13.76,14.01,13.595,13.84,486727.0
2024-02-07,13.98,14.0105,13.68,13.94,383353.0
2024-02-08,14.0,14.53,13.985,14.27,736564.0
2024-02-09,14.34,14.605,14.2972,14.47,550287.0
2024-02-12,14.52,14.74,14.4,14.47,693638.0
2024-02-13,13.98,14.27,13.9,13.97,759725.0
2024-02-14,14.18,14.24,13.9,14.01,1104932.0
2024-02-15,11.91,12.07,10.71,10.88,7257643.0
2024-02-16,10.88,11.61,10.7,11.055,2283657.0
2024-02-20,10.87,11.05,10.68,10.79,2018520.0
2024-02-21,10.83,10.89,10.52,10.65,1029634.0
2024-02-22,10.64,10.79,10.385,10.47,1030102.0
2024-02-23,10.45,10.745,10.43,10.63,1041455.0
2024-02-26,10.63,11.005,10.53,10.82,1162867.0
2024-02-27,10.86,11.23,10.86,11.12,963687.0
2024-02-28,11.07,11.325,10.955,11.19,1055536.0
2024-02-29,11.4,11.65,11.24,11.3,1243225.0
2024-03-01,11.3,11.34,11.0,11.14,1104644.0
2024-03-04,11.11,11.16,10.81,10.93,844091.0
2024-03-05,10.8,11.0901,10.75,10.98,850793.0
2024-03-06,11.13,11.13,10.96,11.02,889121.0
2024-03-07,11.14,11.23,11.0,11.03,821506.0
2024-03-08,11.07,11.19,10.915,11.0,892050.0
2024-03-11,10.98,11.215,10.93,11.07,643370.0
2024-03-12,11.1,11.195,10.99,11.13,682096.0
2024-03-13,11.16,11.645,11.14,11.24,1485881.0
2024-03-14,11.24,11.28,10.925,10.95,880100.0
2024-03-15,10.83,11.12,10.83,10.98,1306912.0
2024-03-18,11.08,11.15,10.91,11.07,869517.0
2024-03-19,11.07,11.21,10.99,11.08,860891.0
2024-03-20,11.05,11.38,10.97,11.28,631839.0
2024-03-21,11.35,11.41,11.2,11.24,650161.0
2024-03-22,11.24,11.35,11.03,11.04,518406.0
2024-03-25,10.99,11.1,10.91,10.96,550523.0
2024-03-26,11.05,11.147,10.95,11.0,577287.0
2024-03-27,11.08,11.195,10.99,11.08,549455.0
2024-03-28,11.07,11.33,10.98,10.98,718559.0
2024-04-01,11.05,11.12,10.84,10.89,699556.0
2024-04-02,10.72,10.885,10.62,10.77,724741.0
2024-04-03,10.62,10.745,10.52,10.7,742290.0
2024-04-04,10.84,10.89,10.47,10.48,636749.0
2024-04-05,10.46,10.625,10.42,10.49,759781.0
2024-04-08,10.51,10.829,10.51,10.67,644525.0
2024-04-09,10.67,10.745,10.54,10.59,509551.0
2024-04-10,10.33,10.415,10.125,10.22,674075.0
2024-04-11,10.25,10.28,10.05,10.18,564343.0
2024-04-12,10.09,10.14,9.935,10.01,582934.0
2024-04-15,9.99,9.99,9.7,9.89,689612.0
2024-04-16,9.89,9.98,9.725,9.97,545522.0
2024-04-17,10.0,10.175,9.935,9.96,548773.0
2024-04-18,9.98,10.17,9.9,10.01,524601.0
2024-04-19,9.94,10.115,9.825,9.92,746791.0
2024-04-22,10.01,10.27,9.95,10.22,587114.0
2024-04-23,10.2,10.415,10.15,10.21,456112.0
2024-04-24,10.24,10.255,10.015,10.04,483686.0
2024-04-25,9.94,10.06,9.875,9.91,732403.0
2024-04-26,9.93,10.295,9.89,10.18,857720.0
2024-04-29,10.15,10.36,10.15,10.3,732867.0
2024-04-30,10.1,10.12,9.82,10.02,1376870.0
2024-05-01,10.03,10.275,9.94,10.06,855697.0
2024-05-02,10.16,10.17,9.87,9.89,1080385.0
2024-05-03,11.6,11.6,9.665,10.13,3323869.0
2024-05-06,10.15,10.2355,9.88,10.19,1531268.0
2024-05-07,10.17,10.22,9.91,10.08,999742.0
2024-05-08,9.98,10.07,9.92,10.07,649299.0
2024-05-09,9.99,10.21,9.98,10.14,626735.0
2024-05-10,10.13,10.15,9.765,9.87,766652.0
2024-05-13,9.92,10.03,9.72,9.74,608841.0
2024-05-14,9.89,9.98,9.805,9.82,510720.0
2024-05-15,9.94,10.005,9.87,9.93,471769.0
2024-05-16,9.86,9.985,9.8203,9.89,666805.0
2024-05-17,9.91,9.95,9.825,9.94,511607.0
2024-05-20,9.91,10.15,9.9,10.08,709787.0
2024-05-21,10.04,10.265,9.79,9.8,986293.0
2024-05-22,9.78,9.8,9.44,9.45,727006.0
2024-05-23,9.43,9.495,9.03,9.17,934717.0
2024-05-24,9.24,9.39,9.17,9.29,785766.0
2024-05-28,9.26,9.43,9.14,9.18,695294.0
2024-05-29,9.04,9.18,9.04,9.07,652236.0
2024-05-30,9.12,9.165,8.81,8.85,1040326.0
2024-05-31,8.92,8.945,8.775,8.84,986820.0
2024-06-03,8.77,8.86,8.34,8.37,936498.0
2024-06-04,8.32,8.32,8.035,8.11,1045476.0
2024-06-05,8.19,8.37,8.0901,8.31,2125749.0
2024-06-06,8.31,8.52,8.28,8.46,939943.0
2024-06-07,8.37,8.535,8.32,8.5,1093683.0
2024-06-10,8.49,8.775,8.44,8.75,830015.0
2024-06-11,8.67,9.0,8.67,8.73,1162165.0
2024-06-12,8.92,9.15,8.8108,8.85,1012229.0
2024-06-13,8.84,8.91,8.635,8.65,636055.0
2024-06-14,8.53,8.6,8.275,8.31,721169.0
2024-06-17,8.31,8.485,8.11,8.2,802493.0
2024-06-18,8.25,8.27,8.09,8.09,723101.0
2024-06-20,8.04,8.12,7.96,7.99,847547.0
2024-06-21,8.03,8.13,7.915,8.09,1156093.0
2024-06-24,8.1,8.23,7.98,7.99,1072544.0
2024-06-25,8.02,8.16,7.93,8.12,705489.0
2024-06-26,8.14,8.14,7.98,8.12,1021221.0
2024-06-27,8.12,8.495,8.12,8.45,793932.0
2024-06-28,8.49,8.675,8.48,8.63,2010856.0
2024-07-01,8.6,8.63,8.39,8.5,757361.0
2024-07-02,8.52,8.59,8.4,8.58,641418.0
2024-07-03,8.57,8.735,8.47,8.64,429957.0
2024-07-05,8.65,8.68,8.25,8.3,838344.0
2024-07-08,8.37,8.635,8.35,8.55,900955.0
2024-07-09,8.53,8.58,8.11,8.2,609884.0
2024-07-10,8.27,8.27,8.07,8.12,644386.0
2024-07-11,8.32,8.41,8.13,8.28,969681.0
2024-07-12,8.35,8.47,8.25,8.32,904945.0
2024-07-15,8.44,8.54,8.31,8.48,678256.0
2024-07-16,8.52,8.92,8.52,8.88,890356.0
2024-07-17,8.77,8.94,8.615,8.69,759038.0
2024-07-18,8.74,8.82,8.5,8.57,858243.0
2024-07-19,8.6,8.7,8.48,8.55,624533.0
2024-07-22,8.56,8.73,8.4305,8.71,620956.0
2024-07-23,8.7,8.935,8.65,8.67,720714.0
2024-07-24,8.74,8.77,8.401,8.46,702769.0
2024-07-25,8.45,8.73,8.425,8.52,751658.0
2024-07-26,8.92,9.48,8.81,8.99,1521521.0
2024-07-29,9.05,9.13,8.88,8.92,894554.0
2024-07-30,9.0,9.24,8.975,9.14,908217.0
2024-07-31,9.12,9.53,9.0,9.24,1988561.0
2024-08-01,7.09,8.05,6.92,7.52,4916275.0
2024-08-02,7.2,7.565,7.12,7.41,1522729.0
2024-08-05,6.8,7.115,6.67,7.11,1629415.0
2024-08-06,7.15,7.28,6.97,7.09,1002238.0
2024-08-07,7.19,7.465,7.02,7.04,939081.0
2024-08-08,7.24,7.29,7.07,7.22,1603944.0
2024-08-09,7.28,7.355,7.05,7.2,942157.0
2024-08-12,7.15,7.3,6.98,6.99,965195.0
2024-08-13,6.97,7.19,6.945,7.11,1215333.0
2024-08-14,7.12,7.22,7.065,7.12,1695453.0
2024-08-15,7.31,7.56,7.25,7.51,1200254.0
2024-08-16,7.4,7.7,7.4,7.7,1023073.0
2024-08-19,7.63,7.78,7.58,7.77,1133903.0
2024-08-20,7.78,7.87,7.56,7.85,803085.0
2024-08-21,7.93,8.328,7.93,8.24,966863.0
2024-08-22,8.22,8.31,7.91,7.97,858511.0
2024-08-23,7.95,8.21,7.94,8.14,770861.0
2024-08-26,8.14,8.275,8.08,8.18,916841.0
2024-08-27,8.12,8.16,8.05,8.06,823910.0
2024-08-28,8.0,8.11,7.88,7.99,682436.0
2024-08-29,7.99,8.365,7.99,8.24,911846.0
2024-08-30,8.28,8.49,8.22,8.47,737006.0
2024-09-03,8.37,8.51,8.04,8.09,796440.0
2024-09-04,8.05,8.33,8.03,8.1,561205.0
2024-09-05,8.12,8.225,8.065,8.14,637912.0
2024-09-06,8.12,8.18,7.74,7.77,1042946.0
2024-09-09,7.8,8.025,7.66,7.68,674215.0
2024-09-10,7.7,7.81,7.58,7.74,489998.0
2024-09-11,7.68,7.82,7.595,7.74,515546.0
2024-09-12,7.79,7.95,7.72,7.87,496163.0
2024-09-13,7.94,8.175,7.915,8.07,558741.0
2024-09-16,8.07,8.12,7.93,8.07,464687.0
2024-09-17,8.16,8.26,8.01,8.04,714894.0
2024-09-18,8.02,8.195,7.915,7.94,825254.0
2024-09-19,8.2,8.35,8.08,8.31,847711.0
2024-09-20,8.31,8.34,8.17,8.28,1112928.0
2024-09-23,8.3,8.32,7.985,8.07,623461.0
2024-09-24,8.16,8.225,8.05,8.07,623013.0
2024-09-25,8.07,8.12,8.0,8.03,458725.0
2024-09-26,8.21,8.3,8.075,8.13,814050.0
2024-09-27,7.68,7.97,7.5253,7.65,1168772.0
2024-09-30,7.51,7.82,7.44,7.44,1093485.0
2024-10-01,7.47,7.55,7.32,7.33,734720.0
2024-10-02,7.31,7.485,7.265,7.33,502845.0
2024-10-03,7.27,7.365,7.165,7.17,588030.0
2024-10-04,7.33,7.43,7.2,7.38,665625.0
2024-10-07,7.33,7.395,7.2,7.31,582518.0
2024-10-08,7.34,7.45,7.3,7.35,461119.0
2024-10-09,7.37,7.49,7.34,7.42,561831.0
2024-10-10,7.36,7.64,7.29,7.62,551383.0
2024-10-11,7.59,8.055,7.55,7.86,598418.0
2024-10-14,7.9,8.05,7.83,7.95,1152546.0
2024-10-15,7.95,8.075,7.86,8.01,1209455.0
2024-10-16,8.11,8.265,8.065,8.19,669877.0
2024-10-17,8.18,8.41,7.96,8.0,1100001.0
2024-10-18,8.05,8.385,7.92,8.32,574490.0
2024-10-21,8.27,8.32,8.19,8.31,453935.0
2024-10-22,8.31,8.36,8.135,8.29,454257.0
2024-10-23,8.24,8.31,8.065,8.2,400276.0
2024-10-24,8.3,8.305,8.13,8.18,378212.0
2024-10-25,8.0,8.035,7.77,7.99,646003.0
2024-10-28,8.11,8.29,8.04,8.26,687648.0
2024-10-29,8.25,8.525,8.121,8.46,845847.0
2024-10-30,8.95,8.97,7.91,8.17,1574573.0
2024-10-31,8.17,8.25,7.81,7.84,966282.0
2024-11-01,7.85,8.13,7.845,8.04,988594.0
2024-11-04,8.0,8.205,7.81,7.84,805688.0
2024-11-05,7.86,8.54,7.77,8.54,912103.0
2024-11-06,8.8,9.03,8.605,8.73,1309347.0
2024-11-07,8.67,8.96,8.61,8.89,589968.0
2024-11-08,8.73,8.83,8.63,8.65,587632.0
2024-11-11,8.71,8.77,8.59,8.64,814206.0
2024-11-12,8.54,8.63,8.4,8.45,577811.0
2024-11-13,8.46,8.58,8.38,8.43,763322.0
2024-11-14,8.45,8.49,8.13,8.15,508863.0
2024-11-15,8.16,8.21,7.945,7.96,540828.0
2024-11-18,7.92,8.03,7.555,7.66,610754.0
2024-11-19,7.54,7.815,7.515,7.55,637666.0
2024-11-20,7.52,7.61,7.4,7.55,577583.0
2024-11-21,7.502,7.57,7.37,7.55,836472.0
2024-11-22,7.58,7.825,7.58,7.68,652885.0
2024-11-25,7.81,8.16,7.73,8.1,833586.0
2024-11-26,8.05,8.17,7.9307,7.95,921366.0
2024-11-27,8.0,8.155,7.9,8.05,875510.0
2024-11-29,8.09,8.09,7.91,7.96,389659.0
2024-12-02,8.0,8.635,8.0,8.61,1443105.0
2024-12-03,8.55,8.58,8.44,8.45,1070665.0
2024-12-04,8.5,8.86,8.46,8.54,784225.0
2024-12-05,8.6,8.715,8.375,8.58,554368.0
2024-12-06,8.65,8.785,8.35,8.4,559748.0
2024-12-09,8.41,8.68,8.281,8.32,633911.0
2024-12-10,8.23,8.59,8.2,8.5,683857.0
2024-12-11,8.63,8.63,8.295,8.38,401295.0
2024-12-12,8.31,8.42,8.26,8.29,354014.0
2024-12-13,8.21,8.2675,7.83,7.94,501301.0
2024-12-16,7.95,8.285,7.865,8.27,660314.0
2024-12-17,8.25,8.38,8.16,8.22,642189.0
2024-12-18,8.26,8.35,7.755,7.85,748421.0
2024-12-19,7.94,7.99,7.68,7.76,836415.0
2024-12-20,7.62,7.95,7.54,7.9,1617248.0
2024-12-23,7.87,8.015,7.76,7.97,561592.0
2024-12-24,8.01,8.01,7.88,7.98,188708.0
2024-12-26,7.94,8.22,7.92,8.13,474156.0
2024-12-27,7.98,8.14,7.855,8.06,497661.0
2024-12-30,8.01,8.125,7.8049,8.06,464383.0
2024-12-31,8.1,8.29,8.1,8.23,475623.0
2025-01-02,8.3,8.41,8.14,8.24,537184.0
2025-01-03,8.27,8.52,8.22,8.48,627120.0
2025-01-06,8.54,8.82,8.51,8.61,832917.0
2025-01-07,8.71,8.84,8.5,8.58,553104.0
2025-01-08,8.45,8.7,8.4,8.66,856357.0
2025-01-10,8.47,8.52,8.17,8.25,504916.0
2025-01-13,8.1,8.26,8.07,8.26,334465.0
2025-01-14,8.32,8.34,8.155,8.33,368015.0
2025-01-15,8.58,8.62,8.46,8.55,532060.0
2025-01-16,8.6,8.62,8.49,8.55,468403.0
2025-01-17,8.71,8.71,8.28,8.45,526189.0
2025-01-21,7.91,7.94,7.48,7.82,1927929.0
2025-01-22,7.82,7.845,7.395,7.44,1145200.0
2025-01-23,7.32,7.5,7.125,7.49,1264875.0
2025-01-24,7.49,7.611,7.39,7.54,959514.0
2025-01-27,7.51,7.7873,7.425,7.6,1050121.0
2025-01-28,7.6,7.88,7.5052,7.8,593388.0
2025-01-29,7.77,7.8399,7.55,7.7,867470.0
2025-01-30,7.71,7.785,7.57,7.58,471012.0
2025-01-31,7.64,7.675,7.45,7.48,726274.0
2025-02-03,7.23,7.395,7.21,7.32,693342.0
2025-02-04,7.29,7.59,7.2388,7.56,892052.0
2025-02-05,7.55,7.625,7.47,7.55,558740.0
2025-02-06,7.61,7.63,7.48,7.54,378918.0
2025-02-07,7.51,7.695,7.43,7.6,592405.0
2025-02-10,7.71,7.895,7.63,7.87,594841.0
2025-02-11,7.78,7.855,7.665,7.7,407604.0
2025-02-12,7.56,7.805,7.51,7.72,529228.0
2025-02-13,7.79,7.915,7.66,7.82,1057907.0
2025-02-14,8.45,10.61,8.2,10.01,7022015.0
2025-02-18,10.01,10.04,9.17,9.95,2711947.0
2025-02-19,9.57,10.12,9.57,10.1,2518217.0
2025-02-20,9.8,10.01,9.55,9.8,1885627.0
2025-02-21,9.8,9.96,9.585,9.78,1785234.0
2025-02-24,9.8,9.84,9.43,9.69,1931362.0
2025-02-25,9.73,10.025,9.47,9.9,2109978.0
2025-02-26,9.91,10.26,9.71,9.75,1900050.0
2025-02-27,9.74,9.79,9.58,9.6,933873.0
2025-02-28,9.55,9.65,9.36,9.64,1305758.0
2025-03-03,9.64,9.74,9.355,9.46,1273541.0
2025-03-04,9.36,9.645,9.11,9.58,1321035.0
2025-03-05,9.58,9.675,9.465,9.62,1199827.0
2025-03-06,9.47,9.65,9.265,9.36,1246922.0
2025-03-07,9.4,9.4,9.03,9.17,1199312.0
2025-03-10,8.98,9.24,8.679,9.08,1818547.0
2025-03-11,9.08,9.3,9.035,9.16,1139839.0
2025-03-12,9.11,9.25,7.675,8.03,2726543.0
2025-03-13,8.04,8.11,7.61,7.91,2824578.0
2025-03-14,7.97,8.22,7.91,8.2,1452575.0
2025-03-17,8.2,8.505,8.17,8.39,1301818.0
2025-03-18,8.36,8.5,8.25,8.42,957353.0
2025-03-19,8.42,8.695,8.31,8.56,667807.0
2025-03-20,8.51,8.7,8.43,8.51,636070.0
2025-03-21,8.36,8.52,8.27,8.51,945586.0
2025-03-24,8.59,8.865,8.54,8.82,796261.0
2025-03-25,8.89,8.92,8.665,8.7,766691.0
2025-03-26,8.72,8.72,8.4,8.53,666031.0
2025-03-27,8.45,8.46,8.115,8.27,3538121.0
2025-03-28,8.25,8.38,7.935,8.02,853254.0
2025-03-31,7.89,7.95,7.695,7.76,1791033.0
2025-04-01,7.73,8.305,7.67,7.87,788185.0
2025-04-02,7.73,8.005,7.69,7.9,657047.0
2025-04-03,7.37,7.6,7.15,7.2,1020811.0
2025-04-04,6.95,7.02,6.441,6.65,1637797.0
2025-04-07,6.23,6.62,5.84,6.04,2415041.0
2025-04-08,6.21,6.3301,5.6801,5.78,1796832.0
2025-04-09,5.74,6.94,5.74,6.8,2240489.0
2025-04-10,6.61,6.64,6.172,6.3,962673.0
2025-04-11,6.3,6.355,5.97,6.1,812079.0
2025-04-14,6.27,6.325,6.02,6.12,1050647.0
2025-04-15,6.1774,6.295,6.06,6.21,771450.0
2025-04-16,6.16,6.185,5.99,6.11,1267446.0
2025-04-17,6.08,6.18,5.96,6.12,968013.0
2025-04-21,6.05,6.14,5.87,6.01,816667.0
2025-04-22,6.1,6.25,5.985,6.22,935822.0
2025-04-23,6.45,6.66,6.42,6.64,971391.0
2025-04-24,6.64,6.77,6.56,6.76,2332175.0
2025-04-25,6.76,6.96,6.7,6.96,1370487.0
2025-04-28,6.95,6.99,6.76,6.95,816961.0
2025-04-29,6.95,7.06,6.845,6.91,1090012.0
2025-04-30,6.77,6.94,6.653,6.87,1282292.0
2025-05-01,6.2,6.74,6.1,6.42,1439755.0
2025-05-02,6.49,6.655,6.38,6.49,975993.0
2025-05-05,6.39,6.505,6.3,6.31,956199.0
2025-05-06,6.22,6.49,6.21,6.48,976073.0
2025-05-07,6.57,6.605,6.43,6.51,1351360.0
2025-05-08,6.61,6.825,6.532,6.765,607573.0
2025-05-09,6.78,6.91,6.71,6.77,563054.0
2025-05-12,7.09,7.27,6.94,7.2,1220550.0
2025-05-13,7.25,7.29,7.08,7.14,1054947.0
2025-05-14,7.13,7.29,7.03,7.04,889933.0
2025-05-15,7.05,7.17,6.94,7.12,796147.0
2025-05-16,7.07,7.16,7.02,7.07,737376.0
2025-05-19,6.9,7.1,6.72,6.98,775794.0
2025-05-20,7.01,7.04,6.95,6.99,546323.0
2025-05-21,6.86,6.96,6.745,6.77,813456.0
2025-05-22,6.76,6.92,6.7,6.83,595666.0
2025-05-23,6.86,6.95,6.76,6.87,870222.0
2025-05-27,6.99,7.395,6.84,7.36,1072228.0
2025-05-28,7.35,7.5,7.17,7.37,843448.0
2025-05-29,7.41,7.43,7.28,7.29,698467.0
2025-05-30,7.24,7.395,7.215,7.32,989718.0
2025-06-02,7.29,7.595,7.22,7.54,1116000.0
2025-06-03,7.48,7.8,7.41,7.69,1203805.0
2025-06-04,7.69,7.98,7.68,7.69,1512600.0
2025-06-05,7.8,7.8899,7.49,7.55,887933.0
2025-06-06,7.63,7.65,7.455,7.6,888528.0
2025-06-09,7.7,7.79,7.5,7.51,662178.0
2025-06-10,7.54,7.605,7.41,7.49,874678.0
2025-06-11,7.49,7.53,7.32,7.34,1342933.0
2025-06-12,7.27,7.34,7.13,7.15,1673530.0
2025-06-13,6.99,7.085,6.845,6.9,1466460.0
2025-06-16,7.0,7.095,6.81,7.03,1016432.0
2025-06-17,6.99,7.09,6.91,6.915,766410.0
2025-06-18,6.97,6.97,6.84,6.89,1087596.0
2025-06-20,6.91,6.97,6.855,6.94,1165977.0
2025-06-23,6.91,7.03,6.71,6.74,1400455.0
2025-06-24,6.86,7.115,6.805,7.06,1540236.0
2025-06-25,7.06,7.07,6.91,6.93,906297.0
2025-06-26,6.94,7.045,6.76,7.02,1448909.0
2025-06-27,7.02,7.21,6.93,7.03,2367516.0
2025-06-30,7.07,7.165,7.0,7.03,1087884.0
2025-07-01,6.99,7.185,6.91,7.11,1178685.0
2025-07-02,7.1,7.155,6.95,6.97,1230146.0
2025-07-03,6.96,7.01,6.925,6.99,676797.0
2025-07-07,6.94,6.995,6.81,6.86,1253387.0
2025-07-08,6.87,6.96,6.7839,6.88,1472995.0
2025-07-09,6.93,6.99,6.86,6.99,734759.0
2025-07-10,6.98,6.9999,6.785,6.83,1085581.0
2025-07-11,6.77,6.785,6.5111,6.54,844303.0
2025-07-14,6.52,6.735,6.49,6.72,1108087.0
2025-07-15,6.76,6.95,6.735,6.85,1225138.0
2025-07-16,6.86,6.99,6.815,6.94,1507220.0
2025-07-17,6.93,7.11,6.89,7.01,1222864.0
2025-07-18,7.08,7.08,6.96,6.99,933804.0
2025-07-21,7.03,7.275,7.01,7.25,831210.0
2025-07-22,7.27,7.34,7.0011,7.03,1296267.0
2025-07-23,7.08,7.17,6.8,7.165,1195077.0
2025-07-24,7.14,7.165,6.93,6.98,836823.0
2025-07-25,7.39,7.7099,7.31,7.45,3354181.0
2025-07-28,7.67,7.9,7.29,7.4,3428737.0
2025-07-29,7.44,7.44,7.07,7.125,1355907.0
2025-07-30,7.21,7.27,6.94,6.99,1615518.0
2025-07-31,7.94,8.09,7.235,7.61,3226025.0
2025-08-01,7.5,7.6,7.15,7.27,2627730.0
2025-08-04,7.36,7.51,7.3,7.43,1903716.0
2025-08-05,7.5,7.505,7.2,7.31,1927979.0
2025-08-06,7.35,7.57,7.34,7.55,2133359.0
2025-08-07,7.6,7.64,7.0,7.14,1791889.0
2025-08-08,7.19,7.2,6.98,7.0,1349958.0
2025-08-11,6.98,7.04,6.615,6.65,1853190.0
2025-08-12,6.65,7.005,6.65,6.86,1954794.0
2025-08-13,6.88,7.07,6.84,7.05,1371651.0
2025-08-14,6.91,6.95,6.7,6.83,1445939.0
2025-08-15,6.89,6.97,6.79,6.79,972070.0
2025-08-18,6.79,7.075,6.72,6.96,1460173.0
2025-08-19,6.97,7.01,6.705,6.9,1906298.0
2025-08-20,6.74,6.88,6.655,6.71,1334271.0
2025-08-21,6.64,6.865,6.6,6.78,1523242.0
2025-08-22,6.8,7.095,6.7,7.05,1333921.0
2025-08-25,7.04,7.1,6.935,7.03,1096577.0
2025-08-26,7.01,7.1,6.845,6.87,1320465.0
2025-08-27,6.87,6.98,6.74,6.96,1372657.0
2025-08-28,6.94,7.07,6.925,6.96,1205705.0
2025-08-29,6.94,6.9552,6.81,6.86,2317797.0
2025-09-02,6.83,6.91,6.615,6.76,2034659.0
2025-09-03,6.72,6.78,6.65,6.72,2102680.0
2025-09-04,6.75,6.75,6.52,6.71,1640390.0
2025-09-05,6.74,6.86,6.595,6.68,1503757.0
2025-09-08,6.75,6.825,6.65,6.79,1225181.0
2025-09-09,6.79,6.96,6.735,6.87,1664329.0
2025-09-10,6.87,6.93,6.65,6.67,3408901.0
2025-09-11,6.91,7.41,6.85,7.4,2626179.0
2025-09-12,7.37,7.39,7.13,7.17,1463764.0
2025-09-15,7.19,7.23,6.97,7.0,1936372.0
2025-09-16,6.97,7.145,6.93,7.13,1491824.0
2025-09-17,7.13,7.39,7.13,7.18,1502684.0
2025-09-18,7.26,7.465,7.235,7.44,1471770.0
2025-09-19,7.51,7.51,7.21,7.25,2103271.0
2025-09-22,7.24,7.37,7.15,7.3,1566466.0
2025-09-23,7.29,7.34,7.03,7.08,1844688.0
2025-09-24,7.12,7.22,6.995,7.01,1098268.0
2025-09-25,6.94,6.97,6.875,6.96,1474000.0
2025-09-26,6.96,7.07,6.935,7.04,1099953.0
2025-09-29,7.11,7.205,7.05,7.12,1213143.0
2025-09-30,7.13,7.175,6.87,7.01,1683723.0
2025-10-01,6.96,7.075,6.845,6.85,1410854.0
2025-10-02,6.83,6.935,6.73,6.84,1982760.0
2025-10-03,6.86,6.96,6.73,6.76,2737980.0
2025-10-06,6.8,6.98,6.72,6.865,2831462.0
2025-10-07,6.88,6.88,6.36,6.47,3654903.0
2025-10-08,6.51,6.655,6.46,6.63,2903456.0
2025-10-09,6.6,6.745,6.55,6.7,2264928.0
2025-10-10,6.71,6.735,6.375,6.4,2693906.0
2025-10-13,6.5,6.555,6.38,6.41,2432627.0
2025-10-14,6.33,6.515,6.26,6.5,1740409.0
2025-10-15,6.55,6.78,6.52,6.69,1727021.0
2025-10-16,6.66,6.72,6.51,6.61,1338704.0
2025-10-17,6.55,6.615,6.5,6.6,1693804.0
2025-10-20,6.65,7.14,6.65,7.08,1814281.0
2025-10-21,7.0,7.21,6.98,7.18,1569090.0
2025-10-22,7.13,7.15,6.95,7.0,1392822.0
2025-10-23,6.99,7.12,6.95,7.04,1647874.0
2025-10-24,7.09,7.15,6.8,6.81,1625963.0
2025-10-27,6.92,7.01,6.86,6.92,1532708.0
2025-10-28,6.89,6.92,6.775,6.85,1448038.0
2025-10-29,6.76,6.775,6.35,6.38,3812103.0
2025-10-30,6.21,6.31,5.6,5.63,5290572.0
2025-10-31,5.71,5.81,5.59,5.695,3458107.0
2025-11-03,5.7,5.86,5.53,5.54,2907392.0
2025-11-04,5.402,5.53,5.33,5.33,2254490.0
2025-11-05,5.36,5.46,5.305,5.32,2238942.0
2025-11-06,5.26,5.28,5.095,5.19,2443346.0
2025-11-07,5.13,5.215,5.0418,5.15,2334840.0
2025-11-10,5.21,5.2985,5.13,5.26,1740290.0
2025-11-11,5.28,5.375,5.24,5.26,1644420.0
2025-11-12,5.28,5.375,5.26,5.31,1566708.0
2025-11-13,5.28,5.39,5.18,5.21,1433592.0
2025-11-14,5.11,5.255,5.11,5.18,1543001.0
2025-11-17,5.21,5.21,4.89,4.92,2595269.0
2025-11-18,4.88,5.035,4.86,4.97,1922192.0
2025-11-19,4.97,5.04,4.91,4.91,1432497.0
2025-11-20,4.93,5.07,4.93,4.93,1673557.0
2025-11-21,4.9,5.125,4.875,5.05,2034671.0
2025-11-24,5.05,5.1,4.965,5.01,2287842.0
2025-11-25,5.01,5.085,5.01,5.06,2108356.0
2025-11-26,5.04,5.065,4.955,4.97,1396028.0
2025-11-28,4.95,5.08,4.94,5.08,896414.0
