date,close,YesterdayClose,YesterdayOpenLogR,YesterdayHighLogR,YesterdayLowLogR,YesterdayVolumeLogR,YesterdayCloseLogR,MA10,MA20,MA30,DayOfWeek,DayOfMonth,MonthNumber,EMA10,EMA30,RSI,MACD,MACD_Signal,BollingerUpper,BollingerLower,Volatility_10,Volatility_20,Volatility_30,OBV,ZScore,insider_shares,insider_amount,insider_buy_flag,sentiment,num_articles,overnight_gap,abnormal_vol,volatility_5d,volatility_20d,momentum_5d,momentum_20d,skew_5d,intraday_range,sentiment_change
1999-12-14,16.0,15.97,0.011991308090426957,0.0,0.011450506787995285,-0.09680174358002248,0.0018767600128601842,16.269,16.419500000000003,16.605333333333334,1,14,12,16.17403420986375,16.41034897839666,36.59574468085109,-0.17080763002849508,-0.10304641544045892,17.143799298414816,15.695200701585188,0.014587195772767785,0.016837085506101197,0.020076925961385148,-4762066.0,-1.1583609176982812,0,0,-1,0,0,-0.001878522229179783,0.04974702524456092,0.19217811839607124,0.26728044631364317,-0.019006744328632696,-0.030303030303030276,-0.9383630453281481,0.02375000000000005,0.0
1999-12-15,16.0,16.0,0.0,-0.00806205917092827,-0.007619084476439517,0.009638543926363576,0.0,16.219,16.357000000000003,16.574,2,15,12,16.142391626252156,16.383874850758165,43.654822335025386,-0.1754965892885103,-0.1175364502100692,16.989458860738228,15.724541139261776,0.013837893270466795,0.012751161615215053,0.018974981398468777,-4762066.0,-1.128927182973769,0,0,-1,0,0,-0.003750000000000031,0.054383153301694485,0.19405535114473418,0.20241841536631025,-0.01538461538461533,-0.07246376811594202,-1.2005461015441574,0.02312499999999995,0.0
1999-12-16,15.63,16.0,0.0,-0.0037429862788342805,-0.008320047994695606,-0.05927607453408401,-0.023396577806395945,16.122,16.288500000000003,16.532333333333334,3,16,12,16.049229512388127,16.33523776361248,36.75213675213677,-0.20668598370261293,-0.13536635690857796,16.924483283461196,15.652516716538807,0.014764745243254,0.013272017043699161,0.01937225018174119,-6589533.0,-2.070809145851334,0,0,-1,0,0,-0.003750000000000031,-0.1824600303273609,0.1963375948866604,0.2106867389630319,-0.015743073047858935,-0.08058823529411763,-1.223592801999272,0.028150991682661514,0.0
1999-12-17,15.63,15.63,-0.0044011388237513395,0.0,0.004488625683139659,0.5282776893478792,0.0,16.029,16.238500000000002,16.490666666666666,4,17,12,15.973005964681194,16.289738553056836,33.03167420814485,-0.22876672310166413,-0.1540464301471952,16.917237993011938,15.559762006988066,0.014847540439358594,0.012624550042785234,0.01937225018174119,-6589533.0,-1.793033560121633,0,0,-1,0,0,0.015355086372360743,2.073767046601114,0.1969900331219734,0.2004085189637974,-0.011385199240986688,-0.0601322910402885,-1.560427760649173,0.02367242482405625,0.0
1999-12-20,15.44,15.63,-0.015238390104932385,-0.011946071018400556,-0.016124180355887325,-0.5389872824011127,-0.012230599836755247,15.892,16.1855,16.424,0,20,12,15.876095789284612,16.23491671092414,31.33047210300434,-0.258616114675263,-0.17496036705280876,16.939617818520755,15.431382181479249,0.012999885778733093,0.012748010479647695,0.018238018887701105,-8397533.0,-1.9771446362647795,0,0,-1,0,0,0.0,-0.2827117072367688,0.17077438678188334,0.2023683926399582,-0.03318722604884161,-0.06424242424242432,-1.1338064698661565,0.027849740932642468,0.0
1999-12-21,16.0,15.44,-0.016124180355887325,0.0156890572972348,-0.0045617544079055074,0.5523412891454005,0.03562717764315125,15.861,16.160500000000003,16.376,1,21,12,15.898623827596499,16.219760794090323,40.74074074074075,-0.23438283326226816,-0.18684486029470065,16.903792108053565,15.41720789194644,0.017073132894220255,0.015512637139468799,0.019652151804683212,-5256466.0,-0.43186251612518595,0,0,-1,0,0,-0.0038860103626942176,1.8478639395190137,0.35477064246816714,0.246255480298913,0.0,-0.030303030303030276,1.2081126339922508,0.04687499999999989,0.0
1999-12-22,15.81,16.0,0.03199249174149175,0.01544670811430695,0.02068593476379298,-0.4825964880390148,-0.011946071018400556,15.816999999999998,16.119500000000002,16.34466666666667,2,22,12,15.882510404397134,16.193324613826434,35.84229390681003,-0.22788230983884006,-0.19505235020352854,16.843973674651558,15.395026325348447,0.01736823305481115,0.015518078040878585,0.018475204376794587,-7195066.0,-0.8544133785091897,0,0,-1,0,0,-0.007499999999999951,-0.16360370511842492,0.3650549972529881,0.2463418519311429,-0.011874999999999969,-0.04930847865303656,1.5672525581972985,0.043010752688171915,0.0
1999-12-23,16.13,15.81,0.011271252699625752,-0.007384648943378618,0.019639528928683626,-0.3098546160682898,0.02003824091573665,15.842000000000002,16.1135,16.311333333333334,3,23,12,15.927508512688565,16.18923915486989,42.99674267100977,-0.19466529222973072,-0.19497493860876897,16.83540610265643,15.391593897343565,0.01714436288568615,0.015522247172054263,0.01836868430283437,-5772999.0,0.045712316156588106,0,0,-1,0,0,0.01581277672359255,-0.9767225759570066,0.3370256790633572,0.2464080348367872,0.03198976327575154,-0.007384615384615434,0.697852834812239,0.015499070055796763,0.0
1999-12-27,16.13,16.13,0.0080620591709284,0.011667310735379448,0.007500035156546583,0.005609849313014029,0.0,15.874,16.107499999999998,16.290666666666667,0,27,12,15.964325146745189,16.185417273910545,37.94326241134751,-0.16642215544504602,-0.1892643819760244,16.826618612571902,15.388381387428096,0.017026287521417025,0.015522247172054263,0.017963570489510593,-5772999.0,0.06257660309898082,0,0,-1,0,0,0.0037197768133913375,-1.1500504424221079,0.3370256790633572,0.2464080348367872,0.03198976327575154,-0.007384615384615434,0.697852834812239,0.019838809671419735,0.0
1999-12-28,16.19,16.13,-0.01180504544976259,-0.011667310735379448,-0.011271252699625771,-0.16127743042106324,0.003712875552426489,15.896,16.098,16.261666666666667,1,28,12,16.005356938246063,16.18571293365825,47.4789915966387,-0.13761146815852499,-0.17893379921252453,16.806908723988734,15.389091276011262,0.016811719427495514,0.015431666564896671,0.01760628914311102,-4555932.0,0.2595538660671472,0,0,-1,0,0,-0.008059516429014198,-1.4037521292846677,0.29829327526436594,0.24497011227592186,0.04857512953367893,-0.011599511599511447,0.5577427159929786,0.019147621988882056,0.0
1999-12-29,16.31,16.19,-0.003757048877712288,0.015323621938489995,0.003771217543079324,0.2528894722381248,0.00738464894337863,15.927000000000001,16.098,16.255333333333333,2,29,12,16.060746585837688,16.193731454067397,51.229508196721284,-0.10389812093223583,-0.1639266635564668,16.806908723988734,15.389091276011262,0.016916476792839624,0.015501149841924683,0.01665181942464599,-2988665.0,0.59810238702428,0,0,-1,0,0,-0.01544163063619529,-0.7669718019415417,0.18503070290029655,0.24607312510368543,0.01937499999999992,0.0,0.11111834662176698,0.03065603923973034,0.0
1999-12-30,16.5,16.31,0.015562094327474988,0.007272759329079657,0.015562094327474988,0.012554320536384281,0.011581964273612499,15.977,16.098000000000003,16.230333333333334,3,30,12,16.140610842958107,16.213490715095308,63.71681415929202,-0.061143810473662796,-0.143370092939906,16.806908723988737,15.389091276011266,0.017159098579963478,0.015501149841924683,0.014450407708906269,-1401598.0,1.134137545206412,0,0,-1,0,0,-0.007357449417535098,-0.7743258054799513,0.1239797837896202,0.24607312510368543,0.0436432637571158,0.0,0.7421440728232384,0.02242424242424227,0.0
1999-12-31,16.13,16.5,0.00738464894337863,-0.0036297680505786127,-0.003712875552426436,-0.3569269229180509,-0.02267948876941747,16.027,16.0745,16.201333333333334,4,31,12,16.138681598783904,16.208104217347223,56.24999999999997,-0.05646571754488505,-0.1259892178609018,16.743371004792852,15.405628995207149,0.017040605632713587,0.016218038160048815,0.014767670434342678,-2512265.0,0.16595128089664093,0,0,-1,0,0,-0.011515151515151593,-1.5192551476359526,0.21109238148070134,0.2574533743490683,0.0,-0.028313253012048345,-1.6635558139025572,0.02293862368257911,0.0
2000-01-03,15.87,16.13,-0.007384648943378618,-0.007299302481611608,-0.027657325392176264,0.676746621782936,-0.016250357598799784,16.051000000000002,16.04,16.176000000000002,0,3,1,16.089830399005013,16.1862910420345,48.120300751879675,-0.07289780180245131,-0.11537093464921172,16.67368595908132,15.406314040918682,0.01811425564291407,0.016553208935452195,0.014536589174570137,-4697465.0,-0.5365433699886816,0,0,-1,0,0,0.0037197768133913375,0.31671454691796636,0.2404163487060981,0.26277404545979244,-0.016119032858028515,-0.04166666666666663,-0.5507032504400318,0.04347826086956519,0.0
2000-01-04,15.44,15.87,-0.019333311870554166,-0.015380186287805816,-0.01606202214831108,0.3608155908080108,-0.02746898994168759,16.051000000000002,15.9715,16.140666666666668,1,4,1,15.971679417367737,16.138143232870988,40.849673202614376,-0.11924319201219902,-0.11614538612180919,16.548361745727846,15.394638254272158,0.019908514136749853,0.01694417432419769,0.015236728958847577,-7832132.0,-1.8427292290959314,0,0,-1,0,0,0.0006301197227474206,1.6821390459005616,0.28102524034624005,0.2689804285989181,-0.046324891908585686,-0.08149910767400348,0.4285929229252696,0.04468911917098443,0.0
2000-01-05,15.44,15.44,-0.028098911222359645,-0.03148874770373213,-0.0038935805191320986,-0.314582671445959,0.0,15.995,15.928,16.105333333333334,2,5,1,15.875010432391782,16.093101733976084,40.849673202614376,-0.15419478614220594,-0.12375526612588855,16.528126302495842,15.327873697504158,0.015394857988826834,0.015845068816960253,0.015236728958847577,-7832132.0,-1.6263243186325165,0,0,-1,0,0,0.0,0.40491255685175936,0.25714225805863516,0.2515326695782875,-0.05334150827713058,-0.05334150827713058,0.6390319770730787,0.016191709844559588,0.0
2000-01-06,15.31,15.44,-0.0038935805191320986,-0.008352120508184313,-0.012430647469816496,-0.20039885343952585,-0.008455334927037645,15.945000000000002,15.881,16.061333333333334,3,6,1,15.772281262866002,16.042579041461497,44.32624113475177,-0.19019167856722774,-0.1370425486141564,16.520865117365382,15.241134882634618,0.015222544033827029,0.01589714978352885,0.015159084768895315,-9705132.0,-1.7847511436506163,0,0,-1,0,0,-0.0038860103626942176,-0.2578406296448229,0.1722196229084214,0.25235942929176974,-0.07212121212121214,-0.05784615384615377,0.3960815938791419,0.020248203788373643,0.0
2000-01-07,15.88,15.31,0.0,0.03174869831458027,0.007868893061910864,0.569829637229422,0.03655424614939735,15.919999999999998,15.881,16.049,4,7,1,15.791866487799457,16.032090071044628,53.687315634218294,-0.17075686005615154,-0.14378541090255542,16.520865117365382,15.241134882634618,0.01867432345056317,0.017519849357989666,0.01632137242681521,-6393732.0,-0.003125658745445933,0,0,-1,0,0,0.004572175048987609,1.9257547442177867,0.3896121077153505,0.2781189864513317,-0.015499070055796538,0.0,1.349172543809187,0.043450881612090646,0.0
2000-01-10,16.06,15.88,0.03199249174149175,0.015504186535965254,0.03655424614939735,-0.4485053913750844,0.011271252699625752,15.913,15.8935,16.04266666666667,0,10,1,15.840618035472282,16.033890711622394,59.17159763313609,-0.13922522891435563,-0.14287337450491547,16.537280773408533,15.249719226591468,0.019108028836751077,0.017657642658314526,0.016467224885329017,-4279132.0,0.5172568267873427,0,0,-1,0,0,0.0,0.09637982236583109,0.379461471025644,0.2803063872812742,0.011972274732199084,0.015812776723592492,0.44500892842277406,0.023038605230386006,0.0
2000-01-11,16.56,16.06,0.03829992508754526,0.04512043528046964,0.03465693380904419,0.49897089865603445,0.030658440438497924,15.95,15.922999999999998,16.048666666666666,1,11,1,15.971414756295502,16.067833246356436,58.43373493975902,-0.07304830731990464,-0.1289083610679133,16.6322798423308,15.213720157669199,0.021554091589888153,0.018820017502136747,0.01738354465848588,-796332.0,1.7961880825675882,0,0,-1,0,0,0.027397260273972684,1.8714193916052684,0.3113412461118552,0.29875851588322105,0.07253886010362698,0.03694427050720095,0.1299607364359346,0.033816425120772875,0.0
2000-01-12,16.63,16.56,0.003629768050578731,-0.007083854888405044,0.0036429912785010087,-0.9825021035346209,0.004218144247722582,15.982,15.9545,16.05933333333333,2,12,1,16.09115752787814,16.10410206917215,62.81249999999999,-0.014783786898956208,-0.1060834462341219,16.73095550928221,15.178044490717786,0.021496409816641696,0.01882665888702801,0.017372162203930862,507535.0,1.739958032172273,0,0,-1,0,0,0.0,-1.0471470607940978,0.3004016302554516,0.2988639445999211,0.07707253886010368,0.03937499999999994,0.0372411269547717,0.022850270595309623,0.0
2000-01-13,16.06,16.63,-0.010929070532190206,-0.026412099539777075,-0.027028672387919374,0.3544174899047786,-0.03487658468622069,15.937999999999999,15.9575,16.044666666666664,3,13,1,16.085492522809385,16.10125677438685,48.985507246376805,-0.014436555379422344,-0.08775406806318199,16.735158428604045,15.179841571395956,0.024001581541027925,0.020512444443608065,0.018376919554014815,-1350932.0,0.2636118795342948,0,0,-1,0,0,-0.01503307276007216,-0.3017549401869138,0.447840829679987,0.3256249606788937,0.048987589810581156,0.00374999999999992,-1.0519480769238085,0.023661270236612863,0.0
2000-01-14,16.19,16.06,-0.007968169649176845,-0.003656311203110655,0.0,-0.26427082271418195,0.0080620591709284,15.943999999999999,15.985499999999998,16.031,4,14,1,16.104493882298588,16.10698214378125,50.83798882681567,-0.0036296183726136633,-0.07092917812506833,16.753778321279036,15.217221678720962,0.023101703634049585,0.019804767888223225,0.018406594466478,75935.0,0.5323591577061545,0,0,-1,0,0,0.011830635118306431,-0.8359445262832742,0.37831545974485575,0.314390943633579,0.01952141057934509,0.03582853486884208,-1.1185715003535275,0.01976528721432985,0.0
2000-01-18,15.75,16.19,-0.019261235413677538,-0.023472356185142044,-0.023308141773674372,0.5298554249239507,-0.02755340241790177,15.931999999999999,15.991499999999998,16.004,1,18,1,16.04004044915339,16.08395103773085,44.44444444444443,-0.030220996861608285,-0.06278754187237633,16.749899283810432,15.233100716189567,0.02422869431599842,0.020850177579580662,0.019032143349052236,-2347865.0,-0.6368676900289989,0,0,-1,0,0,-0.01544163063619529,0.5381548166600125,0.42752958222952964,0.33098630800263046,-0.019302615193026118,0.007677543186180413,0.04278458278981575,0.019682539682539715,0.0
2000-01-19,15.5,15.75,-0.024128154611823348,-0.019565155494840045,-0.019955602667443242,-0.23447076824891078,-0.01600034134644119,15.937999999999999,15.994499999999999,15.960333333333333,2,19,1,15.941851276580046,16.046276777232087,40.09779951100247,-0.07065331907536176,-0.06436069731297342,16.744137807281106,15.24486219271889,0.02309300460116503,0.020985877017906256,0.0189408383230276,-4265065.0,-1.3193037896354782,0,0,-1,0,0,-0.012063492063492031,-0.16415513998284165,0.2973714729022315,0.33314046980379447,-0.06400966183574874,0.0038860103626943143,0.12672104588637356,0.019999999999999917,0.0
2000-01-20,15.13,15.5,-0.011635554672747576,-0.01606202214831108,-0.021025741705750375,0.15456801694984998,-0.024160496124936322,15.907,15.950999999999999,15.921,3,20,1,15.794241953565493,15.987162146442921,33.95784543325529,-0.1310415678858483,-0.0776968714275484,16.794399137575514,15.107600862424484,0.024363865133713653,0.019854298569394052,0.018678359552468736,-6502732.0,-1.9468836602325525,0,0,-1,0,0,-0.007741935483870917,0.3605877113632036,0.25928342633347334,0.31517721882145283,-0.0901984365604328,-0.05437499999999995,1.384544676349147,0.025115664243225314,0.0
2000-01-21,15.31,15.13,0.0,-0.0038935805191320986,-0.00399202126953745,-0.05578011774286863,0.011826681869327723,15.907,15.925999999999998,15.889666666666667,4,21,1,15.70619796200813,15.94347426602725,39.95098039215688,-0.16250197287542179,-0.09465789171712308,16.81538535842987,15.036614641570123,0.024592788600330068,0.01998125201841179,0.018855265561912377,-4386465.0,-1.3852263119948085,0,0,-1,0,0,0.016523463317911432,0.1696041094778594,0.2891339588349631,0.31719254234655,-0.04669987546699861,-0.03162555344718532,0.416384262945658,0.02482037883736125,0.0
2000-01-24,15.13,15.31,-0.016388436277233367,0.0,0.008629326698054638,-0.03539738055477466,-0.011826681869327824,15.831999999999999,15.876,15.864666666666666,0,24,1,15.60143469618847,15.890992055315817,40.750000000000014,-0.1996575383473047,-0.11565782104315941,16.827373522307262,14.924626477692737,0.021034463618812612,0.01942938448618419,0.01853773537878547,-6429132.0,-1.5682589067452828,0,0,-1,0,0,-0.011757021554539497,0.016744457456964634,0.24440978988726644,0.30843191686499905,-0.06547251389746755,-0.061996280223186484,1.4031007942530773,0.016523463317911432,0.0
2000-01-25,15.38,15.13,0.016388436277233367,0.0038935805191320197,0.00789997525315593,0.2955976250967968,0.016388436277233367,15.764,15.8385,15.850333333333333,1,25,1,15.56117384233602,15.858024825940603,49.214659685863886,-0.20654970459054844,-0.13383619775263722,16.8066947390022,14.870305260997801,0.021530079461674123,0.01990973146517874,0.01881423665905454,-3683932.0,-0.9471235104469153,0,0,-1,0,0,0.016523463317911432,0.964707100070295,0.2826399110893465,0.3160571887616435,-0.023492063492063453,-0.046497210167389835,0.37061870697731847,0.012353706111833517,0.0
2000-01-26,15.56,15.38,0.007772059847702889,0.019878820675012027,0.016260520871780326,-0.21405991453225448,0.011635554672747541,15.663999999999998,15.806999999999999,15.836666666666666,2,26,1,15.56096041645674,15.838797417815405,51.500000000000014,-0.19523673279148746,-0.14611630476040727,16.76801043315436,14.845989566845637,0.018685145284449877,0.02011344119681623,0.018847965731104803,-1467732.0,-0.5140422860743777,0,0,-1,0,0,0.007802340702210612,0.1079973793261287,0.28124560986756425,0.3192909804989825,0.003870967741935516,-0.03891290920321189,-0.8106729384951409,0.016066838046272493,0.0
2000-01-27,16.0,15.56,0.01980262729617973,0.023840526865475296,0.012183542819740241,-0.06486947262611271,0.027885203489535642,15.600999999999999,15.7915,15.836666666666666,3,27,1,15.640785795282788,15.84919758440796,58.0046403712297,-0.1490486582162518,-0.14670277545157617,16.72803954309972,14.854960456900281,0.02149205686359758,0.021131281376561388,0.019574522472463562,609268.0,0.44525615930730816,0,0,-1,0,0,0.016066838046272493,-0.1531026356112269,0.23109077703223443,0.3354486924390724,0.057501652346331644,-0.019006744328632696,-0.985265321257378,0.02749999999999997,0.0
2000-01-28,15.69,16.0,-0.015939132471135157,-0.008092169897336143,-0.008320047994695606,-0.08798335531338755,-0.019565155494840045,15.563999999999998,15.751,15.826333333333332,4,28,1,15.649733832504097,15.838926772510673,47.65432098765431,-0.13589220482293207,-0.14454066132584736,16.62660866048466,14.875391339515339,0.019562458230551402,0.021311347935755034,0.019897786936864024,-1292799.0,-0.1393316506628331,0,0,-1,0,0,-0.02749999999999997,-0.4670161078826508,0.3169426287041017,0.33830716044946524,0.0248203788373611,-0.049090909090909074,-0.266982013372673,0.0280433397068196,0.0
2000-01-31,15.94,15.69,0.008320047994695514,0.0,0.004488625683139659,0.2301079562545447,0.015808106617127837,15.538999999999998,15.741499999999998,15.836666666666666,0,31,1,15.702509499321533,15.845447625897084,48.54368932038836,-0.1040927931350275,-0.13645108768768338,16.603816952353217,14.879183047646782,0.020166585212480517,0.021130022175773443,0.019639872305973805,1101401.0,0.4603875627361961,0,0,-1,0,0,0.0,0.25324726934427605,0.28350025319569,0.3354287032462588,0.053536021150032864,-0.011779293242405453,-1.543215786701142,0.023212045169385145,0.0
2000-02-01,15.69,15.94,0.012036889074048552,0.003742986278834297,-0.004488625683139711,0.4505894539753816,-0.015808106617127744,15.532999999999998,15.732499999999998,15.838666666666665,1,1,2,15.700235044899436,15.83541874680695,38.759689922480646,-0.09793550143499097,-0.1287479704371449,16.59292523146832,14.872074768531675,0.018814657658754154,0.021113177860581332,0.019870420201539105,-2655666.0,-0.09878836288301775,0,0,-1,0,0,-0.0037641154328731945,2.187001336413326,0.3296453286248687,0.3351613080322377,0.020156046814044037,-0.011342155009451793,-0.22420737782544617,0.0318674314850222,0.0
2000-02-02,16.0,15.69,-0.012036889074048538,0.0080620591709284,0.0,-0.434650413440535,0.01956515549484006,15.582999999999998,15.760499999999999,15.857333333333333,2,2,2,15.754737764008627,15.846036892174244,42.33576642335768,-0.06726599367644148,-0.11645157508500423,16.617286529944703,14.903713470055294,0.018895142599220493,0.020583110394877386,0.020033176593796897,-222999.0,0.5590657453857454,0,0,-1,0,0,0.0,0.2186164638003641,0.3458029309640158,0.3267467478782043,0.028277634961439535,0.0362694300518136,-0.42939949037656794,0.03937500000000005,0.0
2000-02-03,15.88,16.0,0.031370200944602696,0.0,0.020356937068744103,-0.28883387265919824,-0.0075282664207915245,15.658000000000001,15.782499999999999,15.853333333333332,3,3,2,15.77751271600706,15.848228060421068,47.540983606557404,-0.05204326259864622,-0.10356991258773264,16.627145674700003,14.937854325299993,0.01687695775219343,0.020689207414544095,0.018970404908346148,-2045399.0,0.23086603748875217,0,0,-1,0,0,0.01187500000000008,-0.7106934732151283,0.28754831485845816,0.3284309858515037,-0.007499999999999951,0.02849740932642497,0.3944105823274084,0.01952141057934512,0.0
2000-02-04,16.13,15.88,0.0,0.0036991410862025637,0.003771217543079324,0.0076528196821492945,0.015620436318127822,15.74,15.8235,15.863999999999999,4,4,2,15.841601313096685,15.866406895232613,49.206349206349174,-0.01958051588414733,-0.08677203324701559,16.651007990102915,14.995992009897083,0.017094586172280553,0.020778056382923363,0.019048096507384205,-208999.0,0.7407783457459566,0,0,-1,0,0,0.01952141057934512,-0.684345384954038,0.2553168341826726,0.32984141949896084,0.028043339706819603,0.053559764859568704,-0.7071089920825187,0.01921884686918788,0.0
2000-02-07,16.19,16.13,0.0036991410862025637,0.0036855078571759797,0.007500035156546583,-0.15469537181741247,0.003712875552426489,15.846,15.838999999999999,15.865999999999998,0,7,2,15.904946528897288,15.887283869733736,56.47058823529414,0.010862724600251283,-0.06724508167756221,16.682424098853165,14.995575901146832,0.01604056083167864,0.019143793049071444,0.018703687150616582,1364201.0,0.8323214868469375,0,0,-1,0,0,0.007439553626782456,-1.0126009566441854,0.23849407678289042,0.3038982933499798,0.015683814303638854,0.01952141057934509,-0.18012083151112313,0.015441630636195181,0.0
2000-02-08,16.19,16.19,-0.0036991410862026986,-0.0036855078571758943,-0.0037429862788342805,0.08143058412027018,0.0,15.927000000000001,15.845499999999998,15.867999999999999,1,8,2,15.956774432734143,15.906813942654141,60.95238095238098,0.0345904745569694,-0.04687797043065589,16.69804973616296,14.992950263837034,0.015789320655578254,0.01899333182094768,0.018703687150616582,1364201.0,0.8081639941629234,0,0,-1,0,0,0.0,-0.7460372688094303,0.17873138396300867,0.3015097954005428,0.03186743148502247,0.008094645080946705,0.09254444425223962,0.015441630636195181,0.0
2000-02-09,16.0,16.19,-0.00806205917092827,-0.0036991410862026986,0.0,0.2644052537503692,-0.01180504544976259,15.971,15.8175,15.861666666666668,2,9,2,15.96463362678248,15.912825946353873,64.64646464646464,0.03762970344548755,-0.029976435655427208,16.605592300231496,15.029407699768505,0.016451977794713118,0.017740879569571415,0.018818543008996415,-858999.0,0.46314372046622354,0,0,-1,0,0,-0.008029647930821652,0.23175301620188274,0.16942755843924198,0.2816277322837955,0.0,-0.033816425120772875,0.6350625409777486,0.01187500000000008,0.0
2000-02-10,15.75,16.0,0.0,-0.00806205917092827,-0.023396577806395945,0.12586670336887498,-0.015748356968139168,15.946000000000002,15.773500000000002,15.842999999999998,3,10,2,15.925609331003846,15.902321046589108,57.23684210526315,0.019639017207767395,-0.02005334508278829,16.462642105886168,15.084357894113838,0.014695513655221162,0.01795363589210626,0.01896572293520187,-3380399.0,-0.06820073769773084,0,0,-1,0,0,0.00374999999999992,0.7174318325836396,0.1993929071568883,0.2850051341994986,-0.00818639798488674,-0.052916416115453946,0.3222177108773735,0.02730158730158717,0.0
2000-02-11,15.44,15.75,-0.019491343246973512,-0.015689057297234802,-0.03251261663312069,0.18954009280168557,-0.01987882067501202,15.921000000000001,15.742500000000001,15.807666666666668,4,11,2,15.837316725366781,15.872493882293037,54.889589905362755,-0.019409400980846314,-0.019924556262399896,16.433155676265567,15.051844323734436,0.014737394651304208,0.016860148590977425,0.019107847846044128,-6427999.0,-0.8759791901969014,0,0,-1,0,0,0.0,1.5500811167190767,0.16026994799642705,0.267646561435934,-0.04277743335399875,-0.038605230386052236,0.3426651255983397,0.044041450777202056,0.0
2000-02-14,15.38,15.44,-0.032260862218221435,-0.02368110662475057,0.0,-0.18747987020291743,-0.0038935805191320986,15.865,15.702000000000002,15.782666666666668,0,14,2,15.754168229845547,15.840720083435423,50.0,-0.054568026046217355,-0.02685325021916339,16.376984600214158,15.027015399785846,0.013403589047833052,0.016700998636922305,0.018721571121526438,-8954599.0,-0.9540958412913071,0,0,-1,0,0,-0.012305699481865252,0.49835105546363795,0.12935844986484396,0.2651201342383508,-0.05003088326127236,-0.05003088326127236,0.21999687533560566,0.020156046814044128,0.0
2000-02-15,15.5,15.38,0.008488461024077446,0.007741974153615459,0.0,0.1868234006723506,0.007772059847702889,15.846,15.6895,15.770333333333333,1,15,2,15.707955824419082,15.818738142568623,48.972602739726014,-0.07191944994591104,-0.03586649016451292,16.36997893350736,15.00902106649264,0.013083228222109382,0.015779191680813986,0.018582689662057093,-5908999.0,-0.5569606659923165,0,0,-1,0,0,0.0,1.3909235339536035,0.1726714531397681,0.25048690246231853,-0.04261890055589879,-0.015873015873015928,0.9113618528107342,0.02774193548387095,0.0
2000-02-16,16.13,15.5,-0.0045617544079055074,0.055013870877788425,0.00789997525315593,0.5286072900401884,0.03984086821191645,15.858999999999998,15.721,15.793333333333333,2,16,2,15.784691129070158,15.838819552725488,52.090032154340825,-0.034437865252554545,-0.03558076518212125,16.42254416149396,15.019455838506039,0.017657912297277468,0.017841517149661777,0.01935422584629746,-741932.0,1.165999298259485,0,0,-1,0,0,-0.012258064516129,3.2793224876031952,0.3841518240004004,0.2832253043405942,0.008124999999999938,0.040645161290322473,1.266821202236254,0.07377557346559215,0.0
2000-02-17,16.38,16.13,0.052174682467524915,0.0,0.04800921918636066,-0.4766989858343807,0.015380186287805868,15.908999999999997,15.7835,15.824666666666667,3,17,2,15.892929105602855,15.873734420291585,61.31147540983606,0.015263522928878004,-0.0254119075599214,16.48607496322266,15.080925036777339,0.017930980844187813,0.016970756938734535,0.01951516761873591,2465935.0,1.698039444115391,0,0,-1,0,0,0.0,0.8244555246355469,0.35757776853415973,0.26940241452249236,0.040000000000000036,0.08261731658955696,0.4323243331888478,0.02686202686202694,0.0
2000-02-18,16.19,16.38,0.019036497490916578,0.011490903576802299,0.003742986278834297,-0.014528001720546555,-0.011667310735379448,15.915000000000001,15.8275,15.854000000000001,4,18,2,15.946941995493244,15.894138651240517,54.180602006689,0.03887271853622387,-0.012554982340692345,16.51528439094022,15.13971560905978,0.01789860948941241,0.017215062473983696,0.019583102502691553,-695665.0,1.0541094121210073,0,0,-1,0,0,0.003663003663003802,0.7014836297801542,0.32075560744723536,0.2732806446636072,0.04857512953367893,0.05747877204441543,0.8934443564622706,0.03520691785052503,0.0
2000-02-22,16.44,16.19,-0.011624480852287436,0.010765654215687918,0.011761200257130924,0.05039144553640582,0.015323621938489995,15.940000000000001,15.893,15.872666666666667,1,22,2,16.036588905403562,15.929355512450808,62.541806020066936,0.07686997756150937,0.0053300096397479995,16.54991784313683,15.236082156863173,0.018505448070877353,0.017066765429320965,0.01861335344633452,2629335.0,1.66535284652351,0,0,-1,0,0,0.0037059913526867644,0.8130082802935606,0.2977325343967444,0.27092650206154667,0.06892067620286091,0.08658294778585596,0.23850454067597715,0.03406326034063252,0.0
2000-02-23,17.69,16.44,0.02311538442908977,0.06170882232484392,0.01526747213078838,0.2556558677726645,0.0732821185436601,16.09,16.0085,15.927,2,23,2,16.337209104421095,16.042945479389466,71.50127226463108,0.20547899842107498,0.0453598073960134,17.00840052136778,15.008599478632224,0.029867756840985932,0.023343817360260942,0.023036110290641603,6922935.0,3.3633345799237198,0,0,-1,0,0,0.011557177615571637,1.7062501207874567,0.523263796659504,0.37057161231697644,0.14129032258064522,0.15019505851755532,0.665445175083829,0.07801017524024867,0.0
2000-02-24,17.44,17.69,0.0758245634258139,0.003350086885282027,0.02985296314968113,-0.22631608360098635,-0.01423308969086035,16.234,16.1025,15.956333333333333,3,24,2,16.537716539980895,16.133078029106276,69.21182266009853,0.2839563908504097,0.09307912408689266,17.26510822925731,14.939891770742687,0.030064179907090646,0.023796230358509234,0.02264141432330253,3498935.0,2.300861057648651,0,0,-1,0,0,0.014132278123233465,0.6990241018676641,0.5764233429433364,0.37775344601652494,0.08121512709237466,0.12082262210796912,1.4277331687186638,0.05389908256880741,0.0
2000-02-25,18.13,17.44,-0.039220713153281385,0.010535168136109437,0.0,-0.2176824389686072,0.03880160628592593,16.472,16.209,16.006333333333334,4,25,2,16.82722262362073,16.261911704647808,72.22222222222224,0.3972482921457505,0.15391295769866425,17.681111265817687,14.736888734182312,0.030096890123055487,0.024476904322970942,0.023659160781534374,6253135.0,2.609857073450186,0,0,-1,0,0,-0.010894495412844108,-0.05656005147135338,0.5993157595560256,0.38855881021981753,0.1068376068376069,0.13312499999999994,0.7266947617557165,0.062327633756205134,0.0
2000-02-28,17.69,18.13,0.0358706262679992,0.0,0.022106775781029778,-0.49219266139661,-0.02456851659506568,16.697,16.309,16.060666666666666,0,28,2,16.98409123750787,16.35404643338021,65.36885245901642,0.4463829921105287,0.21240696458103714,17.899615901897256,14.718384098102746,0.030705651236371978,0.024772371305208405,0.02317903134605638,4569535.0,1.736434293600072,0,0,-1,0,0,-0.013789299503585218,-1.1946200050000249,0.6476179970880854,0.3932492031536039,0.09264978381717115,0.12746972594008943,0.5291623168498824,0.04239683436970039,0.0
2000-02-29,18.44,17.69,-0.010683261573674,0.016954193361688144,-0.007507976359877195,0.11789759840297366,0.04152270995675379,17.003,16.434,16.135666666666665,1,29,2,17.248801921597344,16.48862408283955,69.98223801065723,0.5396209138252601,0.27784975442988175,18.275640001394642,14.592359998605362,0.031176230354161047,0.02599071107264605,0.024236337412356593,6463802.0,2.178493080603043,0,0,-1,0,0,0.0,-0.9236052411456902,0.6674934349946304,0.41258974737572557,0.12165450121654509,0.15683814303638655,-0.08577716866821954,0.06453362255965299,0.0
2000-03-01,18.25,18.44,0.031165571856806473,-0.010357138099947299,0.03194795382420137,-0.136320600485541,-0.010357138099947299,17.278,16.562,16.219,2,1,3,17.430837935852374,16.602261238785385,69.98223801065723,0.5913643463501899,0.3405526728139434,18.536944103139717,14.587055896860287,0.03238427732600543,0.025763621106517667,0.023661818166667757,4810935.0,1.709415468839306,0,0,-1,0,0,-0.010303687635574906,-1.0655517615627785,0.5042816434908242,0.4089848059220429,0.03165630299604283,0.16316124920331432,0.49280261667615044,0.02410958904109596,0.0
2000-03-02,17.81,18.25,-0.017132223397850335,-0.013793322132335873,-0.02099367882073651,0.28806512125420475,-0.024404982726930285,17.446,16.6525,16.296,3,2,3,17.49977649297012,16.680179868541167,67.69759450171821,0.5900651627574689,0.3904551708026486,18.684080924460456,14.620919075539543,0.033567324564445486,0.026555541002761307,0.023960521795176368,2606268.0,1.1395066630756103,0,0,-1,0,0,-0.016986301369862945,-0.47049443895219545,0.5342704163059608,0.42155614454451135,0.021215596330275144,0.11312499999999992,0.4912703058753469,0.031443009545199255,0.0
2000-03-03,18.06,17.81,0.0033389012655146303,0.010500234633866288,0.02099367882073663,-0.07710376675143799,0.013939450687269086,17.613999999999997,16.7615,16.393666666666668,4,3,3,17.601635312430098,16.769200522183674,72.74305555555557,0.6022659144981297,0.43281731954174485,18.8516500827503,14.671349917249703,0.033546077672238744,0.02642846031122845,0.023382777786894317,4647335.0,1.242494508615746,0,0,-1,0,0,0.010668163952835558,-0.6595062265195223,0.4538797814884416,0.41953880110710706,-0.0038610038610038533,0.13727959697732994,0.9623363806501043,0.021040974529346765,0.0
2000-03-06,17.56,18.06,-0.02076976148638594,-0.027872484358336932,-0.028475728113452416,-0.5296522774167876,-0.028075959781868796,17.750999999999998,16.833000000000002,16.468666666666667,0,6,3,17.594065255624624,16.820219843333113,67.58064516129032,0.5650754389160468,0.4592689434166053,18.93001642691155,14.735983573088454,0.035064510038163244,0.027418565412445937,0.024152974258138588,3445535.0,0.6933660515675698,0,0,-1,0,0,-0.023809523809523794,-1.4536140746794644,0.4656697771674316,0.4352562323249345,-0.007348784624081506,0.08865468071915683,0.8971556873313492,0.02164009111617327,0.0
2000-03-07,16.5,17.56,-0.02877068407375027,-0.021715138983576143,-0.08245269582604882,0.5738341745464054,-0.06226320730043555,17.756999999999998,16.8485,16.514333333333333,1,7,3,17.395144300056508,16.799560498601945,57.00280112044818,0.4449395912216403,0.4564030729776123,18.930030560353188,14.766969439646816,0.041116464240071364,0.03103373131349774,0.02679214769999795,1312268.0,-0.33484975588431365,0,0,-1,0,0,-0.024487471526195886,-0.5492912415608681,0.4306342635587026,0.49264521185947735,-0.10520607375271152,0.01914762198888198,-0.23039881875670215,0.08303030303030298,0.0
2000-03-08,17.63,16.5,-0.05273840356028199,0.03239840055725014,0.011849218775048416,-0.07583787468070753,0.06624161550324383,17.750999999999998,16.920499999999997,16.589333333333332,2,8,3,17.43784533640987,16.85313724062763,59.81675392670157,0.43588797731608864,0.4523000538453076,19.00574111946696,14.835258880533035,0.03963055846985116,0.034460106899438424,0.029247722466013364,3289735.0,0.6804968436277213,0,0,-1,0,0,-0.015151515151515152,-0.7350539045940129,0.7818562934366692,0.5470372380516909,-0.03397260273972613,0.08894379246448403,0.8452387583046346,0.09926262053318208,0.0
2000-03-09,18.19,17.63,0.09893994785490365,0.037325957612686346,0.09570462378430729,0.33957860200572026,0.031269996120252136,17.826,17.029999999999998,16.677,3,9,3,17.574600729789893,16.939386450909716,61.38364779874215,0.46850123733520377,0.4555402905432868,19.141552185379037,14.918447814620958,0.04041534773955464,0.03473150759613304,0.02963375888161455,6066802.0,1.0987178134001692,0,0,-1,0,0,0.01758366420873524,0.07963558938637205,0.8003986573808515,0.5513455905463127,0.021336327905671082,0.13687500000000008,-0.14938991716817568,0.04452996151731713,0.0
2000-03-10,18.69,18.19,0.017132223397850477,0.008583743691391435,0.02448647660860618,-0.3072697478439716,0.027116628937440646,17.881999999999998,17.177,16.766666666666666,4,10,3,17.777400597100822,17.052329260528445,65.13317191283294,0.5285999312267009,0.47015221867996965,19.322429413525676,15.031570586474325,0.03943469201138141,0.034590949933873606,0.029613291084869767,8109202.0,1.4104402507595206,0,0,-1,0,0,0.003298515667949352,-0.6669531963823239,0.8152625858580012,0.5491143068310943,0.03488372093023262,0.18666666666666676,-0.3718204909575511,0.02835741037988216,0.0
2000-03-13,18.94,18.69,0.0,0.011683616708486375,-0.01718922278466289,-0.10758968160802741,0.013287466290460657,18.006999999999998,17.351999999999997,16.875,0,13,3,17.988782306718853,17.17411446952661,65.13317191283294,0.5896048916120407,0.4940427532663839,19.471688159785987,15.232311840214006,0.038242200422433544,0.03392377925015496,0.029261980963005377,9943269.0,1.498333604090455,0,0,-1,0,0,-0.023542001070091023,-0.8101721741550068,0.7518818693926681,0.5385233005641795,0.07858769931662879,0.22668393782383434,-1.1738969102734822,0.05596620908130952,0.0
2000-03-14,18.94,18.94,0.0402738991379399,0.02605671127436072,0.04430585172210361,0.035107432355720086,0.0,18.057000000000002,17.529999999999998,16.975,1,14,3,18.161730978224515,17.28804256826683,58.91583452211127,0.6306816566819009,0.5213705339494874,19.54788842214098,15.512111577859015,0.036242411115483784,0.03384622203198109,0.029233262322997885,9943269.0,1.3975004609065467,0,0,-1,0,0,0.0031678986272438603,-0.7004263637541892,0.4086771143997662,0.5372921178941832,0.14787878787878794,0.23146944083224974,0.9660491681573762,0.0395987328405491,0.0
2000-03-15,19.5,18.94,-0.0031628914085081953,0.022381402196134912,0.010114539249883125,0.4719889177316653,0.029138377811768767,18.182000000000002,17.729999999999997,17.102,2,15,3,18.40505261854733,17.43074949934639,64.07103825136613,0.7003494167032223,0.5571663105002345,19.692887239703182,15.767112760296811,0.03677263707683897,0.034086919597597756,0.02923405702620781,12988669.0,1.8034657969121561,0,0,-1,0,0,0.0,0.4687091303842732,0.2142908357110482,0.5411130732929853,0.10606920022688615,0.25806451612903225,-1.0717829544315478,0.05128205128205128,0.0
2000-03-16,19.88,19.5,0.029138377811768767,0.006018072325563166,0.016286149302254062,-0.3346436736964572,0.01929973565872675,18.389000000000003,17.917499999999997,17.231333333333335,3,16,3,18.673224869720542,17.58876566067888,62.48216833095578,0.7772646199483795,0.6011859723898635,19.951980406962896,15.8830195930371,0.035191222916822106,0.03347697769755215,0.029230243384648094,15167936.0,1.9292395181427686,0,0,-1,0,0,0.0,-0.33365195510937207,0.18973230396372684,0.531430545802672,0.0929081913139087,0.23248605083694973,-0.8536105205752558,0.04074446680080477,0.0
2000-03-17,20.0,19.88,0.01929973565872675,0.0,-0.009950330853168203,0.04152534148748074,0.006018072325563166,18.583000000000002,18.098499999999998,17.36866666666667,4,17,3,18.914456711589533,17.744329166441535,67.26457399103137,0.8382407521780806,0.6485969283475069,20.20005105626901,15.996948943730985,0.03522098651948283,0.033477417520255716,0.029092117802535136,17439603.0,1.809615801936145,0,0,-1,0,0,0.0,-0.15751063573717292,0.18303642708117232,0.5314375277716396,0.07009095773140706,0.2210012210012211,0.32012378267551744,0.05,0.0
2000-03-20,19.88,20.0,-0.042122303002371915,0.0,0.003152919059615515,-0.24345122167637526,-0.006018072325563021,18.815,18.282999999999998,17.49366666666667,0,20,3,19.09001003675507,17.882114381509822,61.881188118811856,0.866888824412996,0.6922553075606048,20.326166788668008,16.239833211331987,0.03319651519493482,0.033305307771228726,0.029166482545181168,15658803.0,1.5632595526292037,0,0,-1,0,0,-0.04700000000000006,-0.7307545643045986,0.23064822602859528,0.5287053702068286,0.049630411826821375,0.22791846819024064,0.49557346717973527,0.047283702213279745,0.0
2000-03-21,20.19,19.88,0.04513586630763626,0.01242251999855711,0.03556159312107482,-0.19671029424605427,0.015473231096318334,19.184,18.470499999999998,17.627000000000002,1,21,3,19.290008211890513,18.03101022786403,65.6957928802589,0.9041841650595757,0.734641079060399,20.489665799610318,16.451334200389677,0.02099721835429214,0.03330642974923034,0.02919539284537284,17121603.0,1.7031786100297972,0,0,-1,0,0,0.003018108651911583,-1.0580563293178133,0.21485658654227924,0.5287231810554412,0.06599788806758178,0.2281021897810218,-0.3731114272528053,0.024764735017335313,0.0
2000-03-22,19.56,20.19,0.01245966779105382,-0.0029673612278020007,-0.012739025777429714,-0.12752035341092188,-0.031700767718074965,19.377000000000002,18.564,17.73933333333333,2,22,3,19.339097627910416,18.12965472929216,63.73626373626373,0.8728436579871293,0.7622815948457451,20.604066046402522,16.523933953597478,0.019324041901458748,0.030797477292057094,0.030026639822089914,15833936.0,0.9764389753521542,0,0,-1,0,0,0.0,-1.394494935725442,0.32396685883070797,0.4888947955376521,0.003076923076922977,0.1057094403617862,-1.1323961954006752,0.03527607361963197,0.0
2000-03-23,20.31,19.56,-0.040945825862126035,0.009366595469832593,-0.0097913691292781,0.27591207038616844,0.03762671098562215,19.589000000000002,18.7075,17.883,3,23,3,19.515625331926703,18.27032216611202,66.37554585152837,0.8981712532097177,0.7894595265185396,20.817235578343062,16.597764421656937,0.020215737541239183,0.031269818884348266,0.03035355426541046,17530736.0,1.5191477230132946,0,0,-1,0,0,-0.009202453987730048,-0.620233687742355,0.40904155747444954,0.49639298586010033,0.021629778672032085,0.16456422018348604,-0.1696955106670387,0.05268340718857707,0.0
2000-03-24,20.0,20.31,0.03796963318907995,-0.0063992342420305555,0.012863568166248295,-0.1264841471091196,-0.015381102038302242,19.720000000000002,18.801,18.02466666666667,4,24,3,19.603693453394577,18.381914284427374,68.26347305389223,0.8830498961538034,0.8081776004455924,20.967946918447392,16.634053081552604,0.02091311474732042,0.030766427403164945,0.030343746106555203,16035536.0,1.1066260920309756,0,0,-1,0,0,-0.0088626292466765,-0.9603900852440954,0.43151147973756326,0.48840189383218324,0.0,0.10314396028681738,0.48552775719188523,0.034500000000000065,0.0
2000-03-27,19.63,20.0,-0.016024378941240584,-0.005943553900848106,-0.0030721990369701403,-0.08056278448090573,-0.01867326526562137,19.788999999999998,18.898,18.164333333333335,0,27,3,19.60847646186829,18.462435943496576,76.126878130217,0.8316237628917165,0.8128668329348173,21.028931103630825,16.767068896369175,0.02222063101468371,0.03049981460917479,0.0303067055410476,14656069.0,0.6870236196306557,0,0,-1,0,0,-0.009500000000000064,-1.1487360926875578,0.451652798220581,0.48416954693670694,-0.012575452716297786,0.1096664782362915,0.7485968812750773,0.032093734080488996,0.0
2000-03-28,20.44,19.63,0.009545412843531406,0.015282525683803606,0.01929973565872675,0.20834265001148472,0.04043475704713419,19.939,18.998,18.333000000000002,1,28,3,19.75966255971042,18.59002072133551,74.7795414462081,0.8464708235793523,0.8195876310637243,21.22402406947791,16.771975930522093,0.02508232148339788,0.030428924659824486,0.030788908283809382,16355069.0,1.29558347528399,0,0,-1,0,0,0.018848700967906317,-0.43726251481025935,0.542928660937078,0.4830442038780977,0.012382367508667613,0.10845986984815625,0.4701068834742819,0.027397260273972712,0.0
2000-03-29,20.13,20.44,0.024692612590371414,0.02129799767893412,0.0,-0.23483612883916788,-0.015282525683803694,20.002,19.092000000000002,18.487333333333332,2,29,3,19.82699663976307,18.68937422318483,67.89667896678961,0.8237274002026638,0.8204155848915123,21.343657635002142,16.840342364997863,0.024782366503098924,0.03058173352863547,0.031128625921058313,15011669.0,0.921987413951598,0,0,-1,0,0,0.002935420743639859,-1.1327386074668695,0.4886355804275666,0.48546996946809146,0.02914110429447847,0.10301369863013687,0.6049347119813737,0.04967709885742673,0.0
2000-03-30,19.94,20.13,-0.018213646492662394,-0.03360433068969173,-0.025472594765807804,0.00029770765328547083,-0.009483475118007774,20.008,19.198500000000003,18.614333333333335,3,30,3,19.847542705260693,18.770059757172906,62.23091976516632,0.7813645767570776,0.8126053832646254,21.3956778549576,17.001322145042405,0.024388683458057205,0.030008300776449087,0.030725230242132393,13667869.0,0.6749567390067367,0,0,-1,0,0,0.0,-1.0240151002189932,0.3999050791532339,0.47636700673266447,-0.01821762678483496,0.11959573273441904,2.14478509325495,0.040621865596790485,0.0
2000-03-31,20.81,19.94,-0.00647896609770911,0.030246208080796824,0.006172859107081016,0.5357541611736619,0.04270587587185068,20.089,19.336000000000002,18.762,4,31,3,20.02253494066784,18.901668805097238,66.31762652705058,0.8086716002483492,0.8118186266613702,21.576943410356755,17.09505658964325,0.02796140406053424,0.031129425849931606,0.03139828462306605,15964069.0,1.315517378250386,0,0,-1,0,0,0.003009027081243667,0.8817408043391617,0.49684977745948733,0.49416431553086704,0.04049999999999998,0.1522702104097453,0.5638053165520625,0.06295050456511286,0.0
2000-04-03,20.38,20.81,0.031014053529169326,-0.002887393728835705,0.03774032798284711,-0.29604959018620586,-0.020879612610964337,20.139,19.477,18.901666666666664,0,3,4,20.08752858781914,18.99704501122,61.688311688311664,0.7865483667985096,0.8067645746887981,21.599154813540213,17.354845186459787,0.028930740152915267,0.030748100502915682,0.0316408494667744,14256269.0,0.8510217956187651,0,0,-1,0,0,-0.008649687650168176,-0.36814734326183535,0.5043964724920903,0.4881109633100098,0.03820682628629646,0.16059225512528474,0.5411284831814528,0.02453385672227674,0.0
2000-04-04,20.38,20.38,0.005799919593546991,0.01197619104671562,-0.012422519998557209,0.2999905123898691,0.0,20.157999999999998,19.671,19.033,1,4,4,20.14070520821566,19.086267913721937,57.85714285714284,0.7602518349868284,0.7974620267484043,21.299171722483557,18.042828277516442,0.02858631762306668,0.026338906708192843,0.03164425046374871,14256269.0,0.870915506281506,0,0,-1,0,0,0.018155053974484837,0.8602698460616258,0.4085327135549817,0.41811718173125495,-0.0029354207436400603,0.2351515151515151,1.7725576415751227,0.04906771344455348,0.0
2000-04-05,21.25,20.38,0.006245516337730549,0.023530497410194036,0.0368139731227164,0.0696692093234497,0.04180286757584716,20.326999999999998,19.852,19.151666666666664,2,5,4,20.342395170358266,19.22586353219149,61.247947454844,0.8003870099493398,0.7980470233885915,21.322003222338157,18.381996777661843,0.028800286031340862,0.023890465765378312,0.029684965858240823,16727869.0,1.9020366469351933,0,0,-1,0,0,0.02453385672227674,1.1150707141814906,0.47689347253377373,0.37924938672416036,0.055638350720317975,0.20533182076006806,0.3429412285718132,0.03529411764705882,0.0
2000-04-06,21.31,21.25,0.026466573188163273,0.008798389705165992,0.02098312560350056,-0.16489840395766778,0.002819550740099898,20.427,20.008000000000003,19.280666666666665,3,6,4,20.518323321202217,19.36032394946946,60.86235489220562,0.8274970528977512,0.8039370292904235,21.395244144262232,18.620755855737773,0.026861762966171293,0.02335091007734837,0.029437911162197242,18823736.0,1.8771028955287896,0,0,-1,0,0,0.008941176470588296,0.46717816832769965,0.45061157182315403,0.37068420571017485,0.06870611835506502,0.17152281473336983,0.12348171848169438,0.02346316283435007,0.0
2000-04-07,21.56,21.31,0.002794598931015925,0.005517255374754659,0.01172896392239357,-0.40908208049459055,0.011663299930270607,20.583,20.151500000000002,19.394999999999996,4,7,4,20.70771908098363,19.50223853337466,63.636363636363626,0.8592499691348472,0.8149996172593083,21.558314617645642,18.744685382354362,0.025923818827910786,0.022928011937812007,0.028812056560405908,20215936.0,2.0023960262186886,0,0,-1,0,0,0.008916001877053088,-0.9749406193132487,0.36608545583192165,0.3639709058674242,0.0360403652090342,0.15355805243445686,0.7460558626927597,0.01716141001855276,0.0
2000-04-10,21.88,21.56,0.008798389705165992,0.003204397340242821,0.008822903762365986,0.31558954260908556,0.014733231512984087,20.808,20.2985,19.534666666666666,0,10,4,20.92086106625933,19.655642498963388,63.69529983792542,0.8998626531481335,0.8319722244370733,21.784480448975444,18.812519551024558,0.02425023294052816,0.022950406539502366,0.028265915667033122,22124736.0,2.1285609795073896,0,0,-1,0,0,0.0060296846011132915,0.11867028144394984,0.26904267212656213,0.3643264091481224,0.07360157016683022,0.1552270327349523,1.5425763263958097,0.011425959780621572,0.0
2000-04-11,22.31,21.88,0.011460130008301136,0.02259472532999868,0.008287340248570287,0.13459170623631414,0.01946203089066068,20.994999999999997,20.467000000000002,19.663666666666664,1,11,4,21.173431781484908,19.82689136999801,73.03182579564489,0.9557288568263687,0.8567235509149325,22.064459825703697,18.869540174296308,0.022141865791336996,0.023033469544773824,0.027594561227304408,24308536.0,2.307413269924508,0,0,-1,0,0,0.0027422303473492813,0.6664208928832268,0.23695835906102902,0.36564499347871,0.09470068694798828,0.17793030623020045,1.296623203171657,0.025549081129538336,0.0
2000-04-12,21.44,22.31,0.014030553765164903,0.0026773777707163942,-0.02601168484311184,0.036537860473623514,-0.03977667224183975,21.125999999999998,20.564,19.769999999999996,2,12,4,21.22189873030583,19.930962894514266,59.27750410509035,0.9192054681773918,0.8692199343674244,22.14978421575819,18.97821578424181,0.025982174378012035,0.024765572115991355,0.028681374588834983,22043469.0,1.1048161424423968,0,0,-1,0,0,-0.0026893769610039767,1.0946797571855575,0.3767137515814251,0.3931412693708928,0.00894117647058823,0.09948717948717944,-1.884201724845277,0.05550373134328364,0.0
2000-04-13,21.38,21.44,-0.028260768647281834,-0.03399375581571258,-0.02381064869371856,-0.0547445461002066,-0.002802430605702233,21.27,20.639000000000003,19.889,3,13,4,21.25064441570477,20.024449159384314,61.815068493150676,0.8753286768634929,0.8704416828666381,22.23044952133199,19.047550478668015,0.025608122933175895,0.02458215652198654,0.028174978172325785,19899069.0,0.9312265203106209,0,0,-1,0,0,0.008861940298507356,0.7996912936793814,0.37806157380183997,0.39022963708104524,0.003284842796809073,0.07545271629778671,-1.6312851296834465,0.04396632366697854,0.0
2000-04-14,20.81,21.38,-0.02955880224154439,-0.02615749321081781,-0.052435354025673085,0.06633243084475113,-0.02702226519135608,21.27,20.6795,19.980666666666664,4,14,4,21.170527249212995,20.075129858778876,59.76821192052981,0.785506932365557,0.853454732766422,22.243468972636247,19.115531027363755,0.024129373700178033,0.025504566625312225,0.028772544338924386,17607602.0,0.1668831061015556,0,0,-1,0,0,-0.017773620205799767,1.1637625040253354,0.4059003671436924,0.40487244352232415,-0.034786641929499096,0.04049999999999998,-0.3130322721374672,0.06919750120134541,0.0
2000-04-17,19.13,20.81,-0.0517946731897307,-0.042539038075417146,-0.0356719134845938,-0.053236778647453485,-0.08417585695338158,21.145,20.642000000000003,20.033,0,17,4,20.79952229481063,20.014153738857658,40.520984081041945,0.5721650307518935,0.7971967923635164,22.318595548001785,18.96540445199822,0.034962128139837165,0.03154296132842543,0.03227562049023955,15434935.0,-1.8036550339192432,0,0,-1,0,0,-0.04180682364247946,0.8021972462305466,0.6038148259717337,0.5007289877372475,-0.1256855575868373,-0.03772635814889336,-0.45520426849330387,0.06534239414532149,0.0
2000-04-18,19.81,19.13,-0.022313298963991195,-0.012422519998557209,0.016184117273982467,-0.4550320389369604,0.03492907725829804,21.088,20.622999999999998,20.14333333333333,1,18,4,20.619609150299603,20.0009825298991,47.802197802197796,0.4527414322710861,0.7283057203450304,22.329508901699427,18.91649109830057,0.03733740651805125,0.03241364688257231,0.0304433154216606,16813335.0,-0.9528224542987979,0,0,-1,0,0,0.01934134866701521,-1.1319688325455513,0.6845146676042262,0.5145506924157023,-0.11205737337516808,-0.018821198613174994,0.03275051570242768,0.03483089348813737,0.0
2000-04-19,21.19,19.81,0.01929973565872675,0.07510747248680527,0.02909110478800499,0.5062593523300742,0.06734251156974831,21.082,20.704500000000003,20.262,2,19,4,20.723316577517853,20.077693334421742,57.378984651711924,0.46410195844969593,0.6754649679659634,22.351921909338614,19.057078090661392,0.04166339568055252,0.03511065241991322,0.03052650790340461,19100202.0,0.5894057827541107,0,0,-1,0,0,0.0035335689045936543,0.9851157934420691,0.9169967297278216,0.5573643280339113,-0.011660447761194015,0.08333333333333348,-0.26428489567919156,0.07928268050967435,0.0
2000-04-20,21.31,21.19,0.06946224488209769,0.00877401149389671,0.06097963039953735,-0.24240060267983682,0.005647073830317918,21.082,20.7545,20.365999999999996,3,20,4,20.829986290696425,20.1571969902655,53.23834196891192,0.4772863939634284,0.6358292531654565,22.412177195418636,19.096822804581365,0.04169060314342138,0.03420633771297582,0.03015433623326021,20894802.0,0.6702149266880768,0,0,-1,0,0,0.005663048607833763,-0.2592896818720579,0.9179161521473029,0.5430087771049436,-0.003274087932647385,0.04923682914820282,-0.40922944834998026,0.029094321914594136,0.0
2000-04-24,20.75,21.31,0.0,-0.017157851937793997,-0.05196604909417587,0.24344952310919776,-0.026630199433818415,21.000999999999998,20.792,20.434666666666665,0,24,4,20.81544332875162,20.195442345732246,52.356687898089184,0.4375045540501006,0.5961643133423853,22.411299393662663,19.17270060633734,0.04231045474491103,0.03460167158893065,0.030413421399695467,18605535.0,-0.05187428608245527,0,0,-1,0,0,0.0,0.8898643677481967,0.9172032263840003,0.5492845078286379,-0.0028832292167226825,0.03750000000000009,-0.4149650768477791,0.06361445783132531,0.0
2000-04-25,20.94,20.75,-0.0118009394046963,-0.00892653331669138,0.033818464142917795,-0.43885056088903684,0.009114958765683507,20.907,20.8575,20.50133333333333,1,25,4,20.838089996251327,20.24347832342694,53.48258706467663,0.41650733412883056,0.5602329174996743,22.38210348598387,19.332896514016134,0.04208148571574206,0.03427296215567464,0.030378015737787124,20081602.0,0.10822486076995964,0,0,-1,0,0,0.014939759036144517,-1.1996445865211383,0.5704347761506608,0.5440664073446596,0.09461578672242554,0.06673458991339798,0.37968353403044974,0.021012416427889268,0.0
2000-04-26,20.88,20.94,-0.014829260029122023,-0.009006934556784817,-0.021432871084414044,0.15003196251592193,-0.0028694424279529316,20.764,20.8795,20.566,2,26,4,20.845709996932904,20.28454423804456,47.441217150760714,0.3905236736876212,0.5262910687372637,22.391382409796844,19.367617590203157,0.04129539275509521,0.03313554590714966,0.030394873818108244,18366602.0,0.0006614271014185837,0,0,-1,0,0,-0.009073543457497673,-0.5877225939128361,0.5643279011795156,0.5260104841600929,0.05401312468450281,0.02152641878669259,1.3560725299735128,0.03304597701149432,0.0
2000-04-27,21.0,20.88,-0.01505248134120357,0.011834457647002798,0.006380389743210446,-0.16633343265389394,0.0057306747089850745,20.72,20.923,20.616,3,27,4,20.87376272476328,20.33070267429975,47.873799725651594,0.37528834230276686,0.4960905234503644,22.393583128164668,19.45241687183533,0.03969558362013404,0.03290813498209628,0.030004581554967373,19818802.0,0.1047203636779104,0,0,-1,0,0,-0.021072796934865794,-1.3062879036744979,0.22908458953972494,0.5224004476414305,-0.008966493629070427,0.0432190760059612,-1.7634870753799234,0.038571428571428513,0.0
2000-04-28,21.69,21.0,0.03886313003492214,0.02049442946835713,0.0270286723879192,-0.22915247915736633,0.03232888711536007,20.751,21.0105,20.676333333333332,4,28,4,21.02216950207905,20.41839927595783,50.840879689521365,0.41411777392657356,0.4796959735456063,22.44256108367238,19.57843891632762,0.04112713332226564,0.033445999370908905,0.030356524503425505,20973602.0,0.9489818664124146,0,0,-1,0,0,0.011904761904761904,-1.9718868788428026,0.339166048735031,0.5309387801126862,0.017832003754106207,0.0877632898696088,-0.10231722268167844,0.03181189488243436,0.0
2000-05-01,21.88,21.69,0.02049442946835713,0.014191128519532793,0.020735898479178342,0.2855148486829697,0.008721652714997415,20.858,21.064,20.738999999999997,0,1,5,21.17813868351922,20.512696096863777,50.0,0.4549770975756928,0.47475219835162363,22.543678485703275,19.584321514296725,0.03987052578047322,0.032198112160467224,0.030368887261919802,22510002.0,1.1029423052159386,0,0,-1,0,0,0.0,-0.9160918410564806,0.21084275828375348,0.5111291847741654,0.05445783132530124,0.051417587698222134,1.4552613906203258,0.025594149908592264,0.0
2000-05-02,21.75,21.88,0.005517255374754659,0.011299555253933466,0.002794598931015925,0.03063753055842951,-0.005959220019087257,21.12,21.1325,20.801333333333332,1,2,5,21.282113468333904,20.59252215513063,46.16438356164385,0.4714340936247048,0.4740885774062399,22.605683091490377,19.659316908509624,0.026677416273098165,0.031794253334339655,0.030368261637997506,20925802.0,0.8383207811261167,0,0,-1,0,0,-0.0031992687385740534,-0.7725590278509953,0.242772917259681,0.5047181246618933,0.0386819484240688,0.06722276741903843,1.4171238887989517,0.034482758620689655,0.0
2000-05-03,21.56,21.75,-0.014315645079920529,-0.028260768647281834,-0.00559702953671802,-0.6472926489609331,-0.008774011493896809,21.295,21.191499999999998,20.846999999999998,2,3,5,21.332638292273195,20.654940080606075,50.906344410876116,0.46379858803775065,0.47203057953254207,22.631942548955916,19.75105745104408,0.02623314431866485,0.03190817985602959,0.030357598731785836,20096535.0,0.511648312898147,0,0,-1,0,0,-0.011494252873563218,-2.1802590908815014,0.2617225543098277,0.5065266521266503,0.03256704980842917,0.05789990186457317,1.1842269019553766,0.011595547309833025,0.0
2000-05-04,21.31,21.56,0.017520042420163313,0.01696121339334852,-0.011762073968933794,0.19067410472358623,-0.011663299930270642,21.307,21.194499999999998,20.90533333333333,3,4,5,21.328522239132614,20.697202010889555,49.48604992657856,0.4325878803780263,0.464142039701639,22.63570527045229,19.753294729547704,0.015795716258625934,0.030666484569958602,0.02981001552525908,19093068.0,0.16028251126746657,0,0,-1,0,0,0.014842300556586285,-1.6080721695713722,0.29220588391656055,0.4868153505402601,0.014761904761904754,0.002823529411764669,1.4087479675673735,0.04082590333176917,0.0
2000-05-05,21.44,21.31,-0.03204360527357265,-0.008673873144778192,0.0,0.022077104905606156,0.006081890092075648,21.32,21.201,20.942999999999998,4,5,5,21.348790922926682,20.745124461799907,54.94505494505497,0.41357564069729946,0.45402875990077113,22.64556731821076,19.756432681789242,0.015811654744588604,0.030687781217722445,0.029074838888385947,20118935.0,0.3308949288649646,0,0,-1,0,0,-0.005631159080243898,-1.3868818807100607,0.14505204035495498,0.4871534243427149,-0.01152604887044717,0.006100422336931199,0.44240905747154535,0.03171641791044775,0.0
2000-05-08,22.44,21.44,0.014523562853409262,0.03114672899683672,0.011762073968933829,0.4573817457959803,0.04558674445189427,21.489,21.244999999999997,21.02433333333333,0,8,5,21.547192573303647,20.854471270716044,79.08611599297012,0.4737389783753905,0.457970803595695,22.78599762628339,19.704002373716605,0.018553677558568273,0.0322956541907293,0.029974340564807078,21739735.0,1.5509433364698009,0,0,-1,0,0,0.002798507462686507,-0.1778984045594297,0.3821945578031192,0.5126776165008642,0.025594149908592323,0.04081632653061229,1.8419356386305878,0.04991087344028525,0.0
2000-05-09,22.0,22.44,0.04812549149624104,0.011049836186584935,0.028586547761416694,0.19433521271532728,-0.019802627296179754,21.595000000000002,21.250999999999998,21.10333333333333,1,9,5,21.629521196339347,20.928376350024685,70.09174311926604,0.480377046603234,0.4624520521972028,22.803300838992673,19.698699161007323,0.02048572628069912,0.03252072428432908,0.03000404064570246,19771268.0,0.965019126686868,0,0,-1,0,0,0.005347593582887587,0.5428703754908705,0.41813006120400575,0.5162504934722024,0.011494252873563315,0.005484460694698434,1.608107920043036,0.03409090909090909,0.0
2000-05-10,22.06,22.0,-0.025135973271542274,-0.005288685751513419,-0.0027309985112316283,-0.450703729020554,0.0027235604670405207,21.713,21.2385,21.157333333333334,2,10,5,21.70779006973219,21.001384327442448,60.53268765133168,0.4848897547976634,0.4669395927172949,22.75858690887292,19.718413091127076,0.02031867593281449,0.03222258507023451,0.029178001605726225,21025535.0,1.0808592524609082,0,0,-1,0,0,0.0,-0.8584988007637139,0.40637386683845533,0.5115176801727795,0.023191094619666064,-0.011205737337516841,1.3382715921659833,0.03127833182230271,0.0
2000-05-11,22.0,22.06,0.013992555086125135,-0.008431378990950311,-0.008697697312391155,-0.10746515202027954,-0.0027235604670404925,21.813,21.2665,21.21966666666667,3,11,5,21.7609191479627,21.065811145026807,58.476658476658486,0.4781132184280814,0.46917431785945224,22.822422809613066,19.710577190386935,0.02049195112044727,0.030910236389314567,0.028999339571460666,19899068.0,0.9428488296053844,0,0,-1,0,0,0.011332728921124207,-1.0246736163286208,0.3882201160776832,0.4906847907140726,0.03237916471140312,0.026119402985074647,1.2856064581392848,0.03136363636363642,0.0
2000-05-12,21.38,22.0,-0.02266642823090341,-0.019802627296179754,-0.02608438525448535,0.039341334902723867,-0.0285865477614167,21.782,21.2665,21.267666666666667,4,12,5,21.69166112106039,21.086081393734755,57.62711864406777,0.41789669314219324,0.45891879291600046,22.822422809613066,19.710577190386935,0.02031210839209607,0.031619644674267776,0.02948275892212423,18727401.0,0.14589412700778417,0,0,-1,0,0,-0.008636363636363694,-0.8391590989516925,0.4606832071729337,0.5019462981140428,-0.002798507462686728,0.0,1.2590470648298866,0.03788587464920481,0.0
2000-05-15,21.06,21.38,-0.00828734024857027,-0.011428695823622744,-0.01186816683781694,0.26775482860738664,-0.015080398891069735,21.7,21.279,21.276,0,15,5,21.57681364450395,21.084398723171223,51.40845070422532,0.34042908281117334,0.43522085089503504,22.823455618622713,19.734544381377287,0.020397860666204533,0.031196727471747537,0.028609007881460605,17196001.0,-0.2835950704692922,0,0,-1,0,0,0.011693171188026194,0.030110288455618812,0.19922931819399717,0.4952326956558047,-0.06149732620320869,0.012013455069677992,0.06955011793221173,0.0384615384615384,0.0
2000-05-16,21.0,21.06,-0.026705733259137943,-0.01435542133209183,-0.018313764855426552,0.30919399485579346,-0.002853068982406399,21.625,21.3725,21.296666666666667,1,16,5,21.471938436412323,21.078953644256952,51.40845070422536,0.2710692276195026,0.40239052623992855,22.55261373225345,20.192386267746546,0.020382325303993656,0.02461655584520818,0.02833179252709765,15109734.0,-0.6312950859214256,0,0,-1,0,0,0.0,1.3675102747999484,0.1973422194140765,0.3907757094081255,-0.045454545454545414,0.09775222164140107,-1.0431217453393749,0.04190476190476203,0.0
2000-05-17,21.56,21.0,-0.008583743691391442,0.014355421332091787,0.009198806089742913,-0.977362559076068,0.026317308317373358,21.625,21.46,21.336000000000002,2,17,5,21.4879496297919,21.10998889301457,55.957446808510625,0.2583107173967498,0.3735745644712928,22.38404146637448,20.53595853362552,0.022319405572250067,0.024110673583082536,0.028702605136969917,15894801.0,0.21644050324354508,0,0,-1,0,0,-0.005714285714285762,-1.560221170801809,0.32217895198259383,0.3827450774585461,-0.022665457842248382,0.08833922261484095,0.7681873275332031,0.0463821892393321,0.0
2000-05-18,21.06,21.56,0.020384683096087697,0.0,0.01197619104671562,-0.18541780110352976,-0.02346423933496698,21.599999999999998,21.4535,21.329666666666665,3,18,5,21.41014060619337,21.106763803142666,43.015521064301524,0.2054849818387865,0.3399566479447916,22.38731560221915,20.519684397780846,0.023281999945568756,0.019381275542016043,0.028016191857936863,15242601.0,-0.842778807860721,0,0,-1,0,0,-0.011595547309833025,-1.693048513147702,0.34721796349396145,0.3076682110523582,-0.042727272727272836,-0.00613496932515345,1.2993217647123638,0.03561253561253561,0.0
2000-05-19,20.31,21.06,-0.023742805704982772,-0.03509131981127006,-0.04579465518963354,0.41560164079858963,-0.03626213111353615,21.487,21.4035,21.296333333333333,4,19,5,21.210115041430935,21.05535968681088,34.516765285996044,0.10192652826102488,0.29235062400803824,22.467658179773803,20.3393418202262,0.025510879227780912,0.020872108753506997,0.0287555933348496,14254334.0,-2.055145599186084,0,0,-1,0,0,-0.011870845204178538,-0.8457689825013296,0.37651888060002575,0.33133445459564315,-0.050046772684752105,-0.04692632566870014,0.9486451483715385,0.04628261939931075,0.0
2000-05-22,20.25,20.31,-0.033222400753842925,-0.03340906213112974,-0.018616889882755183,0.27585751664895336,-0.002958582039745154,21.267999999999997,21.3785,21.252666666666666,0,22,5,21.035548670261676,21.00340099733921,35.0,0.014843107044704595,0.23684912061537153,22.52741756838683,20.229582431613167,0.01806694515626104,0.02009264946466126,0.02865269150206949,12952134.0,-1.9644577314358564,0,0,-1,0,0,-0.0088626292466765,-0.028609055293944887,0.3761742116489598,0.3189609219833327,-0.038461538461538436,-0.02409638554216864,0.4569027588425904,0.030617283950617157,0.0
2000-05-23,20.25,20.25,0.012342788142878732,0.00931151055206924,0.018616889882755245,-0.422582050048862,0.0,21.092999999999996,21.344,21.198333333333334,1,23,5,20.89272163930501,20.954794481381843,36.382536382536394,-0.053553796837533696,0.1787685371247905,22.586025510374725,20.101974489625277,0.01798047640984874,0.019952193240165474,0.028485058395072375,12952134.0,-1.7616385345739591,0,0,-1,0,0,0.006419753086419704,-1.0818978253565223,0.3789687536069201,0.3167312485426912,-0.0357142857142857,-0.03295128939828085,0.3376209292152381,0.021728395061728457,0.0
2000-05-24,20.25,20.25,0.03282147891125067,0.03593200922606337,-0.009013581305361524,0.5902229572878581,0.0,20.912,21.3125,21.129666666666665,2,24,5,20.77586315943137,20.90932386967979,38.37719298245615,-0.10653081501493133,0.12170866669684613,22.633518347217308,19.991481652782692,0.01781781104313267,0.019952055467752933,0.028190016478310036,12952134.0,-1.608607484124849,0,0,-1,0,0,0.03999999999999994,0.686938065020696,0.2574413481612611,0.31672906147344454,-0.06076066790352497,-0.030172413793103425,-0.9047011099927158,0.06765432098765436,0.0
2000-05-25,19.44,20.25,-0.05164323315183835,-0.060624621816434854,-0.03845641777626647,0.1900985137150744,-0.04082199452025505,20.656,21.2345,21.063,3,25,5,20.532978948625665,20.814528781313353,30.916030534351123,-0.21143838407112625,0.05507925654325166,22.795612626167465,19.673387373832536,0.02023750049652767,0.021646778721791153,0.028234983677717165,11089867.0,-2.2990013275409877,0,0,-1,0,0,-0.012345679012345678,1.3923159035461066,0.32167266159466446,0.3436319591010242,-0.07692307692307676,-0.07428571428571418,-0.6193762987591165,0.04475308641975313,0.0
2000-05-26,19.13,19.44,-0.025317807984289897,-0.006018072325563021,-0.0036658852261054558,-0.6584585471462864,-0.016075015580131618,20.431,21.1065,20.988,4,26,5,20.27789186705736,20.70584950509959,13.626373626373578,-0.3159507144248863,-0.01912673765037593,22.911163840981995,19.301836159018006,0.019514742723208037,0.02000573175238042,0.028335665421637523,10125867.0,-2.190435642490075,0,0,-1,0,0,0.0030864197530863537,-0.7738768166031086,0.27139832223068744,0.3175811460760021,-0.0580994583948794,-0.11802674043337957,-1.549929736361446,0.04286461055933091,0.0
2000-05-30,19.56,19.13,-0.012903404835907841,-0.016227536621756695,0.006797411793552703,-0.20634177101345882,0.022228881154509796,20.281,20.9905,20.94633333333333,1,30,5,20.14736607304693,20.631923730577036,23.127753303964724,-0.3599310220875189,-0.08728759453780455,22.881982014328138,19.099017985671864,0.022069721605024805,0.020761819789141465,0.028359576532882142,10910134.0,-1.512570554902287,0,0,-1,0,0,0.006272869837950915,-1.0910792478081521,0.3667930909298713,0.32958367156324675,-0.034074074074074145,-0.10603290676416821,-0.4159633417069265,0.018916155419222775,0.0
2000-05-31,19.75,19.56,0.019547947554576343,0.009666826740459726,0.0160251555500926,0.2203510648202441,0.009666826740459726,20.156,20.8905,20.967,2,31,5,20.075117696129304,20.575025425378517,25.26766595289081,-0.3751300549048189,-0.1448560866112074,22.823923198153572,18.957076801846426,0.022690008312891533,0.02103305600177344,0.024162168349992616,11887734.0,-1.179772748241752,0,0,-1,0,0,0.003578732106339483,-0.5683534892691402,0.3840382314535947,0.33388941295432223,-0.024691358024691357,-0.09195402298850575,-0.6438502412894948,0.012658227848101266,0.0
2000-06-01,20.13,19.75,-0.022669698268761043,0.02203394097761541,-0.022822567343645187,0.4834075379658998,0.01905774830456921,20.012999999999998,20.819,20.977666666666668,3,1,6,20.085096296833065,20.54631410761216,31.262525050100194,-0.35244975235535847,-0.1863748197600376,22.753940771567486,18.884059228432513,0.0216016954919439,0.021664458762604335,0.023541655689199786,13473001.0,-0.7121665015532694,0,0,-1,0,0,-0.028354430379746772,0.7932380087504756,0.4214987210483811,0.3439126210479911,-0.005925925925926001,-0.06632653061224492,-0.9129766166891329,0.05613512170889233,0.0
2000-06-02,19.94,20.13,0.05376548353293957,0.02735881435196108,0.029467110062313763,-0.4315824701013137,-0.009483475118007774,19.901000000000003,20.7505,20.935999999999996,4,2,6,20.058715151954324,20.507197068411376,34.21052631578948,-0.3458204583082818,-0.21826394746968647,22.709108259910582,18.791891740089415,0.020854865833376243,0.02162581549021905,0.01967514058278656,12443401.0,-0.8276284917097204,0,0,-1,0,0,0.005961251862891257,-0.542106736784148,0.2723640985741165,0.3432991781165279,0.025720164609053464,-0.06428906616611907,-0.3801927455563753,0.05616850551654969,0.0
2000-06-05,19.69,19.94,-0.037740327982847086,-0.04283204544827938,-0.016435911847946596,-0.387179067425518,-0.012616871882658063,19.839000000000002,20.663,20.882,0,5,6,19.991676033417175,20.454474676900965,34.74387527839646,-0.35662861302002113,-0.24593688057975344,22.64809286538716,18.67790713461284,0.018234281653925155,0.021610279205533604,0.01971644257356222,11744334.0,-0.9803067825849363,0,0,-1,0,0,-0.022066198595787425,-1.2494606305857585,0.2562830592468817,0.3430525472430744,0.02927339257710404,-0.08162313432835822,-0.2835244720615181,0.028948704926358572,0.0
2000-06-06,19.56,19.69,0.031796774081998845,0.012497038423272138,0.0,0.5057388021500737,-0.006624228044363066,19.770000000000003,20.519,20.842333333333332,1,6,6,19.913189481886775,20.396766633229937,34.21052631578945,-0.3714027671329809,-0.27103005789039897,22.37497073479662,18.663029265203377,0.018270954632928223,0.018021398727676566,0.019217193565616134,10585134.0,-1.033421467289555,0,0,-1,0,0,0.02234636871508368,-0.13437359275957247,0.21800669384525112,0.2860808358658081,0.0,-0.12834224598930488,0.7673308424981551,0.04192229038854808,0.0
2000-06-07,20.19,19.56,-0.012497038423272122,0.005943553900848137,0.02909110478800499,-0.42788458805554935,0.03170076771807499,19.764000000000003,20.4285,20.817333333333334,2,7,6,19.96351866699827,20.383426850440912,35.20518358531322,-0.3284890386786543,-0.2825218540480501,22.152208059296775,18.704791940703224,0.02147681022563108,0.019711790033221724,0.02011005318315169,11340801.0,-0.2767289956250473,0,0,-1,0,0,0.016359918200409013,-1.0107136466292277,0.3167798740686148,0.31291496594295787,0.02227848101265839,-0.08227272727272716,0.7917715967800669,0.018325903912828182,0.0
2000-06-08,20.13,20.19,0.009013581305361389,0.0,0.0,-0.2644571888406817,-0.0029761926730461127,19.752000000000002,20.332,20.792333333333332,3,8,6,19.99378800027131,20.367076731057626,38.9021479713604,-0.2959100316141132,-0.28519948956126273,21.878072783743388,18.785927216256614,0.021496002071175416,0.019649019173265187,0.020110399325803427,10760734.0,-0.2613072322648547,0,0,-1,0,0,-0.006438831104507308,-1.305484044292114,0.2901181544183263,0.3119185094327979,0.0,-0.08748866727107885,2.0313834804209163,0.018380526577247938,0.0
2000-06-09,20.5,20.13,0.0,0.021495698204903532,0.009013581305361389,0.19995986665980353,0.01821364649266236,19.858,20.256999999999998,20.775666666666666,4,9,6,20.08582654567652,20.375652425828104,52.49343832020999,-0.23749730492122367,-0.27565905263325496,21.593737583978804,18.920262416021192,0.01699916513197399,0.02029876494411147,0.020387434978711944,11469201.0,0.3635717330198971,0,0,-1,0,0,-0.003477396920019885,-0.9230394062827925,0.2993784990064385,0.32223290378324926,0.028084252758274753,-0.06818181818181823,0.7520140033385819,0.030731707317073295,0.0
2000-06-12,20.75,20.5,0.033818464142917795,0.023878880522756024,0.028018544549371,0.6462367758328643,0.01212136053234482,20.02,20.2255,20.744333333333334,0,12,6,20.206585355553518,20.399803882226294,56.249999999999986,-0.1690828061741314,-0.25434380334143025,21.477840545580833,18.973159454419168,0.015308310678743879,0.0196957352139929,0.019549912226541358,12821201.0,0.8376315880705396,0,0,-1,0,0,0.012195121951219513,0.5651913478947039,0.25226443084363603,0.3126601035888164,0.05383443372270191,-0.02946679139382591,0.2956121434441257,0.026987951807229026,0.0
2000-06-13,20.63,20.75,-0.009198806089742962,-0.018095731874664758,-0.009252561747656624,-0.3676532014905478,-0.005799919593546895,20.127000000000002,20.204,20.70266666666667,1,13,6,20.283569836361966,20.414655244663308,54.611650485436876,-0.12312748315376609,-0.22810053930389743,21.409922228443058,18.998077771556943,0.014998770002603265,0.019466269819690008,0.019472237673661526,11885134.0,0.7065132227473725,0,0,-1,0,0,-0.009156626506024158,-0.3442339500383983,0.24877943827121082,0.30901745338189146,0.05470347648261753,-0.0204178537511871,0.33134989551088295,0.017935046049442436,0.0
2000-06-14,20.38,20.63,0.0,-0.0057831486480913,-0.012306333010757542,-0.10511519294418133,-0.012192299288581737,20.19,20.173,20.657,2,14,6,20.301102593387064,20.412419422426968,51.48741418764301,-0.10566245818734288,-0.20361292308058654,21.323361041723953,19.022638958276044,0.0158711984819938,0.019626051320947153,0.019550298571310798,11042467.0,0.3598870137149052,0,0,-1,0,0,-0.0033931168201648226,-0.5046191685331534,0.20342699644069642,0.3115539060805012,0.009410599306587386,-0.02952380952380962,0.42840908470470246,0.02453385672227674,0.0
2000-06-15,19.81,20.38,-0.01816000826221805,-0.02446305943270552,-0.040945825862126035,0.2127734363274973,-0.02836716708411917,20.157999999999998,20.0855,20.598666666666666,3,15,6,20.211811212771234,20.373553653238133,54.47941888619851,-0.13624498896080084,-0.1901393362566294,21.041444834347786,19.129555165652214,0.017523882097169194,0.019326545938657028,0.020087370877392766,10000000.0,-0.5763930932018,0,0,-1,0,0,-0.009322865554465052,0.03423414846247016,0.29723091394533435,0.30679940553331125,-0.01589667163437658,-0.08116883116883122,-0.1787577224721157,0.04088844018172652,0.0
2000-06-16,19.31,19.81,-0.03477296675504511,-0.028128424036376557,-0.016649708236564125,0.6543532483484059,-0.025563764270036492,20.095,19.997999999999998,20.532,4,16,6,20.04784553772192,20.304937288513095,52.08333333333332,-0.19853905165840047,-0.19181927933698362,20.897042765799966,19.09895723420003,0.018975174542283632,0.019438467367118465,0.02044873725552576,7994400.0,-1.5305167366266834,0,0,-1,0,0,-0.015648662291771767,2.3028303702215402,0.25770047024792664,0.30857610312983963,-0.05804878048780493,-0.08309591642924974,0.7134249567957892,0.029518384256861745,0.0
2000-06-19,19.56,19.31,-0.0030816665374080007,0.00609448305876121,0.016649708236564153,-0.8297032580414708,0.012863568166248295,20.082,19.9605,20.46933333333333,0,19,6,19.959146349045202,20.256876818286443,50.0,-0.22513936799801826,-0.19848329706919055,20.867280888058293,19.053719111941707,0.019267499926783126,0.01830088165116074,0.020592397122727063,8869200.0,-0.8833445990631758,0,0,-1,0,0,0.006732263076126493,-0.5497252634758011,0.26212319797985006,0.29051748973317865,-0.057349397590361506,-0.03692762186115217,0.7561725852843204,0.018916155419222955,0.0
2000-06-20,19.44,19.56,0.015820692314837747,0.012578782206860185,0.0030911925696728796,0.3600984323902533,-0.006153865574378112,20.07,19.919999999999998,20.369333333333334,1,20,6,19.864756103764254,20.204175088074415,46.19164619164621,-0.25298703045216087,-0.20938404374578462,20.844519790002177,18.99548020999782,0.019251600555171736,0.01832597606982605,0.01835088513347784,7615200.0,-1.038376906997015,0,0,-1,0,0,0.009713701431492909,0.41414353511557067,0.26164000748875255,0.2909158512796835,-0.057682985942801634,-0.039999999999999925,0.7785540104523235,0.02880658436213985,0.0
2000-06-21,19.56,19.44,-0.006094483058761233,-0.012578782206860073,-0.006709702591870122,-0.2919794375163403,0.006153865574378066,20.006999999999998,19.8855,20.288,2,21,6,19.80934590307984,20.16261540497284,42.519685039370074,-0.26234930695666137,-0.21997709638795998,20.809666196035728,18.961333803964273,0.01579445940402287,0.018411069434321137,0.01822750840506611,8551667.0,-0.7044187536749462,0,0,-1,0,0,0.009773662551440212,-0.40200020411388054,0.2904487355540476,0.2922666665637382,-0.04023552502453387,-0.034074074074074145,-0.058664908557687155,0.02249488752556244,0.0
2000-06-22,19.31,19.56,-0.016435911847946596,-0.009666826740459695,-0.0062337864208143615,-0.20293542470669013,-0.012863568166248203,19.925,19.8385,20.19633333333333,3,22,6,19.718555738883506,20.10760795949072,41.860465116279045,-0.2866377081273477,-0.23330921873583754,20.780061413152243,18.896938586847757,0.01609074957746342,0.018574788240262798,0.018257377054532162,7787200.0,-1.122603353573383,0,0,-1,0,0,-0.01278118609406953,-0.7565367009991956,0.24053917060736899,0.29486562203653466,-0.025239777889954573,-0.04641975308641977,-0.18787274270577425,0.01916105644743643,0.0
2000-06-23,19.06,19.31,0.003618510022197223,-0.006153865574378112,-0.009950330853168203,0.20818926999720633,-0.013031198214367002,19.781,19.819499999999998,20.098333333333333,4,23,6,19.598818331813774,20.040020349201,41.860465116279045,-0.3223435756186035,-0.2511160901123907,20.80903418068162,18.829965819318375,0.014178046214633375,0.016552937481002478,0.018322859938695393,6845800.0,-1.535065720472297,0,0,-1,0,0,0.003625064733298824,-0.2035862845242274,0.1847614889492364,0.2627697362539951,-0.012946659761781443,-0.01954732510288082,0.5661212648168269,0.023084994753410353,0.0
2000-06-26,18.75,19.06,-0.012983823010458667,-0.012943489012684457,-0.016450357698968954,0.5827460095947589,-0.016398145809636146,19.581,19.8005,20.010666666666665,0,26,6,19.44448772602945,19.956793229897713,40.00000000000002,-0.3713741717941623,-0.27516770644874505,20.85803387403773,18.74296612596227,0.012631962221299227,0.01656833689206308,0.01791886739489708,5159800.0,-1.986697591045715,0,0,-1,0,0,0.0036726128016789238,1.7425093886169494,0.14181137242288747,0.2630141943260143,-0.04141104294478526,-0.01986408782017768,1.4221093906930902,0.02666666666666667,0.0
2000-06-27,19.5,18.75,-0.030249056094107024,0.03833845451408367,-0.006979894109417048,0.13588626897101663,0.03922071315328133,19.468,19.7975,19.958666666666666,1,27,6,19.454580866751368,19.92732269893657,41.72661870503596,-0.3457272124240802,-0.2892796076438121,20.85824204414218,18.73675795585782,0.020302662302832824,0.018246359381201744,0.019519752269292517,7091200.0,-0.5609280817007437,0,0,-1,0,0,-0.010133333333333402,2.0135000649797177,0.37482960961570416,0.28965197552982125,0.0030864197530864335,-0.0030674846625766694,1.585019233662948,0.0707692307692309,0.0
2000-06-28,19.52,19.5,0.03650233337573873,-0.003013563305264406,0.03338058266155419,-0.3484102514577661,0.0010251154152453505,19.381999999999998,19.785999999999998,19.909333333333336,2,28,6,19.466475254614753,19.901043815134212,42.615012106537534,-0.32009808798969885,-0.2954433037129895,20.85387344016551,18.718126559834484,0.020247192718572015,0.018105896254703137,0.019529344147514387,8454400.0,-0.4981863767653397,0,0,-1,0,0,-0.01282051282051282,0.5813763223310032,0.3719830619436758,0.2874221925232817,-0.002044989775051076,-0.011645569620253204,1.8365991271295172,0.03534836065573759,0.0
2000-06-29,19.25,19.52,0.0,-0.016227536621756695,-0.01628614930225405,-0.19074869090613872,-0.013928520251153192,19.326,19.741999999999997,19.832333333333334,3,29,6,19.42711611741207,19.85904098835136,34.4913151364764,-0.3179089097235632,-0.29993642491510425,20.82263529073381,18.661364709266184,0.0188417229364534,0.017720910464719353,0.018849547930857052,7327933.0,-0.9105754813280286,0,0,-1,0,0,-0.013831967213114733,0.0675902183970954,0.3742908759233084,0.2813107325717367,-0.0031071983428274663,-0.04371584699453546,1.8301626868160554,0.03532467532467531,0.0
2000-06-30,18.94,19.25,0.0067305457288269225,0.022245608947319737,0.0021164029063776937,0.38011210133823586,-0.016234972975861007,19.288999999999998,19.692,19.761666666666667,4,30,6,19.338549550609873,19.79974802136095,27.872860635696796,-0.3373001927375725,-0.3074091784795979,20.825315582936508,18.558684417063493,0.017821552210607963,0.017927957270796165,0.018638764398513804,5680533.0,-1.327079608402647,0,0,-1,0,0,0.006753246753246701,1.2385735323282296,0.3815571748232892,0.2845974987235135,-0.006295907660020861,-0.05015045135406215,1.8020599625652447,0.057022175290390616,0.0
2000-07-03,19.44,18.94,-0.006730545728826871,-0.025317807984289897,0.011038219828429249,-1.3986319023327436,0.02605671127436072,19.276999999999997,19.679499999999997,19.732666666666667,0,3,7,19.35699508686262,19.776538471595728,36.68903803131992,-0.30876287666322,-0.30767991811632234,20.81840945067749,18.540590549322506,0.019487546493987686,0.018861016716097,0.0183755955314463,6087333.0,-0.42057777263596724,0,0,-1,0,0,0.016367476240760227,-1.6186922488372004,0.3942780143208296,0.2994093582277488,0.036800000000000166,-0.012696800406297615,0.4885649802856173,0.019032921810699637,0.0
2000-07-05,20.13,19.44,0.035216703799899204,0.04413956222487765,0.031895707894969476,1.2541666745091231,0.03487844061940693,19.345999999999997,19.708,19.728666666666665,2,5,7,19.49754143470578,19.799342441170197,47.454175152749485,-0.22784318028971384,-0.29171257055100064,20.86273578659471,18.55326421340529,0.02237045894062619,0.02042481173668593,0.019558609579472117,7513133.0,0.7309031293547572,0,0,-1,0,0,0.025720164609053495,0.6692658914478038,0.3715165137551728,0.3242338345835054,0.03230769230769215,0.02914110429447847,0.3738185751166101,0.03129657228017879,0.0
2000-07-06,20.06,20.13,0.006000018000096981,-0.0063992342420305555,0.0,0.013929741882668652,-0.0034834571179106883,19.395999999999997,19.7015,19.72233333333333,3,6,7,19.599806628395637,19.816159057868894,52.83446712018142,-0.16743209987982155,-0.26685647641676485,20.8462320992039,18.5567679007961,0.022460680483712803,0.019131021887081837,0.019568826337883153,6067333.0,0.6263474226839921,0,0,-1,0,0,-0.003477396920019885,0.6419771381148016,0.37710388150110213,0.3036955574385129,0.027663934426229497,-0.00643883110450727,0.5207175701526455,0.024925224327018946,0.0
2000-07-07,19.94,20.06,0.0064596497909568725,0.0029585820397450414,0.006560709881297005,0.24554939088774333,-0.006000018000097034,19.458999999999996,19.692,19.712,4,7,7,19.66165996868734,19.8241487960709,57.81637717121593,-0.12776607277942276,-0.23903839568929644,20.82485108418881,18.55914891581119,0.022037165359887374,0.01916619675439244,0.01959791476913134,4219133.0,0.43783336302773396,0,0,-1,0,0,0.006480558325025053,1.4039469866241459,0.354962249592169,0.3042539411463342,0.03584415584415601,-0.009438648782911008,0.4907594297852892,0.021564694082246726,0.0
2000-07-10,20.06,19.94,-0.009455158770755213,-0.008902135940593154,0.0,-0.3859083782453463,0.006000018000096981,19.558999999999997,19.669999999999998,19.732666666666667,0,10,7,19.734085428926004,19.839365002776002,56.410256410256444,-0.0856600279254991,-0.20836272213653698,20.752764493031062,18.587235506968934,0.021273929168994937,0.01872629744976397,0.01813188530493082,5475600.0,0.7203782586335911,0,0,-1,0,0,0.003009027081243667,0.004922265087704085,0.2924427134951096,0.29727075617459114,0.05913410770855321,-0.02146341463414636,0.49838465719469954,0.012462612163509473,0.0
2000-07-11,19.69,20.06,-0.012578782206860073,-0.00647896609770911,-0.025472594765807804,-0.026506480931845374,-0.018616889882755183,19.653,19.616999999999997,19.751333333333335,1,11,7,19.726069896394005,19.829728550984004,53.0120481927711,-0.08121044830575741,-0.18293226737038107,20.573597038850334,18.66040296114966,0.021529438701449206,0.018849872070934626,0.018218897793640207,4252000.0,0.15262434867608868,0,0,-1,0,0,-0.015453639082751682,-0.057337316452756186,0.3221271170026622,0.2992324424704506,0.012860082304526843,-0.051084337349397546,1.2393678144010465,0.03148806500761813,0.0
2000-07-12,20.69,19.69,-0.022530394906707853,0.0368139731227164,-0.003618510022197104,0.9250353218563092,0.049539599106417496,19.772,19.619999999999997,19.788999999999998,2,12,7,19.901329915231457,19.88522993479149,61.2326043737575,0.002973244539408171,-0.14575116498842322,20.59025227321795,18.649747726782046,0.02363875344185629,0.022259514131908,0.02000844284403724,7337867.0,2.2056119414206092,0,0,-1,0,0,-0.0192991366175725,2.963698088656059,0.4227349417593194,0.35335883218893827,0.0278191753601591,0.002908385845855621,1.6444415967595716,0.06959884001933307,0.0
2000-07-13,20.31,20.69,0.08389934128299999,0.01814758495125806,0.047531697112125085,-0.36705539229321205,-0.018537116165158463,19.851,19.6165,19.807666666666666,3,13,7,19.975633567007552,19.91263445512752,59.68992248062017,0.038581855805116305,-0.10888456082971532,20.57565039158862,18.657349608411376,0.024872548010329606,0.022486802108999907,0.020293075909966308,5200067.0,1.44607145257246,0,0,-1,0,0,0.014983083615273016,1.204614264828599,0.4552416463529196,0.35696691696921906,0.012462612163509412,-0.0034347399411187585,1.6035344841069132,0.04332840965041847,0.0
2000-07-14,20.75,20.31,-0.02702867238791926,-0.011902068613527354,0.0029585820397450414,-0.717036789794823,0.021432871084414096,20.000999999999998,19.6635,19.828333333333333,4,14,7,20.11642746391527,19.96665803866768,65.79439252336454,0.10114037624628125,-0.066879573414516,20.74667807254509,18.580321927454907,0.02453602677805292,0.021962808782816468,0.020372336231619024,6243734.0,2.006133668210441,0,0,-1,0,0,0.0064007877892664974,-0.6322184198280664,0.46386024174772794,0.3486487807907855,0.04062186559679026,0.047450782433114735,0.6789477404892369,0.027469879518072303,0.0
2000-07-17,21.13,20.75,0.02129799767893412,0.026466573188163273,0.024320264813249833,0.6451931404441725,0.01814758495125806,20.220000000000002,19.7545,19.868000000000002,0,17,7,20.300713379567036,20.04171235875364,71.9557195571956,0.17931425549509683,-0.017640807632593437,21.005444485284443,18.503555514715558,0.0231874243630831,0.021208967782715107,0.020501799106640593,8233334.0,2.1991383569467264,0,0,-1,0,0,0.006265060240963807,0.9584567650794701,0.46818919265707454,0.33668192590467094,0.05333998005982066,0.09425168306576914,0.2585505685317184,0.02981542830099397,0.0
2000-07-18,21.94,21.13,0.017565132355987848,0.03167581786035685,0.02092325496488273,0.40454892657980723,0.03761762321911889,20.470000000000002,19.8735,19.942999999999998,1,18,7,20.598765492373026,20.16418252915663,72.26277372262777,0.30313351410320166,0.046514056714565585,21.455534333249236,18.291465666750764,0.024333206625639224,0.02245037753022707,0.021333328052322544,11215001.0,2.612459106062197,0,0,-1,0,0,0.005679129200189352,2.159795732841155,0.41536546694413945,0.35638869470695983,0.11427120365667842,0.12167689161554196,-0.9027964449332468,0.04010938924339102,0.0
2000-07-19,21.5,21.94,0.05181080751335321,0.011233548820820836,0.011696039763191236,0.2078363618406826,-0.020258519713467166,20.607,19.976499999999998,20.00766666666667,2,19,7,20.762626311941567,20.250364301469105,66.77966101694916,0.36158867666962635,0.10952898070557773,21.701477803060968,18.251522196939028,0.024819666006536484,0.02305382360539665,0.02169844104717605,7544534.0,1.766399541253871,0,0,-1,0,0,0.02005469462169543,2.4589464784983783,0.41208653189255523,0.36596810417417996,0.03914934751087484,0.10596707818930029,-0.20658071047522003,0.04093023255813949,0.0
2000-07-20,20.94,21.5,-0.040114767750162046,-0.025799122670241502,-0.026391729691226284,-1.1336187260365498,-0.026391729691226284,20.695,20.045499999999997,20.032666666666668,3,20,7,20.794876073406737,20.294856927180778,63.65105008077547,0.35859384760720303,0.1593419540859028,21.81027193994023,18.280728060059765,0.026812202365159483,0.024091808463283893,0.021636357912450933,6363134.0,1.013728720131733,0,0,-1,0,0,0.0,-0.5852583368865737,0.4452882813591297,0.3824456029659022,0.03101920236336797,0.07055214723926384,-0.28803172499729307,0.041547277936962626,0.0
2000-07-21,22.0,20.94,-0.01735910350565188,0.011397433611818756,0.002861232281032195,0.5334226184053728,0.04938124791592503,20.901,20.18,20.095000000000002,4,21,7,21.013989514605512,20.404866157685245,72.04610951008647,0.43671933654567496,0.21481743057785724,22.11095558563231,18.249044414367688,0.03009812834239682,0.025913326006432338,0.02340006424448488,8377134.0,1.8850770194219886,0,0,-1,0,0,0.009073543457497503,0.3719303113840253,0.5441321386877068,0.4113612975333751,0.06024096385542177,0.13930605903676851,-0.15706661817513556,0.048181818181818124,0.0
2000-07-24,22.75,22.0,0.04307218219739102,0.04172820210379339,0.049243576101933285,0.3907486108911041,0.033522692038643644,21.17,20.3645,20.17,0,24,7,21.329627784677236,20.55616511525394,73.01808066759389,0.552780966494101,0.282410137761106,22.535141185893043,18.193858814106957,0.030953226203929336,0.02615479640383048,0.023920885981160052,11354001.0,2.1979680616983774,0,0,-1,0,0,0.002727272727272669,1.4175139770754766,0.5663150520028154,0.41519452125637163,0.07666824420255569,0.19359916054564552,-0.4892608749453659,0.041318681318681376,0.0
2000-07-25,22.81,22.75,0.036497152686240764,0.03208831455150045,0.02551044582008958,0.06203965688801395,0.002633890899337187,21.482,20.5675,20.238666666666667,1,25,7,21.598786369281374,20.701573817495625,70.42682926829269,0.6421992695420791,0.35436796411730065,22.858451307805836,18.27654869219416,0.029237161364990855,0.02551968297266712,0.023868128102084957,14521401.0,1.9577020186847698,0,0,-1,0,0,0.005714285714285671,1.4657966547652532,0.5307849618072819,0.40511240809732046,0.03965360072926161,0.21653333333333324,0.3358871102969243,0.04910127137220522,0.0
2000-07-26,22.63,22.81,0.005231049417552503,-0.013138565771838296,-0.008431378990950311,0.15865975284846565,-0.007922576650850659,21.676,20.723999999999997,20.305333333333333,2,26,7,21.78627975668476,20.825988409915265,69.26536731634185,0.6905788600264842,0.4216101432991374,23.132523461201554,18.31547653879844,0.02711193887720789,0.0248087265697926,0.023899277383949816,10809401.0,1.5827124217001747,0,0,-1,0,0,0.00832967996492772,1.8029939798190096,0.49579272573969424,0.3938263250872303,0.05255813953488375,0.16051282051282056,0.27432318804845274,0.04418912947414936,0.0
2000-07-27,22.94,22.63,-0.005231049417552556,-0.018949748779662233,0.011079218137254874,-0.5706497006676085,0.013605652055778678,21.939,20.895,20.390666666666668,3,27,7,21.996047073651166,20.96237625443686,71.865889212828,0.7453425977561245,0.4863566341905348,23.42610751710755,18.36389248289245,0.025308504293786446,0.02478952341910098,0.02378719822219883,12907268.0,1.6158934270298777,0,0,-1,0,0,0.01104728236853734,0.08018918395349593,0.3761549371289802,0.3935214845205168,0.09551098376313272,0.17520491803278704,0.42473443841663117,0.013513513513513457,0.0
2000-07-28,22.38,22.94,0.0,-0.002612104227924955,-0.030881845433434526,-0.5735440048482138,-0.024714408817445504,22.101999999999997,21.0515,20.476333333333336,4,28,7,22.06585669662368,21.05383585092481,65.89041095890411,0.7350823626695941,0.5361017798863467,23.541067918545927,18.561932081454074,0.02755649444660672,0.025394236666510948,0.02362954954896649,11725068.0,1.0672534700526919,0,0,-1,0,0,-0.0026155187445511016,-0.8925794382538096,0.3504363205368057,0.40312100972343506,0.01727272727272733,0.16259740259740263,0.22210826723793245,0.04200178731009836,0.0
2000-07-31,23.63,22.38,-0.027921157899347893,0.03217090646946956,0.011299555253933466,0.802669342593276,0.05434938831503736,22.351999999999997,21.286,20.620333333333335,0,31,7,22.350246388146648,21.220039989574822,74.08312958435204,0.8183818096796394,0.5925577858450053,23.821253750406033,18.75074624959397,0.03141519073711368,0.026874089680197073,0.024741172886327698,14363135.0,1.8491245695817204,0,0,-1,0,0,-0.005808757819481636,0.5940401181467378,0.4798081481173391,0.42661294803029276,0.03868131868131863,0.24762407602956693,1.0834540673356667,0.060939483707151985,0.0
2000-08-01,23.94,23.63,0.0521019560965628,0.01049768195913303,0.04137914265519119,-0.1028619342352057,0.013033608931010823,22.552,21.511000000000003,20.766333333333332,1,1,8,22.63929249939271,21.395521280569994,71.69559412550065,0.899047965488883,0.6538558217737809,24.152936291514532,18.869063708485474,0.03001931471580406,0.026648709978840047,0.024742609962790103,16743335.0,1.83880285667868,0,0,-1,0,0,-0.008040626322471338,0.23946150514238562,0.4782265021857971,0.42303515618817655,0.04953967558088568,0.2314814814814814,0.74999940740756,0.03132832080200501,0.0
2000-08-02,23.56,23.94,0.015661695789959476,-0.002509411605425807,0.010722813441371578,-0.310047800187963,-0.01600034134644119,22.758,21.6825,20.903666666666666,2,2,8,22.806693863139486,21.535165068920318,71.69559412550065,0.9216889939378454,0.7074224562065938,24.391439392378402,18.9735606076216,0.029593213759265227,0.02661858628184851,0.024984243290688837,14997668.0,1.3861513515454373,0,0,-1,0,0,-0.005430242272347642,-0.5191519906641081,0.4999787820284793,0.4225569573233197,0.041095890410958846,0.17039244908097362,0.754366077838525,0.018675721561969345,0.0
2000-08-03,24.06,23.56,-0.002523130018121093,0.007509422022131568,-0.005561511661146213,-0.20212315296617311,0.021000351763146786,23.07,21.8825,21.05366666666667,3,3,8,23.034567706205035,21.698057645119007,71.92052980132448,0.9688101530481426,0.7596999955749035,24.67637205373333,19.08862794626667,0.026925221744997285,0.026619833573843114,0.025123472738846336,16423868.0,1.5587685893420198,0,0,-1,0,0,0.008064516129032313,-0.8912087596607104,0.5077219694067348,0.42257675746989976,0.048823016564951915,0.19940179461615148,0.5094721653480738,0.03117206982543641,0.0
2000-08-04,24.31,24.06,0.015873349156290163,0.015670423756861843,0.021223207451105702,0.2951217253545881,0.010337077781499284,23.301,22.101,21.220333333333333,4,4,8,23.266464486895025,21.866570055111332,71.4285714285714,1.0146308884986794,0.8106861741596587,24.938410977040885,19.263589022959113,0.023710004887165227,0.026370393046771665,0.024841756422388377,18339668.0,1.5570532558549188,0,0,-1,0,0,0.00290939318370741,-0.3228477234757086,0.4098869725454674,0.4186170118607082,0.0862377122430742,0.2191574724172516,0.5643836157867814,0.025915261209378964,0.0
2000-08-07,24.75,24.31,0.015217237913741024,0.012604354711304572,0.02078212782926049,-0.031065312803024693,0.01793770068666747,23.500999999999998,22.335500000000003,21.410000000000004,0,7,8,23.536198216550474,22.05259779349125,69.92907801418437,1.0740672950368655,0.8633623983351002,25.23716902969572,19.433830970304285,0.022430657298280796,0.026405903536508034,0.02458443283390192,20196868.0,1.664214612548828,0,0,-1,0,0,0.007815713698066691,-0.4392665856032212,0.23397919609751783,0.41918072340936746,0.047397376216673726,0.2337986041874378,-1.7902068423606705,0.01777777777777783,0.0
2000-08-08,24.38,24.75,0.010152371464017908,0.0076474512371911335,-0.0024711709445397905,-0.3003253792600309,-0.015062364961573827,23.657999999999998,22.57,21.59766666666667,1,8,8,23.689616722632206,22.20275277455633,70.63037249283664,1.07887852756636,0.9064656241813521,25.325855011082012,19.814144988917988,0.023615621643079895,0.026212420623887168,0.024538903446650866,18821468.0,1.3135669276660178,0,0,-1,0,0,0.0,-1.0408241794954693,0.28508151691599115,0.41610927739095593,0.018379281537176162,0.23819197562214312,-0.40442991146958585,0.028301886792452883,0.0
2000-08-09,24.38,24.38,-0.020408871631207123,-0.010074636894802305,0.0,-0.052694825578931626,0.0,23.833,22.7545,21.760333333333335,2,9,8,23.815140954880896,22.343220337488184,76.79127725856692,1.070353099746832,0.9392431192944481,25.474248246863368,20.034751753136632,0.02319356108157584,0.02457001943821936,0.02387862263183752,18821468.0,1.1953312236709077,0,0,-1,0,0,-0.005332239540607015,-1.0198721819696261,0.2338114566074728,0.39003696684930805,0.03480475382003401,0.17834702754954068,-0.8490902578066517,0.018047579983593163,0.0
2000-08-10,24.19,24.38,0.012702485895449554,-0.002433091224641666,-0.004960737746551888,-0.5807605171643673,-0.00782379943118952,23.958,22.948500000000003,21.915999999999997,3,10,8,23.88329714490255,22.46236741248895,69.72972972972971,1.0363191822272952,0.9586583318810177,25.481160552400343,20.415839447599662,0.023570184435844556,0.024069672818182546,0.02401806578409529,18091468.0,0.9803919430287338,0,0,-1,0,0,0.007383100902378988,-1.5266185736038855,0.21196716873252383,0.3820942104936133,0.005403158769742511,0.1910388970950272,0.13473352376495418,0.02066969822240595,0.0
2000-08-11,24.94,24.19,-0.002445985728260414,0.01491061273575428,0.012765254666454336,0.5823434145487455,0.030533615629954488,24.214,23.158,22.105666666666664,4,11,8,24.07542493673845,22.62221467619934,69.72972972972971,1.0576735866524203,0.9784613828352982,25.617059298101523,20.69894070189848,0.02221456594040706,0.024415410158828563,0.02404305911492935,19398335.0,1.449334712160675,0,0,-1,0,0,0.012815212897891637,-0.8988661395157809,0.30058142465684623,0.3875826206274024,0.025915261209378926,0.20192771084337346,0.5218983742778909,0.022453889334402514,0.0
2000-08-14,24.44,24.94,0.005292094581765308,-0.01005033585350145,-0.007804516919902414,0.11312982575874736,-0.020251805948495804,24.295,23.323500000000003,22.288999999999998,0,14,8,24.141711311876914,22.739491148702612,63.6060100166945,1.022464945257262,0.987262095319691,25.64982780420821,20.997172195791794,0.017744270835033528,0.025182878999242066,0.024195060637365883,17934935.0,0.9598819203212094,0,0,-1,0,0,-0.012429831595830082,-0.6784257805917069,0.3194335840449584,0.3997658107717539,-0.012525252525252495,0.1566493137718885,1.5060900706393492,0.0204582651391162,0.0
2000-08-15,24.0,24.44,-0.025911381784500895,-0.022886164392763343,-0.015375328859090879,-0.25777790029727854,-0.01816730395544905,24.301000000000002,23.4265,22.440999999999995,1,15,8,24.115945618808382,22.820814300399217,60.959999999999994,0.9481280900871845,0.9794352942731898,25.67605925507773,21.176940744922273,0.01858258560774534,0.02471057359679124,0.024439089466108992,16804068.0,0.5098776559946034,0,0,-1,0,0,-0.01800327332242231,-0.9586633836181602,0.3276476932720668,0.3922681949452109,-0.015586546349466768,0.09389243391066548,1.4567602352194169,0.012916666666666762,0.0
2000-08-16,24.31,24.0,0.0,0.00782379943118948,-0.002935628025629947,0.3333428144611181,0.012833957980086394,24.375999999999998,23.567,22.580333333333332,2,16,8,24.151228233570492,22.91689079714766,60.959999999999965,0.9038114304515155,0.964310521508855,25.65515304944234,21.47884695055766,0.01800152980894952,0.024057503778213005,0.023883324483874396,18382335.0,0.7116336613338026,0,0,-1,0,0,0.0,-0.36332886985717894,0.34726390284918995,0.3819010329728904,-0.0028712059064807116,0.13069767441860458,0.7881738753483801,0.02344714109419993,0.0
2000-08-17,23.38,24.31,0.012833957980086394,0.0,-0.04554051510181193,0.4939395377974541,-0.0390068322841096,24.308,23.689,22.691,3,17,8,24.011004918375853,22.946768810234907,57.552870090634435,0.784602521273122,0.9283689214617085,25.377847629536213,22.000152370463788,0.020993383125904642,0.025059089170299892,0.025196356631464602,15795935.0,-0.36592999225733364,0,0,-1,0,0,0.0,0.8506278432670811,0.44249083046239074,0.39780070815843255,-0.03348491112029772,0.11652340019102181,0.4584324033431036,0.0697177074422583,0.0
2000-08-18,23.63,23.38,-0.04975731208468417,-0.013212413506592665,0.01656533084638842,-0.676886659688165,0.010636135154894191,24.240000000000002,23.770500000000002,22.814,4,18,8,23.94173129685297,22.990848241832655,50.0,0.7022069084265432,0.8831365188546755,25.261941902109847,22.279058097890157,0.02101447078616289,0.02278992500745081,0.02511992414211065,17110335.0,-0.18840827765566592,0,0,-1,0,0,-0.0106928999144568,-0.7399064633417828,0.34736935957488,0.3617788438051601,-0.05252606255012038,0.07409090909090899,-0.0035645599270783725,0.03935674989420228,0.0
2000-08-21,23.69,23.63,0.0289751842554235,-0.0024968801985871545,0.01586994490676541,-0.7449851983536308,0.0025359269718776994,24.134,23.817500000000003,22.935,0,21,8,23.89596197015243,23.03595480687571,47.672253258845444,0.6344359079521382,0.8333963966741681,25.2307288524773,22.404271147522707,0.019852657265367724,0.02164800473820905,0.025127759368905322,17734335.0,-0.18043786719539778,0,0,-1,0,0,0.007617435463393979,-1.4601255255700993,0.34542350384101767,0.3436514215082944,-0.030687397708674347,0.04131868131868144,-0.9350591737009375,0.021105951878429716,0.0
2000-08-22,23.31,23.69,-0.01055530171538541,0.0,-0.015869944906765476,0.7883604733864962,-0.01617056512302839,24.027,23.8425,23.055666666666664,1,22,8,23.789423430124714,23.05363514191599,47.672253258845444,0.5437955411080608,0.7754762255609466,25.19716251380792,22.48783748619208,0.019921238948409078,0.02202981209071331,0.02505128561772079,16361668.0,-0.7861736699322383,0,0,-1,0,0,-0.0054875474883918345,-0.4353270675100102,0.3413920497705795,0.3497124253290679,-0.028750000000000053,0.02192021043402015,-1.0299319338078141,0.03732303732303737,0.0
2000-08-23,23.13,23.31,-0.021450843942473024,-0.02617287430402331,-0.005636260314198102,0.5154868161978219,-0.007751976804317936,23.902,23.8675,23.137,2,23,8,23.66952826101113,23.05856190695367,40.7920792079208,0.45222493413782416,0.7108259672763222,25.144154756941617,22.590845243058382,0.019885723264385625,0.02202612187885798,0.023679546573171135,14063201.0,-1.155363258531652,0,0,-1,0,0,-0.010725010725010725,1.2049844638746023,0.2996460615982328,0.3496538450319418,-0.04853969559851912,0.022094564737074718,-0.8037579900992767,0.016428880242109773,0.0
2000-08-24,23.0,23.13,-0.002605298911763254,0.0,-0.002612104227924955,-0.3339750819254907,-0.005636260314198102,23.783,23.8705,23.226666666666667,3,24,8,23.547795849918195,23.054783719408274,36.71399594320489,0.3649576502251044,0.6416523038660786,25.138228594563635,22.602771405436364,0.019864532212400133,0.021877897141664524,0.023376977475764824,12417334.0,-1.3733223400228407,0,0,-1,0,0,-0.005620406398616473,0.0938016123443744,0.16210893698581005,0.34730085027537105,-0.016253207869974307,0.0026155187445509043,0.26782903624150955,0.019130434782608598,0.0
2000-08-25,23.5,23.0,0.0,0.015701574436728007,0.002612104227924961,-0.7389805455016386,0.021506205220963682,23.639,23.926499999999997,23.31833333333333,4,25,8,23.539105695387615,23.08350735041419,37.474949899799604,0.3323128249347924,0.5797844080798213,25.001268518529297,22.851731481470697,0.018148084763571017,0.021559606959136723,0.02337888765710371,13203401.0,-0.7936592720144336,0,0,-1,0,0,0.0,-1.3661228631092475,0.22761275186674737,0.34224815026903954,-0.00550148116800675,0.05004468275245766,1.1377150413490802,0.031914893617021274,0.0
2000-08-28,23.63,23.5,0.021506205220963682,0.007968169649176881,0.018949748779662153,0.14625640445661123,0.005516670048703211,23.558,23.926499999999997,23.401666666666664,0,28,8,23.555631932589865,23.11876494071005,42.10526315789474,0.3133197244944128,0.5264914713627397,25.001268518529297,22.851731481470697,0.017711061613032274,0.017597800073741628,0.023232955029597074,14113268.0,-0.55174671548014,0,0,-1,0,0,0.0,-1.0757338359849333,0.23151986319159046,0.27935641570172676,-0.002532714225411681,0.0,0.9074667616147085,0.021159542953872196,0.0
2000-08-29,22.94,23.63,0.002549937633272705,-0.01600034134644119,-0.03251966591706151,0.25691577169661217,-0.029634979497591706,23.451999999999998,23.8765,23.435000000000002,1,29,8,23.44369885393716,23.10723171872876,36.764705882352956,0.23982576005257883,0.46915832910070754,25.03815535245844,22.71484464754156,0.019052478216392905,0.01847822493359165,0.023061941031143833,12936868.0,-1.6123542977149978,0,0,-1,0,0,-0.0029623360135421196,-0.5042782406011048,0.29702898488813007,0.2933327270651791,-0.015873015873015817,-0.04177109440267335,-0.1347269622661127,0.03792502179598942,0.0
2000-08-30,22.44,22.94,-0.034985213386426496,-0.03235132248708929,-0.02499014472879217,0.12472326983742696,-0.0220370310467291,23.264999999999997,23.8205,23.466333333333335,2,30,8,23.26120815322131,23.06418451106884,34.78260869565217,0.1396259217001159,0.40325184762058924,25.143216105117588,22.49778389488241,0.018717968595691692,0.018758143938918215,0.023120806470710947,11604201.0,-2.087371575289426,0,0,-1,0,0,-0.008282476024411563,-0.15050124298056622,0.3263228934495795,0.29777630351718704,-0.0298313878080414,-0.04753820033955847,0.2775039967477324,0.03030303030303029,0.0
2000-08-31,22.64,22.44,-0.011049836186584935,0.010900478544616296,0.011233548820820836,-0.16514157162610515,0.008873172680486508,23.191,23.749499999999998,23.523,3,31,8,23.14826121627198,23.03681776841924,27.884615384615373,0.0754850122023143,0.3376984805369343,25.167125516581777,22.33187448341822,0.01592960759163011,0.018138655995495523,0.022548909819980575,12734001.0,-1.5652934953869289,0,0,-1,0,0,0.0026737967914437933,-0.5282589082807724,0.342909632931438,0.2879422372861913,-0.01565217391304341,-0.05901911886949285,-0.3051973784219025,0.030035335689045924,0.0
2000-09-01,22.13,22.64,0.0,-0.021921088211054856,-0.02855394534908598,0.23623992834731158,-0.022784099272023944,23.041,23.640499999999996,23.52733333333333,4,1,9,22.963122813313436,22.97831339626316,27.83109404990401,-0.016311825862370455,0.26689641925707336,25.204361280697153,22.07663871930284,0.01619604580858741,0.01836314446575075,0.02111425351662082,11303134.0,-1.9317570153365873,0,0,-1,0,0,-0.006183745583038894,0.13131235634759628,0.28030440185496713,0.2915058812731712,-0.058297872340425605,-0.08967503085150141,0.5032738154832319,0.03660189787618612,0.0
2000-09-05,22.88,22.13,-0.011173300598125189,0.019315789299291706,0.02002797940980955,0.14071557613604382,0.03332901244863893,22.96,23.546999999999997,23.531666666666663,1,5,9,22.948009574529173,22.97197059650425,39.85507246376811,-0.028217475903225875,0.20787364022501353,25.054135309819873,22.03986469018012,0.02056720474268178,0.019679471504826455,0.02110326684389604,12950201.0,-0.8851229158445153,0,0,-1,0,0,0.005422503389064664,0.6142469972948408,0.42554592416053283,0.3124019252097171,-0.03173931443080824,-0.0755555555555556,1.0185642836356963,0.03540209790209785,0.0
2000-09-06,23.31,22.88,0.03054010308897551,0.03208831455150045,0.03324037475672215,-0.16964418297258285,0.01861928653606857,22.96,23.493499999999997,23.548333333333336,2,6,9,23.01382601552387,22.99377894511688,41.13475177304964,-0.002921703417818833,0.16571457149644706,24.9512888808237,22.035711119176295,0.021109192605649467,0.020109296645479988,0.021366735164371733,14340268.0,-0.25175113133846205,0,0,-1,0,0,0.002622377622377722,0.06807444732503533,0.397183342086385,0.31922518778619274,0.016129032258064502,-0.04388843314191959,-0.044514271471998275,0.034749034749034693,0.0
2000-09-07,23.06,23.31,0.018998844342697524,-0.013138565771838296,0.0,-0.2440921034689738,-0.010782938206752826,22.953,23.4275,23.562666666666665,3,7,9,23.022221285428618,22.998051271238374,46.774193548387096,-0.0030128024287598976,0.1319690967114057,24.834951971696427,22.02004802830357,0.0212552732063402,0.020194593766629933,0.02141334666181834,13251268.0,-0.5222203064692077,0,0,-1,0,0,0.0030030030030030156,-0.5427116141101734,0.3587595263163308,0.32057923760686774,0.027629233511586415,-0.05414273995077934,-0.07397669488313612,0.02168256721595837,0.0
2000-09-08,23.19,23.06,-0.0029985029962565574,0.0,0.002612104227924961,0.31396382684743557,0.0056216364265273796,22.972,23.377499999999998,23.571,4,8,9,23.05272650625978,23.010435060190737,45.45454545454548,0.007320528003454285,0.10703938296981541,24.741269929663066,22.01373007033693,0.021228517191583928,0.020235569961248062,0.021296790400060894,14741935.0,-0.27497306682267136,0,0,-1,0,0,0.010841283607979185,0.2325349450724101,0.35764577546689613,0.32122971453066784,0.024293286219081223,-0.04133939644481188,0.06951078823544776,0.018973695558430412,0.0
2000-09-11,22.31,23.19,-0.007751976804317936,-0.013313488465464112,-0.03856006186619145,0.17787665357311874,-0.03868614282299928,22.853,23.246,23.568666666666665,0,11,9,22.91768532330346,22.965245701468753,37.80918727915193,-0.05486641286023897,0.07465822380380453,24.476034659332193,22.015965340667805,0.023068658803111666,0.02020571820725977,0.021977027913293205,12961068.0,-1.5219083346938702,0,0,-1,0,0,-0.0025873221216042375,0.8058066618943105,0.43978177653027467,0.32075583262715524,0.008133755083596927,-0.10545308740978354,-0.5476215656155972,0.04482294935006724,0.0
2000-09-12,22.13,22.31,-0.036095467798906655,-0.027615167032973266,-0.011361176509177784,0.08003981365977149,-0.008100854381482812,22.703,23.130499999999998,23.518666666666665,1,12,9,22.774469809975557,22.911358882019158,39.1941391941392,-0.11732209116814118,0.036262160809415384,24.321668820065106,21.93933117993489,0.022781613591537662,0.019923015401683022,0.01932692205742958,11031801.0,-1.6798626410407782,0,0,-1,0,0,0.0,1.0441916431904752,0.3364057472781206,0.31626806471617736,-0.032779720279720315,-0.09451718494271699,-0.5872976147569834,0.02801626751016724,0.0
2000-09-13,22.5,22.13,0.0,0.008408989581375943,0.011361176509177924,0.16037589953298298,0.016581155147416184,22.659,23.0555,23.470666666666666,2,13,9,22.724566208161818,22.884819599308248,44.42477876106196,-0.13540192925931294,0.0019293427956697182,24.204292959222176,21.90670704077782,0.022275783566127336,0.02021916504948293,0.019434938436147336,13296668.0,-0.9671020274638779,0,0,-1,0,0,0.008133755083596915,1.5368191175986239,0.3267794035651017,0.32096929462980484,-0.03474903474903468,-0.0625,-0.7144125262966181,0.02488888888888899,0.0
2000-09-14,22.63,22.5,0.00848030076593335,0.0026408466052090258,0.0027075828815444087,-0.5707598712812348,0.005761150435071441,22.678,22.9715,23.439666666666664,3,14,9,22.707372352132396,22.86837962515933,46.725663716814154,-0.13765363227365768,-0.025987252218195762,23.969904516690463,21.973095483309535,0.021193641360592076,0.01998454901641936,0.019299020037796752,14576535.0,-0.6840914565010434,0,0,-1,0,0,0.0,-0.3831541392937729,0.3354234659214171,0.3172448805673566,-0.018647007805724147,-0.06910736322501032,-1.3575333573609867,0.024745912505523587,0.0
2000-09-15,22.63,22.63,-0.013873572265871784,0.0,0.0,0.3096544907035769,0.0,22.677,22.934,23.392,4,15,9,22.693304651744686,22.853000294503893,41.55339805825242,-0.13784908469488144,-0.0483596187135329,23.924106852288133,21.94389314771187,0.021012716814190247,0.018224394042118338,0.018833603797933172,14576535.0,-0.6140751360269024,0,0,-1,0,0,-0.01944321696862562,0.710597079170141,0.32797259143767665,0.28930328658175386,-0.024148339801638774,-0.03207869974337041,-1.2137634320052175,0.024745912505523587,0.0
2000-09-18,22.44,22.63,0.008525965939276414,-0.005288685751513419,0.005393271499938402,-0.38273722095607043,-0.008431378990950311,22.708,22.8745,23.329666666666665,0,18,9,22.64724926051838,22.82635511421332,38.57965451055665,-0.15158798235031767,-0.06900529144088986,23.83095122581811,21.91804877418189,0.019755459361632723,0.018052895550925305,0.018723943475677077,13386868.0,-0.9085669781610571,0,0,-1,0,0,-0.01104728236853734,-0.5332743275134093,0.16672529518373208,0.28658083243423643,0.005826983415508913,-0.050359712230215736,0.7709466680581961,0.014260249554367213,0.0
2000-09-19,22.56,22.44,0.0026773777707163942,0.002647839146304499,-0.03095376847947377,0.5985621508485052,0.005333345975362382,22.676,22.818,23.256666666666664,1,19,9,22.631385758605944,22.809170913296335,45.905172413793075,-0.1510519280079876,-0.08541461875430942,23.70240524171869,21.933594758281313,0.01633190204488727,0.01810439011701198,0.01838192289731518,15551468.0,-0.5834429463548286,0,0,-1,0,0,0.0,1.5413075704054995,0.1455696923633088,0.28739828332865563,0.019430637144148166,-0.04769945124525121,0.11257495064603397,0.04698581560283698,0.0
2000-09-20,23.19,22.56,0.005333345975362382,0.0299566572521718,0.03095376847947366,0.0304832301103273,0.027542724637582183,22.663999999999998,22.812,23.217,2,20,9,22.732951984313956,22.833740531793346,57.86163522012578,-0.09865414266276673,-0.08806252353600089,23.68389086714512,21.940109132854882,0.017771263220222672,0.018993606810505364,0.019068286859577573,17783068.0,0.8670809942939448,0,0,-1,0,0,0.0,1.4984702999175679,0.21362291421444266,0.30151416072443943,0.03066666666666662,-0.005148005148005064,1.2064065344675499,0.04614057783527383,0.0
2000-09-21,23.0,23.19,0.027542724637582183,0.02366974408590492,0.025228158067155927,0.2735115207857429,-0.008226935338290668,22.657999999999998,22.805500000000002,23.171,3,21,9,22.781506168984144,22.844466949097004,53.781512605042,-0.07163417815966966,-0.08477685446073464,23.66930979875294,21.941690201247063,0.017624823706984052,0.019003865791993063,0.019104842287453863,14849468.0,0.4503306174132141,0,0,-1,0,0,0.0,2.5626687225985005,0.23684171461598055,0.301677017006767,0.016349977905435242,-0.005620406398616495,1.4666057734538818,0.04608695652173923,0.0
2000-09-22,23.38,23.0,-0.01915600587048093,-0.010497681959133023,-0.00833886771984671,-0.8963559394990883,0.016386740114772525,22.677,22.8245,23.144000000000002,4,22,9,22.890323229168843,22.879017468510103,63.498920086393085,-0.019334956077077692,-0.07168847478400325,23.72236823555664,21.92663176444336,0.018341377727936994,0.01930846689592448,0.019354356375835272,16046535.0,1.2373753252460515,0,0,-1,0,0,-0.010869565217391304,-0.6680603888046782,0.250809149059665,0.30651240962723664,0.033141847105611966,0.016521739130434643,0.416282614299174,0.0427715996578272,0.0
2000-09-25,23.63,23.38,0.040487872773734786,0.007988270353707165,0.02179685247568984,-0.0010029529444535075,0.010636135154894191,22.808999999999997,22.831,23.10033333333333,0,25,9,23.024809914774508,22.927467954412677,59.079903147699746,0.04180357924207456,-0.04899006397878769,23.751066359163133,21.910933640836866,0.012343066505480997,0.01883613591145535,0.018535827348077794,17242402.0,1.7368312449261785,0,0,-1,0,0,0.013259195893926531,-0.7412708484735346,0.21237484128117268,0.29901438769874283,0.05303030303030298,0.00553191489361704,-0.18636538098136557,0.029200169276343536,0.0
2000-09-26,23.5,23.63,-0.01317206212677189,-0.010524197325584867,-0.005621636426527467,-0.30367871828135196,-0.00551667004870317,22.945999999999998,22.8245,23.069000000000003,1,26,9,23.11120811208823,22.964405505740892,52.4804177545692,0.07885737666599724,-0.023420575849830705,23.72236823555664,21.92663176444336,0.012044976197910702,0.01884087989643732,0.018225069048535398,16359735.0,1.5046751254792248,0,0,-1,0,0,-0.010579771476936098,-1.3453486510904895,0.24087832555554647,0.2990896961256572,0.04166666666666674,-0.00550148116800675,0.12440052834049282,0.024255319148936184,0.0
2000-09-27,23.81,23.5,-0.0029985029962565574,0.010524197325584777,0.0056216364265273796,0.0015848455885671415,0.013105239348658012,23.076999999999998,22.868000000000002,23.062666666666665,2,27,9,23.23826118261764,23.01895998924148,59.64010282776349,0.1317188147996582,0.007607302280067077,23.86792841849095,21.868071581509053,0.011747017453848915,0.017748472524348927,0.018119670681958296,17243802.0,1.884134869217189,0,0,-1,0,0,-0.008085106382978777,-1.274936284915432,0.1803024659114123,0.2817482667041402,0.026735661923242615,0.037925021795989444,-0.48938371271900494,0.028979420411591673,0.0
2000-09-28,24.19,23.81,0.024158835476735672,0.015375328859090886,0.010722813441371578,0.5842275663598833,0.01583366412316459,23.232999999999997,22.9555,23.058666666666667,3,28,9,23.411304603959888,23.094510957677517,62.07729468599034,0.20194679265594928,0.046475200355243516,24.09435399461616,21.81664600538384,0.012184112917053881,0.017078048349163683,0.018203405733299406,18829469.0,2.167968863148393,0,0,-1,0,0,0.0029399412011759884,0.02578598115479882,0.14393878946910305,0.2711056128613457,0.05173913043478273,0.07798573975044554,-1.8856066682983657,0.03348491112029759,0.0
2000-09-29,24.25,24.19,0.017846499803630633,0.010256500167189061,0.013138565771838298,-0.08174712305954529,0.0024772927615561912,23.395,23.036,23.087666666666667,4,29,9,23.56379467596718,23.169058637827355,79.21686746987956,0.2594536494646533,0.0890708901771255,24.301516744883095,21.770483255116908,0.012055895583224507,0.017039216720081827,0.01670969674006595,20290669.0,1.9185838589787214,0,0,-1,0,0,0.004960727573377323,-0.24626415100490742,0.13936548657381861,0.27048917986002113,0.037211291702309746,0.07111307420494706,-0.8477013710947111,0.030927835051546393,0.0
2000-10-02,24.56,24.25,-0.0024711709445397905,0.0024459857282604423,0.007968169649176881,-0.28899052916652174,0.012702485895449554,23.607,23.157500000000002,23.118666666666666,0,2,10,23.744922916700418,23.258796790225592,85.21739130434787,0.3262814871413937,0.13651300956997914,24.51967898197995,21.795321018020054,0.01085017805571597,0.01598888891999255,0.016754287372082278,21385136.0,2.0592007637079246,0,0,-1,0,0,0.0,-0.9036217768625736,0.14324716200306495,0.2538157429352184,0.039356749894202236,0.10980569362855852,-0.9431994235518041,0.025244299674266998,0.0
2000-10-03,25.5,24.56,0.012702485895449554,0.06196497625357948,0.025568403149114568,1.1221495643361303,0.037559348885438874,23.901,23.2885,23.179,1,3,10,24.064027840936703,23.403390545694908,87.31343283582093,0.4499069270631537,0.19919179306861406,24.997969292838704,21.579030707161294,0.014090081856460481,0.016424837092915742,0.018056035943097914,24746736.0,2.5873527056196908,0,0,-1,0,0,0.0,2.570016615717064,0.20935159006370904,0.2607362056356249,0.0851063829787233,0.11451048951048959,1.344405681499477,0.06156862745098041,0.0
2000-10-04,25.75,25.5,0.0473155238308034,0.004581909505111765,0.032842359007299794,-0.31230976766654484,0.009756174945364656,24.157,23.410500000000003,23.26033333333333,2,4,10,24.370568233493664,23.55478470403717,87.68115942028989,0.5615803409384554,0.27166950264258233,25.44399297618927,21.377007023810734,0.012996230639276685,0.0161646714478957,0.017749204215840576,27206603.0,2.300966885446714,0,0,-1,0,0,0.00980392156862745,1.0960844315973202,0.2140905122486155,0.2566062040571905,0.08147837043259143,0.10467610467610466,1.4630378420326458,0.03378640776699033,0.0
2000-10-05,26.31,25.75,0.0,0.018868484304382736,0.0,-0.12234325716222978,0.021514467942456088,24.488,23.573,23.366333333333333,3,5,10,24.72319219104027,23.73254052958316,89.14893617021279,0.6873463450750812,0.3548048711290821,25.974658199091564,21.171341800908436,0.011554136180002823,0.016120763090057458,0.01792271370088,29383203.0,2.279258556471757,0,0,-1,0,0,0.0,0.6097930212467176,0.2181643145207766,0.2559091804852871,0.08763952046300116,0.1409366869037294,0.9929617440143429,0.052071455720258494,0.0
2000-10-06,26.13,26.31,0.021514467942456088,-0.004496073516174746,0.014473164823503516,-0.17199174332057487,-0.006865015519680196,24.762999999999998,23.720000000000002,23.470666666666666,4,6,10,24.978975429032946,23.887215334126186,89.33901918976545,0.7636889825601827,0.43658169341530223,26.37001290960124,21.069987090398765,0.013148717047956704,0.01640459199480091,0.017947761841428253,27550536.0,1.8188590638697257,0,0,-1,0,0,0.0,0.07469783452550022,0.2627742558024453,0.2604148246663452,0.07752577319587628,0.12677878395860276,0.16888518469338817,0.033677765021048564,0.0
2000-10-09,25.81,26.13,-0.01647862541950157,-0.009432252536672318,-0.0046710867337654,-0.5808192164850574,-0.012322065801998643,24.981,23.895000000000003,23.547666666666665,0,9,10,25.13007080557241,24.01126595773095,83.23108384458078,0.7892715164011008,0.507119658012462,26.614314929207563,21.175685070792444,0.01511277563089436,0.013525379854714898,0.017889231814522014,26525269.0,1.4084429717436588,0,0,-1,0,0,-0.009567546880979718,-1.0392326390924582,0.3287857249774378,0.21470874889955127,0.05089576547231278,0.15688032272523533,0.36005191014864546,0.02905850445563735,0.0
2000-10-10,25.81,25.81,-0.002708455902177344,0.0045385857030080376,-0.002734910866645691,-0.04243804160224319,0.0,25.212,24.079,23.620333333333335,1,10,10,25.253694295468332,24.127313315296693,80.75117370892016,0.8003202649499599,0.5657597793999616,26.79346728320301,21.36453271679699,0.014619730314532486,0.013155030534399105,0.017893782635711866,26525269.0,1.275388368621232,0,0,-1,0,0,0.0,-1.0050749765754465,0.21515491037481896,0.20882963570088692,0.012156862745098085,0.16629010393131494,0.5855406038558337,0.03641999225106553,0.0
2000-10-11,25.31,25.81,-0.024314923366003587,-0.03338119261619687,-0.037063417376887536,0.5015147761068788,-0.01956243917348981,25.362000000000002,24.2195,23.699333333333332,2,11,10,25.26393169629227,24.203615682051748,75.27352297592998,0.7599701931298313,0.6046018621459356,26.880204101509612,21.558795898490388,0.017122318782945747,0.014293648577131196,0.017364162476367125,24902669.0,0.8197078355171316,0,0,-1,0,0,-0.024021697016660112,-0.06112653036377433,0.24963430238067968,0.2269046367770483,-0.017087378640776696,0.12488888888888883,1.1747797831481737,0.039510075069142635,0.0
2000-10-12,24.06,25.31,0.012231361799861597,-0.0050850882115992405,-0.036382681651796256,0.2755916821342831,-0.0506488640104999,25.349,24.291,23.753333333333334,3,12,10,25.04503502423913,24.194350154177442,56.25,0.6199811603006147,0.6076777217768714,26.846636906917844,21.735363093082157,0.024069243435241642,0.01891419022288929,0.019362050611949292,22765202.0,-0.18077685400043236,0,0,-1,0,0,0.007506914263137151,0.6132934492001797,0.30408626440446035,0.3002534614796064,-0.08551881413911055,0.06319045514803356,-1.5062066957807627,0.07273482959268496,0.0
2000-10-13,24.31,24.06,-0.06312775203455336,-0.042457317860985826,-0.005065439281833798,-0.547201625620134,0.010337077781499284,25.355,24.374999999999996,23.809,4,13,10,24.911392292559285,24.201811434553093,56.25,0.5231808507016531,0.5907783475618278,26.808273731546073,21.94172626845392,0.024298783710875817,0.018963167465739204,0.019380779756110782,24001869.0,-0.05342596614372472,0,0,-1,0,0,-0.0049875311720697195,-0.6303440084762907,0.3615633610597715,0.30103095110650135,-0.06965174129353235,0.07423773751657081,-0.9325373479526048,0.03331962155491577,0.0
2000-10-16,24.56,24.31,0.023122417420854212,0.02025180594849592,0.010524197325584777,0.5532340138537167,0.010231314950909745,25.355,24.480999999999998,23.89,0,16,10,24.84750278482123,24.224920374259348,59.532374100719416,0.4613209973041563,0.5648868775102935,26.73764772336513,22.224352276634868,0.024171074938025863,0.018792239190936214,0.018834500456663014,26152269.0,0.0700153587837762,0,0,-1,0,0,0.007815713698066691,0.5950345281931013,0.4020439875468044,0.2983175488635532,-0.04843084075939563,0.0944741532976825,-1.206848877759558,0.04315960912052127,0.0
2000-10-17,25.5,24.56,0.02020270731751947,0.03428907347863195,0.04343165172748922,-0.46821950745223423,0.037559348885438874,25.355,24.627999999999997,23.977333333333334,1,17,10,24.96613864212646,24.307183575920035,63.65105008077545,0.4825838358411083,0.5484262691764565,26.735885945181884,22.52011405481811,0.024171074938025863,0.020239149586429483,0.01909238804864222,27498669.0,0.8273692435714392,0,0,-1,0,0,0.017915309446254125,-0.48909619511508723,0.5308925861104083,0.32128653931876905,-0.012010848508330008,0.13031914893617036,-0.47992440565293826,0.034117647058823426,0.0
2000-10-18,25.38,25.5,0.01980262729617973,0.0,-0.007647451237191175,0.1196081335273576,-0.00471698987813891,25.318,24.737499999999997,24.046333333333333,2,18,10,25.041386161739826,24.376397538763904,60.03372681281616,0.484170574457341,0.5355751302326335,26.756513568422534,22.71848643157746,0.02396951309863946,0.019715916880559677,0.018937349833945547,25981202.0,0.6364494127713962,0,0,-1,0,0,0.0,-0.19777139818975342,0.5104067500608384,0.3129804776134876,0.0027657052548399896,0.09443725743855103,-0.9319032933561738,0.04176516942474384,0.0
2000-10-19,26.38,25.38,-0.00471698987813891,0.02864431087771055,0.02513597327154224,0.20739748512833775,0.03864468500292699,25.325,24.906499999999998,24.157,3,19,10,25.284770495968946,24.505662213682363,65.50218340611353,0.5596682121258176,0.5403937466112704,26.878442937148293,22.934557062851702,0.026375558269474325,0.020912809501847828,0.019871623053670132,27848402.0,1.4944651513404217,0,0,-1,0,0,0.0,0.4257054161593193,0.30734394085617756,0.3319805589453475,0.09642560266001654,0.14695652173913043,0.12912029551876944,0.044730856709628494,0.0
2000-10-20,26.38,26.38,0.02912261724627961,0.004882638808199672,0.026440109410457494,-0.18296443691895697,0.0,25.35,25.0565,24.263333333333332,4,20,10,25.4839031330655,24.62658723215447,63.8719512195122,0.6124407976253252,0.5548031568140814,26.995661783104563,23.117338216895437,0.02625010881213538,0.02084673872027641,0.019888953832462877,27848402.0,1.3650227758522548,0,0,-1,0,0,-0.009476876421531463,-0.10313961269236584,0.33289355231701984,0.3309317178035537,0.08515014397367349,0.12831479897348164,0.3285066617771388,0.023881728582259384,0.0
2000-10-23,26.06,26.38,0.002293578987099586,0.009323207565785207,-0.004615392808401169,0.006964118573334339,-0.012204575592469473,25.375,25.177999999999997,24.388333333333332,0,23,10,25.58864801796268,24.71906547524128,54.71380471380471,0.6212803925594095,0.568098603963147,27.043956506516473,23.31204349348352,0.026243496776882362,0.021212851877069467,0.01849908047275525,26282535.0,0.9453596554043942,0,0,-1,0,0,-0.007202426080363826,-0.11696222211068134,0.39258090756454095,0.33674358399105303,0.06107491856677516,0.10283537875581894,0.4693876081898313,0.038372985418265546,0.0
2000-10-24,26.94,26.06,-0.0022935789870995125,0.004444451760423976,0.002310359133184085,0.2883415533754749,0.033210599285518894,25.488,25.35,24.54866666666667,1,24,10,25.8343483783331,24.862351573612813,59.05631659056317,0.6913253128917027,0.5927439457488582,27.19880046459736,23.501199535402645,0.02816346042061362,0.02198145332631487,0.01902160718885799,28371735.0,1.7200341848099665,0,0,-1,0,0,0.0026861089792785987,0.6620457463563983,0.37459715501746893,0.34894475374321604,0.05647058823529427,0.14638297872340433,0.4867447689847368,0.039346696362286514,0.0
2000-10-25,26.56,26.94,0.014060653459655535,-0.009281670494774089,0.014509609267686355,-0.49991860442493474,-0.014205846373984945,25.613,25.487499999999997,24.684,2,25,10,25.96628503681799,24.971877278541022,51.956181533646316,0.7080120702700903,0.6157975706531047,27.26159280004135,23.713407199958645,0.027709848252461942,0.02242521796759615,0.019295212470970192,27104468.0,1.2090686574851133,0,0,-1,0,0,-0.016332590942835977,-0.7892600729870664,0.4045896951123718,0.3559892990320604,0.046493301812450705,0.11549769004619903,0.44745091937215103,0.016189759036144568,0.0
2000-10-26,26.31,26.56,-0.0071956379399752265,0.0026075634070807695,-0.014509609267686402,0.2568575427079797,-0.009457229556031689,25.838,25.5935,24.80666666666667,3,26,10,26.028778666487447,25.058207776699668,51.39318885448916,0.6930742070164619,0.6312528979257761,27.292939845794596,23.894060154205402,0.021045293270337856,0.022532802242356487,0.019492083643588756,25466068.0,0.8432190192233491,0,0,-1,0,0,-0.00941265060240964,-0.1423746922986055,0.31492935203657596,0.35769714644804296,-0.0026535253980287665,0.08763952046300116,1.860097041441411,0.03344735841885211,0.0
2000-10-27,26.94,26.31,0.0,0.004454350349380375,0.004987541511038968,-0.41947854978159793,0.023663075930016722,26.101,25.727999999999998,24.950333333333333,4,27,10,26.194455272580637,25.179613726590013,58.345642540620396,0.723728881595342,0.6497480946596893,27.405386438230195,24.0506135617698,0.02156234892210366,0.022941523199731025,0.019759457732231506,26543135.0,1.4451052809020914,0,0,-1,0,0,0.0,-1.066173191380494,0.3594624023081411,0.3641853905010425,0.021228203184230576,0.11092783505154635,0.6899866872812269,0.032293986636971084,0.0
2000-10-30,28.81,26.94,0.025887770952127784,0.06488568309210802,0.032752786471808085,1.2144032661830395,0.06711037811421915,26.526,25.940499999999997,25.162666666666667,0,30,10,26.670008859384154,25.41383219584227,67.3611111111111,0.8886722433697258,0.6975329244016967,28.02281121593308,23.858188784066915,0.028483484936973738,0.027017381675751028,0.02269155005391049,30171002.0,2.7560721740762304,0,0,-1,0,0,0.0022271714922048524,2.5445200716962084,0.5425566289354783,0.4288876379409044,0.10552570990023025,0.1730456026058631,0.5018784378253456,0.0628254078444984,0.0
2000-10-31,28.5,28.81,0.05406722127027579,0.0,0.027398974188114347,-0.42922083207944906,-0.010818461821832206,26.826,26.0905,25.360666666666667,1,31,10,27.00273452131431,25.612939796110513,68.87573964497041,0.9830447092229377,0.7546352813659449,28.452617471119744,23.728382528880253,0.02852865085878454,0.026376709178547782,0.02296038982269045,27809202.0,2.0401186896583896,0,0,-1,0,0,-0.010760152724748307,0.9372939285838819,0.5666582713290157,0.41871727734427333,0.057906458797327254,0.11764705882352944,1.414131379773978,0.037192982456140306,0.0
2000-11-01,28.94,28.5,0.0,0.017206205626363928,0.01997925893136473,-0.050362235028742965,0.01532063392873292,27.182,26.25,25.55233333333333,2,1,11,27.35496460834807,25.82758884152274,81.9371727748691,1.0808801772364482,0.8198842605400457,28.92534552613513,23.57465447386487,0.0279594762946939,0.02645055454425927,0.022699798698485405,30055002.0,2.010955200905239,0,0,-1,0,0,0.0,0.7818221729427159,0.5182654618444126,0.4198895361831566,0.08960843373493987,0.12388349514563113,1.1402380196191826,0.03455425017277125,0.0
2000-11-02,28.69,28.94,0.01532063392873292,-0.010632924736326954,-0.0021216415313582452,-0.45779455648083545,-0.008676091210064409,27.413,26.369,25.742,3,2,11,27.59769831592115,26.012260529166436,78.66492146596858,1.1252711544295266,0.880961639317942,29.258719709591354,23.479280290408646,0.02714041819547805,0.02638219435492317,0.022710665405250362,28634135.0,1.6063841709604583,0,0,-1,0,0,0.0,-0.5040520696421532,0.5157348390757739,0.4188043518197929,0.09045990117825942,0.09045990117825942,1.1534721656390137,0.026141512722202855,0.0
2000-11-03,28.69,28.69,-0.006586953959978399,-0.006573280890036914,-0.006748382918135066,-0.20710889772613741,0.0,27.644,26.496999999999996,25.918999999999997,4,3,11,27.796298622117305,26.185017914381508,77.94316644113665,1.1472268071656444,0.9342146728874825,29.56352623629661,23.430473763703382,0.02714041819547805,0.026269249742864483,0.022688227812360684,28634135.0,1.4302828875506046,0,0,-1,0,0,0.002091321017776184,-0.866301964083843,0.5259089431750297,0.41701141168720124,0.06495916852264294,0.09797168006123247,1.7488361480532004,0.026141512722202855,0.0
2000-11-06,29.5,28.69,0.006586953959978477,0.03847282989504524,0.026377474422122182,0.39424372314684636,0.027841633352500724,27.988,26.6815,26.114666666666665,0,6,11,28.106062509005067,26.398887726356897,77.54820936639116,1.2159701042419115,0.9905657591583683,30.00707094425362,23.35592905574638,0.026687372345971246,0.02642881470419616,0.02300797850136374,30347402.0,1.6950472849603124,0,0,-1,0,0,0.008713837574067618,-0.025976512814217367,0.26420635882927423,0.41954442692106075,0.023950017355085063,0.14296784192173573,0.6854905051294816,0.0383050847457628,0.0
2000-11-07,29.19,29.5,0.01916554214243627,-0.010408017406008455,0.0024267649281883,-0.05906711742155496,-0.0105640784797507,28.213,26.8505,26.304333333333332,1,7,11,28.303142052822327,26.578959485946775,75.57046979865773,1.2312422588829541,1.0387010591032855,30.329583212572068,23.371416787427933,0.026492075069731495,0.026679239828304467,0.02312472956276083,28732402.0,1.3448945351729156,0,0,-1,0,0,0.0,-0.252091300266008,0.2632736748822308,0.4235198025236591,0.02421052631578946,0.13095699341340583,0.6941718803897332,0.025693730729701953,0.0
2000-11-08,29.56,29.19,-0.012621692374430931,0.008401998679142762,-0.0045115467812659625,-0.35041417660778046,0.01259591121397753,28.512999999999998,27.063,26.496,2,8,11,28.5316616795819,26.771284680401823,73.31378299120234,1.2586920409078992,1.0826992554642083,30.66297719291032,23.46302280708968,0.025295258246160204,0.025996818586794174,0.023120549614025033,29870002.0,1.3872310107505752,0,0,-1,0,0,-0.002055498458376234,-1.0089606405586837,0.2569641585182301,0.41268670115711403,0.021423635107117978,0.16791781904385616,0.8486213537896518,0.038227334235453284,0.0
2000-11-09,29.88,29.56,0.019041717804325304,0.002006018726865766,0.01929098747944157,0.5328389272514733,0.01076726418461559,28.869999999999997,27.353999999999996,26.685666666666666,3,9,11,28.776814101476102,26.971846959085575,74.50980392156862,1.2913812770709434,1.1244356597855554,30.871866578362326,23.836133421637665,0.02426585345223833,0.02219664823014102,0.02307466664863314,31808202.0,1.4360976709787163,0,0,-1,0,0,0.0043978349120433885,0.3603866739923614,0.23079194974359443,0.3523608669368108,0.04147786685256172,0.24189526184538646,0.12656202119513754,0.021084337349397676,0.0
2000-11-10,29.25,29.88,0.0020188432159703373,-0.0020060187268658544,-0.006160183751457846,-0.46948781967118985,-0.021309786586750985,29.101,27.601,26.85233333333333,4,10,11,28.862847901207715,27.11882457462844,71.40939597315437,1.252019495978498,1.149952427024144,30.906236037434947,24.29576396256505,0.026128488956671612,0.023337507416321457,0.023639305232246867,30596202.0,0.9978107350419176,0,0,-1,0,0,-0.004350736278447088,-0.8710711179734858,0.3123688388084555,0.37047144506227264,0.019518996165911462,0.20320855614973277,-0.2060345306090767,0.02564102564102564,0.0
2000-11-13,29.63,29.25,-0.03210658289520172,-0.008401998679142677,-0.013130803727983748,-0.16400809833024588,0.01290778790760837,29.183,27.854499999999994,27.021333333333335,0,13,11,29.00233010098813,27.280835892394347,69.35251798561151,1.237225855567285,1.1674071127327723,30.948660714364486,24.760339285635503,0.015428550682987532,0.023349865452518853,0.023641230891286998,31624869.0,1.1476456227741052,0,0,-1,0,0,-0.015042735042735086,-1.067740319480049,0.2505978699390263,0.3706676228051013,0.004406779661016991,0.20643322475570036,-0.8442164596483704,0.029699628754640533,0.0
2000-11-14,29.88,29.63,0.023667714249337047,0.01241002007668152,0.023716526617316065,0.005364391663107126,0.008401998679142762,29.320999999999998,28.073499999999996,27.167333333333332,1,14,11,29.161906446263014,27.44852389933665,74.34017595307921,1.2314789765491874,1.1802214854960553,31.0848978219601,25.06210217803989,0.0147154799612705,0.022359039411343175,0.022875504690397192,32659069.0,1.1997750591611704,0,0,-1,0,0,-0.004387445156935505,-1.010963970025481,0.2312256093119901,0.35493874702023637,0.023638232271325776,0.17176470588235282,-2.1517027508224946,0.018741633199464484,0.0
2000-11-15,29.88,29.88,0.006420025429894303,0.0,0.004067802219325527,0.3798494079649141,0.0,29.415,28.298499999999997,27.305,2,15,11,29.29246891057883,27.6053933251859,77.16894977168953,1.212942487557239,1.186765685908292,31.129585155535864,25.46741484446413,0.014283150883665621,0.02224064443387617,0.022882633959560236,32659069.0,1.1172394422029708,0,0,-1,0,0,-0.006358768406961102,-0.23027609966880963,0.22121360939065265,0.3530592850190956,0.010825439783491264,0.17730496453900702,-1.6279291028219438,0.014725568942436455,0.0
2000-11-16,29.56,29.88,0.0,-0.0020020026706730793,-0.0020318327342267978,-0.9219725973726066,-0.010767264184615554,29.502,28.4575,27.413333333333334,3,16,11,29.341110926837224,27.731496981625522,70.926517571885,1.1590698253834084,1.1812265138033153,31.190401870097013,25.724598129902986,0.014488904613123528,0.02137298168045262,0.02284156377719163,32057669.0,0.8068346778663236,0,0,-1,0,0,-0.006358768406961102,-1.512995588601318,0.2213517303090338,0.339285565814502,-0.010709504685408322,0.12054586808188028,-0.449816543549346,0.01488497970230045,0.0
2000-11-17,29.5,29.56,0.0020188432159703373,0.004000005333346137,-0.004076092600042942,0.640750587548179,-0.0020318327342267978,29.583,28.6135,27.525666666666666,4,17,11,29.369999849230453,27.84559395055291,57.75280898876408,1.0988668014536742,1.1647545713333871,31.19931779795316,26.027682202046837,0.014551025451530777,0.021407358194112255,0.022778606979282346,30916269.0,0.6856631590220486,0,0,-1,0,0,0.006427604871447946,-0.6471694831948679,0.14714547059094119,0.3398312760510109,0.008547008547008517,0.1182714177407127,-0.1367843701113839,0.02305084745762711,0.0
2000-11-20,30.06,29.5,0.0,0.0,0.002040123114944263,-0.270751273526077,0.018805120979054214,29.639,28.813499999999998,27.667333333333332,0,20,11,29.49545442209764,27.98845885696885,66.59574468085108,1.0838488561930149,1.1485734283053128,31.1769343877637,26.450065612236294,0.012968482815595189,0.02116356097597738,0.0227098714162698,31786936.0,1.054820905080803,0,0,-1,0,0,0.00847457627118644,-0.9772610169898228,0.17876485312794096,0.33596111519392535,0.014512318596017648,0.15349194167306224,0.46970504314318495,0.02062541583499659,0.0
2000-11-21,32.25,30.06,0.012692221150570967,0.07218139551157854,0.02316705928153438,1.2634470444012442,0.07032265891695309,29.945,29.078999999999997,27.881999999999998,1,21,11,29.99628089080716,28.263396995228927,75.65891472868219,1.2344319605478447,1.1657451347538192,31.731600709929147,26.426399290070847,0.025143049028560863,0.025157112373548646,0.025803684075287124,34867003.0,2.3908611560951427,0,0,-1,0,0,0.0023286759813706016,1.9847683013945145,0.5345501336744746,0.3993567782694934,0.07931726907630532,0.19710467706013368,1.7159468069392185,0.0675968992248063,0.0
2000-11-22,30.38,32.25,0.06208779403919704,-0.0018587365946254378,0.001989390576537657,-0.14752789011874456,-0.059733546074154695,30.026999999999997,29.27,28.051,2,22,11,30.06604800156949,28.399952027794804,60.47087980173481,1.18916878634667,1.1704298650723894,31.699641515684505,26.840358484315495,0.03307668459534139,0.02893754963183942,0.028067803500620377,32209403.0,0.913715042185784,0,0,-1,0,0,-0.005891472868216984,1.2767831665929446,0.755498277872051,0.45936935926461486,0.016733601070950455,0.1438253012048194,0.31769809521452896,0.06780776826859772,0.0
2000-11-24,30.56,30.38,-0.04562922633672312,-0.04567873063320497,0.006273753448879227,-0.902810543800243,0.00590746713069303,30.095,29.482499999999998,28.267666666666667,4,24,11,30.155857455829583,28.539309961485465,61.33333333333333,1.154513378794789,1.1672465678168693,31.536475605861604,27.428524394138392,0.0329878058240379,0.02867804772749673,0.026012709840375004,33286870.0,1.049184807185682,0,0,-1,0,0,0.008229098090849244,-0.6875286349054625,0.743926427531822,0.4552498942427843,0.03382949932341006,0.16153553781832009,-0.009450131023697673,0.014070680628272242,0.0
2000-11-27,30.5,30.56,0.0,0.00226941254799884,-0.00826314402541695,0.7267907328193933,-0.0019652806849537567,30.22,29.660500000000003,28.474,0,27,11,30.218428827496933,28.665806093002534,56.66666666666667,1.1094185338034919,1.1556809610141938,31.375860634171147,27.945139365828858,0.03199267994637799,0.02849974012137729,0.026076600305666043,31058203.0,0.9788029214109151,0,0,-1,0,0,0.002290575916230376,0.6847883495746727,0.7438726933362944,0.4524193487468045,0.03389830508474567,0.13214550853749074,-0.010796057325504916,0.02459016393442623,0.0
2000-11-28,31.0,30.5,-0.01248373636783336,0.0038784793285708383,-0.0023259688173814298,-0.011765168147337322,0.016260520871780326,30.357,29.77,28.688666666666666,1,28,11,30.360532677042944,28.816399248292694,61.76853055916776,1.1013309084250835,1.1448109504963717,31.535624982534014,28.004375017465986,0.0321091067909663,0.024540845034160968,0.02611956961176137,33260803.0,1.3932743500657894,0,0,-1,0,0,-0.00819672131147541,0.8859902729777189,0.7415917192403082,0.389573837542586,0.031270791749833604,0.07601527247483508,0.041267100542574674,0.030322580645161332,0.0
2000-11-29,32.44,31.0,0.014440684154794428,0.049097336649193274,0.016496579973491306,0.7468415671350682,0.04540502476206587,30.613,29.966999999999995,28.919999999999998,2,29,11,30.738617644853317,29.05017994195123,66.43835616438356,1.1973154650838786,1.155311853413873,31.99561736684213,27.93838263315786,0.034707635574007585,0.02602498719305661,0.0264852651008421,37909003.0,2.4381138014702297,0,0,-1,0,0,-0.009999999999999959,3.1032753622747986,0.6051130846186099,0.41313386391881224,0.005891472868216896,0.13824561403508762,-0.909590212935107,0.06165228113440209,0.0
2000-11-30,31.56,32.44,0.05360407961784429,0.005818420946921363,0.01848002015519706,-0.70886010542643,-0.027501733269538597,30.781,30.098000000000003,29.125999999999998,3,30,11,30.88795989124362,29.212103816664055,59.01287553648069,1.188672989929561,1.1619840807170108,32.18491764647261,28.01108235352739,0.03648571876597711,0.027004637943356384,0.027174920540093003,35621136.0,1.401109432824169,0,0,-1,0,0,-0.0018495684340319105,0.5936156690691884,0.42643346188965003,0.4286853374607585,0.03884134298880837,0.09053213545266048,0.29354386854396547,0.05133079847908749,0.0
2000-12-01,30.88,31.56,-0.03360341291117485,-0.04082199452025505,-0.020445300840150834,0.2532583578050161,-0.02178177082109811,30.913,30.2075,29.276,4,1,12,30.88651263829023,29.319710022040567,58.69797225186767,1.1141106747524745,1.1524093995241036,32.21152621056524,28.203473789434756,0.03719383712740109,0.027489731981731685,0.026996423382664052,32673869.0,0.6711489065907165,0,0,-1,0,0,-0.007921419518377694,1.168687644985935,0.4762787925969732,0.4363859665888849,0.010471204188481575,0.07633321714883223,0.7438791015991544,0.030440414507772063,0.0
2000-12-04,30.78,30.88,-0.030153038170687558,-0.018620120625991114,-0.016529301951210582,-0.4433141280866394,-0.0032435967458421546,31.041000000000004,30.312,29.422666666666665,0,4,12,30.867146704055642,29.413922278683113,56.32563256325634,1.0350192805282354,1.12893137572493,32.19729601193884,28.426703988061163,0.0372211554358385,0.027524300935715167,0.02702609115749719,30782002.0,0.4964737601271521,0,0,-1,0,0,-0.016191709844559588,0.05234831958456745,0.47710699348305013,0.4369347317208285,0.009180327868852478,0.07284768211920523,0.7809346517261496,0.027940220922677044,0.0
2000-12-05,31.65,30.78,0.007542255789694252,0.025277301655170392,0.008298802814695064,0.8867950399000644,0.027873020179451945,31.2,30.4195,29.608999999999998,1,5,12,31.009483666954615,29.558185357477754,59.11431513903193,1.0306597063579233,1.1092770418515288,32.354381745332766,28.484618254667232,0.037724407035590254,0.02752580479046462,0.027123372849867704,35374202.0,1.271912356368191,0,0,-1,0,0,-0.005523066926575754,2.278934486137649,0.5059497625566433,0.4369586046748785,0.020967741935483897,0.07288135593220324,0.47285237268963926,0.04423380726698258,0.0
2000-12-06,31.54,31.65,0.033095389942131924,0.010685205371241405,0.02610262390263739,-1.0004594288225233,-0.0034815670552928307,31.129,30.537,29.762333333333334,2,6,12,31.105941182053773,29.68604436667274,58.4521384928717,1.0067237470352275,1.0887663828882685,32.44270445601755,28.63129554398245,0.0294689449521615,0.02737682782058202,0.02669780645812921,33685602.0,1.0526291176293112,0,0,-1,0,0,-0.00031595576619267016,-0.2628025501329278,0.3436452691064971,0.4345936685945666,-0.027743526510480843,0.080507022953066,0.9792909835800724,0.029803424223208554,0.0
2000-12-07,30.41,31.54,-0.011123585218662429,-0.01829704041087139,-0.034401426717332435,0.21870400601927528,-0.03648507984561897,31.131999999999998,30.579500000000003,29.890666666666668,3,7,12,30.97940642168036,29.732751181726112,53.99811853245533,0.886355417115336,1.048284189733682,32.43059327582119,28.728406724178814,0.025318369741637065,0.028705569972664838,0.027532414088282806,31584202.0,-0.18313501779083372,0,0,-1,0,0,-0.007926442612555486,0.057127773112462546,0.3817055214902196,0.45568679634020604,-0.03643852978453732,0.028755074424898552,0.5413020278707266,0.046366326866162454,0.0
2000-12-08,31.89,30.41,-0.02852705599151747,0.024529531760161642,0.01357412002711795,0.5716216348324399,0.04752097933269295,31.265000000000004,30.68,30.076666666666664,4,8,12,31.144968890465748,29.87192852484056,59.91701244813279,0.9000115071539874,1.0186296532177432,32.58855139334878,28.771448606651216,0.029602919635127324,0.03052110483283698,0.028516886298066053,35306069.0,1.2679773824449239,0,0,-1,0,0,0.0,1.3453475092402962,0.5166613610054999,0.48450751875970954,0.03270725388601048,0.06726907630522083,0.03300807365834369,0.05581687049231726,0.0
2000-12-11,31.93,31.89,0.04154517919396165,0.009276504370292182,0.03585076330040513,-0.6660405682487149,0.001253525704724339,31.407999999999998,30.814,30.243,0,11,12,31.287701819471973,30.004707329689555,58.10928013876843,0.9036450647950538,0.9956327355332054,32.675560183230836,28.95243981676916,0.02954034909270175,0.02997018104641492,0.02834742705934733,37218136.0,1.1989942737850365,0,0,-1,0,0,-0.005957980558168745,-0.21343193062028548,0.5120834031402732,0.4757618747783725,0.03736192332683563,0.09162393162393156,-0.09477093704061387,0.030378953961791494,0.0
2000-12-12,31.79,31.93,-0.0006311139370098648,0.0021521914533305935,0.0037998779097748424,-0.5085385723432455,-0.004394231803979357,31.487000000000002,30.922000000000004,30.342333333333332,1,12,12,31.37902876138616,30.11988750196765,47.57383966244725,0.8850258285902441,0.9735113541446132,32.744555753244654,29.099444246755354,0.029378792794995355,0.029972569352775286,0.025742878816465344,36068269.0,0.9525085841184453,0,0,-1,0,0,-0.007829627309740057,-0.8757322204583897,0.48132147992942365,0.4757997879664775,0.004423380726698234,0.07289908876139051,0.8280614100770155,0.02893991821327467,0.0
2000-12-13,30.49,31.79,0.008486613877318725,-0.00184445179864786,-0.03997953448727721,0.5475165263667379,-0.041753013922547905,31.292,30.952500000000004,30.408666666666665,2,13,12,31.217387168406855,30.14376572764716,50.61728395061727,0.7566486397848813,0.930138811272667,32.72125662542957,29.18374337457044,0.02794224425271384,0.03157079872170985,0.026885193090891747,34080202.0,-0.522966238939382,0,0,-1,0,0,0.005033029254482547,-0.20050312691436206,0.5696490715112541,0.5011708926559209,-0.0332910589727331,0.020414993306559603,0.8873082980382276,0.06887504099704826,0.0
2000-12-14,29.85,30.49,-0.03860744271309405,-0.055675351225242066,-0.05233261545806733,0.41862368253635496,-0.021213921161552192,31.121000000000002,30.951,30.439000000000004,3,14,12,30.968771319605608,30.124813100057022,46.21131270010673,0.5963913136292831,0.8633893117439903,32.72363289161124,29.178367108388763,0.0274862381711755,0.0319690028759576,0.02710707011422387,31058602.0,-1.2422199827277742,0,0,-1,0,0,0.00819940964250574,0.6451871215544129,0.5294107672747547,0.507492187634955,-0.018414995067411954,-0.0010040160642569296,0.9140237227959234,0.06331658291457276,0.0
2000-12-15,30.03,29.85,-0.044570063765813836,-0.01573802975023979,0.0188846813905272,-0.15768706402730268,0.006012042156627753,31.036,30.9745,30.483666666666668,4,15,12,30.79808562513186,30.118696125859795,47.52370916754479,0.4783960716141671,0.7863906637180257,32.68070508423655,29.268294915763448,0.027045720316290028,0.03188098477979178,0.02705226840725278,33639402.0,-1.1071353716222438,0,0,-1,0,0,-0.015075376884422205,0.1801226992690496,0.3047540043789296,0.5060949436749862,-0.05832549388523045,0.015899864682002773,-1.0078951317885323,0.028638028638028737,0.0
2000-12-18,31.19,30.03,0.040005334613699206,0.0357064871219972,0.030483016725075966,-0.5457056988051292,0.03790064862447301,31.076999999999998,31.058999999999997,30.567,0,18,12,30.869342784198796,30.187812504836582,50.93596059113302,0.4730334623816468,0.7237192234507499,32.61885019523668,29.499149804763313,0.029991691479527443,0.03293835788498122,0.02786700506448151,35134802.0,0.16796484739372858,0,0,-1,0,0,0.01898101898101899,-0.8743016094218213,0.47405941637314614,0.5228802213510226,-0.023175696836830517,0.057288135593220435,0.41923991066538296,0.033664636101314545,0.0
2000-12-19,31.02,31.19,0.005215135679108119,0.013618579440504229,0.014412303182815204,0.1912645524755249,-0.005465372871319169,31.014,31.107,30.617666666666665,1,19,12,30.89673500525356,30.241502020653577,42.0045045045045,0.44988003962247447,0.6689513866850948,32.59483275800422,29.619167241995775,0.028536748480668114,0.032778836248409146,0.02749816426859248,33324202.0,-0.11694862817337269,0,0,-1,0,0,-0.01378647002244308,-0.6502097409119384,0.474128662100371,0.5203478938764001,-0.02422145328719727,0.031936127744510934,0.45472151805393096,0.033526756931012223,0.0
2000-12-20,29.57,31.02,0.0006499837732899861,-0.02904304976613588,-0.05859416426605282,0.07122676022700253,-0.04787182388400686,30.816999999999997,30.973000000000003,30.630333333333333,2,20,12,30.65551045884382,30.19817930964367,39.47089947089947,0.3109435398581901,0.5973498173197138,32.50934014874069,29.436659851259318,0.03192446938595478,0.029977230995021493,0.028831794760604417,31379935.0,-1.8264184544679387,0,0,-1,0,0,-0.007736943907156623,-0.4602291465079297,0.503314878928392,0.4758737892429852,-0.0301738274844211,-0.08310077519379844,0.21000193283446988,0.06357795062563405,0.0
2000-12-21,31.85,29.57,-0.03571808260207934,0.04185772739378735,0.022166295457260423,0.36796735745604137,0.07427704815378657,30.961000000000002,31.0465,30.706666666666667,3,21,12,30.87269037541767,30.304748386440856,54.389140271493225,0.38042698260859,0.5539652503774891,32.603896951056115,29.48910304894389,0.039309879828685085,0.032280373417629134,0.03197303037848626,34189002.0,1.0318499717816008,0,0,-1,0,0,0.004396347649644877,0.4092796054499598,0.7412070672994403,0.5124350417480811,0.06700167504187604,0.04838709677419373,0.14938298390285967,0.08006279434850877,0.0
2000-12-22,31.75,31.85,0.06674567953004669,0.0068090637571674465,0.060525420387852934,-0.8849497698187514,-0.0031446566794717194,30.946999999999996,31.106,30.769000000000002,4,22,12,31.03220121625082,30.397990426025316,54.389140271493204,0.42255301914969223,0.5276828041319298,32.676013744492614,29.53598625550739,0.03625792130044233,0.032298617537333964,0.03195650639431255,33029602.0,0.8203749836701235,0,0,-1,0,0,-0.0031397174254317556,-1.2730417095536293,0.7501564094475115,0.5127246581698507,0.057276057276057335,0.038939790575916344,0.32062287998790523,0.02897637795275596,0.0
2000-12-26,31.94,31.75,-0.003154576748515544,-0.013039613507803516,0.000634719158090907,-0.21789600174403043,0.005966417448165834,30.948,31.177999999999997,30.858666666666668,1,26,12,31.19725554056885,30.49747491466885,51.39826422372228,0.46589902476850753,0.5153260482592453,32.76300340361611,29.592996596383884,0.03630487244170328,0.032290988465608676,0.03164790518599732,33962002.0,0.9615121308402684,0,0,-1,0,0,-0.003149606299212643,-1.363458926940467,0.7122118408979518,0.5126035504107344,0.02404616864379605,0.047213114754098395,1.021288714819527,0.015028177833437708,0.0
2000-12-27,34.01,31.94,0.028039220064392908,0.07173909715497673,0.0321551036648998,0.9417050602967227,0.06279545623223759,31.169999999999998,31.3285,31.004666666666665,2,27,12,31.708663624101785,30.72408943630312,60.0162206001622,0.6596783850138053,0.5441965156101574,33.353015796561564,29.303984203438436,0.04147229871105654,0.035059920946524874,0.03354567821733931,36353002.0,2.649028478369255,0,0,-1,0,0,0.01909830932999361,0.03604794145420402,0.8115707150878569,0.5565589908605345,0.09638942617666024,0.09709677419354823,-0.07430436322528615,0.05380770361658352,0.0
2000-12-28,33.4,34.01,0.06970946055380332,0.017587306424893406,0.01705798290457677,-0.3412010913937988,-0.018098699036449364,31.461000000000002,31.376500000000004,31.122000000000003,3,28,12,32.01617932881055,30.896728827509374,62.65876375952582,0.7553211500491344,0.5864214424979528,33.55187679736806,29.201123202631948,0.039058890792402316,0.034015079716623736,0.033800964770232166,34653202.0,1.8603673648153143,0,0,-1,0,0,0.026168773890032363,-0.5684678827397649,0.6779723564493458,0.5399726505373429,0.12952316537030772,0.0295930949445129,0.47208443847724346,0.05628742514970068,0.0
2000-12-29,33.53,33.4,-0.026126304592220036,-0.0014300016736862224,0.010216435015082698,-0.018125989163938885,0.0038846604954824865,31.828999999999997,31.475,31.24366666666667,4,29,12,32.29141945084499,31.066617290250708,57.83938814531549,0.832017662255744,0.635540686449511,33.854212607477514,29.09578739252249,0.03764428863228486,0.03331713927135503,0.033791503306546615,36322469.0,1.7274622650715956,0,0,-1,0,0,0.01796407185628747,-0.5631411252315742,0.5024927538100172,0.5288931894486548,0.05274725274725278,0.06242078580481625,1.728875578603249,0.044437816880405455,0.0
2001-01-02,33.46,33.53,-0.022305757514298277,-0.039106237736751835,-0.01475708153296652,0.41507037117951534,-0.002089864919459242,32.172000000000004,31.603999999999996,31.37366666666667,1,2,1,32.50388864160045,31.22102907797647,57.2926596758818,0.8770417939018778,0.6838409079399843,34.123042424581826,29.084957575418166,0.03788172655082082,0.03282618736802585,0.03369515117087381,33794402.0,1.473575817452227,0,0,-1,0,0,-0.008350730688935316,0.4224901806675071,0.5007167799152481,0.5210995695972378,0.05385826771653557,0.08354922279792754,1.7214395217082505,0.01912731619844592,0.0
2001-01-03,32.86,33.46,-0.007547205635382966,-0.018018505502678365,-0.03740197970257027,0.5714535263910597,-0.018094582949555956,32.339,31.708,31.485666666666663,2,3,1,32.568636161309456,31.326769137461863,54.88584474885845,0.8544590845773214,0.7179645432674517,34.25539164843715,29.160608351562853,0.0376036601939853,0.0331716534452417,0.03392862992745734,29317602.0,0.9044545629304911,0,0,-1,0,0,-0.01374775851763302,2.145451766115643,0.5426379470138574,0.5265836735575709,0.02880400751408896,0.06757634827810266,1.8082584007041078,0.03804017041996348,0.0
2001-01-04,34.75,32.86,0.022472855852058576,0.05167201054432086,0.038614836127779516,-0.08985828412215306,0.05592345940167911,32.712,31.863,31.642,3,4,1,32.9652477683441,31.547622741496582,68.4575389948007,0.9777978840002213,0.7699312114140058,34.750126416935956,28.975873583064047,0.040649681145144494,0.034907120364440505,0.03521453497400186,33409669.0,1.999912427155797,0,0,-1,0,0,0.027084601339014018,1.895141674509581,0.49319144995179587,0.5541333568182476,0.02175830638047649,0.09794628751974721,1.7221134635971067,0.050359712230215826,0.0
2001-01-05,34.9,34.75,0.023427132895139934,0.004593749106143348,0.0012113871862970882,0.06135548237167124,0.00430725719758027,33.245,32.031,31.730333333333338,4,5,1,33.317020901372445,31.763905145270996,72.85067873303166,1.0752536626477962,0.8309957016607639,35.21478060603576,28.847219393964238,0.035283032008286926,0.034848026390511905,0.03283248057744169,37760669.0,1.8022598633592994,0,0,-1,0,0,-0.005755395683453319,1.8426108648527508,0.45249727683491586,0.553195269064262,0.04491017964071853,0.1065313887127457,1.649582488750081,0.053581661891117405,0.0
2001-01-08,34.0,34.9,-0.004350985834326146,0.0020031484735113514,0.019778888705538764,-0.6219369576770197,-0.026126304592220036,33.46,32.2105,31.851000000000003,0,8,1,33.441198919304725,31.908169329447063,66.86491079014442,1.0675594303899345,0.878308447406598,35.41421807025607,29.006781929743937,0.030578765742204583,0.03428703679463303,0.03125344993698582,35424602.0,1.1171394990177563,0,0,-1,0,0,-0.014326647564469915,-0.06351753643738027,0.5184413364845593,0.5442898353115212,0.014017297942141349,0.11805327195001647,1.5100789069395244,0.037647058823529235,0.0
2001-01-09,32.02,34.0,-0.03822121282019774,-0.03490755821080192,-0.05551898343630187,0.4899126535341712,-0.059999817047592635,33.487,32.217,31.89966666666667,1,9,1,33.18279911579477,31.91538421141822,53.29626687847499,0.8914165483600982,0.8809300675972981,35.41850688204641,29.01549311795359,0.0369095151980206,0.03561575336870216,0.03326362813358587,31611735.0,-0.12306704764855787,0,0,-1,0,0,-0.02617647058823531,1.31619252513659,0.6819933006219542,0.5653825570187812,-0.043036461446503194,0.0040765130134838845,0.7895414991411576,0.05933791380387264,0.0
2001-01-10,31.95,32.02,-0.03409944875942832,-0.04294581918936316,-0.004086128583313655,-0.47419818823807797,-0.0021885267450249433,33.488,32.218,31.947999999999997,2,10,1,32.9586538220139,31.91761748810092,53.72297838270616,0.7376702271303373,0.8522780995039059,35.41914190152284,29.016858098477165,0.03688851490616389,0.03562174024237582,0.033264587988331984,29238668.0,-0.16744024991363993,0,0,-1,0,0,-0.00062460961898823,-0.05466952328815248,0.6767232408706251,0.5654775956920087,-0.02769324406573337,0.0006263701847792902,0.44423075140323093,0.01909233176838809,0.0
2001-01-11,30.85,31.95,-0.0015637219761827587,-0.011187189390564381,-0.03363007074554917,0.2319149194626481,-0.03503543047214693,33.172000000000004,32.171,31.942999999999998,3,11,1,32.575262218011375,31.84873894048151,55.27182866556837,0.5210579215841662,0.7860340639199579,35.42575457883111,28.916245421168888,0.030502466829220698,0.03646760853984211,0.03380019602767373,26246201.0,-0.8117355505645605,0,0,-1,0,0,0.0,0.4585962164816316,0.4015166006867325,0.5789053386340651,-0.11223021582733805,-0.02956904687008488,-0.3561322551475062,0.0421393841166937,0.0
2001-01-12,30.67,30.85,-0.023754086008107144,-0.025317807984289897,-0.018409461394801988,-0.1378212822790501,-0.005851772225236699,32.899,32.18,31.884000000000004,4,12,1,32.228850905645665,31.77269126690206,44.123505976095615,0.33105046941455285,0.6950373450188769,35.41612503824542,28.94387496175458,0.03036092311064875,0.0352656237923523,0.03267205357196464,23639001.0,-0.9332148678771064,0,0,-1,0,0,0.011345218800648229,0.05222742689722594,0.36212113408025465,0.5598244223047603,-0.12120343839541536,0.005903574942604184,-0.5895952987289093,0.03456146071079226,0.0
2001-01-16,29.82,30.67,-0.017133116689276445,-0.017133116689276445,-0.028948504105238616,0.12368661436633178,-0.028105668789567842,32.528000000000006,32.1785,31.826,1,16,1,31.79087801371009,31.646711185166446,41.05653382761817,0.11060530923136014,0.5781509378613736,35.41919696857116,28.937803031428842,0.03062053998997598,0.03551621737434403,0.03268819976084832,20688534.0,-1.4555510884684015,0,0,-1,0,0,0.0,0.39435998088427515,0.3625444985891935,0.5638024720933543,-0.12294117647058822,-0.0010050251256281673,-0.5036629627237565,0.046613011401743815,0.0
2001-01-17,29.2,29.82,-0.023755653564701874,-0.02208759646400481,-0.011334485074106643,0.1477551552950883,-0.02101060006235636,32.102000000000004,32.137,31.77,2,17,1,31.319809283944615,31.48885885063958,37.78966131907307,-0.11282728417975818,0.43995529345314727,35.51201719293881,28.761982807061184,0.030570752144374647,0.0358032370877411,0.03267242737868446,17268267.0,-1.7404355783103975,0,0,-1,0,0,0.004359490274983199,0.8016545433162892,0.22024373435109287,0.5683587687914844,-0.08806995627732683,-0.027639027639027702,0.12853068038336246,0.03595890410958907,0.0
2001-01-18,29.88,29.2,-0.02023677828735282,0.008298802814695064,0.012017312004017488,0.08192412301387185,0.023020650990380455,31.804000000000002,32.0715,31.740000000000002,3,18,1,31.058025777772865,31.38506150543703,28.992878942014258,-0.23235051509525562,0.3054941317434667,35.57240078633921,28.570599213660792,0.0325620527895229,0.03507091926951101,0.032977172979048876,20980534.0,-1.2519634995378375,0,0,-1,0,0,0.0051369863013699365,0.9818706321279091,0.36412041470230905,0.556733583825295,-0.06478873239436622,-0.04200064123116387,1.2174316258684292,0.03179384203480587,0.0
2001-01-19,28.9,29.88,0.018565934122535193,-0.008298802814695066,-0.02069039325744628,-0.01815826324933689,-0.03334776514623004,31.219,31.965500000000002,31.648333333333333,4,19,1,30.66565745454143,31.22473495669916,27.941176470588246,-0.40152284113906944,0.16409073716695946,35.71966947154143,28.211330528458575,0.023265006471382434,0.03575668041036934,0.0330268910382554,17335067.0,-1.6331175367750985,0,0,-1,0,0,0.0006693440428380045,0.8291806977441214,0.3582372903996829,0.5676197044503135,-0.06320907617504057,-0.06834300451321729,1.2808361581009884,0.044982698961937746,0.0
2001-01-22,28.43,28.9,-0.030562650410166696,-0.023951220822513324,-0.018284616295041252,-0.1782553501957312,-0.016396669455477977,30.571999999999996,31.908499999999997,31.544666666666664,0,22,1,30.25917428098844,31.044429475621797,25.806451612903217,-0.5669823804481702,0.017876113643933517,35.84595456114145,27.971045438858546,0.021942533169218393,0.03441559067180928,0.033122231177471345,14284800.0,-1.766877532672577,0,0,-1,0,0,0.003460207612456797,0.19844899867321528,0.35313168052466104,0.5463305648460102,-0.07303553961525933,-0.038552587081501555,1.7934639008840034,0.03904326415758,0.0
2001-01-23,29.35,28.43,-0.013889112160667037,0.0236178319212756,0.011291580804070741,-0.4444298108754009,0.03184762061119707,30.107,31.783499999999997,31.509333333333334,1,23,1,30.093869866263265,30.935111444936524,31.957857769973657,-0.6167642715826709,-0.10905196340138737,35.88412524115799,27.682874758842004,0.027308899323445383,0.030244450201398643,0.03312655857355202,16240600.0,-1.186892172235076,0,0,-1,0,0,0.005979599015124928,-0.829959354477784,0.4574510773669581,0.4801157626366691,-0.0157612340710932,-0.07849293563579274,0.4591627623845318,0.05076660988074952,0.0
2001-01-24,28.59,29.35,0.03436764350420782,-0.013089631430902963,-0.005629853012070459,-0.13068677250515418,-0.02623553993988511,29.764,31.6255,31.399333333333335,2,24,1,29.820438981488124,30.783813932359976,31.515151515151516,-0.7093653057013505,-0.22911463186137998,35.9679440123047,27.2830559876953,0.023115522503347127,0.03064958535390839,0.03207864990388127,14524400.0,-1.3980606273327372,0,0,-1,0,0,0.008517887563884156,-1.1350371976479308,0.47129145134694,0.4865470838021352,-0.020890410958904093,-0.09952755905511812,0.4888644684814409,0.04407135362014696,0.0
2001-01-25,29.62,28.59,-0.026011048913266433,0.0067340321813441194,0.007732903208849315,0.39780933808972463,0.03539280250543225,29.531,31.509500000000003,31.322333333333336,3,25,1,29.783995530308463,30.7087291625303,26.00561272217027,-0.6916667961851992,-0.32162506472614383,35.939633537253215,27.07936646274679,0.027484841657396578,0.031915261297586754,0.032861680215202575,17079067.0,-0.8530216907057552,0,0,-1,0,0,0.008744316194473592,-0.41016984148457664,0.523327530139842,0.5066390665263548,-0.00870147255689413,-0.07263619286161549,0.4750227605706169,0.04186360567184341,0.0
2001-01-26,29.94,29.62,0.026686496422904386,0.026491615446976285,0.036442671368269175,-0.13224991107881848,0.01074557015182959,29.439999999999998,31.306,31.260666666666665,4,26,1,29.812359979343288,30.65913373268964,27.163904235727458,-0.6443911343570434,-0.3861782786523238,35.625027180914074,26.986972819085928,0.02619865228140138,0.027880441618087053,0.032940329907246046,19317267.0,-0.6325498510573858,0,0,-1,0,0,0.0,-0.7553577348855096,0.44353043185929797,0.44258828978468157,0.03598615916955028,-0.11967068509261969,-0.21338819701205958,0.03273213092852373,0.0
2001-01-29,30.46,29.94,0.01906093487909476,0.010726577738643122,0.009408671556987951,-0.2452565032958027,0.017218968475533544,29.419,31.159,31.259666666666664,0,29,1,29.93011271037178,30.646286395096762,33.11068702290078,-0.5585268279747915,-0.42064798851681734,35.37688622541282,26.94111377458718,0.026906304604467905,0.028199696615971912,0.032246560965269955,21068667.0,-0.33144564013534267,0,0,-1,0,0,0.0083500334001336,-1.3116941686492298,0.3916937377571353,0.4476563057599883,0.07140344706296164,-0.08802395209580827,-1.3197854416649688,0.033814839133289594,0.0
2001-01-30,30.55,30.46,0.0092318492788701,-0.0016178615404028296,0.0016708441648177223,0.1285228676799036,0.0029503381505885233,29.491999999999997,31.009999999999998,31.283,1,30,1,30.042819490304183,30.64007436960665,41.44353899883585,-0.47770975798328763,-0.43206034241011143,35.08328653029658,26.936713469703413,0.025131434355292023,0.02818627964767567,0.03199255602766345,23060267.0,-0.2258618423126269,0,0,-1,0,0,0.00032829940906099834,-1.0842894142411008,0.35981918894546194,0.4474433179912266,0.040885860306643984,-0.0888756337608112,-0.6354597739099088,0.0304418985270049,0.0
2001-01-31,31.33,30.55,0.008822145112832152,0.015743297046011413,0.013267192944049079,0.26302837254073425,0.025211419346495855,29.705000000000002,30.9035,31.32633333333333,2,31,1,30.276852310248874,30.684585700599772,46.66666666666666,-0.34672533268529193,-0.4149933404651476,34.815248969450984,26.991751030549015,0.024582433920092274,0.02896448625103045,0.03228953215233186,25651067.0,0.21806102760211454,0,0,-1,0,0,0.006219312602291251,-0.39459449750865305,0.20372564153065253,0.45979696483785676,0.09583770549143056,-0.06365809922295285,0.28475958573488785,0.032556654963293956,0.0
2001-02-01,32.36,31.33,0.043291292025520435,0.032306400595696935,0.03337422979937909,-0.0027055247825610988,0.03234698722619068,29.952999999999996,30.878500000000003,31.365333333333336,3,1,2,30.655606435658168,30.792676945722366,58.179848320693374,-0.15798567944401043,-0.3635918082609202,34.743714775812435,27.01328522418757,0.025445508946696217,0.0297915966471681,0.032080390377756125,28234867.0,0.7665809461719238,0,0,-1,0,0,0.024577082668369075,-0.322178483123723,0.18724634226080805,0.4729269353277148,0.09250506414584736,-0.015216068167985375,0.02440855572091926,0.031520395550061794,0.0
2001-02-02,32.16,32.36,0.000934142991796922,0.001233806448928344,0.021126436061792545,-0.697516958750024,-0.00619964787952545,30.279000000000003,30.749000000000002,31.403333333333332,4,2,2,30.929132538265772,30.880891336320925,58.05405405405401,-0.024266741098912803,-0.2957267948285187,34.22168377938156,27.276316220618444,0.02180022956561429,0.02650372449389368,0.03208629338897815,26948600.0,0.8126279786127122,0,0,-1,0,0,-0.007107540173053055,-1.7663887087908048,0.2545589805803931,0.42073358296688346,0.07414829659318611,-0.07453237410071956,-0.2873036838610296,0.01212686567164181,0.0
2001-02-05,31.71,32.16,0.0068238478191423825,-0.0018512809977229861,-0.027199652746967066,0.10565046006904141,-0.014091355760509577,30.607,30.589499999999997,31.474666666666668,0,5,2,31.071108440399268,30.93438221784861,60.67796610169491,0.044877917047234206,-0.22760585245336815,33.50828471465901,27.67071528534098,0.021494911630945874,0.02653464033432087,0.030917195701225038,25519000.0,0.7677853007606311,0,0,-1,0,0,0.005907960199005126,-1.5041907781222776,0.3210523476680888,0.4212243567189409,0.04103742613263295,-0.09140401146131794,0.3020779540596568,0.037527593818984586,0.0
2001-02-06,31.98,31.71,-0.012128900048835687,-0.0040229050077076915,0.015272329930836442,0.26092118507386064,0.008478618855552195,30.869999999999997,30.4885,31.479,1,6,2,31.236361451235766,31.001841429600315,66.3529411764706,0.1200781145458123,-0.15806905905353208,33.025163992437136,27.95183600756286,0.020166470344620813,0.026188835900786574,0.02758885520323546,27374800.0,1.1759539335495686,0,0,-1,0,0,0.007883948281299274,-0.8821330161907689,0.31769712719740256,0.415734881518569,0.04680851063829783,-0.059411764705882386,0.04124202077463333,0.01813633520950589,0.0
2001-02-07,31.98,31.98,0.0025000013020844273,-0.0037278701140143044,-0.0015800287692225028,-0.6334295077469901,0.0,31.209000000000003,30.4865,31.486666666666668,2,7,2,31.37156846010199,31.06494843414223,63.42710997442456,0.17762723663676638,-0.0909297999154724,33.018137913746074,27.95486208625392,0.016555717761062943,0.02269740378090689,0.02758052069509312,27374800.0,1.179868568005495,0,0,-1,0,0,0.0018761726078798848,-1.8161261291650395,0.2858814541068413,0.3603101148665808,0.020746887966805128,-0.0012492192379763845,1.1612327092835366,0.01594746716697941,0.0
2001-02-08,31.7,31.98,-0.0018744147943503039,-0.004679465721959014,-0.008575564702396262,-0.09529627127160727,-0.00879402652257323,31.417,30.474,31.478666666666665,3,8,2,31.431283285537987,31.10591950290725,69.66292134831461,0.1983551558061869,-0.033072808771140536,32.977525093690424,27.970474906309576,0.015148091277138013,0.022780858590735364,0.02761267680786038,26479333.0,0.9794189825297611,0,0,-1,0,0,0.0,-1.6857070434602266,0.13743197281752795,0.3616349189016908,-0.020395550061804713,-0.007824726134585291,0.631073965797355,0.019873817034700283,0.0
2001-02-09,31.01,31.7,-0.02309133122339772,-0.011953586812941671,-0.025849581461325433,0.0276802614826594,-0.02200694777087731,31.524,30.482,31.378666666666668,4,9,2,31.35468632453108,31.099731147880977,67.574931880109,0.157291785858515,0.005000110154790568,32.9915992550711,27.972400744928898,0.017532251169892227,0.021938331436254316,0.025020627102215563,25558733.0,0.42078431361746876,0,0,-1,0,0,-0.014195583596214489,-1.4653633570824156,0.187751449369669,0.3482602149602363,-0.03575870646766155,0.005186385737439236,0.21306410557599975,0.033860045146726886,0.0
2001-02-12,31.86,31.01,0.0031948908965192886,0.00819418388903608,0.008474626990972236,0.2730747627197866,0.027041571369544742,31.663999999999998,30.541499999999996,31.327333333333332,0,12,2,31.446561538252702,31.148780751243496,67.2627235213205,0.19113339873872803,0.042226767871578065,33.125200121103504,27.957799878896488,0.0186565723966172,0.02268107523787108,0.025439139820141274,26768400.0,1.0206292821915173,0,0,-1,0,0,0.010964205095130597,-1.0308782553331126,0.2936181537249409,0.3600509072817122,0.00473036896877943,0.03880013042060648,0.38095406240773433,0.032956685499058405,0.0
2001-02-13,32.19,31.86,0.014252022707201413,0.015262716465007153,0.024684696218919396,-0.014153139216665672,0.010304540828814325,31.828000000000003,30.660000000000004,31.282666666666668,1,13,2,31.581732167661297,31.215956186647144,76.31578947368422,0.24179411083873958,0.08214023646501037,33.32062121752772,27.99937878247228,0.018728162507314315,0.02161540644002264,0.02551157644546865,27961067.0,1.1501073432930722,0,0,-1,0,0,-0.0018832391713747244,-0.9497390584604054,0.2968321040446631,0.34313393956730337,0.0065666041275795894,0.07947686116700203,0.29482917321723334,0.023920472196334364,0.0
2001-02-14,31.01,32.19,0.01714773116077847,0.0009269273025795029,-0.021444252683471044,0.24243085512571186,-0.037346112198359115,31.796,30.7505,31.201,2,14,2,31.477780864450153,31.202668690734427,59.94277539341919,0.18459900936907303,0.1026319910458229,33.323718136681805,28.177281863318193,0.021430557673108,0.0228320814395438,0.026328005738933426,26441200.0,0.2016929667180343,0,0,-1,0,0,0.004970487729108534,-0.512003025697187,0.4031485224716903,0.3624480564180391,-0.030331457160725384,0.06198630136986316,0.203662016471138,0.047404063205417686,0.0
2001-02-15,31.5,31.01,-0.041015212567421834,-0.001236094100528303,0.004519052235462756,0.4807251801140064,0.01567781271922979,31.71,30.8315,31.15566666666667,3,15,2,31.481820707277397,31.221851355848337,60.89385474860336,0.17677265910801054,0.11746012465826045,33.39129666133254,28.271703338667454,0.018988731614201983,0.02254602139925785,0.026353131932464885,28899200.0,0.5223071114187664,0,0,-1,0,0,0.0012899064817800433,0.7526513054113614,0.4289889288512499,0.3579069940582606,-0.006309148264984188,0.054216867469879526,-0.5364364557676344,0.04095238095238104,0.0
2001-02-16,20.49,31.5,-0.4006458216722155,-0.43225872031641926,-0.4274440148269396,-0.4657490637919074,-0.4300505835807791,30.543,30.411,30.680333333333337,4,16,2,29.483307851408778,30.52947384901941,21.756373937677026,-0.7096641983228302,-0.04796473993795769,35.65863966991484,25.163360330085162,0.1114800704446815,0.0819373948736906,0.06762049896050393,27356400.0,-3.7811285164558566,0,0,-1,0,0,-0.33968253968253964,-0.3855573783341656,2.5410728833806058,1.3007158194737038,-0.3392454047081588,-0.2910034602076125,-2.112784770243772,0.036115178135675864,0.0
2001-02-20,20.26,20.49,0.0,-0.0066921855877310026,0.0,0.673047646344496,-0.011288463430270868,29.398000000000003,30.002500000000005,30.192333333333334,1,20,2,27.80634278751627,29.866927149082677,21.079258010118025,-1.4144262467564204,-0.3212570413016502,36.909173736703075,23.09582626329694,0.11154656642175188,0.08193442243032574,0.06752973396201954,24332200.0,-2.821184370770822,0,0,-1,0,0,0.015129331381161654,1.96944972510197,2.4647539033364105,1.300668633398126,-0.36409290646578774,-0.28737249384453034,-2.1395323335577645,0.029615004935834223,0.0
2001-02-21,19.96,20.26,-0.03672383295469408,-0.0024009615375381503,-0.016430541396095927,0.09815586636998146,-0.014918227937219393,28.195999999999998,29.532999999999998,29.72433333333333,2,21,2,26.379735007967856,29.22777055881928,17.15771230502598,-1.9744030511216977,-0.6518862432656598,37.77413712133418,21.291862878665814,0.11073975721144015,0.08124510321441786,0.06749988337394068,20996100.0,-2.3232230841586077,0,0,-1,0,0,-0.010365251727541996,2.0632848643562904,2.4163308335205156,1.2897260300827442,-0.3799316557937247,-0.3199318568994889,-2.152093461434339,0.04408817635270536,0.0
2001-02-22,19.6,19.96,-0.003998006324854474,-0.03722271049060834,-0.01977250726786463,0.1846369501975503,-0.01820070464684639,26.958,29.083499999999997,29.310333333333332,3,22,2,25.14705591561006,28.606624071153522,11.658653846153825,-2.419348945697095,-1.0053787837519468,38.44565061887636,19.721349381123638,0.1101809668736774,0.08120893190961524,0.06700492428851947,16983500.0,-2.025923398600097,0,0,-1,0,0,0.0005010020040079164,2.3657663226757926,2.4405207364692827,1.2891518284201176,-0.3679458239277652,-0.31444561035327034,-2.1924216172966204,0.026020408163265202,0.0
2001-02-23,19.1,19.6,-0.01819150721946893,-0.019652937901393823,-0.032260862218221435,-0.08172840552223155,-0.025841231183887328,25.698,28.557499999999997,28.882,4,23,2,24.047591203680955,27.99329348591781,11.452184179456893,-2.780268390783835,-1.3603567051583245,38.92126049409421,18.193739505905782,0.1097675002310301,0.0803484405638616,0.0670050124982133,13285800.0,-1.8251097186951297,0,0,-1,0,0,0.0005102040816325515,1.7798835947222023,2.359365687136028,1.275491951782993,-0.3936507936507936,-0.3551654287643484,-2.2290823253737115,0.03874345549738212,0.0
2001-02-26,19.3,19.1,-0.013347220732464016,0.0035560108592192032,0.01313388987234843,-0.06260585405965423,0.01041676085825558,24.527,28.0255,28.497000000000003,0,26,2,23.184392803011686,27.43243584166505,12.82204913121626,-3.015401649575054,-1.6913656940416706,39.15455438835429,16.89644561164571,0.1109081484511932,0.08034226108084558,0.06703971986186687,16759100.0,-1.5680577514529124,0,0,-1,0,0,0.013089005235602092,1.3953333818782407,0.21478130297779993,1.275393855531245,-0.058077110785749064,-0.3553774215096861,1.3874313600633206,0.029015544041450708,0.0
2001-02-27,19.2,19.3,-0.01038970384913591,-0.02152825326364944,-0.018436129229775545,0.018032386811829927,-0.005194816877104023,23.261,27.4625,28.114666666666665,1,27,2,22.45995774791865,26.9013109486544,11.319612590798997,-3.173236520142815,-1.9877398592618998,39.195840485444414,15.729159514555585,0.10919985417344409,0.07998078287844601,0.06704214409411233,13222600.0,-1.408379823333329,0,0,-1,0,0,-0.007772020725388711,1.3068737864426383,0.2200594254464241,1.2696555669637255,-0.052319842053307086,-0.36966513460275774,0.8983812559973307,0.025520833333333437,0.0
2001-02-28,18.6,19.2,0.010389703849135868,0.004652373343720453,-0.016617911228659795,-0.3760696642966558,-0.03174869831458019,21.902,26.865000000000002,27.740666666666666,2,28,2,21.758147248297078,26.36574250035412,10.922897196261658,-3.308597327338152,-2.2519113528771504,39.14086163767615,14.589138362323855,0.10774800879874018,0.079854785057154,0.06707252871420721,10794600.0,-1.3465449911285554,0,0,-1,0,0,0.007812500000000111,0.22011341356551975,0.26597463458305365,1.2676554135584777,-0.06813627254509014,-0.39116202945990175,0.7338502246408791,0.04784946236559143,0.0
2001-03-01,18.0,18.6,-0.0400686177424383,-0.04159588853540485,-0.06706423058054588,0.8112596512382506,-0.032789822822990956,20.601000000000003,26.198500000000003,27.36733333333333,3,1,3,21.0748477486067,25.82601717775063,10.722477064220158,-3.424807676823523,-2.486490617666425,38.89393850945563,13.503061490544377,0.10780204516450204,0.07914017044578954,0.06715209336365686,5329800.0,-1.2915662572653508,0,0,-1,0,0,-0.0005376344086022346,2.4571654582204485,0.2972306957854635,1.256311258288937,-0.08163265306122458,-0.4254707947654005,0.9045484992436026,0.07222222222222226,0.0
2001-03-02,18.0,18.0,-0.037823088886643395,-0.008097210232619475,0.025679014417691447,-0.2684948613011285,0.0,19.251,25.4805,26.971333333333334,4,2,3,20.5157845215873,25.321112843702203,11.164179104477583,-3.4768265241203373,-2.684557798957208,38.33202536512793,12.628974634872064,0.10690512459462825,0.07824424728693824,0.06684954732056833,5329800.0,-1.1641419656374823,0,0,-1,0,0,-0.005555555555555635,1.3151570839782802,0.30491514101366,1.2420889190560733,-0.05759162303664933,-0.44375772558714466,-0.21360682301387263,0.03888888888888885,0.0
2001-03-05,18.42,18.0,0.0055710450494554295,0.016129381929883717,0.01398624197473987,-0.5290617429182559,0.023065272930996188,19.044,24.7935,26.622,0,5,3,20.134732790389606,24.875879757011738,8.823529411764696,-3.4444558030666172,-2.8365373997790897,37.61054173931601,11.97645826068399,0.01803746045133985,0.0788960362571013,0.06709000184960313,7791300.0,-0.9945352647872591,0,0,-1,0,0,0.0,-0.01499239662611747,0.3703391410921154,1.2524357481901516,-0.04559585492227969,-0.4272388059701492,0.3759509890604993,0.04071661237785016,0.0
2001-03-06,18.73,18.42,0.04028851891411143,0.017446913603720488,0.019257816604414738,0.4272850323146811,0.016689485628836365,18.891000000000002,24.1445,26.29866666666667,1,6,3,19.879326828500584,24.479371385591627,8.711656441717778,-3.355111724713229,-2.9402522647659177,36.80041349195268,11.488586508047323,0.019980024784417273,0.0793941411899927,0.06729122281217477,11565000.0,-0.8556474415604746,0,0,-1,0,0,0.01737242128121589,0.8947014313661846,0.4151588390856263,1.2603429188656226,-0.024479166666666607,-0.4093345947650583,-0.18133213463440997,0.038974906567004634,0.0
2001-03-07,18.96,18.73,0.01272551637150586,0.0020942416031149067,0.019428565785419037,-0.5564673456642913,0.01220498037087852,18.791,23.4935,25.952333333333335,2,7,3,19.712176496045934,24.123282909101846,10.749185667752442,-3.2285303331290827,-2.997907878438551,35.786635910999934,11.20036408900007,0.020722810465048612,0.0794750078149344,0.06694388224264496,13728200.0,-0.7375660747301122,0,0,-1,0,0,0.013347570742124932,-0.34484058565240705,0.34938071946462557,1.2616266367393876,0.019354838709677358,-0.40712945590994365,-1.486712285235971,0.02162447257383967,0.0
2001-03-08,18.44,18.96,-0.014862269321240908,-0.021676767337256972,-0.03979811124252406,0.6318332379139732,-0.027809278698427975,18.675,22.8165,25.613999999999997,3,8,3,19.480871678583036,23.756619495611407,7.542262678803638,-3.1340459911970093,-3.0251355009902428,34.62351178827316,11.009488211726843,0.021577672489618564,0.07931325011278567,0.06695567869156144,9659100.0,-0.7413391429568629,0,0,-1,0,0,-0.013713080168776454,1.0119492944851198,0.31803535206507866,1.2590588128241789,0.02444444444444449,-0.42338961851156975,-1.348888905309221,0.039587852494577025,0.0
2001-03-09,17.17,18.44,-0.01400130573209307,-0.012369074072460119,-0.057223848160272955,0.436381478450809,-0.0713585432190636,18.482000000000003,22.09,25.199,4,9,3,19.060713191567938,23.331676302346157,20.56737588652483,-3.125614714854823,-3.045231343763159,33.37190540084805,10.808094599151946,0.02903207400383732,0.07987039623203929,0.06711435720055323,3363800.0,-0.8721930959694388,0,0,-1,0,0,0.0,2.276735859881437,0.6193783364909732,1.2679032332769977,-0.04611111111111099,-0.458359621451104,-1.1531582114551036,0.087361677344205,0.0
2001-03-12,16.76,17.17,-0.07719968132209853,-0.07469089260158923,-0.022633485520703645,-0.7853519303489502,-0.024168579855447143,18.228,21.3775,24.759666666666668,0,12,3,18.64240170219195,22.90769718606576,19.931271477663245,-3.116096025813455,-3.0594042801732186,32.07207289814252,10.682927101857484,0.028337382076075793,0.0798654803267444,0.0669489540257117,493400.0,-0.8635220955484793,0,0,-1,0,0,-0.005824111822947083,-0.19735718384891116,0.5522588290534064,1.2678251956997235,-0.0901194353963084,-0.4595291841341502,-0.5896071271172356,0.032816229116944935,0.0
2001-03-13,16.59,16.76,-0.0339621558998143,-0.026589454189239498,-0.036813973122716434,0.42111221099543267,-0.010194990851583931,17.967000000000002,20.614,24.297333333333334,1,13,3,18.269237756338867,22.500103819222808,20.386643233743413,-3.0866885511991278,-3.064861134378401,30.289304211183627,10.938695788816377,0.02821594937231436,0.07897003622682193,0.06665844333529797,-3880100.0,-0.8318084707556139,0,0,-1,0,0,-0.01551312649164687,0.8377615504988916,0.4717637966405232,1.2536104612915941,-0.1142552055525895,-0.4792843691148776,-0.7005805056431933,0.042194092827004176,0.0
2001-03-14,16.7,16.59,-0.01834913866819654,0.00239234563861968,0.000624804768842178,-0.10651713616743533,0.006608615220356157,17.776999999999997,19.8395,23.83566666666667,2,14,3,17.98392180064089,22.12590357282134,23.345588235294116,-3.0196976403052886,-3.055828435563779,27.969668574674927,11.709331425325074,0.028206220663110966,0.07887838654824876,0.066700329641028,51500.0,-0.7723087095092687,0,0,-1,0,0,-0.0235081374321881,0.4188730620430523,0.4456728765879297,1.2521555677481324,-0.11919831223628696,-0.48120534327430875,-0.9793114103156583,0.04371257485029922,0.0
2001-03-15,17.55,16.7,0.030397477184370948,0.05293471831797649,0.04159621066512046,-0.09970735995314843,0.04964523048916551,17.732,19.1665,23.376333333333335,3,15,3,17.90502692779709,21.83068398747803,36.61485319516408,-2.8649931073792843,-3.0176613699268797,25.41362910905988,12.919370890940119,0.03289763002178289,0.08080626176327131,0.06741738718255481,3610000.0,-0.5175177179084307,0,0,-1,0,0,0.0,0.023508126362657235,0.6937462540007677,1.2827596380144215,-0.04826464208242953,-0.4340535311189939,0.012379567512187698,0.05470085470085455,0.0
2001-03-16,17.89,17.55,0.04964523048916551,0.03616527646806957,0.04739114325572451,0.208759293837739,0.019187947608753052,17.721,18.485999999999997,22.894000000000002,4,16,3,17.90229475910671,21.576446310866544,38.11129848229342,-2.6840138510141323,-2.9509318661443307,20.80884217920068,16.163157820799313,0.03359384988630249,0.08090296482760878,0.06712194282608767,7994600.0,-0.5131644373748082,0,0,-1,0,0,0.0,0.690959885258011,0.457013547962046,1.2842947515699503,0.041933605125218376,-0.43206349206349204,0.6341135008558257,0.04471771939631083,0.0
2001-03-19,17.35,17.89,0.005681833467430864,-0.028264558169631582,-0.024878344123119133,-0.1711449111604473,-0.0306493911277596,17.614,18.329,22.400333333333332,0,19,3,17.801877530178217,21.30377235532677,35.478806907378356,-2.554710856984297,-2.871687664312324,20.5010996390832,16.1569003609168,0.033709081037250226,0.026437334044234047,0.0671342353023304,4299700.0,-0.9014319438985,0,0,-1,0,0,-0.013415315818893348,-0.042427364481683764,0.4864677506870863,0.4196796672515086,0.035202863961813824,-0.15324548560273288,0.3835034391827654,0.04149855907780973,0.0
2001-03-20,17.05,17.35,-0.017143276986437427,-0.008467451099098494,-0.003521130398578825,-0.44010513537419194,-0.017442302663342485,17.446000000000005,18.1685,21.91166666666667,1,20,3,17.66517252469127,21.02933542917666,37.232289950576615,-2.4482232023229216,-2.7869947719144434,20.210297711512318,16.126702288487685,0.03292107660299802,0.02651160234564184,0.06713084876069707,1920300.0,-1.09560314784715,0,0,-1,0,0,0.0,-1.308648328162658,0.5049249241560799,0.42085863998642986,0.02772754671488853,-0.15844027640671277,0.4438776671659501,0.03695014662756592,0.0
2001-03-21,16.9,17.05,-0.01451404288425407,-0.019462549074911926,-0.008264509849893536,-0.4641871742848585,-0.008836581800498112,17.240000000000002,18.0155,21.409,2,21,3,17.526050247474675,20.762926691810424,40.213523131672595,-2.348858536108761,-2.699367524753307,19.947714164876,16.083285835124,0.03208115524841126,0.026467401230834152,0.0669719912849084,424500.0,-1.1546339119934856,0,0,-1,0,0,0.0029325513196481355,-1.8813660885106671,0.5152641234438011,0.4201569690417121,0.011976047904191489,-0.153306613226453,0.8562237676016832,0.025443786982248508,0.0
2001-03-22,16.65,16.9,-0.0029282597790884456,-0.01045913079013716,-0.03744398778213054,0.40193792507865816,-0.014903405502574919,17.061,17.868000000000002,20.898,3,22,3,17.36676838429746,20.497576582661367,38.50085178875638,-2.2641841276947225,-2.6123308453415905,19.740387724130283,15.995612275869723,0.03160631550832888,0.026412236070462843,0.06688721996282351,-1811300.0,-1.3010125886888755,0,0,-1,0,0,0.008875739644970541,-1.1087788685603803,0.291331007862635,0.4192812492694472,-0.05128205128205143,-0.15051020408163274,1.2128561982063093,0.052252252252252315,0.0
2001-03-23,17.06,16.65,-0.028556372291054295,0.00466201310581115,0.00979799632625303,0.05300262967138717,0.02432632563708027,17.05,17.766,20.410000000000004,4,23,3,17.310992314425192,20.27579744829612,38.39590443686005,-2.139334558393756,-2.5177315879520235,19.577058428538134,15.95494157146186,0.02537367732843989,0.02701402728125769,0.06733561925154871,546200.0,-0.779654580851788,0,0,-1,0,0,-0.004804804804804703,-0.9241800650908757,0.32545853933921276,0.4288343885791329,-0.0463946338736726,-0.10680628272251325,1.4118033002076131,0.04630715123094954,0.0
2001-03-26,18.0,17.06,0.04887637478201163,0.05100255445237279,0.04701847871740784,0.0061317456100034974,0.05363521583263177,17.174,17.701,19.976333333333336,0,26,3,17.436266439075155,20.128971806470563,44.375963020030824,-1.942152308275972,-2.4026157320168133,19.367814168911547,16.034185831088454,0.02923597519970801,0.03005571147375161,0.06862380537870834,2918200.0,0.35876824852677,0,0,-1,0,0,0.019929660023446653,-0.8482441531244823,0.4979513668567888,0.4771196282199443,0.03746397694524495,-0.06735751295336789,1.067223668062297,0.05000000000000012,0.0
2001-03-27,18.1,18.0,0.033901551675681416,0.0055096558109694795,0.03541203822325587,-0.0009701162791330256,0.005540180375615351,17.325,17.646,19.51766666666667,1,27,3,17.556945268334218,19.998070399601495,43.23899371069184,-1.7575547925623134,-2.2736035441259137,19.171121565473968,16.120878434526034,0.02859530756663531,0.030111482641241298,0.06827216314750043,5287900.0,0.5953623767150786,0,0,-1,0,0,0.0,-0.7883981760370452,0.4495824045843174,0.47800496805697695,0.061583577712609916,-0.05729166666666652,0.9230759760903918,0.020994475138121492,0.0
2001-03-28,17.55,18.1,-0.0027816429618768026,-0.006062294675545879,-0.018120541113194912,-0.32504267762771105,-0.030857988359905338,17.410000000000004,17.5935,19.029666666666667,2,28,3,17.555682492273448,19.840130373820756,43.03599374021909,-1.6367726387403643,-2.146237363048804,19.05114445885172,16.135855541148278,0.031227049393298133,0.03006871094791661,0.06813859761827695,3575800.0,-0.05968533648358372,0,0,-1,0,0,-0.008287292817679676,-1.2538213164704204,0.5320794526546765,0.4773259884748355,0.03846153846153855,-0.05645161290322587,0.44691279480398755,0.03361823361823361,0.0
2001-03-29,17.37,17.55,-0.014025475354504434,-0.008884011790162216,-0.010916511741350528,-0.10587333784635221,-0.010309369658861213,17.392000000000003,17.562,18.575,3,29,3,17.52192203913282,19.68076712389684,51.886792452830186,-1.5378490408600243,-2.024559698611048,19.00985285672851,16.11414714327149,0.027035798073304196,0.029314565053581484,0.06804876300767562,2035700.0,-0.26522032139900303,0,0,-1,0,0,0.008547008547008466,-1.2838038197622916,0.5206783475799714,0.46535429354280866,0.04324324324324347,-0.03499999999999992,0.4066703696247767,0.03569372481289585,0.0
2001-03-30,17.75,17.37,-0.011363758650315095,-0.00447177939139329,-0.0005778676843844689,-0.03724098460899429,0.021640935668411142,17.378,17.549500000000002,18.116666666666667,4,30,3,17.56339075929049,19.55620150300027,59.39278937381401,-1.412506061998105,-1.9021489712884594,18.98570076297815,16.113299237021852,0.027253110848660462,0.029772955698271895,0.0681565389758734,3519500.0,0.27920887548372475,0,0,-1,0,0,0.007484168105929706,-1.195873865550189,0.5158019767569212,0.47263101943782504,0.04044548651817115,-0.01388888888888884,0.4822868848546105,0.030985915492957785,0.0
2001-04-02,17.68,17.75,0.028170876966696224,0.013908430046131931,0.012636584004512057,-0.029199653911109565,-0.003951458711927487,17.410999999999998,17.5125,18.023,0,2,4,17.584592439419488,19.43515624474219,60.54158607350095,-1.3037899838356566,-1.782477173797899,18.8912542050325,16.1337457949675,0.025263223390605702,0.029254757360915158,0.02606762308092042,2078400.0,0.24297296702866938,0,0,-1,0,0,0.014084507042253521,-1.1502259960284538,0.30686535016079153,0.4644048758551066,-0.01777777777777778,-0.04017372421281229,-0.17131535717160737,0.0328054298642535,0.0
2001-04-03,17.38,17.68,-0.026458058963021534,-0.010552722199159727,-0.024264621999631093,0.06592105677171285,-0.017113937372251448,17.444,17.445,17.927,1,3,4,17.54739381407049,19.30256551927495,56.34328358208954,-1.227687187738745,-1.6715191765860684,18.699356618476518,16.190643381523483,0.02523579218280728,0.029107493204878255,0.026139132792542322,539100.0,-0.10363878827210583,0,0,-1,0,0,-0.008484162895927521,-0.973004631115579,0.30697217538225546,0.4620671298516619,-0.03977900552486202,-0.07207688200747475,0.8352098609927645,0.046605293440736405,0.0
2001-04-04,17.73,17.38,-0.017842199933558494,-0.008973700151195621,0.0005846243954878788,0.20079471108827895,0.019938000248870588,17.527,17.383499999999998,17.852666666666668,2,4,4,17.580594938784945,19.20110967932173,51.85185185185185,-1.1261515248395817,-1.562445646236771,18.428191341976206,16.33880865802379,0.025492139358459783,0.02938105218773495,0.026453032036714164,2420700.0,0.6633538272549281,0,0,-1,0,0,-0.009205983889528202,-0.6961397338717827,0.28277999968210266,0.4664097440769414,0.01025641025641022,-0.064873417721519,0.3169478003480789,0.03609701071630009,0.0
2001-04-05,18.45,17.73,0.04430025889658002,0.04138521616285428,0.04792702703018582,0.06367119677868005,0.039806250400419574,17.707,17.384,17.814333333333334,3,5,4,17.73866858627859,19.152650990333232,55.34351145038166,-0.9763312587523245,-1.4452227687398818,18.430827789587514,16.337172210412486,0.026682216585008144,0.030320062890308423,0.027495949828588016,4426000.0,2.0366291583070004,0,0,-1,0,0,0.015228426395939063,-0.5337758399274302,0.36156264609485245,0.48131607686156613,0.06217616580310881,0.0005422993492407713,-0.19660845354209947,0.02981029810298107,0.0
2001-04-06,17.63,18.45,0.007747686790825957,-0.016349138001529526,-0.024247029426042538,0.18208881307698435,-0.0454623740767574,17.764,17.407000000000004,17.765333333333334,4,6,4,17.71891066150066,19.0544154425698,52.53623188405794,-0.9132375316611423,-1.3388257213241341,18.454244002131336,16.35975599786867,0.031213299112417492,0.02776427296402867,0.028269024447117923,2020200.0,0.42587973680660784,0,0,-1,0,0,-0.016802168021680147,-0.09792891050845794,0.5222436186680843,0.44074416957200413,-0.006760563380281748,0.02679091438555603,-0.06584384596483751,0.03857061826432216,0.0
2001-04-09,17.67,17.63,-0.01052932975270275,0.0,-0.0017137964777347416,-0.2836168575780071,0.002266289921826352,17.731,17.452499999999997,17.711000000000002,0,9,4,17.710017813955087,18.965098317242717,55.89353612167301,-0.8502069758870086,-1.2411019722367092,18.45969255463159,16.445307445368403,0.025500327369193363,0.027104903292137605,0.028180988383756114,3831900.0,0.43189358181775006,0,0,-1,0,0,0.018150879183210455,-0.6458689783382747,0.5218411565154526,0.43027700052871204,-0.0005656108597283938,0.05429594272076366,-0.2543902466849654,0.04018109790605551,0.0
2001-04-10,18.45,17.67,-0.01685433155498219,0.01634913800152941,0.001142857267250023,0.06434186328537275,0.043196084154930925,17.766,17.5455,17.686,1,10,4,17.844560029599617,18.931866167743188,63.15789473684211,-0.7289128712105573,-1.1386641520314789,18.56082416394706,16.53017583605294,0.029328077066556865,0.028406997023427173,0.029433295184110995,5764000.0,1.781696983323565,0,0,-1,0,0,-0.0011318619128468095,-0.44784111345035454,0.572201467280107,0.4509470977088422,0.06156501726121988,0.11211573236889683,-1.1748771261855286,0.05365853658536577,0.0
2001-04-11,18.11,18.45,0.035071782646698337,0.0005403945011269969,0.02759961159840412,-0.017701425570946058,-0.018600098591214146,17.822,17.616,17.669666666666668,2,11,4,17.892821842399684,18.87884254401782,62.207357859531776,-0.6526976852536741,-1.0414708586759178,18.578571118356873,16.653428881643126,0.028063564672453162,0.02891227980098155,0.02906833919464518,3865800.0,1.0264176653113535,0,0,-1,0,0,-0.00921409214092131,-0.40867486608589504,0.6045406612952959,0.4589682131358793,0.021432600112803124,0.08443113772455102,-0.1936488400886176,0.028161236885698597,0.0
2001-04-12,18.29,18.11,-0.00934329413068202,-0.011410066738030899,-0.018503471564559528,-0.6867406050580543,0.009890190507452348,17.913999999999998,17.653,17.679333333333332,3,12,4,17.965036052872467,18.840852702468286,60.69565217391304,-0.5711878081050799,-0.9474142485617503,18.66071967697792,16.645280323022078,0.027687811233241884,0.026824648598382815,0.028492877662979123,4821000.0,1.264240471934253,0,0,-1,0,0,0.0,-1.4558383433317206,0.5240335086060814,0.4258280951881096,-0.008672086720867167,0.04216524216524209,0.11614024980198832,0.034445051940951286,0.0
2001-04-16,18.12,18.29,0.015342766720907687,0.00924673436377315,0.012932426515104076,0.39993617216340555,-0.009338161787941003,17.951,17.6645,17.683333333333334,0,16,4,17.993211315986564,18.794346076502592,51.20481927710844,-0.5143787840358947,-0.8608071556565793,18.688721912632147,16.640278087367854,0.027394721138942854,0.026635592526812156,0.028553764673610902,3396100.0,0.8894556821761624,0,0,-1,0,0,0.005467468562055846,-0.8985810772103461,0.38186240018196904,0.42282692309277287,0.027793533749291166,0.01285634432643934,1.1749790730815521,0.03145695364238412,0.0
2001-04-17,17.59,18.12,-0.02421692368194191,-0.012530809564963287,-0.020887013913566073,0.7421411811997691,-0.029685741865366565,17.942,17.676499999999997,17.65566666666667,1,17,4,17.919900167625368,18.71664632963146,45.28650646950091,-0.5062876251892554,-0.7899032495631146,18.690782738532146,16.66221726146785,0.029158071756034805,0.026578786295807986,0.02872458154626465,403200.0,-0.1705638806890837,0,0,-1,0,0,-0.00938189845474623,2.240735301815486,0.4578363250515415,0.42192515213183734,-0.004527447651386685,0.013832853025936398,1.0539675419234027,0.040363843092666135,0.0
2001-04-18,18.22,17.59,-0.00614698778242449,0.009820046180975733,-0.013785399237944094,0.44808040832542556,0.03518933308234551,18.026000000000003,17.735,17.638666666666666,2,18,4,17.974463773511665,18.68460463094556,56.10200364298723,-0.4439223283699292,-0.7207070653244776,18.73195325340447,16.73804674659553,0.030516949304026066,0.027296265402830946,0.029336702445824828,5088000.0,0.9729643758998447,0,0,-1,0,0,0.014212620807276862,3.3972586539367517,0.4076624084807499,0.433314779860242,-0.012466124661246636,0.06862170087976538,0.8033121916854252,0.06201975850713516,0.0
2001-04-19,19.1,18.22,0.007816901891610863,0.06260260938109394,0.029070157602840523,-0.006037657238789586,0.04716844322077215,18.163,17.845,17.64333333333333,3,19,4,18.179106723782272,18.71140433217488,63.974151857835224,-0.3198022544702326,-0.6405261031536287,18.9351569177248,16.754843082275197,0.033232229884442036,0.028863825420417787,0.030588260798453316,9744600.0,2.3024208342762913,0,0,-1,0,0,-0.013172338090010892,2.556237829001347,0.5044981121312637,0.4581990236904589,0.05466593042517953,0.13017751479289963,-0.09902715744416284,0.09476439790575909,0.0
2001-04-20,18.17,19.1,0.04459684079242941,-0.0294976108450357,0.01726581459728245,-0.2902480326179746,-0.049916452644504374,18.135,17.921,17.634333333333334,4,20,4,18.177450955821858,18.676475020421663,53.115727002967375,-0.29310074637821515,-0.571041031798546,18.86212810247237,16.97987189752763,0.035412465072695264,0.0310911659609005,0.03149538116400598,6261100.0,0.5291521937255356,0,0,-1,0,0,-0.01570680628272255,1.2242937368892806,0.6605741524068537,0.49355695862147564,-0.006560962274466786,0.09129129129129154,0.17531894251283728,0.05118326912493119,0.0
2001-04-23,18.34,18.17,-0.005333345975362617,-0.018018505502678365,0.0,-0.4478762072736092,0.00931258442023887,18.206,17.985000000000003,17.673333333333336,0,23,4,18.20700532749061,18.65476695458801,54.82456140350877,-0.2552793283986823,-0.5078886911185733,18.85066068471008,17.119339315289928,0.031994650982538314,0.03076542404969239,0.028713112968438773,8487000.0,0.820182795107281,0,0,-1,0,0,0.029168959823885388,-0.01479230295276228,0.6584179637557926,0.48838596608959034,0.012141280353200834,0.07502930832356403,-0.264528580687904,0.03217011995637949,0.0
2001-04-24,18.28,18.34,-0.018893949359961512,-0.017804624633506592,-0.002211167291184822,0.14529978095950757,-0.0032769008023147985,18.267,17.999000000000002,17.724,1,24,4,18.22027708612868,18.630588441388785,56.818181818181834,-0.2275243219657277,-0.4518158172880042,18.87468078779048,17.123319212209523,0.03208380548662286,0.028343240911573267,0.0283014578944704,5913000.0,0.6417863767663999,0,0,-1,0,0,0.0005452562704471954,0.3193343496849665,0.6013488269089978,0.4499350008096871,0.03922683342808431,0.015555555555555545,-0.7807192250675208,0.016411378555798724,0.0
2001-04-25,18.1,18.28,-0.01648388972168937,-0.0016344323987155865,-0.006662989669849255,-0.7407259575430802,-0.009895627754223849,18.232000000000003,17.999000000000002,17.774333333333335,2,25,4,18.198408525014372,18.59635692904112,52.87713841368586,-0.21754505114827438,-0.40496166406005824,18.87468078779048,17.123319212209523,0.02894098361219808,0.028426459527019686,0.028296661081581853,4685800.0,0.23067766567048428,0,0,-1,0,0,-0.012582056892779017,-0.9324870265099072,0.5553424975010929,0.4512560553752212,-0.006586169045005308,0.0,0.09017958814753826,0.021546961325966882,0.0
2001-04-26,18.32,18.1,-0.001108647563663969,0.008686265255960453,0.0027816429618767705,0.3339196240538117,0.012081420974204136,18.253,18.0375,17.82833333333333,3,26,4,18.220516065920847,18.578527449748147,48.90387858347387,-0.18969753069416484,-0.36190883738687957,18.897631568883256,17.177368431116747,0.028571268898576575,0.027581934679206888,0.02833707648604588,6399500.0,0.6568762506107787,0,0,-1,0,0,-0.0038674033149171424,-0.46325351202498805,0.3879492474840511,0.43784963903525714,-0.04083769633507861,0.04387464387464379,-1.525340286623596,0.027292576419213975,0.0
2001-04-27,18.42,18.32,0.02302733327131027,0.0010804971337541789,0.011049836186584935,-0.3084958894765517,0.005443671581176673,18.266,18.09,17.857333333333333,4,27,4,18.256785872117057,18.56829987234504,57.58157389635319,-0.15774066958973165,-0.32107520382745,18.90561084631807,17.27438915368193,0.028459496749714642,0.027422479793439116,0.02689251818831626,7658300.0,0.8092094446505433,0,0,-1,0,0,0.007096069868995579,-0.8790578545408093,0.14513711217650493,0.4353183711968027,0.013758943313153527,0.06044905008635593,-0.5983310998901977,0.017372421281216084,0.0
2001-04-30,18.21,18.42,-0.0016273396593752601,0.01660011345102768,-0.007168489478612516,0.8398481454496605,-0.011466137087644206,18.275,18.113,17.868000000000002,0,30,4,18.248279349913954,18.54518375154859,55.018587360594786,-0.1476577650823856,-0.2863917160784371,18.9140545680868,17.3119454319132,0.028552380650879578,0.02724473129170063,0.02679222027005971,4742900.0,0.2421807548808351,0,0,-1,0,0,0.0,0.6344453904755463,0.15985870139036873,0.43249670120771655,-0.0070883315158123406,0.025915492957746533,0.48173740476778004,0.04173531026908281,0.0
2001-05-01,18.12,18.21,-0.016972758931838892,-0.03348044892954429,-0.0038813467079724944,-0.13418821997607494,-0.004954593124683341,18.328,18.134999999999998,17.893666666666665,1,1,5,18.224955831747778,18.51775254177126,46.48187633262262,-0.14525483117968108,-0.2581643390986859,18.909718964324682,17.360281035675314,0.026677151059913633,0.027256401101443634,0.02617032067542755,2193600.0,-0.03872371967316532,0,0,-1,0,0,-0.0054914881933004625,0.23528102451917285,0.1615347145057336,0.4326819536942811,-0.008752735229759279,0.024886877828054432,0.6159778398575096,0.01158940397350998,0.0
2001-05-02,18.43,18.12,-0.0033185871164319873,0.015259151659516707,0.000555401291700105,-0.1892730543970597,0.016963471066898675,18.349,18.1875,17.939666666666668,2,2,5,18.262236589611817,18.512091087463435,53.43347639484979,-0.11698752021682424,-0.2299289753223136,18.885282200976857,17.489717799023143,0.024727776847023666,0.027100388084818117,0.026059377650433188,4303300.0,0.695059288300886,0,0,-1,0,0,-0.00386313465783666,-0.22206091840010464,0.18733768509431112,0.4302053238346005,0.018232044198895014,0.06041426927502891,-0.2606053268279157,0.026044492674986267,0.0
2001-05-03,18.6,18.43,0.020834086902841834,0.013430231411242746,0.011043734551651866,-0.20242076311772375,0.009181809037423709,18.299,18.231,17.996333333333332,3,3,5,18.323648118773303,18.51776263020773,53.333333333333364,-0.07994632193861051,-0.199932444645573,18.917068893272315,17.544931106727688,0.018897302904695136,0.026851935640171288,0.025987462351452842,6026400.0,1.0756937200285972,0,0,-1,0,0,0.0,-0.592219806197802,0.1799925985815135,0.42626126354763116,0.015283842794759916,0.04906937394247035,-0.16049758693822777,0.028494623655913848,0.0
2001-05-04,18.45,18.6,-0.010911182991160158,-0.012889544725996958,-0.007717789135379477,0.04076860095277435,-0.008097210232619475,18.326999999999998,18.231,18.05633333333333,4,4,5,18.346621188087248,18.513390847613685,53.56371490280776,-0.061980182866637534,-0.17234199228978592,18.917068893272315,17.544931106727688,0.010247250563583029,0.025405909276079705,0.0258526052400331,4231600.0,0.6384198500982666,0,0,-1,0,0,-0.019892473118279623,-0.5093566888564502,0.1938495040270498,0.40330630665585554,0.0016286644951137852,0.0,0.6809868401269858,0.02330623306233061,0.0
2001-05-07,18.5,18.45,-0.0016469946078221211,0.0,0.006068984145195714,0.02877738393845734,0.0027063615977430673,18.343,18.2745,18.104333333333333,0,7,5,18.37450824479866,18.512526921961193,60.963855421686745,-0.04320921712230685,-0.1465154372562901,18.908467457242264,17.640532542757736,0.009896214120896902,0.02311946461311895,0.025550258230480745,6078800.0,0.7113929821600558,0,0,-1,0,0,-0.013550135501355014,-0.42887227396685845,0.1632748584815099,0.36701012286762524,0.01592531576057099,0.04934770277935341,0.35639918856508046,0.01729729729729731,0.0
2001-05-08,18.48,18.5,0.01634913800152941,0.009147225469352238,0.0043907864174897605,-0.03162297101692293,-0.0010816658707410232,18.363000000000003,18.315,18.120333333333335,1,8,5,18.393688563926172,18.510428410866922,53.6723163841808,-0.0296056488938774,-0.12313347958380758,18.88681152581314,17.743188474186862,0.009817228866559636,0.023134610780316395,0.023584661636763187,4289100.0,0.5771132359228418,0,0,-1,0,0,0.0,-0.4833709118071282,0.15311845836783036,0.3672505608179467,0.01986754966887405,0.0458404074702885,0.2454291487368822,0.022186147186147195,0.0
2001-05-09,18.45,18.48,0.0026990569691649835,-0.0010718114638068336,0.004371591661496295,0.09491897628968127,-0.001624695727001922,18.398,18.315,18.132,2,9,5,18.403927006848686,18.50652980371422,37.91821561338287,-0.02100335869902281,-0.10270745540685064,18.88681152581314,17.743188474186862,0.009114680768195112,0.020959706233055833,0.023574798097406497,2321200.0,0.4721835566641388,0,0,-1,0,0,0.003787878787878803,-0.31238241918069753,0.10071155513196439,0.3327250214738169,0.0010851871947910041,0.0,0.26447487761727434,0.016802168021680147,0.0
2001-05-10,18.38,18.45,-0.005405418566908047,-0.004837418731770058,0.0,0.4580093770731285,-0.0038012535589952677,18.404,18.328500000000002,18.15966666666667,3,10,5,18.39957664196711,18.49836659057137,55.737704918032705,-0.01960836371787522,-0.08608763706905556,18.892630444041853,17.76436955595815,0.008506582058859133,0.020525799791693534,0.022846259700027103,-789900.0,0.18258188524984667,0,0,-1,0,0,0.0,0.7306118125171553,0.06273987799008278,0.3258369702571348,-0.011827956989247435,0.014908890115957973,-0.36296900935013826,0.011969532100108753,0.0
2001-05-11,18.0,18.38,-0.002713705871596273,-0.0032379952737753384,-0.01871270893215408,-0.32156034845314563,-0.020891359031376264,18.362000000000002,18.314,18.18066666666667,4,11,5,18.326926343427633,18.4662139073087,41.666666666666686,-0.04860535210908168,-0.07859118007706078,18.896892966612597,17.731107033387403,0.01053774978648387,0.020956375157578463,0.023113357642103614,-3045500.0,-1.0773847618192007,0,0,-1,0,0,0.0010881392818280508,-0.16149334527498901,0.1449054917482033,0.33267214228994785,-0.024390243902438935,-0.01585565882996165,-1.8624595850237151,0.027777777777777776,0.0
2001-05-14,18.04,18.0,-0.008185584586439294,-0.010869672236903879,0.0011104942840271153,-0.14990363752063543,0.00221975673831281,18.345,18.31,18.190333333333335,0,14,5,18.27475791734988,18.43871623586943,44.05940594059402,-0.06757899996989636,-0.0763887440556279,18.8995582646088,17.720441735391198,0.010095159116955413,0.020862630879141673,0.022790577590960995,-1103900.0,-0.9159400052822864,0,0,-1,0,0,0.013888888888888888,-0.515934700900295,0.14332588588941994,0.3311839980044742,-0.024864864864864944,-0.004415011037527727,-1.9155683914263053,0.01552106430155217,0.0
2001-05-15,18.0,18.04,-0.013237920840635678,-0.010989121575595206,-0.006681539333482621,0.050221438738079195,-0.002219756738312888,18.333,18.3305,18.201,1,15,5,18.224801932377172,18.41041196258753,47.34042553191486,-0.08486514573013437,-0.0780840243905292,18.837357189478887,17.823642810521115,0.010010085196456917,0.019712906489369627,0.02278038793916834,-3145500.0,-1.3041148744079027,0,0,-1,0,0,-0.0016629711751661633,-0.3654818027820282,0.1415900292600711,0.3129326891348602,-0.025974025974025983,0.023308698123934102,-1.8820240271454496,0.01111111111111127,0.0
2001-05-16,18.07,18.0,-0.013978421623840692,0.0044101504775525685,-0.007851975282685131,-0.013015368112070361,0.003881346707972375,18.297,18.323,18.224,2,16,5,18.196656126490414,18.38844990048511,42.77456647398845,-0.09185725257100685,-0.08083867002662473,18.841057099068102,17.8049429009319,0.008099442549318965,0.017991423698944683,0.02253483278405548,-1130300.0,-0.9767263124281286,0,0,-1,0,0,-0.013333333333333246,-0.3061347007698425,0.15516241531284286,0.2856049970364087,-0.020596205962059577,-0.008232711306256801,-1.6808049327167576,0.023242944106253355,0.0
2001-05-17,17.8,18.07,0.016196947214865892,0.0027464999412389465,0.0022497197340153245,0.5935428596166631,-0.015054647306097627,18.217,18.258000000000003,18.226333333333333,3,17,5,18.124536830764885,18.350485390776395,33.684210526315795,-0.1178270541976616,-0.08823634686083212,18.683532483762352,17.832467516237653,0.008002600505938196,0.014156787403080816,0.022446676180121177,-4778600.0,-2.152597122318799,0,0,-1,0,0,-0.001106806862202522,2.177705283621816,0.1728815271535609,0.2247320329929825,-0.03155603917301408,-0.0680628272251309,-0.5830679257697537,0.0241573033707865,0.0
2001-05-18,18.6,17.8,-0.01394722748085044,0.02865835488750699,-0.0016868151314795138,-0.07039764264919769,0.043963123421116204,18.232000000000003,18.279500000000002,18.231333333333335,4,18,5,18.210984679716724,18.3665831075005,57.83132530120483,-0.0730133426037547,-0.08519174600941665,18.72908343292209,17.829916567077916,0.017359825488640693,0.013877924311824686,0.02272680176826814,-1378300.0,1.4257642810229696,0,0,-1,0,0,0.0,1.8314178170110555,0.3583563323848126,0.2203052186571919,0.03333333333333344,0.023665382498624155,1.611538489117983,0.053225806451613004,0.0
2001-05-21,18.81,18.6,0.033152207316900335,0.011131840368843978,0.02829592385944408,-0.1512189660532009,0.011227062593783402,18.262999999999998,18.303,18.270666666666667,0,21,5,18.319896556131866,18.39519064895208,63.21839080459767,-0.02031868716575147,-0.07221713424068361,18.811210482710617,17.794789517289384,0.017666194680438667,0.013943893297364503,0.021147673843055253,1544800.0,1.9952362938121107,0,0,-1,0,0,-0.010752688172043163,1.016160006067441,0.3568711522117135,0.22135244383708136,0.04268292682926833,0.02562704471101407,1.2341142950183959,0.036682615629983935,0.0
2001-05-22,18.88,18.81,0.024162249279079995,0.003683245416296368,0.0195022432314411,-0.2710467804057782,0.0037145174044157163,18.303,18.333000000000002,18.310999999999996,1,22,5,18.42173354592607,18.426468671600336,59.49367088607593,0.026781896863063537,-0.052417328019934185,18.90262037219641,17.763379627803594,0.017644395821723783,0.013909351890079656,0.021149081295981625,3773900.0,1.9205773764404268,0,0,-1,0,0,0.0021265284423180597,0.008939551720486999,0.34791609045542904,0.22080411599542196,0.04888888888888876,0.03282275711159732,1.106005896104963,0.021186440677966028,0.0
2001-05-23,19.11,18.88,0.016833643163533443,0.010969031370573937,0.01912916990899539,0.2562965388248012,0.01210859753482698,18.369,18.3835,18.333000000000002,2,23,5,18.54687290121224,18.470567466980963,60.49382716049379,0.0817264353829259,-0.02558857533936217,19.038787000200454,17.72821299979955,0.01784388351328692,0.013818211231108893,0.01973271955245678,6654200.0,2.2173490387502364,0,0,-1,0,0,0.015360169491525568,0.8988038538087134,0.3440284488066756,0.21935730288764282,0.05755395683453224,0.05580110497237567,0.7692522158494515,0.013082155939298797,0.0
2001-05-24,19.06,19.11,-0.00890757789111276,-0.005730674708984983,-0.0021074823395646983,-0.28667573940944996,-0.00261986002612567,18.437,18.420499999999997,18.36466666666667,3,24,5,18.640168737355467,18.50859537233703,63.0901287553648,0.11985419136991027,0.003499978002492316,19.141010783731797,17.699989216268197,0.017793022640703836,0.013686484682783618,0.01939422274080681,4491800.0,1.7751295731835848,0,0,-1,0,0,-0.005756148613291441,-0.265304662817713,0.2916199178561011,0.21726620876004119,0.07078651685393256,0.04039301310043664,1.6343808068060612,0.009443861490031465,0.0
2001-05-25,19.23,19.06,0.0,0.01091203345098272,-0.00794285351393688,-0.500657370336738,0.008879661374632334,18.56,18.461,18.396000000000004,4,25,5,18.747410785109018,18.555137606379805,64.89795918367349,0.1619217586945254,0.035184334140898936,19.26734066197732,17.654659338022675,0.015599626644329396,0.01375329701446457,0.019380507714550542,5802500.0,1.9073824160479385,0,0,-1,0,0,-0.0031479538300104265,-1.644152514889565,0.09776630928946137,0.21832682164488212,0.03387096774193532,0.043973941368078195,-1.0030421335189674,0.028081123244929937,0.0
2001-05-29,19.53,19.23,0.012032580434248007,0.021978906718775167,0.017914072313716046,0.472042443629175,0.015480185287899299,18.709,18.527,18.443,1,29,5,18.889699733271016,18.618031954355303,69.23076923076924,0.21696704068737915,0.07154087545019498,19.453909976892742,17.60009002310726,0.01574222030255039,0.01366853815346755,0.01941967965510125,7903900.0,2.164179963543675,0,0,-1,0,0,0.0,-0.31109446795593587,0.11396476918606196,0.2169813164392389,0.03827751196172269,0.07248764415156517,-0.5520092859268498,0.03225806451612916,0.0
2001-05-30,19.39,19.53,0.021605778714581837,0.0,0.005727690743324552,-0.19679719661130157,-0.007194275634027197,18.848,18.5905,18.503,2,30,5,18.98066341813083,18.667836344396896,66.5492957746479,0.2464530360870505,0.10652330757756609,19.572388084522093,17.608611915477905,0.01617391062197541,0.01375051757394783,0.018567424123455543,6177900.0,1.628495166817582,0,0,-1,0,0,0.006144393241167304,-0.8489789659442228,0.1556721437969691,0.218282699394535,0.02701271186440679,0.07008830022075063,-0.47031716624751163,0.0268179473955647,0.0
2001-05-31,20.0,19.39,0.005076153031860789,0.012559823483160813,0.016478230732384684,0.45482528764666974,0.0309748042994305,19.041,18.669,18.562333333333335,3,31,5,19.16599734210704,18.75378238669387,73.96449704142015,0.31540698648750976,0.14830004335955482,19.831318916286772,17.50668108371323,0.01774774732533408,0.014831055970874982,0.018320715741441958,8897900.0,2.290249227384354,0,0,-1,0,0,0.01856627127385247,0.7062188394600624,0.2438791218933401,0.23543571467648886,0.046572475143903835,0.08518719479110137,0.5913240099445354,0.02250000000000014,0.0
2001-06-01,19.27,20.0,-0.011713910362184488,-0.02527940478913933,-0.025867971082223898,0.24216732867270127,-0.03718279112771595,19.188,18.702499999999997,18.567999999999998,4,1,6,19.184906916269394,18.787086748842654,67.02412868632706,0.30760273695524987,0.18016058207869384,19.89468287187837,17.510317128121624,0.02196749474539348,0.01732942342748724,0.017664289286211908,5432600.0,0.9520351506239375,0,0,-1,0,0,-0.02400000000000002,1.6585692721501248,0.40982356250884167,0.2750960685196068,0.011017838405036784,0.036021505376343965,-0.8020361939251704,0.023352361183186447,0.0
2001-06-04,18.83,19.27,-0.016529301951210582,-0.014960299651027244,-0.0169137224420617,-0.4564804975328671,-0.023098139757214062,19.211,18.7215,18.59,0,4,6,19.120378386038592,18.789855345691517,59.56416464891039,0.26288313704301913,0.19670509307155892,19.908841568378772,17.534158431621226,0.019704631511943044,0.018075561728034945,0.015706282220949233,3237300.0,0.1827612253955667,0,0,-1,0,0,-0.0036325895173845504,-0.2942263983982632,0.43924552311063997,0.28694064684106435,-0.020800832033281424,0.020596205962059466,0.19767325574414948,0.025491237387148005,0.0
2001-06-05,18.75,18.83,-0.019458936364674835,-0.013078920413365907,-0.00641713432063354,0.06826681498973568,-0.004257590252641171,19.205000000000002,18.733999999999998,18.603666666666665,1,5,6,19.053036861304303,18.78728403306626,58.99280575539568,0.21846882785773403,0.20105784002879395,19.916778174691466,17.55122182530853,0.019449550968043437,0.018111382687280325,0.015662261752567495,886900.0,0.027054946299081707,0,0,-1,0,0,0.0,-0.09620694333484874,0.4050331793012501,0.2875092869403867,-0.03993855606758834,0.013513513513513598,0.852222570212769,0.018666666666666554,0.0
2001-06-06,18.69,18.75,-0.004257590252641171,-0.010055654988290844,0.0,-0.2846800027355692,-0.0032051309489483358,19.186,18.744500000000002,18.61733333333333,2,6,6,18.987030159248974,18.78100764383618,57.45192307692309,0.17639529413299115,0.1961253308496334,19.921498412555458,17.567501587444546,0.01941966806361621,0.018129317079319782,0.0156616172077286,-881200.0,-0.09260845115614465,0,0,-1,0,0,0.0,-1.0056578765318642,0.40643632682133646,0.28779398658789596,-0.03610108303249093,0.011363636363636465,0.6908664547684343,0.008560727661851264,0.0
2001-06-07,18.64,18.69,-0.006957480567498712,-0.0064034370352070245,-0.011330037575713246,0.3367388311204431,-0.0026788122100263956,19.139000000000003,18.753999999999998,18.63533333333333,3,7,6,18.92393376665825,18.771910376491913,60.65989847715736,0.13743289256365898,0.18438684319243853,19.92403643667967,17.583963563320324,0.01887329613040763,0.01813799808798064,0.015546905681560367,-3357200.0,-0.19486572627345905,0,0,-1,0,0,-0.00374531835205994,0.06330068770933922,0.24129798051244,0.28793179332817087,-0.06799999999999995,0.010298102981029844,-1.0370856351107374,0.013412017167381975,0.0
2001-06-08,18.55,18.64,-0.0010746911297654092,-0.0016072867108720265,0.0010845988048041818,-0.14527793528526048,-0.0048400202040009945,19.088,18.7625,18.643000000000004,4,8,6,18.855945809084023,18.757593578008564,49.226006191950454,0.09816112047869652,0.16714169864969014,19.923531755311746,17.601468244688252,0.018890028497191277,0.01815285778727224,0.015439197185127705,-5498400.0,-0.3660537259688311,0,0,-1,0,0,-0.00214592274678107,-0.40202432896460233,0.13622874431151427,0.28816768374146756,-0.03736377789309797,0.009249183895538637,-2.1818684540788786,0.01078167115902961,0.0
2001-06-11,18.01,18.55,-0.005390848634876534,-0.008075414005545307,-0.024137211298671364,0.12111930772470482,-0.029542629865579362,18.966,18.762999999999998,18.62933333333333,0,11,6,18.702137480159653,18.709361734266075,38.764044943820274,0.023197069751407895,0.1383527728700337,19.922656936566362,17.603343063433634,0.02011352179517427,0.01876140739874251,0.016323427790380398,-7915300.0,-1.2986599333929891,0,0,-1,0,0,-0.0026954177897574507,0.03469917815449378,0.18062772058844334,0.2978281093358394,-0.04354753053637794,0.0005555555555556424,-2.2051862664633948,0.027207107162687306,0.0
2001-06-12,17.49,18.01,-0.027398974188114388,-0.027398974188114388,-0.03675844995566068,0.6188323104268787,-0.02929787015735421,18.762,18.735500000000002,18.60533333333333,1,12,6,18.481748847403352,18.630693235281168,32.66832917705737,-0.0772812841773991,0.09522596146054714,19.989587632294434,17.48141236770557,0.019631621367052474,0.019841829576260173,0.01701818611760924,-12402900.0,-1.9863045738219816,0,0,-1,0,0,-0.0005552470849528908,2.586157750245773,0.22141871937716262,0.3149792796918632,-0.06720000000000004,-0.030487804878048808,-0.5941726290959638,0.036592338479130966,0.0
2001-06-13,17.5,17.49,-0.029314387668775255,-0.02133713738813121,-0.0005762028393357848,-0.11996084434859879,0.0005715918989577896,18.573,18.710500000000003,18.584666666666667,2,13,6,18.30324905696638,18.557745284617866,28.759894459102952,-0.15432522205122368,0.04531572475819298,20.04375837508602,17.377241624913985,0.019940768715591174,0.019845290492442238,0.017006192196101964,-8422600.0,-1.815852084817253,0,0,-1,0,0,-0.0005717552887363071,1.6659806573258942,0.23398941161457296,0.31503422003302023,-0.06367041198501877,-0.02777777777777779,-0.5306679992780382,0.015428571428571404,0.0
2001-06-14,17.19,17.5,0.0005719188031211039,-0.002841718309027696,-0.01451404288425407,0.3687292248774212,-0.01787306153471045,18.291999999999998,18.666500000000003,18.543333333333333,3,14,6,18.100840137517945,18.4695036533522,26.91358024691364,-0.23765793437913274,-0.011279007069272165,20.13951731150729,17.193482688492715,0.013643004217271533,0.02013828865589186,0.016914323502289056,-14177700.0,-2.0047286457063422,0,0,-1,0,0,-0.0005714285714286607,2.775787688703758,0.21591132266781524,0.31968542168353836,-0.07778969957081538,-0.04869950193691197,0.25390747756864473,0.02734147760325764,0.0
2001-06-15,17.0,17.19,-0.02665279435591369,-0.01606460250380679,-0.011764841579586483,-0.6484453874893757,-0.011114475338541926,18.064999999999998,18.6265,18.49,4,15,6,17.900687385241955,18.374696966039156,22.604422604422624,-0.3153954390875633,-0.07210229347293039,20.235740095265676,17.017259904734324,0.011356654785189133,0.020028284206144373,0.016847863550730757,-17186800.0,-2.0214510001150257,0,0,-1,0,0,-0.009307737056428164,0.22409825726488014,0.19953875047485362,0.3179391551806843,-0.0835579514824798,-0.0449438202247191,0.5523603992640816,0.02294117647058827,0.0
2001-06-18,17.27,17.0,0.012835648802771703,0.0057670286709925215,0.005899722127188322,-0.2989222137388831,0.015757548102371143,17.909,18.56,18.450666666666667,0,18,6,17.7860169515616,18.303426194036632,22.029702970297024,-0.35116817993789695,-0.12791547076592372,20.279963279901832,16.840036720098166,0.013750274728484018,0.017304004391330754,0.01715707479511545,-14955200.0,-1.5000320240251,0,0,-1,0,0,0.014705882352941176,-0.4658865112390244,0.27299123590296376,0.27469255383018465,-0.04108828428650757,-0.07150537634408616,0.4141041167785858,0.022582513028372934,0.0
2001-06-19,17.02,17.27,-0.012248622076199086,-0.0069244362076045065,-0.002945510229756803,0.23352149078603734,-0.014581769013359204,17.736,18.470499999999998,18.401333333333337,1,19,6,17.646741142186762,18.220624504098787,21.445783132530124,-0.3951363594652193,-0.18135964850578284,20.317300647492598,16.623699352507398,0.013777192581671989,0.017098154015439786,0.01727884280269789,-17773800.0,-1.5708246604411156,0,0,-1,0,0,-0.013317892298784044,0.10320481319265339,0.21803075684755405,0.27142478041880463,-0.02687249857061169,-0.09516214779372667,1.1195312313815522,0.01880141010575795,0.0
2001-06-20,16.8,17.02,-0.002938585717329032,-0.00989242864997295,-0.019661044399157005,0.3146341081133567,-0.013010236736014775,17.547,18.3665,18.345333333333333,2,20,6,17.492788207243713,18.128971310285962,7.44680851063832,-0.44263124246280583,-0.23361396729718747,20.345721271638265,16.387278728361732,0.01362171969297521,0.017064201538300353,0.017377242247654655,-21634600.0,-1.5829458003989167,0,0,-1,0,0,-0.001762632197414873,1.0038189200451995,0.21595187523060777,0.2708858015533714,-0.039999999999999925,-0.11016949152542366,2.054416143073234,0.028571428571428595,0.0
2001-06-21,17.47,16.8,-0.011246049274627329,0.025405523435422756,-0.004220687604230211,-0.6555296517851977,0.03910623773675182,17.43,18.2845,18.312666666666665,3,21,6,17.488644896835766,18.086457032203,25.675675675675663,-0.42135080899980437,-0.2711613356377109,20.26990437350075,16.299095626499252,0.020996271315972957,0.019535330599275588,0.01906317949694201,-19630200.0,-0.8204877664934732,0,0,-1,0,0,0.0,-0.690761752542101,0.37913371515655353,0.31011375927068163,0.016288539848749117,-0.08581894296180015,1.1313761738703156,0.05666857469948475,0.0
2001-06-22,17.49,17.47,0.027592005749373896,0.010774133142079556,0.028003021322156176,-0.001148134407915859,0.0011441648845455675,17.324,18.205999999999996,18.283,4,22,6,17.48889127922926,18.047975933351196,29.573170731707307,-0.3982809445031492,-0.29658525741079855,20.18644545759948,16.225554542400513,0.02112623224786703,0.019570417513632105,0.019065287686097485,-17628100.0,-0.7230696480456146,0,0,-1,0,0,-0.011448196908986795,-0.6821857432378634,0.359072937724295,0.3106707467686414,0.028823529411764692,-0.08237145855194128,0.8995636344334318,0.04059462550028593,0.0
2001-06-25,17.13,17.49,0.0069244362076044084,-0.013057239156648165,0.004689340363386121,-0.6241110221288289,-0.020797976694482075,17.235999999999997,18.101,18.254,0,25,6,17.423638319369395,17.988751679586603,27.247191011235927,-0.40438539887752967,-0.3181452857041448,20.07552086126712,16.12647913873288,0.020227831931594824,0.019648577654138803,0.019062119400173796,-18700700.0,-0.98352974541568,0,0,-1,0,0,-0.005717552887364087,-1.504696056861687,0.387417401910223,0.31191150053395295,-0.00810654313839032,-0.109204368174727,1.7049865879516728,0.02335084646818439,0.0
2001-06-26,17.01,17.13,-0.015064016030163215,-0.005730674708985095,-0.011764841579586483,0.5961527564360398,-0.00702990592825795,17.188,17.975,18.21966666666667,1,26,6,17.34843135221132,17.925606409935856,26.795580110497227,-0.4141323600098552,-0.3373427005652869,19.88616938575646,16.063830614243543,0.018441089906892277,0.019005559335320256,0.019074842704165512,-20647600.0,-1.0098529279423796,0,0,-1,0,0,0.0,-0.7002342120327555,0.3749519334705049,0.30170390117363666,-0.000587544065804857,-0.12903225806451613,1.6291670022064701,0.02939447383891828,0.0
2001-06-27,17.32,17.01,-0.0017528488274142493,0.0068728792877620504,0.0076628727455693175,-0.26659014121612795,0.018060496726518577,17.17,17.8715,18.197,2,27,6,17.343262015445625,17.88653502864967,32.98969072164947,-0.3923200661960351,-0.3483381736914366,19.681545361455452,16.06145463854455,0.01959048903685552,0.01980488768776746,0.019420764965020407,-19156300.0,-0.6093769932445685,0,0,-1,0,0,0.005291005291005282,-1.0894215116880481,0.37196703733629055,0.3143928453923864,0.030952380952380842,-0.10675605982465186,0.5645057600717347,0.028290993071593443,0.0
2001-06-28,17.95,17.32,0.007573587031224045,0.02702867238791942,0.011675555865241327,0.4645488945292358,0.035728211799998744,17.246000000000002,17.769,18.192999999999998,3,28,6,17.45357801263733,17.890629542930338,43.2126696832579,-0.32050336800918444,-0.3427712125549862,19.2788121179733,16.259187882026698,0.021766725030054154,0.020310884524455248,0.020579664621377714,-16783200.0,0.23976493213336608,0,0,-1,0,0,-0.005196304849884518,-0.28480439625145126,0.3523571230081617,0.32242529615675386,0.027475672581568356,-0.10250000000000004,0.41651812263154375,0.04289693593314761,0.0
2001-06-29,18.49,17.95,0.029169926341595098,0.026858287502868606,0.015548830389630139,0.33142088262734687,0.02963993046474546,17.395000000000003,17.73,18.216,4,29,6,17.642018373975997,17.929298604676767,55.42986425339364,-0.21750734101938107,-0.3177184382478652,19.1113951757477,16.348604824252302,0.022369878505174783,0.02036681130987794,0.02108931194813957,-13477600.0,1.100336838209439,0,0,-1,0,0,-0.011699164345403948,0.5568490473903909,0.38730496242490925,0.3233131063518882,0.05717552887364219,-0.04047742605085636,-0.4782303893264375,0.0535424553812871,0.0
2001-07-02,18.63,18.49,0.04464781217201094,0.02983705617367659,0.04742869357111104,0.028686703354671814,0.00754313921446369,17.531,17.72,18.217,0,2,7,17.82165139688945,17.974505146310527,64.10891089108915,-0.12316564077358905,-0.27880787875301,19.070415140848045,16.369584859151953,0.022225657203693912,0.0198476846412004,0.019475564839058764,-10075800.0,1.3477337042126611,0,0,-1,0,0,0.00324499729583571,0.5864959725461427,0.2764592112065401,0.31507222596631496,0.08756567425569184,-0.010621348911311723,-0.4211310102443537,0.037573805689747684,0.0
2001-07-03,18.88,18.63,-0.001618559835410916,-0.0021019450723721218,0.008141157583699866,-0.9988438390284843,0.0133299761038576,17.717,17.726499999999998,18.219333333333335,1,3,7,18.01407841563682,18.032924169129203,66.12149532710282,-0.027904586270203424,-0.22862722025644872,19.098862925759825,16.35413707424017,0.020821321927956913,0.020057016560226276,0.01952105581753718,-8822900.0,1.681042205889308,0,0,-1,0,0,-0.0059044551798174685,-1.231621117537251,0.1885454713667955,0.31839526716157723,0.10993533215755424,0.006933333333333236,0.31757300879562034,0.027012711864406864,0.0
2001-07-05,18.79,18.88,0.019251931499321306,-0.0010526316761434844,0.012889544725996863,0.10563982854993215,-0.004778347291980698,17.916,17.7315,18.216333333333335,3,5,7,18.155155067339216,18.081767771120866,69.70443349753697,0.0398686568452149,-0.17492804483611601,19.119285437685775,16.343714562314226,0.019937292992671038,0.020075427975096153,0.01953138074390405,-10215400.0,1.5254519484872495,0,0,-1,0,0,0.0,-1.0787671711155347,0.2657472102326568,0.31868753931176047,0.08487297921478043,0.005350454788656922,-0.011150688357992282,0.013304949441192124,0.0
2001-07-06,18.32,18.79,0.0031729270405777134,-0.002636437066262229,-0.03530097740307228,0.1667612645548299,-0.02533145417938964,18.000999999999998,17.7155,18.19,4,6,7,18.18512687327754,18.09713759233888,65.20737327188945,0.055020130433128145,-0.1289384097822672,19.06606284563143,16.36493715436857,0.020208791092959505,0.0208647435488023,0.019909916396122457,-11860600.0,0.8951823337289849,0,0,-1,0,0,0.007982969664715388,-0.8156611955491814,0.3272735929515445,0.3312175355956209,0.020612813370473493,-0.01716738197424894,-0.3703910419806276,0.04639737991266383,0.0
2001-07-09,18.7,18.32,-0.033282728511948086,-0.012752563897391348,0.006062294675545763,0.1968839445495103,0.020530164614556697,18.122,17.723,18.177999999999997,0,9,7,18.278740169045257,18.136031941220242,66.06741573033712,0.0965773233531948,-0.0838352631551748,19.094577654804116,16.351422345195882,0.020742518851132402,0.021373122611409442,0.020306043402799036,-9857400.0,1.4246367992040976,0,0,-1,0,0,0.0,-0.5118608716434618,0.28479872582155064,0.3392878030240847,0.011357490535424564,0.008086253369272267,-0.9586109206168371,0.026737967914438502,0.0
2001-07-10,18.5,18.7,0.015168221473171444,0.002136752949735242,0.012015436744411297,-0.46840745971291337,-0.010752791776261737,18.259,17.7475,18.153666666666663,1,10,7,18.318969229218848,18.1595137514641,66.81818181818187,0.11208136540335545,-0.04465193744346875,19.157626907316114,16.337373092683883,0.019484078458665535,0.02039945626964387,0.02031018664692396,-11111400.0,1.067279825802671,0,0,-1,0,0,-0.005347593582887587,-1.050188456420156,0.29326236674410555,0.32383132902249034,-0.006977992485238782,0.02720710716268737,-0.030354347015629494,0.01729729729729712,0.0
2001-07-11,19.05,18.5,-0.005390848634876534,0.017980389209864323,0.001627339659375186,0.631432950184136,0.029296369488430972,18.463,17.825499999999998,18.137666666666668,2,11,7,18.45188391481542,18.216964477176095,73.78435517970406,0.16682577025287415,-0.0023563959042001703,19.344065458790517,16.30693454120948,0.019823015113189818,0.02000616548906399,0.020866773771145843,-8753500.0,1.6127062457686516,0,0,-1,0,0,0.0,-0.08602410510551779,0.3599780420923421,0.31758803143239733,0.009004237288135597,0.08919382504288187,0.20875846656539454,0.03307086614173223,0.0
2001-07-12,19.81,19.05,0.03974032864951412,0.04157642684574041,0.029374608679904317,-0.0027179699918993077,0.03911975913774954,18.711999999999996,17.941,18.151666666666664,3,12,7,18.698814112121703,18.319740962519575,74.27385892116187,0.26844231798109774,0.05180334687285942,19.689333341695537,16.19266665830446,0.02172494848670089,0.021480881330078312,0.02209068464345685,-6402000.0,2.138036214750028,0,0,-1,0,0,0.010498687664041956,-0.022603055099117947,0.4382236944894141,0.3409984196512655,0.05428419372006377,0.1319999999999999,-0.4887125094110319,0.04492680464411916,0.0
2001-07-13,19.51,19.81,0.028675799976666298,0.0005026388645658785,0.023408090898014804,-0.30849392668586395,-0.015259706075439586,18.868000000000002,18.057,18.13533333333333,4,13,7,18.846302455372303,18.396531868163475,69.80392156862753,0.32106562668006333,0.1056558028343002,19.900784437680194,16.213215562319803,0.021867550775380072,0.021335986635091293,0.021501939825985823,-8129300.0,1.5761061546089767,0,0,-1,0,0,0.0,-0.5766824873245777,0.3901920674661909,0.33869828767589627,0.06495633187772931,0.1349621873182083,-0.2893030064719845,0.023065094823167567,0.0
2001-07-16,19.6,19.51,-0.015259706075439586,0.0005023863456583357,-0.0036054636018350954,0.1875856638769158,0.0046024116014518,18.979,18.186999999999998,18.146333333333335,0,16,7,18.983338372577336,18.47417497344325,75.56935817805392,0.36581533433104596,0.15768770913364938,20.082891402619467,16.29110859738053,0.020527163567808645,0.020939049275994152,0.02041807547079939,-6045600.0,1.4905917058832843,0,0,-1,0,0,0.0,-0.06008782178403229,0.3865683536850784,0.3323971024464456,0.0481283422459895,0.15294117647058836,0.3393406174531754,0.02704081632653067,0.0
2001-07-17,19.78,19.6,0.0046024116014518,-0.0025144594590784234,-0.0015491869868292669,-0.41918844500735586,0.00914175995809451,19.094,18.3125,18.177999999999997,1,17,7,19.12818594119964,18.55842174935014,78.32310838445812,0.41106578523331194,0.2083633243535819,20.283616434917054,16.341383565082946,0.02054689058333996,0.020848724876908913,0.019973927368501475,-4675400.0,1.4890038700953303,0,0,-1,0,0,0.0,-0.9297277611586606,0.3439735283664873,0.33096324706264024,0.06918918918918915,0.1453387376954256,-0.10221215636756345,0.025783619817997875,0.0
2001-07-18,19.5,19.78,0.016194685919980606,0.003518475607676917,-0.0031055925581532414,0.4902236696490601,-0.014256860624864977,19.156,18.436500000000002,18.202999999999996,2,18,7,19.19578849734516,18.619168733263034,72.42798353909468,0.41949772499738813,0.25059020448234315,20.377050925571645,16.49594907442836,0.021306161128501973,0.020831467748381183,0.020158994815291997,-6912500.0,1.0960804851712038,0,0,-1,0,0,0.007077856420626924,0.2401136381095876,0.35567025451369894,0.3306892986400755,0.023622047244094446,0.14571092831962407,1.0407449139438305,0.03282051282051285,0.0
2001-07-19,19.75,19.5,-0.009077218151116763,0.0035061393292876095,0.011852754067308839,0.002009512364883667,0.012739025777429712,19.252000000000002,18.584,18.238333333333333,3,19,7,19.296554225100582,18.692125589181547,70.08928571428575,0.4412663646986168,0.2887254365255979,20.44774156780898,16.72025843219102,0.021279411372882195,0.020322744543741895,0.0202421308421207,-4670900.0,1.2512464390336622,0,0,-1,0,0,0.012307692307692228,0.4267860555550393,0.20973992354931595,0.3226135681262153,-0.003028773346794522,0.17559523809523814,-0.3983553230707659,0.02430379746835445,0.0
2001-07-20,19.41,19.75,-0.004569695690065297,-0.012578782206860073,-0.009264090959798157,-0.6378691519839024,-0.017365094166212014,19.361,18.681,18.264000000000003,4,20,7,19.31718072962775,18.738440067298868,60.7476635514019,0.42617038310045174,0.3162144258405687,20.50206851225206,16.859931487747943,0.020162873146878518,0.01965459713338572,0.020530863424746578,-5855400.0,0.8006288561856115,0,0,-1,0,0,-0.005063291139240578,-1.1588033853263118,0.21913330620160265,0.31200705680460966,-0.005125576627370676,0.11104751001717239,-0.44040301831717815,0.021123132405976307,0.0
2001-07-23,19.21,19.41,-0.01228894113435124,-0.012739025777429714,-0.012487154972563983,-0.15630580753920845,-0.01035742040045361,19.412,18.767000000000003,18.285999999999998,0,23,7,19.297693324240885,18.768863288763455,56.68202764976962,0.3935319885936224,0.3316779383911794,20.51211770075082,17.021882299249185,0.020026556666849455,0.019951409082718512,0.020613718829879186,-6868500.0,0.5077021450294174,0,0,-1,0,0,0.0,-1.2845001629880632,0.22085499349671803,0.3167188004291309,-0.01989795918367354,0.09834190966266454,0.5093017244048365,0.020822488287350262,0.0
2001-07-24,18.94,19.21,-0.014530613728757408,-0.0025673955052458097,-0.01796139147450558,0.14791272702878738,-0.014154889022533024,19.456,18.8575,18.317,1,24,7,19.232658174378905,18.77990436690775,50.68807339449544,0.3419374403208195,0.33372983877710743,20.423734169492022,17.29126583050798,0.020305729969387187,0.0195623669949624,0.020020811265526895,-8043100.0,0.10534823158245481,0,0,-1,0,0,-0.004164497657470164,-1.0636755089287877,0.1938684083063144,0.31054294874669064,-0.04246713852376138,0.10566258026853492,2.017144436220274,0.03643083421330505,0.0
2001-07-25,19.36,18.94,-0.023269161984689972,-0.004637988216024365,-0.0037383221106072153,0.601978760868516,0.021932994090498592,19.487000000000002,18.975,18.37933333333333,2,25,7,19.25581123358274,18.81732989162338,56.0767590618337,0.3311219117273616,0.3332082533671583,20.290118565797556,17.659881434202447,0.019297127008039282,0.019690728757012096,0.01947967659191744,-5898600.0,0.585498539846883,0,0,-1,0,0,-0.013199577613516367,0.3616631116024489,0.280347607310792,0.31258062854809193,-0.007179487179487243,0.1381540270429158,0.6789329267195486,0.03460743801652883,0.0
2001-07-26,19.7,19.36,0.02222313678471004,0.02196767776604329,0.01907848010523858,-0.38728215887765494,0.01740955389551178,19.476000000000003,19.094,18.452666666666666,3,26,7,19.336572827476786,18.874276350228325,65.13157894736844,0.3459972450318922,0.3357660517001051,20.191238639302824,17.996761360697178,0.015267660323014567,0.01967081980383127,0.01963575239396061,-4442700.0,1.1045910676004735,0,0,-1,0,0,-0.012913223140495868,-0.6543196167581444,0.29693970082974647,0.3122645837142114,-0.0025316455696202667,0.13741339491916849,0.5660556209119002,0.037563451776649666,0.0
2001-07-27,19.45,19.7,0.027865580063088535,-0.007099421299204184,0.008884301969436256,-0.02257589021410945,-0.012771565679487505,19.47,19.169,18.528000000000002,4,27,7,19.357195949753734,18.911419811503915,58.46501128668173,0.33376569995672867,0.3353659813514298,20.13409394143246,18.20390605856754,0.01502308301912147,0.01880811924566441,0.01946361016046,-5866100.0,0.5823267309769222,0,0,-1,0,0,-0.002538071065989884,-0.6337948542885555,0.28213413998013764,0.29856963691725463,0.002060793405461059,0.08356545961002793,0.6211080673629371,0.022107969151670938,0.0
2001-07-30,19.26,19.45,-0.0133198690607097,-0.006637757330323818,-0.004693620089984965,-0.23847047117559858,-0.009816663694475652,19.436,19.2075,18.603333333333335,0,30,7,19.33952395888942,18.93390885592302,58.597285067873344,0.30522228771884485,0.3293372426249128,20.118459586601524,18.296540413398475,0.015197799750042084,0.018014532804015847,0.01943004388536091,-6987500.0,0.11526307153945506,0,0,-1,0,0,-0.003084832904884253,-1.034982078762546,0.2808608897617489,0.28597184270664605,0.0026028110359188616,0.041644131963223474,0.6128477637485988,0.02024922118380065,0.0
2001-07-31,20.01,19.26,-0.002065049778769558,0.03473795043058338,0.008329043465476239,0.991307867927173,0.03820174222566249,19.459,19.2765,18.694666666666663,1,31,7,19.461428693636798,19.00333409102476,60.389610389610425,0.3392099586125994,0.33131178582245013,20.212004929802287,18.34099507019771,0.01977693030152388,0.01978579562967081,0.02033687928269512,-3965600.0,1.5681371131951651,0,0,-1,0,0,0.004672897196261674,2.371117845822063,0.3496815398521728,0.3140897683659456,0.05649419218585017,0.07407407407407418,-0.0071161986275112814,0.045977011494252956,0.0
2001-08-01,19.88,20.01,0.02802731225465566,0.0009891197641244051,0.02457881026488777,-0.3849775212892724,-0.006517947367214216,19.497,19.3265,18.79,2,1,8,19.537532567521016,19.05989318192639,50.87719298245614,0.35160246477023804,0.33536992161200774,20.27950687576918,18.37349312423082,0.0192518769186491,0.019775437405528964,0.020122825977713508,-6021900.0,1.1615865825800362,0,0,-1,0,0,-0.005497251374312992,0.5421441738659575,0.3524463533378716,0.313925336655324,0.026859504132231482,0.052966101694915224,1.058052425209809,0.02313883299798797,0.0
2001-08-02,19.61,19.88,-0.0010055305020187607,-0.017452449951226166,-0.015290817798417207,-0.5602360259564372,-0.013674561020173016,19.482999999999997,19.3675,18.883666666666667,3,2,8,19.550708464335376,19.095383944382753,51.262626262626235,0.33576636600747634,0.3354492104911015,20.293495907686857,18.441504092313142,0.019427414091457335,0.020048538076073635,0.02014373955357665,-7196200.0,0.523760414029832,0,0,-1,0,0,0.0,-1.0486196477940042,0.35469276638855113,0.31826067539820113,-0.004568527918781706,0.04364023416711027,2.1517534033868486,0.02090770015298318,0.0
2001-08-03,19.49,19.61,-0.019299735658726818,-0.013164747091210871,-0.006182399908317428,-0.14371678473948493,-0.0061381266887855414,19.491,19.426,18.951,4,3,8,19.539670561728943,19.120843044745158,48.62155388471174,0.30996011921604705,0.3303513922360906,20.21035759836024,18.641642401639757,0.018671574323349663,0.019115889712465115,0.019151974994329444,-8213300.0,0.16319087144383349,0,0,-1,0,0,-0.005609382967873505,-1.2240566937253339,0.34361563944219514,0.3034553416135242,0.0020565552699227663,0.06386462882096056,2.1266056715963426,0.013853258081067193,0.0
2001-08-06,19.45,19.49,0.0,0.0015278841780531714,0.0,0.0884850718085835,-0.002054443455014111,19.514999999999997,19.4635,19.016333333333332,0,6,8,19.52336682323277,19.142078977342244,45.71428571428569,0.28301835755079097,0.3208847852990307,20.16951252411746,18.757487475882538,0.018316767713939197,0.01869432128081022,0.019176309193746546,-9324500.0,-0.038242947649904435,0,0,-1,0,0,0.0005130836326321992,-0.963610161897432,0.33316148894769243,0.2967631502289979,0.009865005192107867,0.04010695187165769,2.013982230875678,0.015424164524421448,0.0
2001-08-07,19.4,19.45,-0.0020533888118420846,-0.004079556907285305,-0.007782140442055075,-0.3439515409033285,-0.0025740039951728773,19.561,19.5085,19.092,1,7,8,19.5009364917359,19.158719043320165,48.618784530386726,0.2546962553053511,0.3076470793002948,20.051949992857697,18.965050007142306,0.017586130334975032,0.01848805004396495,0.018664183177146382,-10112300.0,-0.3993007688875396,0,0,-1,0,0,0.0005141388174808002,-1.4120705746789743,0.07315612485815992,0.29348869585708814,-0.030484757621189518,0.048648648648648596,-1.2440053976660979,0.019072164948453662,0.0
2001-08-08,19.26,19.4,-0.00981159433158408,0.0,-0.0036524955815743715,0.1360352368560954,-0.007242659699302812,19.551000000000002,19.519,19.166999999999998,2,8,8,19.457129856874825,19.165253298589832,43.01994301994303,0.21843596146285194,0.28980485573280623,20.032436307739772,19.005563692260225,0.016352695438800843,0.017444475580433955,0.018668643776026103,-11014900.0,-1.0088885265639091,0,0,-1,0,0,-0.006701030927835001,-1.1090112852089593,0.07353973743624546,0.27692246482660426,-0.031187122736418438,0.011023622047244164,-1.0739410851976339,0.022845275181723846,0.0
2001-08-09,18.5,19.26,-0.012532801118216863,-0.02169506578132995,-0.03348705136788228,0.9145165020895922,-0.0402596742857004,19.431,19.4535,19.206333333333337,3,9,8,19.283106246533947,19.122333730938877,38.422391857506355,0.1269108200026281,0.2572260485867706,20.121577367092492,18.785422632907505,0.019104024673132755,0.017079036072842363,0.02010236122436609,-13267400.0,-2.854459818477849,0,0,-1,0,0,-0.011941848390446543,1.1204879680875284,0.2507534659190145,0.27112129248865274,-0.05660377358490565,-0.0661282180716809,-2.126735569305638,0.03513513513513506,0.0
2001-08-10,18.6,18.5,-0.025546892254613974,-0.016320446478437875,-0.013605652055778598,-0.13822926624715298,0.005390848634876593,19.346,19.407999999999998,19.228,4,10,8,19.1589051108005,19.088634780555722,42.03655352480418,0.061734018915526434,0.2181276426525218,20.17630914830464,18.639690851695356,0.019266912040656843,0.01694513308838407,0.019065642749792673,-11305700.0,-2.103320002847649,0,0,-1,0,0,0.002702702702702741,0.614682207970841,0.2781388186050734,0.26899564850853674,-0.04566444330425845,-0.04664274730907225,-1.859640543104372,0.03172043010752687,0.0
2001-08-13,18.16,18.6,-0.002699056969165058,-0.013358467414864406,-0.007700808133178509,0.05364053999873279,-0.02394020754600835,19.235999999999997,19.336000000000002,19.217,0,13,8,18.977285999745863,19.028722859229546,40.24999999999998,-0.02513366306343201,0.16947538150933103,20.278659172654493,18.39334082734551,0.02018417518814122,0.017512115764661402,0.01879662788477052,-13375500.0,-2.495069340254615,0,0,-1,0,0,-0.005376344086021581,0.7938128354968652,0.2854556750367895,0.27799621946320674,-0.06632390745501282,-0.07346938775510214,-0.7333393091972843,0.02643171806167403,0.0
2001-08-14,18.2,18.16,-0.010869672236903879,-0.0037725725153193324,0.0,-0.19900257573239546,0.0022002209096023376,19.055,19.256999999999998,19.20266666666667,1,14,8,18.83596127251934,18.975256868311515,33.977900552486176,-0.08971508155904573,0.1176372888956557,20.302231779886345,18.21176822011365,0.013344613578421913,0.017311003039859895,0.018743298361861966,-11679200.0,-2.0225179148589034,0,0,-1,0,0,0.007709251101321617,0.1545628636084519,0.2986743149813384,0.2748036539313146,-0.061855670103092786,-0.07987866531850363,-0.7336524100054109,0.022527472527472538,0.0
2001-08-15,17.63,18.2,-0.005479465764625708,-0.0163313373862211,-0.02686227548554313,-0.22118532134003688,-0.03181959767297081,18.830000000000002,19.1635,19.161,2,15,8,18.616695586606735,18.888466102613997,23.11688311688313,-0.1847607503911206,0.057157681038300434,20.42863198812163,17.898368011878368,0.014964232295414805,0.018240765673735112,0.0193583255982413,-13038900.0,-2.424252986088545,0,0,-1,0,0,0.0,-0.33647943228887334,0.3198481693709506,0.2895631781766399,-0.08463136033229501,-0.09589743589743593,0.2825994268252885,0.03346568349404424,0.0
2001-08-16,17.85,17.63,-0.03409103533328286,-0.011037639651620327,-0.004548046497903964,0.2917372354902128,0.012401511815869449,18.654,19.0685,19.129666666666665,3,16,8,18.47729638904187,18.82146828954213,29.0575916230367,-0.23957133707845912,-0.0021881225850514732,20.429881264513575,17.707118735486425,0.016785033247044955,0.018223471704587477,0.01953169161317584,-11218600.0,-1.7900936817069704,0,0,-1,0,0,-0.002268859897901256,0.49412047172014734,0.3060548756371581,0.2892886449273647,-0.03513513513513511,-0.09620253164556958,-0.5246558656066814,0.02633053221288509,0.0
2001-08-17,17.63,17.85,0.013551873125582058,-0.010599820305142938,-0.0017108644036295411,-0.6593884726848113,-0.012401511815869404,18.468,18.9795,19.106666666666666,4,17,8,18.32324250012517,18.744599367636184,28.83116883116884,-0.2973338042884457,-0.06121725892573032,20.47318459997775,17.485815400022254,0.016771931320904807,0.018081607969264262,0.019138970583860007,-12160000.0,-1.8069410369767587,0,0,-1,0,0,-0.0011204481792718838,-1.001841022179716,0.2860939433061027,0.2870366279450212,-0.05215053763440869,-0.09170530654301912,0.21132055858175236,0.01758366420873504,0.0
2001-08-20,18.5,17.63,0.015029506396731188,0.03904812826266011,0.01753934636680353,0.6118555522431025,0.04816873567450031,18.373,18.944,19.1,0,20,8,18.355380227375136,18.72881876327256,30.982367758186427,-0.26979916971747997,-0.10293364108408026,20.448329191297447,17.43967080870255,0.025190768861918157,0.02166359981317412,0.020896672185075973,-10424200.0,-0.590296329511575,0,0,-1,0,0,0.026659103800340467,0.3050181943604721,0.4792298310115343,0.3438989856485043,0.018722466960352513,-0.03695991671004695,0.6755520563557827,0.038378378378378424,0.0
2001-08-21,18.0,18.5,0.033146202014218216,0.010195956318288167,-0.0005610098323857007,-0.21907590500916913,-0.027398974188114388,18.233,18.897,19.083333333333332,1,21,8,18.290765640579654,18.681798197900136,28.34101382488484,-0.28503785579757945,-0.1393544840267801,20.459469031272093,17.334530968727904,0.026129539324307702,0.022240733137102443,0.021387856215003533,-11818500.0,-1.1481827569660044,0,0,-1,0,0,0.011351351351351397,-0.3147125169540973,0.5287959380023807,0.35306069313915883,-0.01098901098901095,-0.0496304118268216,1.0524299242575932,0.05055555555555556,0.0
2001-08-22,17.9,18.0,-0.04425742743928908,-0.031455955745137446,-0.0033726844786391187,0.2592755143912532,-0.005571045049455472,18.097,18.823999999999998,19.045,2,22,8,18.219717342292444,18.631359604487226,29.496402877697875,-0.30170591063757257,-0.17182476934893862,20.431173393193657,17.21682660680634,0.02613439660060878,0.02148560243807408,0.020613306123919994,-13625500.0,-1.1498448193743345,0,0,-1,0,0,-0.005555555555555635,0.454835930796769,0.46599811681180103,0.3410733649172824,0.015314804310833763,-0.07541322314049592,1.0730341520843132,0.02178770949720654,0.0
2001-08-23,17.94,17.9,0.0027894020875785922,0.0011013216972202194,0.005054770661624054,-0.5317024304426573,0.002232143783940856,18.041,18.735999999999997,18.982666666666667,3,23,8,18.168859643693818,18.58675575903644,31.051344743276374,-0.30813580077559877,-0.19908697563427066,20.33392497024311,17.138075029756884,0.023579819938359555,0.020954266695200698,0.019071218599977926,-12563700.0,-0.9962920848265985,0,0,-1,0,0,0.002793296089385515,-0.8411825501768518,0.4590249891355616,0.332638671487346,0.005042016806722671,-0.08934010152284255,1.4647048974539083,0.01783723522853959,0.0
2001-08-24,18.6,17.94,-0.0027894020875786365,0.027681550392616657,-0.0005603810737848736,0.02584507524567674,0.03612872408850548,18.041,18.6935,18.952333333333335,4,24,8,18.24724879938585,18.58761022619538,40.976645435244215,-0.2570123722424178,-0.2106720549559001,20.256294730097714,17.130705269902286,0.026681031566537696,0.022773528630451494,0.020262431955983748,-11474100.0,-0.11965742934665856,0,0,-1,0,0,-0.0022296544035675975,-0.7510571521249796,0.4977412929553799,0.3615185593895042,0.055019852524106794,-0.04370179948586106,0.15520375260130012,0.045161290322580636,0.0
2001-08-27,18.27,18.6,0.02754995176823065,-0.007522872662987524,0.022721952876637176,-0.05054004233119159,-0.01790121032924029,18.052,18.644,18.908,0,27,8,18.251385381315693,18.567119243860198,38.67735470941887,-0.24035427442021273,-0.21660849884876265,20.193905260262575,17.09409473973742,0.026150893280165864,0.022985713036822567,0.020444153544657732,-12510000.0,-0.482610143456946,0,0,-1,0,0,-0.010752688172043163,-0.8324720856963816,0.38957333207967804,0.36488688241756656,-0.012432432432432416,-0.051401869158878566,1.1473186624263398,0.015873015873015827,0.0
2001-08-28,18.2,18.27,-0.020868412434748015,-0.01193720089172482,-0.03060044044871704,0.27537086250477216,-0.003838776307165713,18.052,18.553500000000003,18.855333333333338,1,28,8,18.242042584712838,18.54343413135309,39.22764227642277,-0.23014802371142196,-0.21931640382129453,19.97349666419183,17.133503335808175,0.026187303653119488,0.020826627257933644,0.02033338884628913,-13874300.0,-0.49788849356374193,0,0,-1,0,0,-0.013683634373289545,-0.14932418221564017,0.32634258004438876,0.33061245823638885,0.011111111111111072,-0.09045477261369328,1.5279220581920157,0.034065934065934125,0.0
2001-08-29,17.84,18.2,0.00166343259869809,-0.011529087350662263,0.0033840979842407154,-0.34823950700200973,-0.019978466930886275,18.073,18.451500000000003,18.8,2,29,8,18.168943932946867,18.498051284169023,42.699115044247804,-0.2482468526579602,-0.2251024935886277,19.75890844501839,17.144091554981618,0.024859644195683882,0.021102804523986458,0.020469347187512397,-14837400.0,-0.9354383510830149,0,0,-1,0,0,-0.008241758241758164,-0.9419782063501061,0.361826814682874,0.3349966364188617,-0.003351955307262511,-0.10261569416498995,1.3838782848637456,0.01961883408071737,0.0
2001-08-30,17.77,17.84,-0.01901623298414771,0.0016551727916686468,-0.013605652055778709,0.6662066898376925,-0.003931484985303337,18.064999999999998,18.3595,18.734,3,30,8,18.096408672411073,18.45108023357747,40.75723830734967,-0.2651818684689786,-0.23311836856469786,19.579706626160686,17.139293373839315,0.024591440203424745,0.021010949386335475,0.020257035526941806,-16712400.0,-0.966229796431825,0,0,-1,0,0,-0.007286995515695012,1.0269607847697415,0.36157237726373004,0.33353848131365305,-0.009476031215161718,-0.0938296787353391,1.6553580461931474,0.034890264490714744,0.0
2001-08-31,17.89,17.77,-0.003393668415436506,0.0005511160238691527,0.005691534999788055,-0.4249333913035626,0.006730255354067889,18.091,18.279500000000002,18.683333333333334,4,31,8,18.058879822881785,18.41488150883054,46.76258992805757,-0.26585537808194815,-0.2396657704681479,19.392740410031205,17.1662595899688,0.024282757416682416,0.021161988173894107,0.020162479431806525,-15486500.0,-0.6997590035185389,0,0,-1,0,0,-0.006752954417557738,-0.44425610087923084,0.17477930796104918,0.3359361477348822,-0.03817204301075272,-0.08209338122113896,0.11312742915771326,0.02962548910005576,0.0
2001-09-04,18.25,17.89,0.013506114141322079,0.035718082602079246,0.007914117055990528,0.5026348989674148,0.019923182507872794,18.066,18.2195,18.651333333333337,1,4,9,18.093628945994187,18.404243992131796,50.55679287305122,-0.23463541691738854,-0.23865969975799603,19.186915983024186,17.252084016975815,0.019125642038274986,0.02184282251403315,0.020519516326322658,-13460000.0,0.0630545712190027,0,0,-1,0,0,0.0,1.2224590262964163,0.234355038239562,0.34674405782312623,-0.0010946907498631253,-0.06169665809768632,0.12245252557155963,0.05753424657534231,0.0
2001-09-05,17.78,18.25,0.008903787258262193,-0.04068909532409968,-0.010186845306993243,0.3678728076587089,-0.026090849942741905,18.044,18.1385,18.612666666666666,2,5,9,18.03660550126797,18.36397018618781,51.70842824601369,-0.24499430299168168,-0.23992662040473317,18.948159447578274,17.328840552421727,0.018937835755175856,0.022428696048648996,0.020874317614747465,-16387600.0,-0.8855575046330613,0,0,-1,0,0,-0.010958904109589003,2.537492880272061,0.29893469824412994,0.35604451185709374,-0.023076923076922995,-0.08350515463917518,0.20310858943786145,0.026996625421822296,0.0
2001-09-06,17.75,17.78,-0.019581045199106507,-0.001108033354361733,-0.005132603226520202,-0.26098865687553924,-0.0016887141643337775,18.029,18.063,18.559,3,6,9,17.98449541012834,18.32435920643376,48.809523809523796,-0.2527114438989848,-0.2424835851035835,18.69429274216952,17.431707257830478,0.018875406159109147,0.02242250135077906,0.020374130003971366,-18642700.0,-0.9916160256312574,0,0,-1,0,0,-0.004499437570303816,1.1573297861998606,0.2665769972140264,0.3559461740770275,-0.005044843049327397,-0.07840083073727944,-0.49695567026398063,0.030985915492957785,0.0
2001-09-07,16.94,17.75,-0.009650940646640249,-0.010588006408829372,-0.03254209288546664,0.08867289333903508,-0.04670782669751638,17.929,17.985,18.467000000000002,4,7,9,17.794587153741368,18.235045709244485,42.79749478079335,-0.3204931190383391,-0.25808549189053465,18.7584407063996,17.2115592936004,0.023545617648461154,0.022974446732282758,0.02144670477359298,-21106900.0,-2.7022110198065974,0,0,-1,0,0,-0.012394366197183034,1.4911740436721743,0.41791012572738817,0.3647080353775243,-0.046707934721440525,-0.08432432432432424,-0.5223219595057009,0.05430932703659986,0.0
2001-09-10,17.12,16.94,-0.04611263387181406,-0.03709412440624082,-0.02391028431211106,-0.0650093729821865,0.010569681489687642,17.781,17.911,18.389333333333337,0,10,9,17.671934943970207,18.163107276390004,33.1707317073171,-0.35558710247756764,-0.27758581400794125,18.71911411388043,17.102885886119573,0.019420511227120348,0.023117867905574248,0.021572903909650235,-18797800.0,-1.9576443138748054,0,0,-1,0,0,-0.011806375442739245,1.1409087256860646,0.42802891357725337,0.36698477592114653,-0.04304080491894913,-0.0795698924731183,-0.5501360467969412,0.039135514018691475,0.0
2001-09-17,13.0,17.12,-0.3974329364109,-0.20585205420414873,-0.38480878318250367,2.596416208796753,-0.2752980132520593,17.253999999999998,17.653,18.18066666666667,0,17,9,16.822492226884716,17.83000358113904,17.61658031088085,-0.7076910826367602,-0.36360686773370504,19.984776824203994,15.321223175796005,0.07631847657681486,0.057796869662518124,0.04831009592759896,-49775700.0,-3.9909479772691436,0,0,-1,0,0,-0.34287383177570097,4.233598690009823,1.6344114335272495,0.9174968621102195,-0.28767123287671237,-0.2841409691629956,-1.9940699403482682,0.21153846153846154,0.0
2001-09-18,12.99,13.0,0.2151113796169455,0.025389234004819378,0.13685918271719735,-0.2898547955702408,-0.000769526779028541,16.733,17.392500000000002,17.946666666666665,1,18,9,16.12567545836022,17.517745285581682,17.824377457405006,-0.976288889512066,-0.48614327208937724,20.501528448685697,14.283471551314307,0.07644286068097816,0.057754839728029486,0.04740989294212476,-72958700.0,-2.832074439113677,0,0,-1,0,0,0.07307692307692303,2.389345753131553,1.67705786043247,0.9168296575845559,-0.2694038245219348,-0.28626373626373625,-2.021709733348705,0.11239414934565042,0.0
2001-09-19,12.83,12.99,-0.007916558077851136,-0.03688361343055462,-0.01562531790308087,-0.6946062093129948,-0.012393652054963122,16.232,17.1525,17.711666666666666,2,19,9,15.526461738658362,17.215310105866738,17.032258064516114,-1.1883665001464223,-0.6265879177007863,20.86653525760553,13.43846474239447,0.07659076876139995,0.057626377225129845,0.04739410039769899,-84533300.0,-2.327656955409062,0,0,-1,0,0,0.06543494996150882,0.8501739388931839,1.6570990862852395,0.9147903785717397,-0.2771830985915493,-0.2722631877481565,-2.0215207517920426,0.08885424785658617,0.0
2001-09-20,12.83,12.83,-0.04734612059719843,-0.04734612059719843,-0.011881327886752563,-0.05177268012804688,0.0,15.738000000000003,16.9015,17.485666666666667,3,20,9,15.036195967993205,16.932386873230175,9.308885754583912,-1.3409815341175406,-0.7694666409841372,21.0680145095025,12.734985490497497,0.07674524675092828,0.05739244670752218,0.04745549152567469,-84533300.0,-1.9543913699156423,0,0,-1,0,0,0.028838659392049822,0.7134889801499175,1.7089755566596596,0.9110768467297887,-0.24262101534828817,-0.2812324929971989,-2.204394148098804,0.05066250974279023,0.0
2001-09-21,13.6,12.83,0.05310982531394854,0.05310982531394854,-0.020121403199421063,-0.04511287640205599,0.05828361411446117,15.309000000000001,16.7,17.289333333333335,4,21,9,14.775069428358076,16.717394171731456,18.990703851261614,-1.3838453751591029,-0.8923423878191303,21.101349075477955,12.298650924522041,0.08121507321855426,0.05977074653596113,0.04927679476729829,-74027500.0,-1.4086590028823651,0,0,-1,0,0,0.08495713172252532,0.5941906775407723,1.847228456625787,0.948831186064971,-0.20560747663551404,-0.22858763471355636,-1.8872139183104468,0.11911764705882348,0.0
2001-09-24,13.75,13.6,0.04563796530083991,0.07405665720823276,0.10779657045570738,0.026321511305376424,0.010969031370573937,14.859,16.4625,17.099333333333334,0,24,9,14.588693168656606,16.52594938645846,20.76215505913271,-1.3896920269704776,-0.9918123156493999,20.96631767883766,11.958682321162335,0.08072045663541938,0.05833342777899023,0.049412522913191675,-63241500.0,-1.204533661629054,0,0,-1,0,0,0.07132352941176476,0.571550521374656,0.4492782440772497,0.9260144581509301,0.05769230769230771,-0.2567567567567568,1.7724513940756357,0.09381818181818188,0.0
2001-09-25,14.06,13.75,-0.03847973860066943,-0.04015510553255135,0.020946955843310584,-0.6619676688629369,0.022295062269938645,14.487,16.2655,16.921333333333333,1,25,9,14.492567137991768,16.36685587765469,25.000000000000014,-1.3537064461734598,-1.064191141754212,20.830416440118405,11.700583559881592,0.08207174999021413,0.05875125236536957,0.049756777509888994,-57677700.0,-0.9662827475294559,0,0,-1,0,0,0.019636363636363605,-0.09034060805856454,0.43924360578560256,0.932647217834179,0.08237105465742878,-0.2188888888888889,1.1071451813972961,0.029160739687055487,0.0
2001-09-26,14.1,14.06,0.01416454276865085,-0.009068775093209967,-0.006453948540743678,-0.09511249274229928,0.0028409110016036497,14.122,16.0755,16.749333333333333,2,26,9,14.421191294720536,16.220607111354386,25.630810092961482,-1.3068948777863518,-1.1127318889606401,20.670199348734727,11.480800651265275,0.08219460118845966,0.05881752419557961,0.04980521444086258,-52618700.0,-0.8599039240920121,0,0,-1,0,0,0.011379800853485073,-0.1736386945482356,0.3872170094548738,0.9336992505241682,0.09898674980514421,-0.2122905027932961,1.5908751808289638,0.026241134751772994,0.0
2001-09-27,13.99,14.1,-0.0014074597678798285,-0.004213489379735648,-0.013034217838906915,-0.1978918405923744,-0.007832008706732741,13.827000000000002,15.878,16.599,3,27,9,14.34279287749862,16.076696975137978,24.06914893617021,-1.26410068742282,-1.1430056486530762,20.474825449212368,11.281174550787632,0.08171358875173285,0.058750814048594904,0.04947113716611235,-56769400.0,-0.8214364547270313,0,0,-1,0,0,0.007092198581560258,-0.30820585919014704,0.4146845234679614,0.9326402597710917,0.09041309431021038,-0.22017837235228543,1.2974049406857588,0.03502501786990709,0.0
2001-09-28,14.84,13.99,-0.007067167223092443,0.05343737000549694,0.026610703612849704,0.19448616646266595,0.05898344906184448,13.599,15.690000000000001,16.473666666666666,4,28,9,14.433194172498872,15.996910073516172,28.714107365792756,-1.1483605019536967,-1.1440766193132004,20.1227156936863,11.257284306313704,0.08496414234883816,0.05999656359358695,0.05099375474718143,-51727600.0,-0.38351207645042157,0,0,-1,0,0,0.007862759113652569,-0.2241961171779174,0.41945820126970224,0.9524159207226166,0.09117647058823541,-0.2021505376344087,1.3170332286348287,0.0606469002695418,0.0
2001-10-01,14.64,14.84,0.05518641556729094,0.00465891025724127,0.030061683486061197,-0.33671821077929726,-0.01356872920606879,13.763,15.508500000000002,16.356333333333332,0,1,10,14.470795232044532,15.909367488128034,29.715762273901802,-1.0605485560510672,-1.1273710066607738,19.791141953895206,11.225858046104797,0.027522775052231916,0.05997240418356891,0.050906481514404626,-55328000.0,-0.4055907588585927,0,0,-1,0,0,0.004043126684636152,-0.42699245496904686,0.4768148961932217,0.9520324019782379,0.06472727272727274,-0.19868637110016418,1.2526471060092876,0.036885245901639406,0.0
2001-10-02,15.32,14.64,0.0033500868852818057,0.035228691883743814,0.027175585378964816,0.42233857487583504,0.04540165577927968,13.996,15.364500000000001,16.26033333333333,1,2,10,14.625196098945525,15.871343779216549,35.518474374255064,-0.9254189852606753,-1.0869806023807542,19.45547839282078,11.273521607179223,0.029043053151767268,0.061242902157272065,0.051777657059846424,-49835500.0,-0.021755187012521864,0,0,-1,0,0,0.021174863387978055,-0.21437611095658632,0.5338301959720164,0.9722009320560181,0.08961593172119486,-0.15824175824175823,0.5772084297994631,0.044386422976501284,0.0
2001-10-03,15.79,15.32,0.06725222700916747,0.02469261259037163,0.026456569536830465,0.07321154343165431,0.030217663955105497,14.291999999999998,15.262,16.199,2,3,10,14.836978626409975,15.866095793460644,42.85714285714284,-0.7715092761199305,-1.0238863371285896,19.191358324473022,11.332641675526979,0.02735334241872455,0.061706038683153525,0.051897267551162383,-43925800.0,0.26874616993389644,0,0,-1,0,0,0.04373368146214099,-0.19568987640753743,0.5212794007228606,0.9795529964793347,0.11985815602836869,-0.11491031390134532,-0.17345780675259576,0.04243191893603546,0.0
2001-10-04,15.8,15.79,0.034422574977209,0.034422574977209,0.02768120095919672,0.1241981615438949,0.000633111765370558,14.589000000000002,15.163500000000003,16.130666666666666,3,4,10,15.01207342160816,15.861831548721248,41.6243654822335,-0.6413348968658443,-0.9473760490760406,18.923249571727546,11.40375042827246,0.027299215881013115,0.06171478607860078,0.05182685405554486,-37234600.0,0.3385863807453202,0,0,-1,0,0,0.04813172894236869,-0.12630692748465452,0.49218036038038054,0.9796918570771725,0.12937812723373843,-0.11086100168823854,-0.22028080039404574,0.050632911392405104,0.0
2001-10-05,15.48,15.8,-0.030677252247047006,-0.030677252247047006,-0.042145621450763504,-0.5535256011011346,-0.02046107187134006,14.777000000000001,15.042999999999997,16.059,4,5,10,15.097150981315767,15.837197255255361,80.39215686274511,-0.557564828824999,-0.8694138050258323,18.582866783101508,11.503133216898487,0.026460703999461647,0.061767574865657565,0.05189841393319127,-41081500.0,0.2469019467546846,0,0,-1,0,0,0.01582278481012658,-0.5305362619801426,0.4561754861337963,0.9805298530925626,0.043126684636118684,-0.13471212968138624,0.4855297946865188,0.06136950904392772,0.0
2001-10-08,15.01,15.48,-0.034868825650823936,-0.034868825650823936,-0.005978098175508067,-0.5251557173100988,-0.030832222516210563,14.902999999999997,14.881,15.942666666666666,0,8,10,15.081305348349263,15.783829690400179,72.2466960352423,-0.5230718714844489,-0.8001454183175557,18.08336688782074,11.67863311217926,0.029878925874425265,0.061712704655565734,0.0511694490602804,-43356800.0,0.08056540959789026,0,0,-1,0,0,0.0012919896640826599,-0.7458775455724322,0.5194913604879071,0.9796588155108295,0.025273224043715903,-0.17753424657534245,0.26415389554482804,0.032644903397734855,0.0
2001-10-09,15.12,15.01,-0.00907329620567483,-0.00907329620567483,-0.0006664445431605588,0.1549728392657993,0.007301725106016334,15.009,14.748,15.846666666666666,1,9,10,15.088340739558486,15.741001968438876,75.50111358574611,-0.4813116129243671,-0.736378657238918,17.650308337205182,11.845691662794819,0.029509025178500275,0.06164543271367418,0.051055440098169355,-40700100.0,0.2563476769378836,0,0,-1,0,0,0.02331778814123915,-0.6914647128735923,0.3805455360584709,0.9785909065400848,-0.013054830287206332,-0.1496062992125985,0.28902634735102467,0.023809523809523774,0.0
2001-10-10,15.98,15.12,-0.00981362144832451,0.04269523890193555,0.005319161477600027,0.16952373582962185,0.05531956958674176,15.197,14.6595,15.782666666666668,2,10,10,15.250460605093307,15.756421196281531,79.4392523364486,-0.37450444040094766,-0.664003813871324,17.26961373012953,12.049386269870467,0.03323686221037737,0.06323177600135983,0.052263118940381256,-37552600.0,1.0118333042403238,0,0,-1,0,0,0.0059523809523810605,-0.6338691748931091,0.5372064013279714,1.0037733255392418,0.01203293223559232,-0.09971830985915486,1.1707687400299294,0.0594493116395495,0.0
2001-10-11,16.1,15.98,0.07471828648453671,0.034940728741035966,0.05294974664637576,0.33858053115774006,0.007481331652288766,15.408000000000001,14.617500000000001,15.721333333333336,3,11,10,15.40492231325816,15.778587570714983,76.59574468085108,-0.27698310078401533,-0.5865996712538623,17.09686218453566,12.138137815464342,0.032512666561574005,0.062461088688482304,0.05228768631223117,-33136800.0,1.1958720748801335,0,0,-1,0,0,0.025657071339173977,-0.4787871370982187,0.5376406334148418,0.9915390437284424,0.018987341772152,-0.04958677685950408,0.9659745925069564,0.04347826086956528,0.0
2001-10-12,15.43,16.1,-0.020962543179713404,-0.03369384578647276,-0.05096233294153774,-0.15877736657559177,-0.042505605615348004,15.467000000000002,14.533000000000001,15.615666666666668,4,12,10,15.409481892665767,15.756098050023695,66.09195402298849,-0.25086828369628655,-0.5194533937423471,16.75510047619723,12.31089952380277,0.03248613263601322,0.06306439558551427,0.05223622476166955,-36904300.0,0.8073442309279102,0,0,-1,0,0,-0.0031055900621118453,-0.5817733036921063,0.6147587390154751,1.0011162438112222,-0.003229974160206761,-0.09871495327102808,0.6148808587870437,0.06092028515878168,0.0
2001-10-15,15.33,15.43,-0.03809984623227052,-0.02651670514263961,0.0006615944667387185,-0.6200521394864333,-0.006501973491346684,15.535999999999998,14.6495,15.517666666666667,0,15,10,15.395030639453807,15.728607853247974,62.67465069860279,-0.23552626707545876,-0.46266796840896945,16.775424938022375,12.523575061977626,0.032132314060806466,0.02935226072892813,0.052179810836429086,-38930900.0,0.6401919351235705,0,0,-1,0,0,0.001296176279974049,-0.9143698964765042,0.5616669699356369,0.46595269383762783,0.02131912058627594,0.1792307692307693,0.3856098871159164,0.03326810176125255,0.0
2001-10-16,15.44,15.33,0.001939864817826676,0.0012787725527770174,0.01248783891820555,-0.2704298631200961,0.007149851712907299,15.547999999999998,14.772,15.425666666666668,1,16,10,15.40320688682584,15.709987991748106,63.18897637795275,-0.21204717978477738,-0.41254381068413104,16.774036857539727,12.769963142460274,0.028734298971787482,0.029271302260987734,0.05222218221258646,-37384500.0,0.6673203817245351,0,0,-1,0,0,0.009784735812133096,-1.2482447849476797,0.5616233307459658,0.4646675180014573,0.021164021164021163,0.18860662047729027,0.38999607414885584,0.022020725388601028,0.0
2001-10-17,15.18,15.44,0.019827960105969555,0.00890591128138835,-0.012487838918205508,0.7758327376887814,-0.016982772629146194,15.487,14.889500000000002,15.337,2,17,10,15.362623816493867,15.675795218086938,61.37667304015295,-0.21197613213783484,-0.37243027497487186,16.675863256510475,13.10313674348953,0.027196282466413917,0.029462106523925478,0.05219423762469084,-40743900.0,0.32524179943945813,0,0,-1,0,0,0.022668393782383396,-0.5995787539170951,0.32341038176541775,0.4676964417744028,-0.05006257822277849,0.18316445830085737,-1.0442119143312731,0.04413702239789196,0.0
2001-10-18,15.1,15.18,-0.044682084446672085,-0.0250093188479672,-0.01398624197473984,0.3828664101796267,-0.005284028146605267,15.416999999999998,15.003,15.248,3,18,10,15.3148740316768,15.638647139500685,52.914798206278014,-0.21588655199122186,-0.34112153037814186,16.50407470272404,13.501925297275962,0.027158165478247634,0.029568807469084277,0.052194860658321594,-45670400.0,0.12924073641900855,0,0,-1,0,0,-0.00527009222661397,0.07731922682703983,0.2907763400082559,0.46939026676767714,-0.06211180124223614,0.17692907248636014,-1.0930493644541035,0.032450331125827826,0.0
2001-10-19,15.03,15.1,0.004625049539562193,-0.013072081567352888,-0.002014099371701145,-0.5610885048559974,-0.004646540055995591,15.372,15.0745,15.152666666666667,4,19,10,15.263078753190108,15.599379582113544,54.503464203233236,-0.22207407122688316,-0.31731203854789014,16.422628917777352,13.726371082222649,0.0265747706486919,0.027079770561954458,0.05215596727128898,-48481400.0,-0.06601742520792132,0,0,-1,0,0,0.004635761589403992,-0.7525318740189911,0.1353041955157275,0.4298780308057159,-0.025923525599481523,0.10514705882352948,0.21895993212705003,0.021290751829673885,0.0
2001-10-22,15.75,15.03,0.0032905590730988588,0.04439455269639391,0.014014243374811766,-0.03851231951285569,0.0467921615067591,15.445999999999998,15.1745,15.069333333333335,0,22,10,15.351609888973723,15.609097028428799,54.919908466819216,-0.16695518662545616,-0.2872406681634034,16.400095021977037,13.948904978022961,0.028921808287203414,0.028693692260210554,0.05284658684995673,-45776600.0,0.9391356682758814,0,0,-1,0,0,0.012641383898869015,-0.8810506883860829,0.39833311033729857,0.45549824350041584,0.02739726027397249,0.1454545454545455,1.6232869596414676,0.05079365079365084,0.0
2001-10-23,15.91,15.75,0.04997836980624149,0.02178735418490723,0.04913722754353207,0.399953545855806,0.010107477078053527,15.525,15.267,15.007,1,23,10,15.453135363705773,15.628510123368876,51.47783251231529,-0.1091047193551038,-0.2516134784017435,16.415236175962782,14.118763824037217,0.028958825579751404,0.028477870965960352,0.05272874264567319,-41741700.0,1.119978648052702,0,0,-1,0,0,0.015873015873015872,0.11874940824589145,0.39960590721210915,0.4520721866671071,0.03044041450777213,0.13157894736842102,1.4915640148046168,0.024512884978001182,0.0
2001-10-24,16.02,15.91,0.015504186535965254,0.0006155740422146125,-0.0018945379837818162,-0.4875297350603945,0.006890099290517526,15.529,15.363,14.949333333333334,2,24,10,15.556201661213812,15.653767534764434,52.64423076923075,-0.0537619917859633,-0.21204318107858744,16.417655843092227,14.308344156907772,0.02274984444520682,0.028464320751687307,0.05275486575873924,-39263700.0,1.2459040630234224,0,0,-1,0,0,0.021370207416719036,-0.9273027267931189,0.3449296523061444,0.4518570836840384,0.05533596837944654,0.13617021276595742,1.7051349816709318,0.02684144818976278,0.0
2001-10-25,16.45,16.02,-0.013007306337378058,0.014661227795760921,-0.0025316469217797305,0.3189672099488154,0.026487535571167693,15.563999999999998,15.486,14.933,3,25,10,15.718710450084027,15.705137371231245,61.35831381733019,0.024512361629012602,-0.16473207253706745,16.43493624654144,14.537063753458561,0.024189207338555757,0.028583940330770965,0.05234036496422218,-35854700.0,2.0317487154979323,0,0,-1,0,0,0.001248439450686615,-0.21856181991913476,0.3241286521528306,0.4537559856331759,0.08940397350993368,0.17583988563259467,0.8228492734929296,0.04316109422492396,0.0
2001-10-26,15.99,16.45,0.01914229490489406,-0.007303745188463861,0.007575793808457723,-0.06592796744179111,-0.02836195036551803,15.62,15.5435,14.895333333333333,4,26,10,15.76803582279602,15.723515605345359,61.502347417840376,0.048863922149248395,-0.1220128735998043,16.466635959650663,14.620364040349335,0.0216836817115135,0.026883331838558813,0.0525573572434183,-39046200.0,0.9673547982443803,0,0,-1,0,0,-0.006079027355622971,-0.3178782855700732,0.444255834506847,0.4267596627459086,0.06387225548902209,0.07749326145552571,-0.411709978357196,0.02939337085678553,0.0
2001-10-29,16.0,15.99,-0.031058397019972855,-0.01911868286442804,-0.008844024796452772,-0.33172089136931515,0.000625195393918318,15.687000000000001,15.611500000000001,14.995333333333333,0,29,10,15.810211127742196,15.741353308226305,60.57692307692309,0.06818364709075198,-0.08397356946169304,16.450980415746077,14.772019584253925,0.021424929962934318,0.02658188274339753,0.0266637835441166,-36755700.0,0.9255725153629111,0,0,-1,0,0,-0.008755472170106351,-0.9230442426339113,0.3173772889883168,0.42197430671345537,0.015873015873015817,0.09289617486338786,-0.8984936509460246,0.018749999999999933,0.0
2001-10-30,15.77,16.0,0.007542461903631487,-0.0056197462916944595,-0.016635060504532097,0.3432784723966322,-0.01447932126483425,15.720000000000002,15.634,15.088,1,30,10,15.80290001360725,15.743201481889125,47.0254957507082,0.0641955837589876,-0.05433973881755692,16.46465985184902,14.803340148150982,0.02219491299996017,0.024996323921362293,0.026919955501486112,-39984300.0,0.32745051948103193,0,0,-1,0,0,-0.00187499999999996,-0.16126218908458714,0.3315255608690205,0.39680434072043685,-0.008799497171590231,0.02937336814621405,0.14557041096120882,0.029803424223208665,0.0
2001-10-31,15.9,15.77,-0.010702022193999943,0.005619746291694365,0.013457428342328962,-0.45538023114000087,0.008209708251238904,15.791999999999998,15.639499999999998,15.190333333333335,2,31,10,15.820554556587748,15.753317515315633,47.17514124293784,0.07070982948186177,-0.029329825157673177,16.475945486945637,14.803054513054358,0.021181271474007776,0.024117364309257646,0.026676304115811966,-37936700.0,0.6228738251699881,0,0,-1,0,0,0.0019023462270133886,-1.012866395839292,0.3338011724655352,0.3828512894438447,-0.0074906367041197575,0.006966434452184922,0.09443625884008885,0.022012578616352068,0.0
2001-11-01,16.33,15.9,0.006309169193264756,0.023385681109418334,0.0025429130041123332,0.16763621041500817,0.02668479775618779,15.915000000000001,15.666,15.307,3,1,11,15.913181000844519,15.790522836908172,63.636363636363626,0.10930976753275345,-0.00160190661958785,16.55574035242704,14.776259647572962,0.021918851532839418,0.0248305881961795,0.02686982839651308,-35515400.0,1.4925702721894873,0,0,-1,0,0,0.0,-0.7001478261400517,0.33487945200236235,0.39417336764728117,-0.00729483282674781,0.03354430379746809,0.1054786110655332,0.042253521126760646,0.0
2001-11-02,16.31,16.33,0.021773799549560536,0.00303674694347359,0.023840526865475296,-0.032317736142964154,-0.001225490349451269,16.043,15.707500000000001,15.397333333333334,4,2,11,15.985329909781878,15.824037492591517,65.21739130434781,0.136710747287351,0.02606062416179992,16.637239635314014,14.777760364685989,0.02172473747368755,0.02429416778101376,0.025081351048242623,-37859700.0,1.2960617728134352,0,0,-1,0,0,-0.004898958971218512,-0.7100794850754711,0.24144668432823205,0.38565795754704174,0.02001250781738584,0.053617571059431324,0.6814297324238976,0.02207234825260573,0.0
2001-11-05,17.03,16.31,0.01526747213078838,0.03573936055599208,0.0196445850742634,0.2075727115310735,0.04319807804167457,16.171,15.808499999999999,15.506666666666666,0,5,11,16.175269926185173,15.90184152532755,70.757180156658,0.21405669157044116,0.06365983764352817,16.851214574661093,14.765785425338903,0.02098542618555148,0.024636528737100285,0.02600494314948619,-34974600.0,2.3429230389284927,0,0,-1,0,0,0.011649294911097565,-0.11792339055907909,0.3672909930053081,0.39109276923758124,0.06437500000000007,0.13457694870086612,0.3693592351504621,0.03758073987081624,0.0
2001-11-06,17.22,17.03,0.02985296314968113,0.020846151520936558,0.011483958181681731,0.07316425689246875,0.011095004324987771,16.302,15.913500000000003,15.612,1,6,11,16.365220848696957,15.986884007564482,77.12765957446808,0.2873726685264728,0.10840240382011711,17.07989390295142,14.747106097048585,0.020998986833849195,0.024657201564150806,0.025860144925198166,-31870500.0,2.2402380477025075,0,0,-1,0,0,-0.0017615971814445763,0.11543865913923469,0.28362422269946097,0.3914209401932152,0.09194673430564348,0.13888888888888884,0.7848786614320854,0.04703832752613233,0.0
2001-11-07,17.7,17.22,0.04317217186520878,0.0170458672729886,0.024340768336463314,0.04269517861099726,0.027493140580198708,16.47,15.999500000000001,15.732,2,7,11,16.60790796711569,16.097407619979677,81.25,0.3798296570985613,0.16268785447580597,17.413824834273314,14.585175165726687,0.021890141419296263,0.022297473672175973,0.02612059416865801,-28631000.0,2.404680959835825,0,0,-1,0,0,0.030778164924506454,0.2706330020253658,0.2757670139532789,0.35396142120952667,0.1132075471698113,0.10763454317897359,-0.1497275748698266,0.03954802259887002,0.0
2001-11-08,17.62,17.7,-0.01361336962366421,0.006178059526928045,0.011661939747842957,0.09787462512477223,-0.004530019071749899,16.587,16.075499999999998,15.853000000000002,3,8,11,16.79192470036738,16.195639386432603,81.0551558752998,0.44155715917528937,0.21846171541570267,17.6650643229647,14.485935677035297,0.02148976177498039,0.022398437050585442,0.02605922437749167,-32203600.0,1.943299780557921,0,0,-1,0,0,-0.01073446327683603,0.7660349707757175,0.3246539997535056,0.35556416515430483,0.07899571341090028,0.09440993788819863,0.6178156433185736,0.03461975028376841,0.0
2001-11-09,17.11,17.62,0.0017118406462763936,-0.009564067276658992,-0.017544309650909508,-0.5436698746626843,-0.029371532603931383,16.699,16.1595,15.928666666666667,4,9,11,16.849756573027857,16.254630393759534,67.17171717171718,0.44420341112514095,0.26361005455759035,17.7826415283495,14.536358471650502,0.02166907753054949,0.021162887460892683,0.024923669109072105,-34277900.0,1.1711856093861623,0,0,-1,0,0,-0.004540295119182852,-1.0284777177262463,0.4499919402514342,0.33595042347341525,0.04904966278356837,0.10887880751782242,-0.29360795973638004,0.04324956165984816,0.0
2001-11-12,16.73,17.11,-0.05568388274168382,-0.04568588624266628,-0.08620719520121606,1.1241241191921607,-0.02245957290536945,16.772,16.229499999999998,15.998333333333333,0,12,11,16.827982650659155,16.28529940061376,59.8086124401914,0.4109011479961069,0.29306827324529366,17.822490897651367,14.63650910234863,0.02353828200046021,0.021906457864959813,0.0251970289347844,-40661600.0,0.6283777273779981,0,0,-1,0,0,-0.030391583869082386,3.0247502933098134,0.37208109901125114,0.3477542377019918,-0.017615971814445186,0.091324200913242,0.3196362170960007,0.08069336521219353,0.0
2001-11-13,17.49,16.73,0.03610927961705426,0.041153300579086956,0.0891527054309729,-0.3105779699797532,0.044425774031777936,16.944,16.332,16.070666666666668,1,13,11,16.9483494414484,16.363022019929,65.21739130434783,0.4407537777611523,0.3226053741484654,17.974150066865196,14.689849933134804,0.025650232498811203,0.0237361157095881,0.025139422522158176,-35982200.0,1.4103461350649598,0,0,-1,0,0,0.028093245666467356,1.3218380884161716,0.5100845430158288,0.37679915554934124,0.015679442508710784,0.13277202072538863,0.4547234062761244,0.03487707261292164,0.0
2001-11-14,17.98,17.49,0.024125236688626265,0.020793106535359568,0.03012974145202924,-0.7907166101250174,0.027630740012963666,17.152,16.472,16.143666666666668,2,14,11,17.135922270275962,16.467343179933582,65.64417177914112,0.4982080742692503,0.35772591417262245,18.17684881255914,14.767151187440861,0.026196167721510923,0.02353126731392265,0.025049176281389897,-33860000.0,1.7690718248926114,0,0,-1,0,0,0.0074328187535736175,-0.9744039170676835,0.5105107201477633,0.3735472880809332,0.015819209039548143,0.18445322793148877,0.4523572748206225,0.02558398220244721,0.0
2001-11-15,18.5,17.98,0.01464814923733455,0.04725288485054551,0.01978024366309146,0.8755315632633256,0.028510703040804858,17.369,16.642000000000003,16.233666666666668,3,15,11,17.38393640295306,16.598482329615287,75.35353535353536,0.5790260208295095,0.40198593550399986,18.445990897397998,14.838009102602008,0.026316997371484973,0.023699693936669625,0.025422803582047158,-28766400.0,2.059877356010945,0,0,-1,0,0,-0.005561735261401636,1.6888377789644056,0.5319433118077157,0.37622097782863917,0.0499432463110101,0.22516556291390732,-0.42808030854638446,0.052972972972972994,0.0
2001-11-16,18.32,18.5,0.05812116178306728,0.005291017634415459,0.018298264911412867,0.0413244597508122,-0.009777372838294938,17.57,16.8065,16.328333333333333,4,16,11,17.554129784234323,16.70954798576914,72.65625000000001,0.6213873633387763,0.4458662210709552,18.59148149776643,15.021518502233567,0.026952661496730267,0.023897127752896517,0.02512489064353687,-34074900.0,1.695815897132671,0,0,-1,0,0,0.024324324324324288,1.6382156401382295,0.45464171609959075,0.37935514249742386,0.07071887784921094,0.21889554224883567,-0.4355936455022614,0.04093886462882096,0.0
2001-11-19,18.74,18.32,-0.021334142474991172,-0.010610179112015459,0.008752791109594708,-0.4838162078924252,0.022666917564291837,17.741,16.956,16.45266666666667,0,19,11,17.769742550737174,16.84054488991307,77.96610169491527,0.6809993853806411,0.4928928539328924,18.86495286810116,15.04704713189884,0.024899047203652977,0.022431517945062467,0.02434190505839563,-30802600.0,1.8690875294103493,0,0,-1,0,0,0.01255458515283845,-0.07238474584421895,0.3208834513785208,0.3560893080739075,0.12014345487148814,0.1898412698412697,-1.210578757405435,0.02081109925293493,0.0
2001-11-20,18.18,18.74,-0.002699056969165058,-0.008032171697264154,-0.015921280588207184,-0.12361395596717664,-0.030338188060943343,17.837,17.0695,16.55466666666667,1,20,11,17.844334814239506,16.926961348628357,69.86062717770037,0.6752709196256248,0.5293684670714389,18.986509458285994,15.152490541714009,0.027872021340379322,0.02404813183570346,0.0252915272427292,-33694400.0,1.158575400032613,0,0,-1,0,0,-0.012806830309498318,-0.344106478627491,0.4207890640818773,0.3817522579977993,0.03945111492281317,0.14267756128221243,-0.8917151472786715,0.029152915291529215,0.0
2001-11-21,18.59,18.18,0.008075414005545331,0.002684565370668761,-0.020688465024353755,-0.17213774897127032,0.02230171298401994,17.926,17.198,16.641666666666666,2,21,11,17.979910302559595,17.034254164845883,69.75524475524477,0.6957939630412042,0.562653566265392,19.1627482763636,15.233251723636402,0.02745103992859029,0.02429933391544595,0.023655922468629163,-31259900.0,1.4169754128262624,0,0,-1,0,0,0.025852585258525792,-0.7250108157178764,0.40598375843891377,0.3857399673887244,0.03392658509454938,0.16042446941323352,-0.9013547602321796,0.05110274341043568,0.0
2001-11-23,18.65,18.59,0.005347606326595277,0.005347606326595277,0.04474648700562273,-0.8428578107417681,0.003222344356471876,18.029,17.308,16.726666666666667,4,23,11,18.101744793003306,17.13849583163002,70.31250000000001,0.7087303194147658,0.5918689168952668,19.341556386960395,15.274443613039606,0.027253110404506602,0.023892966949972134,0.023655204605529914,-30211900.0,1.3198552138560748,0,0,-1,0,0,0.008606777837547076,-1.6482558644158503,0.3563563798840189,0.37928909179867026,0.008108108108108025,0.13373860182370811,-0.5554281163460031,0.012868632707774717,0.0
2001-11-26,18.67,18.65,-0.005347606326595353,-0.000533475606143745,-0.014146046556905713,0.7712649598238974,0.0010718114638068764,18.185,17.442,16.834666666666667,0,26,11,18.20506392154816,17.237302552170018,66.20553359683797,0.712384384158554,0.6159720103479243,19.463032565689872,15.420967434310128,0.024485447053449908,0.022527608984776595,0.0219668113018813,-27945600.0,1.2152203985697072,0,0,-1,0,0,0.0,-0.6631574219150224,0.3422757972800428,0.3576147060397388,0.019104803493449785,0.16760475297060662,-1.0659208466747456,0.02624531333690404,0.0
2001-11-27,18.76,18.67,0.004280370366172645,0.0121985071366468,0.008728915216485899,0.3315686862626299,0.004808986024447257,18.387999999999998,17.58,16.948999999999998,1,27,11,18.305961390357584,17.33554109719131,65.52419354838713,0.7143084020158383,0.6356392886815071,19.56301206302566,15.596987936974337,0.022021429502694638,0.022474627832531787,0.021831146435824716,-24788300.0,1.190108746186415,0,0,-1,0,0,0.003213711837171865,-0.016558633283904035,0.3007515723552592,0.3567736563216583,0.0010672358591250486,0.1725000000000001,-1.0177099660701485,0.029850746268656646,0.0
2001-11-28,18.49,18.76,-0.00213789498852565,-0.01487016247945128,-0.0016308783174455747,-0.5648793549322839,-0.014496898179045252,18.488,17.716,17.050666666666665,2,28,11,18.339422955747114,17.410022316727353,58.3157894736842,0.6861370951858987,0.6457388499823854,19.54331785037957,15.888682149620433,0.019872142657835358,0.022475545111640634,0.022176934235398283,-26583000.0,0.8471432595475632,0,0,-1,0,0,-0.0037313432835821042,-0.9854992540304621,0.20861928456254572,0.35678821767608737,0.017051705170517018,0.1724793912492073,0.23255462818857806,0.016765819361817324,0.0
2001-11-29,18.59,18.49,-0.016181582851241737,-0.005364819734118928,-0.00490865452476666,0.33902412031737944,0.005393756334319163,18.549,17.8505,17.16433333333333,3,29,11,18.384982418338545,17.486149909196556,60.167714884696,0.6642235403170176,0.6494357880493119,19.50260519608994,16.19839480391006,0.01828019270318201,0.022484369469377364,0.021745548371728932,-24064000.0,0.8952214444336646,0,0,-1,0,0,-0.0054083288263925295,-0.46475853636585374,0.13070953468881447,0.3569283000123949,0.0,0.169182389937107,-2.0140335070573925,0.01613770844540079,0.0
2001-11-30,18.75,18.59,0.010816763117122966,0.01759576189037966,0.013036577894494255,0.18020206997588184,0.008569950683067257,18.574,17.9715,17.286,4,30,11,18.4513492513679,17.567688624732263,68.55203619909503,0.6522488344759587,0.6499983973346413,19.504934741116543,16.438065258883455,0.016144351995554567,0.022039677628332893,0.021622692044468303,-21047600.0,1.0153676307517985,0,0,-1,0,0,0.0,-0.11026088624617464,0.14391816356589826,0.34986903588361606,0.00536193029490617,0.14819350887936333,-1.770863015140808,0.02080000000000003,0.0
2001-12-03,18.5,18.75,0.005899722127188322,-0.011696039763191411,-0.00812792336972749,-0.2884338025718613,-0.013423020332140661,18.592000000000002,18.081,17.401666666666664,0,3,12,18.460194842028283,17.62783774571728,70.62937062937061,0.615490887341501,0.6430968953360132,19.414628213006274,16.747371786993725,0.016459044917375792,0.022444791281532733,0.021847700032903476,-23308200.0,0.6283610318283348,0,0,-1,0,0,-0.0026666666666667047,-0.6843414300125398,0.17671310247676295,0.3563000157581179,-0.00910551687198724,0.13427345187001838,-0.535171265560952,0.01729729729729731,0.0
2001-12-04,18.84,18.5,-0.010212397275134665,0.009579636856813595,0.007048009657865205,0.2718873718880023,0.0182115370639379,18.601999999999997,18.1715,17.504666666666665,1,4,12,18.529250325295866,17.706041762122616,67.44186046511628,0.606800291867593,0.6358375746423292,19.449315158364996,16.893684841635007,0.01584023293972387,0.02085706531216782,0.02057789801283219,-20341300.0,1.0463172167332333,0,0,-1,0,0,0.000540540540540625,-0.14785555430967184,0.22751698958646316,0.33109564736776687,0.004264392324093702,0.106283029947152,-0.09249257484354262,0.01963906581740963,0.0
2001-12-05,19.4,18.84,0.020850795480190358,0.033336420267591926,0.015013686839967615,0.26547843905587976,0.02929079692106544,18.723999999999997,18.280499999999996,17.621,2,5,12,18.687568447969344,17.81532939037277,68.02030456852789,0.6377486824009395,0.6362197961940512,19.58813708147256,16.972862918527433,0.014206728712824943,0.021535132367264363,0.02101335705861689,-16472300.0,1.712248781962202,0,0,-1,0,0,0.0031847133757961104,0.5089528885034255,0.25429038656378494,0.34185962816783516,0.049215792320173035,0.1265969802555169,-0.38447646422374876,0.03762886597938147,0.0
2001-12-06,19.34,19.4,0.04652001563489291,0.014242356715543168,0.01793297002678753,-0.5472794265549346,-0.0030975760441341693,18.799,18.3625,17.73166666666667,3,6,12,18.80619236652037,17.91369523615517,62.06896551724138,0.6499418808826114,0.6389642131317632,19.721537972437226,17.003462027562776,0.013293775694314844,0.02100115552841452,0.02109150108016356,-18710600.0,1.438517568787285,0,0,-1,0,0,0.02061855670103104,-0.6819679702415273,0.27011813446961,0.3333830086390446,0.040344271113501806,0.09265536723163836,0.008427568102045382,0.03464322647362987,0.0
2001-12-07,19.53,19.34,-0.001516300517964075,-0.001516300517964075,-0.002093145714505215,0.13065118213989274,0.009776254863439311,18.887,18.458,17.834333333333333,4,7,12,18.93779375442576,18.017972962854838,67.3352435530086,0.6672449066915291,0.6446203518437165,19.864939193688482,17.051060806311515,0.013412016826062837,0.020916319896969467,0.020751986661377567,-16159900.0,1.5238753811237677,0,0,-1,0,0,0.02223371251292656,-0.4088543797713667,0.27041246025627136,0.3320362847403201,0.04160000000000008,0.10839954597048806,-0.06262293641493007,0.034818228366615446,0.0
2001-12-10,19.25,19.53,-0.0015186031771901275,0.011566636371465511,0.005224672281952304,0.22568862992131045,-0.01444068415479436,18.945,18.564999999999998,17.942999999999998,0,10,12,18.994558526348346,18.097458578154527,57.61194029850748,0.6508612954968989,0.645868540574353,19.861448590329893,17.268551409670103,0.014698789182072004,0.019884786314215364,0.0201238439990969,-19356400.0,1.0567329936711127,0,0,-1,0,0,0.010752688172042871,0.03270442145051959,0.27551631877842964,0.31566119676644716,0.04054054054054057,0.1250730566919931,-0.11896817916399854,0.04207792207792201,0.0
2001-12-11,18.98,19.25,-0.035055135779279455,-0.03562717764315104,-0.03715926462057521,-0.1908609641812035,-0.01412526755201145,18.967000000000002,18.677500000000002,18.042333333333332,1,11,12,18.99191152155774,18.154396734402624,63.07189542483659,0.609069448600863,0.6385087221796549,19.654668304201888,17.700331695798116,0.01564039138574568,0.019348660757550016,0.020444016529799502,-21997500.0,0.6191359230528243,0,0,-1,0,0,-0.009870129870129937,-0.3022905287453992,0.2947248120099217,0.3071504673997917,0.007430997876857859,0.1344889420203228,0.9608850228906011,0.04267650158061129,0.0
2001-12-12,19.5,18.98,-0.002626741725718078,0.011846648977747697,0.027735111101304544,-0.3193391709013765,0.0270286723879192,19.068,18.778,18.166666666666668,2,12,12,19.084291244910876,18.241209848312135,64.3533123028391,0.610867067715354,0.6329803912867948,19.64856182706157,17.907438172938427,0.01654549500034837,0.01779760988459522,0.020437313573508382,-20078400.0,1.658698963259133,0,0,-1,0,0,0.0015806111696523254,-0.8911840934474905,0.28088419417001065,0.2825282981159035,0.005154639175257714,0.1149228130360207,0.8602417420158153,0.026666666666666644,0.0
2001-12-13,18.97,19.5,0.02030790956894442,-0.006163347707668688,-0.004745592876605536,-0.1088346041597571,-0.027555681622778366,19.106,18.827499999999997,18.269000000000002,3,13,12,19.063511018563442,18.288228567775867,54.39560439560439,0.5630348084151322,0.6189912747124623,19.61569914662271,18.039300853377284,0.01950097196212783,0.01840835004761697,0.021382495463755796,-21799600.0,0.3615837459621409,0,0,-1,0,0,-0.005128205128205201,-1.0466450202126678,0.3478829856920008,0.2922234976381111,-0.0191313340227508,0.05506117908787522,0.6766423132890554,0.025830258302582947,0.0
2001-12-14,19.15,18.97,-0.024525100848050877,-0.011399087161310327,-0.0010576415581356462,0.08835643218000593,0.009443931679732063,19.145999999999997,18.86,18.363,4,14,12,19.079236287915542,18.343826724693553,56.31578947368416,0.5335020148503986,0.6018934227400496,19.644937141298207,18.07506285870179,0.019535147616711223,0.017447288485649706,0.021027438224499276,-19919400.0,0.7389126714538387,0,0,-1,0,0,-0.0021085925144965286,-0.8464095142108318,0.34707059321954553,0.2769671183125791,-0.019457245263696965,0.035135135135135,0.6896303747650271,0.01514360313315941,0.0
2001-12-17,18.84,19.15,0.009463793030950142,0.005197516898028998,-0.019231361927887533,0.1281184069391658,-0.016320446478437875,19.18,18.886,18.447333333333336,0,17,12,19.035738781021806,18.375837903745584,50.99502487562187,0.47955464650366864,0.5774256674927735,19.62895002311194,18.143049976888058,0.019807682590788824,0.017730787438356117,0.021368053550494863,-22056600.0,-0.1238306711596092,0,0,-1,0,0,-0.0020887728459529583,-0.5324646349729851,0.35086221631684283,0.28146752466742964,-0.02129870129870126,0.028384279475982543,0.7227173540337339,0.03980891719745223,0.0
2001-12-18,19.14,18.84,-0.011049836186585046,-0.007806440892829417,-0.0010793309196757944,0.037199495087024845,0.01579811687659131,19.21,18.906,18.517666666666667,1,18,12,19.054695366290566,18.425138684149097,58.02469135802471,0.4557548035368164,0.5530914947015821,19.653920626241728,18.15807937375827,0.019596216190454215,0.017351560711407674,0.020174939041954238,-19838400.0,0.6257348488324016,0,0,-1,0,0,0.0031847133757961104,-0.3426578429511071,0.3617463746362464,0.2754474870073422,0.008429926238145313,0.02134471718249742,-0.3755188725667511,0.03239289446186003,0.0
2001-12-19,19.08,19.14,0.012618463959211684,0.004171017517338104,0.020310692847563216,-0.1394351541929678,-0.003139720004667864,19.178,18.951,18.579666666666665,2,19,12,19.059296208783188,18.46738780130077,56.10972568578552,0.4271280912005402,0.5278988140013738,19.619034036321604,18.282965963678397,0.01696296349572738,0.0157903476355144,0.020171221992792244,-21767900.0,0.3862078666240145,0,0,-1,0,0,0.0,-0.7204074865224702,0.28232972811147,0.2506639977529673,-0.021538461538461617,0.04950495049504933,-0.22764638278385416,0.016771488469601692,0.0
2001-12-20,18.39,19.08,-0.009976454496372883,-0.0067867658044900945,-0.03774032798284697,0.431334720285919,-0.036833627403910676,19.083000000000002,18.941,18.602666666666668,3,20,12,18.937605989004425,18.46239503992653,46.0352422907489,0.34478946368692576,0.49127694393848426,19.637182069349773,18.244817930650225,0.020213279249339477,0.01726284597283601,0.02089159132860801,-24738000.0,-1.5829192513235113,0,0,-1,0,0,-0.00681341719077563,0.8540479167725603,0.33131575950592834,0.2740391841920218,-0.03057459146020025,-0.01075847229693383,-0.6483910932105069,0.04839586731919524,0.0
2001-12-21,18.83,18.39,-0.00954408093001786,0.0020931457145052196,0.01634913800152941,0.2596073877157123,0.02364430405283128,19.012999999999998,18.95,18.642999999999997,4,21,12,18.918041263730892,18.48611148896353,53.488372093023244,0.31144963342769216,0.45531148183632586,19.63490491080297,18.26509508919703,0.02178107312905913,0.018092214770007636,0.021252027023603837,-20887500.0,-0.3504136066401243,0,0,-1,0,0,0.020663404023925993,2.0184376220303744,0.38532835629154216,0.28720500568685914,-0.016710182767624038,0.00965147453083115,-0.3370476804009607,0.03345724907063192,0.0
2001-12-24,18.65,18.83,-0.006413704508592912,-0.014214506246850063,-0.01689873955424819,-1.2205136488562782,-0.009605196579236494,18.953,18.949,18.69433333333333,0,24,12,18.869306488507092,18.496684941288464,47.92122538293215,0.2674204258635875,0.41773327064177823,19.63568233673138,18.26231766326862,0.02156657274478014,0.018234351783410787,0.020548101688216157,-22023700.0,-0.8708539131012104,0,0,-1,0,0,-0.009559214020180548,-1.9076470649722395,0.373876932040186,0.2894613608242323,-0.010084925690021285,-0.0010712372790574465,-0.5882307771740356,0.03592493297587122,0.0
2001-12-26,18.57,18.65,0.0016072867108720599,0.002118644860285155,0.01851904776723753,-0.004321947190605347,-0.004298770725210058,18.912,18.939500000000002,18.755666666666666,2,26,12,18.814887126960347,18.501414945076306,39.85330073349635,0.22349531536905332,0.3788856795872333,19.642260721425775,18.23673927857423,0.021228180910134703,0.01822412809290785,0.02004181521958538,-23155000.0,-1.0515670234111978,0,0,-1,0,0,0.001608579088471911,-1.6698275756224166,0.33945919641033273,0.2892990647689199,-0.029780564263322873,-0.010127931769722931,-0.06453795789744476,0.019924609585352582,0.0
2001-12-27,18.79,18.57,-0.008602203582663191,0.0021141656923355564,-0.0059540094701076105,0.550545977494362,0.011777438060759399,18.841,18.9545,18.798999999999996,3,27,12,18.81036219478574,18.520033335716544,43.52941176470586,0.2040839573990425,0.34392533514959517,19.62910631794436,18.27989368205564,0.019321173492167394,0.018104177033823658,0.018508780389412834,-21193100.0,-0.4876918452268861,0,0,-1,0,0,-0.0026925148088314866,-0.5900856330759208,0.3628494579520504,0.28739490073790636,-0.015199161425576424,0.016224986479177916,-0.5204903269523772,0.027674294837679594,0.0
2001-12-28,18.75,18.79,0.014473584207340679,-0.003702728377473344,0.00541419839087232,-0.048242376009614674,-0.002131061008954063,18.819,18.9625,18.824666666666666,4,28,12,18.79938725027924,18.534869894702577,40.48780487804875,0.1833590022100111,0.31181206856167837,19.622543858191833,18.302456141808165,0.017447787028442185,0.018085166221701997,0.017886869013435124,-23062600.0,-0.6438966058471762,0,0,-1,0,0,0.0,-0.6619996859381098,0.2171889013173793,0.28709311345133465,0.019575856443719397,0.008606777837547153,0.8450248137846642,0.01866666666666674,0.0
2001-12-31,18.48,18.75,-0.0074786673355494585,0.005285424566463779,-0.0021621630044951256,-0.05723707904872733,-0.014504686202881688,18.752000000000002,18.948999999999998,18.824,0,31,12,18.741316841137557,18.53132990149596,40.58679706601466,0.14349347888857622,0.27814835062705795,19.637763957734144,18.260236042265852,0.01748325494316082,0.018278675361642106,0.017341641553757236,-24828100.0,-1.3618598787976208,0,0,-1,0,0,-0.0053333333333334095,-0.720506775844667,0.1574195185146883,0.2901649758155318,-0.018587360594795377,-0.014399999999999968,1.0009391657365074,0.02651515151515143,0.0
2002-01-02,18.25,18.48,-0.021681066061323938,-0.018622512098001684,-0.01691718380545817,0.29849846994530943,-0.012523986185037627,18.693,18.9365,18.821666666666665,2,2,1,18.65198650638527,18.51317958527041,40.98765432098763,0.09227697510240063,0.2409740755221265,19.667361784038775,18.205638215961223,0.01721755570776336,0.01824710116271935,0.017401768596896565,-27207700.0,-1.8786041765827919,0,0,-1,0,0,-0.012445887445887469,0.08322229187556146,0.1653172188335811,0.28966375094635766,-0.021447721179624568,-0.013513513513513487,0.969467858255911,0.024657534246575304,0.0
2002-01-03,18.91,18.25,0.0386937039184223,0.018622512098001635,0.004393197620420553,0.6103674280784919,0.035525802641865646,18.669999999999998,18.94,18.827333333333332,3,3,1,18.698898050678856,18.53878090234974,42.95942720763722,0.10374806786134982,0.21352887398997117,19.669585318411787,18.210414681588215,0.020560202367857338,0.01959997189206089,0.018154273896792757,-22826600.0,-0.08223849697334172,0,0,-1,0,0,0.039452054794520484,2.2729807016870356,0.33132951545313793,0.3111399079814954,0.01830910070005376,0.0037154989384289294,1.0933143920497828,0.03807509254362765,0.0
2002-01-04,19.11,18.91,0.011530526072685832,0.011530526072685832,0.02007119182042066,-0.3429665391675832,0.010520875581815511,18.673,18.9255,18.858333333333334,4,4,1,18.773643859646334,18.575633747359436,51.81347150259068,0.12750749303874542,0.19632459779972602,19.627601357205208,18.22339864279479,0.020858408559988936,0.01852893390753385,0.017305404514909917,-19717500.0,0.5255651427150688,0,0,-1,0,0,0.014806980433633059,0.9215053806674046,0.3295048522422485,0.294137707070921,0.01703033528472586,-0.01494845360824737,1.163036918953851,0.02982731554160127,0.0
2002-01-07,19.2,19.11,0.0,0.0026021352179516925,0.018622512098001635,-0.3456941332233564,0.004698520781554114,18.753999999999998,18.9185,18.878666666666668,0,7,1,18.851163157892454,18.615915441078183,50.66312997347481,0.15184883763028267,0.18742944576583737,19.60583734918079,18.231162650819215,0.016445688926060995,0.018555580919782776,0.01686901786463244,-17517100.0,0.8191028767329668,0,0,-1,0,0,0.004186289900575711,-0.17828192712483854,0.325629385689343,0.2945607152764823,0.02400000000000002,-0.007238883143743546,0.8799995068311887,0.014062499999999978,0.0
2002-01-08,18.85,19.2,-0.020532440183705022,-0.0026021352179517077,-0.013800643660924497,-0.09100207618636862,-0.018397365139715943,18.756,18.8845,18.885333333333335,1,8,1,18.85095167463928,18.63101767068604,50.131233595800545,0.14126899265065873,0.17819735514280163,19.508864097555037,18.26013590244496,0.016298007598008264,0.01881644436115323,0.01723167866829528,-19526100.0,-0.11051244020947733,0,0,-1,0,0,-0.02083333333333326,-0.3766502588231757,0.34072765907385205,0.2987017940285705,0.02002164502164505,-0.03481822836661541,0.7277459904912378,0.02546419098143238,0.0
2002-01-09,18.34,18.85,0.004246290881451004,-0.010476785195414137,-0.02215708043862302,-0.14266061433151836,-0.027428447065701026,18.725,18.839000000000002,18.87433333333333,2,9,1,18.75805137015941,18.612242337093395,40.04975124378107,0.09068627658228223,0.16069513943069774,19.483520221396823,18.19447977860318,0.018283266748715346,0.019472959538518686,0.017949687983411528,-21268000.0,-1.5484386166148711,0,0,-1,0,0,0.0015915119363393944,-0.624881373356028,0.3967526853244102,0.30912364937606124,0.004931506849314982,-0.047272727272727244,0.3595098583228867,0.037622682660850476,0.0
2002-01-10,18.01,18.34,-0.02575249610241474,-0.015923903356722908,-0.016529301951210582,0.5417340098772344,-0.018157307640453958,18.669,18.7905,18.84933333333333,3,10,1,18.622042030130427,18.573387992764793,37.52913752913753,0.023697695314098155,0.13329565060737783,19.529417415797166,18.051582584202837,0.01901252131534934,0.019619022911848208,0.018200709658290487,-24262300.0,-2.112550017942059,0,0,-1,0,0,0.003271537622682591,0.8867528910903878,0.258596886003295,0.31144233354497186,-0.04759386567953461,-0.05110642781875652,0.442044110445544,0.038312048861743546,0.0
2002-01-11,17.78,18.01,-0.007637789448117314,-0.015637956852531717,-0.025317807984289783,-0.2303245346329989,-0.01285292910210618,18.568,18.7045,18.825666666666667,4,11,1,18.46894347919762,18.522201670650936,42.03655352480417,-0.047403873432362076,0.09715574579942986,19.49434275583645,17.91465724416355,0.01847777515118503,0.018423762756124472,0.018162543852235667,-26640600.0,-2.340972283833753,0,0,-1,0,0,0.013881177123820098,0.1100400891274671,0.18707108533444836,0.2924681668005558,-0.06959706959706946,-0.08820512820512816,1.1795764500684824,0.04780652418447682,0.0
2002-01-14,17.66,17.78,-0.03624595265870774,-0.024760549680651996,-0.0028530689824065106,0.25137516076135596,-0.006772034909944585,18.459,18.639000000000003,18.794666666666668,0,14,1,18.321862846616234,18.466575756415395,33.33333333333333,-0.11214266520315164,0.055296063598913564,19.54488485384237,17.733115146157637,0.0184458140480792,0.01764690685578502,0.018146903894204265,-29698600.0,-2.161422604313369,0,0,-1,0,0,-0.009561304836895483,0.8528827677558227,0.1192206908557484,0.28013596169956756,-0.08020833333333333,-0.06905640484976272,-0.16261315154335265,0.025481313703284218,0.0
2002-01-15,18.07,17.66,0.021904835388050044,0.01273197381504488,0.016997576368571077,0.028466051769085666,0.022950909428323195,18.418,18.585,18.772000000000002,1,15,1,18.276069601776918,18.440990223743434,42.245989304812845,-0.1288794090098584,0.018460969077159172,19.491386695679733,17.67861330432027,0.02024894255092305,0.018425367303268884,0.01861876935022227,-26552300.0,-1.1363803163809314,0,0,-1,0,0,0.01925254813137032,0.872449026536761,0.3034279355696237,0.2924936381968217,-0.04137931034482767,-0.056396866840730975,1.406971555698373,0.021029330381848312,0.0
2002-01-16,17.66,18.07,-0.0022246950221110513,-0.008285051534106806,-0.010163836790005994,-0.3295357926245558,-0.02295090942832315,18.359,18.526000000000003,18.744000000000003,2,16,1,18.16405694690839,18.390603757695473,38.82063882063882,-0.1732300839694183,-0.019877241532156323,19.512570882026797,17.53942911797321,0.02107510769190518,0.018730003143961182,0.018907506480534835,-28815300.0,-1.7555758349991215,0,0,-1,0,0,-0.0060874377421139695,-0.1942011350600816,0.2875672136925173,0.2973295822462752,-0.037077426390403456,-0.06263269639065816,1.666109276846728,0.02321630804077011,0.0
2002-01-17,17.9,17.66,0.0022246950221111086,-0.00166527931906132,-0.025870945598649244,0.41157397024356746,0.013498517670895377,18.258,18.464,18.712666666666667,3,17,1,18.116046592925045,18.358951902360282,39.119804400977976,-0.18685833262469131,-0.05327345975066332,19.44393340267805,17.48406659732195,0.0172696098597215,0.018612406913194247,0.018754594922491576,-25400000.0,-1.151098632741062,0,0,-1,0,0,0.01925254813137032,1.0828670515006857,0.30133396779292754,0.295462799955908,-0.006107717934481061,-0.06478578892372011,0.3430340453593702,0.04636871508379879,0.0
2002-01-18,17.84,17.9,-0.022472855852058514,-0.0027816429618768026,0.024735227134721868,-0.32170176077939494,-0.003357585694845934,18.131,18.401999999999997,18.660666666666668,4,18,1,18.065856303302308,18.325471134466074,38.92944038929439,-0.20019262051557618,-0.0826572919036459,19.37471405437514,17.429285945624855,0.01638219843106965,0.018612443122181167,0.01780161789550561,-27875800.0,-1.1555297211388997,0,0,-1,0,0,-0.016759776536312693,-0.042438166356265586,0.2853067761337399,0.2954633747557557,0.003374578177727683,-0.06498951781970641,-0.008488380776507785,0.01961883408071737,0.0
2002-01-22,17.33,17.84,-0.0028449521322313617,-0.014590606762593885,-0.019507216388824182,0.08935131431419414,-0.029004023424348664,17.944,18.349,18.593666666666664,1,22,1,17.932064248156433,18.26124719030697,36.78160919540227,-0.24904207546694934,-0.11593424861630659,19.43354987024692,17.26445012975308,0.01716341234320862,0.01797211651448092,0.01842184188080266,-30583000.0,-1.8791205973184129,0,0,-1,0,0,-0.016255605381165873,0.24698446473704272,0.35527079402407075,0.28529850498476084,-0.018686296715741846,-0.05764002175095173,0.05919450230763004,0.024812463935372172,0.0
2002-01-23,17.99,17.33,0.039111130116625696,0.031165571856806473,-0.002901075431833875,0.08205241626105456,0.037376944234927094,17.857999999999997,18.307,18.542333333333332,2,23,1,17.9425980212189,18.24374737157749,47.28033472803346,-0.23182678147766111,-0.13911275518857752,19.378095848087117,17.23590415191288,0.022572085862047436,0.01930976342099473,0.01979719050407488,-27644300.0,-0.5919171483413624,0,0,-1,0,0,0.05308713214079641,0.6145097777623703,0.4330458164437582,0.3065329913246633,-0.0044272274488103,-0.044609665427509326,0.5735625999608074,0.057809894385769826,0.0
2002-01-24,18.33,17.99,-0.01212804281327458,0.01630470902494357,0.04543654896441664,-0.11781281117027918,0.018723013889171844,17.857,18.291,18.511666666666667,3,24,1,18.013034744633643,18.24931205728217,43.4977578475336,-0.18857460776550994,-0.14900512570396401,19.350014437553785,17.231985562446216,0.022127684998923175,0.019774372111232216,0.020043002987017226,-25032200.0,0.07365338680383608,0,0,-1,0,0,0.0022234574763759147,0.11715196122338138,0.3986241888018673,0.3139084256326303,0.037938844847112074,-0.0171581769436997,-0.5177636962166907,0.029459901800327287,0.0
2002-01-25,18.29,18.33,0.013223333174689433,-0.011385322225125352,0.004984779083915348,-0.7918473501121664,-0.0021845994488393122,17.884999999999998,18.276999999999997,18.488666666666667,4,25,1,18.06339206379116,18.251937085844613,40.46511627906976,-0.15572946189114134,-0.15034999294139947,19.32785629244365,17.226143707556346,0.02123282954892841,0.01975973667822111,0.019902643852607555,-26215500.0,0.02474172747212012,0,0,-1,0,0,-0.003273322422258523,-1.8646822318382463,0.3997336914034528,0.3136760953361675,0.021787709497206764,-0.015078082929456227,0.08633934836541521,0.013121924548933758,0.0
2002-01-28,18.3,18.29,0.007090294225024616,0.0032661977866211022,-0.007208237476312517,0.3897645939544796,0.000546597444601055,17.937,18.2525,18.448666666666668,0,28,1,18.106411688556403,18.25503791901593,39.336492890995274,-0.1274236699737159,-0.14576472834786278,19.275475536055687,17.229524463944315,0.020630260660179936,0.0195462559249916,0.019169853076714333,-24468200.0,0.09286634592093268,0,0,-1,0,0,0.006014215418261314,-1.0534316758877769,0.3958034404590636,0.3102871934397033,0.02578475336322872,-0.02607770090473649,-0.05586938238958683,0.023497267759562825,0.0
2002-01-29,18.23,18.3,0.010273137118412792,0.024162249279079995,0.008864323971292052,0.22281155550117648,-0.0038324711568036127,17.994,18.2265,18.423999999999996,1,29,1,18.128882290637055,18.253422569401998,42.13197969543146,-0.10937869146320978,-0.1384875209709322,19.222307527376124,17.23069247262388,0.02049578898664257,0.01955445189393337,0.01857439920482977,-26651600.0,0.007029470864156214,0,0,-1,0,0,0.01584699453551908,-0.48694678639069383,0.28578136281208444,0.3104173004131421,0.05193306405077913,-0.027733333333333277,1.1694612185824051,0.039495337356006716,0.0
2002-01-30,18.63,18.23,-0.004853069649073477,-0.0026560440581162963,0.0038535693159899723,0.16992479903568322,0.02170459592292536,18.049999999999997,18.234,18.406666666666663,2,30,1,18.219994601430315,18.277717887505098,53.785900783289804,-0.06208557506365864,-0.1232071317894775,19.240053257981277,17.227946742018727,0.020362197556821175,0.019950223094483268,0.018955801217800567,-24063800.0,0.7872346654780541,0,0,-1,0,0,0.014810751508502445,0.017488203956396137,0.1957087021159089,0.3166999734495611,0.035575319622012325,0.008116883116882967,0.5715796678300197,0.03220611916264098,0.0
2002-01-31,18.94,18.63,0.012355784371718104,0.007419217922028647,0.01904819497069463,-0.2697841031420807,0.016502903144435168,18.177999999999997,18.2685,18.41,3,31,1,18.35090467389753,18.32044576573058,62.2047244094488,0.0004043090107863634,-0.09848484362942472,19.323019596284187,17.213980403715812,0.018510963262502855,0.02000978567308932,0.01898102950469562,-22087900.0,1.2735657115641443,0,0,-1,0,0,0.005367686527106894,-0.8166646411761871,0.18759819346204132,0.31764550007218517,0.03327877795962908,0.03780821917808219,0.6438583914919559,0.020591341077085563,0.0
2002-02-01,18.77,18.94,0.018514149564143267,0.007364578262208075,-0.001618559835410916,0.9033832519512195,-0.00901623715951483,18.265,18.261499999999998,18.397666666666666,4,1,2,18.42710382409798,18.349449264715705,63.19999999999997,0.035797758823974846,-0.07162832313874481,19.299824054476854,17.223175945523142,0.019010808485627872,0.01844342163298279,0.018820282006100184,-26964300.0,0.9794630063852298,0,0,-1,0,0,0.007391763463569008,2.9376265486538538,0.21226695038432555,0.2927802417958875,0.02624384909786781,-0.007403490216816522,0.4121014096734299,0.029834842834310003,0.0
2002-02-04,18.57,18.77,-0.026554932634447966,-0.019582525734142084,-0.013590858828117974,-0.8369139324087955,-0.010712475233802966,18.338,18.2345,18.38066666666667,0,4,2,18.453084946989254,18.36367834441147,61.8798955613577,0.047165302024346545,-0.047869598106126544,19.205846867417662,17.26315313258234,0.019497900842339915,0.018400861334008995,0.018906754829427976,-29076000.0,0.6907933947260897,0,0,-1,0,0,-0.010122535961640984,-0.5380895726410094,0.24091926229532593,0.2921046179950322,0.014754098360655776,-0.028257456828885363,0.5581788381622743,0.023694130317716815,0.0
2002-02-05,18.91,18.57,-0.007021362899156193,0.013273356540877414,0.0043692041106639995,0.008628669421275208,0.01814350730575161,18.496,18.22,18.398,1,5,2,18.536160411173025,18.398924902836534,61.170212765957444,0.08265650764259291,-0.021764376956382652,19.137846449719753,17.302153550280245,0.016078632242541642,0.01887860351253011,0.017979469346088156,-26946000.0,1.5035194616935716,0,0,-1,0,0,-0.00646203554119553,-0.5089105469068961,0.25224897597459933,0.29968853996607075,0.03730115194733963,-0.015104166666666585,-0.5475418337164678,0.032258064516129004,0.0
2002-02-06,18.52,18.91,0.021448543407483693,-0.0015835316056442737,0.008141157583699866,-0.3266148771329315,-0.020839653452332785,18.549,18.2035,18.387666666666668,2,6,2,18.53322215459611,18.406736199427726,61.497326203208544,0.07840994215669284,-0.0017295131337675546,19.084797488455457,17.32220251154454,0.01490500410319109,0.019003541470980774,0.01786735110555688,-28482500.0,0.7182591670712509,0,0,-1,0,0,-0.003172924378635575,-1.2038103105126607,0.2779087202956953,0.3016718685703062,-0.005904455179817414,-0.017506631299734843,0.3066341497969893,0.023218142548596096,0.0
2002-02-07,18.83,18.52,-0.020906684819313712,0.0005281225367007637,-0.002164503009573014,0.06042169546460306,0.01660011345102768,18.599,18.228,18.393666666666668,3,7,2,18.587181762851362,18.434043541400133,62.2047244094488,0.0989186450705084,0.01840011850708764,19.151508185356825,17.30449181464318,0.014662718835559215,0.018319048527251896,0.01804667667245521,-26850300.0,1.3037242323248002,0,0,-1,0,0,-0.0032397408207342723,-1.070036763827122,0.278305908638099,0.29080587995059537,-0.0058078141499473546,0.026717557251908275,0.3069095547201849,0.025491237387148192,0.0
2002-02-08,18.94,18.83,0.025141736146525383,0.0021097054238496567,0.01505404773556991,-0.1985286462328137,0.0058247450888712395,18.664,18.2745,18.406,4,8,2,18.651330533242025,18.466685893567867,64.24870466321244,0.12263436792240867,0.03924696839015185,19.244285109132292,17.304714890867707,0.014579618796590968,0.017752180442854166,0.01804919787391185,-25512000.0,1.3724690010871647,0,0,-1,0,0,0.005310674455655944,-1.2824105619872017,0.27148957757556014,0.2818071280856196,0.009057005860415579,0.051637978900610726,-0.47786260740624587,0.012671594508975818,0.0
2002-02-11,19.4,18.94,-0.0037046880159200134,0.028565951706805738,0.0042598573469575084,0.8360587114054975,0.023996978311350118,18.774,18.3555,18.426333333333332,0,11,2,18.787452254470747,18.52689970688607,77.16535433070865,0.17651267650526847,0.06670011001317518,19.417602681129814,17.293397318870184,0.01590129563916141,0.017988147456160692,0.018449857747874103,-22424200.0,1.9668531462304772,0,0,-1,0,0,-0.004223864836325334,0.7475205217756069,0.28261103613218325,0.285552988294562,0.04469574582660196,0.0911136107986501,-1.5393758932539767,0.03659793814432994,0.0
2002-02-12,19.08,19.4,0.010023824367398649,-0.014960299651027244,0.004241787908363124,-0.503286697169275,-0.016632400049142033,18.859,18.426499999999997,18.437333333333335,1,12,2,18.84064275365788,18.562583596764387,65.70605187319885,0.19118642053451396,0.09159737211744294,19.482675324361175,17.37032467563882,0.017218459529410524,0.018435991286853276,0.018724418524661203,-24290900.0,1.2374839383703014,0,0,-1,0,0,-0.018041237113401953,-0.6168065501250514,0.31575907015178317,0.29266228870780453,0.008989952406134316,0.08040770101925254,-0.17677751962818977,0.017819706498951777,0.0
2002-02-13,19.12,19.08,0.004713284452098137,0.0020768439448392907,0.00632913505164753,-0.44929491615169587,0.0020942416031149067,18.908,18.479,18.458666666666666,2,13,2,18.891434980265537,18.598545945360236,62.46056782334387,0.20369506419806171,0.1140169105335667,19.564539400240104,17.393460599759894,0.016119088023286064,0.017875860928912735,0.018505091668998778,-23099800.0,1.1809797043906896,0,0,-1,0,0,0.003144654088050434,-1.265999588671645,0.2471792489995642,0.283770494934475,0.03239740820734349,0.05810736026563368,-0.6098693894966452,0.013598326359832717,0.0
2002-02-14,20.0,19.12,0.0031298930089275656,0.03666398437159131,0.008377012338047864,1.1953385410024817,0.04499736593073572,19.014,18.595999999999997,18.517,3,14,2,19.092992256580892,18.688962335982158,71.32169576059849,0.2813734025190975,0.14748820893067288,19.807026532805054,17.38497346719494,0.020906837627760237,0.019234463516540914,0.02002420263802173,-19163600.0,2.3186940367821176,0,0,-1,0,0,0.004184100418409952,1.650963257873946,0.3770010176762387,0.30533764239907296,0.06213489113117365,0.13250283125707818,0.4519275477331019,0.041000000000000016,0.0
2002-02-15,20.05,20.0,0.050277153291010436,0.009455158770755197,0.027258051709336695,0.2946189847471883,0.002496880198587146,19.142000000000003,18.7035,18.555000000000003,4,15,2,19.266993664475276,18.776771217531696,71.60493827160491,0.34301456898123206,0.18659348094078473,20.030535080645226,17.37646491935477,0.02032129009541849,0.01917650422848526,0.019034888811833232,-13878800.0,2.029335952965632,0,0,-1,0,0,0.009500000000000064,2.4961876656740563,0.38135736072521254,0.30441756722490326,0.0586061246040126,0.1201117318435756,0.5553238268889553,0.023940149625935183,0.0
2002-02-19,20.28,20.05,-0.009455158770755213,0.008875797913968291,0.012103022171243627,-0.8507096685415402,0.011406024970404327,19.313,18.825499999999998,18.594,1,19,2,19.45117663457068,18.873753719626425,74.34679334916864,0.4057475105799817,0.23042428686862415,20.26237489841117,17.388625101588826,0.019392615278118978,0.01908795153201365,0.01904928211010925,-11621600.0,2.0245325485305905,0,0,-1,0,0,-0.0024937655860349482,-0.17901304509268626,0.3651818842067607,0.3030118367481749,0.0453608247422681,0.13677130044843056,1.1238861128469848,0.020710059171597715,0.0
2002-02-20,21.16,20.28,0.06625579577706527,0.047924839092341846,0.02621965683543456,0.8049660623493907,0.042477428267116216,19.538,19.017,18.659333333333333,2,20,2,19.761871791921465,19.021253479650525,76.97228144989337,0.5204727780937546,0.28843398511365026,20.62532177979666,17.40867822020334,0.02215393840100961,0.018888674245137856,0.02048325068644385,-6573100.0,2.664889609678652,0,0,-1,0,0,0.053747534516765276,1.949046644589493,0.3476139784989771,0.2998484078900727,0.10901467505241103,0.22100403923831524,0.49165752401418933,0.04206049149338377,0.0
2002-02-21,21.27,21.16,0.0060648658025608685,0.02632338551602803,0.028875923501854542,0.06469325810051721,0.0051850222220471845,19.813,19.181,18.74,3,21,2,20.036076920663014,19.166333900318232,75.94654788418705,0.6132008620080356,0.35338736049252734,21.003097114518518,17.358902885481484,0.0193133249211739,0.01772943467439909,0.02007080667349107,-1187200.0,2.29296230519745,0,0,-1,0,0,0.016068052930056705,1.8993725232690055,0.3374817070131293,0.28144605020535246,0.11244769874476979,0.1823235130628127,0.5145206913217517,0.040432534085566664,0.0
2002-02-22,20.58,21.27,-0.014995594960356759,-0.03478208256687644,-0.03328013908679764,-0.679995770416119,-0.032977898806242335,19.988,19.2935,18.814666666666668,4,22,2,20.134972025997012,19.25753816481383,68.063872255489,0.6238202911487676,0.4074739466237754,21.171351796181185,17.41564820381882,0.024209175078073356,0.01975412767669773,0.020381859115036545,-3915800.0,1.3701826764137994,0,0,-1,0,0,-0.004231311706629048,0.017049895634048098,0.42880731783676496,0.313587055197362,0.028999999999999915,0.12274959083469716,-0.09749741594714767,0.03887269193391646,0.0
2002-02-25,20.8,20.58,-0.02485787648176794,0.005177700435171679,0.009275145819539705,0.18005286588230948,0.010633256301368878,20.174,19.419,18.907666666666668,0,25,2,20.255886203088462,19.35705183160004,72.16699801192841,0.642581151117728,0.4544953875225659,21.349234782556074,17.488765217443927,0.02418325274700684,0.019683437349835672,0.019981070170961235,-648900.0,1.4309140136530316,0,0,-1,0,0,0.0038872691933917324,0.33378624886106906,0.42850825545743837,0.3124648810475128,0.03740648379052369,0.1372334609075998,-0.39849458148469347,0.03461538461538473,0.0
2002-02-26,21.36,20.8,0.009154484553318007,0.008415196925284498,0.010633256301368878,-0.4016309057282412,0.026567027384721706,20.369999999999997,19.572,19.026999999999997,1,26,2,20.456634166163283,19.486274294077457,73.33333333333331,0.6946293331319602,0.5025221766444448,21.610819059626074,17.533180940373924,0.024373857385622765,0.02013267209026092,0.020077462758540384,1537400.0,1.7539565284698937,0,0,-1,0,0,0.002403846153846188,-0.4743064589428944,0.4506309335428843,0.31959626146824793,0.05325443786982231,0.16721311475409828,-0.7605090102830601,0.03183520599250935,0.0
2002-02-27,21.99,21.36,0.030698986888806686,0.023920183717651835,0.02843793532053341,0.1472727083594332,0.029067790474675607,20.661,19.759999999999998,19.171333333333333,2,27,2,20.73542795413359,19.647804984782137,81.60291438979961,0.7777482297740832,0.5575673872703725,21.964473919817983,17.555526080182013,0.023140117997473172,0.020482377643137227,0.020352048037941422,4070600.0,2.0231584324518765,0,0,-1,0,0,0.006554307116104895,-0.2329331285954166,0.3945198779912808,0.3251476650183023,0.03922495274102067,0.20625342841470085,-1.336399997527968,0.027285129604365688,0.0
2002-02-28,21.11,21.99,0.018433701688837966,-0.0009095043828404999,-0.017440932313197256,0.12203735547412103,-0.0408409427064405,20.86,19.884,19.272666666666666,3,28,2,20.80353196247294,19.74214014705426,68.81188118811882,0.7638072145532497,0.598815352726948,22.0998130265031,17.6681869734969,0.028796536367329765,0.023045662234934105,0.02188853325400549,1208600.0,1.1065915628583702,0,0,-1,0,0,-0.004092769440654837,0.00014068852181034074,0.5239268908319478,0.3658385464345718,-0.007522331922896086,0.13311862587224899,-0.43852141294572844,0.0450023685457129,0.0
2002-03-01,20.8,21.11,-0.03958607669406457,-0.0262748463738839,-0.017750526023115946,0.4217538064869698,-0.014793875152956928,20.94,19.977,19.377333333333333,4,1,3,20.802889787477856,19.81038916982496,64.85623003194888,0.719451066279909,0.6229424954375402,22.18209553439057,17.77190446560943,0.02676115020799809,0.023383671559396302,0.02158059202683324,-3154900.0,0.7464529197620058,0,0,-1,0,0,-0.002842254855518651,1.0064862721939754,0.4692640927238987,0.3712042781146593,0.010689990281827155,0.09820485744456176,-0.7573172577041791,0.036057692307692304,0.0
2002-03-04,20.96,20.8,-0.004761913760243703,-0.007971906227853407,-0.006799443388923715,0.08766621772732217,0.007662872745569097,21.031,20.0865,19.479333333333333,0,4,3,20.8314552806637,19.884557610481412,63.08724832214767,0.6892637584728192,0.6362067480445961,22.256450520900795,17.916549479099206,0.026773734779234813,0.023157020701552476,0.021532995610426,1608400.0,0.8050874815683725,0,0,-1,0,0,0.0072115384615383925,1.309337143001232,0.4664343813867013,0.367606307288894,0.007692307692307665,0.11667554608417685,-0.67590614375632,0.034351145038167885,0.0
2002-03-05,20.27,20.96,-0.02660374551797602,-0.03594923412292968,-0.02068020523753863,-0.09405763179670126,-0.033473898988932854,21.029999999999998,20.1715,19.560333333333332,1,5,3,20.72937250236121,19.909424861418096,59.399684044233815,0.6027151411484866,0.6295084266653742,22.221180591291123,18.12181940870888,0.029117048145680995,0.024486082394784902,0.022602166282274124,-2727300.0,0.09611253618589552,0,0,-1,0,0,-0.026717557251908504,0.9038638369026006,0.4574190681047179,0.3887045075930265,-0.051029962546816465,0.09154550350026924,0.5019071812296951,0.019240256536753677,0.0
2002-03-06,20.69,20.27,-0.018803126963096113,0.01741698599400218,-0.004487666469388017,-0.6596039589469919,0.020508531293543165,20.982999999999997,20.2605,19.672333333333334,2,6,3,20.72221386556826,19.95978454777822,61.698956780924,0.5615421202687578,0.6159151653860511,22.2326585822859,18.2883414177141,0.026120083701715112,0.024562565758918662,0.021893911681822906,-485500.0,0.4355633505923989,0,0,-1,0,0,-0.0123334977799704,-0.6172379255284823,0.41152552158239697,0.38991864335861565,-0.05911778080945873,0.0941300898995241,0.24452945984619184,0.040599323344610916,0.0
2002-03-07,19.68,20.69,0.025642430613337652,-0.011092469655996653,-0.02325686216426735,0.6714804741871262,-0.05004760013334441,20.824,20.3185,19.728666666666665,3,7,3,20.532720435464938,19.94173393179253,47.6608187134503,0.4423149145052214,0.5811951152098852,22.13740973706192,18.49959026293808,0.029805966212658064,0.0268046562126595,0.023231729437020378,-4873000.0,-0.7020689229267287,0,0,-1,0,0,-0.007249879168680625,0.8501298889466931,0.4522029676983756,0.425510725903677,-0.06774040738986264,0.06263498920086397,-0.014268671293441563,0.05436991869918701,0.0
2002-03-08,19.9,19.68,-0.02964643996671976,-0.02603929976197093,0.012706651269114883,-0.7443745002157941,0.011116840106339393,20.756,20.372,19.781,4,8,3,20.41768035628949,19.939041420063983,48.93009985734663,0.3614125178015364,0.5372385957282154,22.06516396445413,18.67883603554587,0.02890189619218777,0.026687449736165995,0.02309485767040813,-2788800.0,-0.5575360802722645,0,0,-1,0,0,0.013211382113821217,-0.8813360780653229,0.4844290565460602,0.4236501307705893,-0.04326923076923084,0.056824216675517736,-0.6461657255214432,0.014572864321607999,0.0
2002-03-11,20.45,19.9,0.0010025063496255707,0.02312526176012128,-0.010152371464017962,0.4089137177143256,0.027263150758363996,20.721,20.447499999999998,19.853,0,11,3,20.423556655145948,19.972006489737275,51.159618008185525,0.3377834318621673,0.4973475629550058,22.000681793677167,18.89431820632283,0.03025732934922072,0.02724424636896667,0.02350219461227235,348300.0,0.0032191981778031454,0,0,-1,0,0,0.0030150753768845365,-0.16781710576056555,0.5433580341945348,0.4324890032979617,-0.024332061068702338,0.0797254487856387,-0.5999802953554726,0.046943765281173465,0.0
2002-03-12,20.1,20.45,0.020823756911260698,-0.008793412792385573,0.019702582275836895,-0.43108456301334475,-0.017263067423780597,20.595,20.482499999999998,19.913,1,12,3,20.36472817239214,19.980264135560677,42.20588235294119,0.28750100348388585,0.4553782510607819,21.96629137418471,18.998708625815286,0.02886948163085003,0.027210273606437026,0.023810753669208953,-1690200.0,-0.5155711330511896,0,0,-1,0,0,-0.0034229828850855888,-0.9768624370824368,0.5011104036506073,0.4319497024119419,-0.008386778490379831,0.03608247422680422,-0.9886317548925638,0.019402985074626893,0.0
2002-03-13,19.95,20.1,-0.016324874042000472,-0.014331848967735625,-0.01106651132978315,0.19600399350609746,-0.007490671729157738,20.391,20.526000000000003,19.970333333333333,2,13,3,20.289323050139025,19.978311610685793,40.350877192982466,0.23286376183727242,0.41087535321608004,21.88219281349228,19.169807186507725,0.02609844826406745,0.02695873823122359,0.023858066710038307,-4170100.0,-0.8494367383009038,0,0,-1,0,0,-0.0024875621890547614,-0.6726093221689825,0.46154504021189546,0.4279567021194415,-0.03576607056549064,0.045597484276729716,-0.4652842692115136,0.01604010025062658,0.0
2002-03-14,19.8,19.95,-0.0050000104167057515,-0.006993035490970637,-0.00812599697427066,-0.25625770055357316,-0.007547205635382854,20.259999999999998,20.56,20.009333333333338,3,14,3,20.200355222841022,19.96680763580284,43.80952380952383,0.1754372760818086,0.36378773778922574,21.796599752291783,19.323400247708214,0.023779589277087836,0.027053351561674807,0.02366925181972013,-6089400.0,-1.2291770212495896,0,0,-1,0,0,0.0,-1.2006650009565265,0.28452009859893795,0.4294586421779545,0.0060975609756097615,0.03556485355648542,0.8294491854238952,0.017171717171717164,0.0
2002-03-15,19.98,19.8,0.0025031302181184748,0.014431701083392189,0.008631685986311203,0.2460440179571419,0.009049835519917856,20.178,20.559,20.044,4,15,3,20.160290636869927,19.967658756073625,43.45047923322684,0.14280470432374415,0.3195911310961294,21.797537337685785,19.320462662314217,0.024016473792055213,0.025086016577797333,0.023551421158258656,-3634700.0,-0.9349738314419603,0,0,-1,0,0,0.010101010101010065,-0.6886452406582695,0.28032849765617,0.3982281675005721,0.004020100502512669,-0.0010000000000000009,0.9486822833303621,0.023023023023022886,0.0
2002-03-18,19.86,19.98,0.0,0.0044367832209905,0.0,-0.19788175989046677,-0.006024114603381013,20.068,20.549500000000002,20.080333333333332,0,18,3,20.10569233925721,19.96071302987533,37.113402061855666,0.106037820988238,0.2768804690745511,21.807241919807794,19.29175808019221,0.023679541681957947,0.025117960206974228,0.02350967525636439,-5648700.0,-1.0964093493923972,0,0,-1,0,0,0.0010010010010009797,-0.9696308529643906,0.1496604250229153,0.3987352568932217,-0.028850855745721216,-0.009476309226932766,0.917934903111468,0.027693856998992808,0.0
2002-03-19,19.06,19.86,-0.0025031302181185884,-0.01636535408626418,-0.0402323470281256,0.4624966243460315,-0.041115760390970514,19.947,20.488500000000002,20.096666666666668,1,19,3,19.91556645939226,19.90260251181886,25.542570951585986,0.0122057862269358,0.22394553250502805,21.909074753956528,19.067925246043476,0.0247309624236794,0.026483744153074893,0.02466027387255887,-8847000.0,-2.011157802180288,0,0,-1,0,0,0.004531722054380657,0.02381833627745354,0.28717702586911004,0.42041640488938253,-0.05174129353233847,-0.06015779092702178,-1.3374557085418721,0.05246589716684156,0.0
2002-03-20,18.39,19.06,-0.08906406330737195,-0.05392834202555563,-0.04027389913793996,0.23337771793887369,-0.0357848596098262,19.717000000000002,20.35,20.079333333333334,2,20,3,19.638190739502758,19.805015252991836,26.47058823529413,-0.11489573144903531,0.15617727971421538,22.01416092339265,18.68583907660735,0.02436811145622872,0.025064938671420442,0.02530185618632666,-12886000.0,-2.3555414292558163,0,0,-1,0,0,-0.042497376705141594,0.8669341000158008,0.3327764208771756,0.39789356610998516,-0.07819548872180448,-0.13090737240075612,-0.18440329612382,0.03806416530723215,0.0
2002-03-21,19.05,18.39,0.05178632351364595,0.014147472013711124,0.02221711539069723,-0.5747206283108027,0.03526006295648019,19.654,20.239,20.096999999999998,3,21,3,19.531246968684073,19.756304591508496,35.725938009787924,-0.1605177668766622,0.09283827039603987,21.94051511430556,18.537484885694443,0.02465447967203561,0.02671613302425444,0.0258586729015271,-10612600.0,-1.3975779468585794,0,0,-1,0,0,0.045133224578575215,-0.7445857889770593,0.5019448537506952,0.42410546385298314,-0.037878787878787845,-0.1043723554301833,0.36095680651905154,0.029396325459317516,0.0
2002-03-22,19.36,19.05,-0.00364868791549143,0.010866859847202376,0.007474674416705754,-0.09537176347235556,0.016141980275720974,19.6,20.178,20.114666666666665,4,22,3,19.50011115619606,19.73073655334666,37.26114649681527,-0.16970291979714958,0.04033003235740198,21.915143450731914,18.440856549268087,0.02502917632517617,0.0263152059099286,0.025849201846797842,-8546000.0,-0.941775993980637,0,0,-1,0,0,0.005249343832020885,-0.9114482478162568,0.5190124558585595,0.41774094322276956,-0.03103103103103111,-0.05928085519922255,0.21024603332667216,0.032541322314049534,0.0
2002-03-25,18.3,19.36,0.01657210375745323,0.002056555994759567,-0.029143994669081012,0.2705640702012887,-0.0563080220010556,19.384999999999998,20.053,20.093333333333337,0,25,3,19.281909127796773,19.63843096925978,35.18796992481202,-0.2595237328283275,-0.019640720679743928,21.953771034689748,18.152228965310254,0.027461351945396846,0.02853509550801621,0.02777370752873082,-11254700.0,-1.8445146395932237,0,0,-1,0,0,0.0056818181818181525,-0.2064665614904145,0.6245454324153284,0.4529805981101232,-0.07854984894259809,-0.12019230769230771,0.5914871723424923,0.06612021857923482,0.0
2002-03-26,19.48,18.3,-0.04302867329428384,0.0015396461855928362,0.018448705552333064,0.14558603151154031,0.062487238367013725,19.323,19.959,20.096000000000004,1,26,3,19.31792565001554,19.628209616404312,41.835357624831296,-0.2328075751424592,-0.062274091572286985,21.77151671498638,18.14648328501362,0.036106231986586294,0.03185760170269716,0.029911334862774117,-8121500.0,-0.5285468498464008,0,0,-1,0,0,0.019125683060109172,0.1944567041589347,0.7857917013689959,0.5057237488337072,0.022035676810073568,-0.08801498127340823,-0.16126982341560542,0.04620123203285414,0.0
2002-03-27,19.2,19.48,0.050703308047392676,0.006134988567515929,0.023905520853554386,-0.17078362631132812,-0.014478019180653225,19.247999999999998,19.819499999999998,20.1,2,27,3,19.296484622739985,19.60058318953952,46.4071856287425,-0.2315592171248433,-0.09613111668279825,21.3867097229756,18.252290277024397,0.03627658040162731,0.03091822181666931,0.02987208792200717,-10762800.0,-0.7905770247823352,0,0,-1,0,0,0.007186858316221795,-0.3391487596823121,0.7302029853629012,0.49081155544343197,0.04404567699836859,-0.1268758526603001,-0.4026766193404975,0.029687500000000016,0.0
2002-03-28,19.35,19.2,-0.02424673851056216,-0.01127638806793472,0.005235614053944943,-0.6543459292781961,0.007782140442055169,19.203,19.7315,20.107666666666667,3,28,3,19.306214691332716,19.584416532149877,45.83963691376704,-0.2159764954059149,-0.12010019242742159,21.187294592219878,18.275705407780123,0.03639918615741241,0.030009918275340004,0.029899911632712366,-9389900.0,-0.5241124016242794,0,0,-1,0,0,-0.002604166666666704,-1.5151890805222064,0.6925195219087631,0.4763926837315322,0.015748031496062964,-0.0833728090952155,0.08376714076006148,0.012919896640826873,0.0
2002-04-01,18.81,19.35,-0.0041862960143271635,-0.017156646456954687,-0.022710244577208966,0.270694693423598,-0.028303776162851936,19.086,19.631999999999998,20.067999999999998,0,1,4,19.215993838363133,19.534454175236984,37.57575757575757,-0.24438346277250034,-0.14495684649643736,21.051882871373852,18.212117128626144,0.03705467333347009,0.03040271866773927,0.029082107599149937,-11189600.0,-1.15784198340902,0,0,-1,0,0,-0.014470284237726156,-0.9944088049151979,0.7134528505579252,0.4826281966505945,-0.02840909090909094,-0.09567307692307703,0.9192079262871474,0.018607123870281843,0.0
2002-04-02,18.32,18.81,-0.02119846205869639,-0.020662986811631177,-0.028170876966696335,0.5393529780920481,-0.026395284066954773,18.932,19.5,20.010333333333335,1,2,4,19.053085867751655,19.45610229296363,36.795252225519285,-0.30294295614777766,-0.17655406842670543,20.890615161112382,18.109384838887618,0.03762866425801807,0.030621495160275323,0.029407489996685524,-14275900.0,-1.697090658865093,0,0,-1,0,0,-0.007442849548112548,0.4940916733259992,0.608621359602633,0.48610116580233875,0.0010928961748633004,-0.12595419847328249,1.5689747108673937,0.026200873362445438,0.0
2002-04-03,18.44,18.32,-0.009147225469352207,0.001070091059844386,0.007117467768863955,-0.7207081741583394,0.006528858882463631,18.869999999999997,19.4085,19.949,2,3,4,18.941615709978624,19.39054730632082,38.74813710879286,-0.33579791014666327,-0.208402836770697,20.826345288865372,17.990654711134628,0.03595967166473744,0.030080230224882404,0.02934002653236932,-12774700.0,-1.36615751747504,0,0,-1,0,0,0.009825327510917015,-1.312856842961909,0.27328102694121675,0.4775088513276441,-0.05338809034907588,-0.0902812037493832,0.2490472631348984,0.020065075921908947,0.0
2002-04-04,18.94,18.44,-0.006507615156738189,0.015915455305899582,0.001635323340730838,0.058600663110883196,0.02675386962948438,18.925000000000004,19.321,19.875,3,4,4,18.941321944527964,19.36147973817109,43.90934844192635,-0.31782617427517224,-0.23028750427159206,20.616577903972974,18.02542209602703,0.03510113587601103,0.030392432414889946,0.02859844449878811,-11182900.0,-0.5881545198195172,0,0,-1,0,0,-0.0032537960954448085,-1.1189726945221117,0.37778460824393467,0.48246490744882226,-0.013541666666666563,-0.08458192363460604,-0.051871456911853873,0.033790918690601926,0.0
2002-04-05,18.51,18.94,0.030012970830391374,0.008907577891112848,0.007596346891934776,0.3712558981214404,-0.02296496117252604,18.871000000000002,19.2625,19.783,4,5,4,18.862899772795608,19.306545561514895,39.94528043775651,-0.3344257980308427,-0.2511151630234422,20.59495914324639,17.93004085675361,0.033966494537925995,0.028888176231181645,0.02876602115301621,-13490300.0,-1.1294905420763812,0,0,-1,0,0,0.0,-0.12586758044155186,0.3873226423400973,0.4585855808274827,-0.04341085271317824,-0.05945121951219501,0.9670443046789947,0.036196650459211326,0.0
2002-04-08,18.26,18.51,-0.03437502791055694,-0.03719876284640466,-0.024071184095439867,0.21972260730611964,-0.013598251418583734,18.761,19.1805,19.705666666666666,0,8,4,18.753281632287315,19.239026493030064,39.247311827957,-0.36356310099576206,-0.2736047506179062,20.549133202178407,17.81186679782159,0.03345336150351393,0.02879275713182913,0.028329961257927694,-16364700.0,-1.3451376139857891,0,0,-1,0,0,-0.011345218800648343,0.6514858839477019,0.35417036076088526,0.4570708495842076,-0.029239766081871177,-0.08241206030150738,0.8804986599447526,0.022453450164293544,0.0
2002-04-09,18.48,18.26,0.004362057080165607,0.0016229378731305688,0.006622540760493457,-0.3494844447850918,0.01197619104671562,18.779000000000003,19.082,19.628333333333334,1,9,4,18.703594062780528,19.190057041866833,45.772594752186606,-0.3646984454725981,-0.2918234895888446,20.345455578957914,17.818544421042088,0.028840229920842713,0.02809663963944616,0.028354644225090944,-14338100.0,-0.952942089972843,0,0,-1,0,0,0.006571741511500407,-0.5269292763559003,0.3177953359315712,0.44602032697544414,0.008733624454148492,-0.0963325183374083,-0.07146513290940416,0.01731601731601733,0.0
2002-04-10,18.71,18.48,0.00596692847149235,0.02456076474259658,0.01690795664970067,0.29654918612252545,0.012369074072460183,18.701999999999998,19.0125,19.540000000000003,2,10,4,18.704758778638613,19.15908561981091,52.492211838006234,-0.343084274387806,-0.30207564654863683,20.19018506200216,17.834814937997837,0.019299768567739947,0.028185370790195317,0.027938354333597763,-11611900.0,-0.513719685780379,0,0,-1,0,0,0.0005411255411254335,0.47568521061718244,0.3258827722801048,0.44742889032600525,0.014642082429501047,-0.06915422885572142,-0.3022273602551617,0.025120256547301035,0.0
2002-04-11,18.34,18.71,0.0192828684949864,-0.004758137446416923,-0.0125171702322109,-0.3576395978391243,-0.019973673457679482,18.616,18.932,19.418333333333333,3,11,4,18.63843900070432,19.106241386274725,44.20880913539967,-0.3517559719779264,-0.31201171163449476,20.058869907963455,17.805130092036542,0.019698311771688005,0.028416891157118818,0.027341594581366088,-13518400.0,-1.0506980367767458,0,0,-1,0,0,0.007482629609834343,-0.7073396384514281,0.2738813862876028,0.4511041622119613,-0.03167898627243937,-0.08070175438596494,0.4481180052104906,0.033260632497273686,0.0
2002-04-12,19.26,18.34,-0.01388911216066715,0.02511906009533202,0.017910926566530243,0.6451749351475751,0.048945939541660724,18.607000000000003,18.905,19.35666666666667,4,12,4,18.751450091485353,19.116161296837646,49.258160237388736,-0.2811511085858207,-0.30583959102475994,19.968390803044624,17.84160919695538,0.026120737378787177,0.03084477419328643,0.028373048830063155,-9884000.0,0.6676755130542599,0,0,-1,0,0,0.013631406761177753,1.6246676040172792,0.4381723005811823,0.48964561056827294,0.04051863857374394,-0.027272727272727226,0.8167002697806012,0.03946002076843206,0.0
2002-04-15,18.5,19.26,0.03228647730038312,-0.005700974238230488,-0.01572274188597735,-0.2516171375309851,-0.0402596742857004,18.576,18.831,19.280000000000005,0,15,4,18.70573189303347,19.07640895510619,51.552795031055894,-0.28325668731182674,-0.3013230102821733,19.779148333942423,17.882851666057576,0.027692441318450646,0.031906688056476326,0.029086577039571754,-12709900.0,-0.6982029881837021,0,0,-1,0,0,-0.003115264797507906,0.46993432653525496,0.5451362199512876,0.5065029705429069,0.013143483023001057,-0.07407407407407407,0.17425800099036703,0.05081081081081069,0.0
2002-04-16,18.93,18.5,-0.02052163572079691,-0.014132661290637553,0.016798010806784,-0.30377031429491647,0.02297723313695233,18.637,18.7845,19.212333333333333,1,16,4,18.746507912481928,19.066963216067084,45.16695957820739,-0.24737636651525463,-0.29053368152878956,19.602442862500613,17.96655713749939,0.027183259740560888,0.03244478960720963,0.029429285451516806,-10624300.0,0.3557705719325588,0,0,-1,0,0,0.016756756756756686,-0.5614905555370377,0.562258098552654,0.5150450678429381,0.024350649350649345,-0.04682779456193353,-0.08771655672031543,0.01901743264659268,0.0
2002-04-17,19.0,18.93,0.0063593219082924216,0.003683245416296368,0.007494681762260383,-0.5656514187764271,0.0036910139452089484,18.693,18.7815,19.17,2,17,4,18.792597382939757,19.06264300857889,48.17518248175183,-0.21086185459184392,-0.27459931614140043,19.595619479140314,17.967380520859688,0.02716396249430452,0.031171688886301504,0.028898930066538372,-9439700.0,0.5367762486919697,0,0,-1,0,0,0.0,-1.5938918385407836,0.5586953049206858,0.49483522043417844,0.015499732763228247,-0.0031479538300104304,0.15591916523679358,0.015263157894736798,0.0
2002-04-18,18.55,19.0,-0.0015860431556348514,0.0005250722094907142,-0.03860223778194227,1.1428119928628473,-0.023969190112996277,18.654,18.7895,19.098666666666663,3,18,4,18.7484887678598,19.02956926608993,43.0795847750865,-0.21574807055393563,-0.2628290670239075,19.590459293268758,17.988540706731243,0.026970347297619775,0.030585149493701162,0.028845409109957573,-13154100.0,-0.5980328888440438,0,0,-1,0,0,-0.005263157894736917,1.8598351413918015,0.5695699073640048,0.4855241962323981,0.011450381679389388,0.008700380641653016,0.1882559421241654,0.054447439353099814,0.0
2002-04-19,18.93,18.55,-0.018692133012152407,-0.006319136351478546,0.027878274418966592,-0.5713279811782085,0.020278176167787206,18.696,18.7835,19.073666666666668,4,19,4,18.78149081006711,19.023145442471225,51.067615658362996,-0.18680424464897527,-0.24762410254892106,19.57801474763558,17.98898525236442,0.026699353556089878,0.029841949651778252,0.027825871231754378,-11056300.0,0.3687785542961238,0,0,-1,0,0,0.0,-0.3682835921519287,0.43778750151199214,0.47372626449549493,-0.017133956386292892,-0.006299212598425252,-0.4902546269589858,0.020073956682514476,0.0
2002-04-22,18.25,18.93,0.022388994893478686,0.0021108187256913703,-0.01685280440725891,0.12763886312920228,-0.036582885192730986,18.695,18.728,19.018666666666668,0,22,4,18.684856117327634,18.97326509134405,49.39759036144578,-0.21624364891547287,-0.24134801182223142,19.507894729738315,17.94810527026169,0.029037217925643618,0.030625607595182684,0.028441577542124074,-13439700.0,-1.2258064627783538,0,0,-1,0,0,0.0021130480718435894,0.004561490743469598,0.4196409064515512,0.48616644868262565,-0.013513513513513487,-0.05733471074380159,-0.40452935723332045,0.04000000000000002,0.0
2002-04-23,18.07,18.25,-0.04143718986417318,-0.0408878902074062,-0.021053409197832267,0.8105292146395887,-0.009911975424363322,18.654,18.716500000000003,18.93933333333333,1,23,4,18.573064095995335,18.91498992416056,46.84838160136285,-0.2512033685098487,-0.2433190831597549,19.529066434530886,17.90393356546912,0.028880518103702853,0.028138962592377297,0.02789046327292069,-18800200.0,-1.5912545055426655,0,0,-1,0,0,-0.0027397260273972993,2.903568494069494,0.3524488662655678,0.4466921830246782,-0.04543053354463811,-0.012568306010928953,0.20330113110310075,0.019369120088544627,0.0
2002-04-24,18.26,18.07,0.0,0.021728176914642724,0.01500444931840674,-0.8919644609116842,0.010459770562685355,18.608999999999998,18.6555,18.877999999999997,2,24,4,18.51614335126891,18.872732509698594,43.88489208633094,-0.26057405060219097,-0.24677007664824213,19.4076610969662,17.9033389030338,0.02878045883195799,0.023867293061479177,0.02788980213776594,-16603200.0,-1.051636415643472,0,0,-1,0,0,0.007194244604316492,-0.2766639147352808,0.37083395048633633,0.3788815314538281,-0.03894736842105251,-0.06262833675564672,0.05953186287119364,0.02628696604600221,0.0
2002-04-25,18.39,18.26,0.000549299656766917,-0.008634700167623171,-0.017246602724096383,0.46926371060302496,0.007094163449407201,18.614,18.615000000000002,18.826000000000004,3,25,4,18.493208196492745,18.841588476814817,48.8593155893536,-0.2545758778756557,-0.24833123689372485,19.330026683344524,17.89997331665548,0.028191648914616268,0.023810061519315293,0.02793313933046053,-13090600.0,-0.6293471425361886,0,0,-1,0,0,-0.0027382256297919334,1.0038063822920917,0.35110933730868504,0.377973008887542,-0.008625336927223781,-0.04218749999999993,-1.084967082257619,0.03425774877650892,0.0
2002-04-26,18.52,18.39,0.010379770875423246,0.008097210232619523,0.026579637804712102,-0.30674705693851795,0.0070441906018036396,18.54,18.573500000000003,18.783333333333335,4,26,4,18.498079433494063,18.820840833149347,52.52918287937741,-0.23660493482351797,-0.2459859764796835,19.19974276442921,17.947257235570795,0.02249703551733103,0.023794702449342762,0.027966726467494568,-10505900.0,-0.17086025751935408,0,0,-1,0,0,0.0005437737901032088,0.015214931561181063,0.308429846967822,0.3777291912104426,-0.02165874273639723,-0.042894056847545325,-1.4748266487906194,0.016198704103671746,0.0
2002-04-29,18.22,18.52,0.0027137058715963258,-0.0005377789858029807,-0.008230499136515591,-0.220709096801217,-0.0163313373862211,18.512,18.544,18.724666666666668,0,29,4,18.447519536495143,18.782076908430035,47.509578544061284,-0.24376040753396921,-0.24554086269054065,19.17886094623356,17.90913905376644,0.019371936294281217,0.023259741257169078,0.028006749637912953,-12578700.0,-1.0206959553023296,0,0,-1,0,0,-0.00377969762419008,-0.5359562977064815,0.1895863140004492,0.36923694555706943,-0.0016438356164384382,-0.031366294524189264,-0.7015854231913723,0.02414928649835353,0.0
2002-04-30,18.21,18.22,-0.014742281737203431,-0.011904902506318314,-0.004971012722020386,-0.018502816299290237,-0.0005489980922956062,18.439999999999998,18.5385,18.669666666666668,1,30,4,18.404334166223297,18.74516872078939,45.00000000000001,-0.2473863715374982,-0.24590996445993218,19.183359021720776,17.893640978279223,0.01737326323693123,0.022520862067379015,0.02800219749992083,-14613500.0,-1.0188273372477967,0,0,-1,0,0,-0.0021953896816684494,-0.5207659985515146,0.17046747558968323,0.357507602046437,0.007747648035417942,-0.006004366812227047,-1.5464691983342544,0.017023613399231315,0.0
2002-05-01,18.62,18.21,-0.002202644062342183,0.01726972224043722,-0.005552485114785667,0.487245278164591,0.02226537810940441,18.401999999999997,18.5475,18.654999999999998,2,1,5,18.44354613600088,18.737093319448142,52.777777777777786,-0.2147014559102054,-0.23966826274998682,19.19159463181801,17.90340536818199,0.019191464664752966,0.023044358503353672,0.02742232384665222,-11301200.0,0.22512219918791804,0,0,-1,0,0,-0.0038440417353102843,0.7378721002559301,0.22318196912784805,0.36581785033734254,0.019715224534501585,0.009761388286334105,-0.28603218062859137,0.03920515574650915,0.0
2002-05-02,18.63,18.62,0.019651287397288494,-0.0032154368539744657,0.019846296371930534,-0.5894001386615627,0.0005369127645760014,18.41,18.532,18.663,3,2,5,18.47744683854617,18.730184073032135,42.37288135593216,-0.18584915499525678,-0.22890444119904083,19.150745760219344,17.913254239780656,0.017591579817572343,0.022193848571093674,0.026625996844771783,-9464000.0,0.31676984732875874,0,0,-1,0,0,-0.006444683136412513,-0.8629750152640348,0.22225984677076469,0.3523164237272405,0.013050570962479524,-0.016367476240760404,0.1713521812420656,0.016639828234031064,0.0
2002-05-03,17.73,18.63,0.0005403945011269969,-0.0026874512278046415,-0.03329941406904945,0.6576903309792055,-0.04951506452738044,18.29,18.493000000000002,18.619000000000003,4,3,5,18.341547413355958,18.665656068320384,40.983606557377044,-0.23292100863744736,-0.22970775468672214,19.208368142250766,17.77763185774924,0.02186976007435793,0.024185743892594785,0.027227724594078025,-13010400.0,-2.133167399933055,0,0,-1,0,0,-0.006441223832528043,0.9032572629555279,0.4162949644428987,0.38393678167743045,-0.04265658747300216,-0.04213938411669371,-0.7690643570996976,0.04850535815002817,0.0
2002-05-06,17.99,17.73,-0.03742869471035722,-0.01901714469512067,0.005066152124635375,-0.6790912302596926,0.014557927876325087,18.264,18.4795,18.573333333333334,0,6,5,18.27762970183669,18.6220653542352,38.53658536585362,-0.24640555483987825,-0.23304731471735338,19.223018661500802,17.7359813384992,0.02003221986998143,0.02429255883888246,0.027191993158142126,-11212100.0,-1.3167120755568975,0,0,-1,0,0,0.005640157924421764,-0.8776896503082006,0.43701879661674353,0.3856324163825219,-0.012623490669593895,-0.014786418400876356,-1.554807281590733,0.023346303501945623,0.0
2002-05-07,17.84,17.99,0.008933616087392614,-0.007156650418791599,0.0,0.2606560662008558,-0.008372920810578386,18.241,18.447499999999998,18.558,1,7,5,18.19806066513911,18.571609524929706,36.12440191387555,-0.26612814169545373,-0.23966348011297348,19.244121154098885,17.65087884590111,0.019965056109219455,0.02416734409278954,0.02535018811214269,-13545900.0,-1.525191734801932,0,0,-1,0,0,0.0,-0.3394592284261935,0.43862849879572396,0.3836446939106821,-0.020318506315211482,-0.03463203463203468,-1.2600792357362374,0.01625560538116607,0.0
2002-05-08,18.28,17.84,-0.002225933028153848,0.010442524130994118,0.0005613247410931633,0.10732105718962563,0.02436443887414081,18.243,18.426000000000002,18.517999999999997,2,8,5,18.212958726022908,18.552796007192306,46.76258992805756,-0.24344779644902204,-0.2404203433801832,19.21597401689446,17.636025983105544,0.021333874071031444,0.024686776022256725,0.02273615809063666,-10947700.0,-0.3696324103771285,0,0,-1,0,0,0.006165919282511179,-0.0554435850127915,0.4469316550992801,0.3918904201610618,-0.018259935553168627,-0.022982362373062504,-1.1772313920606752,0.02571115973741788,0.0
2002-05-09,17.68,18.28,0.013831479148461799,-0.004383568663257652,-0.01128680153462975,-0.1551069267915204,-0.033373508816506636,18.172,18.393,18.467333333333332,3,9,5,18.116057139473288,18.49648658737345,35.763097949886074,-0.2707672091881541,-0.2464897165417774,19.250366837903584,17.535633162096417,0.023543513197801683,0.025375408416710273,0.023327923266451292,-13172600.0,-1.6632320460245782,0,0,-1,0,0,-0.00437636761487975,-0.4688438956226108,0.4893581564456498,0.4028221205238639,-0.050993022007514766,-0.03598691384950925,-0.15826744131837583,0.03337104072398189,0.0
2002-05-10,16.8,17.68,-0.034659701825718835,-0.031235110360210993,-0.06567423960149853,0.6703489251774833,-0.051055170800284065,18.0,18.270000000000003,18.382333333333335,4,10,5,17.876774023205414,18.387035839800973,34.20479302832241,-0.35928507148589617,-0.2690487875306012,19.29341019198198,17.246589808018026,0.027233591830740225,0.02448570169692347,0.024775979452414228,-17522100.0,-2.872748408247023,0,0,-1,0,0,-0.005656108597285148,1.6571727445492828,0.496632386845345,0.38869846420183046,-0.05245346869712353,-0.12772585669781933,-0.19560860282473563,0.06845238095238086,0.0
2002-05-13,17.18,16.8,-0.020109841717192573,-0.00967841315191623,0.033962155899814425,-0.6275889472949501,0.022367030146895995,17.895999999999997,18.204,18.328,0,13,5,17.750087837168063,18.309162559813814,40.709812108559476,-0.3942288659187625,-0.2940848032082335,19.330062539162554,17.077937460837447,0.02886811322484347,0.024020667567292153,0.02484023493727512,-15200000.0,-1.8187266948095837,0,0,-1,0,0,0.025595238095238077,-0.35658115049742145,0.5242858125984647,0.38131627625285947,-0.04502501389660918,-0.0713513513513514,-0.1743574034675371,0.023864959254947624,0.0
2002-05-14,17.59,17.18,0.029733465381586437,0.015328145694035435,0.013383964697384032,-0.0944105372331711,0.023584642193357458,17.834,18.137,18.30366666666667,1,14,5,17.72098095768296,18.2627649753097,43.31337325349298,-0.3844072932844682,-0.31214930122348045,19.240412887363547,17.033587112636454,0.030326895785190173,0.024057358890499158,0.024895078435593427,-13087100.0,-0.9914692972400955,0,0,-1,0,0,0.0331781140861467,-0.5682951948969457,0.5733532703557009,0.3818987329517372,-0.014013452914798163,-0.07078711040676178,-0.7304766215005788,0.02558271745309831,0.0
2002-05-15,17.91,17.59,-0.01133156600954997,0.012874513122049439,0.005763704716749913,0.040804956181151916,0.018028657323153587,17.762999999999998,18.0825,18.286,2,15,5,17.75534805628606,18.24000594464456,45.38461538461538,-0.34680455354780904,-0.3190803516883462,19.1116104999234,17.053389500076598,0.029950655093506192,0.024496284283936784,0.025107514527834402,-10886200.0,-0.33524096783161544,0,0,-1,0,0,-0.0022740193291642496,-0.5625296666558989,0.5557576798666138,0.38886645756262006,-0.020240700218818408,-0.057368421052631624,-0.7238289394208282,0.03238414293690686,0.0
2002-05-16,17.5,17.91,0.0186288198334932,0.0005560189189674898,0.0028694424279529607,-0.4302133812961293,-0.02315833514315209,17.65,18.029999999999998,18.238,3,16,5,17.708921136961322,18.192263625635235,40.6934306569343,-0.34609808163392586,-0.32448389767746216,19.065801240840287,16.99419875915971,0.030513454809547008,0.024461125837262072,0.02485836283676628,-12317600.0,-1.023362357762843,0,0,-1,0,0,-0.0016750418760469647,-1.2429045904228728,0.5265472773122091,0.38830833452431235,-0.010180995475113086,-0.05660377358490565,-0.9477233303103032,0.03085714285714281,0.0
2002-05-17,17.63,17.5,-0.02663801596527036,-0.012304405795881726,-0.006900544920921511,0.020194323881512342,0.0074011154803104015,17.639999999999997,17.964999999999996,18.208666666666666,4,17,5,17.694571839331992,18.155988553013607,44.444444444444436,-0.3312300699448869,-0.3258331321309471,18.923254992984074,17.00674500701592,0.026746549110573847,0.023981524682237153,0.024614413853889097,-10857000.0,-0.6991875908870202,0,0,-1,0,0,-0.005142857142857135,-1.1446306790991927,0.3081225672808543,0.3806949022161407,0.04940476190476173,-0.06867406233491813,-1.6903791831757944,0.024957458876914425,0.0
2002-05-20,17.16,17.63,-0.005182850645808573,-0.025072538439045337,-0.03165563263806519,0.4203251649993769,-0.027020902349962617,17.557000000000002,17.9105,18.172000000000004,0,20,5,17.59737695945345,18.09173122701273,40.901213171577105,-0.3532995186791723,-0.33132640944059216,18.92295870611048,16.898041293889516,0.02737297075696128,0.023400236601761527,0.024953623615507778,-13080700.0,-1.4825295994207244,0,0,-1,0,0,-0.01758366420873504,-0.3579119690503638,0.3714801046462994,0.3714672400099931,-0.0011641443538998875,-0.059726027397260295,-0.35228808329981137,0.031468531468531416,0.0
2002-05-21,16.55,17.16,-0.008115986578179838,-0.0011547345393967956,-0.01621170299661742,0.18249392730103822,-0.036194992236744244,17.428,17.8345,18.107666666666667,1,21,5,17.406944785007365,17.992264696237715,32.66331658291455,-0.41522516063703563,-0.3481061596798809,19.01139108739038,16.657608912609618,0.029108404920453062,0.0244872015217138,0.025550960973766194,-15749600.0,-2.1828697893332314,0,0,-1,0,0,0.0011655011655011406,0.3097453567003562,0.3703398482461582,0.38872227318226277,-0.05912450255827173,-0.08411732152739348,0.5472089067817444,0.04773413897280961,0.0
2002-05-22,16.68,16.55,-0.031335700129656585,-0.020426738824360736,-0.004854378464798088,-0.03709924367847623,0.007824295107528705,17.268,17.7555,18.04,2,22,5,17.274773005915115,17.907602457770764,33.99014778325122,-0.4486401204543178,-0.36821295183476827,19.02091817510841,16.490081824891593,0.027512431408940347,0.02441078628978862,0.025466688119166334,-13177900.0,-1.6998333375571477,0,0,-1,0,0,0.006042296072507424,0.15243940473969886,0.3214782956720578,0.3875092189819547,-0.06867671691792299,-0.086527929901424,0.36926180467876846,0.031175059952038345,0.0
2002-05-23,17.02,16.68,0.0018001805041478473,0.008805457540345006,0.007272759329079657,-0.009140688643180217,0.02017872621462747,17.202,17.687,17.996000000000002,3,23,5,17.228450641203274,17.850337783075876,43.580470162748625,-0.4425847172290638,-0.3830873049136274,18.95611655970018,16.41788344029982,0.027489588469067926,0.024910387786891145,0.025636872103904813,-10629600.0,-1.0511248866811338,0,0,-1,0,0,0.0,0.19768951982898147,0.3860690249405433,0.3954401468777677,-0.02742857142857147,-0.07449700924415448,-0.4658233027812938,0.03231492361927149,0.0
2002-05-24,16.74,17.02,0.03591790276459843,0.010465211791097002,0.005420067469339113,0.04893404059291241,-0.016588058083898842,17.195999999999998,17.598,17.911999999999995,4,24,5,17.13964143371177,17.77870308739356,38.73873873873874,-0.455132937297833,-0.39749643139046853,18.87080213040278,16.32519786959722,0.022884726562927594,0.02493711899062129,0.023764571855292287,-13305700.0,-1.3482064171726145,0,0,-1,0,0,0.01586368977673323,0.37517370980309755,0.3734532891273472,0.3958644915816599,-0.05048213272830404,-0.09611231101511886,0.40745292838170616,0.03823178016726408,0.0
2002-05-28,17.01,16.74,-0.019860465868739813,-0.006382383139089833,0.01194044037191807,-0.4469903317874404,0.01600034134644134,17.179000000000002,17.5375,17.862333333333332,1,28,5,17.116070263945993,17.729109339819782,42.68077601410936,-0.43823900216883516,-0.4056449455461419,18.800810188187725,16.274189811812278,0.022251447140731094,0.02520166719512896,0.02309329327322018,-11594200.0,-0.835107648038084,0,0,-1,0,0,0.012544802867383565,-0.9717491495261725,0.3773312574220698,0.40006406413515555,-0.00874125874125864,-0.06641053787047191,-0.8022174264373784,0.019400352733685965,0.0
2002-05-29,17.27,17.01,0.005882369903066613,0.01673920758985583,0.01179954693115503,0.22884157242884745,0.015169485750816803,17.147,17.4905,17.807000000000002,2,29,5,17.144057488683085,17.699489382412054,40.8014571948998,-0.39926809570401645,-0.40436957557771686,18.717897331969674,16.263102668030328,0.021342893214157242,0.02553336461327178,0.022831198431772174,-9442600.0,-0.35929685401246986,0,0,-1,0,0,0.0023515579071134124,-0.3585672020187882,0.23389242325136492,0.4053295974087242,0.043504531722054374,-0.05161998901702369,-1.75406222032724,0.02431962941517071,0.0
2002-05-30,16.74,17.27,0.0070134711798584045,-0.011514231987377924,-0.02074148430681647,0.055372618318296055,-0.031169827097258008,17.03,17.3965,17.73166666666667,3,30,5,17.070592490740705,17.637586841611274,41.32841328413283,-0.40646447273922703,-0.40478855501001887,18.54510602012772,16.24789397987228,0.021889805553324267,0.025579828924979186,0.023351022948359345,-11716700.0,-1.143124776460777,0,0,-1,0,0,-0.005790387955992928,-0.1162592598523148,0.3652343072496173,0.40606719549042974,0.003597122302158251,-0.10096670247046202,-0.788263687684939,0.03405017921146956,0.0
2002-05-31,17.03,16.74,-0.03075345848293151,-0.0028993931590025014,-0.003599284029646762,0.18943455443953724,0.0171754296132679,16.983,17.3165,17.681,4,31,5,17.063212037878756,17.598387690539578,52.38095238095238,-0.38433668297776435,-0.400698180603568,18.31665314616784,16.31634685383216,0.022238298265047488,0.02604206430634213,0.023355994244257886,-8968300.0,-0.5729122606827683,0,0,-1,0,0,-0.005376344086021497,0.5273700971462183,0.3554830773192785,0.4134049546879984,0.000587544065804968,-0.08588298443370901,-0.827914444832803,0.034057545507927084,0.0
2002-06-03,16.45,17.03,0.02666824708216149,-0.0069930354909704135,-0.011483958181681679,-0.2400777161748183,-0.03465101746321611,16.865,17.2525,17.598333333333333,0,3,6,16.951718940082618,17.52429816211767,42.74353876739562,-0.4088879966065022,-0.4023361438041549,18.303752385941323,16.20124761405868,0.023982750324492416,0.024942007331495365,0.023620101502339147,-11130100.0,-1.5267503992990605,0,0,-1,0,0,0.004110393423370539,-0.2736722676382479,0.4233148972101966,0.39594209158731897,-0.01732377538829144,-0.07219402143260023,-0.6142995574173135,0.03951367781155028,0.0
2002-06-04,16.0,16.45,-0.038752986297233345,-0.030278359306261132,-0.045391690210320294,0.4054651081081644,-0.027736754971599636,16.749,17.153,17.52333333333333,1,4,6,16.778679132794867,17.425956345206853,34.31952662721895,-0.4593610999155473,-0.4137411350264334,18.284019102635437,16.02198089736456,0.024048263766066783,0.025105861722926132,0.023275119147548172,-14372800.0,-2.038869188528015,0,0,-1,0,0,0.0,1.3407188062799011,0.41058869711748386,0.39854319941302885,-0.05937683715461506,-0.11061700944969421,0.5739491317506338,0.05437499999999995,0.0
2002-06-05,16.71,16.0,-0.024616627635355916,0.010791471632764386,0.011385322225125429,-0.3113246716407169,0.04341862036752116,16.765,17.0965,17.478,2,5,6,16.766192017741254,17.379765613258023,39.010989010989036,-0.43703249310736325,-0.4183994066426194,18.195461710936833,15.997538289063163,0.02655091300109074,0.027454027567038044,0.02486515047935648,-11997600.0,-0.7033912030848051,0,0,-1,0,0,0.0031250000000000444,-0.04383721620236604,0.5575571785650404,0.4358191765769659,-0.03242617255356106,-0.06334080717488788,0.9120369073771583,0.05206463195691198,0.0
2002-06-06,16.7,16.71,0.04029849303127752,0.008313587075371429,0.032789822822990755,-0.021232581493974608,-0.0005986231845929909,16.767,17.0175,17.426,3,6,6,16.75415710542466,17.33590976724138,42.09486166007905,-0.41535586392024015,-0.41779069809814356,17.976487953384602,16.058512046615395,0.026452699480460497,0.02668929906832086,0.02475011763444646,-14322900.0,-0.6621563886791905,0,0,-1,0,0,0.0,-0.1018226770548207,0.5130339665286103,0.42367948800842925,-0.002389486260453988,-0.08643326039387322,0.4121461880452886,0.028742514970059908,0.0
2002-06-07,16.96,16.7,0.0005982650492530659,0.005308181145727221,0.00485732588286002,-0.11023194985977983,0.015448910941047776,16.761,16.9815,17.378333333333334,4,7,6,16.791583086256537,17.31165752419355,43.5452793834297,-0.3728986089853663,-0.40881228027558814,17.888415536019554,16.074584463980447,0.02609058553417226,0.026142893945053165,0.02491294608959304,-12240300.0,-0.04741345615130375,0,0,-1,0,0,0.0011976047904191363,-0.47582589371125156,0.5094257718756964,0.41500557558088175,-0.004110393423370495,-0.040723981900452455,0.4575465715962475,0.02889150943396217,0.0
2002-06-10,17.21,16.96,0.0,0.014598799421152631,0.009644438830665892,-0.09071114899046,0.014632979859690958,16.808,17.002,17.334666666666667,0,10,6,16.867658888755347,17.305098974245578,50.503018108651915,-0.31544180117046494,-0.3901381844545635,17.91017573073425,16.09382426926575,0.025774123389435154,0.023778713651184384,0.02505239130813669,-10338300.0,0.45806112839381063,0,0,-1,0,0,-0.014150943396226532,-0.8237540050088432,0.4155330434072388,0.3774753769083034,0.046200607902735724,0.024404761904761818,-0.16359026727743267,0.033701336432306696,0.0
2002-06-11,17.05,17.21,0.033522692038643644,0.013245226750020723,0.014885657415374634,-0.0005259006169064503,-0.009340406493922227,16.812,16.9955,17.295666666666666,1,11,6,16.900811818072555,17.288640975907157,55.53097345132743,-0.27959453805428325,-0.36802945517450747,17.90016568410654,16.09083431589346,0.025596470533420977,0.023352218822871505,0.024950285586210926,-12239300.0,0.12048649784660706,0,0,-1,0,0,0.004648460197559459,-0.7652762373031504,0.3249508938661493,0.370704981401277,0.06562500000000004,-0.0075669383003491575,0.8510822450617206,0.032844574780058575,0.0
2002-06-12,16.92,17.05,-0.023998810527388063,-0.02549384882621976,-0.013686616504333504,0.000315573557554989,-0.007653849551448525,16.777,16.962,17.252666666666666,2,12,6,16.904300578422998,17.264857687138957,52.654867256637175,-0.2586931833273063,-0.3461622008050672,17.822516368846394,16.101483631153606,0.02515042036479469,0.022702485402173816,0.024970445273721588,-14140900.0,-0.09761580725373799,0,0,-1,0,0,-0.009970674486803619,-0.7305835503149951,0.1898125454475661,0.36039078310335665,0.01256732495511681,-0.038089823763501895,0.30648401118877294,0.020685579196217364,0.0
2002-06-13,16.68,16.92,-0.007731230896735541,0.003514942107444592,-0.007819588716630209,0.01983768487826185,-0.014285957247476654,16.771,16.9005,17.188,3,13,6,16.86351865507336,17.227124933129993,46.15384615384617,-0.2585147067369178,-0.32863270199143735,17.64353715285729,16.15746284714271,0.02353053348216955,0.022361571617332442,0.024617275635001476,-16080600.0,-0.593510026119384,0,0,-1,0,0,-0.010047281323877168,-0.6097454862730697,0.2252435141569101,0.3549789445441323,-0.0011976047904190823,-0.06867671691792299,0.4756215243794588,0.03237410071942462,0.0
2002-06-14,15.63,16.68,-0.026006908735114465,-0.038752986297233345,-0.061002108514511356,0.6299172836476216,-0.06501825249721539,16.631,16.807000000000002,17.088,4,14,6,16.639242535969114,17.12408461486354,39.30635838150294,-0.3391895218671017,-0.33074406596657024,17.689868530476208,15.924131469523797,0.029783525504845993,0.02574539385629749,0.026893766325675493,-19722300.0,-2.6663086504287237,0,0,-1,0,0,-0.021582733812949607,2.5536061711136564,0.45371191261115534,0.40869545729504003,-0.0784198113207547,-0.10685714285714276,-1.336486646748254,0.05566218809980801,0.0
2002-06-17,15.94,15.63,-0.02922184921267134,-0.006097579868118334,0.014021899590318984,-0.36561565983990446,0.019639528928683626,16.580000000000002,16.7225,17.028333333333332,0,17,6,16.512107529429272,17.047692059065895,39.770554493307834,-0.37380153347204015,-0.3393555594676642,17.597169862531576,15.847830137468424,0.029446221894491913,0.02621377035139683,0.026015169724671022,-17195800.0,-1.7892465112155433,0,0,-1,0,0,0.0140754958413307,0.3112226912252147,0.4762363394044952,0.4161307036509255,-0.0737943056362581,-0.09585933068633012,-1.0659048770629842,0.03450439146800507,0.0
2002-06-18,15.7,15.94,0.009419221916491558,-0.021639175103481293,-0.007623925110659371,0.24728671360659393,-0.015170961007806618,16.55,16.6495,16.952,1,18,6,16.364451614987587,16.96074418428745,34.93282149712094,-0.4158046589918918,-0.35464537937250973,17.60992698837546,15.68907301162454,0.028547396282183533,0.025827670981575214,0.02587653407597788,-20431100.0,-1.9772455615935132,0,0,-1,0,0,0.003764115432873306,1.5803023214724592,0.47375851074995545,0.41000156616748507,-0.07917888563049857,-0.08508158508158514,-0.8922851152866285,0.02038216560509556,0.0
2002-06-19,15.15,15.7,-0.0317486983145803,-0.025317807984289897,-0.03438548296688362,0.5411346638855195,-0.0356601803988841,16.394,16.5795,16.862333333333332,2,19,6,16.14364223044439,16.84392197884955,34.79923518164439,-0.48784921990925056,-0.3812861474798579,17.75128181910239,15.407718180897612,0.02521210709749735,0.025794860950493124,0.02647570263060484,-25989200.0,-2.4398740050345378,0,0,-1,0,0,-0.012738853503184669,3.445164549325178,0.48311015322355416,0.409480723070976,-0.10460992907801425,-0.08459214501510581,-0.03935643563634143,0.029702970297029656,0.0
2002-06-20,15.93,15.15,-0.019544596072970283,0.02469261259037163,0.0032948958968524846,-0.7217453245742711,0.05020359196657905,16.317,16.541999999999998,16.784,3,20,6,16.10479818854541,16.784959270536678,40.38461538461538,-0.4765126312273047,-0.40033144422934724,17.747751130819967,15.336248869180029,0.03177238372827536,0.028555451066761016,0.027928146199939937,-23288500.0,-1.0151348555382373,0,0,-1,0,0,0.00330033003300323,0.13902090453396532,0.7149074277176966,0.45330373258754236,-0.04496402877697847,-0.04496402877697847,0.24814584253909583,0.049591964846202194,0.0
2002-06-21,16.25,15.93,0.0032840752011900187,0.019201580966853815,0.0032840752011900187,0.23989438634197321,0.019888784853789324,16.246000000000002,16.5035,16.73633333333333,4,21,6,16.13119851790079,16.75044576921173,48.16849816849818,-0.4366732796248982,-0.40759981130845746,17.694064218299328,15.312935781700672,0.032115895400326756,0.02854337104703498,0.027728021360500725,-19855600.0,-0.42584851132535023,0,0,-1,0,0,-0.04268675455116131,0.9111291674500196,0.5359911343803838,0.45311196821937527,0.03966730646193217,-0.04524089306697998,-0.10712031593260037,0.06461538461538466,0.0
2002-06-24,15.92,16.25,0.06351340572232593,-0.000613685198762996,0.029081209300841602,-0.48406692479995383,-0.02051672835950959,16.116999999999997,16.4625,16.707,0,24,6,16.092798787373372,16.696868622810975,49.250936329588015,-0.4268085650688853,-0.41144156206054305,17.67504625522187,15.249953744778127,0.03177842281347587,0.028659468627482365,0.02648739451057042,-21971200.0,-0.8948112249964968,0,0,-1,0,0,0.0,-0.5375706191584836,0.5567572760358721,0.4549549601734558,-0.0012547051442910462,-0.04898446833930692,0.8337208550253229,0.03706030150753768,0.0
2002-06-25,15.28,15.92,-0.02051672835950959,-0.013597242864532509,-0.028425686497951422,0.02174151140668015,-0.04103139667786259,15.940000000000001,16.375999999999998,16.643666666666668,1,25,6,15.945017189669123,16.605457743919946,36.432637571157485,-0.4652700158860341,-0.4222072528256413,17.668299460162693,15.083700539837302,0.03345231771984537,0.02952684091308589,0.026997145239065445,-24133300.0,-1.6962012811829486,0,0,-1,0,0,0.0,-0.5212430122047387,0.6247334259385797,0.46872406834435554,-0.026751592356687892,-0.10170487948265738,0.8058434921912186,0.05301047120418852,0.0
2002-06-26,15.09,15.28,-0.04299667736281636,-0.04649038381031115,-0.02723516060760237,0.43734291638317935,-0.012512510958616867,15.757,16.267000000000003,16.560333333333332,2,26,6,15.789559518820191,16.507686276570272,35.22935779816514,-0.5052581039520518,-0.4388174230509234,17.608610971928883,14.925389028071123,0.033442638016131745,0.02917637176499795,0.02653580902216935,-27481500.0,-1.7546069980447312,0,0,-1,0,0,-0.0019633507853402724,0.7575392679312773,0.5743967229719863,0.4631605430961074,-0.003960396039603964,-0.12623045744064854,0.6474885875416504,0.03247183565275018,0.0
2002-06-27,15.63,15.09,0.029081209300841602,0.026376569332531956,0.016694878572170054,-0.19886041616494865,0.035159871653627724,15.651999999999997,16.2115,16.484333333333336,3,27,6,15.76054869721652,16.451061355501224,38.39441535776614,-0.48775295239178895,-0.4486045289190965,17.56252728945128,14.860472710548725,0.03648791710621382,0.030027912680710825,0.02724534197871749,-24737100.0,-0.8608264311762026,0,0,-1,0,0,0.04042412193505629,0.04792901182030941,0.48986257998894034,0.4766783360611423,-0.01883239171374762,-0.06630824372759847,0.25346932303590824,0.04158669225847731,0.0
2002-06-28,16.16,15.63,-0.01799534421907894,0.02569868782130729,0.020970624314304718,0.3596874546760334,0.03334690865956413,15.705000000000002,16.168,16.439666666666668,4,28,6,15.833176206813516,16.432283203533405,41.264559068219626,-0.42620044957514835,-0.4441237130503069,17.46292287923175,14.873077120768247,0.032266553363269175,0.030836702986104164,0.027865897798316414,-20804700.0,-0.012355948185493999,0,0,-1,0,0,-0.013435700575815793,1.271705654267557,0.5390001854066246,0.4895174841263668,-0.005538461538461492,-0.051086318261890806,0.19733862444259115,0.045792079207920805,0.0
2002-07-01,15.43,16.16,0.040666340383432045,-0.004962789342129125,0.0,-0.7977055677099357,-0.04622538671787983,15.654,16.116999999999997,16.366333333333333,0,1,7,15.75987144193833,16.36761977104738,37.68996960486321,-0.4313521872592627,-0.4415694078920981,17.445078945021898,14.788921054978097,0.035102693004978855,0.03153404736277176,0.02887105192325165,-22575700.0,-1.0345770521776754,0,0,-1,0,0,-0.006188118811881276,-1.034996572224309,0.6190903648713885,0.5005874829193577,-0.030778894472361817,-0.062006079027355554,0.20550413074991875,0.04277381723914442,0.0
2002-07-02,14.61,15.43,-0.04717254420617022,-0.028384119317434897,-0.06566323467050325,0.6279383802523746,-0.05460744061246141,15.545000000000002,16.0475,16.281333333333333,1,2,7,15.55080390704045,16.254224947108842,34.1127922971114,-0.4958858599489915,-0.4524326983034768,17.53702659381569,14.55797340618431,0.0384953756968816,0.03308345907171575,0.029970859325805305,-25894100.0,-1.9301434509035322,0,0,-1,0,0,-0.007128969539857384,0.6089617419966025,0.6694043477185948,0.525183631281262,-0.04384816753926701,-0.08687500000000004,0.10339820196592665,0.0814510609171801,0.0
2002-07-03,14.56,14.61,-0.05501051488591651,-0.04448084459668991,-0.016760168857465188,-0.34391913424883486,-0.0034281829940681612,15.486,15.940000000000001,16.215,2,3,7,15.370657742124003,16.144920111811498,35.028248587570616,-0.5447839127976497,-0.4709029412023114,17.534820564069488,14.345179435930516,0.03716732084786719,0.03106929348591825,0.02940709848990458,-28246800.0,-1.7306022145571922,0,0,-1,0,0,-0.0075290896646132395,-0.416537517034453,0.6688796858227287,0.4932097438453126,-0.035122597746852224,-0.12866546977857574,-0.10937740865808282,0.05151098901098901,0.0
2002-07-05,15.0,14.56,0.023851215822179847,0.009983443984183205,0.039356131936073444,-0.35236700820273664,0.02977215833367005,15.393,15.855,16.159,4,5,7,15.303265425374182,16.07105429814624,45.13137557959814,-0.5417862742853696,-0.48507960781892306,17.460444683437867,14.249555316562134,0.034169294122621686,0.03211871380496254,0.0299914886596519,-26592800.0,-1.0651254556701644,0,0,-1,0,0,0.019917582417582357,-1.0917644223262277,0.6475896403149219,0.5098687749551281,-0.040307101727447225,-0.10179640718562866,-0.14348673472461043,0.022000000000000006,0.0
2002-07-08,14.93,15.0,0.010716780396661957,0.0131580845775112,0.009434032233358714,0.5138440383727986,-0.00467758955111109,15.261,15.753499999999999,16.089333333333332,0,8,7,15.235398984397056,15.997437891814226,41.89406099518459,-0.5388475401314707,-0.49583319428143263,17.321029400379015,14.185970599620982,0.03298842604325178,0.031758014099436856,0.02966217527358603,-29357800.0,-1.0506979962237175,0,0,-1,0,0,0.0006666666666666524,0.020729609621683086,0.5412892834340342,0.5041428446423569,-0.07611386138613863,-0.11969339622641517,0.16253969849590671,0.02612190221031484,0.0
2002-07-09,14.76,14.93,0.0006660006906181381,0.0026109675407203397,-0.014865138590861136,-0.13978183407390135,-0.011451792378772568,15.145000000000001,15.631,16.023333333333333,1,9,7,15.148962805415772,15.917603189116535,42.370129870129865,-0.5439656539410223,-0.5054596862133506,17.099044169706925,14.162955830293074,0.03273657039734451,0.03140087262923677,0.02960280603743991,-31762100.0,-1.1866127981338366,0,0,-1,0,0,0.006028131279303407,-0.38934390084828513,0.4723197089798381,0.49847339956425246,-0.0434219053791316,-0.14235909355026155,-0.49002512700980677,0.04403794037940382,0.0
2002-07-10,14.11,14.76,-0.017461827163662225,-0.028431667162463065,-0.04099219280166337,0.12252713346081792,-0.04503705330760379,15.028,15.484,15.926666666666668,2,10,7,14.960060477158358,15.800983628528373,41.693290734824274,-0.5936283852283779,-0.5230934260163561,16.942527014707494,14.025472985292506,0.033187654277094115,0.03246707317321532,0.030240063220169904,-34479800.0,-1.8840926306401724,0,0,-1,0,0,0.0,-0.10179069661688428,0.41955156961874684,0.5153988084867867,-0.03422313483915129,-0.17243401759530796,-0.04818015254445036,0.057406094968107765,0.0
2002-07-11,13.55,14.11,-0.06363558653897897,-0.0730251350148899,-0.058410762156414484,0.6177788652844939,-0.04049721853901268,14.874,15.3155,15.802666666666669,3,11,7,14.703685844947746,15.655758878300738,30.29801324503312,-0.6704453013625944,-0.5525638010856038,16.852078221757335,13.778921778242667,0.03472715475288396,0.0331837211127319,0.030584040886146628,-39520600.0,-2.297963064946809,0,0,-1,0,0,-0.018426647767540737,2.0379778587599486,0.4769920768623905,0.526775241840073,-0.06936813186813184,-0.1991725768321514,0.6495133140956649,0.041328413284132746,0.0
2002-07-12,13.8,13.55,-0.018215439891341216,0.007189103572469256,-0.003012050469991721,-0.41820260787745583,0.018282044837449073,14.691000000000003,15.171499999999998,15.704666666666666,4,12,7,14.539379327684518,15.53603249905553,29.480737018425458,-0.7030460726772922,-0.5826602554039415,16.70945866072702,13.633541339272979,0.03254276975307791,0.03379076407405905,0.03062062962224137,-36202600.0,-1.7835329843672985,0,0,-1,0,0,0.0036900369003689247,0.2838376407442395,0.4111655566736746,0.5364117501048961,-0.07999999999999996,-0.17266187050359705,0.22172353515165075,0.05072463768115949,0.0
2002-07-15,13.63,13.8,0.0036697288889624017,-0.012977831748713989,-0.015963850989013977,-0.0006934290342226968,-0.012395346454717727,14.437999999999999,15.0715,15.591333333333333,0,15,7,14.374037631741878,15.413062660406787,30.292598967297764,-0.7341373200300936,-0.6129556683291719,16.738596751525645,13.404403248474356,0.028323225503935574,0.03133458962070053,0.030320132614536158,-39518300.0,-1.7293537386847047,0,0,-1,0,0,-0.01086956521739133,0.3003531127226738,0.40102959090853757,0.49742118942383606,-0.08707300736771595,-0.12795905310300704,0.503592074918858,0.053558327219368936,0.0
2002-07-16,13.75,13.63,0.0007323325116752631,0.030023699021702478,0.04201668289467225,-0.006323294649073329,0.008765578404139007,14.270000000000001,14.962,15.501333333333333,1,16,7,14.260576244152444,15.305768295219252,35.538752362948955,-0.7405576725711196,-0.6384760691775615,16.675937909579787,13.248062090420213,0.02738295071955097,0.03094404713397291,0.030006942641251182,-36223500.0,-1.4142869391308943,0,0,-1,0,0,0.0022010271460014205,0.24127445911059414,0.4446091802833758,0.49122151964611993,-0.06842818428184283,-0.13739021329987455,-0.00562376926880273,0.0429090909090909,0.0
2002-07-17,13.93,13.75,0.02458547547261453,0.027094397927479304,-0.005895374480678006,0.20124719551604556,0.013005963679133984,14.201999999999998,14.873499999999998,15.432333333333332,2,17,7,14.200471472488363,15.217009050366398,39.01515151515151,-0.7227894852733918,-0.6553387523967276,16.60963333225545,13.137366667744548,0.02387424429718666,0.031192947140117815,0.029900508706198203,-32194200.0,-1.0868980883792785,0,0,-1,0,0,0.01818181818181818,0.930247186528104,0.3797458214260175,0.49517268475161114,-0.01275690999291279,-0.11273885350318469,-1.1900514359316263,0.07609475951184498,0.0
2002-07-18,13.28,13.93,-0.007168489478612516,-0.04270862572903005,-0.02848768355892299,0.11794571955503441,-0.04778564374342659,14.074000000000002,14.780000000000001,15.318000000000001,3,18,7,14.033113022945024,15.092040724536309,28.20037105751389,-0.7524834754501182,-0.6747676970074057,16.649714304097653,12.910285695902349,0.02732458847346331,0.0318734590356765,0.029419335247033433,-36727900.0,-1.6045232116079045,0,0,-1,0,0,-0.0021536252692031127,1.674329215860237,0.42365325985690394,0.5059754761908278,-0.019926199261992683,-0.1234323432343235,-1.3623339173093785,0.06250000000000001,0.0
2002-07-19,12.7,13.28,-0.06310070636794361,-0.060445810908493096,-0.053095998931828495,0.2139032050343698,-0.04465715058374219,13.844,14.618500000000001,15.184666666666667,4,19,7,13.790728836955019,14.937715516501708,18.198529411764696,-0.8134404936746176,-0.7025022563408481,16.623097610231884,12.613902389768118,0.025526627889823676,0.02986741278003439,0.030128341894561775,-42342900.0,-1.9140998574552608,0,0,-1,0,0,-0.017319277108433635,2.3026695677656583,0.44766393478205513,0.4741304791252998,-0.07971014492753636,-0.20276208411801633,-0.16055779897902153,0.05433070866141729,0.0
2002-07-22,11.67,12.7,-0.031130918595173213,-0.03557993243262563,-0.07664032272414248,-0.1455972786033846,-0.08458054716608089,13.518,14.389500000000002,15.008333333333333,0,22,7,13.40514177569047,14.726895160598374,17.247386759581858,-0.9340941063157526,-0.748820626335829,16.64060475801971,12.138395241980295,0.03224587533793422,0.032781402170375985,0.03252397432464762,-47197100.0,-2.4161469965461233,0,0,-1,0,0,-0.003937007874015665,1.426042694485846,0.6368928313176447,0.5203886266248473,-0.14380044020542926,-0.28184615384615386,-0.025511261078917928,0.09854327335047117,0.0
2002-07-23,11.65,11.67,-0.04859255523686518,-0.04345011692652454,-0.0034692142340113094,0.03758161356926119,-0.0017152662867550243,13.206999999999999,14.175999999999998,14.823,1,23,7,13.086025089201293,14.52838579539848,20.040485829959493,-1.0195737845238693,-0.8029712579734372,16.61779743976484,11.734202560235158,0.032801647718936296,0.032913159438426376,0.03219692493076182,-52237200.0,-2.068967686560656,0,0,-1,0,0,0.03256212510711232,1.4199721008021946,0.59991962071718,0.5224802084129669,-0.1527272727272727,-0.26821608040201006,-0.026714739839898523,0.055793991416309044,0.0
2002-07-24,11.81,11.65,-0.05107492993641551,0.007374060452715031,-0.054453433498693166,0.4169136446111326,0.013640450197561464,12.976999999999999,14.002500000000001,14.648333333333333,2,24,7,12.85402052752833,14.353006066663095,22.772277227722768,-1.062162435148192,-0.8548094934083881,16.602029309621066,11.402970690378934,0.033736396840108596,0.03294646570430928,0.032546475579454934,-44590000.0,-1.6868438389098996,0,0,-1,0,0,-0.017167381974249017,2.7340443756056185,0.6029747474723677,0.5230089289927251,-0.15218951902368982,-0.22709424083769625,-0.012975763804289529,0.11430990685859438,0.0
2002-07-25,12.06,11.81,0.05190446129879091,-0.008196767204178515,0.06224230887722079,-0.062455397511380455,0.020947561089768533,12.828,13.850999999999999,14.486333333333333,3,25,7,12.709653158886816,14.205070191394508,19.753086419753075,-1.0634821764048752,-0.8965440300076856,16.53545740866705,11.16654259133295,0.03468618252666688,0.0337838907092823,0.03308917111173874,-37405800.0,-1.3343478605528025,0,0,-1,0,0,0.021168501270110076,2.012846657140654,0.6849554138679342,0.536302638821679,-0.091867469879518,-0.20079522862823063,-0.854408613363583,0.045605306799336706,0.0
2002-07-26,12.13,12.06,0.0074349784875179905,0.04584638812541865,0.04385188252884941,-0.48671779837152174,0.005787531656919408,12.661,13.675999999999998,14.334666666666665,4,26,7,12.604261675452848,14.071194695175508,21.19341563786007,-1.0468126611341297,-0.9265977562329745,16.32828719568999,11.023712804310003,0.033709040304013574,0.032248014181112415,0.03321730249438738,-32990100.0,-1.1657862711943638,0,0,-1,0,0,0.007462686567164167,0.28030016836394994,0.6591412668081028,0.5119213547934461,-0.04488188976377938,-0.22392834293026231,-2.002020422352833,0.04946413849958791,0.0
2002-07-29,13.01,12.13,0.061447328567898286,0.03931142021488814,0.04516896836791158,-0.14407860360270225,0.07003656956845505,12.599,13.5185,14.247333333333332,0,29,7,12.678032279915966,14.002730521293218,34.29084380610412,-0.9516235803820194,-0.9316029210627835,15.911105054614836,11.125894945385163,0.04308046594452704,0.03607864978192483,0.03493941355119986,-29166900.0,-0.4250597055449741,0,0,-1,0,0,0.06512778235779053,-0.0809394148945925,0.46608847250517704,0.5727308097718069,0.11482433590402752,-0.19492574257425743,1.7748552702376976,0.04227517294388937,0.0
2002-07-30,13.42,13.01,0.019165017400733883,0.04218161403629467,0.02646068777134337,-0.16009704034779956,0.031027839019121824,12.566,13.418000000000001,14.163333333333332,1,30,7,12.812935501749426,13.96513500379043,43.527204502814264,-0.8334939748881194,-0.9119811318278507,15.634945266755482,11.20105473324452,0.044397210763294094,0.03623624789232975,0.03529477113189152,-25909300.0,0.0018042845080482386,0,0,-1,0,0,0.012298232129131448,-0.49691856298722403,0.41510493809700555,0.5752326022151577,0.15193133047210305,-0.13026571613739468,1.548731177482576,0.058122205663189354,0.0
2002-07-31,13.81,13.42,0.03579800587577903,0.007220247973487097,0.019019211563693003,0.10235686875198761,0.02864683587766496,12.553999999999998,13.378,14.100333333333333,2,31,7,12.994219955976803,13.955126293868467,52.519379844961236,-0.7003326717246576,-0.8696514398072122,15.532374741384572,11.223625258615428,0.045260394743386265,0.03529608624191483,0.03578196079370105,-22300600.0,0.4010444345651424,0,0,-1,0,0,0.017138599105812252,-0.2811431936260502,0.3933947293688367,0.5603079986999702,0.16934801016088064,-0.05475701574264191,1.293637097184847,0.045619116582186876,0.0
2002-08-01,13.4,13.81,-0.001466275922527488,-0.00722024797348702,-0.0022632978352539346,-0.28036553903314,-0.03013826046433511,12.565999999999999,13.320000000000002,14.042000000000002,3,1,8,13.067998145799201,13.919311694264051,46.24060150375939,-0.6207295689985877,-0.8198670656454873,15.40161880326474,11.238381196735265,0.043601105239301975,0.03582807128666679,0.0356333246420748,-25027000.0,0.0768632564949251,0,0,-1,0,0,-0.013034033309196214,-0.8745434494455866,0.5955225118554703,0.5687529994776857,0.11111111111111116,-0.07967032967032972,-0.07425805029037812,0.04179104477611944,0.0
2002-08-02,12.85,13.4,-0.017018538751575617,-0.016070470032609033,-0.04558533533533284,0.1410496412061099,-0.04191089561563695,12.581,13.2125,13.939333333333334,4,2,8,13.028362119290254,13.85032384302121,43.1578947368421,-0.5951632683556713,-0.7749263061875241,15.145579081890382,11.279420918109619,0.04330348520929483,0.035838918746865185,0.034705435064624784,-28166400.0,-0.3750493224990126,0,0,-1,0,0,0.0,-0.6935572960737676,0.7483118462247638,0.5689251975699354,0.05935696619950526,-0.1433333333333333,-0.0003446682411879361,0.07237354085603111,0.0
2002-08-05,12.5,12.85,-0.061557892999433435,-0.0552543107893213,-0.02481119669628757,0.28141125742914763,-0.02761516703297338,12.664000000000001,13.091,13.814333333333334,0,5,8,12.932296279419297,13.76320617572952,39.46037099494097,-0.5962704314604448,-0.7391951312421083,14.868779809940376,11.313220190059623,0.03420914060545776,0.0361128958978559,0.034528007751263926,-32326100.0,-0.6648742399879322,0,0,-1,0,0,-0.019455252918287938,-0.03324976073177898,0.5536752034024826,0.5732744500085479,-0.039200614911606424,-0.16275954454119224,0.5066372530171576,0.04079999999999998,0.0
2002-08-06,12.1,12.5,-0.007968169649176845,0.020793972174714105,-0.020467353850540458,0.13377476998231536,-0.03252319170556006,12.709,12.958000000000002,13.687000000000001,1,6,8,12.780969683161242,13.655902551488907,35.1219512195122,-0.622251594218195,-0.7158064238373257,14.603096061824857,11.312903938175147,0.03637892953799124,0.036500137283084495,0.03473560550107058,-37081200.0,-1.0431001810900322,0,0,-1,0,0,0.0,0.3220458144462363,0.44476661383685206,0.5794217164245501,-0.09836065573770492,-0.18021680216802172,2.035946510154362,0.08512396694214872,0.0
2002-08-07,12.34,12.1,-0.028399474521698,-0.05644131090495173,-0.009975145056819509,-0.4235023496508206,0.019640565874546417,12.762,12.869499999999999,13.589,2,7,8,12.700793377131925,13.571005612683173,41.811846689895475,-0.616370720661239,-0.6959192832021084,14.442515541797635,11.296484458202363,0.03660357842060621,0.036088075465507775,0.03457630001294344,-33967800.0,-0.6732292033108437,0,0,-1,0,0,0.004132231404958737,-0.9341475099830042,0.38060665813882216,0.5728804378599905,-0.10644460535843592,-0.12544294826364277,1.9619867332390832,0.03484602917341975,0.0
2002-08-08,13.2,12.34,0.015516848690684155,0.06630107982124007,0.0214884301291991,0.07037518367732536,0.06737081111508332,12.876,12.852,13.526,3,8,8,12.791558217653392,13.547069766703615,54.15282392026579,-0.5361350422828703,-0.6639624350182608,14.400739385503769,11.303260614496232,0.04182898935901129,0.038901421551715235,0.03724006960852169,-30627400.0,0.44939775311106006,0,0,-1,0,0,0.0,-0.6932763810014965,0.7393930270408909,0.6175409224363615,-0.014925373134328401,-0.02583025830258312,1.1554981493420642,0.07727272727272724,0.0
2002-08-09,13.26,13.2,0.05364061830318139,0.018692133012152546,0.05022976911039234,-0.5709963111856091,0.004535155165391363,12.988999999999999,12.825,13.447,4,9,8,12.876729450807321,13.528549136593705,65.74257425742573,-0.46237620546468605,-0.623645189107546,14.32212004229878,11.327879957701219,0.041844403615587444,0.03866682973333785,0.03652554422732123,-28740200.0,0.5811157258065586,0,0,-1,0,0,-0.013636363636363615,-1.6270068678761824,0.6542454457270069,0.6138168927701395,0.03190661478599233,-0.0391304347826088,0.8911365369071022,0.048265460030165956,0.0
2002-08-12,12.72,13.26,-0.005390848634876423,-0.037740327982847086,-0.018046782447073435,0.10211766261071763,-0.041576426845740325,12.959999999999999,12.7795,13.332333333333334,0,12,8,12.84823318702417,13.476384676168305,59.605026929982046,-0.4423956215704994,-0.5873952756001366,14.228136019084692,11.330863980915309,0.03811300017557732,0.03960386087848774,0.03633792618794391,-30830300.0,-0.08214623855286225,0,0,-1,0,0,-0.023378582202111652,-1.3769521632061308,0.7037956000185617,0.6286918010548715,0.01760000000000006,-0.06676449009537788,0.693229410684459,0.029088050314465347,0.0
2002-08-13,12.6,12.72,-0.017134375576231525,0.016781476962003605,-0.00715140115762524,0.3851169035633799,-0.009478743954543883,12.878,12.722,13.238000000000001,1,13,8,12.803099880292503,13.419843729318737,57.14285714285714,-0.43127242197738447,-0.5561707048755862,14.09790697359962,11.346093026400379,0.036316761605090515,0.03953487991213698,0.03563271118075979,-33902300.0,-0.1773375705493022,0,0,-1,0,0,0.0007861635220125619,-0.701729577558192,0.6464263268712347,0.6275967621619054,0.04132231404958686,-0.08363636363636362,0.6162022039723357,0.05396825396825409,0.0
2002-08-14,11.73,12.6,-0.012648389967159062,-0.05041781182138421,-0.12107793155323604,1.4021670694869335,-0.0715471512920482,12.669999999999998,12.612,13.142,2,14,8,12.607990811148412,13.310821553233659,47.31707317073171,-0.4870445884274801,-0.542345481585965,13.931897922687911,11.292102077312089,0.039033190527808265,0.04190353750856884,0.03646510455290849,-46386900.0,-1.3364669870891952,0,0,-1,0,0,-0.0023809523809523304,3.3268912207981733,0.8320209194481485,0.6651980358092415,-0.04943273905996759,-0.15793251974156497,0.697806744095421,0.12446717817561814,0.0
2002-08-15,12.48,11.73,-0.0464063728141558,-0.006384698464669768,0.03363148820912575,-0.6854871204437915,0.06197770027589761,12.578,12.572,13.072666666666667,3,15,8,12.584719754575973,13.257220162702454,52.56222547584187,-0.46536130472396664,-0.5269486462135653,13.854622313855513,11.289377686144485,0.045882494508883986,0.043751324612522305,0.03867725460750383,-40096600.0,-0.14345610396165687,0,0,-1,0,0,0.023017902813299195,0.6878443636747392,0.7980509306708226,0.6945307467263603,-0.05454545454545445,-0.06024096385542166,0.579773890100568,0.08012820512820512,0.0
2002-08-16,12.85,12.48,0.036813973122716184,0.040789968386927625,0.05255446570433655,-0.46036862214553664,0.029216448399947203,12.578,12.5795,13.001000000000001,4,16,8,12.63295252647125,13.230947894141005,48.73417721518987,-0.4135540447884605,-0.5042697259285444,13.867018625312422,11.291981374687577,0.04535119079754175,0.043160302313193274,0.038659725836122975,-36127100.0,0.42018809620616127,0,0,-1,0,0,-0.002403846153846245,-0.23762502872664026,0.8456383882367706,0.6851485585864512,-0.03092006033182504,0.011811023622047223,0.17926462988046965,0.0700389105058366,0.0
2002-08-19,13.15,12.85,0.006405145997260215,0.010703466099359613,0.03329580810695154,-0.10643875836687679,0.023077947282544888,12.643,12.6535,12.941666666666666,0,19,8,12.72696115802193,13.225725449357714,47.82608695652174,-0.34431982068185896,-0.4722797448792073,13.89003633398426,11.41696366601574,0.04467742533889665,0.038734812928352874,0.03899044802181761,-32558400.0,0.8030495932136863,0,0,-1,0,0,-0.024902723735408583,-0.3757689661510495,0.7966191298221199,0.6148960925341876,0.03380503144654079,0.12682090831191095,-0.8721544307084499,0.047908745247148346,0.0
2002-08-20,13.45,13.15,0.05587178352425434,0.029964788701936387,0.02445881295559261,-0.10077243256624775,0.022557347424074527,12.778,12.743500000000001,12.898,1,20,8,12.858422765654305,13.240194775205604,47.058823529411754,-0.262220986174615,-0.4302679931382889,13.933657442039573,11.553342557960429,0.042824059162928675,0.03884262824765456,0.039250594869381,-29331800.0,1.187237881383608,0,0,-1,0,0,0.007604562737642559,-0.47726883496781186,0.7857701748796114,0.6166076076685594,0.06746031746031744,0.15450643776824036,-1.5357359502444023,0.0535315985130112,0.0
2002-08-21,14.85,13.45,0.034127941141991885,0.09161331792299855,0.06560965420653418,0.8274395338129172,0.09902075920086062,13.029,12.895500000000002,12.922666666666666,2,21,8,13.220527717353523,13.344053176805243,60.196905766526015,-0.08322935245896979,-0.3608602650024251,14.334219825693031,11.456780174306973,0.051966913124302086,0.04440964433109028,0.04296611616636266,-21951100.0,2.716998772236309,0,0,-1,0,0,0.019330855018587476,1.244573429083934,0.5599039240351928,0.7049812482773656,0.2659846547314577,0.25740897544453833,1.2526389116580738,0.07744107744107746,0.0
2002-08-22,15.23,14.85,0.07650168719584634,0.02985296314968113,0.04286370443178253,-0.19208904907838353,0.025267301658361833,13.232,13.053999999999998,12.978666666666665,3,22,8,13.585886314198337,13.465727165398453,67.14697406340058,0.08826813096450081,-0.2710345858090399,14.775778761996799,11.332221238003198,0.0490605991839546,0.044466332702856805,0.04240031302825793,-15860300.0,2.5276185861143134,0,0,-1,0,0,-0.0033670033670032953,0.7503021691310594,0.5606292088714627,0.7058811482809061,0.2203525641025641,0.2628524046434495,2.204190916252335,0.06565988181221273,0.0
2002-08-23,14.68,15.23,0.020067563050809173,-0.010512580389087024,0.020761991448429006,-0.825000633937126,-0.036781143720701,13.374,13.1815,13.008,4,23,8,13.784816075253183,13.544067348275973,65.26610644257703,0.1777517076528099,-0.18127732711666994,14.99062627937823,11.37237372062177,0.05168187743428442,0.04577518569881038,0.04295970867117002,-18529500.0,1.6566007769396975,0,0,-1,0,0,-0.008535784635587707,-0.6545806400693496,0.7919132027266375,0.726658545461116,0.14241245136186764,0.21022258862324805,0.5986738752213945,0.03678474114441423,0.0
2002-08-26,14.88,14.68,-0.03025440835780226,-0.012628948172607336,-0.012405396857487741,-0.20723598328337503,0.013532006218576373,13.59,13.275,13.049666666666665,0,26,8,13.983940425207148,13.630256551613009,70.02881844380404,0.26178867847524145,-0.09266412599828766,15.23389872390749,11.31610127609251,0.04833984152271615,0.04341119384855431,0.04290285381102946,-16359900.0,1.6386758339384138,0,0,-1,0,0,-0.002043596730245188,-0.8144189284285499,0.7984510607411262,0.68913133823815,0.13155893536121677,0.1437355880092237,0.7682045314123059,0.03561827956989243,0.0
2002-08-27,14.57,14.88,0.01624951123284137,0.007330922535052213,0.004152255100767288,0.015095661984767084,-0.02105340919783238,13.787,13.332500000000001,13.077,1,27,8,14.09049671153312,13.690885161186364,65.9058487874465,0.29991691853868296,-0.014147917090893539,15.375046140688672,11.28995385931133,0.04915593091619031,0.04347278868365418,0.043124626296235785,-18562500.0,1.2117229328124357,0,0,-1,0,0,0.0006720430107526738,-0.769155055050039,0.8666406060066092,0.6901091259324716,0.0832713754646841,0.08569299552906107,1.1457999990509649,0.039807824296499664,0.0
2002-08-28,14.34,14.57,-0.025162837299267663,-0.03651521297509757,-0.03442559828018057,0.5028945005567097,-0.01591178503563917,14.048000000000002,13.359,13.090666666666667,2,28,8,14.135860945799825,13.732763537884018,58.93416927899687,0.3080240363258362,0.050286473592452405,15.441002072904594,11.276997927095406,0.041192889780943175,0.04332290151817718,0.043209784305659055,-22204500.0,0.9423621741465517,0,0,-1,0,0,-0.0034317089910776053,-0.1855152555815918,0.4049619969086184,0.6877297409450365,-0.03434343434343434,0.038377986965966615,0.328043347881697,0.03695955369595533,0.0
2002-08-29,14.52,14.34,-0.032904613616895166,0.015716073389178766,-0.01005755604404235,-0.2373502505646425,0.012474174225175818,14.251999999999999,13.415000000000001,13.132,3,29,8,14.205704410199857,13.783552987052794,59.692307692307686,0.3252244957166166,0.10527407801728525,15.560914110215302,11.2690858897847,0.038352925254566704,0.042682617618251525,0.04225872784186361,-19332000.0,1.0298641448320902,0,0,-1,0,0,-0.020223152022315144,-0.5017407702611205,0.34570808426539584,0.6775655491389454,-0.04661851608667111,0.08358208955223878,0.05896467676091347,0.061983471074380195,0.0
2002-08-30,14.21,14.52,0.0127300163220061,-0.01296504001728894,0.018598533231375173,-0.25974975664007827,-0.02158106728764067,14.388,13.483,13.182333333333334,4,30,8,14.206485426527156,13.811065697565517,61.88197767145135,0.31026503232516056,0.14627226887886033,15.63969435162145,11.32630564837855,0.03968808378139242,0.04178524443455449,0.0415844034691827,-21547400.0,0.6741799082038917,0,0,-1,0,0,-0.01997245179063355,-0.7418462132508696,0.2839778998407843,0.6633201914752616,-0.03201634877384185,0.10583657587548645,0.5460435227078364,0.031667839549613025,0.0
2002-09-03,13.94,14.21,-0.018440238832890532,-0.02715098906595086,-0.025844941752142258,0.34786583218982026,-0.019183536776631486,14.467000000000002,13.555000000000001,13.258000000000001,1,3,9,14.158033530794945,13.819384039658065,60.43613707165109,0.2734704096415381,0.1717118970313959,15.669247408716217,11.440752591283786,0.040451715347496975,0.041481382494211176,0.03861147252248069,-24684500.0,0.364195787506035,0,0,-1,0,0,-0.016889514426460254,-0.3494332697518808,0.2283534311679879,0.6584965327129859,-0.06317204301075274,0.11519999999999997,2.1128330327535636,0.030129124820659967,0.0
2002-09-04,14.29,13.94,-0.0275779451058182,0.009132483563272474,-0.02205971806473222,0.3890852607012699,0.024797586609398247,14.550999999999998,13.664499999999999,13.346,2,4,9,14.182027434286772,13.849746359680125,71.69491525423726,0.26944646982227205,0.19125881158957111,15.686281132409858,11.642718867590139,0.040560493988224526,0.04066595786549847,0.03872147493398184,-20055300.0,0.6187613386760976,0,0,-1,0,0,-0.02510760401721662,0.2513412731058655,0.3354100244339803,0.6455520680300398,-0.019217570350034352,0.18099173553718995,0.7654735369791037,0.05948215535339409,0.0
2002-09-05,13.97,14.29,0.03043713218586323,-0.017637141486106844,0.014760415583120674,-0.4117820020987567,-0.02264781867290546,14.463,13.746,13.418000000000001,3,5,9,14.143476991689177,13.857504659055603,63.61974405850091,0.2376961298519369,0.20054627524204427,15.672124005408426,11.819875994591575,0.022584683561704195,0.041173697616966,0.03908245962582687,-23122000.0,0.23259146282484758,0,0,-1,0,0,-0.019594121763470914,-0.3743309362755912,0.3532223944465177,0.6536121867087888,-0.025801952580195242,0.13209076175040524,0.7723992583817162,0.028632784538296374,0.0
2002-09-06,14.08,13.97,0.002851035430839306,0.009915095392196444,0.01814931850567727,-0.45369619553831086,0.007843177461025879,14.348000000000003,13.790000000000001,13.485333333333333,4,6,9,14.131935720472962,13.871859197181049,61.8042226487524,0.2188866483384082,0.20421434986131706,15.703772796282136,11.876227203717866,0.02043631776192787,0.038451079294106794,0.03898378057784484,-21173800.0,0.30306627888470233,0,0,-1,0,0,0.005726556907659275,-0.7828153333558463,0.33987172102519764,0.6103919607253895,-0.030303030303030276,0.06666666666666665,0.9464289303873679,0.02059659090909085,0.0
2002-09-09,14.32,14.08,-0.004994658974090647,0.01260520891898219,-0.01376334656242301,-0.26739176673999354,0.016901810802603254,14.312000000000001,13.842999999999998,13.558333333333334,0,9,9,14.166129225841512,13.900771507040337,61.359223300970875,0.22080073947921974,0.2075316277848976,15.75368023158468,11.932319768415317,0.019072956394402776,0.03856316790736977,0.03903684030699902,-19682700.0,0.49929861848666074,0,0,-1,0,0,-0.007102272727272702,-0.9486345056937334,0.33959197537038377,0.6121713122983652,0.007741027445461013,0.07993966817496223,-0.2693422967809058,0.04608938547486022,0.0
2002-09-10,14.27,14.32,0.017021687569430743,0.006934840552458953,0.01878667969464751,0.10682145587840111,-0.0034977300437545387,14.251000000000001,13.9205,13.600333333333335,1,10,9,14.185014821143056,13.92459270013451,58.36734693877552,0.2157955318034528,0.20918440858860865,15.763946143561183,12.077053856438818,0.018233073923977265,0.03713493330683973,0.03700074250711486,-21341900.0,0.3791811344429434,0,0,-1,0,0,-0.0069832402234636624,-0.8681785126320423,0.2948581424999491,0.5894987908972041,0.023672883787661414,0.12185534591194958,-0.6863834643878254,0.0350385423966363,0.0
2002-09-11,14.25,14.27,0.018809331957496074,0.0020711087831360984,0.015625317903080815,-0.19232806087379636,-0.0014025247740854356,14.219,14.003,13.628000000000002,2,11,9,14.196830308207954,13.945586719480671,41.477272727272734,0.2078194228631407,0.20891141144351508,15.742365885663679,12.263634114336321,0.017252072819565093,0.03699775409476175,0.03663489777028898,-22710800.0,0.28401154930752676,0,0,-1,0,0,0.015416958654520018,-0.9277661808790654,0.23371701331501119,0.5873211384159673,-0.002799160251924393,0.13095238095238093,-0.6008541936227605,0.021754385964912314,0.0
2002-09-12,13.8,14.25,-0.045173523699243524,-0.031526253646773895,-0.03149866705937093,0.16290967789547442,-0.03208831455150051,14.165000000000001,14.1065,13.627666666666666,3,12,9,14.124679343079235,13.936194027901275,30.08356545961003,0.16330458625334643,0.19979004640548137,15.485367193330152,12.727632806669849,0.019252601171623994,0.03376149991786543,0.036799413241229637,-24321900.0,-0.4445678329031248,0,0,-1,0,0,-0.028070175438596516,-0.9742698106260422,0.29025188667001156,0.5359471960271972,-0.012168933428775897,0.17647058823529416,-1.1428089543280615,0.02173913043478266,0.0
2002-09-13,13.85,13.8,-0.025595547188963768,-0.013615402017997734,-0.04919024419077178,0.6197265100584612,0.003616640470188515,14.098000000000003,14.175,13.642666666666665,4,13,9,14.074737644337555,13.930633122875388,36.569579288025885,0.13055587282683057,0.1859432116897512,15.331901487868196,13.018098512131806,0.01861341139646501,0.03115967243874395,0.03635323751144594,-21327800.0,-0.56184559084434,0,0,-1,0,0,-0.02173913043478266,-0.0661379409330134,0.2823153864688311,0.4946444652429,-0.016335227272727293,0.10977564102564097,-1.0654525043157568,0.05559566787003607,0.0
2002-09-16,13.91,13.85,0.021978906718775382,0.003601012173594375,0.02340612703505706,-0.5716193424074615,0.0043227733020040965,14.068000000000001,14.228,13.678,0,16,9,14.044785345367089,13.929301953657621,33.55932203389828,0.10819655748894341,0.17039388084958965,15.21378528675316,13.24221471324684,0.017792537685438186,0.03064423828941116,0.035444794612150346,-19637300.0,-0.6451709196175629,0,0,-1,0,0,-0.0036101083032490204,-0.8320757980908795,0.23554247651096075,0.48646220178471183,-0.02863128491620115,0.08249027237354101,-1.965873771962255,0.03666427030913011,0.0
2002-09-17,14.25,13.91,0.03559094510270253,0.03253469415558192,0.030138260464335074,0.9872196162768638,0.02414890077930791,14.099,14.283000000000001,13.736333333333334,1,17,9,14.08209710075489,13.94999215019584,44.63087248322147,0.11656807330696317,0.15962871934106437,15.128274169162111,13.437725830837891,0.018468065869390433,0.03068087460580919,0.035167143836842524,-15100400.0,-0.07808117461512637,0,0,-1,0,0,0.028037383177570135,0.9501709736685556,0.3203027684370865,0.48704378527756786,-0.0014015416958653715,0.08365019011406849,-0.8213585425717326,0.039298245614035,0.0
2002-09-18,13.78,14.25,-0.02120220765060305,-0.023232301493268537,-0.015323174679194442,-0.43915462800564364,-0.033538641129147034,14.048000000000002,14.2995,13.792333333333334,2,18,9,14.027170355163092,13.939024914699335,41.30434782608694,0.08430566463666977,0.14456410840018546,15.08723425922576,13.51176574077424,0.019616741260085998,0.03145098166383337,0.03520319236963137,-18024800.0,-1.3189727218684166,0,0,-1,0,0,-0.017543859649122806,-0.05715753537619652,0.39745953878599155,0.4992688558281333,-0.03298245614035089,0.024535315985130035,-0.0774610504266108,0.03193033381712623,0.0
2002-09-19,13.75,13.78,-0.03267078228954871,-0.0071479932652871725,-0.008121122522341782,-0.1705730329847084,-0.00217944147293216,14.026000000000002,14.244499999999999,13.839333333333334,3,19,9,13.976775745133438,13.926829758912282,37.459283387622136,0.05567493801878598,0.12678627432390557,15.023959326780636,13.465040673219361,0.018455272912227073,0.02020169413391925,0.03511114294565463,-20490600.0,-1.2688282326222389,0,0,-1,0,0,-0.016690856313497725,-0.25095510134121096,0.32921951859007337,0.32069195244325627,-0.0036231884057971175,-0.07407407407407407,-0.8551411788486419,0.032727272727272674,0.0
2002-09-20,13.84,13.75,0.015379285179487707,-0.0007176175406635067,-0.005947972926077309,0.19759486633953025,0.006524126076943294,14.001999999999999,14.175,13.860666666666667,4,20,9,13.95190742783645,13.921227838982459,43.50877192982454,0.039788472001712094,0.10938671385946688,14.820910210478255,13.529089789521747,0.018385491936199344,0.019173858997928464,0.032870773302642646,-17486100.0,-1.0372958797228342,0,0,-1,0,0,0.0007272727272727117,0.4201981862338614,0.3321946971391524,0.304375575491621,-0.0007220216606498298,-0.09126723571897577,-0.9591129872062197,0.03757225433526008,0.0
2002-09-23,13.51,13.84,-0.001454545710994324,-0.013733500997511047,-0.020339684237122672,-0.0703846104929305,-0.024132798217415985,13.921000000000001,14.116500000000002,13.869,0,23,9,13.871560622775277,13.89469701066101,42.61168384879725,0.0005635943871737936,0.08762208996500827,14.781481994216117,13.451518005783887,0.018333652189431532,0.018288318943384816,0.03320470209747604,-20286400.0,-1.8241095406348495,0,0,-1,0,0,-0.007225433526011535,0.19268168442405073,0.3675592272050145,0.2903180629297666,-0.02875629043853345,-0.07970027247956402,0.07933105364246247,0.04441154700222055,0.0
2002-09-24,12.5,13.51,-0.043889528170429695,-0.030294152603586033,-0.055548107533844794,0.10167555719218534,-0.07770150766385199,13.744,13.997500000000002,13.861666666666668,1,24,9,13.622185964088864,13.804716558360301,24.9299719887955,-0.11074437063147613,0.04794879784571139,14.89748537999825,13.097514620001755,0.028456976228750513,0.023690134532119423,0.035205808334153765,-23386400.0,-3.327831836563654,0,0,-1,0,0,-0.026646928201332305,0.4657897614953523,0.5055025246933157,0.376069226985909,-0.1228070175438597,-0.15994623655913986,-0.9682425403135883,0.07200000000000002,0.0
2002-09-25,13.27,12.5,-0.04670109304598061,0.0022480339178823487,0.008810629682154906,-0.001549587086934397,0.059777204035860586,13.646,13.9325,13.883999999999999,2,25,9,13.558152152436342,13.770218715885443,41.29353233830844,-0.1352649201972973,0.01130605423710965,14.8460673282019,13.0189326717981,0.036959720001616576,0.028162587316162783,0.036896682947913886,-20291200.0,-1.4503583469954964,0,0,-1,0,0,0.0040000000000000565,0.41342727403726737,0.7852123055498527,0.44706721388825216,-0.037010159651669094,-0.08922443376801648,-0.014966977484004836,0.06179351921627734,0.0
2002-09-26,13.85,13.27,0.05049616401453223,0.038183786970158805,0.04673747785168984,-0.3910152179271052,0.04277938428923134,13.651,13.908000000000001,13.954666666666668,3,26,9,13.611215397447916,13.77536589550574,47.43875278396436,-0.10666689013977937,-0.012288534638268152,14.801617132192211,13.014382867807791,0.038896149318961334,0.02996769809945306,0.0350673095279122,-18197700.0,-0.12980950769759014,0,0,-1,0,0,-0.005275056518462719,-0.5965723473427774,0.864765687125138,0.47572245921729467,0.0072727272727273196,-0.03417015341701535,-0.5369413562837697,0.05342960288808666,0.0
2002-09-27,12.73,13.85,0.0408219945202552,0.0043134502537193475,-0.03800379788293524,0.3536898385351008,-0.08432382006403227,13.538999999999998,13.8185,13.963,4,27,9,13.45099441609375,13.707922934505369,35.19553072625699,-0.17239017838372028,-0.04430886338735858,14.807497897927657,12.829502102072343,0.04667360292038806,0.034613951974863555,0.03676202572448457,-21179500.0,-2.201218025398919,0,0,-1,0,0,-0.007220216606498169,0.3748814106960328,1.0440369104129916,0.5494794529117322,-0.0802023121387283,-0.12327823691460049,0.20980081253723895,0.1013354281225451,0.0
2002-09-30,13.06,12.73,-0.09371145844062784,-0.0652082814840928,-0.02887129159558585,-0.22215470508301077,0.02559271127896981,13.453999999999999,13.761,13.969999999999999,0,30,9,13.379904522258522,13.666121454859862,39.29203539823009,-0.19559343637103943,-0.07456577798409475,14.78718147569165,12.734818524308348,0.04776330101251735,0.035119394219748745,0.03666920774948426,-18791700.0,-1.3662300803618042,0,0,-1,0,0,-0.016496465043205094,-0.28849820265202086,1.076258996810255,0.5575030998041667,-0.033308660251665345,-0.08092892329345536,-0.4576360346960389,0.05895865237366013,0.0
2002-10-01,13.43,13.06,0.044521214249856104,0.030910866573987714,0.0468897970982642,0.21721260488975766,0.027936886686861073,13.372,13.735499999999998,13.979333333333333,1,1,10,13.38901279093879,13.65088781261084,43.16666666666666,-0.1820279725563072,-0.09605821689853725,14.768278062468333,12.702721937531663,0.04804675815998929,0.035619211821072326,0.03678418210758147,-15824600.0,-0.5916082285285081,0,0,-1,0,0,0.0022970903522204714,0.36155725622486573,0.886714187433009,0.5654374582481368,0.07440000000000002,-0.03658536585365857,-1.8652660168668969,0.04393149664929262,0.0
2002-10-02,12.44,13.43,0.02340612703505706,0.0007421150618882715,-0.0347586333651743,0.1242368744504264,-0.07657392322411284,13.238,13.643,13.945666666666666,2,2,10,13.216465010768099,13.572766018248851,39.60244648318041,-0.2482997262905613,-0.12650651877694208,14.791566154179366,12.494433845820636,0.05224020138346015,0.03850798946355299,0.038997590539134236,-19184200.0,-2.0947857389364377,0,0,-1,0,0,-0.0022338049143707643,0.9861354673074525,0.9629029537594763,0.6112953816579406,-0.06254709871891484,-0.12946116165150456,-0.5572796653804936,0.08360128617363352,0.0
2002-10-03,12.54,12.44,-0.0727311935975586,-0.03625774802262425,0.0016064260482737947,-0.25335331249631055,0.008006447893741282,13.116999999999999,13.5715,13.868666666666666,3,3,10,13.093471372446626,13.506135952555377,40.0606980273141,-0.28941520598217885,-0.15908825621798944,14.808955368679511,12.33404463132049,0.05248613765126828,0.03843517979019544,0.03356316283227367,-16576500.0,-1.667130833333756,0,0,-1,0,0,0.0016077170418007517,0.0679209706398958,0.8625404570845308,0.6101395639254771,-0.09458483754512637,-0.1023622047244096,-0.5281886558010016,0.04306220095693773,0.0
2002-10-04,12.48,12.54,0.034703798008319305,-0.007722046093910278,-0.028491955794306273,-0.22154380386719133,-0.004796172263492944,12.981,13.491499999999998,13.777,4,4,10,12.981931122910876,13.439933633035675,39.150227617602425,-0.3231163344473238,-0.1918938718638563,14.795619384267065,12.187380615732932,0.05226137108375114,0.038321839929469616,0.03306092698508043,-18666000.0,-1.5512383485787629,0,0,-1,0,0,0.028708133971291964,-0.6051941197096351,0.6613972846253972,0.6083403494148097,-0.01963864886095834,-0.11363636363636365,-1.6839859088521363,0.06330128205128212,0.0
2002-10-07,12.14,12.48,-0.03309994842634484,-0.007782140442054963,-0.009958588525577955,0.14104081464665402,-0.027621577309929417,12.844,13.382499999999999,13.692333333333334,0,7,10,12.828852736927079,13.356066947033375,33.99089529590289,-0.3729606221684776,-0.22810722192478056,14.757538755434704,12.007461244565294,0.052379318522652235,0.038242147363700324,0.03282186985762059,-21072000.0,-1.807221789333775,0,0,-1,0,0,0.0,-0.2720564966616811,0.6201113421476988,0.6070752691526125,-0.07044410413476265,-0.1522346368715084,-0.9102257687257609,0.06672158154859971,0.0
2002-10-08,12.22,12.14,-0.027621577309929417,-0.03659915244832979,-0.00753456892193917,-0.14574196501074893,0.006568168112097169,12.815999999999999,13.280000000000001,13.603666666666667,1,8,10,12.718152239303974,13.282772305289287,37.41935483870968,-0.40138038466034054,-0.2627618544718926,14.681848403847034,11.878151596152968,0.04715298727345318,0.038364218659307274,0.03270336807676368,-18992300.0,-1.5122890564929663,0,0,-1,0,0,0.0,-0.7652433868595481,0.5410581489203342,0.6090130908949851,-0.09009679821295602,-0.14365802382620874,-1.4291106810859844,0.03600654664484448,0.0
2002-10-09,11.6,12.22,-0.0008240626753934267,-0.009772064733792378,-0.03332217738369242,0.33568884987673375,-0.05206885563113044,12.649,13.147499999999999,13.504666666666667,2,9,10,12.514851832157797,13.174206350109333,34.16789396170839,-0.4685311343658132,-0.3039157104506767,14.659903106944304,11.635096893055694,0.043778820841291366,0.039552235404941426,0.033613590305673166,-21901600.0,-2.0464120880134984,0,0,-1,0,0,-0.007364975450081821,0.3118287342541997,0.3983543829007268,0.6278722720689546,-0.067524115755627,-0.18596491228070178,-0.9097692107584078,0.06120689655172421,0.0
2002-10-10,12.45,11.6,-0.0403755429442492,0.021854370394037002,-0.024627453983439358,0.047097932059273935,0.07071552479839767,12.509,13.079999999999998,13.441666666666666,3,10,10,12.503060589947287,13.1274833597797,40.79470198675496,-0.44799646664940695,-0.3327318616904228,14.590287529264767,11.56971247073523,0.048715277203394886,0.04324543186366893,0.03661134193579586,-18852000.0,-0.8342782255597283,0,0,-1,0,0,0.004310344827586268,0.45030602840801476,0.7424788727268351,0.6864999483051389,-0.0071770334928229484,-0.09782608695652184,1.0507147939037693,0.10120481927710842,0.0
2002-10-11,13.0,12.45,0.08944047013230778,0.0552885054548388,0.11669408836271518,-0.11680797340867471,0.043228734550820214,12.536,13.0375,13.391,4,11,10,12.59341320995687,13.119258626890685,46.71814671814671,-0.3829280350579296,-0.3427710963639242,14.50375014021628,11.57124985978372,0.04420629374659928,0.0445639071610745,0.03754896516698483,-16138600.0,-0.05115089024914699,0,0,-1,0,0,0.023293172690763128,-0.08247717444452445,0.803837237666812,0.7074300947854414,0.04166666666666674,-0.06137184115523464,0.133976901864423,0.04461538461538462,0.0
2002-10-14,12.81,13.0,0.0023520199004305954,0.0,0.0031645596029631616,-0.502835712365626,-0.01472324155289383,12.511,12.982499999999998,13.344333333333333,0,14,10,12.632792626328346,13.099306457413867,52.230215827338135,-0.34274133754258074,-0.34276514459965557,14.39238801346999,11.572611986530006,0.04372526356977581,0.04461893564888749,0.03745543451414572,-17779700.0,-0.24470028591199033,0,0,-1,0,0,-0.017692307692307726,-1.8424034201699027,0.7721298453759811,0.708303644948104,0.05518945634266892,-0.07907979870596693,0.017702837635306792,0.04215456674473061,0.0
2002-10-15,13.7,12.81,0.03311815954787727,0.0408219945202552,0.028039220064392908,0.7890056226910616,0.06716971692543622,12.538,12.955000000000002,13.336333333333332,1,15,10,12.826830330632282,13.1380608795162,53.041018387553045,-0.23635299803576615,-0.3214827152868777,14.279672750054477,11.630327249945527,0.04847694151922509,0.04714952260284755,0.039557424166016555,-14167300.0,1.1248061077263953,0,0,-1,0,0,0.030444964871194285,1.836283631765425,0.868741749953254,0.7484754674553208,0.12111292962356779,-0.038596491228070184,-0.6722983650766012,0.05328467153284675,0.0
2002-10-16,13.3,13.7,0.02616971773338482,-0.004373184812222763,-0.0015372793188863669,0.06203705602646907,-0.029631797606371,12.624,12.931000000000001,13.303333333333335,2,16,10,12.91286117960823,13.148508564708703,46.008708272859224,-0.1822156608377128,-0.29362930439704477,14.209319620686324,11.652680379313678,0.04229420045190034,0.047021394499463395,0.039620002068826814,-18010900.0,0.5773204041128395,0,0,-1,0,0,-0.010948905109488948,1.972089134225497,0.7578960569687017,0.7464414968702436,0.14655172413793105,-0.03483309143686497,-0.4332941133666766,0.05187969924812026,0.0
2002-10-17,14.48,13.3,0.018282044837449073,0.05886137009629261,0.05608946665104358,-0.06597570700059373,0.08500435172986213,12.818000000000001,12.967500000000001,13.320333333333334,3,17,10,13.19779551058855,13.234411237953303,62.58992805755396,-0.04359278228267982,-0.24362199997417178,14.379029592135332,11.55597040786467,0.049492109041834154,0.05108953190907356,0.042686779026582876,-14412700.0,2.1430652370694174,0,0,-1,0,0,0.03759398496240601,1.358437072967881,0.8205685900177817,0.8110211761806457,0.16305220883534144,0.05309090909090908,-0.2544077318989893,0.053176795580110466,0.0
2002-10-18,13.95,14.48,0.014388737452099452,-0.03219312301413112,-0.003642991278501092,0.17368282720212014,-0.037288878690195794,12.965,12.972999999999999,13.316,4,18,10,13.334559963208815,13.280578254859543,56.22377622377621,0.02323246766536613,-0.1902511064462642,14.399620592795968,11.54637940720403,0.05190951592029806,0.05187387156766997,0.043247168544138175,-18693400.0,1.3696704014137673,0,0,-1,0,0,-0.03314917127071826,2.116856504478961,0.9355977456643327,0.8234721822609541,0.07307692307692304,0.007947976878612595,0.589046569353992,0.025806451612903313,0.0
2002-10-21,14.5,13.95,0.0,0.0376876423317719,0.010889399799268317,0.10137191438384238,0.03866914115915412,13.200999999999999,13.022499999999999,13.322000000000001,0,21,10,13.546458151716303,13.359250625513766,57.298772169167805,0.1191983191327477,-0.12836122133046182,14.58937923156695,11.455620768433048,0.05051705704667231,0.052164227758350896,0.04373107745759754,-13956000.0,1.8859143324306284,0,0,-1,0,0,0.0035842293906810548,2.2558387214768834,0.9039285042972854,0.8280814438939728,0.1319281811085089,0.07327905255366396,-0.21748121243226884,0.05172413793103448,0.0
2002-10-22,14.8,14.5,0.021202207650603124,0.02902667505059233,0.025660709475661906,-0.22571154372162563,0.0204785313435407,13.459,13.1375,13.339666666666666,1,22,10,13.774374851404248,13.452202198061267,67.77108433734941,0.21695847832647708,-0.05929728139907405,14.871602224874831,11.403397775125168,0.05032699948848764,0.0487534879859151,0.04386159914126777,-10175800.0,1.9174186805740374,0,0,-1,0,0,-0.013793103448275813,0.9603326617951626,0.8197756918205128,0.7739376285462398,0.08029197080291972,0.18400000000000016,0.4242395873747138,0.055405405405405304,0.0
2002-10-23,14.96,14.8,0.02962669320867732,-0.0019980026626729977,0.034581592504336775,-0.31461870494940186,0.010752791776261915,13.794999999999998,13.222,13.363333333333333,2,23,10,13.98994306023984,13.549479475605702,68.05970149253733,0.3038422671155647,0.013330628303853703,15.138406725317504,11.305593274682495,0.0440207263094872,0.047200932737909436,0.04388419945702772,-7416000.0,1.813811209321502,0,0,-1,0,0,-0.004729729729729749,-0.2931947322305926,0.7223587579862559,0.7492915780487727,0.12481203007518804,0.12735493594574243,0.15364169580232043,0.019385026737967857,0.0
2002-10-24,14.86,14.96,0.01816397062767112,0.03472343605838552,0.00474738090670955,0.6047645405410579,-0.006706933256718217,14.036000000000001,13.272499999999999,13.398666666666667,3,24,10,14.148135231105321,13.634029186856948,67.65578635014836,0.3604738136925949,0.08275926538160196,15.308108017276425,11.236891982723574,0.04181027496433719,0.04648178471958979,0.043449740644577586,-12468700.0,1.5597305439227165,0,0,-1,0,0,0.0026737967914437933,2.135059082603697,0.4580966912234452,0.7378754571748605,0.026243093922651894,0.0729241877256317,-0.5897842018423882,0.05047106325706595,0.0
2002-10-25,15.65,14.86,-0.0006668889877037677,0.008336053402061484,0.008757213256591479,-0.3906038919651728,0.05179787769654917,14.300999999999998,13.4185,13.458666666666666,4,25,10,14.421201552722534,13.764091819962951,74.40890125173851,0.4637552383476162,0.15895845997480482,15.694898586872661,11.142101413127339,0.04251127204885099,0.04305408220734305,0.0443903711296835,-9049800.0,1.960552965432698,0,0,-1,0,0,0.008748317631224817,0.28376107563816527,0.3734352997343423,0.6834623666805633,0.12186379928315416,0.22937941869599365,0.02236899725268553,0.04792332268370607,0.0
2002-10-28,15.4,15.65,0.04818640495568007,0.012059809760632532,0.030385428773857352,-0.11335793490847948,-0.016103407566578735,14.559999999999999,13.535500000000003,13.508333333333333,0,28,10,14.599164906772982,13.86963428319115,71.6032608695652,0.5194457535235149,0.23105591868454683,15.969405027771339,11.101594972228666,0.042634515935967725,0.04332114625470297,0.044555967796614505,-12102300.0,1.5321057960156084,0,0,-1,0,0,0.005111821086261985,-0.16577735573503033,0.4275948934989175,0.6877018770012077,0.0620689655172415,0.1791730474732005,0.8207128681488801,0.031168831168831197,0.0
2002-10-29,14.72,15.4,-0.025758024186463665,-0.023620632161708507,-0.05139602883621366,-0.22642493243738726,-0.04516039611885331,14.662,13.6,13.524,1,29,10,14.62113492372335,13.924496587501398,71.02425876010781,0.5029132995613441,0.2854273948599063,16.089861547619837,11.110138452380161,0.04294164467275472,0.04464460173439201,0.04524458744532226,-14536300.0,0.899648417054077,0,0,-1,0,0,-0.0045454545454545634,-0.8258023685926468,0.5718763634128594,0.708711081424345,-0.005405405405405461,0.09605361131794488,0.6229580436565878,0.059782608695652224,0.0
2002-10-30,14.74,14.72,-0.03383407301578187,-0.03216555604707474,-0.0048060511320992825,0.09523547767901462,0.0013577734604602887,14.806000000000001,13.715,13.556000000000001,2,30,10,14.642746755773649,13.977109710888406,67.37481031866464,0.4858247581429893,0.3255068675165229,16.19169984157613,11.23830015842387,0.041044386245845846,0.040603962446201194,0.044758949580227345,-11859100.0,0.8277143501957086,0,0,-1,0,0,0.006793478260869541,-0.5120755987231299,0.5639090249161396,0.6445679212587253,-0.014705882352941235,0.184887459807074,0.9025076230596742,0.031207598371777532,0.0
2002-10-31,14.6,14.74,0.010738358221132692,0.009296215685758169,-0.0020668281556627667,-0.2680054260857708,-0.009543358046899859,14.818000000000001,13.818000000000001,13.584333333333335,3,31,10,14.634974618360257,14.017296181153672,62.944983818770226,0.455731744118431,0.35155184283690455,16.260049182659184,11.375950817340819,0.030896510088870306,0.040821100654512624,0.0448092954893903,-13906900.0,0.6404457416770509,0,0,-1,0,0,0.01628222523744913,-1.1486748979007915,0.5655885327034637,0.6480148834546584,-0.01749663526244949,0.16427432216905902,0.9709478555039257,0.0431506849315069,0.0
2002-11-01,14.79,14.6,-0.06409358230931861,-0.010631329368727621,-0.032950755312159144,0.48809636235218956,0.012929748008417705,14.901999999999997,13.9335,13.616000000000001,4,1,11,14.663161051385664,14.06714804043408,66.01941747572815,0.44211776738559116,0.3696650277466419,16.32712552582788,11.539874474172118,0.027988959539920616,0.04071217488948796,0.04484263230228017,-10570600.0,0.7156507906171006,0,0,-1,0,0,-0.03767123287671226,0.18447112592361153,0.3419190974197582,0.646285740540922,-0.054952076677316386,0.18509615384615374,-0.8568214986138508,0.06355645706558495,0.0
2002-11-04,14.87,14.79,0.06742580798512826,0.02311096588090824,0.05207702140568604,0.14598610567482284,0.005394483749355384,14.938999999999998,14.069999999999999,13.661333333333333,0,4,11,14.700768132951906,14.118944941051238,60.893854748603346,0.43279493356486753,0.38229100891028706,16.341220399975136,11.79877960002486,0.025456627056109394,0.03981440607552133,0.04455167453166712,-6709900.0,0.7044670785880205,0,0,-1,0,0,0.01622718052738338,0.6951636924088385,0.3559345541855894,0.6320341024414113,-0.034415584415584455,0.22487644151565056,-1.5584292152952455,0.036314727639542764,0.0
2002-11-05,15.2,14.87,-0.0019980026626729977,-0.007863736460214576,0.0013522652500137541,-0.6060581004738081,0.02194966738016696,14.979000000000003,14.219,13.751333333333331,1,5,11,14.791537563324285,14.188690428725351,67.92452830188677,0.446883369362709,0.39520948100077147,16.366849842835503,12.071150157164496,0.025578020303304243,0.03987764623928294,0.04207700493363288,-4603900.0,0.913471677987437,0,0,-1,0,0,0.008742434431741814,-1.287769311651523,0.1898705817336319,0.6330380089185168,0.032608695652173836,0.24386252045826495,-0.02014877144619613,0.02631578947368412,0.0
2002-11-06,15.9,15.2,0.009950330853168092,0.04502368137395511,0.0067340321813441194,0.4193286771584455,0.04502368137395511,15.072999999999999,14.434000000000001,13.839,2,6,11,14.993076188174413,14.299097497839846,64.73029045643152,0.508669085507881,0.4179014019021934,16.32330953692503,12.544690463074973,0.028980860590864018,0.03771447929386775,0.04147783327606796,-1400800.0,1.5518896944605571,0,0,-1,0,0,-0.0032894736842104563,-0.0648675192469267,0.328331473213039,0.5986987982272138,0.07869742198100416,0.3706896551724139,0.5883957772435883,0.06289308176100629,0.0
2002-11-07,15.3,15.9,0.03883983331626396,-0.0037807228399060443,0.023218290102007086,0.015458556620985131,-0.03846628082779605,15.117,14.5765,13.887333333333332,3,7,11,15.048880517597247,14.36367185281792,63.80368098159509,0.5034166513138398,0.43500445178452274,16.253756845660753,12.899243154339246,0.0320499724138293,0.03709068059771167,0.041648974240969285,-4653800.0,0.8627181959301874,0,0,-1,0,0,-0.009433962264150966,-0.019827234395024592,0.4865146552134556,0.5887963009180418,0.047945205479452024,0.2289156626506026,-0.8361070604106546,0.03856209150326796,0.0
2002-11-08,15.03,15.3,-0.02247285585205863,-0.02492938304252536,-0.02388965635750303,-0.5620164538878641,-0.017804624633506707,15.055000000000001,14.678,13.964,4,8,11,15.045447696215929,14.406660765539344,55.74837310195226,0.47202609288473063,0.44240878000456435,16.191234249789808,13.164765750210195,0.027299905280788198,0.03675500712606411,0.038692928537243175,-6508200.0,0.4652286981330123,0,0,-1,0,0,0.006535947712418277,-1.4790672731074017,0.5211608861779907,0.583467649751835,0.016227180527383478,0.1561538461538461,0.023791227743684112,0.03725881570192939,0.0
2002-11-11,14.85,15.03,-0.02365419089788983,-0.005191445793250025,-0.00809175015262928,-0.085345967158889,-0.01204833851617448,15.0,14.780000000000001,14.023666666666667,0,11,11,15.009911751449394,14.435263296794872,50.5567928730512,0.4276941614330383,0.43946585629025914,16.011943265952777,13.548056734047226,0.027128876794948013,0.03667452351655702,0.03864776157818625,-8210900.0,0.11364159687314986,0,0,-1,0,0,0.0006653359946772979,-1.6555183068940371,0.5319752381537204,0.5821900120595994,-0.0013449899125755893,0.15925058548009363,0.5011423878517928,0.04040404040404038,0.0
2002-11-12,14.91,14.85,-0.013387080782459296,-0.0163991867991175,0.0013531801794200435,-0.1560416229716962,0.004032263527938451,15.019,14.8405,14.073,1,12,11,14.991745978458594,14.465891471195203,49.43052391799543,0.39287348395455446,0.43014738182311824,15.963118649221109,13.717881350778892,0.023036313550243055,0.03370388015206165,0.03839586095603892,-6754200.0,0.12381764733415038,0,0,-1,0,0,-0.000673400673400659,-1.6682166943672163,0.4992517614702074,0.5350325106016857,-0.019078947368420973,0.08832116788321165,1.0445105073738186,0.02213279678068411,0.0
2002-11-13,14.86,14.91,-0.0006740815893937023,0.011180649189584028,-0.016360283105206798,0.3983692152911744,-0.00335908948703404,15.031,14.9185,14.153666666666668,2,13,11,14.967792164193394,14.491317827892289,50.0,0.35712653169700204,0.41554321179789505,15.775895689527962,14.061104310472038,0.02308813815394768,0.03281679061695371,0.03551339022064877,-8923800.0,-0.13645974831575722,0,0,-1,0,0,-0.005365526492287061,-0.864940827847045,0.25316953109921314,0.5209504007984246,-0.06540880503144664,0.11729323308270656,-0.8595210666130071,0.049798115746971634,0.0
2002-11-14,15.25,14.86,0.011398044952369318,-0.0026195168875502465,0.025111601158113183,-0.31699139745744354,0.025906463763807574,15.096,14.956999999999999,14.244,3,14,11,15.019102679794594,14.540265064802465,44.9238578680203,0.356160953356218,0.40366676010955965,15.800528928153419,14.113471071846579,0.024021623698910595,0.026990742120905405,0.035694961221724546,-7343600.0,0.6947005377549086,0,0,-1,0,0,0.009421265141319015,-1.2975080125952534,0.2714684691545954,0.4284647481179505,-0.0032679738562092497,0.05317679558011057,1.064955161252581,0.021639344262295086,0.0
2002-11-15,15.17,15.25,0.0006664445431604468,-0.0006559527949203843,-0.006050438625774013,0.2901312919014636,-0.005259709692979729,15.134,15.018,14.333666666666668,4,15,11,15.046538556195575,14.580893125137791,46.94960212201591,0.3449638654441376,0.39192618117647526,15.719385095815172,14.31661490418483,0.024007023768098514,0.025439138389573877,0.035700376712794586,-9455700.0,0.4334280865302403,0,0,-1,0,0,-0.0157377049180328,-0.709173286250769,0.23390760637290284,0.40383380247941186,0.009314703925482393,0.08745519713261651,1.4518838805157737,0.027027027027027035,0.0
2002-11-18,15.55,15.17,0.01586285740805008,0.020779968491745435,0.02727139410865958,-0.04820560895314437,0.024740845264802316,15.202000000000002,15.0705,14.447333333333331,0,18,11,15.138077000523651,14.643416149322452,61.95965417867434,0.3625733963911486,0.38605562421941,15.765791684342524,14.375208315657474,0.025026130761004337,0.024589381114962502,0.035237681845588946,-7443000.0,1.3792772466520193,0,0,-1,0,0,0.00527356624917601,-0.7392638340033701,0.24264143681433878,0.39034432393907353,0.047138047138047146,0.07241379310344831,0.395645124078751,0.02057877813504825,0.0
2002-11-19,15.03,15.55,0.009788006366162944,-0.009686869418221174,-0.019212250421804897,0.11875968714395196,-0.03401243486036015,15.184999999999999,15.081999999999999,14.541,1,19,11,15.118426636792076,14.668357042914552,53.65239294710325,0.3307566654078542,0.37499583245709883,15.76596983620784,14.398030163792157,0.026838809648771646,0.02558975217054598,0.03607518590595595,-9709500.0,-0.15205348904947344,0,0,-1,0,0,-0.00964630225080388,-0.39539935173549184,0.3933688867550417,0.4062247221302399,0.008048289738430636,0.015540540540540437,-0.4779067255070987,0.030605455755156413,0.0
2002-11-20,15.0,15.03,-0.026317308317373417,-0.012406296898484553,-0.006711434587986804,-0.3096737252870353,-0.0019980026626729977,15.095000000000002,15.084,14.654333333333334,2,20,11,15.096894521011698,14.689753362726517,55.181347150259064,0.2996665580516247,0.35992997757600403,15.766700519993998,14.401299480006001,0.02123461527734161,0.025493523613694093,0.03441963186006851,-11372400.0,-0.24608154685670375,0,0,-1,0,0,-0.0019960079840318935,-0.986001461282408,0.39235418562657887,0.4046971411475235,0.009421265141319024,0.002673796791443861,-0.5342297227563838,0.024666666666666733,0.0
2002-11-21,15.83,15.0,0.006644542718668511,0.043079628115084784,0.016694878572170054,0.2844746972630089,0.05385667279071062,15.148,15.132499999999999,14.767,3,21,11,15.230186426282298,14.763317661905452,61.55555555555555,0.3381040345326216,0.35556478896732757,15.882682433952303,14.382317566047695,0.02554575099273174,0.02820841794212867,0.033408257266972996,-9162300.0,1.8595476738244932,0,0,-1,0,0,0.006666666666666643,-0.3003664994873606,0.5338533627554889,0.44779475252066914,0.03803278688524592,0.06527590847913878,0.4089356914747168,0.04990524320909671,0.0
2002-11-22,15.63,15.83,0.047843642565401266,0.006898741691156522,0.03449740061250662,0.37086276532148627,-0.012714729459535468,15.207999999999998,15.131499999999999,14.854666666666667,4,22,11,15.30287980332188,14.81923265145994,58.22510822510824,0.3484114131484155,0.3541341138035452,15.878825758604478,14.38417424139552,0.025126031157149755,0.025855390751881056,0.032926878811172955,-12364700.0,1.3340902391237706,0,0,-1,0,0,0.0006317119393556403,1.1533232365423691,0.5477461519184268,0.4104416038792596,0.03032300593276216,-0.0012779552715654896,0.527810403669394,0.02367242482405625,0.0
2002-11-25,15.95,15.63,0.0037807228399061523,0.009331327428884222,0.007648220838256819,-0.3576925558522673,0.02026668479746824,15.318000000000001,15.158999999999997,14.959333333333332,0,25,11,15.420538020899718,14.892185383623815,58.134490238611704,0.3780435597773302,0.35891600299830223,15.984333106595257,14.333666893404738,0.024898857721562362,0.02593587300050388,0.03276737837652763,-10125300.0,1.9168018189967164,0,0,-1,0,0,0.017274472168905923,-0.1937638017550768,0.5388547008161821,0.41171921996812716,0.025723472668810254,0.03571428571428559,0.6501133260626153,0.025078369905956025,0.0
2002-11-26,15.8,15.95,-0.006309169193264721,-0.007458083047203847,-0.006369448285479823,-0.21969990277372617,-0.009448889197932396,15.407,15.213,15.029333333333334,1,26,11,15.48953110800886,14.950754068551312,48.76847290640394,0.3849856283922666,0.3641299280770951,16.05847339589012,14.367526604109878,0.02545992522649212,0.023747437104192706,0.030754188221113764,-11923000.0,1.388571190657049,0,0,-1,0,0,-0.009404388714733454,-0.7908775548852298,0.4487827121552929,0.3769788771170506,0.05123087159015305,0.07336956521739135,1.296136237326877,0.024050632911392453,0.0
2002-11-27,16.45,15.8,0.0006327111884595333,0.025863510589919154,0.010171734235218381,0.015674475115618057,0.04031553717845977,15.565999999999999,15.298499999999999,15.134333333333332,2,27,11,15.664161815643611,15.047479612515744,63.990267639902655,0.43788912228268906,0.3788817669182139,16.27782898617266,14.319171013827338,0.0274348792893252,0.02515537804036302,0.030721389942651885,-10096900.0,2.3516101662633404,0,0,-1,0,0,0.0006329113924050498,-0.6827040404860596,0.4775536923191622,0.3993292465836953,0.09666666666666668,0.11601085481682483,0.06804028891908685,0.03890577507598777,0.0
2002-11-29,16.7,16.45,0.04029054402754302,0.0150832422113285,0.024985684526204165,-0.17933603924691208,0.0150832422113285,15.710999999999999,15.4035,15.208333333333334,4,29,11,15.852496030981136,15.154093831063117,70.4156479217604,0.4942905591223905,0.4019635253590493,16.509603164504284,14.297396835495714,0.02695090201034525,0.02497031782277387,0.02669176912432765,-8570600.0,2.3442659628969476,0,0,-1,0,0,0.000607902735562405,-1.051371962177411,0.35413368596058326,0.3963915067038209,0.05495893872394175,0.14383561643835607,0.25813434918132705,0.02934131736526937,0.0
2002-12-02,16.25,16.7,0.0024271856576111375,-0.0042004262178731155,-0.004327672905781965,0.2140477330702077,-0.027315810646962865,15.818999999999999,15.476500000000001,15.285,0,2,12,15.924769479893657,15.224797454865497,66.05504587155966,0.49694934229740007,0.42096068874671944,16.60461486910457,14.348385130895434,0.029056756149966913,0.02604247619633723,0.026225598062224097,-10461200.0,1.3713142538648706,0,0,-1,0,0,-0.011976047904191574,-0.4608714947660645,0.4222217801374288,0.4134114932389657,0.03966730646193217,0.09871534820824879,-0.2219433173054144,0.03015384615384606,0.0
2002-12-03,15.92,16.25,-0.02578411715571467,-0.02805061961582062,-0.01813116251851316,0.24302292275064905,-0.02051672835950959,15.856,15.529,15.332333333333333,1,3,12,15.923902301731173,15.26964923197095,60.90712742980562,0.46704440783568657,0.4301774325645129,16.635800034238144,14.422199965761857,0.02951082753728852,0.02665094174589894,0.025819942254357846,-12871900.0,0.706541358700159,0,0,-1,0,0,-0.010461538461538567,0.5301253410343799,0.4454999100244383,0.4230705843919089,-0.0018808777429466517,0.07061197041022194,0.8477744351167922,0.020100502512562943,0.0
2002-12-04,15.6,15.92,-0.009372139828863098,-0.009319731948802479,-0.015898586067798273,0.4709572541288343,-0.02030526616074557,15.913,15.549000000000001,15.359,2,4,12,15.865010974143686,15.290962184747018,57.551020408163275,0.4127651069573002,0.4266949674430704,16.64517324792834,14.452826752071662,0.027953979545571547,0.026788279512642038,0.02595385152514323,-16732700.0,0.09305098458913025,0,0,-1,0,0,0.0006281407035175745,2.478031463881323,0.46564368521783944,0.4252507538504243,-0.012658227848101333,0.026315789473684292,0.988554790234496,0.026923076923076918,0.0
2002-12-05,16.15,15.6,-0.038392431038234344,0.01179039410737171,-0.022691411202070765,-0.11819754343433914,0.03464913541317406,16.028,15.561499999999999,15.398666666666665,3,5,12,15.916827160663015,15.34638397927947,58.89328063241106,0.4094093571869699,0.42323784539185033,16.680000405853665,14.442999594146332,0.029494705793658232,0.02594155219702862,0.02661282639501461,-13302300.0,1.0523018086003149,0,0,-1,0,0,-0.01730769230769228,1.7625399341437464,0.4317881935328999,0.4118093744180339,-0.01823708206686936,0.015723270440251458,0.8587359712347725,0.05944272445820439,0.0
2002-12-06,16.27,16.15,0.036507416342463135,0.01712580082392268,0.029081209300841602,-0.39833399522756835,0.007402871562280881,16.072,15.610000000000003,15.445666666666666,4,6,12,15.981040404178831,15.405972109648536,60.7843137254902,0.41168722437902616,0.4209277211892855,16.76430544165384,14.455694558346165,0.02436015866245811,0.02429685761800294,0.02656236636867806,-10999000.0,1.1435448126353422,0,0,-1,0,0,-0.015479876160990603,0.1988568248055445,0.4138843824298199,0.38570065738548576,-0.02574850299401199,0.06339869281045751,1.1523832053092282,0.048555623847572164,0.0
2002-12-09,16.0,16.27,0.018692133012152546,-0.006082743815769084,0.013915468061974579,-0.08666016401876331,-0.01673419899116521,16.109,15.6585,15.457333333333334,0,9,12,15.984487603419044,15.444296489671213,54.50901803607214,0.3872418243228992,0.4141905418160083,16.79151228682894,14.52548771317106,0.0246729782938377,0.024250085411045792,0.02506373577236797,-13111100.0,0.6028178228424788,0,0,-1,0,0,-0.004302397049784898,-0.12018809990059699,0.38469551836158034,0.38495817161821627,-0.01538461538461533,0.06453759148369942,1.2725173590998027,0.02937500000000004,0.0
2002-12-10,16.2,16.0,-0.014299280011417186,-0.010426344068471602,-0.0012570711900510918,-0.4778082594061433,0.01242251999855711,16.133999999999997,15.725999999999999,15.484,1,10,12,16.02367167552467,15.493051554853716,62.5267665952891,0.3796308490729654,0.40727860326739973,16.81625154026615,14.635748459733847,0.024155108917659502,0.024049614143340323,0.024936046111273737,-11801300.0,0.8695241097926589,0,0,-1,0,0,-0.00187499999999996,-1.3047858763769193,0.3607315372293167,0.3817757889020411,0.017587939698492372,0.09090909090909083,0.36669861853878866,0.019753086419752996,0.0
2002-12-11,16.13,16.2,-0.0012531329960675333,-0.00556415655014936,-0.006942280958635229,0.33520624788967857,-0.004330350101220895,16.167,15.787,15.531,2,11,12,16.043004098156548,15.534145002927671,61.99575371549894,0.36375751120965205,0.3985743848558502,16.82003538432294,14.753964615677061,0.02394529623428207,0.02413297195519948,0.023407927249608416,-13632700.0,0.6640624420136461,0,0,-1,0,0,-0.0154320987654321,-0.5547999177511428,0.3088030918823244,0.38309905314212417,0.033974358974358854,0.08182427900737754,0.4982563347879153,0.02107873527588344,0.0
2002-12-12,15.89,16.13,0.003129893008927787,0.004947443610467461,0.003792672055738976,-0.46889034724122924,-0.014990911588492766,16.110999999999997,15.8385,15.569333333333333,3,12,12,16.01518517121899,15.557103389835564,50.72815533980583,0.3280304515023875,0.3844655981851577,16.77515193220606,14.901848067793939,0.02009992397690408,0.02445860595162754,0.023641323694737197,-14778600.0,0.10996614266028304,0,0,-1,0,0,-0.008059516429014198,-1.4497989912821296,0.20645613683038405,0.38826833257998455,-0.01609907120743026,0.06931359353970401,0.19289659165453607,0.022655758338577796,0.0
2002-12-13,15.14,15.89,-0.015748356968139168,-0.028787970475942722,-0.048474756502411016,0.9974029031130898,-0.0483497325393219,15.955000000000002,15.832999999999998,15.587333333333332,4,13,12,15.856060594633721,15.530193493717142,44.75374732334046,0.2364718668143304,0.35486685191099226,16.785362160215644,14.880637839784352,0.023177242351385186,0.026327767405282667,0.02526269095671954,-17885400.0,-1.4553287162166961,0,0,-1,0,0,-0.008810572687224705,1.2717684731441323,0.3464861434861064,0.4179403507795813,-0.0694529809465273,-0.00721311475409836,-0.6623368860277763,0.04293262879788642,0.0
2002-12-16,15.18,15.14,-0.04679216150675894,-0.032260862218221435,-0.005978098175508067,-0.0299270945925666,0.0026385239581810205,15.847999999999999,15.833499999999997,15.600333333333333,0,16,12,15.733140486518497,15.50760036509023,41.230068337129836,0.16523398004375345,0.31694027753754456,16.784405939230183,14.88259406076981,0.022585974885644892,0.02630466190854615,0.025170752693662094,-14870200.0,-1.3744787429323315,0,0,-1,0,0,-0.0072655217965654694,1.044723873487452,0.36421648614423424,0.4175735623898807,-0.05125000000000002,0.0006591957811470373,-1.256114287482921,0.01581027667984191,0.0
2002-12-17,15.05,15.18,0.004646540055995645,0.0032733253449691085,-0.0006664445431605588,-0.7224254437534892,-0.00860078077259912,15.761,15.8085,15.606333333333334,1,17,12,15.608933125333316,15.47807776089086,41.41876430205948,0.09716744220305884,0.2729857104706474,16.815429151325734,14.801570848674269,0.022091476892741525,0.02571128853704673,0.025218891014138815,-16334300.0,-1.506560812151186,0,0,-1,0,0,-0.00527009222661397,-1.0294228161123111,0.30762285908286097,0.4081540521363082,-0.07098765432098753,-0.032154340836012874,-1.6504020874547587,0.019933554817275795,0.0
2002-12-18,14.67,15.05,-0.004646540055995591,-0.012496052113741645,-0.027028672387919374,0.4753849303351206,-0.025573399039994487,15.667999999999997,15.7905,15.588666666666667,2,18,12,15.43821801163635,15.425943711801128,28.292682926829258,0.012418246547778011,0.22087221768607354,16.86652533720906,14.714474662790938,0.022528275792131968,0.025233511908057685,0.025312426035121776,-18689500.0,-2.082664712907773,0,0,-1,0,0,-0.0013289036544851395,0.1612389757634641,0.29993174336369405,0.40056958328104547,-0.09051456912585243,-0.0239520958083832,-0.7922954887686661,0.03476482617586911,0.0
2002-12-19,14.28,14.67,-0.026973988732850104,-0.008640798195574746,-0.03484673133016819,0.008034889084876602,-0.026944635243452055,15.480999999999998,15.754499999999998,15.534666666666665,3,19,12,15.227632918611556,15.352011859426863,21.462264150943383,-0.08523332550747398,0.15965110904736404,16.97971705917986,14.529282940820137,0.018010952203475525,0.025879886113080428,0.024114553666881876,-21063700.0,-2.4069204537308733,0,0,-1,0,0,-0.0027266530334014417,0.14125680818902436,0.30216454665893355,0.410830455683309,-0.10132158590308382,-0.04800000000000004,-0.1894357934480991,0.061624649859944036,0.0
2002-12-20,14.57,14.28,-0.0228146777661714,-0.0033433665379744423,0.011984634104622418,0.15883301081387174,0.020104663295675285,15.311000000000002,15.6915,15.510333333333334,4,20,12,15.108063297045817,15.301559481399323,29.411764705882348,-0.13763574434839754,0.10019373836821173,17.025149918555556,14.357850081444443,0.01992027128850651,0.022786135849909878,0.023578599727129196,-18280800.0,-1.681850663200533,0,0,-1,0,0,0.0014005602240897304,0.6518992068300001,0.3131494188894958,0.36171869279396957,-0.03764861294583888,-0.07959570435881236,0.5403051684202872,0.04529855868222376,0.0
2002-12-23,14.32,14.57,0.0,-0.02922396212457032,-0.0035100071136501955,-0.341255659399259,-0.01730745867461395,15.143,15.626,15.486666666666666,0,23,12,14.964779061219303,15.238233063244529,29.999999999999986,-0.1970662919377446,0.04074173230702046,17.094252093656397,14.157747906343602,0.01993929437186683,0.022899670808920334,0.023567130323754674,-20259100.0,-1.7789860551094576,0,0,-1,0,0,-0.018531228551818775,-0.3641136305188752,0.3042129746980921,0.36352100439389107,-0.0566534914361001,-0.0838131797824696,1.5258637811528195,0.01955307262569828,0.0
2002-12-24,14.21,14.32,-0.013375771401139056,-0.009702085806450591,-0.007765658510372274,-0.9038825652423832,-0.007711219423490244,14.944000000000003,15.539000000000001,15.465333333333332,1,24,12,14.827546504633975,15.171895446261011,31.662269129287594,-0.2501578458389382,-0.017438183322171272,17.127682340478252,13.950317659521753,0.018264239771384277,0.022161869430474438,0.023513308592142766,-21060300.0,-1.6730846263450312,0,0,-1,0,0,-0.014664804469273802,-1.744549279092315,0.3048041909314715,0.3518087706079201,-0.05581395348837204,-0.10909090909090902,1.4727821258242761,0.017593244194229415,0.0
2002-12-26,14.2,14.21,0.014074827703636937,0.026118323141112464,0.0007084662003734174,0.441823837040668,-0.0007039775017943805,14.751,15.459,15.441666666666666,3,26,12,14.71344714015507,15.109192514244173,20.000000000000014,-0.28970071176336276,-0.07189068901040957,17.15017710485924,13.76782289514076,0.018486803445651807,0.022167123479740775,0.023492782735176156,-22306600.0,-1.4889037894168866,0,0,-1,0,0,0.007037297677691741,-1.1078023192245443,0.2829252461960452,0.351892176054329,-0.03203817314246771,-0.10126582278481022,0.7086394871330439,0.04366197183098599,0.0
2002-12-27,13.99,14.2,-0.007012651459350207,-0.03521247465942955,-0.014265577158822346,-0.031130284306813,-0.01489917592982522,14.561000000000002,15.336000000000002,15.412666666666667,4,27,12,14.58191129649051,15.03698654558326,15.868263473053887,-0.334132293763826,-0.12433900996109286,17.080686972376142,13.591313027623862,0.018485537026313906,0.019380778587676468,0.023618680463354216,-23514700.0,-1.5429701961571305,0,0,-1,0,0,0.0007042253521127861,-1.084402519943802,0.23875810011523246,0.30766032214678535,-0.020308123249299648,-0.14954407294832817,1.3261038630621356,0.022158684774839205,0.0
2002-12-30,13.8,13.99,-0.022776785342756924,-0.016295082486502452,-0.021053409197832267,0.5356454185146937,-0.01367419651423073,14.426999999999998,15.190999999999999,15.364333333333333,0,30,12,14.439745606219509,14.957180961997244,16.25766871165642,-0.38029228201189547,-0.1755296643712534,16.94040471078174,13.44159528921826,0.01398171307790561,0.018630447630688954,0.023105109377780868,-25578800.0,-1.5902552353119208,0,0,-1,0,0,-0.0071479628305932555,-0.08611056684421901,0.10521984544479825,0.29574918746769296,-0.0528483184625943,-0.17365269461077837,1.013521899929272,0.026811594202898494,0.0
2002-12-31,13.9,13.8,-0.006500564603093428,-0.0028612322810321234,0.0014662759225274112,0.25212693555611254,0.007220247973487097,14.299000000000001,15.0735,15.322,1,31,12,14.341610041452325,14.888975738642584,13.60759493670885,-0.4041464918129556,-0.22125302985959383,16.8390209459325,13.307979054067498,0.01447962887081763,0.018496812691360325,0.02317697073435226,-22922800.0,-1.3293526793930934,0,0,-1,0,0,0.0,0.5861938081845548,0.14657331978663582,0.2936277985720964,-0.029329608938547524,-0.1446153846153846,0.6632581947151918,0.02230215827338133,0.0
2003-01-02,14.2,13.9,0.021506205220963463,0.019156314767534495,0.013100624045698056,-0.2431561027513539,0.021353124470568842,14.213999999999999,14.9875,15.277,3,2,1,14.315862761188265,14.844525690988224,21.533923303834783,-0.39429840556805296,-0.25586210500128564,16.746960144476162,13.22803985552384,0.01735772662348121,0.019336769894682707,0.02304234431228207,-20840100.0,-0.8951609418063419,0,0,-1,0,0,0.014388489208633042,-0.08965218557864903,0.24100532007373407,0.3069617058036665,-0.0007037297677693344,-0.1080402010050252,0.5750648686108003,0.028169014084507067,0.0
2003-01-03,14.35,14.2,0.007067167223092353,0.013263719755042005,0.0207520863884291,-0.37250027965124904,0.010507977598415165,14.181999999999999,14.925,15.254333333333333,4,3,1,14.322069531881308,14.812620807698663,26.666666666666643,-0.37012342739249604,-0.2787143694795277,16.68165351704525,13.168346482954751,0.016542537522845114,0.019335674568084268,0.02241449362387796,-19405100.0,-0.6546538568028721,0,0,-1,0,0,0.0,-0.820088701728776,0.2520954055807087,0.3069443180329633,0.010563380281690238,-0.08012820512820518,-0.08861254831075593,0.020905923344947785,0.0
2003-01-06,14.53,14.35,-0.0014094435032336043,0.00966191091173689,0.0014154284033307597,0.2468600779315258,0.012465535376561494,14.206999999999999,14.844,15.238666666666665,0,6,1,14.35987507153925,14.794387207201975,38.8278388278388,-0.3326060122704231,-0.2894926980377068,16.509872933803482,13.178127066196517,0.014617874913996402,0.017488093039957877,0.022555686355810692,-17568300.0,-0.3769795326262761,0,0,-1,0,0,-0.011846689895470379,-0.1812916059216633,0.20659397229491844,0.2776148705309286,0.038598999285203606,-0.10030959752321977,-1.2790555721253234,0.028905712319339295,0.0
2003-01-07,14.38,14.53,0.006326910384763488,-0.007583628210098828,0.004938281640582577,-0.1415901587119277,-0.01037712528929076,14.187999999999999,14.749499999999998,15.190333333333333,1,7,1,14.363534149441204,14.767652548672816,35.915492957746494,-0.311387456123267,-0.2938716496548188,16.284021698153964,13.21497830184603,0.013481523883364922,0.01726645746516401,0.019955078611328832,-19162600.0,-0.48158328480399587,0,0,-1,0,0,-0.01789401238816241,-0.4980806967383148,0.18572204603381492,0.27409651485539205,0.04202898550724643,-0.11616472034419167,-1.0579267849363312,0.016689847009735633,0.0
2003-01-08,14.08,14.38,0.0034977300437545834,-0.0020782827016380704,-0.01488861249375075,-0.06484382187161876,-0.021083001563004376,14.163999999999998,14.6535,15.138666666666667,2,8,1,14.311982485906439,14.72328786811328,33.88704318936877,-0.3151462801547176,-0.29812657575479856,16.096104005189762,13.210895994810235,0.014008329899966697,0.017429710180657285,0.020147610497517503,-20656800.0,-0.7950899871854433,0,0,-1,0,0,-0.004172461752433971,-0.5993022071280154,0.27950846381673455,0.27668807137169915,0.012949640287769792,-0.12,-0.5435119133131028,0.02982954545454545,0.0
2003-01-09,14.32,14.08,-0.01832327514998065,0.001386001607877153,0.004276556767260172,-0.05871071364302064,0.016901810802603254,14.175,14.5595,15.084333333333335,3,9,1,14.31344021574163,14.69726929597694,43.90243902439025,-0.2953545180123527,-0.2975721642063094,15.81002367977751,13.30897632022249,0.014965326367958817,0.017714046518670847,0.020017555717121865,-19247800.0,-0.38303952795617724,0,0,-1,0,0,-0.0014204545454545151,-0.7408768093122156,0.26147237005497437,0.28120177080619524,0.008450704225352101,-0.11604938271604937,-0.7405841446643028,0.02653631284916194,0.0
2003-01-10,14.33,14.32,0.018323275149980733,-0.0006927606789006048,0.004258345682577025,0.12649820093527397,0.0006980803075809319,14.187999999999999,14.4695,15.035333333333334,4,10,1,14.316451085606788,14.673574502688105,51.00401606425704,-0.27568456741064296,-0.2931946448471761,15.480210536936148,13.458789463063852,0.01495548582312017,0.0177745128674645,0.01999791129585077,-17648800.0,-0.2760434266825354,0,0,-1,0,0,0.0,-0.4308176279110895,0.24974294428305585,0.2821616443357718,-0.0013937282229964376,-0.11159330440173587,-0.2910632779569857,0.02163293789253318,0.0
2003-01-13,14.3,14.33,-0.002097169590723648,0.004839276640749232,0.004240289038885442,-0.3426576810726606,-0.0020957045742188815,14.219,14.39,14.963666666666667,0,13,1,14.313459979132826,14.649472921869517,43.946188340807176,-0.2595250953732844,-0.28646073495239777,15.149057587441629,13.630942412558372,0.013971608369440263,0.017658335782232297,0.018178184362951336,-18783900.0,-0.23713615801757806,0,0,-1,0,0,-0.002791346824843051,-1.1339407204597307,0.22294466048616,0.28031739028235925,-0.015829318651066626,-0.10006293266205157,0.3410768887922977,0.022377622377622395,0.0
2003-01-14,14.35,14.3,-0.00631802733456098,-0.006920442844573795,-0.00778764997768374,0.24083478225578756,0.003490404939768346,14.274000000000001,14.3505,14.885333333333332,1,14,1,14.320103619290494,14.630152088200516,50.73891625615762,-0.2399183854252307,-0.27715226504696433,15.022448462936095,13.678551537063905,0.01281286758374346,0.014686838313440712,0.01786384266090024,-17339700.0,-0.001488209371938584,0,0,-1,0,0,-0.006993006993007092,-0.5929604320194601,0.21625059804678826,0.23314633033907656,-0.0020862308762170656,-0.05217965653896972,-0.5487518346209391,0.022996515679442515,0.0
2003-01-15,13.95,14.35,0.01398624197473987,0.0034662079764861075,-0.015037877364540559,0.22239545269655145,-0.028270433938255474,14.279,14.289000000000001,14.808666666666666,2,15,1,14.252812052146766,14.586271308316613,44.39655172413789,-0.2537317222417119,-0.2724681564859138,14.858649938674318,13.719350061325684,0.016189515854528234,0.015668871822937216,0.0179041350332008,-19143600.0,-1.1902046396736874,0,0,-1,0,0,0.0034843205574913386,0.12502840204688795,0.25956154973027845,0.24873562901063498,-0.009232954545454586,-0.0810276679841897,-1.0527884081761325,0.042293906810035836,0.0
2003-01-16,13.83,13.95,-0.028170876966696335,-0.017452449951226166,-0.002166848085090314,0.030033927199465786,-0.00863936259070774,14.241999999999999,14.228,14.739,3,16,1,14.175937133574624,14.537479611005866,42.38683127572017,-0.27123525710087293,-0.27222157660890567,14.708902660027086,13.747097339972914,0.014548031089160633,0.01566944780653132,0.01768338224961931,-21002500.0,-1.6552206218929326,0,0,-1,0,0,0.0035842293906810548,0.1934253237136123,0.19950011423141378,0.2487447724667305,-0.03421787709497204,-0.08106312292358808,-1.5966946850988974,0.026753434562545135,0.0
2003-01-17,13.53,13.83,-0.01656501687469517,-0.02712514626769117,-0.03307909097658443,-0.24106914205633342,-0.021930703493970232,14.16,14.170999999999998,14.669999999999998,4,17,1,14.058494018379239,14.472480926424844,40.873015873015845,-0.3057894766389513,-0.2789351566149148,14.69923041224557,13.642769587754426,0.014891492504151413,0.01543520353764876,0.01773402336963375,-22463200.0,-2.426971204762818,0,0,-1,0,0,-0.004338394793926283,-0.49908575515155695,0.20904827657274225,0.24502625997769809,-0.05582693649685977,-0.07770961145194277,-0.27833330966280123,0.032520325203251994,0.0
2003-01-21,12.83,13.53,-0.013894190610013372,-0.010913167603665645,-0.04666238465563453,0.8252270170029455,-0.05312326355515151,13.99,14.098500000000001,14.559333333333335,1,21,1,13.835131469583015,14.366514415042596,33.99339933993396,-0.3852175463438403,-0.3001916345606999,14.894100402212114,13.302899597787889,0.019323676929816125,0.018162476061153437,0.018103824312142615,-25797100.0,-3.188786723769934,0,0,-1,0,0,0.003695491500369602,2.589400143602204,0.3316483114903405,0.2883203691058557,-0.10279720279720284,-0.10154061624649857,-0.515537034952624,0.07014809041309433,0.0
2003-01-22,12.3,12.83,-0.049047929346784015,-0.03878189211208466,-0.0415727330537119,0.24126917572540602,-0.04218691624917316,13.782,13.985000000000003,14.427,2,22,1,13.556016656931556,14.233190904394688,26.878612716762987,-0.48533677421697163,-0.33722066249195426,15.086319782423786,12.88368021757622,0.021366662781207392,0.018825239882183674,0.01888944290332098,-30040700.0,-3.059965010873876,0,0,-1,0,0,0.007794232268121562,3.029124551814019,0.2669926010747146,0.29884141859635727,-0.1428571428571428,-0.155799588194921,-0.04480756883427404,0.0731707317073171,0.0
2003-01-23,13.45,12.3,0.00923794098493636,0.02478534686038743,0.05170137437689041,-0.13489234954673093,0.0893798436694761,13.719,13.941500000000001,14.342,3,23,1,13.536740901125818,14.182662458949869,41.29930394431553,-0.4665089695680926,-0.363078323907182,15.055757364204647,12.827242635795356,0.040283792143361544,0.02937652064102363,0.02653205543895411,-26332600.0,-0.882201932496688,0,0,-1,0,0,0.06097560975609756,1.9878024618978236,0.9219202848022907,0.46633780800302566,-0.03584229390681004,-0.060754189944134174,1.787100187618141,0.043122676579925655,0.0
2003-01-24,13.02,13.45,0.018223738956451435,-0.0074460507840785626,-0.011696039763191298,-0.3140877198171146,-0.03249246926742488,13.589000000000002,13.882,14.235999999999999,4,24,1,13.442788010012032,14.107651977727297,35.51198257080608,-0.48074349333813693,-0.38661135779337297,15.061091532539072,12.702908467460928,0.0404395590984412,0.030085538182819584,0.026736895908420797,-29041200.0,-1.4621426347516173,0,0,-1,0,0,-0.011895910780669157,0.7914089833165078,0.940857141413095,0.47759311254767234,-0.05856832971800441,-0.08374384236453214,2.0415023607658944,0.04838709677419361,0.0
2003-01-27,12.82,13.02,-0.04148060112071876,-0.013544225107757372,-0.0094563352420354,0.00816271032285436,-0.015480185287899172,13.437999999999999,13.812999999999999,14.125666666666666,0,27,1,13.32955382637348,14.024577656583602,31.45336225596529,-0.5023717556270526,-0.40976343736010895,15.072508676136543,12.553491323863454,0.04034102257924971,0.030180840597169283,0.026775859820588013,-31772000.0,-1.5768053349913516,0,0,-1,0,0,-0.02073732718894006,0.7368314995630941,0.9372395980631582,0.47910599147395233,-0.0524759793052475,-0.09718309859154928,1.9604997653327476,0.044461778471138726,0.0
2003-01-28,13.2,12.82,0.0163364193196936,0.0,0.0180467824470735,-0.36775326221313775,0.029210378099801197,13.328,13.773499999999999,14.036,1,28,1,13.305998585214665,13.971379098094339,37.80991735537188,-0.4832785508035311,-0.4244664600487934,15.05892067658395,12.488079323416047,0.04226626464453944,0.031020786368527797,0.027562709896759154,-29881500.0,-0.8923148825084942,0,0,-1,0,0,0.010920436817472743,-0.2766195349816763,0.8819505418810857,0.492439717228722,0.02883865939204977,-0.056468906361687,1.164691167178792,0.025757575757575746,0.0
2003-01-29,13.2,13.2,0.0,0.0,0.0,0.41300077994982987,0.0,13.213,13.743500000000001,13.971333333333336,2,29,1,13.286726115175634,13.921612704668899,40.30837004405284,-0.4628120393229551,-0.4321355759036258,15.054076811540416,12.432923188459586,0.042182404845626985,0.030912865020065673,0.026442571633543528,-29881500.0,-0.8294057932570731,0,0,-1,0,0,-0.018181818181818063,0.8046944481885243,0.7828901424395186,0.49072651893360886,0.07317073170731692,-0.0434782608695653,1.2057359288222291,0.025757575757575746,0.0
2003-01-30,13.1,13.2,0.040821994520254985,0.022472855852058576,0.01159657371494061,-0.3531014082286049,-0.007604599385219304,13.128,13.7035,13.902,3,30,1,13.252775912416428,13.868605433399939,36.13636363636361,-0.4494800199085667,-0.43560446470461395,15.042490586028801,12.364509413971199,0.041579291263636,0.030862820508620676,0.026416808744412518,-31888700.0,-0.9014253069394154,0,0,-1,0,0,0.022727272727272783,-0.14577113033087422,0.3608070868140745,0.4899320869430058,-0.026022304832713727,-0.05755395683453246,0.7550492466281493,0.03740458015267177,0.0
2003-01-31,13.05,13.1,-0.03007745523727795,-0.02702867238791926,-0.012374481183185168,-0.002793855339565874,-0.0038240964384033942,13.05,13.646,13.835333333333333,4,31,1,13.21590756470435,13.8157921796322,35.58558558558558,-0.43790103011201076,-0.4360637777860933,14.993955957425156,12.298044042574846,0.04156729833784757,0.030337062866004245,0.02640627402156619,-33890300.0,-0.884301889415542,0,0,-1,0,0,0.0,-0.14750478586981808,0.27321360887651075,0.48158594310947783,0.0023041474654379446,-0.08098591549295764,1.6243019805313512,0.022222222222222292,0.0
2003-02-03,12.67,13.05,-0.0038240964384033942,-0.006872879287762064,-0.03082029798192161,0.6838615967390828,-0.02955113943565478,12.963999999999999,13.562000000000001,13.768666666666666,0,3,2,13.116651643849014,13.7418701035269,32.985386221294334,-0.4541522371932043,-0.43968146966751553,14.934398591786263,12.18960140821374,0.04196249312447524,0.03064522525517335,0.02652077253991149,-37856500.0,-1.2999138957713567,0,0,-1,0,0,0.0,1.8398880265723943,0.3343865241740357,0.48647786938046755,-0.011700468018720822,-0.11707317073170731,0.5567828058298968,0.046566692975532745,0.0
2003-02-04,12.83,12.67,-0.0335052766556354,-0.010785928910151331,-0.00402091414279127,-0.17778343539175387,0.012549184294497407,12.963999999999999,13.477,13.720333333333334,1,4,2,13.064533163149193,13.683039774267101,34.489795918367335,-0.44894560755946067,-0.44153429724590454,14.806884838702434,12.147115161297567,0.038958066280211305,0.030647895194390432,0.02636268479088392,-34536300.0,-0.9730165818436989,0,0,-1,0,0,-0.003946329913180798,1.0393461157229973,0.24125109896488484,0.48652025335157195,-0.02803030303030296,-0.11699931176875422,-0.8123878957060716,0.03897116134060795,0.0
2003-02-05,13.04,12.83,0.016503321514477934,0.022214624733773884,0.027812678700127873,-0.31609220631180923,0.01623537787096181,13.038,13.41,13.669333333333334,2,5,2,13.060072588031158,13.641553337217612,40.33970276008491,-0.4229980133158229,-0.43782704045988824,14.682097315046077,12.137902684953923,0.03622776917914091,0.031017926098611304,0.02625093319538005,-32115900.0,-0.5817165017545832,0,0,-1,0,0,0.0,0.05405410670493114,0.2884537997922341,0.4923943118514327,-0.012121212121212088,-0.0931849791376913,-0.6663717168411669,0.03374233128834352,0.0
2003-02-06,12.94,13.04,0.008537110445209306,-0.010662705744040069,0.0,-0.2592786316513844,-0.007698267425752344,12.987,13.353,13.623333333333335,3,6,2,13.038241208389127,13.59629183159067,40.51172707889124,-0.4058254193834454,-0.4314267162445997,14.600618362700486,12.105381637299514,0.01945576505392084,0.030789557823155716,0.02613590854858735,-33983500.0,-0.6620614321611246,0,0,-1,0,0,-0.007668711656441691,-0.5636490261487004,0.2885615797947321,0.48876907786627954,-0.012213740458015265,-0.08096590909090917,-0.6610590200731874,0.02318392581143746,0.0
2003-02-07,12.63,12.94,0.004626068388782243,0.0030581063588208724,-0.014207026644349374,-0.01456257869202548,-0.024248352710354644,12.947999999999999,13.2685,13.570666666666666,4,7,2,12.964015534136559,13.533950423100949,40.42553191489361,-0.4124756615232261,-0.42763650530032504,14.4683644660303,12.0686355339697,0.01829160303787234,0.03069537309003486,0.02640294465545927,-35824100.0,-1.0642868725206083,0,0,-1,0,0,0.004636785162287519,-0.6293383740025901,0.32787962951350896,0.4872739415794589,-0.03218390804597704,-0.11801675977653625,0.06120011462895094,0.041171813143309546,0.0
2003-02-10,12.84,12.63,-0.033636334859380605,-0.020046931945290756,-0.008782491580349347,-0.2459347211361315,0.01649036189941521,12.95,13.193999999999999,13.525333333333332,0,10,2,12.941467255202637,13.489179428062178,50.1187648456057,-0.3962332511025597,-0.42135585446077195,14.297514004394511,12.090485995605487,0.018660888222162032,0.031077734714704618,0.026656672381864224,-34384800.0,-0.6415867829321042,0,0,-1,0,0,-0.004750593824228068,-1.0545592558927934,0.2858939427202557,0.49334374419808374,0.013417521704814472,-0.1039776692254013,-1.013655661982037,0.02881619937694698,0.0
2003-02-11,12.84,12.84,0.02901026647059829,0.016988825586469945,0.01748852203435113,0.4267973562763694,0.0,12.914000000000001,13.121,13.487,1,11,2,12.92301866334761,13.44729688431623,57.33695652173914,-0.3789922372276493,-0.4128831310141475,14.102918637426946,12.139081362573055,0.015585393096050873,0.031091654215693716,0.02656799524868807,-34384800.0,-0.5723488470212627,0,0,-1,0,0,0.007788161993769443,-0.28904120258411226,0.27227512540856935,0.49356470942603137,0.000779423226812126,-0.10209790209790215,-0.5107945233843081,0.02881619937694712,0.0
2003-02-12,12.71,12.84,-0.018721295608208968,-0.016210312507056224,-0.033657023003476276,-0.40814382301949914,-0.010176213060452407,12.865,13.038999999999998,13.450666666666667,2,12,2,12.884287997284407,13.399729343392604,36.09022556390976,-0.37153569089001337,-0.4046136429893207,13.847348543897446,12.23065145610255,0.01572227512753543,0.0310467104344515,0.026525834901116516,-35851200.0,-0.814005301262065,0,0,-1,0,0,-0.010903426791277303,-1.1468116819588872,0.23618745980634454,0.4928512490171566,-0.025306748466257578,-0.11428571428571421,0.4225566793972397,0.04563335955940205,0.0
2003-02-13,12.38,12.71,-0.014274627792593052,-0.01885366136440066,-0.018092598786155926,0.5263348461699255,-0.026306817944912672,12.793000000000001,12.960500000000001,13.4,3,13,2,12.792599270505423,13.333940353496308,37.499999999999986,-0.38778442876348684,-0.40124780014415395,13.698191277603787,12.222808722396216,0.017233313262848285,0.030977429207494345,0.02680072153171214,-38333400.0,-1.573829100665572,0,0,-1,0,0,-0.014948859166011115,-0.009739552228739025,0.28062270407338136,0.49175144363483225,-0.04327666151468301,-0.11254480286738344,0.6142641991632362,0.04523424878836823,0.0
2003-02-14,12.61,12.38,-0.01205317926755601,0.007111843487717374,0.012371291802546829,-0.3249762457230836,0.018407882720377994,12.748999999999999,12.8995,13.347000000000001,4,14,2,12.759399403140801,13.287234524238482,45.94594594594592,-0.3777481472824391,-0.396547869571811,13.528165252737951,12.270834747262048,0.018855534781340555,0.03142744113003588,0.026709173548442267,-36539900.0,-0.920998890074408,0,0,-1,0,0,-0.0008077544426495608,-0.8139128349358036,0.29678177240482717,0.498895161439186,-0.0015835312747427555,-0.08821402747650042,-0.4330045477181591,0.039651070578905635,0.0
2003-02-18,12.79,12.61,0.019215963572431754,0.007061622126205809,0.0242926925690447,-0.06579197807137506,0.014173465613923082,12.761,12.8625,13.294999999999998,1,18,2,12.76496314802429,13.255154877513418,41.42259414225939,-0.35122116723566243,-0.3874825291045813,13.417738213458227,12.307261786541774,0.01716110616330761,0.03139971256782436,0.026785573902923316,-34860600.0,-0.2611491725270314,0,0,-1,0,0,0.0,-0.9750806726068699,0.2887509697085349,0.49845498416023565,-0.003894080996884819,-0.05469327420546932,-0.46033074748910224,0.022673964034401813,0.0
2003-02-19,12.49,12.79,0.006324131749468081,-0.0047022030214360746,-0.006420567802922695,0.2816944329626277,-0.023735291453264983,12.727,12.845500000000001,13.227,2,19,2,12.71496984838351,13.205790046706102,36.802973977695146,-0.3503670242675536,-0.3800594281371758,13.425208638251348,12.265791361748654,0.01822299222876268,0.029646397402252632,0.026848883492908156,-37086300.0,-1.2264781876369604,0,0,-1,0,0,-0.007818608287724758,-0.26531447315386086,0.3304442623124639,0.47062196877211065,-0.027258566978193066,-0.026500389711613392,0.29535627919982693,0.024819855884707805,0.0
2003-02-20,12.25,12.49,-0.0190936588155797,-0.01983404962803352,-0.021156199967311738,-0.4207450223829833,-0.019402387146750365,12.648,12.843,13.156,3,20,2,12.630429875950142,13.144126172725064,34.982332155476996,-0.36485033648037124,-0.3770176098058149,13.432954503152189,12.253045496847811,0.017585332500944403,0.02845028688792079,0.026962078412490768,-38547600.0,-2.0103245142855526,0,0,-1,0,0,-0.0032025620496397857,-1.1583784734557898,0.3447331949261631,0.451634303003281,-0.03619197482297409,-0.004065040650406582,0.5757058982492715,0.02612244897959186,0.0
2003-02-21,12.33,12.25,-0.012121360532344737,-0.007237667300230502,-0.005773211911319696,0.113905304866473,0.006509380185517016,12.587,12.787,13.097666666666667,4,21,2,12.575806262141025,13.091601903516995,37.41258741258738,-0.36565805588950084,-0.3747456990225521,13.346176085626807,12.227823914373195,0.01801183432467626,0.01825464626892405,0.0268695157966424,-36910000.0,-1.6345477274398426,0,0,-1,0,0,0.004081632653061282,-0.8508987620834262,0.30830959081969544,0.28978352579415684,-0.0040387722132472215,-0.083271375464684,-0.4221565232947579,0.02433090024330906,0.0
2003-02-24,12.04,12.33,-0.000813338800428507,-0.00810377206310771,-0.008305695587278396,0.12745225346128686,-0.023800877295577998,12.528,12.738,13.021666666666667,0,24,2,12.478386941751747,13.023756619419126,38.62815884476531,-0.3852577442483405,-0.3768481080677098,13.377229799713827,12.098770200286172,0.017960317136460825,0.017665837747816743,0.026790758802095815,-38770200.0,-2.1838781618519114,0,0,-1,0,0,-0.0032441200324412754,-0.45492207962597764,0.2869532416006272,0.2804364802940429,-0.04520222045995248,-0.07526881720430112,0.6707527607022419,0.024916943521594598,0.0
2003-02-25,12.25,12.04,-0.02387927378994312,-0.0008140008589470824,-0.022776184890556307,0.4811563971933059,0.017291497110061043,12.469,12.7095,12.952333333333334,1,25,2,12.43686204325143,12.97383683752112,39.71631205673757,-0.3794710870451681,-0.3773727038632015,13.383231947321917,12.035768052678083,0.018068970143743854,0.01805030695599918,0.027095371155195416,-35760500.0,-1.3640439697909892,0,0,-1,0,0,-0.003322259136212554,1.2517509981464703,0.3035909873610173,0.2865397397637188,-0.04222048475371376,-0.04446177847113886,0.753136469920675,0.04571428571428561,0.0
2003-02-26,12.33,12.25,0.021435280720065085,0.004063394457256638,0.021106735421015155,-0.4174312914028752,0.006509380185517016,12.418000000000001,12.666,12.886666666666665,2,26,2,12.417432580842078,12.932298977035886,36.80297397769517,-0.3642311580450208,-0.3747443946995654,13.318393165280984,12.013606834719017,0.018367065921478784,0.016591029371857413,0.027171440641322535,-33777900.0,-1.0300537095764526,0,0,-1,0,0,0.0008163265306122275,-0.28992379217423475,0.28419425899664513,0.2633744262750173,-0.012810248198558805,-0.0659090909090908,-0.34568387000589507,0.029197080291970757,0.0
2003-02-27,12.05,12.33,0.008123521521479347,0.007272759329079657,0.0025031302181184748,-0.07965608481931004,-0.022970657239588823,12.352,12.608500000000001,12.81,3,27,2,12.35062665705261,12.875376462388411,34.49477351916377,-0.3704764426398306,-0.37389080428761845,13.265423451440661,11.951576548559341,0.019251333380887897,0.01712383597802216,0.027323698405575088,-35608700.0,-1.7003503186716398,0,0,-1,0,0,0.0024330900243308483,-0.45108156932904114,0.2979308239225268,0.27183246893584284,-0.01632653061224487,-0.08712121212121204,-0.34092782692137796,0.03485477178423236,0.0
2003-02-28,12.07,12.05,-0.02125999942684934,-0.015416126806251675,0.000832986303891771,-0.2618727968808069,0.0016583751727761256,12.321000000000002,12.557,12.747333333333332,4,28,2,12.29960362849759,12.823416690621418,39.14728682170539,-0.36955207652306044,-0.37302305873470687,13.213180334648204,11.900819665351797,0.01786498792722344,0.017158387095041562,0.02701830195174067,-34199700.0,-1.4843480497204937,0,0,-1,0,0,0.004149377593360907,-1.022177071869826,0.28986247518145364,0.2723809509147598,-0.02108678021086774,-0.07862595419847329,-0.15752886680055117,0.01822700911350461,0.0
2003-03-03,12.56,12.07,0.004946423935325617,0.029804864258351303,0.01241224044612888,0.5381148725628874,0.03979412593061245,12.315999999999999,12.5325,12.705,0,3,3,12.346948423316208,12.806422065420037,45.104895104895114,-0.32552811929171277,-0.36352407084610805,13.146404672867458,11.918595327132543,0.021684711247693226,0.019840342950499565,0.02822486303691733,-31786400.0,0.08959045667970374,0,0,-1,0,0,0.007456503728251852,0.44147862683228534,0.3667144156696175,0.314955680239532,0.04318936877076429,-0.037547892720306564,0.0591227798771648,0.03503184713375792,0.0
2003-03-04,12.33,12.56,0.023568746372695685,-0.0015885626851378416,0.0065574005461590396,0.010141907511184385,-0.01848184386379977,12.27,12.5155,12.665000000000001,1,4,3,12.34386689180417,12.775685157973584,41.74757281553398,-0.30567427109858514,-0.3519541108966035,13.132196632747565,11.898803367252434,0.02171856615034095,0.019191576887788647,0.02815362229913515,-34224300.0,-0.6015923880548596,0,0,-1,0,0,-0.008757961783439586,0.7619397604872676,0.39942953156452415,0.30465683827358225,0.0065306122448980375,-0.026835043409629056,0.9813438713277097,0.027575020275750192,0.0
2003-03-05,12.4,12.33,-0.012121360532344737,0.00158856268513774,0.0,-0.2887354457374148,0.00566115543473828,12.261,12.494,12.650666666666666,2,5,3,12.354072911476138,12.751447405846257,44.88448844884488,-0.2810517487695119,-0.3377736384711852,13.094294664486206,11.893705335513793,0.020664485724436424,0.018990150434994958,0.026615747655948773,-32397800.0,-0.3131795285252259,0,0,-1,0,0,-0.0024330900243308483,-0.3216361267282928,0.3988050162200341,0.3014592924642103,0.005677210056772131,-0.03351519875292286,1.0185344563617638,0.029032258064516082,0.0
2003-03-06,12.48,12.4,0.008097210232619303,-0.0023837913552762504,0.0024479816386400372,0.013810571832622723,0.006430890330290331,12.284,12.466,12.656666666666666,3,6,3,12.376968745753203,12.733934669985208,51.79856115107913,-0.2521759634829799,-0.3206541034735441,13.008524314274512,11.923475685725487,0.019655391708225625,0.01862412745439172,0.025514814603116675,-30545900.0,0.05161059009391149,0,0,-1,0,0,0.0,-0.20237160636362864,0.3367273855443042,0.2956488577793456,0.03568464730290444,-0.04294478527607348,0.8901774323774273,0.024038461538461595,0.0
2003-03-07,13.51,12.48,0.006430890330290331,0.07581125991009342,0.00811692768157639,0.9681130725332023,0.07930278903082592,12.402000000000001,12.4945,12.658666666666667,4,7,3,12.58297442834353,12.784003400953905,62.569832402234645,-0.1445134426632393,-0.2854259713114832,13.182302756303745,11.806697243696256,0.032247295657728034,0.026459562868746574,0.02418503158960786,-25669900.0,2.952881449493751,0,0,-1,0,0,0.0,3.5901206841226596,0.6216224871769742,0.42003253890109327,0.11930405965202984,0.044049459041731076,0.8954195538134689,0.08808290155440424,0.0
2003-03-10,13.01,13.51,0.07187333435230561,-0.011123585218662429,0.044276006379369515,-0.26027866397866173,-0.03771185944769357,12.498999999999999,12.5135,12.658333333333333,0,10,3,12.660615441371977,12.798583826698815,52.820512820512825,-0.09840162785958739,-0.24802110262110402,13.237124648266647,11.789875351733354,0.03402167204715034,0.027293847294877424,0.024434017251402113,-29428500.0,1.3722583971933622,0,0,-1,0,0,-0.00740192450037007,1.834778331787082,0.722286837248573,0.43327639358651204,0.035828025477707026,0.0300870942201108,1.361954890073578,0.03689469638739434,0.0
2003-03-11,12.51,13.01,-0.03799849243503607,-0.03259098601764322,-0.04104759356725029,-0.4675058201719823,-0.039189968045594104,12.525,12.497,12.648,1,11,3,12.633230815667979,12.779965515298892,50.24390243902439,-0.10103879144237204,-0.21862464038535764,13.204139530637027,11.789860469362972,0.03682361536383241,0.02847396870786054,0.025290599286060905,-31783500.0,0.03676784972914425,0,0,-1,0,0,-0.007686395080707121,0.15072030604651726,0.7800445602962023,0.4520102402402049,0.014598540145985384,-0.025700934579439227,1.2063285978918432,0.045563549160671485,0.0
2003-03-12,12.89,12.51,-0.03227356055029571,-0.006957894324847857,0.003218023694200793,0.08033663801416235,0.029923492472276207,12.581,12.499500000000001,12.637666666666666,2,12,3,12.679916121910164,12.787064514311869,57.547169811320764,-0.07164011571444107,-0.18922773545117436,13.212077973572812,11.78692202642719,0.03785687999096174,0.02932326272639003,0.025321133624783203,-29231500.0,1.0960204061376262,0,0,-1,0,0,-0.0007993605115907104,0.36288240164363417,0.803068931605404,0.4654923648182272,0.039516129032258096,0.003894080996884819,0.6754431194302598,0.034134988363072244,0.0
2003-03-13,13.49,12.89,0.0620353909194527,0.045496853268568435,0.047067510857985946,-0.1071472031360641,0.045496853268568435,12.725,12.5385,12.647333333333332,3,13,3,12.82720409974468,12.832415190807879,62.18487394957983,7.269422298961103e-05,-0.15136764951634157,13.374310983416754,11.702689016583248,0.03853652661766964,0.030927195826969754,0.026738470754803876,-26938800.0,2.2768305726500895,0,0,-1,0,0,0.031807602792862696,0.007167532054241452,0.8450836814190669,0.4909540134405394,0.08092948717948723,0.06136900078678198,-0.03190594109111141,0.0326167531504818,0.0
2003-03-14,13.38,13.49,0.013443070256452904,0.022719921943494568,0.02272825107755609,0.306916238306225,-0.008187615519582041,12.856,12.5885,12.656666666666666,4,14,3,12.927712445245648,12.867743243013823,64.6288209606987,0.047482186974844964,-0.11159768221810426,13.500554361260782,11.676445638739217,0.038952085454507644,0.03028610346449558,0.02674512392884314,-30055100.0,1.7356421582280857,0,0,-1,0,0,-0.0007412898443291168,0.9448047475110032,0.6144935728704293,0.4807769876893621,-0.00962250185048108,0.08077544426494354,0.3224638217199965,0.03363228699551577,0.0
2003-03-17,13.65,13.38,-0.014947961435873252,0.005059642163581147,-0.02196226099797352,0.04964093361718299,0.019978466930886295,12.965,12.6405,12.676666666666668,0,17,3,13.059037455200984,12.9182114208839,65.08620689655173,0.10562373044738393,-0.06815339968500662,13.66888606307987,11.612113936920128,0.03774640520973965,0.030327862768807893,0.02695271814563924,-26780200.0,1.963270480303266,0,0,-1,0,0,-0.007473841554559149,1.0250747177125599,0.5342014472919097,0.4814398960941628,0.04919292851652579,0.08247422680412386,-0.6851148606583497,0.05934065934065925,0.0
2003-03-18,14.18,13.65,0.03477968006429261,0.023513730280474772,0.05148470026429528,0.0853815010086999,0.03809299947301257,13.15,12.709999999999999,12.727,1,18,3,13.262848826982623,12.999617135665584,68.17288801571709,0.19225173481535762,-0.016072372784933772,13.947535751743024,11.472464248256975,0.0374789125894825,0.031232119487010906,0.02711537697334736,-23213400.0,2.3756889413975446,0,0,-1,0,0,0.0073260073260073,1.2248128407302779,0.3372453242090314,0.49579452648051037,0.13349320543565146,0.10867865519937459,-1.1628583391887404,0.03173483779971786,0.0
2003-03-19,14.27,14.18,0.030793696991401207,0.009113277232865534,0.003629768050578731,0.042995250889975856,0.006326910384763488,13.337,12.799,12.775,2,19,3,13.445967222076689,13.081577320461353,72.65306122448979,0.26511126262712637,0.040164354297478264,14.213316275207157,11.384683724792842,0.03746159237546156,0.03047323993024253,0.027071550620042,-19489900.0,2.0801570706446673,0,0,-1,0,0,0.0,1.2612740497760795,0.3581061008349171,0.4837476869869501,0.10705973622963527,0.14251401120896712,-0.14722908036806984,0.03714085494043443,0.0
2003-03-20,14.24,14.27,0.006326910384763488,0.0013947003655495568,0.004338401598598141,-0.4086257307587595,-0.0021045255049152757,13.513,12.898500000000002,12.815,3,20,3,13.590336818062745,13.156314267528362,72.09775967413442,0.3167805648998563,0.09548759641795387,14.425689024249957,11.371310975750047,0.03776894881977363,0.02993035576460487,0.02698814174747229,-21964400.0,1.756822474099231,0,0,-1,0,0,0.0,-0.1560181692042925,0.29897769857515155,0.4751296680289978,0.055596738324684924,0.16244897959183668,0.802229482460572,0.034410112359550576,0.0
2003-03-21,15.28,14.24,0.015299324843846074,0.0660617506780927,0.03474294844387305,0.5552939024927002,0.07048987775454459,13.690000000000001,13.046000000000001,12.892999999999999,4,21,3,13.8975483056877,13.29332625026847,74.9084249084249,0.4366151400149594,0.163713105137355,14.880848624187909,11.211151375812094,0.03592595539174569,0.03326954283086208,0.029740380490605886,-17652700.0,2.4350782626427865,0,0,-1,0,0,0.0175561797752809,1.6828784641953491,0.4748231421725398,0.5281376193796374,0.14200298953662172,0.2392538523925385,0.9757758888810784,0.06413612565445029,0.0
2003-03-24,14.39,15.28,0.010981579130485225,-0.04537135742064644,-0.006993035490970525,-0.44237664031853274,-0.06001126283909789,13.828,13.163500000000003,12.951666666666666,0,24,3,13.987084977380846,13.364079395412439,66.83006535947715,0.4545298055323208,0.22187644521634814,15.027838742656085,11.29916125734392,0.03964336502248446,0.03597820441699603,0.03153513467999158,-20423000.0,1.3157480150336098,0,0,-1,0,0,-0.041230366492146536,-0.023604887008829626,0.7780644100106496,0.5711362890361026,0.05421245421245424,0.19518272425249172,-0.32064430367346775,0.027797081306462846,0.0
2003-03-25,15.12,14.39,-0.02418079819721474,0.03685509238915429,0.0035026305512020745,0.39512412954385606,0.049484849852110414,14.088999999999999,13.306999999999999,13.027666666666667,1,25,3,14.193069526947966,13.47736459570841,70.0589970501475,0.5216193035241883,0.28182501687791617,15.311805805006934,11.302194194993064,0.03728756223285367,0.03711396945896647,0.03257255447339722,-16310300.0,1.8086539808215782,0,0,-1,0,0,-0.006254343293954125,1.3283951709644635,0.8083299062919693,0.5891660001292304,0.06629055007052176,0.2342857142857142,-0.394323745509493,0.05952380952380943,0.0
2003-03-26,14.61,15.12,0.04779066383634848,-0.003294895896852538,0.01526747213078838,-0.7494863739859431,-0.03431214498877882,14.261,13.421000000000001,13.086666666666666,2,26,3,14.26887506750288,13.550437847598191,64.77115117891817,0.52755416031526,0.3309708455653849,15.451026185986157,11.390973814013845,0.04062021766476362,0.03844987540888141,0.033358365790476234,-18254000.0,1.1714134607799656,0,0,-1,0,0,-0.007936507936507886,-0.9438565321992003,0.8790641395452878,0.6103728496399089,0.02382620882971276,0.18491484184914841,0.15852235967473854,0.04312114989733065,0.0
2003-03-27,14.33,14.61,-0.026343975339601977,-0.027435645194187668,-0.02087758502155514,0.30391023017920504,-0.01935098392252762,14.344999999999999,13.535,13.140666666666666,3,27,3,14.279988691593264,13.600732180011212,56.346749226006196,0.503855781330314,0.36554783271837077,15.495746367021878,11.574253632978122,0.03996171912888841,0.038302906975055215,0.033538600724446276,-20888000.0,0.8109156935045128,0,0,-1,0,0,0.0,-0.27101704760735695,0.8970565733808128,0.6080397980810244,0.006320224719101208,0.1892116182572614,0.4162549174093817,0.0362875087229588,0.0
2003-03-28,14.3,14.33,-0.01935098392252762,-0.023336680179235614,-0.009184098464506006,-0.457537989354184,-0.0020957045742188815,14.437000000000001,13.6465,13.204666666666666,4,28,3,14.283627111303579,13.645846232913714,60.7679465776294,0.47715356666882514,0.38786897950846166,15.50756110083808,11.78543889916192,0.0397556202991156,0.03835193908803214,0.03306976181669421,-22554900.0,0.7022875280190581,0,0,-1,0,0,0.0,-1.3582896994472482,0.6494076226504099,0.6088181587441821,-0.06413612565445015,0.18475559237779615,0.9028145936966064,0.02167832167832171,0.0
2003-03-31,14.36,14.3,-0.01973284606032563,0.015162247739677455,-0.022973013170025376,0.32320358430492807,0.004187026354216453,14.508,13.736500000000001,13.263,0,31,3,14.297513091066564,13.691920669499925,66.66666666666669,0.45558170541929854,0.401411524690629,15.549810726123269,11.923189273876734,0.039504274959559944,0.03764082184208067,0.0329753280889267,-20252000.0,0.6876923971359257,0,0,-1,0,0,-0.01748251748251748,-0.6480114970102365,0.508263569327832,0.5975295224294016,-0.0020847810979848225,0.14331210191082788,1.0835953303718158,0.059192200557103045,0.0
2003-04-01,14.18,14.36,0.022520304311178584,-0.003425834114518862,0.02297301317002546,-0.15162806349911248,-0.012614042516096716,14.508000000000001,13.828999999999999,13.309333333333335,1,1,4,14.276147074509007,13.723409658564446,62.05607476635516,0.4191298858600483,0.40495519692451293,15.525174022849505,12.132825977150492,0.03804196416064972,0.03745496558838296,0.033074504677480715,-22230900.0,0.41387262777475436,0,0,-1,0,0,0.0006963788300835506,-0.9602513298844139,0.2357311497345535,0.59457914586806,-0.062169312169312096,0.15004055150040552,-0.4639278173010874,0.03385049365303247,0.0
2003-04-02,15.02,14.18,-0.008385793376273959,0.033077602164634165,0.011291580804070741,0.28040414914044465,0.05755012523200716,14.582999999999998,13.959999999999999,13.393666666666666,2,2,4,14.411393060961913,13.807060648334483,63.68515205724509,0.45280290602462436,0.41452473874453527,15.595076048448671,12.324923951551327,0.04235538144868849,0.039179975226156974,0.03413912246991062,-19611500.0,1.29657577824066,0,0,-1,0,0,0.004936530324400584,-0.3230150464506981,0.4944005904629223,0.621962824932498,0.02806297056810414,0.21129032258064506,1.777767458890279,0.05392809587217048,0.0
2003-04-03,14.68,15.02,0.05129329438755048,-0.00399202126953745,0.018770102681990468,-0.09517275319373586,-0.022896623149619176,14.626999999999999,14.070000000000002,13.474666666666668,3,3,4,14.460230686241566,13.863379316183872,61.16838487972509,0.4469022476803488,0.421000240531698,15.5768265712382,12.563173428761804,0.04327595104234527,0.03986616951301145,0.0342343327638766,-21993100.0,0.8096485841748126,0,0,-1,0,0,-0.0013315579227696122,-0.6356566971647087,0.5059796382427656,0.6328558215370396,0.02442428471737612,0.17628205128205132,1.6708337428274906,0.03269754768392374,0.0
2003-04-04,14.93,14.68,-0.019522666488863895,0.004655811536193956,0.013000525216696169,-0.42893712313615956,0.016886588364729442,14.591999999999999,14.141,13.561333333333332,4,4,4,14.545643288743099,13.932193553849428,61.034482758620705,0.45712934159659824,0.42822606074467806,15.670374140999476,12.611625859000524,0.03641156931017017,0.036001589546090125,0.03428713758493056,-20442200.0,1.031794613036118,0,0,-1,0,0,0.002043596730245309,-1.5311201125087455,0.5067457958057684,0.5715075164518633,0.04405594405594404,0.10510732790525545,1.0866782546034384,0.024112525117213627,0.0
2003-04-07,15.15,14.93,0.03932529378504357,0.030067624522191458,0.02616720920753235,0.741418310122073,0.014627920404279193,14.668000000000001,14.248,13.665,0,7,4,14.655526327153446,14.010761711665594,58.83424408014573,0.47748242837888455,0.43807733427151935,15.743264102706304,12.752735897293695,0.030687227837528367,0.03460916988762226,0.0338227667022313,-17187000.0,1.2064758304134446,0,0,-1,0,0,0.024782317481580777,0.6632800623835329,0.5058974270874309,0.5494035396302025,0.05501392757660173,0.16448885472713304,0.7646649930792352,0.028382838283828364,0.0
2003-04-08,14.82,15.15,-0.009192448184164259,-0.02213632055291426,-0.02074346709817023,-0.6916737028866723,-0.02202291208743734,14.638,14.363499999999998,13.750666666666666,1,8,4,14.685430631307364,14.062970633493622,54.79930191972078,0.46166239747179816,0.44279434691157515,15.63338229873148,13.093617701268517,0.027201526797351716,0.03361420757129479,0.03421043904508079,-18817000.0,0.7189642700839463,0,0,-1,0,0,0.000660066006600646,-1.3375080677900364,0.5365240794075844,0.5336090025129029,0.04513399153737674,0.184652278177458,0.6726491795608815,0.026990553306342802,0.0
2003-04-09,14.81,14.82,-0.017299167262812106,0.0,-0.0027081939368795434,-0.001104904660930612,-0.0006749915882333652,14.658000000000001,14.4595,13.833333333333334,2,9,4,14.708079607433298,14.111166076494033,54.991243432574436,0.44320895562183793,0.44287726865362775,15.535916569725176,13.383083430274825,0.02477332691139974,0.0332924277936879,0.03423859249604604,-20445200.0,0.6512348654935473,0,0,-1,0,0,0.005398110661268561,-1.2288853047859158,0.30317346165873366,0.5285009069020379,-0.013981358189081194,0.1489526764934057,-0.12166848236549681,0.029709655638082342,0.0
2003-04-10,14.54,14.81,-0.0128336783380673,-0.02533468832797396,-0.024014876203873853,0.5298909691413308,-0.018399156174334148,14.678999999999998,14.512,13.916333333333334,3,10,4,14.677519678809062,14.138832781236355,42.510121457489866,0.40216185496307233,0.4347341859155167,15.486962347451087,13.537037652548914,0.02468781989752478,0.03243229636774404,0.0341155666161037,-23211100.0,0.0574381155809783,0,0,-1,0,0,-0.006752194463200516,0.09618563759675872,0.2860183793086069,0.514846743814765,-0.0095367847411445,0.0778354336545588,-0.09089406555839749,0.02819807427785421,0.0
2003-04-11,14.7,14.54,-0.004770026080180634,0.005924347474376986,0.007609860314141405,-0.6885660561263922,0.01094402167931721,14.719,14.578,14.004,4,11,4,14.681607009934687,14.175037117930785,53.68171021377671,0.378182937296371,0.4234239361916876,15.396460686127806,13.759539313872192,0.02480987832930995,0.03232946274691701,0.03410934256755075,-21821800.0,0.2981206112102713,0,0,-1,0,0,0.006877579092159658,-1.3777825456582966,0.26334686528020856,0.5132143106920172,-0.015405224380442117,0.09865470852017921,-0.16935358782420495,0.026394557823129248,0.0
2003-04-14,14.93,14.7,0.004089985251525066,0.004821222677452555,0.008236148135936577,-0.062137317944973354,0.015525117766408438,14.776,14.642000000000001,14.083,0,14,4,14.726769371764744,14.223744400644929,47.43935309973047,0.37343383727492174,0.4134259164083345,15.347276354943267,13.936723645056736,0.025131583003911936,0.03223471570683333,0.03356546190907398,-20516200.0,0.8167011356085128,0,0,-1,0,0,0.0,-1.3158225616895933,0.2672594032601036,0.5117102480588919,-0.014521452145214608,0.09377289377289366,-0.13725055712752005,0.022772940388479563,0.0
2003-04-15,15.39,14.93,0.019535818329815807,0.032854466153437865,0.014925650216675574,0.6333766860603992,0.030345336299688944,14.897,14.7025,14.184999999999999,1,15,4,14.847356758716609,14.298986697377513,60.655737704918046,0.4021525328447275,0.41117123969561314,15.447387840373832,13.95761215962617,0.02566087830201909,0.031839049640111146,0.033520797907696284,-18056500.0,1.845915486162238,0,0,-1,0,0,0.004018754186202311,0.016561229189046452,0.2917091520079767,0.5054292439702479,0.03846153846153855,0.08533145275035259,-0.34832917587597817,0.0402858999350228,0.0
2003-04-16,15.25,15.39,0.028930354260563087,0.006443321260932186,0.01603240753104901,-0.10659448941279548,-0.009138444797367227,14.920000000000002,14.751500000000002,14.28,2,16,4,14.920564620768134,14.3603423943209,63.06818181818181,0.4089019093413597,0.4107173736247625,15.505472636666644,13.99752736333336,0.018845982691325314,0.031980870016442904,0.03366359680289393,-20267500.0,1.3223291556147072,0,0,-1,0,0,0.0025990903183885083,-0.1933974877194919,0.3123587260840434,0.5076805726499405,0.029709655638082255,0.06867554309740709,-0.08182888313332697,0.0314754098360656,0.0
2003-04-17,15.52,15.25,-0.0150182385228388,-0.0032164710908343364,0.006605043827924042,-0.2549652013275027,0.01755001170165202,15.004,14.8155,14.381333333333334,3,17,4,15.029552871537565,14.435159014042133,66.22340425531914,0.43106849309978656,0.41478759751976735,15.603207533221992,14.027792466778008,0.01731814191293279,0.03209474376185554,0.03371463297390065,-18554100.0,1.7887349562809287,0,0,-1,0,0,-0.0032786885245902103,-0.7424367837848433,0.2298208940768054,0.5094882623172683,0.06740027510316371,0.0898876404494382,-0.7638238856819393,0.02126288659793815,0.0
2003-04-21,15.16,15.52,0.02018954933621684,0.034202193763542804,-0.00660504382792393,0.32039376045639784,-0.02346913454084701,15.027000000000001,14.8095,14.436333333333332,0,21,4,15.053270531258006,14.481922948620062,59.85221674876848,0.41480506449912724,0.4147910909156393,15.584028039654127,14.034971960345873,0.0189889799855478,0.02831747285171987,0.031058491759326547,-20914600.0,0.9050672979031695,0,0,-1,0,0,-0.0006443298969072028,0.1831703061723751,0.34826624782253696,0.44952594554084285,0.0312925170068028,-0.007853403141361182,-0.5016510499016507,0.06398416886543529,0.0
2003-04-22,15.67,15.16,-0.02282459697422188,-0.023945693596353807,-0.01132967800414277,-0.07982385144355574,0.033087676153703914,15.078999999999999,14.873500000000002,14.525,1,22,4,15.165403161938368,14.558573080967156,66.97038724373576,0.43801969947582897,0.4194368126276773,15.711047170706124,14.03595282929388,0.021239651062293346,0.025706178510827262,0.030490692109092495,-18735200.0,1.9019824264428757,0,0,-1,0,0,0.0,-0.03690842721749961,0.3982885164974029,0.40807293298488984,0.049564634963161325,0.08895066018068087,-0.5449417529769125,0.04850031908104657,0.0
2003-04-23,15.4,15.67,0.006574645642085385,-0.01025650016718911,0.017934721832066652,0.2390754281947744,-0.017380546948345985,15.137,14.8875,14.621333333333332,2,23,4,15.208057132495028,14.612858688646696,54.9738219895288,0.42967766477693914,0.4214849830575297,15.751343918650475,14.023656081349523,0.02067698882316028,0.023697975700721484,0.02964329510757466,-21503200.0,1.1865569437605001,0,0,-1,0,0,-0.026164645820038298,1.1892626789388931,0.38577126357047437,0.3761937016785641,0.0006497725795970855,0.0185185185185186,0.6587621997406194,0.021428571428571432,0.0
2003-04-24,15.31,15.4,0.012373977487443526,-0.0038734715957966636,-0.001976936393455881,0.010851315561625269,-0.005861299749991118,15.187000000000001,14.9225,14.702,3,24,4,15.226592199314112,14.657835547443685,58.82352941176471,0.411065783861547,0.41940114321833316,15.795676294974385,14.049323705025614,0.020871600836845017,0.022315826086235505,0.029410779499801906,-24301400.0,0.8875641774296407,0,0,-1,0,0,0.0032467532467531776,1.1279816886625882,0.3814119394091769,0.3542527567508819,0.003934426229508237,0.047912388774811854,0.5644444537861779,0.019595035924232573,0.0
2003-04-25,15.11,15.31,-0.011064219605380015,-0.0038885337396924805,-0.003965636393346954,-0.13898852986394583,-0.013149433384944209,15.244,14.961500000000001,14.756,4,25,4,15.205393617620636,14.68700744760861,52.55681818181817,0.37584489956758915,0.4106898944881844,15.791877846778792,14.13112215322121,0.02033016111681613,0.022043000640825317,0.028590665309846858,-26736500.0,0.35766850133601436,0,0,-1,0,0,-0.001959503592423327,0.4898356832324129,0.35844815685713705,0.3499217870715672,-0.026417525773195893,0.05443126308443813,1.8155771056537406,0.019854401058901436,0.0
2003-04-28,15.7,15.11,-0.0019652806849537567,0.025642430613337652,0.007258362450322901,-0.11171854947633504,0.03830393606961412,15.344,15.0315,14.833333333333334,0,28,4,15.29532205078052,14.75236180582741,57.06940874035988,0.3910325839575943,0.4067584323820664,15.863119219544446,14.199880780455553,0.023138044190612828,0.023430273228997097,0.029181268719027133,-24558800.0,1.6077069511842161,0,0,-1,0,0,0.009265387160820687,-0.033791342279089295,0.4267632021162874,0.37194405668532393,0.03562005277044844,0.0979020979020977,0.5299284701506649,0.037579617834394896,0.0
2003-04-29,15.78,15.7,0.02269141120207067,0.009448889197932289,0.0188869176539994,0.17716524501501416,0.00508260306346581,15.429000000000002,15.102499999999997,14.904333333333334,1,29,4,15.38344531427497,14.818661044161127,63.18681318681317,0.4048573214830089,0.4063782102022549,15.935196949992152,14.269803050007843,0.02293159752252573,0.023429636564789906,0.02905377230251652,-21959000.0,1.6272426601451722,0,0,-1,0,0,-0.0063694267515923345,0.727334803290881,0.35845365995431355,0.3719339499543586,0.007019783024888371,0.09888579387186636,1.5310537228093353,0.02851711026615965,0.0
2003-04-30,15.96,15.78,0.018419066293133404,0.009981367958029353,0.01980262729617973,0.3200679364730758,0.01134227660393451,15.485999999999999,15.191500000000001,14.963666666666665,2,30,4,15.488273438952248,14.892295815505571,65.09186351706036,0.42543388425667494,0.4101893450131389,15.988792127668411,14.394207872331592,0.021344989633642182,0.02309674489682487,0.028384568608937708,-18378500.0,1.927775211445749,0,0,-1,0,0,0.006970849176172447,2.1041565516762546,0.3191751531746247,0.3666494585525928,0.036363636363636376,0.12552891396332866,1.086919938470204,0.01879699248120294,0.0
2003-05-01,15.95,15.96,0.001257861801070929,-0.004354594750514625,-0.010171734235218437,-0.5701796989747786,-0.0006267627908092267,15.556000000000001,15.238,15.019666666666666,3,1,5,15.572223722779112,14.960534795150375,69.85915492957744,0.4359091527060528,0.41533330655172174,16.0991033314117,14.376896668588298,0.020938486198272967,0.01944995251948032,0.028396072781902773,-20403000.0,1.653692359621323,0,0,-1,0,0,-0.0031328320802005457,-0.38680091575870057,0.30754673698252544,0.3087584242713546,0.04180274330502942,0.06191744340878835,1.0474135774991382,0.024451410658307134,0.0
2003-05-02,16.75,15.95,0.003764119877225692,0.048671406375812236,0.020241045240758756,0.8576522815336808,0.0489394290402219,15.679000000000002,15.3415,15.103333333333332,4,2,5,15.786364864091999,15.07598416320519,74.46300715990452,0.5029663100073485,0.43285990724284706,16.396079487159096,14.286920512840902,0.025250034444719606,0.021103844040788862,0.02958055214096532,-15630000.0,2.671206897441784,0,0,-1,0,0,0.0012539184952978903,2.8818578869187172,0.35394251004989513,0.3350131382365187,0.10853739245532767,0.14100817438692093,0.5844993046858493,0.05194029850746264,0.0
2003-05-05,16.52,16.75,0.05066692418229222,0.003556613114847021,0.029005427401112907,-0.4641294432403049,-0.01382649017824351,15.814999999999998,15.421000000000001,15.144666666666668,0,5,5,15.919753070620725,15.16914647525647,68.97374701670643,0.5314245807134093,0.45257284193695957,16.57956353890674,14.262436461093262,0.024104747020708035,0.02143936870265062,0.026905383183374456,-18630700.0,1.8971769145040644,0,0,-1,0,0,0.002985074626865714,0.6704557242775017,0.38178423479333434,0.34033942712061016,0.05222929936305731,0.1064969859343603,1.4041870231076072,0.027845036319612427,0.0
2003-05-06,16.37,16.52,-0.018018505502678365,-0.012503884255283896,-0.011624480852287436,-0.0652341563327589,-0.009121376709788399,15.885,15.482,15.210666666666667,1,6,5,16.001616148689685,15.246620896207666,62.628865979381445,0.5356990141074629,0.46919807637106026,16.70704736750522,14.256952632494778,0.022989667672558896,0.021548155438636085,0.024432931006871602,-21441900.0,1.4497398607670036,0,0,-1,0,0,-0.0012106537530266086,0.4756886343993797,0.4067783999205041,0.34206636301677007,0.03738910012674279,0.08052805280528053,1.5360126549318942,0.026878436163714187,0.0
2003-05-07,15.96,16.37,-0.00790998952349133,-0.017528402843591168,-0.018007316754083784,-0.10310226933898517,-0.025364799361380797,15.940999999999999,15.538999999999998,15.238666666666667,2,7,5,15.99404957620065,15.29264535451685,58.55421686746988,0.500236544383629,0.47540576997357403,16.74020816373827,14.337791836261728,0.023928430677354375,0.02176571638990532,0.023393354335409705,-23977700.0,0.7009609370116368,0,0,-1,0,0,0.0,0.07704850889694367,0.4637570165701284,0.3455200360491123,0.0,0.07692307692307687,1.7330448197574435,0.027568922305764267,0.0
2003-05-08,15.94,15.96,-0.03607356311549291,-0.008573230710487989,-0.016424879667400416,-0.08408311721054144,-0.0012539186595938098,16.003999999999998,15.595500000000001,15.283,3,8,5,15.984222380527804,15.334410170354474,55.38461538461538,0.4651564151768248,0.4733558990142242,16.758010441379206,14.432989558620795,0.023765651224450582,0.02177254604702362,0.02241057212143807,-26309000.0,0.5926828486654837,0,0,-1,0,0,-0.010651629072681811,-0.23871110711693175,0.4638601513870037,0.3456284534947615,-0.0006269592476488839,0.07629979743416593,1.7532799896341345,0.03513174404015071,0.0
2003-05-09,15.97,15.94,0.008827295654406467,-0.015494577111041229,0.0012730746467981126,-0.5032619699903841,0.001880288864852128,16.09,15.666999999999998,15.337666666666669,4,9,5,15.981636493159112,15.375415965815478,61.344537815126046,0.43476421804697196,0.46563756282077373,16.72760757165528,14.606392428344716,0.023011012619295522,0.021151917041378684,0.02201391773418263,-24899600.0,0.5713706145376898,0,0,-1,0,0,-0.0006273525721455324,-1.3102966266633986,0.16973486763887985,0.3357762734625427,-0.04656716417910445,0.09834938101788171,-0.6380351758823563,0.01815904821540394,0.0
2003-05-12,16.15,15.97,-0.00125628157226167,0.014263807724908453,0.006341175338447247,0.02189561156234044,0.011208087441744334,16.134999999999998,15.739499999999998,15.399333333333335,0,12,5,16.012248039857454,15.425389129311254,57.407407407407376,0.42035706396464256,0.4565814630495475,16.716745861431033,14.762254138568961,0.02003373849184898,0.021156048817842932,0.022024736379871193,-23459000.0,0.8401161185761021,0,0,-1,0,0,-0.0037570444583594547,-1.2797306076302295,0.21636733670234046,0.3358418633805265,-0.022397094430992803,0.09863945578231292,-0.7692169500265751,0.026006191950464285,0.0
2003-05-13,15.93,16.15,0.01497220731896989,-0.005557285064866353,0.0044150182091169145,0.3509735908735208,-0.013715925746708347,16.15,15.789499999999999,15.451666666666666,1,13,5,15.997293850792461,15.45794466935569,58.30721003134795,0.3867291561911408,0.44261100167786616,16.691812234440455,14.887187765559544,0.02068094261658473,0.021386417823986804,0.022266416096923335,-25505300.0,0.3114221322447844,0,0,-1,0,0,0.0,-0.5856763553716862,0.22473853919841988,0.3394988579807293,-0.026878436163714214,0.06697923643670456,-0.4638944916461609,0.016321406151914502,0.0
2003-05-14,15.78,15.93,-0.00995652282280253,-0.006211200092640524,-0.013303965626362928,-0.06527182028313888,-0.00946080850422896,16.132,15.809000000000001,15.504999999999999,2,14,5,15.957785877921104,15.478722432623066,57.230769230769205,0.34400952296470955,0.4228907059352348,16.691601418057875,14.926398581942129,0.020579930092013005,0.02055434912782943,0.02219517028733712,-27422300.0,-0.06571482756919872,0,0,-1,0,0,0.0037664783427495607,-0.7125369227685785,0.15504477698598382,0.3262901769182043,-0.011278195488721887,0.02534113060428833,0.303733066974923,0.023447401774398035,0.0
2003-05-15,15.76,15.78,-0.012586698578312235,-0.009389740349839032,-0.0012763243596046784,0.07145896398214505,-0.0012682309879950536,16.113,15.8345,15.529666666666666,3,15,5,15.921824809208175,15.496869372453837,60.58631921824104,0.30502394681334977,0.39931735411085784,16.677688809473256,14.991311190526746,0.02057982083161497,0.020417006012657984,0.019579141616193323,-29481300.0,-0.17671012509414366,0,0,-1,0,0,0.000633713561470202,-0.5123827739687344,0.1550391496375918,0.32410992255602095,-0.01129234629861986,0.03344262295081957,0.30521178796562304,0.0152284263959391,0.0
2003-05-16,16.05,15.76,-0.0019017438378175833,0.009389740349839137,-0.0006387735764947879,-0.09670989620151835,0.018233765146291818,16.043,15.861,15.575333333333333,4,16,5,15.945129389352141,15.5325552193923,56.31768953068594,0.29413753875387094,0.37828139103946046,16.695843824033087,15.026156175966914,0.012778591634241852,0.02044604441840194,0.0192445765998308,-27612100.0,0.4527792972988677,0,0,-1,0,0,0.0,-0.7799604412461164,0.21529052440591714,0.32457089295643077,0.0050093926111458575,0.034149484536082575,0.32115458333133884,0.024922118380062325,0.0
2003-05-19,15.48,16.05,0.0025348556031881157,-0.013170463189745121,-0.017402952908664285,0.06005800319226084,-0.03615998141444379,15.939000000000002,15.876999999999999,15.593666666666667,0,19,5,15.860560409469933,15.529164560076667,45.39877300613499,0.23678622145651396,0.3499823571228712,16.66629948955412,15.087700510445877,0.016029507621189647,0.0214041410269619,0.020300401380910247,-29597000.0,-1.0059552939132541,0,0,-1,0,0,-0.01557632398753894,-0.5955006391514387,0.31072858661456276,0.33978020510577506,-0.04148606811145494,0.02110817941952514,-0.055410524336177526,0.029715762273901748,0.0
2003-05-20,15.35,15.48,-0.023696273657851662,-0.020408871631207123,-0.015727716068195268,0.05708284042663952,-0.008433394128374986,15.837,15.861,15.600333333333335,1,20,5,15.767731244111763,15.517605556200754,40.498442367601236,0.1787840643550922,0.3157426985693154,16.680368177638226,15.041631822361776,0.01601811786708836,0.020080114041258344,0.020215738644902562,-31698500.0,-1.2473025288165935,0,0,-1,0,0,-0.003229974160206764,-0.43590170499429526,0.30726811307511787,0.31876192830591454,-0.03640929064657883,-0.02042118698149331,-0.31879786185038417,0.024755700325732835,0.0
2003-05-21,15.0,15.35,-0.022281393595311977,-0.014276686356682862,-0.011960275462971504,0.33500962645214305,-0.023065272930996104,15.741,15.841,15.606333333333335,2,21,5,15.62814374518235,15.484211649349096,36.61971830985916,0.10338312572172725,0.27327078399979776,16.72474561712596,14.957254382874039,0.01573950348597153,0.02035616201188675,0.020255521666189043,-34636300.0,-1.903262621510984,0,0,-1,0,0,-0.016938110749185654,0.647867961079952,0.3272849720675529,0.3231440539871555,-0.049429657794676785,-0.025974025974025983,0.21126771321768323,0.022666666666666658,0.0
2003-05-22,15.19,15.0,-0.003984069014874459,-0.003273325344969249,0.002670228555878892,-0.08537265581455722,0.01258711550547136,15.666,15.834999999999999,15.619000000000002,3,22,5,15.548481246058286,15.465230252616896,23.46938775510202,0.0582868561289569,0.2302739984256296,16.735397573005145,14.934602426994854,0.016793260857804956,0.020549966175972875,0.02037270578058308,-31938900.0,-1.432700441089069,0,0,-1,0,0,0.0019999999999999575,0.3414764486882253,0.3634352914624971,0.32622059971447936,-0.03616751269035534,-0.007838014369693114,-0.08067900833942836,0.016458196181698487,0.0
2003-05-23,15.4,15.19,0.013875346493617238,0.013029500290333897,0.006644542718668511,-0.7924543642220344,0.013730192811902037,15.609,15.849499999999997,15.647666666666668,4,23,5,15.52148465586587,15.46102184922226,30.821917808219183,0.039042920053379504,0.1920277827511796,16.70915660218722,14.989843397812773,0.017711344351333858,0.020543297094662964,0.02016650553950524,-30717700.0,-1.0457664115097463,0,0,-1,0,0,0.003291639236339744,-1.4246070053423316,0.34412229844600534,0.3261147313307636,-0.04049844236760125,0.019192587690271434,-0.1880969823541087,0.022727272727272704,0.0
2003-05-27,16.1,15.4,0.003929278139889557,0.0412102686466629,0.01250427612009233,0.9919346536084436,0.044451762570833796,15.604,15.869499999999999,15.694333333333335,1,27,5,15.626669263890257,15.502246246046631,46.10951008645534,0.07936128443800072,0.1694944830885438,16.733114802047567,15.00588519795243,0.023294605777888694,0.021204734833045445,0.021618851546776518,-27424800.0,0.5338028006317264,0,0,-1,0,0,-0.0064935064935064705,1.0323350849985329,0.410598598539286,0.3366147299118419,0.040051679586563305,0.025477707006369643,0.433705195033967,0.050310559006211314,0.0
2003-05-28,15.89,16.1,0.03909501395130559,-0.0018650922409961304,0.03217780832657975,-0.40108647909055206,-0.013129291441792736,15.6,15.875,15.726333333333335,2,28,5,15.674547579546573,15.52726261726943,48.92966360856269,0.09329320770870986,0.15425422801257702,16.73761536223149,15.01238463776851,0.023257872583801287,0.021428248022803187,0.021686527065932305,-29629700.0,0.03477795702872075,0,0,-1,0,0,-0.011801242236024924,-0.24805609691564248,0.4235146687417822,0.34016289180089254,0.03517915309446251,0.006970849176172411,0.45999808966690214,0.01762114537444941,0.0
2003-05-29,15.86,15.89,-0.0012578618010708929,0.0018650922409962126,0.000633111765370558,-0.09908617832926835,-0.0018897643419227483,15.607999999999999,15.87,15.742,3,29,5,15.708266201447195,15.548729545187532,48.78048780487806,0.10075219935717072,0.14355382228149577,16.73169966681515,15.008300333184847,0.023040376264176512,0.021279855977893617,0.021015759250809486,-31626600.0,-0.023209942826042534,0,0,-1,0,0,0.0,-0.42405871352020397,0.3497124333673404,0.3378072411166662,0.057333333333333236,-0.006265664160401085,0.8785089730874811,0.01891551071878945,0.0
2003-05-30,16.07,15.86,-0.0025204802253350747,0.008042109536082361,0.0012650223065867022,0.2426918305086008,0.013153963542719332,15.639,15.876,15.769333333333334,4,30,5,15.77403598300225,15.58235989711092,51.44508670520231,0.12220010222297795,0.1392830782697922,16.74170689095819,15.010293109041806,0.023354327721387957,0.021486766004217336,0.021033536703064144,-29081200.0,0.44818864681849807,0,0,-1,0,0,-0.0006305170239596335,0.23619534248718813,0.34986687714829806,0.34109183595717657,0.05793285055957864,0.007523510971786829,0.8514561063571804,0.025513378967019298,0.0
2003-06-02,16.17,16.07,0.021841741915048854,0.007366515816762646,0.014433887236517125,-0.0995108658852008,0.00620349383959436,15.651,15.847,15.791,0,2,6,15.846029440638205,15.62027216181344,50.29585798816572,0.14558862894436153,0.14054418840470606,16.62371643542061,15.070283564579386,0.022724343967073478,0.018137574923124605,0.020840720416859533,-26776900.0,0.8317063609580732,0,0,-1,0,0,0.008089607965152396,0.1255343238230885,0.35086983585396014,0.287925075794335,0.050000000000000044,-0.03462686567164164,1.1825954822525753,0.01855287569573288,0.0
2003-06-03,16.08,16.17,-0.006813281234046513,-0.0104519857129169,-0.002495322567401509,-0.3133081588261384,-0.005581409838195376,15.711000000000002,15.825,15.821666666666667,1,3,6,15.888569542340349,15.649932022341607,52.307692307692285,0.15507435638767397,0.14345022200129964,16.544253999494856,15.105746000505142,0.01905873240002296,0.01794108016568327,0.02036115397556149,-28461400.0,0.7090680070714644,0,0,-1,0,0,-0.004947433518862204,-0.9135162962268051,0.16237556783463267,0.28480581822162865,-0.001242236024844967,-0.026634382566586012,0.1649592522865669,0.010572139303482473,0.0
2003-06-04,16.35,16.08,-0.004360019364078721,0.01228516679457777,0.0,0.48641614117068155,0.01665163359244238,15.811000000000002,15.824000000000002,15.844333333333333,2,4,6,15.972465989187556,15.69509769831957,58.456973293768534,0.18227742653400014,0.15121566290783975,16.540112311097317,15.107887688902688,0.018906248614843073,0.01827236459693275,0.019684052523441686,-25721600.0,1.469043310242771,0,0,-1,0,0,-0.0037313432835820106,1.0894580612133504,0.15156375011716583,0.2900647955315102,0.028949024543738267,-0.0012217470983506562,-0.06668860199985885,0.022629969418960085,0.0
2003-06-05,16.2,16.35,0.004981330350204162,-0.007968169649176845,0.004362736742196802,-0.14368780771931677,-0.009216655104924176,15.931000000000001,15.835999999999999,15.871000000000002,3,5,6,16.013835809335273,15.727672040363469,56.28571428571425,0.18954732563400967,0.15888199545307374,16.569539364996775,15.102460635003222,0.016950355685355287,0.01744903616352153,0.019472082222632386,-28094700.0,0.99244844208627,0,0,-1,0,0,-0.015290519877675839,0.4123956446156401,0.1807454909979979,0.27699486183870325,0.021437578814627933,0.015037593984962294,-0.20900457972304282,0.010493827160493933,0.0
2003-06-06,16.53,16.2,0.021506205220963463,0.02191201484945705,0.01726306742378077,0.43408536648084184,0.020165669594594638,16.065,15.8655,15.911666666666667,4,6,6,16.107683844001585,15.77943513453357,56.77966101694912,0.21940781836895873,0.17098716003625075,16.661449614908857,15.069550385091144,0.017363469994184567,0.017971318563693984,0.01970077971032425,-24431700.0,1.6697036786080797,0,0,-1,0,0,0.0154320987654321,2.3173303034435784,0.20799013271229627,0.28528583790871664,0.02862476664592406,0.037013801756587306,-0.047839927881492154,0.015124016938898971,0.0
2003-06-09,16.51,16.53,-0.003044142381228244,0.0,0.0,-0.29779767312650984,-0.0012106539008961388,16.176,15.892500000000002,15.958333333333334,0,9,6,16.180832236001297,15.826568351660436,67.22408026755846,0.23870697571549648,0.1845311231720999,16.738440771847273,15.046559228152733,0.017513301503077842,0.017985424448833047,0.019490547809864818,-27151300.0,1.459913082689165,0,0,-1,0,0,-0.00786448880822762,0.7172686071167086,0.21349854237250487,0.28550976189331906,0.021026592455163806,0.033813400125234816,0.45399340977986996,0.015142337976983646,0.0
2003-06-10,16.51,16.51,0.0,0.004205473305397156,0.0024420036555515873,-0.3597367989094306,0.0,16.217000000000002,15.910500000000003,15.985333333333333,1,10,6,16.2406809203647,15.870660716069441,70.27972027972021,0.25110709072243687,0.19784631668216732,16.793997237358965,15.027002762641038,0.011229767961816356,0.017849673719578248,0.018275923498299138,-27151300.0,1.3571066770782043,0,0,-1,0,0,-0.0066626287098729845,-0.7241057377094224,0.2006602454554721,0.2833547858738959,0.02674129353233856,0.02229102167182684,0.2839850208855083,0.01695941853422175,0.0
2003-06-11,16.91,16.51,0.006684923101884018,0.01605743689585847,0.0006095702718469018,0.12708911443065216,0.023938904978452146,16.319,15.959500000000002,16.023,2,11,6,16.36237529848021,15.937714863419801,82.8178694158074,0.2898694931840282,0.21625095198253952,16.94979979511782,14.969200204882183,0.011647639899234478,0.018192676490000694,0.018721876047693896,-24996200.0,1.9196207142240482,0,0,-1,0,0,0.0,-0.28582540339697005,0.23187780031433336,0.28879978605115975,0.03425076452599374,0.06151914626490895,0.37142186857211834,0.03193376700177405,0.0
2003-06-12,16.99,16.91,0.020977694641672685,0.0029455102297569658,0.021104189951937635,0.3522430690919614,0.0047197727733516905,16.432000000000002,16.02,16.057333333333336,3,12,6,16.476488880574717,16.005604227070137,82.14285714285697,0.3233173071561133,0.23766422301725426,17.10722727977852,14.932772720221479,0.011313836842675427,0.017951968339380037,0.018651605654204186,-21931100.0,1.784355521685582,0,0,-1,0,0,-0.0029568302779420883,1.176643769245978,0.18828047997154854,0.28497866262062854,0.04876543209876538,0.07667934093789608,0.5183699835385004,0.014125956444967537,0.0
2003-06-13,17.02,16.99,0.010032542100887647,0.01285815494336866,0.00891006785655194,-0.17465793690294806,0.0017641874613874191,16.526999999999997,16.083000000000002,16.093,4,13,6,16.575309084106586,16.071049115646257,80.91603053435097,0.34823149408972753,0.25977767723174894,17.24989601755655,14.916103982443452,0.011187625084715672,0.01791921260332463,0.01864398029584105,-19357200.0,1.605970002300723,0,0,-1,0,0,0.0023543260741614304,0.29606192281448573,0.1664413605584952,0.28445868143094766,0.029643073200241954,0.07994923857868019,1.9938499562319036,0.01821386603995292,0.0
2003-06-16,17.34,17.02,0.00410196883401733,0.006944472352811215,0.010588334217010513,-0.12129067602503855,0.018626848207167652,16.644,16.1475,16.11266666666667,0,16,6,16.714343796087206,16.152916914636823,77.67857142857123,0.389309771669172,0.28568409611923357,17.44231354073203,14.852686459267971,0.011921519069420633,0.01793635801384187,0.016641949766080483,-17077300.0,1.8419640550342309,0,0,-1,0,0,0.004700352526439591,-0.2492479015690876,0.1730639066467373,0.28473085638507606,0.05027256208358555,0.08037383177570079,0.6407430060826158,0.01441753171856978,0.0
2003-06-17,17.15,17.34,0.008733679968754411,-0.0011540682181066394,0.0,0.15355523838386523,-0.01101779774044689,16.751,16.231,16.133666666666667,1,17,6,16.79355401498044,16.217244855627996,78.37837837837816,0.40190033362834754,0.3089273436210564,17.5595195559442,14.902480444055804,0.012655943732200975,0.015800607927114803,0.016563140428245405,-19735600.0,1.3834948772686322,0,0,-1,0,0,-0.005190311418685113,0.3602472074356623,0.22288469045107773,0.25082687483268934,0.038764385221077946,0.10788113695090429,-0.13234204224267393,0.013411078717201192,0.0
2003-06-18,17.14,17.15,-0.008733679968754553,-0.005209852594450854,-0.004104373982271508,0.06551846065714187,-0.0005832604423150553,16.83,16.320500000000003,16.159333333333333,2,18,6,16.856544194074903,16.27677744558748,79.09090909090898,0.4063869524438992,0.328419265385625,17.640268320976254,15.000731679023751,0.012278417827557767,0.01553973565011434,0.016450364779195946,-22573900.0,1.2418846353181174,0,0,-1,0,0,-0.0029154518950435665,0.6150211433274501,0.17052000305341677,0.24668565581932306,0.013601419278533422,0.11661237785016287,0.5136053221235166,0.012252042007001217,0.0
2003-06-19,16.91,17.14,-0.001170275148190543,-0.00174266672043091,-0.01420142210616785,-0.28202569044459896,-0.013509750259144786,16.901,16.416,16.191,3,19,6,16.86626343151583,16.317630513614095,68.91891891891883,0.38692334094675473,0.340120080497851,17.603201929350043,15.228798070649958,0.012873992418544802,0.014757777177668257,0.015928072159819777,-24714700.0,0.8322088901429763,0,0,-1,0,0,-0.0035005834305718944,-0.5594984888451012,0.20286207520704735,0.23427244989728932,-0.00470865214832239,0.1273333333333333,0.9272981093157272,0.02483737433471308,0.0
2003-06-20,17.24,16.91,0.0011702751481904663,0.00290275965796141,0.007717461871428861,0.24345163424544342,0.019327102325058076,16.972,16.5185,16.234333333333336,4,20,6,16.934215534876586,16.377138222413187,71.83673469387742,0.39358947620173623,0.35081395963862805,17.61015784113205,15.42684215886795,0.012758222521009511,0.014995386288981633,0.016227997753950587,-21983800.0,1.3218427474524501,0,0,-1,0,0,0.011235955056179851,0.4955962696892387,0.2508873512051184,0.23804437760395886,0.012925969447708408,0.13495720868992755,0.23681213357307512,0.01972157772621809,0.0
2003-06-23,16.85,17.24,-0.0029282597790884456,-0.00232153325392067,-0.008313587075371498,0.08611688841409196,-0.022881608437176175,17.005999999999997,16.591,16.263666666666666,0,23,6,16.918903619444478,16.407645433870403,64.00000000000006,0.36321577047613474,0.3532943218061294,17.555024459178583,15.626975540821421,0.015322381259107676,0.016217460722330046,0.016876563642839303,-24960300.0,0.5373307648660439,0,0,-1,0,0,-0.011020881670533512,0.891024733918231,0.25541608592401976,0.25744420780945937,-0.028258362168396722,0.09415584415584433,1.044885787869884,0.02611275964391699,0.0
2003-06-24,16.97,16.85,-0.012987195526811303,-0.01168920381567765,-0.0005964807811803569,-0.17963074051115005,0.0070964224477640635,17.052,16.6345,16.291,1,24,6,16.92819387045457,16.4439263736207,61.9230769230769,0.3448521460987948,0.3516058866646625,17.583637558662055,15.685362441337942,0.015376962251045427,0.013105705076047884,0.016814227595179535,-22473200.0,0.7069575888935089,0,0,-1,0,0,-0.001186943620178227,-0.03227081158838792,0.2636986264431948,0.2080466183242773,-0.010495626822157433,0.05403726708074519,0.041269334096137436,0.014731879787860933,0.0
2003-06-25,17.12,16.97,0.00828407104342044,0.02151871342947535,0.007726635765771745,0.23542756932325484,0.008800291467461216,17.073,16.696,16.330666666666666,2,25,6,16.963067712190103,16.487544026935495,67.69230769230776,0.33850056408123663,0.3489848221479774,17.60036136233478,15.791638637665223,0.013676785961814038,0.01262538989544868,0.016603109508988044,-19325900.0,0.9376782725554836,0,0,-1,0,0,0.0,1.2715883831809862,0.27511900885779744,0.20042185121150988,-0.001166861143523934,0.07740717432347388,-0.40837206435626444,0.02862149532710271,0.0
2003-06-26,17.49,17.12,0.011716595663249448,0.012578782206860185,0.011771766307790728,-0.13182163776413006,0.02138191831691456,17.122999999999998,16.7775,16.387666666666668,3,26,6,17.05887358270099,16.55221860584288,68.1818181818182,0.3591823666135632,0.35102433104109454,17.65811880157308,15.89688119842692,0.01511126816319898,0.01314980080911165,0.016798107169728616,-16567300.0,1.6181803039572513,0,0,-1,0,0,0.002920560747663593,0.37794412264870947,0.2807291207529697,0.20874661638567218,0.0342992312241277,0.10277427490542235,-1.5448311386599058,0.029159519725557553,0.0
2003-06-27,17.43,17.49,0.019037206020084185,0.0056657375356773,0.016826622709746306,-0.19922575682187663,-0.0034364294985810982,17.164,16.8455,16.443333333333335,4,27,6,17.12635111311899,16.60884966353044,67.16417910447765,0.3665064869267667,0.35412076221822897,17.70589097599797,15.985109024002032,0.015247436963418045,0.013127323810470609,0.016824215568167728,-18827600.0,1.358684635951778,0,0,-1,0,0,0.0005717552887365102,-0.6792724511162055,0.26239836969030766,0.20838980509393218,0.011020881670533722,0.08462974486621033,-0.7460194129899936,0.018359150889271387,0.0
2003-06-30,17.2,17.43,-0.004008021397538822,-0.010221554071538028,-0.02741495692675699,0.34583911740266615,-0.013283475712522216,17.15,16.897,16.48166666666667,0,30,6,17.13974181982463,16.646988394915574,61.85567010309279,0.3497204673781198,0.3532407032502072,17.709095405336225,16.084904594663772,0.014794191127211089,0.01367286498575305,0.016848161048515716,-22021800.0,0.7462177424204284,0,0,-1,0,0,0.0,1.213749153348114,0.20910910440936742,0.21705000277239161,0.020771513353115667,0.0636982065553493,-0.05146808111426802,0.03546511627906974,0.0
2003-07-01,17.13,17.2,-0.019114396023315328,-0.01843370168883802,-0.004742154707774367,-0.323050719013888,-0.004078071483378848,17.148,16.9495,16.53666666666667,1,1,7,17.137970579856514,16.67815043395328,54.26356589147286,0.3269995635450975,0.34799247530918526,17.669776993501948,16.229223006498053,0.014419800894141733,0.013626506536395666,0.015313374284965363,-24334200.0,0.5011960721455707,0,0,-1,0,0,-0.005813953488371969,-0.7836750100248895,0.21425268839397119,0.2163140852033943,0.009428403064231095,0.06529850746268662,0.6911001581118315,0.021599532983070695,0.0
2003-07-02,17.36,17.13,-0.005865119452398134,0.011560822401076006,0.004742154707774335,-0.20096865062690925,0.013337396896175524,17.17,17.0,16.603666666666665,2,2,7,17.178339565337147,16.722140728536942,56.776556776556816,0.32381937320817045,0.3431578548889823,17.684012926932166,16.315987073067834,0.015027141887665506,0.01347049488142533,0.015247201142055978,-22442800.0,1.0526116856142431,0,0,-1,0,0,-0.007589025102159895,-1.552797838511987,0.22571332733746138,0.21383747695931954,0.014018691588784993,0.06177370030581031,0.4395583349419892,0.028225806451612816,0.0
2003-07-03,17.14,17.36,0.008784829555732811,-0.002301496988279163,0.005308181145727221,-0.5854841469592575,-0.012753796062570353,17.193,17.047,16.675,3,3,7,17.171368735275845,16.74909939121198,52.05479452054797,0.3000876642751571,0.3345438167662173,17.619679758034923,16.474320241965078,0.014947153225779745,0.013659493884663414,0.014731620773648764,-23496000.0,0.32478884994684554,0,0,-1,0,0,-0.012096774193548437,-2.583098324913666,0.17093629289490597,0.21683774312296192,-0.020011435105774633,0.05802469135802468,1.2836551702785883,0.021003500583430538,0.0
2003-07-07,17.73,17.14,0.0029112102074585343,0.021653267649229365,0.011114475338541856,0.8498311363719745,0.03384320691648269,17.242,17.107,16.759666666666664,0,7,7,17.27293805613478,16.81238330145637,56.11285266457683,0.32514016964929127,0.3326630873428321,17.702601420944706,16.511398579055292,0.01747790298399244,0.014908979784630447,0.015651259168301738,-21032300.0,2.0920030681318287,0,0,-1,0,0,0.003500583430571687,-0.03231163837668852,0.3226380925888051,0.2366727168709289,0.01721170395869187,0.072595281306715,1.033338136390108,0.0310208685843202,0.0
2003-07-08,18.15,17.73,0.025259666759237975,0.025599617201316385,0.023002739354708913,0.2976979067562609,0.02341244062474326,17.372,17.189,16.851333333333333,1,8,7,17.432403864110274,16.898681152975318,64.61988304093572,0.37456717335097167,0.34104390454446004,17.88212108762108,16.49587891237892,0.01602649477707832,0.015512207540090426,0.015937839091025925,-17714300.0,2.772964254480634,0,0,-1,0,0,-0.005076142131979687,1.4885466504811649,0.30771492946587986,0.24624866062020165,0.05523255813953476,0.09933373712901261,-0.09135860440775492,0.033608815426997216,0.0
2003-07-09,18.23,18.15,0.02020270731751947,0.002743485945750834,0.019702297881183405,-0.21664721784631533,0.004398027979711973,17.498,17.275,16.92233333333333,2,9,7,17.57742134336295,16.98457269149304,65.61604584527225,0.4154052284066907,0.3559161693169062,18.03681224375603,16.513187756243966,0.01605795788902767,0.015470780368335813,0.014049660850246863,-15042600.0,2.5071794469762683,0,0,-1,0,0,-0.008264462809917278,0.23446162975957988,0.2868054979319261,0.24559102465630087,0.06421482778750742,0.10417928528164744,-0.36381484397522235,0.01700493691716943,0.0
2003-07-10,18.03,18.23,0.0027739268827252244,-0.0010964913379288583,-0.0005575690136085862,-0.07139658367434032,-0.011031551475345737,17.589000000000002,17.331,16.993666666666666,3,10,7,17.659708371842413,17.05201961462252,66.18497109826596,0.4267124769157995,0.37007543083668487,18.14285687097365,16.51914312902635,0.017039324616094118,0.015177265215065119,0.013966567830364988,-17530200.0,1.7219784052863885,0,0,-1,0,0,-0.00987383433900163,-0.15086347047000956,0.3314875282832833,0.24093161604680127,0.03859447004608296,0.06623299822590178,0.35586464026238374,0.016638935108153115,0.0
2003-07-11,17.66,18.03,-0.001108647563663969,-0.011031551475345737,-0.052086164471813474,0.7153502174481693,-0.020734842039412043,17.606,17.3645,17.053666666666665,4,11,7,17.65976139514379,17.091244155614618,56.000000000000036,0.4011929425350047,0.3762989331763488,18.17239459969125,16.55660540030875,0.01775768078824748,0.016077445856969325,0.014649525304580465,-22617100.0,0.7315310688125192,0,0,-1,0,0,0.0,3.1861262032355926,0.36497915627911737,0.2552215407278794,0.03033838973162184,0.0394349617422014,0.12500773518297545,0.05719139297848253,0.0
2003-07-14,17.55,17.66,-0.020734842039412043,-0.01847239763544254,0.02322984827912885,-0.5919550448778886,-0.006248245263939083,17.618,17.391,17.103,0,14,7,17.639804777844915,17.120841306865287,60.86956521739131,0.3678520772220182,0.37460956198548273,18.18598162838737,16.596018371612626,0.017858911256520813,0.016184120431272632,0.014643223998020087,-25431400.0,0.400009243792301,0,0,-1,0,0,0.0,0.17858938453944334,0.26826727177344306,0.2569149470968008,-0.010152284263959421,0.03113983548766175,0.8466713535167534,0.015954415954415817,0.0
2003-07-15,16.93,17.55,-0.014831988955330652,-0.011935350549272791,-0.036240085015143586,0.25118018419336674,-0.03596675376683093,17.591,17.3705,17.128333333333334,1,15,7,17.510749363691293,17.108528964486883,49.46236559139786,0.28807958072640716,0.3573035657336676,18.191730783641088,16.549269216358912,0.02090209732332607,0.01762795945678906,0.016213056862387,-29049300.0,-1.0727800486166799,0,0,-1,0,0,-0.008547008547008668,1.116135690226902,0.23883591010608624,0.27983518106515864,-0.06721763085399446,-0.023644752018454396,-0.48725089151071466,0.040756054341405654,0.0
2003-07-16,17.1,16.93,-0.027383010075439355,-0.022550825521896373,-0.011373962784009808,-0.03742570279875752,0.009991267363570267,17.588,17.368000000000002,17.162333333333333,2,16,7,17.436067661201967,17.107978708713535,49.73262032085562,0.23585805691102735,0.3330144639691396,18.19235556968029,16.543644430319713,0.021175216399092336,0.01763205272334834,0.016223627471008768,-25564300.0,-0.6502048627000596,0,0,-1,0,0,0.0,0.8744078723457598,0.26742425162659383,0.2799001596573531,-0.06198573779484362,-0.002915451895043608,-0.03157698735676777,0.028654970760234034,0.0
2003-07-17,16.81,17.1,0.0047142102627265635,0.005830920310793144,0.005403795797505806,-0.5718568322926415,-0.01710451608809005,17.532999999999998,17.351499999999998,17.177666666666667,3,17,7,17.322237177347063,17.088754275893308,40.710382513661216,0.16912201338717026,0.3002359738527457,18.20766710125005,16.495332898749947,0.021218764560851564,0.018036239435490247,0.016345179835909836,-27531500.0,-1.2649399847515277,0,0,-1,0,0,-0.005263157894736833,-0.9475408791711811,0.2685008601786327,0.28631642479873914,-0.06766500277315601,-0.019253208868144744,0.3160775946216768,0.0297441998810232,0.0
2003-07-18,16.99,16.81,-0.011232751862968491,-0.011107977411636804,-0.01569132979467542,-0.02386944599493931,0.010650988263316313,17.518,17.3555,17.204,4,18,7,17.261830417829415,17.08238303228729,44.17989417989417,0.1292675973683366,0.2660422985558639,18.20369250545825,16.50730749454175,0.021323864112518295,0.01795568933353944,0.016319200538493974,-25610700.0,-0.8618326562612881,0,0,-1,0,0,0.0005948839976205571,-0.9788899477503824,0.30788770192414,0.2850377315716828,-0.037938844847112185,0.004730928444707239,-0.6121714140923188,0.03354914655679814,0.0
2003-07-21,16.98,16.99,0.02234072927460525,0.04032804538697181,0.01569132979467538,0.29829815827606754,-0.0005887548006393235,17.442999999999998,17.3425,17.219,0,21,7,17.210588523678613,17.07577767536553,46.91011235955058,0.09577177174254814,0.23198819319320077,18.20597827815288,16.479021721847122,0.01744209312948406,0.01738220310517055,0.015937269041219098,-28199100.0,-0.8396273749362803,0,0,-1,0,0,0.012360211889346726,-0.1648135963765906,0.31199263072736033,0.2759339199281759,-0.032478632478632474,-0.015081206496519561,-0.8572825208835696,0.059481743227326356,0.0
2003-07-22,16.9,16.98,-0.005830920310793099,-0.02980163239998429,0.00715993512209254,-0.18939332721633628,-0.004722558954173614,17.318,17.345,17.232000000000003,1,22,7,17.154117883009775,17.064437180180658,46.778711484593835,0.06205542093325178,0.198001638741211,18.20274490134843,16.487255098651566,0.014457920182512542,0.01663407248124386,0.01596694505995007,-30340900.0,-1.0376045355686314,0,0,-1,0,0,0.007067137809187337,-0.6468888025178974,0.18189753671446188,0.26405771445356624,-0.0017720023626698334,0.0029673590504448732,-0.6276533297059826,0.021893491124260415,0.0
2003-07-23,16.73,16.9,-0.005865119452398134,-0.00993869624952994,-0.007758916871058218,-0.1905540624319981,-0.01011010693029508,17.168,17.333000000000002,17.239333333333335,2,23,7,17.07700554064436,17.042860587910937,41.02564102564104,0.021371038721603952,0.1626755187372896,18.21908185436298,16.446918145637024,0.013901000633313601,0.016705610410138343,0.016091667837632058,-32111100.0,-1.3610480725474503,0,0,-1,0,0,0.005917159763313694,-1.0188938427148744,0.1650870305586379,0.26519334386854676,-0.0216374269005849,-0.01414260459634642,0.45951917131258796,0.019725044829647237,0.0
2003-07-24,16.63,16.73,-0.008862687257845317,-0.0011757790890119504,-0.005407042311246166,0.2505797781955913,-0.0059952217938963916,17.028,17.308500000000002,17.23,3,24,7,16.995731805981748,17.01622442094894,42.47787610619468,-0.01872494208491915,0.12639542657284786,18.245039543099615,16.37196045690039,0.013890538258816748,0.016594102893879064,0.015494003735777128,-34385400.0,-1.4489510987532033,0,0,-1,0,0,0.007172743574417274,-0.384805315637034,0.12588119214777607,0.2634232169245275,-0.010707911957168359,-0.028621495327102897,1.2898563183140541,0.02405291641611537,0.0
2003-07-25,17.0,16.63,-0.014947961435873139,0.0011757790890120365,0.0,-0.10730194573676016,0.022005050851379795,16.962,17.284,17.23033333333333,4,25,7,16.99650784125779,17.015177684113524,38.4858044164038,-0.02041011289248118,0.09703431867978204,18.226167713307856,16.341832286692142,0.016015936659784433,0.01664096512838354,0.016016905193799866,-32342500.0,-0.6028650652926811,0,0,-1,0,0,-0.0018039687312085139,-0.607437103934581,0.2030305476544966,0.26416713183480534,0.0005885815185404653,-0.028016009148084553,1.8560103415029714,0.024705882352941067,0.0
2003-07-28,17.04,17.0,0.023810648693718392,0.004689340363386121,0.017910926566530025,0.2425247357046245,0.0023501773449534514,16.911,17.264499999999998,17.230999999999998,0,28,7,17.004415506483646,17.016779123848135,30.10752688172049,-0.018306926341228547,0.07396606967557993,18.21008197061791,16.318918029382086,0.016094235876027388,0.016652029451293886,0.01601931460786031,-29738900.0,-0.47483984884630254,0,0,-1,0,0,0.0,0.021268503394720115,0.20340035882651333,0.26434277251588184,0.0035335689045936647,-0.022375215146299476,1.6182466918689404,0.011737089201878102,0.0
2003-07-29,16.94,17.04,0.0017631506183810029,-0.000584966381114676,-0.0029629651306568496,0.14547677649316343,-0.005885832177261256,16.912,17.2515,17.217666666666666,1,29,7,16.992703596213893,17.011825631986966,27.046263345195754,-0.024427712646186706,0.05428731321122661,18.20790279996936,16.29509720003064,0.011534526106110709,0.016448941677098313,0.0156586875573543,-32750200.0,-0.6513991803662182,0,0,-1,0,0,-0.00058685446009378,0.5085245588612224,0.2055200238451449,0.2611188540468471,0.002366863905325589,-0.015116279069767313,1.6335212596395332,0.014167650531286801,0.0
2003-07-30,16.28,16.94,-0.004118864310839872,-0.007635866763742482,-0.039339414560032454,-0.18328506003310222,-0.03974032864951411,16.830000000000002,17.209,17.188666666666666,2,30,7,16.863121124175002,16.96461107508458,23.2415902140673,-0.08159439464982654,0.027110971639015984,18.25909072289757,16.158909277102428,0.016282410606695333,0.01854886543279078,0.017065266182572283,-35257200.0,-1.7693709309926238,0,0,-1,0,0,0.0011806375442738827,-0.09237463049562034,0.350620241553518,0.29445411022540124,-0.026897788404064538,-0.04962054874489186,-0.6624135201312408,0.04668304668304678,0.0
2003-07-31,16.41,16.28,-0.03053215315237616,-0.00591367779004774,0.0,0.1509202124816189,0.00795354452760526,16.79,17.1615,17.164333333333335,3,31,7,16.78073546523409,16.928829715401704,29.372937293729393,-0.11508288459969052,-0.0013277996087253177,18.2672985921114,16.055701407888602,0.016119445560082827,0.018343620963353097,0.01715421644481269,-32341800.0,-1.3591986919880146,0,0,-1,0,0,0.010442260442260327,0.3311758090245955,0.36258078563965124,0.2911959552807802,-0.013229104028863459,-0.054723502304147464,-1.1331930254896558,0.040219378427787944,0.0
2003-08-01,16.28,16.41,-0.009160369398664166,-0.024618475362328477,-0.021211026031636403,0.07644258642449464,-0.007953544527605232,16.719,17.1185,17.14333333333333,4,1,8,16.689692653373346,16.886969733762886,29.180327868852473,-0.15037919000656785,-0.031138077688293825,18.292593603369614,15.944406396630386,0.015515952927012359,0.018237446746596272,0.017049422217290357,-35488800.0,-1.428335862819675,0,0,-1,0,0,-0.006703229737964621,0.5337367441657003,0.28888574264297695,0.28951049184166644,-0.04235294117647048,-0.05017502917152861,-1.5594594330633407,0.03624078624078623,0.0
2003-08-04,16.42,16.28,-0.00184218658177032,0.003034903695154111,0.009413310801921546,-0.03689738937582579,0.008562743449887857,16.663,17.053,17.116,0,4,8,16.640657625487282,16.85684265416528,40.07782101167319,-0.16515117640789256,-0.05794069743221358,18.22961602197049,15.876383978029512,0.016014330315630956,0.0163040553144421,0.016706809574924236,-32455800.0,-1.075966990386394,0,0,-1,0,0,-0.0006142506142507102,0.34623981207694665,0.3065125167830722,0.25881885434312873,-0.0363849765258214,-0.07388606880992665,-1.414790636358936,0.029841656516443264,0.0
2003-08-05,16.13,16.42,0.0018421865817702093,-0.00668898815079654,0.0056057449817940325,-0.22992548120388048,-0.01781921188716489,16.586000000000002,16.952,17.092,1,5,8,16.547810784489595,16.809949579703005,31.970260223048285,-0.19797650847266013,-0.0859478596403029,18.07782320758484,15.826176792415165,0.016657984408809483,0.015234396243434081,0.016513865477937817,-34865800.0,-1.4602647990591562,0,0,-1,0,0,-0.007308160779537209,-0.4188610172588708,0.31453319096289234,0.24183854300605917,-0.04781582054309341,-0.11129476584022036,-0.7714742669775271,0.017978921264724064,0.0
2003-08-06,16.43,16.13,-0.010484215675599208,0.006688988150796489,-0.004357305368955701,-0.047195999840232344,0.018428039912059213,16.556,16.862000000000002,17.074,2,6,8,16.526390641855123,16.785436703593135,42.962962962962976,-0.19750659475163346,-0.10825960666256901,17.835081918983395,15.88891808101661,0.018010576388507706,0.01604247023833291,0.016845841596975886,-32566900.0,-0.887900579740143,0,0,-1,0,0,0.0,-0.537597617477881,0.23002760071996475,0.2546663199947038,0.00921375921375911,-0.09873834339001653,-0.45200838380736935,0.028606208155812468,0.0
2003-08-07,16.52,16.43,0.008642029093828935,0.0048367688006138,0.014246137498202933,0.13884047253728707,0.005462836043655315,16.545,16.7865,17.054,3,7,8,16.52522870697237,16.768311754974224,40.996168582375496,-0.18770815414682218,-0.12414931615941965,17.59909234293048,15.973907657069523,0.01806969749221049,0.016144855513488283,0.016789641981808424,-29925600.0,-0.655925452211162,0,0,-1,0,0,-0.00973828362751066,-0.095975360659518,0.2265244627291242,0.2562916358505601,0.006703229737964556,-0.0837493067110372,-0.3230317653772756,0.019370460048425953,0.0
2003-08-08,16.81,16.52,0.017667227726167106,0.0179323394606621,0.009791999904617718,-0.5394238708173357,0.01740217932769225,16.526,16.744,17.031333333333333,4,8,8,16.577005305704667,16.771001319169436,47.05882352941174,-0.15475828581944384,-0.1302711100914245,17.445559165828275,16.042440834171725,0.017463393483887642,0.01636716706806049,0.016616215600999705,-28385500.0,0.18815234185438368,0,0,-1,0,0,0.0024213075060532173,-1.77649503675368,0.2324692965803205,0.2598207223724054,0.032555282555282394,-0.04813137032842585,-1.4608010854798608,0.027364663890541187,0.0
2003-08-11,16.95,16.81,0.019731581862595268,0.007083854888405042,0.016908615398427022,-0.06789892147705197,0.008293886405935093,16.517,16.714,17.015333333333334,0,11,8,16.64482252284927,16.782549621158505,50.847457627118665,-0.11601114355930875,-0.12741911678500137,17.314469991361836,16.11353000863816,0.017691022561062007,0.016507966993093464,0.01669995097555662,-26946500.0,0.7860509380818956,0,0,-1,0,0,0.0047590719809638225,-1.6936507078346836,0.23232397050869757,0.26205585188992814,0.032277710109622326,-0.03418803418803429,-1.4454295861440123,0.01769911504424783,0.0
2003-08-12,16.84,16.95,0.002365465325335269,-0.004126147911172163,-0.01204833851617448,-0.12595567374081523,-0.006510825012278556,16.506999999999998,16.7095,17.003333333333334,1,12,8,16.680309336876675,16.786256097212796,51.9031141868512,-0.09310656038046616,-0.12055660550409433,17.304478106629304,16.114521893370693,0.017713483295457914,0.014551046983207647,0.016572639445397934,-28215200.0,0.43867160336139266,0,0,-1,0,0,-0.0011799410029498273,-1.8014534362617156,0.16220697451419638,0.23099070979910455,0.04401735895846248,-0.005316007088009389,-0.7289414538802063,0.025534441805225638,0.0
2003-08-13,16.8,16.84,-0.0017735742160161759,-0.0011820332345549912,0.006644542718668511,-0.23769279915541763,-0.0023781224049673243,16.559,16.694499999999998,16.99233333333333,2,13,8,16.70207127562637,16.787142800618422,53.00353356890463,-0.07729121389698079,-0.11190352718267163,17.262542807875178,16.126457192124818,0.011597834355350759,0.014356238779836768,0.016563190868916174,-29215500.0,0.3714508784809227,0,0,-1,0,0,0.0035629453681709456,-2.0086618504712335,0.14935428243661644,0.2278982254422567,0.02251978088861839,-0.01754385964912286,0.3154203464328544,0.017857142857142898,0.0
2003-08-14,17.0,16.8,0.0011827322490496157,0.005308181145727221,0.011969023795320655,0.5907037518822438,0.011834457647002798,16.618000000000002,16.704,16.980333333333334,3,14,8,16.75624013460339,16.80087552315917,50.0,-0.04806504541109291,-0.09913583082835589,17.286350952243335,16.121649047756666,0.011840845456393956,0.014093223201463022,0.016521292743621577,-27409700.0,1.0165691284945855,0,0,-1,0,0,0.007142857142857202,-0.6703475330604819,0.1586853388894671,0.2237229825743802,0.029055690072639306,0.011302795954788891,-0.21535431673866418,0.01117647058823537,0.0
2003-08-15,16.92,17.0,0.004716989878138867,0.0,-0.0029788523665870434,-0.8163997932587452,-0.004716989878138798,16.682,16.700499999999998,16.973,4,15,8,16.786014655584594,16.808560973277935,47.77777777777782,-0.031001066735125704,-0.08550887800970985,17.27641940225565,16.124580597744345,0.01153274346938452,0.013935239576606,0.01638342959211599,-28207900.0,0.7622594381793952,0,0,-1,0,0,0.0,-1.9760703780036766,0.1309313134612819,0.22121507027882698,0.0065437239738252995,-0.0041200706297820355,0.5750475285380735,0.014184397163120473,0.0
2003-08-18,17.0,16.92,-0.0017662648100811933,0.0023501773449534514,0.008318526875090593,0.9039371145380867,0.004716989878138867,16.74,16.7015,16.948666666666668,0,18,8,16.82492108184194,16.820911878227747,51.1194029850746,-0.010896797781192902,-0.07058646196400646,17.279528409427282,16.123471590572716,0.011422776946414324,0.013976350555858458,0.015056575377167534,-26236900.0,1.0328212078564019,0,0,-1,0,0,0.0029550827423166165,-0.23397797128440387,0.12092442892011926,0.22186768684236502,0.002949852507374784,0.0011778563015312216,0.918481437771257,0.008235294117647092,0.0
2003-08-19,17.05,17.0,0.0,0.0023446669592540547,-0.004744967384225638,-0.13819543786860067,0.0029368596733097057,16.832,16.709,16.912,1,19,8,16.86584452150704,16.835691757051766,68.59903381642513,0.00896719410899749,-0.054675730749405675,17.301582217257906,16.116417782742094,0.008710757989292767,0.013940893974347949,0.014328569757023195,-24520300.0,1.1508951503065061,0,0,-1,0,0,-0.001764705882353008,-0.5697451386411693,0.10327645651351391,0.22130483106026122,0.012470308788598672,0.00887573964497057,0.5351669311575113,0.01524926686216997,0.0
2003-08-20,16.95,17.05,-0.0011792454196756375,0.005837728195685625,0.005927699633275206,0.21746510358368493,-0.005882369903066636,16.884,16.72,16.869333333333334,2,20,8,16.881145517596668,16.843066482403266,63.235294117647044,0.016450752494659326,-0.040450434100592673,17.322311337572348,16.11768866242765,0.008064616571218817,0.013804017943889265,0.014293316589121637,-26653900.0,0.7637246243015406,0,0,-1,0,0,-0.005865102639296271,0.008316700405478739,0.11585747170260913,0.21913199143802495,0.008928571428571397,0.013150029886431547,0.3560883710780252,0.015339233038347966,0.0
2003-08-21,17.23,16.95,0.0029455102297569658,0.0046457690991725895,0.003539826705123987,0.4030875808667196,0.01638421671337904,16.955000000000002,16.75,16.842666666666666,3,21,8,16.944573605306363,16.868029935151444,71.68949771689495,0.04446264863732807,-0.023467817553008526,17.39190505938412,16.10809494061588,0.009107201805685325,0.014139924125746144,0.014597803800807899,-23461100.0,1.4955482683390617,0,0,-1,0,0,0.0029498525073746733,1.4048936312971456,0.14272638700091134,0.22446433676428018,0.013529411764706012,0.03607937462417321,0.9115745647800885,0.016250725478816085,0.0
2003-08-22,17.16,17.23,0.027271780089749065,0.01380919527418636,0.0052863559231480246,0.0685375770100788,-0.004070956480022029,16.990000000000002,16.758,16.826,4,22,8,16.983742040705206,16.88686671352877,67.4528301886792,0.06031854847973506,-0.006710544346459809,17.416789959339155,16.099210040660843,0.008110384372285404,0.013345739972605436,0.014157331182822216,-26880400.0,1.2204193288047518,0,0,-1,0,0,0.013929193267556495,1.5167553856676943,0.1406754086476396,0.2118570541778877,0.014184397163120366,0.009411764705882453,0.9378485992621599,0.025058275058275042,0.0
2003-08-25,17.13,17.16,-0.01907021097633139,-0.010338977795179219,-0.0029334136611212577,-0.9119280224134435,-0.0017497817237877064,17.008000000000003,16.7625,16.812,0,25,8,17.01033439694062,16.902552732010786,76.88172043010753,0.069660708772453,0.008563706277322754,17.43056476206694,16.09443523793306,0.00787197791987813,0.01334815077431013,0.014122322060008238,-28254100.0,1.100192738389561,0,0,-1,0,0,-0.0011655011655011406,-1.0167080430935247,0.142732861832273,0.21189532446851314,0.00764705882352934,0.005281690140845008,1.5648015997024356,0.017513134851138396,0.0
2003-08-26,17.17,17.13,-0.000583600833605253,-0.0028910109757019067,-0.0023529422620267274,0.35706796562548754,0.002332362573355817,17.041,16.774,16.82,1,26,8,17.03936450658778,16.919807394461706,73.12500000000004,0.079377094087004,0.022726383839259002,17.462534675960313,16.08546532403969,0.007409589320903218,0.013272871136078267,0.01252219327566489,-26290900.0,1.1502688646659454,0,0,-1,0,0,0.0,-0.21478324182579014,0.14242706024966403,0.21070029725922262,0.007038123167155463,0.01357733175914988,1.6412023447016841,0.01688992428654625,0.0
2003-08-27,16.99,17.17,-0.0023378152085289905,-0.0023188416187488983,-0.004722558954173614,0.054372798048818526,-0.010538739225543669,17.06,16.8095,16.816333333333333,2,27,8,17.030389141753638,16.924335949657728,63.905325443786914,0.07172609005609942,0.03252632508262709,17.46312068510702,16.155879314892978,0.00832468048280728,0.009881856430154361,0.012546166349614803,-28363800.0,0.5523081019703179,0,0,-1,0,0,-0.004659289458357707,-0.044590348770275845,0.16002743198359762,0.15686960763499774,0.0023598820058996495,0.04361179361179346,1.0863653399538153,0.0194231901118306,0.0
2003-08-28,16.9,16.99,-0.0023432933979736655,-0.008158553412338726,-0.011904902506318314,0.1333082503583408,-0.005311313754812862,17.05,16.833999999999996,16.819333333333333,3,28,8,17.006682025071157,16.92276588838949,53.020134228187906,0.057734835159454434,0.03756802709799256,17.46075102082488,16.207248979175112,0.007602854574897713,0.009917649619684199,0.012182422824148225,-30732300.0,0.21060994815178175,0,0,-1,0,0,0.0035314891112420413,0.38779983634659015,0.07480176106309676,0.15743780690375225,-0.01915264074289036,0.029859841560024192,-0.1938757093784282,0.023076923076923113,0.0
2003-08-29,17.09,16.9,-0.007063007584481888,0.0011695907766026694,0.005970166986503975,-0.35411481724488053,0.011179875198471812,17.067,16.8745,16.822666666666667,4,29,8,17.021830747785494,16.93355518591275,54.54545454545455,0.06127177408476925,0.0423087764953479,17.45337277031339,16.295627229686612,0.008280047107900021,0.009883251168160983,0.012198630556231275,-29070100.0,0.7445504817348095,0,0,-1,0,0,0.0017751479289941502,-0.48639225201316993,0.13036081973675545,0.1568917484144554,-0.004079254079254135,0.04975429975429968,0.5790316405512459,0.01813926272674071,0.0
2003-09-02,17.24,17.09,-0.009495620309926478,0.012776015823412553,-0.0017873105740958627,0.6654231157677215,0.00873876810804746,17.091,16.9155,16.831333333333333,1,2,9,17.061497884551766,16.95332581907967,62.65822784810118,0.07531043821047234,0.048909108838372795,17.474652554270428,16.356347445729575,0.008574680687444172,0.009889118160353583,0.01229541197445934,-25836600.0,1.1606850313807486,0,0,-1,0,0,-0.01872440023405502,1.6862833887760347,0.14596870456402541,0.15698488402816888,0.0064214827787507645,0.04993909866017021,-0.2874088077398474,0.03248259860788856,0.0
2003-09-03,17.5,17.24,0.016558627894408276,0.015459798316591623,0.016558627894408276,0.33401721642257987,0.014968615693921392,17.136,16.984,16.851333333333333,2,3,9,17.14122554190599,16.988595121074532,69.44444444444434,0.10619189371396587,0.06036566581349141,17.46868763679604,16.499312363203963,0.009608550715823663,0.009053121451502274,0.012530455862073261,-21320800.0,2.1292063623117916,0,0,-1,0,0,-0.011020881670533512,2.627458829441975,0.1764471047748741,0.14371384769723466,0.01921956901572508,0.08493490390576564,-0.5433104357701671,0.03142857142857147,0.0
2003-09-04,17.65,17.5,0.02605067719994255,0.0056657375356773,0.019745124636665938,-0.2980848433584543,0.008534902449837286,17.206,17.044999999999998,16.882,3,4,9,17.233729988832174,17.031266403585853,68.57142857142846,0.14114241419432005,0.07652101548965715,17.543017120821514,16.546982879178483,0.009265453555858423,0.00846799597325168,0.012412268601618327,-17969000.0,2.429635346680485,0,0,-1,0,0,0.0,1.2379558685892498,0.1224182573049544,0.13442526868992183,0.03884638022366094,0.07425441265976862,-1.5711189093303661,0.017563739376770467,0.0
2003-09-05,18.0,17.65,0.005698021114637796,0.021794659827420293,0.00516204186119763,0.26887453435216263,0.019635974516858935,17.282999999999998,17.119,16.927666666666667,4,5,9,17.373051809044505,17.09376534528999,76.73267326732656,0.19483706797016254,0.10018422598575823,17.71811865093194,16.519881349068058,0.009802394518144174,0.009209257465833771,0.01274026508740716,-13583200.0,2.9409867265176395,0,0,-1,0,0,-0.002832861189801539,1.986775321339028,0.07574402592485235,0.1461924300849664,0.06508875739644981,0.08958837772397099,0.9282645471817408,0.03388888888888886,0.0
2003-09-08,17.91,18.0,0.023028257143758522,0.0022087253595559106,0.02094613799825875,-0.866218027970385,-0.005012541823544286,17.357999999999997,17.174,16.958000000000002,0,8,9,17.470678752854592,17.146425645593865,72.41379310344814,0.22750567627921114,0.12564851604444882,17.8506294173481,16.4973705826519,0.009896597054040626,0.008880920837958238,0.012262433141512109,-15427600.0,2.175489215011049,0,0,-1,0,0,0.0005555555555556424,-0.40665187373776523,0.14838264508162946,0.1409802477029331,0.04798127559976595,0.06543723973825122,-0.8792038335253188,0.01563372417643761,0.0
2003-09-09,17.52,17.91,-0.005567943115244407,-0.006640865578894787,-0.02266385957721206,0.4536251102224561,-0.02201613056437505,17.397,17.2025,16.974,1,9,9,17.479646252335577,17.170527216845873,59.91561181434592,0.2193969713785613,0.14439820711127133,17.88737032963973,16.51762967036027,0.012849396502413886,0.010390801991243521,0.012995182530930217,-18330700.0,0.9271828147877802,0,0,-1,0,0,0.0,0.5273190721360407,0.2676974617831449,0.16494886794807065,0.016241299303944468,0.03362831858407089,-0.8846742740343329,0.03196347031963483,0.0
2003-09-10,18.0,17.52,0.0050125418235441935,0.015427303214909385,0.026019567424184275,0.6290471748595194,0.02702867238791942,17.48,17.2605,17.009333333333334,2,10,9,17.5742560246382,17.22404158995259,69.09090909090904,0.2488343453580697,0.165285434760631,18.009575921947757,16.511424078052244,0.015098245742001415,0.011668302482398857,0.013783480158667013,-12885000.0,1.9744327065730285,0,0,-1,0,0,0.02739726027397263,2.3568783715575488,0.3122898114262706,0.18522855954422998,0.02857142857142847,0.06888361045130642,-0.5140749415036416,0.021111111111111056,0.0
2003-09-11,18.36,18.0,0.0,0.005452576213455558,-0.0005585032259112239,-0.6154308166914116,0.01980262729617973,17.616999999999997,17.338500000000003,17.078666666666667,3,11,9,17.71711856561307,17.29732922931049,69.96466431095399,0.2977800446826606,0.19178435674503694,18.201841732669173,16.475158267330833,0.014734892173577324,0.012148158022884237,0.011782517535194598,-9942100.0,2.366386243931136,0,0,-1,0,0,0.0,0.2458061201786781,0.32877342782556784,0.19284603009639478,0.04022662889518425,0.09285714285714275,-0.8620112355210401,0.026688453159041503,0.0
2003-09-12,18.58,18.36,0.01762160134981963,0.010816763117122966,0.02100685317929478,0.23239081920385174,0.011911348193347939,17.785,17.4175,17.151,4,12,9,17.874006099137965,17.3800821822582,73.8255033557046,0.3502841675759143,0.22348431891121245,18.427176863368096,16.407823136631905,0.014013062167143176,0.01215065983644798,0.011850575398451552,-6229300.0,2.3027169229611006,0,0,-1,0,0,-0.0021786492374727207,0.8184278988018513,0.31557530513442106,0.19288574515549264,0.03222222222222215,0.09294117647058808,-0.6616576990829619,0.01668460710441328,0.0
2003-09-15,18.78,18.58,0.01892459830764704,0.019180129795082785,0.017354014693151572,-0.03659112034365807,0.01070674039442445,17.954,17.5105,17.234333333333332,0,15,9,18.038732262931063,17.470399460822186,76.19047619047615,0.4033824499842922,0.25946394512582843,18.660172264512482,16.36082773548752,0.014007687895392992,0.01202395672362481,0.011680448856557429,-2649900.0,2.208455468895444,0,0,-1,0,0,0.004843918191604059,0.6303516776780954,0.29871212127362823,0.19087439559428546,0.048576214405360085,0.10992907801418439,-1.527316452218113,0.018636847710330025,0.0
2003-09-16,18.72,18.78,-0.0010718114638068336,0.002108593295759097,0.002684565370668761,0.018243477999367905,-0.003200002730671014,18.102,17.5965,17.311,1,16,9,18.162599124216324,17.55101885044656,74.44794952681377,0.4356003926121197,0.2946912346230867,18.838964020446888,16.35403597955311,0.014582131396995473,0.012173273680680507,0.01174780707021248,-6295200.0,1.808503073748404,0,0,-1,0,0,-0.006922257720979902,0.6197150902709176,0.1816624521294672,0.19324472880365115,0.06849315068493156,0.1011764705882352,-0.4296643837052486,0.018162393162393157,0.0
2003-09-17,18.52,18.72,0.0,-0.007930255675977443,-0.008075414005545307,-0.7382899841978842,-0.010741241831412625,18.204,17.669999999999998,17.390666666666668,2,17,9,18.227581101631536,17.613533763320977,73.98119122257052,0.43992384746170643,0.32373775719081066,18.949703913123244,16.390296086876752,0.015510369633885027,0.01266021122219974,0.011357620313410598,-8037400.0,1.3284322901310697,0,0,-1,0,0,-0.0037393162393162547,-1.137764889175401,0.19717758586819573,0.20097462263693766,0.028888888888888964,0.08621700879765393,-0.42091471742147774,0.018358531317494594,0.0
2003-09-18,18.67,18.52,-0.007535019504418214,-0.004788516731797121,-0.0027063615977430252,0.3818462310297921,0.008066728335598052,18.306,17.756,17.465333333333334,3,18,9,18.308020901334892,17.681692875364785,77.23076923076923,0.450263604424066,0.3490429266374617,19.06286285673577,16.44913714326423,0.015501676454138464,0.012458229179658036,0.011072051472942565,-5485100.0,1.3987695729343081,0,0,-1,0,0,-0.0005399568034556161,-0.4141328498329151,0.15711381654983322,0.19776825711374033,0.01688453159041403,0.10147492625368737,-0.8326497929260703,0.016068559185859706,0.0
2003-09-19,18.5,18.67,0.007535019504418202,-0.004811556997222082,-0.01199578179596441,0.2186591156028601,-0.009147225469352207,18.356,17.819499999999998,17.531333333333336,4,19,9,18.342926192001276,17.73448688340577,71.82662538699685,0.4396720908826204,0.36716875948649347,19.142072851440783,16.496927148559212,0.015278755154760786,0.012519811421684608,0.011336818772606502,-8661200.0,1.0290548445156398,0,0,-1,0,0,-0.0010712372790574786,0.1697184067536543,0.15580761868163565,0.19874584489922092,-0.0043057050592033574,0.07370864770748686,0.3203765493246693,0.023243243243243228,0.0
2003-09-22,18.17,18.5,-0.020585775699909145,-0.021121825029282434,-0.020505013242218727,-0.2621407448511401,-0.017998849676199247,18.381999999999998,17.87,17.576666666666668,0,22,9,18.31148506618286,17.762584503831203,63.63636363636366,0.4000386020295501,0.37374272799510483,19.16335141966004,16.576648580339963,0.01650186722862756,0.013319059061903154,0.011696496215359314,-11104900.0,0.4639110383144853,0,0,-1,0,0,-0.012432432432432455,-0.46852062553237916,0.1540919410521183,0.21143350785106194,-0.032481363152289666,0.05885780885780889,0.7515973726472222,0.022564667033571826,0.0
2003-09-23,18.2,18.17,-0.008244069775081953,0.0016406894574600179,0.0050265394859348314,-0.19105954430392158,0.0016497116746697139,18.45,17.9235,17.618333333333332,1,23,9,18.291215054149614,17.790804858422742,61.00628930817607,0.3668210412241031,0.3723583906409045,19.175837183450376,16.671162816549625,0.014341740067265235,0.013277604244011509,0.011648395450669665,-9086200.0,0.4415743677564528,0,0,-1,0,0,-0.0027517886626307487,-0.9307225858554736,0.16423504041113235,0.21077543301834134,-0.02777777777777779,0.0624635143023935,0.3436403438568596,0.019230769230769308,0.0
2003-09-24,18.18,18.2,0.009884759232541925,0.010869672236903891,0.009426185680545514,0.4423421442034574,-0.0010995053334168876,18.468,17.974,17.663,2,24,9,18.270994135213318,17.81591422239547,58.68852459016394,0.33502014838537164,0.3648907421897979,19.1789616722447,16.7690383277553,0.011753238353106779,0.013310419848109522,0.011547031828863118,-12228000.0,0.3419195892202052,0,0,-1,0,0,0.005494505494505573,0.10454502209969392,0.15948031298699195,0.21129636458373552,-0.018358531317494542,0.0588235294117645,-0.5015977584406855,0.020902090209020847,0.0
2003-09-25,17.87,18.18,-0.009333035080615714,-0.016349138001529526,-0.014452725166480357,-0.5210523736626361,-0.01719875957799607,18.419,18.018,17.698666666666668,3,25,9,18.198086110629077,17.819403627402213,47.840531561461816,0.28155768079507837,0.348224129910854,19.132546875120962,16.90345312487904,0.01092957079546559,0.013733517129105057,0.012065222960910012,-14093900.0,-0.2655787805854954,0,0,-1,0,0,-0.0027502750275027895,-1.1441738083907265,0.14161633075856545,0.21801282569914632,-0.04284949116229253,0.051795173631548064,0.11250743197769497,0.019026301063234462,0.0
2003-09-26,17.61,17.87,-0.017246602724096383,-0.018858018634396723,-0.01580168319132206,-0.11283788985490498,-0.014656406663221957,18.322,18.0535,17.719,4,26,9,18.091161363241973,17.80589371595691,45.283018867924525,0.21572175683350636,0.3217236552953845,19.057896126509437,17.049103873490562,0.010177981687230657,0.014163268253919012,0.012290839017069318,-15760700.0,-0.883117702855523,0,0,-1,0,0,-0.0027979854504756973,-1.2617341893403264,0.14776636391880496,0.22483491331059433,-0.04810810810810817,0.0420118343195266,0.5832485247641632,0.015900056785917157,0.0
2003-09-29,17.83,17.61,-0.014128519843657419,0.002237137398356199,-0.01605539075329754,0.27162512112846937,0.012415509366934278,18.226999999999997,18.0905,17.749333333333333,0,29,9,18.043677479016157,17.80744896008872,55.14950166112955,0.1792323946774772,0.293225403171803,18.995002771227202,17.185997228772795,0.010491014010574659,0.014208179262285254,0.012404105280837234,-13573700.0,-0.5760070798822682,0,0,-1,0,0,-0.0022714366837023933,-0.8135806244922887,0.19338078704572637,0.22554785346619163,-0.018712162905889063,0.043300175541252095,0.1796565706130595,0.03365114974761626,0.0
2003-09-30,17.7,17.83,0.017489867546362274,0.002232143783940856,-0.002314815848451375,0.101856441166516,-0.007317792295265544,18.125,18.1135,17.772666666666666,1,30,9,17.98119066464958,17.800516769115255,44.36090225563909,0.13823095829110343,0.2622265141956631,18.947596422546614,17.279403577453383,0.010487121602471238,0.014271889855122547,0.0125007302714685,-15995200.0,-0.9914920837030452,0,0,-1,0,0,0.0028042624789680714,-0.5404146912442953,0.18810755031634313,0.22655922777335946,-0.027472527472527486,0.026682134570765736,0.9068884463963279,0.038418079096045187,0.0
2003-10-01,18.02,17.7,-0.010118130165584554,0.006666691358189077,0.022344097724023657,0.09303627701574664,0.01791761260040841,18.075,18.139499999999998,17.805,2,1,10,17.988246907440566,17.814676977559433,43.5114503816794,0.13005910974575485,0.23579303330568147,18.924020638083373,17.354979361916623,0.012641848057808675,0.014437766793584154,0.012864428760363072,-13337600.0,-0.304644630616585,0,0,-1,0,0,0.0,-0.23515840288233084,0.25407768171296363,0.22919244253782053,-0.008800880088008833,0.029714285714285582,0.46461591785699197,0.022752497225305226,0.0
2003-10-02,18.08,18.02,0.020134908409055807,0.0104655320396612,0.019635974516858935,-0.24073797730246463,0.003324102783838621,18.016,18.160999999999998,17.842666666666666,3,2,10,18.004929287905917,17.83179459191044,39.837398373983746,0.12696083399374913,0.21402659344329503,18.911884390849117,17.41011560915088,0.012275415132014869,0.014351182353080695,0.012781674004341903,-11248600.0,-0.21574559542622204,0,0,-1,0,0,0.0022197558268589983,-0.752527638560824,0.2144186600440749,0.2278179571559416,0.011751538891997537,0.02436260623229458,-0.15604003040273504,0.013827433628318585,0.0
2003-10-03,18.34,18.08,0.013201511858535981,0.019533990625658755,0.01379332213233577,0.8587143555557443,0.014278111864288512,18.0,18.178,17.879666666666665,4,3,10,18.065851235559386,17.86458203759364,41.26984126984124,0.1438273036012241,0.19998673547488086,18.92893205243099,17.42706794756901,0.01321745195856391,0.014029004061420557,0.012704977700168046,-6318300.0,0.4314638041499406,0,0,-1,0,0,0.012168141592920489,2.0308789372068987,0.16226173743759667,0.22270353533060344,0.041453719477569484,0.018888888888888955,-0.9954400407228027,0.019629225736095934,0.0
2003-10-06,18.71,18.34,0.0049059787688544056,0.007494681762260383,0.004373981823112986,-0.6869800006365872,0.01997367345767942,18.054000000000002,18.217999999999996,17.93133333333333,0,6,10,18.182969192730404,17.919125131942437,49.82332155477036,0.18491838601618227,0.19697306558314115,18.99364506261414,17.442354937385854,0.013235745356997808,0.014578172432216695,0.013061183864434988,-3837900.0,1.268621496388634,0,0,-1,0,0,0.0027262813522355893,-0.39893453053783273,0.18291950273753516,0.23142131295277796,0.04935501962983757,0.04466778336125077,-0.9201726266453139,0.02244788882950303,0.0
2003-10-07,18.76,18.71,0.01725110166976863,0.0010660981819975116,0.013008313513000967,-0.01621690114852075,0.0026688032920803954,18.11,18.279999999999998,17.985666666666663,1,7,10,18.28788388496124,17.973375123430024,54.47761194029855,0.21899352595934118,0.20137715765838116,19.018048636252033,17.541951363747962,0.013228018388701858,0.013434327190002773,0.013031030672144858,-1397400.0,1.3007272865851867,0,0,-1,0,0,0.0,-0.4137020094337081,0.13072453100261203,0.21326333265732308,0.059887005649717606,0.07077625570776269,-0.3408995156472716,0.010660980810234503,0.0
2003-10-08,18.75,18.76,-0.0005346164254574462,0.0010649628269563684,-0.004317329965581043,-0.7604731656671707,-0.000533191161658835,18.167,18.3175,18.038333333333334,2,8,10,18.37190499678647,18.023479954176477,51.57480314960627,0.24239719940814553,0.20958116600833404,19.071684816104057,17.56331518389594,0.013209192488032574,0.012217137523540983,0.013047471393394445,-2538200.0,1.1469337243732751,0,0,-1,0,0,-0.0031982942430704834,-1.713731119045481,0.14018592326534737,0.19394104572218976,0.040510543840177604,0.04166666666666674,0.7171686514529475,0.01600000000000004,0.0
2003-10-09,19.54,18.75,0.009579636856813595,0.046786079225660415,0.016626824436870264,1.6730446356276552,0.04126989419821688,18.334,18.3765,18.123333333333335,3,9,10,18.584285906461655,18.121319957132833,66.45569620253166,0.32099099257278496,0.23186313132122424,19.308374737459708,17.444625262540292,0.01608739597058959,0.014677326492991857,0.014612233441777069,3540400.0,2.4971167330315263,0,0,-1,0,0,0.00693333333333328,2.8145746780262133,0.26959718234952057,0.23299533487053753,0.08075221238938068,0.06427015250544654,1.0072679513336391,0.04554759467758447,0.0
2003-10-10,18.49,19.54,0.006861995782983283,-0.01535342339647376,-0.017709075624755082,-0.39539848574233777,-0.0552336012156033,18.422,18.372,18.176333333333336,4,10,10,18.567143014377717,18.14510576635007,54.12371134020615,0.2951486254787312,0.24452023015272564,19.300600531643305,17.443399468356695,0.024863768006853693,0.019255062023436152,0.018038120731566167,-553000.0,0.2541458807721739,0,0,-1,0,0,-0.02712384851586477,1.0775099554843117,0.5642855565907099,0.3056646335588173,0.008178844056706547,-0.004843918191603902,-0.9709965473987825,0.049756625202812425,0.0
2003-10-13,18.86,18.49,-0.016441632639796918,-0.02084494443036605,0.01237572964939248,-1.0265655030198537,0.019813231806278087,18.525,18.376,18.235333333333337,0,13,10,18.620389739036312,18.191227974972648,57.81990521327014,0.30105390908904184,0.2558269659399889,19.312654741760788,17.439345258239214,0.02522087371833394,0.019636011726251474,0.018243466622066325,913400.0,1.0334651145632205,0,0,-1,0,0,0.0113574905354246,-1.0322866423525503,0.5639571628589947,0.3117120226128571,0.008017103153393768,0.004259850905218299,-0.969557067847864,0.015376458112407166,0.0
2003-10-14,18.7,18.86,0.002670228555878892,-0.008461182155133492,-0.006976148495926408,0.029497889046800604,-0.008519753344770523,18.625,18.375,18.284,1,14,10,18.6348643319388,18.22405197658732,55.96330275229357,0.28948620924995083,0.26255881460198127,19.310149861336516,17.439850138663484,0.025293004715390102,0.019722350596397743,0.01834166134595744,-596900.0,0.695075759377239,0,0,-1,0,0,-0.005832449628844084,-0.9018245884393126,0.5687961159371109,0.3130826096861691,-0.0031982942430704986,-0.0010683760683760646,-0.6439368024336364,0.013903743315507916,0.0
2003-10-15,18.6,18.7,-0.0032051309489483358,0.006352588859374457,-0.0037766432803352915,0.3357531048471784,-0.005361943141385287,18.683,18.378999999999998,18.320666666666668,2,15,10,18.62852536249538,18.248306687775234,58.79518072289156,0.2691470004387,0.263876451769325,19.317439914796903,17.440560085203092,0.025113888010847955,0.019604062270592578,0.018251942243526834,-2709800.0,0.470994459027954,0,0,-1,0,0,-0.0005347593582886637,-0.4246170947260072,0.5700410833222512,0.3112048407276731,-0.007999999999999896,0.004319654427645814,-0.5068949558089804,0.024193548387096735,0.0
2003-10-16,18.62,18.6,-0.004827040748315868,-0.005821662380218303,0.0,-0.4234448911924938,0.0010746911297653593,18.737000000000002,18.3765,18.353,3,16,10,18.62697529658713,18.272286901467158,62.91560102301792,0.2517399621912624,0.2614491538537125,19.311937415274024,17.441062584725977,0.025125304942334618,0.019521603641514722,0.018212922151108552,-1326300.0,0.5206120602492059,0,0,-1,0,0,0.0,-0.9572071271024251,0.4316589086106449,0.3098958505717252,-0.04708290685772765,-0.0026780931976433386,-1.272725285184682,0.018259935553168627,0.0
2003-10-17,18.4,18.62,0.002148228538289605,-0.006924128862218695,-0.013605652055778598,0.36813058029376206,-0.011885607233981197,18.743000000000002,18.3715,18.366333333333333,4,17,10,18.585707060844012,18.280526456211213,57.289002557544755,0.21768328023453876,0.25269597912987773,19.30522541889709,17.43777458110291,0.02519959524984515,0.019597732443098616,0.01805715722998213,-3325500.0,0.06104578374585006,0,0,-1,0,0,0.0010741138560687203,-0.41170401575935384,0.20042115740455377,0.3111043578313274,-0.004867495943753353,-0.005405405405405461,1.5217000743284292,0.02500000000000005,0.0
2003-10-20,18.99,18.4,-0.0048400202040009945,0.014854384538196153,0.008185584586439282,0.45408376039997844,0.03156186020925453,18.771,18.4125,18.40233333333333,0,20,10,18.659214867963282,18.326298942907265,64.75972540045764,0.2355855005791625,0.2492738834197347,19.380359820210945,17.444640179789058,0.026473421017027307,0.02037998621212136,0.018889039640514534,-177300.0,1.193354632438677,0,0,-1,0,0,0.008152173913043594,0.4891035305498882,0.2815510699682707,0.32352225144119023,0.006892895015906619,0.04512933406714348,1.8582850490284908,0.031068983675618743,0.0
2003-10-21,19.28,18.99,0.031832926573210754,0.023934545240260792,0.023631604533277038,0.3279092646118936,0.015155764358205261,18.823,18.4665,18.461,1,21,10,18.772084891969957,18.38782804336486,64.51612903225806,0.27006062477419235,0.25343123169062626,19.502550699836352,17.430449300163648,0.02681689422966541,0.020579945459885927,0.01847904969209665,4192600.0,1.5703864687867053,0,0,-1,0,0,0.008425487098472888,1.3178954085345926,0.27898547468489654,0.3266965060927858,0.031016042780748654,0.05934065934065935,0.7940844406923745,0.031639004149377564,0.0
2003-10-22,19.0,19.28,-0.00523561405394494,-0.01293679103071945,0.0026504123652011284,-0.27185791570657125,-0.014629310015959155,18.848,18.5075,18.49433333333333,2,22,10,18.81352400252087,18.427323008309063,60.08771929824562,0.271657253419594,0.25707643603641983,19.560573196836078,17.454426803163923,0.027384301573405736,0.02093947952773257,0.018181417089895346,862900.0,0.9353575828911036,0,0,-1,0,0,-0.011929460580912885,0.5076036588088082,0.30900367544807605,0.3324039324810516,0.021505376344086002,0.04510451045104502,0.6392675564234797,0.016315789473684145,0.0
2003-10-23,18.74,19.0,-0.005263170044274644,-0.00836824967051658,-0.014396409664497099,-0.32221865561290247,-0.013778702356164397,18.768,18.551,18.506999999999998,3,23,10,18.80015600206253,18.447495717450415,54.38596491228068,0.249071623401953,0.2554754735095265,19.56431971366646,17.537680286333536,0.023653657752106667,0.020787674649233364,0.018068954329300013,-1549600.0,0.37303132950240814,0,0,-1,0,0,-0.0026315789473684583,-0.21964925123976625,0.33566781396420986,0.32999410474316,0.0064446831364122215,0.0486849468382764,0.9427372638442024,0.022411953041622103,0.0
2003-10-24,18.5,18.74,-0.018642350809279718,-0.02338044864406361,-0.016788913162501775,-0.3498588481497009,-0.012889544725996958,18.769,18.5955,18.50433333333333,4,24,10,18.745582183505704,18.450883090518133,47.62979683972912,0.20939260702457219,0.24625890021253563,19.50797436878196,17.683025631218044,0.01654965146580859,0.020715595184600626,0.01810867412870072,-3249900.0,-0.20932094811053625,0,0,-1,0,0,-0.007470651013873907,-0.7737200707964491,0.33820316865762806,0.32884987871484256,0.005434782608695787,0.05053946621237926,0.9439102843210596,0.01567567567567582,0.0
2003-10-27,18.83,18.5,-0.004850454133749466,0.01705798290457677,0.010863767898986895,-0.006727276639564501,0.01768061058478173,18.766,18.6455,18.506000000000004,0,27,10,18.760930877413756,18.475342245968577,50.74309978768575,0.20224360436965227,0.23745584104395898,19.488289228817234,17.802710771182763,0.016272225896888988,0.02088274633985187,0.01829851510968677,-1561000.0,0.4378318889028186,0,0,-1,0,0,0.000540540540540625,-0.7544001251590946,0.2633787852450563,0.3315033210437542,-0.008425487098472906,0.056085249579360674,0.6161123060864951,0.02177376526818907,0.0
2003-10-28,19.21,18.83,0.017671142562810844,0.01521141315673307,0.017671142562810844,0.5161639459000416,0.019979634111404333,18.817,18.720999999999997,18.522333333333336,1,28,10,18.842579808793072,18.522739520422217,54.52755905511811,0.2246511538067395,0.2348949035965151,19.47278104315148,17.969218956848515,0.01712225275952863,0.02107691957179978,0.018641197061025412,1268900.0,1.300910695885881,0,0,-1,0,0,0.00053106744556567,0.10496629150757907,0.2846182266241472,0.3345857255417532,-0.0036307053941908585,0.08531073446327686,0.613086706427777,0.019260801665799115,0.0
2003-10-29,19.16,19.21,0.011084832424492914,-0.0010416667608567657,0.005821662380218409,-0.4955942031002789,-0.0026062042377508646,18.872999999999998,18.778,18.54366666666667,2,29,10,18.900292570830693,18.563853099749814,45.62211981566821,0.23565819506022123,0.23504756188925635,19.477009825998127,18.07899017400187,0.01699823019400853,0.02087238649570532,0.01852411078104891,-455100.0,1.092974621507036,0,0,-1,0,0,-0.008328995314940142,-0.6982485183037562,0.2593383045884385,0.3313388636163553,0.008421052631578885,0.06326304106548286,0.3314965045887437,0.012526096033403027,0.0
2003-10-30,19.22,19.16,0.00836387520775531,0.00830310945618222,0.002108593295759097,-0.19279383358198607,0.0031266309994319222,18.933,18.835,18.562,3,30,10,18.95842119431602,18.60618515783047,60.895522388059696,0.24638270663989914,0.23731459083938494,19.47803556421238,18.19196443578762,0.01698344901683217,0.020872408689672415,0.018483388706158815,966600.0,1.1974454335867522,0,0,-1,0,0,0.002609603340292313,-0.8863601601240454,0.2207537270489104,0.3313392159346605,0.025613660618996725,0.06305309734513287,-0.12730995757793317,0.01873048907388153,0.0
2003-10-31,19.4,19.22,0.002080083953328005,0.005154650588664422,0.008912247718519981,0.3816197133719954,0.009321662527136091,19.033,18.887999999999998,18.592,4,31,10,19.038708249894924,18.6573990186156,58.54430379746833,0.2663362959785083,0.24311893186720962,19.53397865371269,18.242021346287306,0.016190403062291723,0.020761734081619375,0.018438124323997725,3048900.0,1.585191699624546,0,0,-1,0,0,0.0015608740894901738,-0.31526704497227576,0.15280268036574718,0.32958231099851315,0.048648648648648596,0.0577971646673936,-0.15172769778901363,0.01494845360824738,0.0
2003-11-03,18.85,19.4,0.0,-0.0036054636018350954,-0.021097828964635815,0.07411826291930348,-0.028760152175262572,19.019,18.895000000000003,18.61466666666667,0,3,11,19.004397659004937,18.669824888382333,52.11267605633806,0.23505963467994206,0.2415070724297561,19.535871117677743,18.254128882322263,0.01641495996243106,0.021474553750862407,0.0189169101191005,806400.0,-0.14043385248211396,0,0,-1,0,0,-0.007731958762886525,-0.17541610910632469,0.2877953800081288,0.3408979724452274,0.0010621348911312722,0.007482629609834257,-1.055447183378812,0.03289124668434999,0.0
2003-11-04,18.58,18.85,-0.0370412716803491,-0.026138445745265547,-0.011796383440369651,-0.38756605551132,-0.014427180508327461,18.949,18.886000000000003,18.627333333333333,1,4,11,18.927234448276764,18.664029734293152,49.731182795698885,0.18633792415052142,0.23047324277390918,19.539779296415,18.232220703585007,0.015891455519830254,0.021722789775814214,0.01913317522854332,-715600.0,-0.9360957181665389,0,0,-1,0,0,-0.015915119363395264,-0.7123257740556486,0.23789242176047637,0.34483859717604565,-0.03279541905257688,-0.009594882729211274,-0.7198480087118194,0.018299246501614633,0.0
2003-11-05,18.58,18.58,-0.002699056969165058,-0.007976644261357435,-0.00649352931054812,0.22303842095246454,0.0,18.907,18.8775,18.640666666666668,2,5,11,18.86410091222644,18.65860846111295,49.459459459459424,0.1460421347140759,0.21358702116194256,19.54303895848627,18.21196104151373,0.015437163870416645,0.02172275995255291,0.0191303339600351,-715600.0,-0.8940122774379703,0,0,-1,0,0,-0.004305705059203353,-0.44928776244746343,0.24131042492988852,0.34483812374644945,-0.030271398747390488,-0.009066666666666778,-0.8349017125108903,0.01668460710441328,0.0
2003-11-06,18.77,18.58,0.0043150013014132795,0.0031982969693767037,-0.0005430355821744096,-0.10639488666844978,0.010174117212725159,18.91,18.839,18.670666666666666,3,6,11,18.846991655457995,18.665795012008893,55.04087193460491,0.12796375683978312,0.19646236829751068,19.427840073006905,18.250159926993092,0.015298985782199908,0.01950634731042264,0.01889430216952269,994700.0,-0.23435904981008254,0,0,-1,0,0,0.0,-0.5923869131937697,0.2626060529714735,0.3096536638237917,-0.02341311134235169,-0.0394063459570112,-0.7531076896546852,0.02024507192328178,0.0
2003-11-07,18.74,18.77,0.00964121019238643,0.00583710864022277,0.0108050754091729,-0.023067027010766423,-0.0015995737881413516,18.933999999999997,18.851499999999998,18.708333333333332,4,7,11,18.827538627192904,18.670582430588965,45.9807073954984,0.10994834674636422,0.17915956398728142,19.419387127406065,18.28361287259393,0.01463082733972902,0.015215804983347946,0.01865398896692045,-676600.0,-0.39268366764817114,0,0,-1,0,0,-0.0005327650506125739,-0.5700840139021318,0.23601996145870277,0.24154341590157577,-0.03402061855670102,0.013520822065981708,-0.6363063254280811,0.015474919957310521,0.0
2003-11-10,18.61,18.74,-0.006953758964581619,-0.005305052229693006,-0.018438700264244014,0.5877068835031098,-0.006961206156116701,18.912,18.839,18.734333333333332,0,10,11,18.787986149521466,18.666673886679998,38.64406779661015,0.08421036622592126,0.16016972443500938,19.417014751223018,18.26098524877698,0.013596609648600867,0.014604232807261582,0.01862316756614209,-3684700.0,-0.7923673211296378,0,0,-1,0,0,-0.005869797225186737,1.0492721788681287,0.14385861244473386,0.23183500858142903,-0.0127320954907163,-0.013255567338282037,0.20339677147650492,0.02847931219774321,0.0
2003-11-11,18.41,18.61,-0.007543139214463643,-0.01446582953863506,0.0027329888560688213,-0.6621509011412181,-0.010805075409172813,18.832,18.8245,18.758,1,11,11,18.719261395063015,18.650114281087742,39.7212543554007,0.04713120352499445,0.1375620202530064,19.431042400999598,18.217957599000403,0.011589858687585339,0.014677400774251595,0.018690604852214188,-5236100.0,-1.3667634754533031,0,0,-1,0,0,-0.006448146157979635,-0.8201566808145548,0.12658420378997767,0.23299651404897959,-0.00914962325080726,-0.015508021390374327,0.7412015860162218,0.011406844106463924,0.0
2003-11-12,18.82,18.41,-0.005423006782803639,0.022412891231166784,0.0038136793702454263,0.6970714031647822,0.022026138912247074,18.798,18.835500000000003,18.78466666666667,2,12,11,18.737577505051554,18.661074650049823,51.32450331125831,0.050250022451333365,0.1200996206926718,19.432808877162124,18.238191122837883,0.014315406551657422,0.015491678682801295,0.018834066346120303,-2121100.0,-0.051899446308734436,0,0,-1,0,0,-0.0010863661053774891,1.085063338197676,0.214716570347769,0.24592277511367738,0.012917115177610405,0.011827956989247213,0.7815283328232167,0.02975557917109451,0.0
2003-11-13,18.84,18.82,0.02364430405283128,-0.0015843679047029804,0.007584001681038696,-0.6204159869623868,0.0010621349909833693,18.759999999999998,18.8465,18.81,3,13,11,18.75619977686036,18.67261822101435,56.07142857142857,0.05371633332010006,0.10682296321815746,19.43513892962793,18.25786107037207,0.014252695478064948,0.01549166298728336,0.018831523002349988,-446100.0,-0.02208484581238149,0,0,-1,0,0,0.0005313496280551546,-0.7326037396008083,0.20391108451438644,0.24592252595505448,0.0037293553542887548,0.011815252416756072,1.5453857290139301,0.02070063694267519,0.0
2003-11-14,18.69,18.84,-0.006927818808520078,-0.002116402906377724,0.0010787487561756094,0.08516390031078513,-0.007993647680745475,18.689,18.860999999999997,18.821666666666665,4,14,11,18.74416345379484,18.6737396261102,47.32824427480922,0.043854140031296396,0.09422919858078525,19.416693971060973,18.30530602893902,0.013775825975269348,0.015351126513042247,0.01874803796349561,-2270000.0,-0.6154466627503943,0,0,-1,0,0,-0.00743099787685778,-0.5308898921308687,0.21342856402503418,0.24369157858919954,-0.0026680896478120664,0.015760869565217606,1.7094718299734892,0.017656500802568125,0.0
2003-11-17,18.13,18.69,0.0,-0.00957963685681372,-0.03511057298082376,0.168992257573415,-0.030420596700711854,18.616999999999997,18.817999999999998,18.802333333333333,0,17,11,18.632497371286686,18.638659650232125,30.714285714285694,-0.009044776534363308,0.07357440355775555,19.45831571160338,18.177684288396616,0.014102721240343466,0.014983446004387157,0.019190911846097957,-4429700.0,-2.148939929264624,0,0,-1,0,0,0.0005350454788655971,-0.0486654889151354,0.3017557514971306,0.23785483146223693,-0.025792584631918358,-0.045286993154291744,0.30488351188288415,0.043574186431329244,0.0
2003-11-18,17.52,18.13,-0.02985296314968116,-0.027651531330509894,-0.02315833514315209,0.4244984511504012,-0.03422493925851428,18.511,18.73,18.761000000000003,1,18,11,18.430225121961833,18.566488059894567,25.595238095238088,-0.09904769092016963,0.03904998466217051,19.55894987468282,17.90105012531718,0.0167756069849206,0.015941974459491377,0.020084443077805596,-7731500.0,-2.919356252904872,0,0,-1,0,0,0.0011031439602867939,1.8282535662332022,0.3658835549897187,0.25307099896294516,-0.048343291689299295,-0.09128630705394203,0.39284878652867905,0.03938356164383569,0.0
2003-11-19,17.37,17.52,-0.030771658666753545,-0.032973090485924825,-0.02136956859343993,0.0825974867067018,-0.00859850525523168,18.39,18.6485,18.715,2,19,11,18.23745691796877,18.489295281836856,23.188405797101467,-0.18039985813502923,-0.004839983897269438,19.664980512149032,17.632019487850965,0.016668852103160388,0.015802859577404023,0.020116570287619304,-11317600.0,-2.515542570111855,0,0,-1,0,0,0.004566210045662206,2.1636521243658304,0.24038673734720928,0.2508626186729179,-0.0770456960680127,-0.08578947368421053,-0.33962817795808725,0.027058146229130824,0.0
2003-11-20,17.34,17.37,-0.02882043853549197,-0.005698021114637779,-0.0278206755973318,0.0263636622711023,-0.0017286089006178537,18.247,18.5785,18.641666666666666,3,20,11,18.074282932883538,18.415147199137703,18.78787878787881,-0.24447463463516073,-0.0527669140448477,19.749523394076093,17.407476605923904,0.015731581536193192,0.015656861955568833,0.0182824937955902,-14999500.0,-2.115243822224649,0,0,-1,0,0,-0.015544041450777177,1.9688589692369927,0.22857311161876165,0.2485449782766213,-0.07961783439490444,-0.07470651013874063,-0.48193042580550743,0.048442906574394456,0.0
2003-11-21,17.4,17.34,0.021978906718775167,0.006833739578565117,0.034221628496850315,-0.5879333390657281,0.0034542348680873824,18.113,18.5235,18.60533333333333,4,21,11,17.95168603599562,18.3496538314514,24.19928825622773,-0.28710330984597476,-0.09963419320507312,19.80788844755406,17.239111552445937,0.016030949145134952,0.015584378495458387,0.015695942229622263,-12954300.0,-1.749470733934969,0,0,-1,0,0,0.00807381776239911,-0.2616030640603986,0.266316337037638,0.24739433901891505,-0.06902086677367592,-0.05945945945945952,-0.35495679748270165,0.021839080459770264,0.0
2003-11-24,18.08,17.4,0.005704522029641353,0.026877317763746612,0.016681433697596178,0.4513670781258471,0.03833614874354703,18.06,18.486,18.57933333333333,0,24,11,17.97501584763278,18.332256810067438,42.23602484472049,-0.2629849977194496,-0.13230435410794844,19.77648991105166,17.195510088948343,0.021730344749440057,0.017660839338147053,0.016950091203696324,-9742400.0,-0.6292184022874548,0,0,-1,0,0,0.01034482758620688,1.1938263107212186,0.41602095460355704,0.280357133000422,-0.0027578599007170856,-0.039830058417419045,0.5394957705513236,0.03152654867256639,0.0
2003-11-25,17.92,18.08,0.01803882058967835,0.00220750641521052,0.015284758364896383,-0.5165186041149182,-0.008888947417245815,18.011000000000003,18.421499999999998,18.553333333333335,1,25,11,17.965012966245002,18.3056595965147,40.23668639053258,-0.2538554369625494,-0.15661457067886864,19.688361434702564,17.154638565297432,0.021660187630463266,0.016929963849690633,0.016955594211493678,-11658600.0,-0.7917203669835278,0,0,-1,0,0,-0.009955752212389367,-0.47020415269513677,0.31593069656364803,0.2687548443095707,0.022831050228310668,-0.06715252472670474,1.8840731099696126,0.018973214285714277,0.0
2003-11-26,18.06,17.92,0.011111225425070849,0.0,-0.01528475836489636,0.03658382251139254,0.007782140442054729,17.935,18.3665,18.53533333333333,2,26,11,17.982283336018636,18.289810590287946,39.3393393393393,-0.23264161657509064,-0.17181997985811304,19.59324194086347,17.139758059136526,0.02026167145610419,0.017112824339473344,0.017016871812626448,-9671000.0,-0.4996975970092982,0,0,-1,0,0,0.01004464285714284,-0.3964488469416326,0.29326560725808287,0.27165766459307783,0.03972366148531936,-0.05741127348643016,1.6130812182876784,0.03377630121816166,0.0
2003-11-28,17.98,18.06,-0.004984779083915329,0.0,0.02479000186232435,-0.8811196101104705,-0.0044395189453650275,17.849,18.304499999999997,18.514,4,28,11,17.981868184015244,18.26982281026937,38.75739644970413,-0.21975168189460348,-0.18140632026541115,19.47360176946586,17.135398230534136,0.020185616532904578,0.017058023764108993,0.017025164065054575,-10494500.0,-0.5551270359435932,0,0,-1,0,0,-0.00276854928017703,-1.8142872417046578,0.29944935251536137,0.2707877324283739,0.03690888119953861,-0.06451612903225801,1.5969387390069119,0.009454949944382743,0.0
2003-12-01,18.44,17.98,0.006089141426968555,0.019651287397288494,0.0016680571006970134,0.9990144438149765,0.025262189084973675,17.824,18.2565,18.515333333333334,0,1,12,18.065164877830654,18.280801983800384,47.70889487870622,-0.1704532808555328,-0.1792157123834355,19.309261281482776,17.203738718517222,0.02222666091630681,0.01804341294559934,0.017568433939551566,-8258200.0,0.34860704554321975,0,0,-1,0,0,0.007786429365962212,-0.028379759257198017,0.32142651340150175,0.2864303007413956,0.05977011494252893,-0.04948453608247405,0.4810390770946937,0.027114967462039043,0.0
2003-12-02,17.93,18.44,0.02345348843861094,0.003776643280335252,-0.010611660594594506,0.46465689207752126,-0.028046930511406325,17.804000000000002,18.2105,18.48,1,2,12,18.040589445497808,18.258169597748747,44.02985074626864,-0.17057045062999165,-0.17748666003274674,19.234063949098694,17.186936050901306,0.021903933697590573,0.017991487243688695,0.017215794820023927,-11817200.0,-0.5480849540412126,0,0,-1,0,0,0.005965292841648559,1.473638610423632,0.3142056031892984,0.2856060057779473,-0.008296460176991038,-0.048806366047745464,0.12861007851911868,0.042387060791968856,0.0
2003-12-03,17.82,17.93,-0.03511057298082376,-0.016834500197791973,-0.0016858672158115734,-0.5676204853660889,-0.0061538655743782235,17.834,18.1725,18.431333333333335,2,3,12,18.000482273589114,18.229900591442377,36.55913978494621,-0.17749335628656127,-0.17748799928350967,19.194734394791386,17.150265605208613,0.018847646893115744,0.017796668563658732,0.016926332240823128,-13834700.0,-0.689665700540112,0,0,-1,0,0,-0.0011154489682096806,-0.40454612235823406,0.31078202502761487,0.2825133551092925,-0.005580357142857206,-0.04090419806243262,0.010676075648453348,0.02693602693602696,0.0
2003-12-04,16.6,17.82,-0.00784757390606043,-0.02720123300026261,-0.08201315166083524,1.6925391351045307,-0.0709187266801656,17.756999999999998,18.073500000000003,18.351333333333336,3,4,12,17.74584913293655,18.124745714575127,27.235772357723548,-0.278216506230752,-0.19763370067295816,19.293875697113407,16.8531243028866,0.029201687665827616,0.02317597582898386,0.02069470666223122,-24796300.0,-2.4148301272883796,0,0,-1,0,0,-0.002805836139169512,3.912300515613435,0.5526729954575884,0.36790721060841186,-0.08084163898117369,-0.10656620021528507,-0.6749586053087758,0.08373493975903618,0.0
2003-12-05,15.59,16.6,-0.1049229199267787,-0.07415126126002501,-0.05393156366985059,-0.04435722211615648,-0.06277301229281244,17.582,17.9145,18.246333333333332,4,5,12,17.353876563311722,17.961213732989634,23.183391003460173,-0.43452989714165824,-0.2450129399666982,19.520495018672143,16.308504981327857,0.0342142349812523,0.02594374415729928,0.02308649386372869,-35282300.0,-2.894778592678234,0,0,-1,0,0,-0.036144578313253094,2.701630023343983,0.61809233184792,0.4118441707085933,-0.13292547274749722,-0.16941928609483214,0.37825998399870675,0.0628608082103913,0.0
2003-12-08,15.82,15.59,-0.01892800988551891,-0.03515625698457777,0.0025740039951728426,-0.5933734799718287,0.014645279269822675,17.424,17.7685,18.157,0,8,12,17.074989915436863,17.82307091150643,28.807339449541274,-0.533698167546028,-0.30274998548256415,19.576695087285643,15.960304912714358,0.03488919314731539,0.026439273485272276,0.02334710803945545,-29489200.0,-2.155187804348009,0,0,-1,0,0,0.007055805003207147,0.8647619604324587,0.5616966142838168,0.4197104549235264,-0.14208242950108463,-0.15581643543223045,0.1130864747751915,0.02338811630847024,0.0
2003-12-09,15.7,15.82,0.01579811687659131,0.004384598317824126,0.001284521692356619,-0.1762465908149048,-0.007614249985245517,17.186,17.622999999999998,18.052666666666664,1,9,12,16.824991748993796,17.686098594635048,31.653225806451587,-0.6148847250702936,-0.36517693340011004,19.60596004153273,15.640039958467266,0.0306154680921637,0.026438176674668534,0.022950055424680826,-34346200.0,-1.939524710254488,0,0,-1,0,0,0.008217446270543553,0.48284218145190494,0.5838631215060422,0.41969304359496934,-0.1243725599553821,-0.15636754433100486,-0.35762622527196164,0.026751592356687896,0.0
2003-12-10,15.7,15.7,0.013080223862095789,0.011187189390564376,0.002564103968937634,-0.1904085228753064,0.0,16.964,17.4875,17.935666666666666,2,10,12,16.620447794631286,17.557963201432788,32.6403326403326,-0.6714851935001853,-0.4264385854201251,19.609513691111072,15.365486308888928,0.03089407158105883,0.026491290901258218,0.0224532127255925,-34346200.0,-1.684720515694767,0,0,-1,0,0,0.029299363057324897,0.13096761127619627,0.5982323056819571,0.42053620580278434,-0.11896745230078565,-0.14720260727865297,-0.4217854377089005,0.03566878980891723,0.0
2003-12-11,16.0,15.7,-0.027605266091888857,-0.004956639639928177,0.006381642589520611,-0.18692002358967275,0.01892800988551886,16.758000000000003,17.3465,17.830333333333332,3,11,12,16.507639104698324,17.45744944650164,36.81102362204723,-0.6842464129993893,-0.4780001509359779,19.470471206068996,15.222528793931001,0.031916827734021595,0.026312524910890558,0.022926541789088036,-31015800.0,-1.2679079604775567,0,0,-1,0,0,0.0012738853503185574,-0.12763232344674807,0.5084337106341612,0.4176983836824504,-0.03614457831325313,-0.14984059511158343,-1.6325512646462395,0.02375000000000005,0.0
2003-12-12,15.89,16.0,0.020775062574964448,0.0012414650880649455,0.0076045993852192125,-0.031415557373513765,-0.00689874169115659,16.549,17.199,17.71933333333333,4,12,12,16.395341085662263,17.3563236757596,35.282651072124764,-0.6952217682993407,-0.5214444744086505,19.29582366299216,15.102176337007844,0.031865396944142386,0.02623237596147925,0.02286587152675179,-34243200.0,-1.2485551580737733,0,0,-1,0,0,0.0031250000000000444,-0.1976762338662245,0.19640525939111192,0.41642605855453785,0.019243104554201418,-0.15658174097664534,0.441530553870301,0.01762114537444941,0.0
2003-12-15,15.73,15.89,0.006211200092640455,0.011104370734234356,-0.008877674032017453,-0.17653797933328122,-0.010120263478438155,16.278,17.051,17.596999999999998,0,15,12,16.274369979178214,17.25139956764608,24.511930585683288,-0.7086614709611325,-0.5588878737191469,19.12240836910025,14.979591630899746,0.02909017398585048,0.026235834110232482,0.022688271116614728,-36948300.0,-1.2754607152367494,0,0,-1,0,0,0.016362492133417117,-0.4156403595835702,0.18873991447468447,0.4164809549641242,-0.0056890012642224486,-0.15837346174424827,1.7453666978283955,0.03814367450731096,0.0
2003-12-16,15.84,15.73,-0.03144913268250323,-0.024845998586530776,-0.025807883955872475,0.40182337605257173,0.006968669316093215,16.069,16.936500000000002,17.496666666666666,1,16,12,16.19539361932763,17.160341531023754,27.192982456140328,-0.702340309559844,-0.5875783608872863,19.009943867984813,14.863056132015192,0.02952525490502993,0.025925713913325366,0.022442220987205677,-32905400.0,-1.0576606552322019,0,0,-1,0,0,-0.005085823267641454,0.059217584065755585,0.18545221879766266,0.41155794945879653,0.008917197452229297,-0.1263099834528405,0.7690906016288515,0.03787878787878786,0.0
2003-12-17,15.9,15.84,0.007638483988784759,0.0012570711900511137,0.015564516541111548,-0.5391484541292261,0.0037807228399061523,15.877,16.8555,17.407333333333334,2,17,12,16.141685688540786,17.079029174183514,25.892857142857167,-0.684597629720546,-0.6069822146539383,18.959315831443227,14.75168416855677,0.029905265086550576,0.025196373201156527,0.022441227695421014,-30547400.0,-0.9083494721536729,0,0,-1,0,0,-0.004419191919191937,-0.5677239120571557,0.18504481302346487,0.3999800245861956,0.01273885350318471,-0.09246575342465746,0.45224353442529924,0.02389937106918244,0.0
2003-12-18,16.13,15.9,0.007580579573677737,0.016199731214108608,0.012787898049755907,0.11410083350697296,0.014361782910931539,15.830000000000002,16.7935,17.325666666666667,3,18,12,16.139561017897005,17.017801485526512,30.02159827213822,-0.644547408994935,-0.6144952535221376,18.906539965248275,14.680460034751729,0.022838560630547188,0.025526440049724992,0.02270467325247582,-27904400.0,-0.6280051593080442,0,0,-1,0,0,-0.0006289308176100495,-0.43842433110470314,0.16020050673663572,0.40521967337022946,0.008124999999999938,-0.07138744962579169,0.010228129828351223,0.027278363298202078,0.0
2003-12-19,15.96,16.13,0.02055506813864216,0.002469137056921106,0.010113866236928759,-0.053386408807805215,-0.010595300115454672,15.867,16.7245,17.232000000000003,4,19,12,16.10691356009755,16.94955622839577,21.42857142857143,-0.619385014876638,-0.6154732057930377,18.852473832446844,14.596526167553154,0.011129348718967608,0.025572430650812647,0.022557941875901925,-30410000.0,-0.7185238731257706,0,0,-1,0,0,0.005579665220086787,-0.465537641065861,0.1740167851952415,0.40594975152897533,0.004405286343612369,-0.07958477508650519,-0.034769776405128336,0.020050125313283113,0.0
2003-12-22,16.17,15.96,-0.016786219456413256,-0.0012338064489284325,-0.015848192240023616,-0.03649773162530597,0.013072081567352921,15.902000000000001,16.663,17.146333333333335,0,22,12,16.118383821897993,16.89926227817669,28.217821782178234,-0.5758602329904896,-0.6075506112325281,18.779840744326712,14.54615925567329,0.0109425471985771,0.02580858850430946,0.022797445321606,-27994200.0,-0.465788464551502,0,0,-1,0,0,-0.0006265664160401981,-0.5086779411572696,0.1590260134515934,0.40969864123201966,0.027972027972028135,-0.07068965517241366,-1.2625175985627621,0.034013605442176804,0.0
2003-12-23,16.12,16.17,-0.00628932890756399,0.0036968618813262026,0.012698583337127343,0.10929349491532676,-0.003096936510533299,15.943999999999999,16.564999999999998,17.063333333333336,1,23,12,16.118677672461992,16.84898729248787,28.643216080402013,-0.5391857146125609,-0.5938776319085347,18.584885353703225,14.545114646296772,0.010580330926055656,0.023805823268388322,0.022794943110707084,-30689000.0,-0.4406190670021353,0,0,-1,0,0,-0.019789734075448488,-0.3916404108498434,0.16914781347392754,0.37790572873986206,0.017676767676767735,-0.10840707964601759,-0.31361124007874,0.02543424317617878,0.0
2003-12-24,15.83,16.12,0.009419221916491558,-0.0049321924893190585,-0.0012626264303688105,-0.9572124604755998,-0.01815386318556154,15.956999999999999,16.460500000000003,16.977333333333334,2,24,12,16.066190822923446,16.78324617684349,37.37704918032785,-0.527441454178426,-0.580590396362513,18.39987021790704,14.521129782092967,0.012452968762176704,0.023961876824299816,0.022901279286486765,-31723700.0,-0.6502110779863753,0,0,-1,0,0,-0.007444168734491377,-0.9891559056209551,0.22776785227415625,0.3803830021407568,-0.004402515723270439,-0.11662946428571441,0.03671739036071786,0.02210991787744786,0.0
2003-12-26,15.85,15.83,-0.012578782206860073,-0.01557178770838852,-0.0037974729179738325,-0.318332930451568,0.0012626264303687892,15.942000000000002,16.35,16.878333333333334,4,26,12,16.026883400573727,16.723036746079394,56.310679611650485,-0.5106339401154649,-0.5665991051131034,18.152664694278865,14.547335305721138,0.010709519190047645,0.023808872422251964,0.022361019479136702,-30971100.0,-0.5547343347732466,0,0,-1,0,0,-0.0018951358180669211,-1.0499105623106093,0.18780270688026127,0.3779541325568563,-0.017358958462492247,-0.1223698781838316,0.31168554960162026,0.010094637223974773,0.0
2003-12-29,16.02,15.85,0.006309169193264756,0.007504725654067792,-0.0006343165452138862,1.0410942722632903,0.010668441316923563,15.955000000000002,16.252000000000002,16.784333333333333,0,29,12,16.025631873196684,16.677679536654917,54.999999999999986,-0.4780852161047058,-0.5488963273114239,17.886851997163987,14.617148002836018,0.011057228702369437,0.0241084169603448,0.02252721912704544,-28839500.0,-0.2838177405691262,0,0,-1,0,0,0.0031545741324921586,-0.5812084995606491,0.1975824320634358,0.38270925468314443,0.003759398496240518,-0.10901001112347053,-0.8323875214071567,0.018102372034956363,0.0
2003-12-30,16.06,16.02,0.0,0.0006228589425906767,0.007585371389256564,-0.182002598471598,0.002493766878402458,15.988,16.133000000000003,16.696666666666665,1,30,12,16.031880623524557,16.637829243967506,59.374999999999986,-0.4439449312973629,-0.5279060481086117,17.403045171181553,14.86295482881845,0.0103684576258776,0.02307373257011454,0.02256294093838738,-27062600.0,-0.11495654116316253,0,0,-1,0,0,-0.007490636704119802,-0.7011221350029881,0.16788180496003666,0.3662841491912057,-0.006802721088435604,-0.129067245119306,-0.9928479534383924,0.011207970112079574,0.0
2003-12-31,16.14,16.06,0.006894417782437585,0.0080620591709284,0.008153071189633633,0.04597499583564804,0.004968954323187144,16.018,16.0435,16.630333333333333,2,31,12,16.05153869197464,16.60571122822767,61.000000000000036,-0.40575587703180815,-0.503476013893251,16.991900870162915,15.095099129837086,0.010282714898490407,0.022658360713281644,0.022116235490849498,-25202100.0,0.20350044593152317,0,0,-1,0,0,-0.0031133250311330737,-0.6314896731282476,0.17223805804701756,0.35969032538243595,0.001240694789081953,-0.09983268265476852,-1.5869605802314204,0.011152416356877306,0.0
2004-01-02,15.94,16.14,0.013031521678643415,0.01288756714060884,-0.011306653115702616,0.22089431580523206,-0.012468989479733836,16.022,15.9495,16.577666666666666,4,2,1,16.03125892979743,16.56276211672911,48.42105263157893,-0.3871660951766671,-0.48021403014993425,16.396830091236616,15.502169908763385,0.011190007611400536,0.022718069480502104,0.021451878986121838,-27522500.0,-0.04247422735966097,0,0,-1,0,0,0.004956629491945371,-0.4696315729257696,0.13545056593972873,0.3606381726773694,0.006948831332912242,-0.10549943883277224,-1.1927003607620812,0.03575909661229602,0.0
2004-01-05,15.99,15.94,-0.01741337532519789,-0.025317807984289783,0.0,0.6540367871271154,0.00313185348379388,16.008,15.919,16.531666666666666,0,5,1,16.023757306197897,16.525809722101428,52.71739130434781,-0.36420069805168254,-0.45701136373028395,16.246793259619643,15.59120674038036,0.010119706883827203,0.01721734139858824,0.021452077355362933,-23059700.0,0.4331998777667693,0,0,-1,0,0,0.0,0.5653818268903723,0.1359703019239751,0.27331682147016895,0.00883280757097804,-0.03674698795180731,-1.3945759372512658,0.010006253908692942,0.0
2004-01-06,16.24,15.99,-0.002512564135883048,0.016129381929883717,0.0044122353332649925,0.15744873466515552,0.015513807887668953,16.036,15.9515,16.495,1,6,1,16.06307415961646,16.50737038519166,63.21243523316057,-0.32211441029789967,-0.43003197304380714,16.270727686438562,15.632272313561437,0.010696467511315066,0.010628565240597099,0.021707105657637248,-17835900.0,1.8074873343138016,0,0,-1,0,0,-0.005628517823639766,1.6366088578570772,0.1588392466636387,0.16872324252027188,0.013732833957553092,0.0416933932007697,-0.5603396345028264,0.021551724137931015,0.0
2004-01-07,16.56,16.24,0.021773799549560536,0.021309786586751242,0.019925939461081017,-0.06415317992081553,0.01951281422358172,16.075,15.988499999999998,16.467,2,7,1,16.153424312413467,16.510765844211555,66.82242990654203,-0.259942938008777,-0.3960141660368011,16.401360368902097,15.575639631097902,0.011629044430858191,0.01099035777633576,0.022046643171642056,-12936700.0,2.7684904778812625,0,0,-1,0,0,0.0006157635467981258,1.525281341327157,0.198891017009694,0.17446652097485554,0.031133250311332406,0.04677623261694053,-0.673450863830474,0.0229468599033818,0.0
2004-01-08,16.05,16.56,0.018293193047325483,-0.003016593539425679,-0.013656326447485528,-0.09603300793134897,-0.03128129938108867,16.068,16.006,16.399333333333335,3,8,1,16.134619891974655,16.481039015552746,52.8957528957529,-0.2489545430471125,-0.36660224143886344,16.396432958055918,15.615567041944082,0.01568736274399373,0.013114574589145991,0.02130019221839326,-17387300.0,0.22539080829184904,0,0,-1,0,0,-0.0006038647342993969,1.215681234336304,0.33110059545888215,0.20818741747972422,-0.005576208178438624,0.022292993630573354,-0.6743358883572829,0.034267912772585715,0.0
2004-01-09,15.28,16.05,-0.039438259473376466,-0.038809921406834945,-0.047353696383470305,0.6074911879598233,-0.04916406583765054,16.012999999999998,15.985,16.311333333333334,4,9,1,15.97923445707017,16.40355262745257,36.42172523961663,-0.29893281431023055,-0.3530683560131369,16.476763743017738,15.49323625698226,0.021300734180488046,0.017118908111161624,0.02277103790031766,-25557800.0,-2.867230494357813,0,0,-1,0,0,-0.008722741433021841,2.9626080488071866,0.47410478778079873,0.27175424147460076,-0.04140526976160608,-0.026751592356687892,-0.6138547045381716,0.04319371727748692,0.0
2004-01-12,15.32,15.28,-0.03258033293011199,-0.022230194570329934,-0.003939598004080314,-0.9587944734595053,0.0026143805740708936,15.959999999999999,15.951000000000002,16.22,0,12,1,15.859373646693774,16.3336460063266,39.333333333333336,-0.3314920545954614,-0.34875309572960184,16.525470923637315,15.376529076362692,0.021337404157147584,0.016473557890889442,0.022689529363244546,-22425600.0,-2.196803960084776,0,0,-1,0,0,0.007853403141361322,-0.004852473862477606,0.47334641216000883,0.261509624326315,-0.041901188242651655,-0.04249999999999998,-0.6023326992640593,0.024151436031331658,0.0
2004-01-13,15.35,15.32,-0.005861299749991118,-0.012928428295402512,0.0032840752011900187,0.05910226258025215,0.0019563097207609013,15.893,15.923999999999998,16.132333333333335,1,13,1,15.766760256385814,16.27018497366037,35.4609929078014,-0.3508305812622883,-0.34916859283613916,16.558197379203754,15.289802620796243,0.020877413576534325,0.01645545813669043,0.022727090155648052,-19102700.0,-1.81016200578017,0,0,-1,0,0,-0.0006527415143602993,0.10487944592746133,0.438719264142762,0.26122229963590315,-0.05480295566502458,-0.03398363750786659,-0.5051894060262176,0.007817589576547181,0.0
2004-01-14,15.49,15.35,0.0032605180499337555,0.01677458688288079,0.003926706616171796,0.22486946784627698,0.009079180395571063,15.836000000000002,15.912,16.034000000000002,2,14,1,15.71644020977021,16.21985045923067,39.17525773195876,-0.3508156881236246,-0.3494980118936363,16.570278456517624,15.253721543482378,0.021211077428308273,0.016494843542032095,0.022154647614993236,-14941900.0,-1.2821321913903545,0,0,-1,0,0,0.0006514657980455888,0.552745986063308,0.3966223947216541,0.26184752356282026,-0.06461352657004826,-0.015257469802924306,-0.8101881052078,0.02065848934796645,0.0
2004-01-15,15.49,15.49,0.007782140442054949,-0.0012804099060445813,0.003911347880912103,-0.2514929813150652,0.0,15.770999999999997,15.894499999999999,15.952666666666667,3,15,1,15.675269262539262,16.17276333282869,43.5114503816794,-0.3468061201303847,-0.348959633540986,16.578927536435383,15.210072463564613,0.021050232221475895,0.01639842745764926,0.02177519302118288,-14941900.0,-1.182009718973912,0,0,-1,0,0,-0.0006455777921239371,0.034216106175194196,0.36893087078452924,0.2603169656728387,-0.034890965732087276,-0.022095959595959558,-2.110776039966896,0.015493867010974835,0.0
2004-01-16,15.57,15.49,0.006439172281021233,0.0012804099060446127,0.008422466374696465,0.0195565596796787,0.0051513314171297555,15.733999999999998,15.878,15.877666666666668,4,16,1,15.656129396623033,16.133875375872,44.77611940298509,-0.33333074782650307,-0.3458338563980895,16.57761192250039,15.178388077499608,0.020995285915656067,0.016422397247784395,0.02184584568496763,-11642400.0,-0.8804881394794349,0,0,-1,0,0,0.00581020012911555,0.04443070840525131,0.055784845720937344,0.26069747429489454,0.018979057591623105,-0.02075471698113207,0.9073180869913844,0.008349389852280075,0.0
2004-01-20,15.13,15.57,-0.005148016517401244,-0.005131505808142132,-0.028797801553453354,0.40089845088758286,-0.02866645804564237,15.648000000000001,15.828,15.828666666666667,1,20,1,15.560469506327934,16.069109222589937,34.91525423728817,-0.3540741940519343,-0.34748192392885846,16.591774560290396,15.064225439709602,0.022417276409687163,0.017081620369219765,0.018790561588347285,-16569100.0,-1.827764464253981,0,0,-1,0,0,-0.004495825305073878,0.9235395875840757,0.23591307310980913,0.27116231692182485,-0.012402088772845876,-0.061996280223186484,-1.9328813102185658,0.032385988103106424,0.0
2004-01-21,15.1,15.13,-0.024821653173814014,-0.02145028619170335,-0.017415041601678123,0.43589698116877706,-0.001984783979386035,15.534,15.785,15.812333333333331,2,21,1,15.476747777904672,16.006586046938974,33.673469387755134,-0.3686843106781055,-0.35172240127870785,16.611724672554256,14.958275327445746,0.02125272305397614,0.016991192058429812,0.01527761194795266,-24187500.0,-1.6571417855079114,0,0,-1,0,0,-0.0006609385327165607,2.0602805025651834,0.2329635443515206,0.26972681199084564,-0.016286644951140072,-0.053884711779448646,-1.7492869358034764,0.027814569536423837,0.0
2004-01-22,15.49,15.1,0.016399186799117643,0.031050359920722418,0.02995232228335111,0.11831960396506928,0.025499910607898725,15.427000000000001,15.751,15.801333333333332,3,22,1,15.479157272831094,15.973257914878397,39.99999999999999,-0.3448183415313384,-0.350341589329234,16.566917952531114,14.935082047468885,0.022177172726858933,0.01782632751860368,0.015795160074759736,-15612200.0,-0.6397702102039393,0,0,-1,0,0,0.017880794701986728,2.1008582286865747,0.3070154216240737,0.2829841764228749,0.0,-0.042053184910327834,-0.33881002880872313,0.029051000645577744,0.0
2004-01-23,15.71,15.49,0.017414177566660555,0.0006367399132675264,0.004579661259024731,-0.1675397408493465,0.014102797838752516,15.393,15.730500000000001,15.801666666666668,4,23,1,15.521128677770893,15.95627353327334,46.483180428134574,-0.3046405213561645,-0.3412013757346201,16.52777100325484,14.933228996745159,0.021229243729145447,0.018186044045209637,0.0159619953153652,-8359700.0,-0.051425424771023576,0,0,-1,0,0,0.009683666881859287,1.3427445090665413,0.32273289623221135,0.28869449925415075,0.01420271142672691,-0.025434243176178706,-0.8583560761550925,0.02482495225970723,0.0
2004-01-26,15.55,15.71,-0.002560820861673704,-0.00063673991326754,0.0006525285712774368,-0.45982192663342736,-0.010236813642286638,15.420000000000002,15.7165,15.796666666666665,0,26,1,15.526378009085276,15.930062337578287,43.49112426035504,-0.2824540181265398,-0.3294519042130041,16.516244037999154,14.916755962000847,0.01438169451569824,0.0178864236345438,0.0160731225763811,-12938900.0,-0.41638322285354895,0,0,-1,0,0,-0.007001909611712362,0.1229521860110041,0.33440405165256254,0.28393817268810567,-0.0012845215157353262,-0.017687934301958252,-0.1388897756386677,0.023794212218649465,0.0
2004-01-27,15.65,15.55,0.0006408202718493312,0.0031796529173798056,0.014891825866522731,0.2453446100029341,0.006410278360919019,15.453,15.7065,15.785,1,27,1,15.548854734706135,15.911993799670011,40.86687306501551,-0.25387537293949514,-0.3143365979583023,16.504214498459213,14.90878550154079,0.014454779897682995,0.017954047391551,0.015710720714348963,-7086400.0,-0.14165469001536202,0,0,-1,0,0,0.003858520900321461,0.6241086342525508,0.2220433390449385,0.2850116665506711,0.034368803701255723,-0.012618296529968376,0.24050469677698516,0.012140575079872172,0.0
2004-01-28,15.16,15.65,-0.003851095902097423,-0.012779726646398882,-0.0366533176480355,0.33301230053436315,-0.031810536771936654,15.434000000000001,15.663499999999999,15.760666666666667,2,28,1,15.478153873850472,15.863478070659044,29.41176470588239,-0.2676798489560337,-0.3050052481578486,16.482492320508577,14.844507679491421,0.017933498239700342,0.019003084375497182,0.01665160596516927,-15251600.0,-1.2295597587223672,0,0,-1,0,0,-0.006389776357827453,1.5478552017322542,0.3540096374101534,0.30166461240445624,0.003973509933774766,-0.05368289637952561,-0.6508284543632983,0.036279683377308754,0.0
2004-01-29,15.04,15.16,-0.02145028619170335,-0.00969312920565968,-0.009377161812597044,-0.5100747504324189,-0.007947061692531945,15.389,15.6125,15.737666666666666,3,29,1,15.398489533150386,15.810350453197172,33.22259136212624,-0.28501748858202625,-0.3010076962426841,16.45424943140019,14.77075056859981,0.01766193811429589,0.018999272746714438,0.016617687177477126,-20154400.0,-1.360262279114793,0,0,-1,0,0,0.003957783641160982,-0.05873407480703297,0.27770727722069405,0.30160410467336085,-0.029051000645577862,-0.06351183063511834,-0.5467868949465026,0.035904255319149,0.0
2004-01-30,14.95,15.04,-0.014560151331329776,-0.0176879816193189,0.0006727211824505548,0.04477273435555915,-0.006002018684998359,15.335000000000003,15.553,15.708,4,30,1,15.316945981668496,15.754843972345743,42.91845493562232,-0.30253253400316815,-0.30131266379478094,16.405910805480058,14.700089194519943,0.01765780358960114,0.018911752380597148,0.01656159009300838,-25281700.0,-1.4139813826384953,0,0,-1,0,0,-0.00265957446808505,-0.030400715956865613,0.21655431453529872,0.3002147619329628,-0.04837683004455773,-0.07372986369268908,-0.9241288116231974,0.01739130434782619,0.0
2004-02-02,14.82,14.95,-0.0033389012655147096,-0.005966209278570838,-0.010138647171333415,-0.09612185232343393,-0.008733679968754553,15.260000000000002,15.497,15.671999999999999,0,2,2,15.226592166819678,15.694531458000858,39.669421487603316,-0.32317785410231537,-0.30568570185628785,16.38909628935057,14.604903710649433,0.0174535380799819,0.018839759588469177,0.01657339484197373,-29939100.0,-1.5177733795818058,0,0,-1,0,0,0.0,-0.3692247635806293,0.2166425016740461,0.29907191178800413,-0.04694533762057884,-0.07026348808030103,-1.0318986414158533,0.021592442645074122,0.0
2004-02-03,14.47,14.82,-0.015504186535965199,-0.01608613775162427,-0.03596514869351524,0.15728668827736927,-0.02390007922454828,15.193999999999999,15.420999999999998,15.616666666666667,1,3,2,15.089029954670645,15.615529428452417,33.9416058394161,-0.3635902518540437,-0.31726661185583904,16.39177071931174,14.450229280688255,0.016809656330617706,0.019290713166779855,0.016710170616654654,-35389800.0,-1.9592679941443572,0,0,-1,0,0,-0.006747638326585671,0.058070679259073346,0.17928542993171048,0.3062305779142726,-0.07539936102236422,-0.09505941213258284,-0.8291713092388475,0.0414651002073256,0.0
2004-02-04,14.43,14.47,-0.02197890671877523,-0.01018684530699313,0.00701757265864654,-0.11940799986538413,-0.002768167857613043,15.127,15.330499999999997,15.565666666666667,2,4,2,14.969206326548708,15.539043658874844,29.924242424242422,-0.39429979138198945,-0.33267324776106916,16.31713649787888,14.343863502121113,0.0167993819957649,0.01869425666119411,0.016657068856439645,-40227000.0,-1.8253936519395602,0,0,-1,0,0,-0.004837595024187995,-0.28449964546587364,0.12791907153560256,0.29676212442439365,-0.04815303430079154,-0.11145320197044328,-1.7753461364032934,0.02425502425502423,0.0
2004-02-05,14.64,14.43,0.006920442844573757,0.005445895011462538,0.011126679464757053,-0.4386312524547774,0.014448135747386051,15.041999999999998,15.234500000000002,15.514666666666667,3,5,2,14.909350630812579,15.481040842173243,35.08771929824563,-0.39711439025565376,-0.34556147625998607,16.081127364745655,14.38787263525435,0.014805163150367288,0.018357940800146376,0.01670623884718901,-37107400.0,-1.4043959001457598,0,0,-1,0,0,0.004851004851004871,-1.1772732053753079,0.21709120302037024,0.2914232756426005,-0.02659574468085102,-0.1159420289855071,0.27042473736506484,0.01844262295081964,0.0
2004-02-06,14.82,14.64,0.00481597078058469,0.00878680881507416,0.0027624326959100796,0.02803641336717034,0.012220111334775397,14.953,15.173000000000002,15.471333333333332,4,6,2,14.893105061573928,15.438393045904004,37.288135593220346,-0.3804350658375224,-0.35253619417549337,15.945667287285689,14.400332712714315,0.014532459672320919,0.017812696558387246,0.016943278566773794,-33899100.0,-0.9137179891232619,0,0,-1,0,0,-0.004781420765027342,-1.0644279537403125,0.24979324746851522,0.28276779163769267,-0.008695652173912993,-0.07663551401869162,-0.4275396467041121,0.024291497975708464,0.0
2004-02-09,14.65,14.82,0.014310295312942112,0.0020168074063046,0.008925565605504306,-0.41498570866111756,-0.011537284404864458,14.863,15.141499999999999,15.432,0,9,2,14.84890414128776,15.387528978426326,41.04477611940299,-0.376593030286708,-0.35734756139773627,15.946491663898874,14.336508336101124,0.014581987683821648,0.01463812492919405,0.016780891500802756,-36017700.0,-1.2211306577250265,0,0,-1,0,0,-0.0026990553306343403,-1.5057305664036151,0.2554411353171478,0.23237302933765458,-0.011470985155195623,-0.04123036649214651,-0.2870550928182694,0.017747440273037526,0.0
2004-02-10,14.69,14.65,-0.011568689757447596,-0.008769027523591285,-0.004796172263493055,0.433850988654712,0.0027266547227094875,14.767,15.11,15.393333333333334,1,10,2,14.820012479235437,15.342527108850435,42.37918215613383,-0.36610034681770287,-0.3590981184817296,15.934646654793713,14.285353345206286,0.014279585767914549,0.014640015836821016,0.016794190601026195,-32748300.0,-1.0186180894775176,0,0,-1,0,0,-0.0027303754266212233,-0.884519894924375,0.17070759422435164,0.23240304656565344,0.01520387007601931,-0.041122715404699806,-0.3257063379872262,0.013614703880190558,0.0
2004-02-11,14.64,14.69,0.0,-0.004753828986540555,-0.004129393342011178,-0.28411998150578277,-0.0034094816526203217,14.715,15.0745,15.347333333333333,2,11,2,14.787282937556267,15.297202779247183,31.914893617021278,-0.3576961036802455,-0.3588177155214328,15.91658950643112,14.232410493568882,0.011232854485467497,0.014612881169596106,0.016610748927178107,-35209100.0,-1.0319568090605125,0,0,-1,0,0,-0.005445881552076247,-1.2702388710692205,0.17213821875900806,0.2319722970773398,0.01455301455301461,-0.04625407166123774,-0.2824378972740116,0.012978142076502698,0.0
2004-02-12,14.88,14.64,0.009536857023220822,0.02021632192872038,0.016416237334661948,0.389159285734898,0.016260520871780326,14.699000000000002,15.044,15.308,3,12,2,14.804140585273307,15.270286470908657,32.48945147679325,-0.3278899746844566,-0.3526321673540376,15.866688788123772,14.221311211876229,0.01268952047958079,0.014996534990261507,0.016955564054492705,-31577600.0,-0.39869268274342,0,0,-1,0,0,0.007513661202185753,-0.6267043928710833,0.18026394793029218,0.23806261267146234,0.016393442622950838,-0.03938024531956097,-0.16087902602406381,0.016801075268817203,0.0
2004-02-13,14.55,14.88,0.007429956503784157,-0.006022099163092833,-0.023336680179235614,-0.0918520328148654,-0.022427035787444323,14.659000000000002,14.997,15.255,4,13,2,14.757933206132705,15.223816376011325,30.31496062992126,-0.3271257428537453,-0.3475308824539791,15.819809052479002,14.174190947520998,0.014324622922310105,0.015654189804934226,0.0172699856139438,-34890400.0,-1.0865218331112276,0,0,-1,0,0,-0.001344086021505467,-0.7990006285121963,0.23098934048500971,0.24850255920035205,-0.018218623481781382,-0.060684312459651335,0.17720766060956186,0.034364261168384876,0.0
2004-02-17,14.92,14.55,-0.0006731740409044372,0.0026809667532577425,0.021299328031391247,0.0842505864968711,0.025111601158113183,14.669,14.964500000000001,15.221,1,17,2,14.787399895926757,15.204215319494466,37.01067615658362,-0.29328338751226113,-0.33668138346563553,15.742120527127346,14.186879472872656,0.016599431412467284,0.01682323512404154,0.017950860730757107,-31286400.0,-0.11445171120775635,0,0,-1,0,0,0.020618556701030855,-0.6566191942996381,0.29209693842253487,0.26706057831468466,0.018430034129692796,-0.0417469492614001,-0.38566706543606655,0.015415549597855138,0.0
2004-02-18,14.79,14.92,0.006711434587986778,0.0006691201320241941,0.0006795786873841222,-0.051380920167110954,-0.008751318052906423,14.700999999999999,14.947500000000002,15.181000000000001,2,18,2,14.787872642121892,15.177491750494823,42.44897959183671,-0.27379683119044707,-0.32410447301059786,15.724752245175827,14.170247754824176,0.014727433588954989,0.015750715904718993,0.017963287564783912,-34709900.0,-0.4052738373611873,0,0,-1,0,0,0.0020107238605897694,-0.7030945432947949,0.30570407190854315,0.25003486353069704,0.006807351940095296,-0.022471910112359605,0.14721829031129022,0.01555104800540897,0.0
2004-02-19,14.62,14.79,-0.008059143686854633,-0.0046932704317495565,-0.010242493093616691,-0.06995308531265959,-0.011560822401075971,14.719999999999999,14.9235,15.127,3,19,2,14.757350343554274,15.14152454078548,41.599999999999994,-0.26897064796178327,-0.313077708000835,15.71050698853268,14.136493011467321,0.015307459307016517,0.015924025889198952,0.017702993729398344,-37902100.0,-0.7712765056022084,0,0,-1,0,0,0.0027045300878972903,-0.7458158323189549,0.31899650192597845,0.25278607424264765,-0.001366120218579292,-0.03178807947019868,0.42653956328586995,0.02120383036935708,0.0
2004-02-20,14.65,14.62,-0.00270087942713239,-0.0033658732551051325,-0.0006865774385735155,-0.01102477541421068,0.0020498811414440404,14.721,14.881499999999999,15.063333333333333,4,20,2,14.737832099271678,15.109813280089645,43.85245901639346,-0.2597310953129828,-0.3024083854632646,15.629923606479721,14.133076393520277,0.014609797058500998,0.014610333768264473,0.017196618904887093,-34744900.0,-0.6186336133593643,0,0,-1,0,0,0.011627906976744182,-0.7134223251240853,0.2868772002874598,0.23193185833486193,-0.01545698924731187,-0.05422853453841192,1.0716090111985064,0.018430034129692803,0.0
2004-02-23,14.34,14.65,-0.009510941259632035,-0.0067659256753017805,-0.021521136053880414,0.11813490302009384,-0.021387500291602062,14.673000000000002,14.812999999999999,15.006333333333334,0,23,2,14.665498990313191,15.060147907180637,40.83969465648854,-0.2742615757697564,-0.296779023524563,15.48946449317431,14.136535506825687,0.015335732788980585,0.014599196526152975,0.016762007400775724,-38298000.0,-1.398447382745679,0,0,-1,0,0,0.0,-0.3793752818814473,0.2826494678258018,0.2317550600973531,-0.01443298969072171,-0.08720560152768941,1.1419709144017092,0.03347280334728037,0.0
2004-02-24,14.04,14.34,-0.021387500291602062,-0.02265802389258399,-0.021277398447284965,0.19726197404459964,-0.021142436573809237,14.612,14.7375,14.965,1,24,2,14.551771901165337,14.994331913168985,41.63424124513616,-0.3064519912185695,-0.2987136170633643,15.404618706393627,14.070381293606374,0.016171616059622366,0.015012654739281256,0.014919363397526718,-42625900.0,-2.0910821217129816,0,0,-1,0,0,0.0,0.18677112159762746,0.15308713671624713,0.23831850575408056,-0.05898123324396787,-0.09710610932475894,0.6432461057528993,0.03205128205128213,0.0
2004-02-25,14.25,14.04,-0.014045174703047527,0.006920442844573757,0.004291852081541084,-0.059206060069190825,0.014846508116994638,14.568000000000001,14.6675,14.929333333333334,2,25,2,14.496904282771638,14.946310499416148,46.7153284671533,-0.31142793504634625,-0.3012564806599607,15.214448472507412,14.120551527492589,0.017178513103185675,0.015468115297639744,0.015237982919851172,-38546800.0,-1.5266520375713937,0,0,-1,0,0,0.007122507122507224,0.07492906461873265,0.24822996919423956,0.24554871797057162,-0.03651115618661249,-0.08945686900958472,0.7213237718485018,0.034385964912280714,0.0
2004-02-26,14.11,14.25,-0.0021238946037041907,-0.020906684819313712,0.0,-0.4370311452385686,-0.009873140849936972,14.514999999999997,14.615,14.888,3,26,2,14.426558049540429,14.892354983324784,40.07490636704118,-0.32294552140660926,-0.3055942888092904,15.164468642847725,14.065531357152276,0.017318702755383938,0.014207301008825814,0.015276300110708275,-41181700.0,-1.8381394700987599,0,0,-1,0,0,-0.009824561403508812,-1.1627267718374175,0.24673671816508894,0.22553391162474107,-0.03488372093023251,-0.06926121372031668,0.6334074765109751,0.013465627214741283,0.0
2004-02-27,13.81,14.11,0.004948755239258827,0.003514942107444592,-0.014378392927714844,0.8414415432328942,-0.021490798443521822,14.407999999999998,14.5535,14.831999999999999,4,27,2,14.314456585987623,14.822525629561895,31.899641577060947,-0.35222060449335046,-0.31491955194610244,15.173492359884392,13.933507640115607,0.016579507188568612,0.014730077978375472,0.015472106969756462,-47293900.0,-2.398416651904024,0,0,-1,0,0,0.004961020552799454,2.269849054210901,0.24848166430629404,0.23383273874022337,-0.05733788395904438,-0.08178191489361697,1.7680835942110678,0.03186097031136854,0.0
2004-03-01,13.96,13.81,-0.012775191488722805,-0.016985546365743884,-0.001449275615990398,0.1179248185216164,0.010803129913025738,14.348999999999998,14.504,14.781,0,1,3,14.250009933989872,14.76687881475145,37.545126353790636,-0.3591772011625256,-0.32377108178938707,15.14830787018177,13.85969212981823,0.01657983522410368,0.015096977656789726,0.015687345660756632,-40416700.0,-1.6886337267509313,0,0,-1,0,0,0.01375814627081821,2.4917745884603377,0.273896151008731,0.2396570905713855,-0.026499302649930168,-0.06622073578595311,0.3520976263502991,0.01575931232091695,0.0
2004-03-02,13.92,13.96,-0.00932909528851845,-0.002143623543251342,0.0014492756159904376,-0.30262477819008377,-0.0028694424279529316,14.249,14.459,14.725999999999999,1,2,3,14.190008127809895,14.712241471864262,36.101083032491,-0.3637252219014826,-0.3317619098118062,15.135302641690174,13.782697358309825,0.01303298871894696,0.01504373754199193,0.015605499630782088,-45498100.0,-1.5939609481724424,0,0,-1,0,0,-0.006446991404011578,0.9806296357862679,0.2361587221683964,0.23881192995022052,-0.008547008547008517,-0.06072874493927127,-0.20430776871625614,0.012212643678160915,0.0
2004-03-03,14.15,13.92,0.00287977160861132,0.015614227801550798,0.006495872715445235,-0.0987047647439338,0.016387969182973097,14.184999999999999,14.443000000000001,14.693333333333333,2,3,3,14.182733922753549,14.67596782851818,41.6949152542373,-0.3447958908918132,-0.33436870602780766,15.133205156380297,13.752794843619705,0.014933950499929533,0.01482727152746831,0.015305196792886822,-40894300.0,-0.8490229239567165,0,0,-1,0,0,-0.0007183908045976859,0.6503714537039584,0.2432409497296888,0.23537563849985974,-0.007017543859649145,-0.022114720110573582,-0.12498958855282079,0.021201413427561763,0.0
2004-03-04,14.4,14.15,0.019929485236599785,0.014680445404215764,0.017825783952600666,0.023591112838657714,0.01751358249270821,14.163,14.441500000000001,14.67,3,4,3,14.222236845889267,14.65816345248475,41.891891891891895,-0.306092900603419,-0.32871354494293,15.131954465131674,13.751045534868329,0.01617187421171218,0.015393344736925805,0.015725824244745886,-36180600.0,-0.1202106788956364,0,0,-1,0,0,0.0028268551236748513,0.7512413473553426,0.26033995209841426,0.244361772116344,0.020552799433026347,-0.0020790020790020236,-1.1525901892335721,0.01805555555555554,0.0
2004-03-05,14.48,14.4,0.010515343999523127,0.0076045993852192125,0.004934800285848134,0.05073094523880156,0.005540180375615351,14.146,14.433499999999999,14.636333333333335,4,5,3,14.2691028739094,14.646669036195412,48.708487084870846,-0.26590004039908344,-0.3161508440341607,15.117952143572737,13.74904785642726,0.016292401295130935,0.015074074465162696,0.014928089626849462,-31221600.0,0.13587509495486033,0,0,-1,0,0,-0.004166666666666701,0.8706047824659802,0.13431055464906813,0.23929351367573684,0.04851556842867488,-0.010928961748633892,-0.7567008999629095,0.02071823204419882,0.0
2004-03-08,14.33,14.48,0.01040592116111682,0.0006884681855414845,0.005610112890766783,-0.3164442572114035,-0.010413145117489869,14.145000000000001,14.409,14.590333333333332,0,8,3,14.280175078653144,14.626238775795708,38.15261044176709,-0.24334551983558406,-0.3015897791944454,15.069873425256104,13.748126574743898,0.015127142578845934,0.014916987319692938,0.014672393865464248,-34835400.0,-0.23907755095277547,0,0,-1,0,0,0.0006906077348066151,-0.2712927755458611,0.19293646952943244,0.2367998325492688,0.026504297994269344,-0.03306342780026994,-0.2521551885426892,0.01605024424284708,0.0
2004-03-09,14.1,14.33,-0.010405921161116693,-0.013162642410717209,-0.025497131933483876,-0.08181757678418132,-0.01618044445595789,14.151,14.381499999999999,14.542000000000002,1,9,3,14.24741597344348,14.592287887034695,36.67953667953671,-0.24124900919653847,-0.289521625194864,15.045911888736152,13.717088111263847,0.014440372908328496,0.01511077771873729,0.014810478564550924,-38165300.0,-0.8473659330072199,0,0,-1,0,0,0.0006978367062107318,-0.5954206330361175,0.2440460274737218,0.23987615976332877,0.012931034482758674,-0.03754266211604096,-0.3106433545029636,0.028368794326241162,0.0
2004-03-10,13.85,14.1,-0.020430439391719495,-0.012278701888994444,-0.01227009259181436,1.4226244659213474,-0.017889564750775057,14.111,14.339500000000001,14.482,2,10,3,14.175158523726482,14.544398345935683,35.580524344569326,-0.25680018736598775,-0.2829773376290888,15.027578177932252,13.65142182206775,0.014508795405935478,0.015475921621023235,0.014927914159142726,-51977700.0,-1.4228034421059572,0,0,-1,0,0,-0.0035460992907800663,3.790330724730615,0.24267878729674722,0.2456726395125304,-0.021201413427561877,-0.05718175629680056,0.8121818741828413,0.02851985559566784,0.0
2004-03-11,13.5,13.85,-0.025956756479397325,-0.008151737502725034,-0.023513206692715345,-0.944869193226288,-0.025595547188963768,14.05,14.282500000000002,14.426666666666668,3,11,3,14.052402428503486,14.47701780748822,30.769230769230788,-0.2939778889247755,-0.28517744788822613,15.050049072663477,13.514950927336528,0.016082685245286905,0.016270902531882625,0.014583068630342783,-57347000.0,-2.0389575803528674,0,0,-1,0,0,-0.011552346570397122,0.2906873568505646,0.1832928010130702,0.25829257023559576,-0.0625,-0.07786885245901642,1.0986811079357621,0.04444444444444455,0.0
2004-03-12,13.9,13.5,0.0043731848122228485,-0.007142887512380225,0.014760415583120674,-0.6176778934637498,0.02919915469226235,14.059000000000001,14.233500000000001,14.388666666666667,4,12,3,14.024692896048306,14.4397908521664,42.85714285714287,-0.2878467105001814,-0.2857113004106172,14.964707364928378,13.502292635071624,0.018048366863476443,0.017372495385752938,0.015775986582553653,-54451900.0,-0.9121899367976629,0,0,-1,0,0,0.018518518518518517,-0.7150826449445408,0.34408823761520896,0.27577981465991636,-0.04005524861878451,-0.0658602150537635,1.8996126147672707,0.02158273381294956,0.0
2004-03-15,13.21,13.9,0.003629768050578731,-0.010810916104215506,-0.058063800954761206,1.3078594008903124,-0.050914721602412075,13.984,14.166500000000003,14.330666666666668,0,15,3,13.876566914948613,14.360449506865342,38.04034582132568,-0.3348055113299129,-0.29553014259447635,15.012201826264167,13.320798173735838,0.023589463866765324,0.019854674836551015,0.01796910771267856,-65158700.0,-2.2620265684544654,0,0,-1,0,0,-0.007194244604316521,2.067820844354356,0.4561332214995831,0.3151831918773959,-0.07815771109560354,-0.09209621993127148,0.9532445178588582,0.0696442089326268,0.0
2004-03-16,13.44,13.21,-0.008733679968754666,-0.008733679968754666,0.030583423372080185,-0.6569550077017958,0.01726121656076937,13.936000000000002,14.092500000000001,14.284666666666668,1,16,3,13.797191112230683,14.30106566771274,38.395415472779355,-0.34943356883092846,-0.3063108278417668,14.919386996670237,13.265613003329765,0.02466453098304681,0.01928861030696245,0.018359722070687222,-59608000.0,-1.5782083951677357,0,0,-1,0,0,0.03557910673732012,0.1645505839072588,0.513308531857765,0.30619719604955925,-0.04680851063829783,-0.09919571045576414,0.06753452132371789,0.029761904761904788,0.0
2004-03-17,13.66,13.44,-0.013245226750020567,0.007283353391108094,0.014947961435873366,-0.03305889415614497,0.016236519047640573,13.887,14.035999999999998,14.257666666666667,2,17,3,13.772247273643286,14.259706592376434,43.697478991596654,-0.33936229115986016,-0.31292112050538545,14.815268212727542,13.256731787272454,0.02465087930356572,0.01984404851932955,0.01826926902369754,-54237800.0,-0.9650079237389831,0,0,-1,0,0,0.004464285714285751,0.06384716135658995,0.5339429564496034,0.3150145043210731,-0.013718411552346543,-0.07640297498309667,-0.7828450304873652,0.021961932650073127,0.0
2004-03-18,13.55,13.66,0.034222487824486725,0.015124523091877267,0.0,0.17886444389222894,-0.008085306816934085,13.802000000000001,13.982500000000002,14.228333333333332,3,18,3,13.731838678435416,14.213919070287632,46.15384615384615,-0.3363792412334128,-0.317612744650991,14.739554541592957,13.225445458407046,0.023543743551475135,0.019788454949040125,0.018304813404004208,-60659800.0,-1.1425861050643886,0,0,-1,0,0,0.02269399707174235,0.39636758005697764,0.5002027887897672,0.314131983752193,0.0037037037037037646,-0.07318741450068389,-1.342453762906883,0.03763837638376382,0.0
2004-03-19,13.53,13.55,-0.033482021296763004,-0.01875956889751014,-0.0022279994363129116,-0.4601982315154361,-0.0014771051430133265,13.706999999999999,13.926499999999999,14.191333333333334,4,19,3,13.695140736901703,14.169795259301335,43.38461538461537,-0.331804153784109,-0.3204510264776146,14.640105375244673,13.212894624755325,0.0232698663557486,0.019751058177197873,0.01803903828722552,-64713100.0,-1.1112584455072287,0,0,-1,0,0,-0.002952029520295271,-0.5090923840219164,0.4328063101815477,0.3135383284034057,-0.026618705035971302,-0.07645051194539254,-1.382287211952288,0.020694752402069562,0.0
2004-03-22,13.3,13.53,0.02485508066123992,0.008702012853467847,-0.018004987513614085,0.035291222072490136,-0.017145406954988448,13.604,13.874500000000001,14.140666666666668,0,22,3,13.623296966555937,14.113679436120604,40.98837209302326,-0.34278601799010566,-0.32491802478011284,14.612391020336931,13.136608979663071,0.023485425847214688,0.0195795294403832,0.018005257815440188,-68912000.0,-1.55714051036338,0,0,-1,0,0,0.023651145602365135,-0.46988094372805406,0.24029981305432593,0.31081539412152964,0.00681302043906129,-0.07252440725244069,0.026765725617391847,0.048120300751879605,0.0
2004-03-23,13.33,13.3,-0.03153910108981177,-0.018215439891341216,0.009043015656383388,0.02778445774467797,0.002253098962909259,13.526999999999997,13.838999999999999,14.096666666666666,1,23,3,13.569970245363947,14.06311947249992,37.34567901234567,-0.3450904868923512,-0.3289525172025605,14.610898548010153,13.067101451989844,0.023430662067185387,0.01918060759804923,0.0179685889265361,-64594800.0,-1.318826162614578,0,0,-1,0,0,0.009022556390977385,-0.42469074574761473,0.19708391912533377,0.3044827061973252,-0.008184523809523725,-0.05056980056980054,0.4143789903607747,0.020255063765941453,0.0
2004-03-24,13.38,13.33,-0.005229746697277265,-0.005899722127188271,-0.0015015017835970255,-0.28269130423690975,0.003743920509465061,13.48,13.7955,14.052999999999999,2,24,3,13.535430200752321,14.019047248467668,33.223684210526315,-0.33897472336115086,-0.33095695843427864,14.567932248774284,13.023067751225717,0.023152600914921818,0.01880644210966849,0.017980745450395942,-61340700.0,-1.075822509117989,0,0,-1,0,0,0.0015003750937734113,-0.8041500792813114,0.13538345247181452,0.2985430132086944,-0.020497803806734938,-0.06105263157894736,-0.9710703168977121,0.015695067264573922,0.0
2004-03-25,13.84,13.38,0.018553407895747834,0.03631481099162602,0.015654438207797775,0.8609928522309076,0.03380189548944114,13.514000000000001,13.782,14.026333333333334,3,25,3,13.590806527888262,14.007495813082658,40.64327485380115,-0.29362505423145,-0.3234905775937129,14.540602593415002,13.023397406584998,0.024481179638434113,0.020482011866076393,0.019227969875610013,-53643100.0,0.15291273851016288,0,0,-1,0,0,0.01644245142002981,0.7811734953690754,0.2965873201808545,0.32514185848747273,0.021402214022140154,-0.019135364989369186,1.0865992234266533,0.036127167630057806,0.0
2004-03-26,13.94,13.84,0.02540971552536822,0.012757083000770941,0.026278884463840434,0.16718998192504547,0.007199455142854329,13.518,13.788499999999999,13.995000000000001,4,26,3,13.654296250090395,14.00314124449668,44.213649851632034,-0.2467713242383045,-0.3081467269226313,14.550333660528933,13.026666339471065,0.022710364378066224,0.019965645062830942,0.01900214666383291,-44544700.0,0.3977246158822001,0,0,-1,0,0,0.007947976878612676,1.2071191517662883,0.29215962538521617,0.31694478960741146,0.030303030303030276,0.009413468501086042,0.6771729937401711,0.02295552367288368,0.0
2004-03-29,14.11,13.94,0.012112723797721475,0.0028129413766146577,0.00932240527025708,-0.6330657881781747,0.01212136053234482,13.608,13.796000000000001,13.980333333333332,0,29,3,13.737151477346686,14.01003535775496,50.151057401812686,-0.1936890990386786,-0.28525520134584076,14.56783036041755,13.024169639582452,0.014450864350234235,0.020003697294705886,0.01877837253293068,-39713800.0,0.8136502944251339,0,0,-1,0,0,0.01291248206599711,-0.31597851915510844,0.207991854116142,0.3175488500616438,0.06090225563909768,0.010744985673352359,1.7956036388748318,0.01630049610205531,0.0
2004-03-30,14.02,14.11,-0.0007084662003734228,-0.004927852281240694,-0.005008955016537885,-0.17471225285694036,-0.006398884258278585,13.666,13.800999999999998,13.950333333333335,1,30,3,13.78857848146547,14.010678237899802,52.698412698412696,-0.15707266506132456,-0.25961869408893756,14.577494145434375,13.024505854565621,0.014450885919801927,0.02005225840986714,0.01813008348024549,-43770300.0,0.5640737957592474,0,0,-1,0,0,0.0,-0.5761843229724289,0.23995129454343814,0.3183197338662717,0.05176294073518384,0.007183908045977017,1.109840344047983,0.016405135520684767,0.0
2004-03-31,14.21,14.02,-0.007112405515807017,0.014015646388344492,-0.002154399397026214,0.6805449944778705,0.013461060502565342,13.721,13.804000000000002,13.931000000000001,2,31,3,13.865200575744474,14.023537706422395,61.87290969899668,-0.11143787872509137,-0.22998253101616833,14.586611014488764,13.02138898551124,0.014215601928623717,0.019938386728727324,0.018297031905546872,-35758900.0,1.0375524813312713,0,0,-1,0,0,-0.0007132667617688864,0.787817821717867,0.23326225300483314,0.3165120769682589,0.06203288490283998,0.004240282685512353,0.5767153655256146,0.03237156931738206,0.0
2004-04-01,14.34,14.21,0.016985546365743807,-0.0013927578853034689,0.017106618153895057,-0.3696113727624482,0.009106893062464972,13.8,13.800999999999998,13.921666666666665,3,1,4,13.951527743790933,14.043954628588693,58.08823529411765,-0.06404381104029255,-0.1967947870209932,14.57439715405079,13.027602845949207,0.01361716476802853,0.019638850012724147,0.018283527566006826,-30223000.0,1.393850487235187,0,0,-1,0,0,0.0028149190710766462,-0.11451021566865535,0.12636408908423516,0.3117570790137946,0.036127167630057855,-0.004166666666666652,-1.7149721807979998,0.01394700139470009,0.0
2004-04-02,14.92,14.34,0.020834086902842053,0.04029223749904111,0.02787636952825487,0.36941163741112387,0.03964975960414043,13.938999999999998,13.823000000000002,13.930666666666667,4,2,4,14.127613608556217,14.10047368480878,82.75862068965519,0.020085943539424278,-0.15341864090890972,14.696302262738621,12.949697737261383,0.017138088315446887,0.021611237830671464,0.01975181299787419,-22213200.0,2.5123031207084634,0,0,-1,0,0,0.014644351464435205,0.712533234128676,0.268165145944104,0.3430677649453662,0.07030129124820661,0.03038674033149169,0.9182430141686279,0.02613941018766748,0.0
2004-04-05,14.98,14.92,0.026451186087169634,0.007335811490213578,0.025781617933597407,-0.4412613934279584,0.004013383313458741,14.107,13.855499999999997,13.952,0,5,4,14.282592952455087,14.157217318046923,81.55737704918036,0.09055699406724393,-0.104623513913679,14.848432392885453,12.862567607114542,0.01455947724044978,0.021426630377018637,0.01931675372871019,-17061100.0,2.2650081879839012,0,0,-1,0,0,0.001340482573726513,-0.3371503173269084,0.2773536378844491,0.34013721247016065,0.06165839829907882,0.04535938590369848,1.2269363564032085,0.008010680907877236,0.0
2004-04-06,15.03,14.98,0.01065256411620731,0.01385703466142606,-0.04661570483643943,0.06832107506647528,0.0033322256758095206,14.277000000000001,13.902000000000001,13.985000000000001,1,6,4,14.418485142917797,14.213525878172929,80.17621145374451,0.14872597104411334,-0.05395361692212053,15.022105258211399,12.781894741788603,0.01448232862654945,0.02098001223127747,0.01884180134576178,-11544700.0,2.014096428403894,0,0,-1,0,0,0.008010680907877116,-0.2514540296926339,0.24287840819045173,0.3330473692023211,0.07203994293865912,0.06595744680851068,1.8488985181303321,0.0671989354624085,0.0
2004-04-07,15.01,15.03,-0.004646540055995591,-0.011202753076553398,0.041242958534049,-0.4302698925323061,-0.0013315581195124599,14.440000000000001,13.959999999999999,14.010333333333334,2,7,4,14.526033298750924,14.26491130538758,83.48623853211011,0.19100963139870686,-0.00496096725795505,15.18407430115005,12.735925698849949,0.014893788023864865,0.020423418712263344,0.018703013114294367,-15132200.0,1.7155821325772427,0,0,-1,0,0,0.0,-1.0139744139769677,0.26680160638386397,0.32421172100635104,0.056298381421534094,0.08375451263537914,1.9693693855150025,0.015989340439706876,0.0
2004-04-08,14.96,15.01,0.0013297874300016482,0.004628107434468017,-0.0013477090988678693,-0.08283638568691862,-0.0033366730990393727,14.552000000000001,14.032999999999998,14.038666666666668,3,8,4,14.604936335341666,14.309755737298058,82.3529411764707,0.2179725033984763,0.03962572687333122,15.314366047375833,12.751633952624163,0.013177180547565686,0.019314664345355788,0.018599900326792537,-18434500.0,1.4468933399608124,0,0,-1,0,0,0.0026648900732845386,-1.0673549243568143,0.28660045764273345,0.30661079108698547,0.04323570432357049,0.1081481481481481,2.072169660576843,0.02205882352941177,0.0
2004-04-12,15.03,14.96,-0.005998018648553501,-0.005291017634415548,0.008059143686854653,-0.11464621094964987,0.004668231218551901,14.661000000000001,14.089500000000001,14.079333333333333,0,12,4,14.682220638006816,14.35622310908528,92.19512195121958,0.24219728911455185,0.08014003932157535,15.443752172738733,12.735247827261269,0.013215964456183315,0.018448619831043445,0.018070916026924247,-15489900.0,1.3889584509183488,0,0,-1,0,0,0.0,-1.238147016853263,0.05678960333392929,0.2928627606318924,0.007372654155495928,0.081294964028777,-0.7032985909397569,0.008649367930805108,0.0
2004-04-13,14.92,15.03,0.00599801864855363,0.0013253812410687102,-0.006038260547082301,0.3357830868203385,-0.007345608989268301,14.741999999999999,14.175,14.111333333333333,1,13,4,14.725453249278303,14.39259581172494,87.32394366197191,0.24964181024122567,0.11404039350550542,15.511255569630146,12.838744430369855,0.013891069399167006,0.01380567947677059,0.01810244662051143,-19609500.0,1.1150561568191681,0,0,-1,0,0,0.0013306719893547139,-0.6378735059365357,0.07789983169750384,0.2191583674548198,-0.004005340453938633,0.12944738834216496,-0.21205082380375942,0.016085790884718513,0.0
2004-04-14,15.06,14.92,-0.01540037132694394,0.0,-0.0040458585195436835,-0.34071951913010556,0.009339627596132842,14.846,14.256,14.149333333333335,2,14,4,14.786279931227702,14.435654146452363,87.83783783783791,0.26379758251720986,0.14399183130784632,15.6010321850969,12.9109678149031,0.013249899407180939,0.01357720770774089,0.018118228901985983,-16679400.0,1.1955104255621634,0,0,-1,0,0,-0.006702412868632684,-1.1862259193886246,0.1051515420877392,0.21553149056011034,0.001996007984031989,0.12053571428571441,0.39811396217562645,0.019920318725099532,0.0
2004-04-15,14.83,15.06,0.015400371326943886,-0.003316752625993815,-0.011552965738036488,0.4424176416785087,-0.015390066221906779,14.908000000000001,14.3145,14.171999999999999,3,15,4,14.794229034640846,14.46109581442318,74.87437185929653,0.25353446868765595,0.16590035878380827,15.652140892726413,12.976859107273588,0.014776098962765714,0.014112883649275623,0.018216668045176476,-21240000.0,0.7707599293698246,0,0,-1,0,0,-0.0006640106241699726,-0.28079796355269504,0.15466723553133366,0.22403508250783802,-0.011992005329780175,0.08565153733528552,-0.13236076797232985,0.02832097100472016,0.0
2004-04-16,14.72,14.83,-0.020134908409055925,-0.01472583504504406,-0.0020526863177422927,-0.645742505341725,-0.007445042849110554,14.946000000000002,14.373,14.182666666666668,4,16,4,14.780732846524327,14.477799310266846,69.50000000000006,0.23382935706976937,0.1794861584410005,15.671632479105869,13.07436752089413,0.015106566983721136,0.01408451434290036,0.018034523797641772,-23631000.0,0.5344083188785124,0,0,-1,0,0,-0.00539447066756575,-1.2994858242738345,0.15892572902442254,0.22358473373061996,-0.016042780748663166,0.08634686346863463,0.23432484730137368,0.015625000000000028,0.0
2004-04-19,14.53,14.72,-0.007485574252663325,-0.007445042849110554,-0.006872879287762064,-0.07758859057624011,-0.012991635718538688,14.907000000000002,14.423000000000002,14.184333333333333,0,19,4,14.735145056247177,14.481167096701244,60.39603960396041,0.2005694621318863,0.1837028191791777,15.660537452915108,13.185462547084896,0.008097581286512784,0.014552970178753948,0.01818424607398732,-25843500.0,0.1729240593857609,0,0,-1,0,0,-0.005434782608695656,-1.2880181332788625,0.15300383555668998,0.23102123958193288,-0.03326679973386559,0.07390983000739104,1.534687910540728,0.015141087405368249,0.0
2004-04-20,14.56,14.53,0.004089985251525066,0.009465925988882832,0.002066828155662667,0.14686024656457913,0.0020625651863485457,14.864999999999998,14.486,14.192,1,20,4,14.70330050056587,14.486253090462455,63.77551020408167,0.17461861040412074,0.1818859774241663,15.605481082795077,13.366518917204925,0.00794151728896998,0.013728837785923806,0.018074854735197748,-23281000.0,0.13220410980994798,0,0,-1,0,0,0.011699931176875426,-1.0417024441268907,0.16469367168940638,0.217938543429006,-0.024128686327077764,0.09473684210526323,0.5656383341339883,0.022664835164835168,0.0
2004-04-21,14.73,14.56,-0.011632016202499072,-0.0006731740409044372,-0.012465535376561447,0.3419485036602108,0.011608187705998951,14.834999999999999,14.555999999999997,14.213,2,21,4,14.708154955008437,14.501978697529395,63.402061855670105,0.16585804440197727,0.17868039081972847,15.537736377949125,13.57426362205087,0.00902294647248217,0.013804684848121475,0.01789739643093392,-19673800.0,0.35447397877522563,0,0,-1,0,0,-0.0020604395604396386,-0.5131139429768301,0.1774664320750171,0.2191425782145053,-0.021912350597609542,0.10502625656414111,0.7316305725255053,0.03394433129667346,0.0
2004-04-22,15.18,14.73,0.01841170318787783,0.02985296314968113,0.030201334517078373,0.5396800845860823,0.030092541492944897,14.852,14.645999999999997,14.257333333333333,3,22,4,14.79394496318872,14.545722007366209,68.5840707964602,0.19300166882306868,0.18154464642039653,15.49483573514689,13.797164264853105,0.013697916561897118,0.014922681889349006,0.01826493576486878,-13485800.0,1.2581939658975194,0,0,-1,0,0,0.0047522063815343026,0.6636208382857233,0.27272756491577926,0.23689023104006973,0.023600809170600145,0.13452914798206272,0.8238773447835299,0.033596837944664136,0.0
2004-04-23,14.98,15.18,0.02535159119741434,-0.00458566149131932,0.010760023113987003,-0.614816444161218,-0.013262793878410445,14.854,14.703,14.306666666666668,4,23,4,14.827773151699862,14.573739942374841,51.59574468085108,0.19611417606098058,0.18445855234851333,15.473429818518449,13.93257018148155,0.014396490036698358,0.013995563065161785,0.017740239908395287,-16831900.0,0.7190791252931443,0,0,-1,0,0,0.0,-0.6337944488423412,0.2913927968006962,0.22217267597243373,0.017663043478260754,0.08236994219653182,0.7214979820032994,0.018691588785046804,0.0
2004-04-26,14.73,14.98,-0.012595459852977496,-0.011889175712185713,-0.02095379130352983,-0.08918451337480296,-0.016829747614534495,14.823999999999998,14.742500000000001,14.334333333333332,0,26,4,14.809996215027159,14.583821236415176,43.96135265700482,0.17637481077944983,0.18284180403470063,15.424104145032535,14.060895854967468,0.015224112530097195,0.014713793767074216,0.017411597475383428,-19892500.0,-0.03667818070385835,0,0,-1,0,0,0.0006675567423230832,-0.7300029964337396,0.30580246022765945,0.23357423489982365,0.013764624913971124,0.05667144906743182,0.5950420535060481,0.027834351663272243,0.0
2004-04-27,14.74,14.73,-0.006022099163092833,-0.005329792763347715,0.002728514653203914,0.2989155446260425,0.0006786562866516908,14.806000000000001,14.774000000000001,14.385333333333334,1,27,4,14.797269630476764,14.593897285678715,42.85714285714287,0.1596972475442957,0.17821289273661967,15.387339435514392,14.16066056448561,0.015118144761624503,0.014553782881656598,0.014424751327440791,-15765600.0,-0.11086846216397554,0,0,-1,0,0,0.01154107264086897,-0.07947559809637432,0.30619473419075977,0.23103414084055404,0.012362637362637319,0.04464918497519488,0.6640190919307657,0.01967435549525108,0.0
2004-04-28,14.65,14.74,-0.0040349752121791056,-0.0020060187268658544,-0.0020456877232932122,-0.5249548745472792,-0.0061245512981142605,14.765,14.8055,14.425666666666666,2,28,4,14.770493334026442,14.597516815634927,41.42857142857144,0.13763138178975076,0.1700965905472459,15.311026302089697,14.299973697910303,0.01471149780825624,0.014545366023315638,0.014295697322313481,-18207000.0,-0.6152004331217147,0,0,-1,0,0,0.006784260515603775,-1.0013649310988462,0.29895636008860565,0.2309005273566102,-0.005431093007467802,0.04493580599144087,1.5838707627663462,0.019795221843003353,0.0
2004-04-29,14.31,14.65,-0.014252022707201389,-0.014155949230132298,-0.027683428748416856,0.1391526978729158,-0.023481741894716718,14.713,14.8105,14.447333333333331,3,29,4,14.686767273294361,14.578967343658482,36.40167364016736,0.09165235441180819,0.15440774332015839,15.292665073282954,14.328334926717044,0.015651476037415606,0.015348997393668032,0.014833111050213699,-21012900.0,-2.076052487967268,0,0,-1,0,0,-0.0013651877133105512,-0.7392827745370399,0.14722174674443175,0.2436577798669451,-0.05731225296442688,0.0070372976776917895,0.21955695289836327,0.033542976939203384,0.0
2004-04-30,14.28,14.31,-0.021417053499533368,-0.012982758369165728,-0.0007020007308297824,-0.2753676491686482,-0.0020986366569212492,14.669,14.8075,14.471666666666668,4,30,4,14.61280958724084,14.559679127938582,34.042553191489375,0.05219126624490755,0.13396444790510822,15.302565120649223,14.312434879350775,0.015592074212594318,0.01521944655106056,0.014738236169929048,-23143400.0,-2.131032779316957,0,0,-1,0,0,0.0006988120195667217,-1.0743112083953026,0.16062630048662432,0.24160122399687564,-0.04672897196261694,-0.004184100418410108,-0.5902203994177652,0.021008403361344463,0.0
2004-05-03,14.42,14.28,-0.004900254817840067,-0.004135085147802879,-0.016997576368571136,0.4216211500910205,0.009756174945364656,14.657999999999998,14.782499999999999,14.501333333333333,0,3,5,14.577753298651594,14.550667571297383,39.49579831932775,0.0318477781797295,0.1135411139600325,15.303465702476768,14.26153429752323,0.015629879391319434,0.012157065778508627,0.014794115275120453,-19895600.0,-1.3916463148211344,0,0,-1,0,0,-0.002100840336134409,-0.23412685659764707,0.19267768908593486,0.192987436333126,-0.02104548540393758,-0.03351206434316356,-0.9387552083501076,0.033287101248266324,0.0
2004-05-04,14.49,14.42,0.024264621999631298,0.00962206736406203,0.026085370475674982,0.10253924791687175,0.004842624475787991,14.651,14.758000000000001,14.540999999999999,1,4,5,14.561798153442213,14.546753534439489,37.66233766233768,0.021130255870206227,0.09505894234206726,15.285899511968006,14.230100488031995,0.01570841681019596,0.01217886216198283,0.014345834368328116,-16297100.0,-1.0153447537805025,0,0,-1,0,0,0.012482662968099842,0.1552490178430572,0.2014016402610649,0.19333344319404605,-0.016960651289009476,-0.032710280373831835,-1.0244374572032704,0.01725327812284334,0.0
2004-05-05,14.45,14.49,-0.014488007815014274,-0.001368925607341621,-0.0034855385584339,-0.28294134747538396,-0.0027643417741499356,14.623,14.729,14.578333333333335,2,5,5,14.541471216452718,14.540511370927264,41.037735849056595,0.009301652854254883,0.07790748444450478,15.257708456125075,14.200291543874924,0.015131010561287014,0.01212518407714899,0.014383498929546445,-19008800.0,-1.0554020718518542,0,0,-1,0,0,-0.006901311249137312,-0.613123509069432,0.19991304591469783,0.19248133001409862,-0.013651877133105894,-0.03858948769128412,-1.3090392826835606,0.019377162629757742,0.0
2004-05-06,14.27,14.45,-0.0034806857278022233,-0.01796869354281644,-0.01264950106407286,-0.03268534278012043,-0.012534983069696087,14.532,14.691999999999998,14.608,3,6,5,14.492112813461315,14.523059024415828,39.72602739726026,-0.014430747261997112,0.059439838103204405,15.24108919800669,14.142910801993306,0.010227126295292639,0.012351004522002055,0.01464818497407746,-21633300.0,-1.5370908826177854,0,0,-1,0,0,-0.007612456747404806,-0.6483163228646154,0.13410380401621128,0.19606611844230976,-0.002795248078267032,-0.049300466355762795,-0.3116361841876713,0.014015416958654471,0.0
2004-05-07,14.0,14.27,-0.00910689306246497,0.004869574839956516,-0.009950330853168092,-0.09690795013018115,-0.0191021018734864,14.434000000000001,14.644,14.613333333333333,4,7,5,14.402637756468348,14.48931328090513,38.32599118942733,-0.05439851661504669,0.03667216715955419,15.258402576748338,14.029597423251662,0.010812453826295103,0.012889575967001419,0.013826351305997553,-24015400.0,-2.0963453747486023,0,0,-1,0,0,-0.004204625087596266,-0.8366777892222876,0.18859581960453076,0.20461567508256387,-0.019607843137254832,-0.06417112299465244,-0.192933905902775,0.029285714285714297,0.0
2004-05-10,13.89,14.0,-0.014174581760093681,-0.01820778592218405,-0.025317807984289897,0.4562769186203217,-0.007888172849006144,14.35,14.587,14.611666666666666,0,10,5,14.30943089165592,14.450647907943509,35.74468085106383,-0.09386729868236543,0.010564273991170266,15.259406518644036,13.914593481355963,0.01025110699780219,0.012789041088578286,0.01384662667724721,-27774800.0,-2.073150633356613,0,0,-1,0,0,0.0007142857142856991,0.5281056149288561,0.14423087378961444,0.20301973336418952,-0.03675450762829402,-0.07584830339321347,0.1719150336892661,0.03599712023038157,0.0
2004-05-11,13.91,13.89,-0.007882520212269472,0.0007064641763270316,0.014545711002378716,-0.32149740718908243,0.0014388491690990783,14.267000000000001,14.536499999999998,14.605,1,11,5,14.236807093173024,14.415767397753605,31.363636363636346,-0.12212497923445476,-0.015973576653954737,15.253812968470555,13.819187031529442,0.010307274820175667,0.012814260912550663,0.013657183257276457,-25049000.0,-1.7467968028957075,0,0,-1,0,0,0.000719942404607616,-0.4602670378755495,0.1269089731652595,0.20342008565822792,-0.0400276052449966,-0.06769436997319034,-0.261568359695449,0.022286125089863443,0.0
2004-05-12,13.91,13.91,0.0014378147696274175,-0.013508914996703255,-0.02116095012109796,-0.16794162413518463,0.0,14.193000000000001,14.479,14.601333333333333,2,12,5,14.17738762168702,14.383137243059824,13.714285714285722,-0.14287244998911675,-0.041353351320987136,15.203950815027971,13.754049184972027,0.010462270471741888,0.012488421295265716,0.013610250355879826,-25049000.0,-1.5697616671499153,0,0,-1,0,0,0.0007189072609633204,-0.8479715616699597,0.13546593391169015,0.19824754209045733,-0.03737024221453278,-0.07636122177954852,-0.28403195736079145,0.029475197699496775,0.0
2004-05-13,14.06,13.91,0.008583743691391435,0.014920347835111024,0.024764557624396638,0.0529474540648259,0.010725880447167229,14.168000000000001,14.4405,14.596333333333332,3,13,5,14.156044417743924,14.362289678991448,22.941176470588246,-0.14553360285970385,-0.062189401628730476,15.168741573568054,13.712258426431946,0.00940059820881898,0.012597129133047233,0.013523082258155643,-22619300.0,-1.0449829117437561,0,0,-1,0,0,0.009345794392523293,-0.6437322181959527,0.17672200448772574,0.19997322551645802,-0.014716187806587233,-0.05192178017532023,-0.46791698368250806,0.019914651493598817,0.0
2004-05-14,14.32,14.06,-0.0035676099202751666,0.017476851681798144,0.006453948540743738,0.5182801746658101,0.018323275149980733,14.172,14.4205,14.595666666666666,4,14,5,14.185854523608665,14.359561312604905,38.01169590643275,-0.12521930835250394,-0.07479538297348517,15.138317598880347,13.702682401119654,0.01135969079732585,0.013382055858355573,0.013851011770897502,-18539500.0,-0.280015424968015,0,0,-1,0,0,-0.004978662873399735,1.0110553417290185,0.16219061620987327,0.21243355099190306,0.02285714285714291,-0.02717391304347827,0.3480788957904604,0.030726256983240188,0.0
2004-05-17,14.28,14.32,0.011371835411856848,0.0,0.004279607102365001,-0.2156772536990766,-0.002797204621061254,14.158000000000001,14.407999999999998,14.574333333333334,0,17,5,14.202971882952543,14.354428324694913,36.78160919540229,-0.11106743307361455,-0.08204979299351106,15.126495504142419,13.689504495857577,0.010881749949311324,0.013108293150061541,0.011562682815569018,-21827800.0,-0.356300072198158,0,0,-1,0,0,-0.011871508379888263,0.12630132742153655,0.14024271642010624,0.2080877027255659,0.028077753779697456,-0.01720578114246385,0.880885671234238,0.026610644257703014,0.0
2004-05-18,14.89,14.28,0.01751358249270821,0.032051840165634046,0.023215956513145806,0.09095194484561764,0.04182988978447936,14.197999999999999,14.4245,14.571333333333333,1,18,5,14.327886086052079,14.38898133600492,55.30973451327433,-0.05005308710783396,-0.07565045181637564,15.172253829460521,13.676746170539479,0.017617370796432413,0.01632963139654697,0.014073534238580578,-18226400.0,1.245062162599269,0,0,-1,0,0,0.008403361344537886,0.41063813979364167,0.2898002776547309,0.2592248620596939,0.07045291157440703,0.022664835164835084,1.157377312327927,0.03492276695768969,0.0
2004-05-19,14.77,14.89,0.0408219945202552,0.023218290102007086,0.017919156240264755,0.11843072205077884,-0.00809175015262928,14.23,14.4265,14.562666666666667,2,19,5,14.40827043404261,14.413563185294926,61.274509803921525,-0.011252068620594358,-0.06277077517721939,15.177899396214004,13.675100603785998,0.017883019937988763,0.016262380505550504,0.014131072361639832,-22280600.0,0.9142940538168012,0,0,-1,0,0,0.007387508394895865,0.8636038235286048,0.318294408090481,0.2581572872615489,0.061826024442846794,0.0027155465037338455,0.8707425346615107,0.04129993229519292,0.0
2004-05-20,14.83,14.77,-0.01680711831638129,-0.02120689150232164,0.004089985251525066,-0.3404364747435794,0.004054059606552431,14.285999999999998,14.409,14.556666666666668,3,20,5,14.484948536943953,14.440430076566223,63.285024154589365,0.024062143226906585,-0.0454041914963942,15.100418069887972,13.71758193011203,0.017111191415127985,0.014665980692848067,0.014154238941981931,-19396200.0,1.2177870910090975,0,0,-1,0,0,-0.0013540961408259698,-0.30969191387853234,0.3237460793582836,0.23281522587690448,0.05476529160739685,-0.02305665349143604,1.1310607342675625,0.015509103169251547,0.0
2004-05-21,15.23,14.83,0.01680711831638119,0.02186241430521191,0.016194685919980606,0.3313180211578434,0.02661501075722976,14.409,14.4215,14.565666666666665,4,21,5,14.62041243931778,14.491370071626466,67.38197424892702,0.08336459247236405,-0.01965043470264255,15.163567524235837,13.679432475764163,0.016425335637976247,0.015636550935625142,0.014987681749099905,-15378800.0,2.1790469831773693,0,0,-1,0,0,0.011463250168577204,1.3608885717632226,0.34141689138841147,0.24822255083075084,0.06354748603351945,0.016688918558077415,0.7250245925836565,0.021011162179908095,0.0
2004-05-24,15.27,15.23,0.016529301951210506,0.011078640518758506,0.01263734809559346,-0.1646560426297602,0.002622952323470649,14.547,14.4485,14.573666666666668,0,24,5,14.738519268532727,14.541604260553791,66.95652173913041,0.13206748470202712,0.010693149178291384,15.272591844650972,13.624408155349027,0.015572370475587781,0.015076703304997573,0.014973586862527396,-11971300.0,1.9937098160410247,0,0,-1,0,0,0.0013131976362442267,0.41436790624103154,0.3279448937254863,0.23933524521437505,0.06932773109243695,0.03665987780040725,0.6805508297321989,0.019646365422396787,0.0
2004-05-25,15.76,15.27,0.0013106161771203756,0.030005442851116462,0.00789997525315593,0.42965535473525635,0.03158496519919205,14.732000000000003,14.499499999999998,14.601666666666667,1,25,5,14.924243037890411,14.620210437292258,73.81818181818181,0.20780829787680766,0.05011617891799464,15.505680375165214,13.49331962483478,0.016753911827481142,0.016509722987618353,0.01594854695367831,-6734900.0,2.505514977457249,0,0,-1,0,0,0.0,2.597326919582167,0.2726437793039698,0.2620837274388268,0.058428475486904,0.06919945725915877,0.3046309026439855,0.04124365482233505,0.0
2004-05-26,15.69,15.76,0.02777059312372119,0.0006287331235095472,0.02844406369152059,-0.45642275209958144,-0.0044515176847918425,14.91,14.551499999999999,14.622666666666667,2,26,5,15.06347157645579,14.689229118757273,76.89393939393936,0.2591971595051774,0.0919323750354312,15.689314618144078,13.41368538185592,0.017181117973289656,0.016462998957202605,0.015926048313883754,-10052400.0,2.001204733785262,0,0,-1,0,0,-0.0038071065989848034,0.11320547320021886,0.25702467579035637,0.2613420064504427,0.06228842247799604,0.07098976109215016,0.47827322274436407,0.014021669853409857,0.0
2004-05-27,15.66,15.69,0.01454341156769489,0.0025109868811580885,-0.0063938836752560155,0.053522909434399905,-0.0019138761822841644,15.069999999999999,14.619,14.650333333333332,3,27,5,15.171931289827464,14.751859498192289,84.5833333333333,0.29411211195469633,0.13236832241928423,15.85263220655584,13.385367793444159,0.01776038973560005,0.015287088852455423,0.015625165160777027,-13552300.0,1.687699128586067,0,0,-1,0,0,0.01529636711281072,0.30688467341245734,0.2720897466614253,0.24267501224246896,0.055967633175994624,0.09433962264150941,0.5624106591630629,0.022988505747126402,0.0
2004-05-28,15.51,15.66,-0.015180557177015979,-0.005658613024151592,-0.010316016694615699,-0.23237197931157286,-0.009624713374209557,15.188999999999998,14.6805,14.676666666666668,4,28,5,15.233398328040652,14.800771788631497,83.19672131147536,0.30614961473475155,0.1671245808823777,15.964580256550331,13.39641974344967,0.01863701574207876,0.015549586178281966,0.0156746672981038,-16326500.0,1.2919753197178547,0,0,-1,0,0,0.0019157088122604955,-0.7188427115383331,0.2609868003000443,0.24684202810620812,0.018384766907419525,0.08613445378151274,1.8412506745199977,0.027724049000644728,0.0
2004-06-01,15.36,15.51,-0.018656057325357696,-0.024251348045120764,-0.018973418365766746,-0.20482062857350145,-0.00971824946892134,15.297,14.727500000000001,14.704333333333333,1,1,6,15.256416813851441,14.836851028074626,78.21011673151746,0.3001260101922316,0.1937248667443485,16.039932454401992,13.415067545598012,0.019204757932192115,0.015791589372599262,0.015580366629268443,-18586900.0,0.9638591271932505,0,0,-1,0,0,-0.007092198581560247,-1.2929238098979903,0.278365661582224,0.25068370971808895,0.005893909626718985,0.06518723994452147,2.0375415983055714,0.022135416666666657,0.0
2004-06-02,15.73,15.36,-0.0032520353863773432,0.0160208489086055,0.007239255044117889,0.5407829357239067,0.02380298935066042,15.381,14.7895,14.743333333333334,2,2,6,15.342522847696632,14.894473542392394,80.9523809523809,0.32150209198721136,0.21928031179292107,16.17007920720531,13.408920792794692,0.016051691252213555,0.016463927441249564,0.016095364270908977,-14705000.0,1.362471627982642,0,0,-1,0,0,-0.0006510416666666529,0.8017039958469768,0.22287479130844703,0.26135674567774997,-0.001903553299492322,0.08557625948930303,1.929617345416367,0.030514939605848723,0.0
2004-06-03,15.34,15.73,0.016155440222285208,-0.0031837021479246904,0.003926706616171796,-0.30679764351983957,-0.025105921131076358,15.437999999999999,14.834,14.763666666666666,3,3,6,15.342064148115425,14.923217184818693,70.12578616352197,0.3034747818039385,0.23611920579512458,16.225831810770575,13.442168189229424,0.018344493801627285,0.01765139040347464,0.016757925068138224,-17561300.0,0.7270993464646529,0,0,-1,0,0,-0.008264462809917404,-0.5374366335951426,0.28488841256557185,0.28020713581263573,-0.02230720203951564,0.06159169550173016,1.0284679258801253,0.02411994784876136,0.0
2004-06-04,15.6,15.34,-0.0064308903302904025,0.0012746974320005163,0.005861299749990972,-0.13036048835799902,0.01680711831638119,15.515,14.900500000000003,14.777666666666667,4,4,6,15.3889615757308,14.966880592249746,70.12578616352197,0.3066331595030398,0.2502219965367076,16.305895243151518,13.495104756848487,0.018800686029125286,0.017508036656596063,0.016116280413308186,-15054100.0,0.9954495056229306,0,0,-1,0,0,0.010430247718383322,-0.9769856191980133,0.3239447464358673,0.2779314656301357,-0.003831417624521105,0.09320252277505259,0.23668713964857452,0.019230769230769162,0.0
2004-06-07,15.54,15.6,0.005148016517401237,-0.0006371456093211491,0.0019461569554859697,-0.08795456110377887,-0.0038535693159899662,15.545999999999998,14.977500000000001,14.796333333333335,0,7,6,15.416423107416108,15.003856037911053,69.68749999999997,0.3008269521789373,0.26034298766515357,16.343352346184673,13.611647653815329,0.01730779465491417,0.01674978498264333,0.015921468169494926,-17350200.0,0.8236615056836377,0,0,-1,0,0,-0.0012820512820512547,-1.235582448583863,0.3164049733263975,0.2658945934672715,0.0019342359767891004,0.10999999999999988,0.0022900276693979993,0.016731016731016717,0.0
2004-06-08,15.74,15.54,-0.008379037098847738,0.003816798526700811,-0.0045469386555433535,0.5736832547531884,0.012787898049755907,15.593,15.069999999999999,14.830000000000002,1,8,6,15.475255269704087,15.051349196755503,65.23297491039423,0.3088041179258205,0.270035213717287,16.37497025576075,13.765029744239245,0.017639020585168287,0.016528502047041923,0.015679709723509686,-13275100.0,1.026843327719243,0,0,-1,0,0,-0.0057915057915057825,1.0089089828066353,0.3109720288979987,0.2623818357653696,0.02473958333333348,0.13318934485241174,-1.0107931470603047,0.024777636594663314,0.0
2004-06-09,15.66,15.74,0.019231361927887592,0.015123161574220828,0.01870418926663626,-0.2892947845720641,-0.00509555242660017,15.582999999999998,15.157500000000002,14.860666666666667,2,9,6,15.50884522066698,15.090616990513212,66.18181818181817,0.30515313248049125,0.2770587974699279,16.3660985794775,13.948901420522503,0.014507605242646599,0.016695024711728894,0.015735825296501763,-16326500.0,0.8315416028657565,0,0,-1,0,0,0.0006353240152477628,-0.305613129143114,0.26387067602894243,0.26502530111587475,-0.004450095359186279,0.12580877066858376,-0.5296093490273214,0.021711366538952736,0.0
2004-06-10,15.31,15.66,-0.012779726646398882,-0.019577511923601104,-0.02917548913393156,-0.18449997816932992,-0.02260348089306466,15.544999999999998,15.227500000000001,14.882666666666667,3,10,6,15.472691544182073,15.104770733060748,57.89473684210526,0.2708949173027513,0.2758260214364926,16.28454404130689,14.170455958693111,0.016064285912917357,0.017832241125309376,0.016298719629048556,-18863800.0,0.15609567203652125,0,0,-1,0,0,-0.007024265644955264,-0.993201339508145,0.250071401689757,0.2830780520190432,-0.001955671447196883,0.10064701653486696,-0.37115620526167314,0.03135205747877207,0.0
2004-06-14,15.18,15.31,-0.02936589480436454,-0.019968457371757353,-0.013245226750020567,0.08267982962377747,-0.008527437702108584,15.497,15.283499999999998,14.911666666666667,0,14,6,15.419474899785332,15.109624234153603,49.09747292418771,0.2305969433908146,0.266780205827357,16.187742049569565,14.37925795043043,0.016179459294286394,0.018020577253550635,0.015738206193265106,-21619800.0,-0.22892100638156812,0,0,-1,0,0,-0.013716525146962824,-0.7462798755207245,0.1997228691140302,0.286067795368334,-0.02692307692307694,0.07965860597439534,0.24371928380228408,0.02437417654808954,0.0
2004-06-15,15.41,15.18,0.0131580845775112,0.007131310611076616,0.013245226750020505,-0.0943346035839569,0.015037877364540502,15.487,15.338,14.949333333333334,1,15,6,15.417752190733452,15.129003315821114,52.36486486486487,0.2147441496604845,0.25637299459398255,16.12099290848391,14.55500709151609,0.01693303237095994,0.017894143750274885,0.015894343549806858,-19111900.0,0.18390971162028244,0,0,-1,0,0,0.007905138339921014,-0.9728947044450525,0.24849681380717842,0.28406072572600816,-0.008365508365508312,0.0761173184357542,-0.1771292017194394,0.018170019467878076,0.0
2004-06-16,15.46,15.41,0.005215135679108119,0.0012911557636198078,0.0006576784189709789,-0.13915803369250906,0.0032393938272514723,15.497,15.397,14.984,2,16,6,15.425433610600097,15.15035794060685,44.04761904761908,0.20386524688418106,0.24587144505202227,16.001895815300184,14.792104184699818,0.01664742503940569,0.01782741075825358,0.015837737842501587,-16929800.0,0.20830033340117105,0,0,-1,0,0,-0.0019467878001297443,-1.2712017312202188,0.2211213688251117,0.2830013723192184,-0.017789072426937724,0.08263305322128867,-0.0027672797937330976,0.018758085381629958,0.0
2004-06-17,15.5,15.46,0.0012995453420854258,0.0038634948250446392,0.009813621448324452,0.531579391357003,0.0025839807659250678,15.474,15.427499999999998,15.017666666666667,3,17,6,15.438991135945534,15.172915492825764,46.18473895582331,0.19620952252229884,0.2359390605460776,15.984366231692363,14.870633768307634,0.014559164856335419,0.01534033575823159,0.01583124871083743,-13216700.0,0.2603856936329859,0,0,-1,0,0,-0.0038809831824062413,0.658945331652596,0.22435566218842595,0.2435202806670735,-0.010217113665389577,0.04096709200805915,-0.5140428019849195,0.012903225806451682,0.0
2004-06-18,15.88,15.5,-0.0032520353863773432,0.026008443476675424,-0.0006512536863199109,0.2093951142984256,0.024220431893788853,15.528,15.482999999999999,15.065333333333333,4,18,6,15.519174565773618,15.21853384812733,53.87323943661973,0.21828883223851925,0.23240901488456595,15.982224662008147,14.983775337991851,0.014089455867285518,0.01592095065703477,0.016302766848934322,-8638700.0,1.5904662978910369,0,0,-1,0,0,-0.009677419354838733,1.6389808522140197,0.20173844484131845,0.2527372564454664,0.037230568256041874,0.07515233581584302,0.25998781845071794,0.03904282115869024,0.0
2004-06-21,15.79,15.88,0.022545238321056222,-0.003764119877225591,0.02211202347794683,-0.8302673555385724,-0.005683627551439064,15.547,15.531,15.116000000000001,0,21,6,15.568415553814777,15.255402632119115,55.03597122302156,0.22592032751774127,0.23111127741120102,15.942820093575996,15.119179906424005,0.013503538468063661,0.01605894766952104,0.016122944630942247,-10634400.0,1.2578308054422511,0,0,-1,0,0,-0.011335012594458531,-1.3498266348745955,0.18827063402772243,0.2549278911057177,0.040184453227931405,0.06473364801078896,0.5266510869418795,0.01373020899303363,0.0
2004-06-22,15.68,15.79,0.0006367399132675264,0.0,-0.0008414825888912131,0.10235957498516826,-0.006990813345288928,15.561000000000002,15.5535,15.171999999999999,1,22,6,15.588703634939362,15.282796010692076,55.839416058394164,0.2205498998588098,0.2289990019007228,15.94473421441072,15.162265785589279,0.013670508028026803,0.015191454234912884,0.015691553444302998,-12845200.0,0.6466714583771005,0,0,-1,0,0,-0.005066497783407112,-0.9978503437186051,0.20019449356441532,0.24115685975399095,0.017521090201167988,0.029546946815495634,1.5129765649552247,0.014668367346938802,0.0
2004-06-23,15.95,15.68,-0.0038265352813676456,0.0043900979884331824,-0.011545990997060796,0.5242862768258717,0.01707281430859187,15.581999999999999,15.5875,15.240666666666668,2,23,6,15.654393883132204,15.325841429357105,54.166666666666636,0.2353673722074081,0.2302726759620599,15.992930245800416,15.182069754199585,0.0141515146186303,0.015590277832907357,0.015711407465541016,-9110600.0,1.7882237635445137,0,0,-1,0,0,-0.0019132653061224082,0.7204885990688104,0.22225114878384067,0.2474879880976552,0.03169469598965069,0.04453176162409944,0.47942613704737974,0.030094043887147363,0.0
2004-06-24,15.77,15.95,0.015848192240023713,-0.004390097988433164,0.016635060504532194,-0.15056013966131385,-0.011349428255906555,15.593,15.588,15.302666666666665,3,24,6,15.675413177108167,15.354496821011486,58.847736625514386,0.2299352793499576,0.23020519663963945,15.994349603173498,15.1816503968265,0.014596929360670917,0.01418081569629513,0.01597312973603788,-12323200.0,0.8957803752169144,0,0,-1,0,0,-0.0031347962382444476,0.29598412187707085,0.2562237032807312,0.22511347032262902,0.0174193548387096,0.0006345177664974777,0.6458439429997624,0.009511731135066604,0.0
2004-06-25,17.0,15.77,-0.0050441468866780255,0.06626550170652058,0.0012682309879951483,1.1468795728740222,0.07510394308126918,15.762,15.653500000000003,15.405666666666667,4,25,6,15.91624714490668,15.460658316430099,70.58823529411762,0.32117867919839505,0.24839989315139058,16.404899396214056,14.90210060378595,0.02653061313999417,0.02238861041704142,0.020849792022795532,-2208800.0,3.583979456955587,0,0,-1,0,0,0.0031705770450222394,3.8694939126335406,0.5924450679471477,0.3554081721828101,0.07052896725440805,0.08349267049075837,1.8019996148924973,0.07176470588235298,0.0
2004-06-28,16.64,17.0,0.07546157972402522,0.003523198007316878,0.04461706548880669,-0.6849941587739053,-0.021403908663153493,15.907999999999998,15.7025,15.491666666666667,0,28,6,16.047838573105466,15.536744876660416,64.86486486486487,0.36028756877539436,0.27077742827619133,16.573914458162132,14.831085541837869,0.027828617401987537,0.0230716107854762,0.021453051935501063,-7307400.0,2.1516741918128055,0,0,-1,0,0,0.003529411764705807,0.9366273235893977,0.6340767145337067,0.36625046690427365,0.05383153894870185,0.06257982120051087,1.6199077225850371,0.033653846153846076,0.0
2004-06-29,16.81,16.64,-0.029142710625061373,-0.008240187885455703,0.0042334505319365345,-0.5721136378217676,0.010164512027461587,16.048,15.767500000000002,15.574666666666667,1,29,6,16.18641337799538,15.618890368488776,64.5776566757493,0.4003838489992475,0.2966987124208026,16.763489325666384,14.77151067433362,0.027762158382848894,0.02291475962638456,0.021337767353516966,-4430100.0,2.093395929323833,0,0,-1,0,0,-0.004206730769230786,-0.3039170712886963,0.6145689111798464,0.3637605319454214,0.07206632653061229,0.08381689232753065,1.3765646118564023,0.020820939916716328,0.0
2004-06-30,16.77,16.81,0.009011776218083929,-0.005333345975362729,-0.0012077296153996536,-0.29679446857730596,-0.0023823715854066965,16.179,15.838,15.657666666666668,2,30,6,16.292520036541674,15.69315550600563,65.2892561983471,0.4240446514652394,0.32216790022968994,16.909302208086917,14.766697791913082,0.027949584222961673,0.022738513369530432,0.02133230617686191,-6568500.0,1.73993854015166,0,0,-1,0,0,-0.005353955978584168,-0.7108010499077194,0.6249570206408177,0.3609627093545692,0.05141065830721003,0.091796875,1.7754260092575538,0.01669648181276074,0.0
2004-07-01,16.49,16.77,-0.0053973144517192985,0.0011876485956562692,-0.0133821948406983,-0.032316060518127784,-0.016837439263610022,16.278,15.876,15.711,3,1,7,16.328425484443187,15.744564828198817,66.57303370786514,0.4154137171982484,0.34081706362340164,16.984444144308547,14.767555855691452,0.02904701514380709,0.022731373846409185,0.020508348066529552,-8638900.0,1.1078591612444582,0,0,-1,0,0,-0.008348240906380476,-0.6902507057463642,0.6379806752525644,0.3608493729386187,0.045656309448319554,0.04831532104259373,1.7399369038915775,0.0315342631898122,0.0
2004-07-02,16.21,16.49,-0.016980395861573714,-0.029511325623769832,-0.01791830454400526,0.22012508998445485,-0.017125800823922625,16.311,15.9195,15.759000000000002,4,2,7,16.30689357818079,15.774592903798894,63.8814016172507,0.38158134741985705,0.34896992038269276,17.007472039114063,14.831527960885936,0.029163411550294536,0.022298814227232282,0.020746616300088977,-11219100.0,0.5340210769323737,0,0,-1,0,0,-0.008489993935718438,-0.40127104687746135,0.20750538637065016,0.35398270186131336,-0.04647058823529404,0.05671447196870938,1.0155603837207048,0.01974090067859348,0.0
2004-07-06,15.85,16.21,-0.019765930721800776,-0.01703921188428671,-0.01761051800863528,-0.005908436686166283,-0.022458835424295134,16.317,15.931999999999999,15.793,1,6,7,16.223822018511555,15.779457877747355,55.729166666666664,0.3220080508992389,0.34357754648600203,17.01021685154084,14.853783148459156,0.03012677296704353,0.022723811272134277,0.02126176202373254,-13784100.0,-0.15210298351916052,0,0,-1,0,0,-0.011104256631708803,-0.41148504806022973,0.21128920669284615,0.36072932079380154,-0.047475961538461564,0.01602564102564097,0.9568409629680065,0.020416403785489007,0.0
2004-07-07,16.05,15.85,-0.018892249551275126,0.0041199303783511715,-0.0038143720754706774,0.18540322333136275,0.012539349252735392,16.354,15.957500000000001,15.820333333333334,2,7,7,16.19221801514582,15.796912208215268,57.393483709273184,0.28761862427027474,0.3323857620428566,17.02070023365375,14.894299766346252,0.030204160663251545,0.022835683640631814,0.020847984622601064,-10696600.0,0.17400297154209193,0,0,-1,0,0,-0.007570977917981023,-0.14763409156988308,0.22568596243798772,0.3625052395875471,-0.04521118381915512,0.032818532818532864,1.0786014336081824,0.028037383177570048,0.0
2004-07-08,15.53,16.05,0.010749392155999333,-0.007458083047203847,-0.011531197599189679,-0.5468234657768046,-0.032935212415429266,16.312,15.947,15.829,3,8,7,16.07181473966476,15.779692065749767,50.33557046979865,0.21591615469749215,0.3090918405737837,17.023311439959993,14.870688560040007,0.031603007511449656,0.023905063654973004,0.02176943765287639,-12483600.0,-0.7748686570041472,0,0,-1,0,0,-0.009345794392523386,-0.7932768283474784,0.2661241157402077,0.3794811210373639,-0.07394156231365534,-0.013341804320203376,1.4027221734835784,0.03283966516419843,0.0
2004-07-09,15.5,15.53,-0.019048194970694474,-0.012555092728540915,-0.0038734715957966636,0.6913828942880015,-0.0019336132353946873,16.285,15.938999999999998,15.820333333333334,4,9,7,15.967848423362074,15.761647416346557,45.388349514563096,0.15488526081913,0.278250524622853,17.026612547109885,14.85138745289011,0.03144321534363179,0.023882998060666724,0.02095344668397508,-16051300.0,-0.8072727758916585,0,0,-1,0,0,0.004507405022537043,0.16479684072632456,0.28089258863503497,0.3791308405869724,-0.060036385688295835,-0.010217113665389577,0.5221117991117487,0.023870967741935433,0.0
2004-07-12,15.56,15.5,-0.009014871096215427,-0.010797183330263744,-0.0025906750240925064,-0.9346634880702437,0.0038634948250446392,16.141,15.9515,15.816,0,12,7,15.89369416456897,15.748637905614522,47.18826405867972,0.11009028401050891,0.24461847650038418,17.01413376866871,14.888866231331287,0.01523285688981986,0.02331896165084263,0.020952390410075118,-14650200.0,-0.7368484073124789,0,0,-1,0,0,-0.0025806451612902675,-0.9650426644300704,0.2969889094789788,0.3701770401622908,-0.040098704503393034,0.016329196603527052,-0.4256768384562881,0.015424164524421607,0.0
2004-07-13,15.4,15.56,0.0025839807659250678,-0.0012779554454919577,-0.001297858715599952,0.8311605205170238,-0.01033600933066206,16.017,15.9625,15.807333333333334,1,13,7,15.803931589192793,15.726145137510361,46.618357487922715,0.06097638156488827,0.20789005751328501,16.995653068599797,14.929346931400204,0.014619159792759644,0.023360994767638567,0.021033353171353558,-17867100.0,-1.0888996356800074,0,0,-1,0,0,-0.0038560411311054305,-0.008054972508521965,0.2720939019235668,0.3708442952055167,-0.028391167192428957,0.01449275362318847,-1.0190445566524453,0.015584415584415598,0.0
2004-07-14,15.06,15.4,-0.012987195526811079,-0.01222273177341068,-0.02298951822469872,-0.3711812738277463,-0.022325287047835905,15.842000000000002,15.944999999999999,15.792333333333334,2,14,7,15.668671300248647,15.68316803186453,39.42992874109265,-0.005320566294956919,0.16524793275163663,17.028201881363188,14.861798118636809,0.013785106492279585,0.023653142070988318,0.021343997163546784,-20086500.0,-1.6340444292549452,0,0,-1,0,0,-0.0064935064935064705,-0.5317029144136359,0.2344231591687378,0.3754819898706862,-0.06168224299065417,-0.022712524334847495,-0.38962800423533267,0.026560424966799372,0.0
2004-07-15,14.75,15.06,-0.003273325344969249,-0.013029500290333795,-0.026937655731808487,1.2395972109460534,-0.02079913958591867,15.64,15.9095,15.772,3,15,7,15.501640154748891,15.622963642711982,38.248847926267274,-0.08193133095671357,0.11581208000996658,17.100774858910807,14.718225141089192,0.013744702224420969,0.024031092159722118,0.021592568000684657,-27752800.0,-1.9466540258562006,0,0,-1,0,0,0.012616201859229714,1.983354567756457,0.18017432646443535,0.3814817615273928,-0.05022537025112683,-0.04592496765847354,0.15884728365242243,0.04067796610169489,0.0
2004-07-16,14.57,14.75,-0.006578971098042511,-0.006578971098042511,-0.005475715255962907,-0.7052335453331363,-0.012278462578715397,15.447999999999999,15.863000000000003,15.733333333333333,4,16,7,15.332251035703639,15.5550305044725,13.069908814589652,-0.15537929380046656,0.061573805247879955,17.18680790465246,14.539192095347547,0.013671592995843014,0.024107346444132458,0.021142981144731825,-31539900.0,-1.9534556266899734,0,0,-1,0,0,0.027118644067796634,0.1385334860675527,0.16455340000009913,0.3826922607651105,-0.05999999999999994,-0.05999999999999994,1.001096477644428,0.039807824296499664,0.0
2004-07-19,14.36,14.57,-0.0383498053748661,-0.03697900324108739,-0.02572265559989844,0.3048297628004581,-0.014518056587035423,15.263000000000002,15.786999999999997,15.700666666666667,0,19,7,15.155478120121158,15.477931762248467,13.694267515923556,-0.22790542658345636,0.0036779588816126876,17.271475452279464,14.302524547720532,0.013596137412744402,0.023343516175855936,0.020845683600907182,-36676700.0,-1.922564630905533,0,0,-1,0,0,0.0006863417982154967,0.7596038857972355,0.08230961892637796,0.37056683116276995,-0.07712082262210807,-0.09571788413098248,-0.3095569751227696,0.027855153203342645,0.0
2004-07-20,14.71,14.36,-0.015204162960434047,0.011576567828997658,0.003514942107444592,-0.46997248193452457,0.0240809709932681,15.148999999999997,15.733,15.671,1,20,7,15.074482098280946,15.428387777587277,18.37349397590367,-0.2542104545292929,-0.047899723800568436,17.29363549808852,14.17236450191148,0.01719782863838654,0.02423206864423576,0.021120562442383136,-33466100.0,-1.3110043969305818,0,0,-1,0,0,0.0,-0.1782811454749942,0.3031330249266912,0.38467216431176354,-0.04480519480519474,-0.06839772007599731,1.9809843179788422,0.035350101971447966,0.0
2004-07-21,14.4,14.71,0.036914649331335425,0.018779894651596275,0.007689656905418571,-0.23685608962934943,-0.02129932803139121,14.984,15.669,15.633000000000001,2,21,7,14.95184898950259,15.362040179033261,16.991643454039064,-0.2966521664010511,-0.09765021232066497,17.339876227738106,13.998123772261897,0.016128504945026313,0.024548765209292615,0.021411858725675845,-35999600.0,-1.5189634982333413,0,0,-1,0,0,0.012916383412644426,-0.5115695175300392,0.3004728113961821,0.38969956642501646,-0.043824701195219085,-0.08163265306122447,2.0103986032706542,0.04791666666666675,0.0
2004-07-22,14.22,14.4,-0.035522860658512755,-0.03035646248059407,-0.02825046628585162,0.4163392608368471,-0.012578782206860073,14.853,15.582500000000001,15.582333333333333,3,22,7,14.818785536865756,15.288360167482729,17.47851002865336,-0.34088254275184937,-0.14629667840690186,17.367358832689813,13.79764116731019,0.014270636447408369,0.02409390640558707,0.02129191856788418,-39841400.0,-1.5267313863099081,0,0,-1,0,0,-0.0013888888888888592,0.11322810299062097,0.2855766710174398,0.3824789067674972,-0.0359322033898305,-0.10846394984326013,2.0048151349399292,0.04500703234880441,0.0
2004-07-23,14.2,14.22,-0.012596387685685726,-0.015183176421390006,0.012811563134200368,-0.0394747930106973,-0.0014074597678798285,14.723000000000003,15.504,15.533666666666667,4,23,7,14.706279075617436,15.218143382483843,18.88544891640872,-0.3732467117702587,-0.19168668507957323,17.38940544292462,13.61859455707538,0.0142991830592923,0.024069358577899005,0.02129108148922534,-43534500.0,-1.3832568532073926,0,0,-1,0,0,-0.0014064697609002354,0.03044691736275718,0.283853813148379,0.3820892220837603,-0.02539464653397394,-0.09955611921369689,1.457291353744823,0.01690140845070424,0.0
2004-07-26,14.0,14.2,-0.006358198742492402,-0.011188927917805852,-0.012095487199556275,-0.3316424577001679,-0.014184634991956413,14.567000000000002,15.354000000000003,15.49,0,26,7,14.577864698232446,15.139553486839725,19.869706840390947,-0.4103041466220567,-0.23541017738806996,17.215469707968268,13.492530292031738,0.013668474176821375,0.01411340274725057,0.021085105603433314,-46185200.0,-1.4547644736887502,0,0,-1,0,0,-0.006338028169014075,-0.4248777074053662,0.28317623140909015,0.22404332293272475,-0.02506963788300831,-0.17647058823529416,1.455538798509173,0.017857142857142856,0.0
2004-07-27,14.21,14.0,-0.0021284151348262875,0.0007029877266662111,0.0049982253287944025,0.12202030354565194,0.014888612493750777,14.447999999999999,15.232499999999998,15.457666666666666,1,27,7,14.510980207644728,15.079582294140389,20.129870129870184,-0.4179097819433011,-0.2719100982991162,17.057402304522594,13.407597695477405,0.01586032944589087,0.014846265728170506,0.02130030046634295,-43190500.0,-1.1206079333298773,0,0,-1,0,0,0.0057142857142857195,-0.11523704311271907,0.22360432967104676,0.23567716208832248,-0.03399048266485383,-0.14603365384615385,1.0537742006780495,0.013370865587614446,0.0
2004-07-28,14.24,14.21,-0.000710479603598674,0.012569997909669664,-0.0215991118034617,0.10576781908113338,0.002108963874820357,14.366,15.104,15.418666666666667,2,28,7,14.46171107898205,15.02541569451843,25.096525096525156,-0.4167129460047523,-0.30087066784024347,16.819875102803316,13.388124897196683,0.015291637218368504,0.014434741606452929,0.021070370344800846,-39861700.0,-1.0070663052205098,0,0,-1,0,0,-0.009852216748768513,0.1141285260806861,0.18822920505408003,0.22914441918090858,-0.011111111111111072,-0.15288518738845913,0.5891489740713873,0.047050561797752806,0.0
2004-07-29,14.51,14.24,0.014815085785140682,0.026704770758638655,0.03854867011723503,-0.3062381806527982,0.018783160912266804,14.341999999999999,14.991,15.387,3,29,7,14.470490882803496,14.992163069065628,32.5088339222615,-0.3894879270101086,-0.3185941196742165,16.533859955441354,13.448140044558645,0.016045720979191744,0.015624412236415485,0.021408690203528744,-37411000.0,-0.6235173818642584,0,0,-1,0,0,0.002808988764044884,-0.5484939738409941,0.21068904976821312,0.24802985495465943,0.020393811533051975,-0.13476446034585565,-0.29324015872513026,0.03583735354927645,0.0
2004-07-30,14.47,14.51,0.006282743179495209,-0.021168424437478434,-0.008438868645864595,-0.2938078957050894,-0.0027605262527039126,14.331999999999999,14.89,15.352666666666666,4,30,7,14.470401631384677,14.95847512912591,30.604982206405708,-0.3669100582592044,-0.3282573073912141,16.27620268890811,13.50379731109189,0.015619525370286238,0.015483862735868369,0.021392335652419492,-39237800.0,-0.605971988599773,0,0,-1,0,0,-0.009648518263266752,-0.9940268453164882,0.21312282781362746,0.24579870080260738,0.01901408450704234,-0.12249848392965423,-0.20961577171392137,0.02280580511402903,0.0
2004-08-02,14.25,14.47,-0.007684285104783656,-0.009708814126960938,-0.001413427797146964,0.28754521176206316,-0.015320633928733033,14.320999999999998,14.792000000000002,15.298333333333334,0,2,8,14.430328607496552,14.912767056279078,29.9651567944251,-0.36258939119500155,-0.3351237241519716,16.057120755625732,13.526879244374271,0.015699136599302145,0.015424960413907094,0.020913758099222888,-41673200.0,-0.8568352034220291,0,0,-1,0,0,-0.014512785072563983,-0.5392562065816712,0.21911965147510393,0.24486365542928465,0.017857142857142794,-0.12091301665638499,-0.2937221409163679,0.014736842105263093,0.0
2004-08-03,13.83,14.25,-0.006331361283560824,-0.004889985294191792,-0.022167514791759893,0.4855014986822602,-0.029916761037992692,14.233,14.690999999999999,15.233,1,3,8,14.321177951588087,14.8429111171643,29.152542372881356,-0.3885764538518792,-0.34581427009195315,15.922565541987005,13.459434458012993,0.015391161090589732,0.015897399610418812,0.021447705107525365,-45630700.0,-1.3982203474300883,0,0,-1,0,0,-0.005614035087719303,0.5257439120559673,0.28972870620311764,0.2523633951706997,-0.02674173117522871,-0.12744479495268135,-0.03460126074763321,0.032537960954446804,0.0
2004-08-04,14.0,13.83,-0.02428690802592223,-0.017662062797068806,-0.03158543871980108,0.6841491440774612,0.01221718393859185,14.193000000000001,14.5885,15.177000000000001,2,4,8,14.262781960390251,14.788529754766603,36.65480427046264,-0.39094721286963896,-0.3548408586474903,15.67671969531082,13.500280304689179,0.01538717345691166,0.015876721374598973,0.021649025650487753,-37786600.0,-1.0815830710211694,0,0,-1,0,0,0.0,2.555674072135884,0.3140676709188948,0.25203513835351465,-0.016853932584269704,-0.12772585669781933,-0.2741233988699757,0.04499999999999993,0.0
2004-08-05,13.8,14.0,0.00720464211504751,-0.006435488781991729,0.0221411258772135,-0.7665424750103608,-0.014388737452099556,14.151000000000002,14.502,15.105333333333332,3,5,8,14.178639785773841,14.724753641555855,36.395759717314505,-0.4043038222098243,-0.36473345135995716,15.54937466276865,13.45462533723135,0.015523222672542124,0.014814032684294333,0.021369182589262858,-41431100.0,-1.3404945239830799,0,0,-1,0,0,-0.00500000000000002,0.044607833955202965,0.2477148392687437,0.23516547837975257,-0.04893177119228109,-0.11139729555698641,0.3858731418540733,0.0173913043478261,0.0
2004-08-06,13.47,13.8,-0.03135510234733051,-0.025428177169325404,-0.028880200427058852,0.3434641794841652,-0.024203601740886364,14.078,14.4005,15.028666666666668,4,6,8,14.049796188360414,14.643801793713543,34.91525423728817,-0.43648573753663733,-0.37908390859529323,15.434011642793,13.366988357207,0.01685917335288556,0.01531999166731913,0.021628232244840246,-46569200.0,-1.8006570249859608,0,0,-1,0,0,-0.02173913043478266,0.8768947628394239,0.2547897472839384,0.24319732823584916,-0.0691085003455425,-0.13096774193548388,1.3962532020291023,0.020786933927245684,0.0
2004-08-09,13.31,13.47,-0.006688988150796652,-0.007385557943387793,-0.009815103332659173,-0.7200726806392208,-0.0119493580152524,14.009,14.288,14.905666666666667,0,9,8,13.915287790476702,14.557750065086864,24.637681159420268,-0.469488825185433,-0.39716489191332116,15.279046230797613,13.296953769202387,0.01674308501851283,0.015141884981942227,0.014915600759482723,-49070000.0,-1.9736718017945276,0,0,-1,0,0,-0.004454342984409837,-0.7342966935278366,0.2549896671295428,0.2403699722577773,-0.06596491228070167,-0.1446015424164524,1.187042469219455,0.023290758827948947,0.0
2004-08-10,13.71,13.31,-0.008236662065879013,0.01617682335455857,0.006051455683355282,0.1880830782989025,0.02960986116720268,13.959,14.203500000000002,14.808,1,10,8,13.877962737662756,14.503056512500615,37.89473684210527,-0.4580868132272471,-0.4093492761761064,15.076493036687275,13.330506963312729,0.01922509107770984,0.017306950309081044,0.016231379336638416,-46051700.0,-1.1305932103941494,0,0,-1,0,0,-0.0007513148009015618,-0.41145089851403915,0.3513348904710902,0.2747393188246854,-0.008676789587852451,-0.1097402597402597,0.762637380089595,0.03282275711159745,0.0
2004-08-11,13.89,13.71,0.023040781435666506,0.020931836041035424,0.013483350337286988,0.09677591512383983,0.013043663192029398,13.924000000000001,14.145000000000001,14.710666666666667,2,11,8,13.88015133081498,14.463504479436061,44.210526315789465,-0.4295742760722341,-0.4133942761553319,14.928554653317843,13.36144534668216,0.019881159213918587,0.017338899753387083,0.01634196654427672,-42726700.0,-0.6508799326766614,0,0,-1,0,0,-0.00729394602479952,-0.2638046753776763,0.35345569629211754,0.27524650052964833,-0.007857142857142785,-0.07768924302788849,0.7306710616043898,0.04031677465802739,0.0
2004-08-12,13.7,13.89,0.016758133526148893,-0.008608374536600164,0.011834457647002798,-0.2825424209125326,-0.01377332393217321,13.843,14.092500000000001,14.608333333333333,3,12,8,13.847396543394073,14.414246125924059,41.72185430463576,-0.41749665549697035,-0.4142147520236596,14.84548353934566,13.339516460654343,0.018642162922803435,0.017055466042914903,0.016380785449882376,-45233300.0,-1.0425194695254134,0,0,-1,0,0,-0.0035997120230382078,-0.7360165085869527,0.35208333112983003,0.27074712986315824,-0.007246376811594346,-0.0711864406779662,0.7229340262851641,0.020437956204379645,0.0
2004-08-13,13.79,13.7,-0.014556297774207375,0.005747142255568071,0.0029368596733097057,0.16538325076196522,0.006547858971131238,13.775,14.0535,14.518333333333334,4,13,8,13.836960808231513,14.373972182316056,46.39175257731958,-0.39609684843091486,-0.4105911713051107,14.782775776297234,13.324224223702766,0.019027915870410306,0.017070596846822973,0.016436335074018336,-42275900.0,-0.7226347249263485,0,0,-1,0,0,-0.004379562043795527,-0.36715714299634433,0.2894459060401214,0.2709873239288217,0.02375649591685214,-0.053534660260809996,0.38374173319896604,0.023205221174764343,0.0
2004-08-16,14.5,13.79,0.014556297774207454,0.03795255209230233,0.008759180089881554,0.09314377180787722,0.05020495762131837,13.8,14.060500000000001,14.461333333333332,0,16,8,13.957513388553055,14.382103009263409,54.25219941348972,-0.318178516986789,-0.3921086404414464,14.804697908029167,13.316302091970835,0.025500024936378082,0.0206557702225114,0.01933068012032359,-39029800.0,1.1811374239519488,0,0,-1,0,0,0.003625815808556977,-0.08517911521056022,0.3907324746998593,0.32790018688355077,0.0894064613072878,0.009749303621169991,0.26406866955867875,0.05103448275862071,0.0
2004-08-17,14.47,14.5,0.046585699237005146,0.01912626609352699,0.04892858205324349,0.07602272346389775,-0.0020711087831361843,13.864,14.048499999999999,14.415333333333335,1,17,8,14.050692772452498,14.387773782859318,53.37243401759531,-0.25589858759908957,-0.3648666298729751,14.755406529963091,13.341593470036907,0.023097566460889014,0.01989194362983497,0.019006620672797136,-42532300.0,1.1925197522846724,0,0,-1,0,0,0.0,0.10357110541629043,0.3923232428065227,0.31577481562955284,0.05543398978847547,-0.016315431679129855,1.3355245426164573,0.02280580511402903,0.0
2004-08-18,14.75,14.47,-0.011095814255054463,-0.0020318327342267978,-0.01674847244943182,-0.0907325219652313,0.01916554214243627,13.939000000000002,14.065999999999999,14.372000000000002,2,18,8,14.177839541097498,14.411143216223234,53.50877192982456,-0.18185136557056225,-0.32826357701249254,14.824957734069862,13.307042265930136,0.02345798757962892,0.019759264540426633,0.019234029128461217,-39333600.0,1.8024719145612884,0,0,-1,0,0,-0.008984105044920579,-0.16134182047258047,0.39682319749537964,0.31366860038103506,0.061915046796256146,0.02430555555555558,1.056292540366048,0.03661016949152537,0.0
2004-08-19,14.46,14.75,0.02411415501431167,-0.004076092600042942,0.006313595156852304,-0.36007047217660626,-0.019856866055210115,14.005,14.078,14.336333333333332,3,19,8,14.229141442716134,14.414295266789479,49.86376021798366,-0.14489868317703625,-0.2915905982454013,14.854594454891108,13.30140554510889,0.024016089221603365,0.020086288979594948,0.01868713268577519,-41565100.0,0.9837824558084544,0,0,-1,0,0,-0.004067796610169525,-0.8468440835167691,0.4229392722316935,0.31885995241311343,0.05547445255474459,0.016877637130801704,0.7634272532380313,0.026970954356846388,0.0
2004-08-20,14.7,14.46,-0.025509828653286333,0.010832875062922721,0.0013976242666379351,0.1027984193510882,0.01646127705407193,14.128,14.103,14.309666666666665,4,20,8,14.31475208949502,14.432727830222417,56.09756097560975,-0.09515058519718345,-0.25230259563575774,14.926882975849079,13.27911702415092,0.021935107492198742,0.020372881142821864,0.019000215711021,-39092000.0,1.449234945981841,0,0,-1,0,0,-0.009681881051175695,-0.6070896387771996,0.4221099313229262,0.32340946196270415,0.06598984771573613,0.035211267605633756,0.39562884075610705,0.03605442176870744,0.0
2004-08-23,14.6,14.7,0.026870373080846614,0.005372746302390501,0.019364367181791152,-0.35538762672016827,-0.006825965070399871,14.257,14.133,14.277666666666667,0,23,8,14.36661534595047,14.443519583111293,61.42433234421365,-0.0630670259799544,-0.21445548170459708,14.984329610234694,13.281670389765305,0.02145199364784411,0.020135353011850734,0.018994330027286364,-40825400.0,1.0971073821131585,0,0,-1,0,0,0.0006802721088436438,-1.108592503386541,0.26036501148981267,0.3196388197791146,0.006896551724137945,0.04285714285714293,-0.08590849739261987,0.0226027397260274,0.0
2004-08-24,14.86,14.6,0.0027155481724826097,0.002074203680996167,0.010221554071538007,0.5463584736651621,0.017651510575322334,14.372,14.1655,14.259666666666668,1,24,8,14.456321646686746,14.470389287426695,62.42774566473989,-0.016470880998021187,-0.17485856156328192,15.076727627694027,13.254272372305973,0.02047560439040697,0.0202381682490187,0.019259806410066197,-37831900.0,1.5243172592506162,0,0,-1,0,0,0.010273972602739751,-0.16613425835540205,0.2807258854088495,0.321270961070322,0.026952315134761484,0.04574243490499641,-0.88504160717119,0.014199192462987908,0.0
2004-08-25,15.01,14.86,0.000677736386497595,0.004601388532787929,-0.003395589001138272,-0.014129755684662654,0.010043606355757483,14.484,14.203999999999999,14.258000000000001,2,25,8,14.556990438198245,14.505202881786264,67.74193548387096,0.03218958451201814,-0.1334489323482219,15.190442838528117,13.21755716147188,0.020418039726379424,0.020310108850006777,0.01893936386873978,-34880400.0,1.6341544963773924,0,0,-1,0,0,-0.006729475100942103,-0.18330204255331595,0.25869540704780414,0.3224129827066199,0.01762711864406774,0.0540730337078652,-0.808428233806316,0.02198534310459694,0.0
2004-08-26,15.3,15.01,0.021448543407483693,0.028207839394392867,0.025521868795119553,0.04368693628836906,0.0191361827530192,14.644,14.243500000000001,14.276333333333334,3,26,8,14.692083085798565,14.556480115219408,77.15133531157271,0.09308095111376247,-0.08814295565582503,15.338796643307788,13.148203356692214,0.019158300744345488,0.020325300783287828,0.01884042423016817,-31797100.0,1.9291577427086384,0,0,-1,0,0,0.0046635576282478535,-0.10935158024950582,0.17094734071811074,0.32265414717099555,0.05809128630705396,0.05444521019986226,-1.7143313604114538,0.024836601307189593,0.0
2004-08-27,14.7,15.3,0.009240989853729875,-0.01564569072573611,-0.029611854046644487,0.06722480379219556,-0.04000533461369925,14.735,14.254999999999999,14.280666666666667,4,27,8,14.693522524744278,14.56573946262461,68.24146981627294,0.09186386282608261,-0.0521415919594435,15.365040302729323,13.144959697270675,0.024989755434959765,0.0223851236602811,0.020114910722130935,-35094800.0,0.8017726904254759,0,0,-1,0,0,-0.0052287581699346445,-0.0033066338526044157,0.38690857419633357,0.3553528216351903,0.0,0.015894955079474693,-1.3943841364382972,0.039455782312925174,0.0
2004-08-30,14.89,14.7,-0.0340828178201936,-0.007915608612661199,-0.0016406894574599999,-0.17235831573591492,0.01284235291122708,14.774000000000001,14.287,14.298333333333334,0,30,8,14.7292457020635,14.58665949729399,66.38888888888889,0.10502011715538195,-0.02070925013647841,15.432758310143269,13.141241689856733,0.019731264434763515,0.022194599452265977,0.020035522561175103,-32319200.0,1.0525780082268814,0,0,-1,0,0,0.0006802721088436438,-0.42601883155438325,0.3896215943201669,0.35232834359631693,0.019863013698630194,0.04491228070175435,-2.1105346771501123,0.032505036937541976,0.0
2004-08-31,14.82,14.89,0.011490494791599684,-0.003981425299184922,0.000273635245926761,-0.44763005615586904,-0.004712226827976845,14.809000000000001,14.336500000000001,14.302,1,31,8,14.7457464835065,14.601713723275024,63.32378223495701,0.10854686778767686,0.005141973448352644,15.484666043373997,13.188333956626005,0.0198213005453569,0.020978197526046675,0.019584167493121866,-34093200.0,0.8422126795862876,0,0,-1,0,0,-0.0006715916722632495,-1.095298516459439,0.37243456721953394,0.33301856164985966,-0.0026917900403767847,0.07158351409978314,-1.546469754621807,0.028340080971659912,0.0
2004-09-01,14.63,14.82,-0.008774946619117024,-0.002663117419483662,-0.0075523874255359735,0.05489166029810903,-0.012903404835907841,14.797,14.368,14.309666666666665,2,1,9,14.7247016683235,14.603538644354055,63.323782234957044,0.09491629500343457,0.02309683775936903,15.51185497792575,13.22414502207425,0.019401731437758682,0.021185552879621004,0.01932791167285859,-35967300.0,0.4581000302592685,0,0,-1,0,0,-0.004723346828610006,-1.3524763615615294,0.36758205470192884,0.3363102258413129,-0.025316455696202445,0.04500000000000015,-0.7062568219908675,0.03349282296650719,0.0
2004-09-02,14.97,14.63,-0.004757059599459346,0.0,0.008236148135936577,-0.24354664699375655,0.022973983399504135,14.847999999999999,14.426499999999999,14.334666666666667,3,2,9,14.769301364991954,14.627181312460245,65.77540106951874,0.11027791125505715,0.040533052458506656,15.567714035001064,13.285285964998934,0.01947283959379752,0.02129004152921546,0.019585462422467576,-34498300.0,0.9524944196808698,0,0,-1,0,0,0.003417634996582292,-1.6453855664967563,0.384514417598497,0.3379689317312483,-0.021568627450980427,0.08478260869565224,-0.5421862170856317,0.024716098864395405,0.0
2004-09-03,14.25,14.97,0.004757059599459241,-0.014775285582154402,-0.030536723860081764,1.024623001761253,-0.04929129171687751,14.803,14.4655,14.336333333333334,4,3,9,14.674882934993416,14.602847034237005,46.666666666666664,0.06362073981396499,0.04515058992959832,15.519024910403788,13.411975089596213,0.024728571064275725,0.023543679618762317,0.02160786831332917,-38591000.0,-0.40910280881238076,0,0,-1,0,0,-0.014696058784235178,1.9913636240436559,0.437152560513438,0.3737443273117505,-0.030612244897959107,0.057906458797327254,-0.8805238360607849,0.04140350877192982,0.0
2004-09-07,14.45,14.25,-0.020548668227387677,-0.012253386805764889,0.00702250076982468,-0.5253133995255156,0.013937507843781678,14.788000000000002,14.522500000000003,14.351333333333335,1,7,9,14.633995128630975,14.592985935253973,49.74489795918365,0.042295369142864914,0.04457954577225164,15.425381352582558,13.619618647417447,0.025229021526540222,0.0233895523826408,0.021570294239142272,-36170700.0,-0.16059695948449487,0,0,-1,0,0,0.014035087719298196,-0.4821608364147904,0.44022246809526616,0.3712976332895149,-0.029550033579583745,0.08564988730277978,-0.8778387471738213,0.021453287197231868,0.0
2004-09-08,14.26,14.45,-0.009037253025941525,-0.012405396857487741,-0.010552331473349285,0.11187562594845601,-0.013235999572291268,14.728,14.55,14.353,2,8,9,14.565996014334434,14.5715029716892,43.60313315926892,0.00994876398296718,0.03765338941439475,15.379178413916128,13.720821586083874,0.024591269629080467,0.022883058043909485,0.021565154067562885,-38877500.0,-0.6994875774210279,0,0,-1,0,0,-0.008996539792387475,-0.03542719423071934,0.4431283916110762,0.3632572849250439,-0.037786774628879916,0.0401167031363967,-0.5656286802221419,0.01963534361851328,0.0
2004-09-09,13.93,14.26,-0.008415196925284585,-0.012561225872973304,-0.017118820331780655,0.41245994574350653,-0.02341362719443556,14.620000000000001,14.552000000000001,14.342666666666666,3,9,9,14.450360375364538,14.530115683193124,43.15245478036175,-0.04183218038998149,0.0217562754535195,15.37464272477837,13.729357275221632,0.024744742095564282,0.0234041624065274,0.021982538323079438,-42966200.0,-1.5121996007867857,0,0,-1,0,0,-0.004207573632538604,1.813370767280151,0.4569850701802461,0.3715295602286309,-0.04784688995215314,0.0028797696184303945,-0.22224987988217063,0.024407753050969122,0.0
2004-09-10,14.33,13.93,-0.021353124470568946,0.007695036221800413,-0.018149318505677334,-0.22423250950916876,0.02831045404836621,14.523,14.5835,14.336666666666666,4,10,9,14.428476670752802,14.517204993954858,45.409429280397035,-0.05001574443841328,0.007401871475132944,15.311591231992574,13.855408768007427,0.026007909855160716,0.023974346138943288,0.022349377330293446,-39698800.0,-0.6963413068613535,0,0,-1,0,0,-0.0021536252692031127,0.6280378341927167,0.4825749418890117,0.3805809463741531,-0.042752171008684114,0.04598540145985397,-0.06304213445294946,0.048848569434752215,0.0
2004-09-13,14.24,14.33,0.030466401703434308,0.0006966214144479138,0.030305349495328843,-0.44606523827843264,-0.006300335856250761,14.477,14.606,14.329,0,13,9,14.394208185161384,14.49932080079648,45.5223880597015,-0.06303687587877249,-0.006685877995648143,15.25428193996394,13.95771806003606,0.023310884982354202,0.02403234865857553,0.0223726650372941,-41790400.0,-1.129138349960382,0,0,-1,0,0,0.0,-0.8967816529931067,0.3338745847700305,0.3815017078283254,-0.00070175438596487,0.032632342277012505,0.5077486130778439,0.02036516853932578,0.0
2004-09-14,14.39,14.24,-0.006300335856250761,0.0027816429618767705,0.0077876499776837645,0.1645058622518757,0.010478614915446808,14.426999999999998,14.6005,14.333666666666666,1,14,9,14.393443060586586,14.492267845906385,43.98976982097189,-0.06055443611405309,-0.017459589619329134,15.25441050409641,13.94658949590359,0.023141837863510307,0.0211559162667484,0.022274378965874534,-39324800.0,-0.6438189895446746,0,0,-1,0,0,0.0,-0.3484422518404993,0.3254443358984316,0.3358397591971337,-0.0041522491349480495,-0.0075862068965516505,0.6423853273163598,0.015288394718554596,0.0
2004-09-15,14.15,14.39,0.0021045255049152215,-0.00347826437632492,-0.00778764997768374,0.07008463955687118,-0.016818896810029817,14.36,14.5845,14.344333333333333,2,15,9,14.349180685934478,14.470186049396295,39.25000000000002,-0.07706472477572213,-0.029380616650607733,15.26689439128876,13.90210560871124,0.02353665889809669,0.021474891304699817,0.02179671964057933,-41969400.0,-1.2734571255177212,0,0,-1,0,0,-0.008339124391938915,-0.051443426354151736,0.33480410155185286,0.34090333094627473,-0.007713884992987308,-0.022114720110573582,0.6614572424724952,0.019787985865724337,0.0
2004-09-16,14.34,14.15,-0.007032377786155911,0.0013927578853034758,0.002129926257824849,0.18527290576355576,0.013338211082227587,14.331,14.564000000000002,14.355666666666668,3,16,9,14.347511470310026,14.461786949435245,37.69230769230769,-0.07396521048186422,-0.038297535416859034,15.250084236042902,13.877915763957102,0.02394881425365169,0.021220321263508868,0.021817992262380303,-38786500.0,-0.6529810429458571,0,0,-1,0,0,0.0014134275618374256,0.6975446804036604,0.281385783417299,0.3368621568248424,0.02943287867910982,-0.02779661016949153,-0.08074338452644678,0.018828451882845158,0.0
2004-09-17,14.51,14.34,0.017489078154213897,0.011072777491257962,0.014783796184236912,0.19517749800825246,0.011785231724622126,14.285,14.5665,14.379333333333333,4,17,9,14.377054839344567,14.46489746882652,47.262247838616716,-0.05713265414927626,-0.04206455916334248,15.251351885638316,13.881648114361683,0.022875968315657122,0.02094507177890019,0.021706924027562243,-34917600.0,-0.16499918065448238,0,0,-1,0,0,0.005578800557880061,1.4592807337785534,0.21243753858928327,0.33249270671620285,0.012561060711793415,0.003457814661134151,-0.911431175645434,0.015161957270847614,0.0
2004-09-20,14.23,14.51,-0.006260890016722532,-0.0034470906246211806,-0.005606181466598488,-0.23704206247905238,-0.01948565479433541,14.283000000000001,14.543000000000001,14.404666666666666,0,20,9,14.350317595827372,14.449742793418357,40.73033707865168,-0.06562985184711323,-0.046777617700096634,15.240698472045008,13.845301527954994,0.017800576995295404,0.021020315799061665,0.021533294351797367,-37970000.0,-0.8972357330311302,0,0,-1,0,0,-0.012405237767057183,0.344186334493417,0.26112634506803867,0.33368716850615476,-0.000702247191011196,-0.03197278911564616,-0.6052897519500505,0.017568517217146872,0.0
2004-09-21,14.21,14.23,-0.006300335856250761,-0.007180413712033513,-0.004931323836187289,-0.29289372503897354,-0.0014064699927517131,14.258999999999997,14.523500000000002,14.434666666666665,1,21,9,14.32480530567694,14.434275516423625,41.31054131054132,-0.07313472352664974,-0.05204903886540726,15.236131151363692,13.810868848636312,0.017104117016690148,0.02098206898023904,0.02138398507093708,-40247400.0,-0.8798380463724843,0,0,-1,0,0,0.00070274068868586,-0.7452795231944692,0.24387924278587345,0.3330800190798907,-0.012508686587908269,-0.02671232876712315,-0.09386774858561732,0.015228712174524992,0.0
2004-09-22,13.98,14.21,-0.012010034857532007,-0.013050482073585584,-0.018532248128927654,-0.05933560488347756,-0.016318205303345146,14.231,14.479500000000002,14.443666666666667,2,22,9,14.262113431917495,14.404967418589845,40.8450704225352,-0.09652874295048619,-0.06094497968242305,15.213012816950584,13.745987183049419,0.01735817963510092,0.020741710864494608,0.020985142154702048,-42393600.0,-1.3619393920792329,0,0,-1,0,0,-0.009852216748768513,-0.8513131299756926,0.2420837773704591,0.3292644522807556,-0.012014134275618371,-0.059219380888290596,-0.09418103943841462,0.020743919885550726,0.0
2004-09-23,13.87,13.98,-0.006417134320633429,-0.004945259106855292,-0.006495872715445327,0.13893911890947813,-0.007899502478924063,14.225,14.422500000000003,14.443000000000001,3,23,9,14.190820080659767,14.370453391584048,33.43373493975902,-0.12253227676744594,-0.07326243909942763,15.159603149247637,13.685396850752369,0.015885657057292567,0.020540032758080095,0.02091197742361573,-44859700.0,-1.4991117608544862,0,0,-1,0,0,0.0,-0.38548909819110305,0.19799863213547936,0.3260629115940003,-0.032775453277545386,-0.07594936708860767,0.7428023581180677,0.022350396539293348,0.0
2004-09-24,13.81,13.87,-0.0007155635367937264,-0.00425834568257708,-0.010921113278556821,0.17021198202430152,-0.004335266905539359,14.173000000000002,14.348000000000003,14.446666666666665,4,24,9,14.121580065994355,14.334295108256045,41.72932330827068,-0.14629536136173016,-0.08786902355188814,15.008927577845787,13.687072422154218,0.012179840761532942,0.01981041275939497,0.020767712268019028,-47783400.0,-1.628014983891426,0,0,-1,0,0,0.007209805335256051,0.24263336366067512,0.12171090498228768,0.31448055318539964,-0.04824259131633346,-0.09738562091503267,-0.31667052702481574,0.028964518464880545,0.0
2004-09-27,13.34,13.81,-0.02170852253301229,-0.023750666602639123,-0.030474301710412748,0.5968172245389035,-0.03462592693372319,14.082999999999998,14.280000000000001,14.431666666666668,0,27,9,13.979474599449926,14.270147036755656,31.058020477815703,-0.2007388565696555,-0.11044299015544161,15.057932482525073,13.502067517474929,0.015548728060856658,0.019367175194477042,0.021660702901624054,-53093800.0,-2.416662168287093,0,0,-1,0,0,-0.010137581462708224,2.648481021026989,0.20823411726538996,0.30744437497443156,-0.06254392129304287,-0.09251700680272101,-1.3806036084129305,0.03598200899550228,0.0
2004-09-28,13.84,13.34,-0.023687265889599636,0.013024786155471783,-0.004538585703008073,0.11054253129402154,0.03679590970204588,14.028,14.227499999999997,14.409666666666668,1,28,9,13.954115581368121,14.242395615029485,43.518518518518526,-0.2012203544497133,-0.12859846301429595,14.973150546061158,13.481849453938837,0.020390479349735518,0.021229678910341918,0.02061907203468693,-47162700.0,-1.0393608696377554,0,0,-1,0,0,0.0007496251874062809,2.528422022318058,0.4186021754449755,0.3370107048631045,-0.0260380014074596,-0.07051712558764278,1.1510804158497667,0.05202312138728328,0.0
2004-09-29,13.66,13.84,0.03097592789430493,0.002871502332022941,0.019520139318624816,-0.42871383770039956,-0.013091096046879453,13.979000000000003,14.1695,14.382666666666667,2,29,9,13.900640021119372,14.204821704382422,45.63106796116505,-0.21366346128508873,-0.1456114626684545,14.901432553694052,13.437567446305946,0.02016261951761537,0.02133669708554858,0.020728708965568075,-51025900.0,-1.3922047801496478,0,0,-1,0,0,-0.005057803468208113,0.6658041650351202,0.41382373083330937,0.3387095657272691,-0.022889842632331958,-0.07827260458839402,1.090309095693088,0.036603221083455345,0.0
2004-09-30,13.62,13.66,-0.010219067032122145,-0.01589628848749486,0.0029695641718164986,0.2010541946498569,-0.0029325534212777528,13.907,14.119,14.344999999999999,3,30,9,13.84961456273403,14.16709127184162,36.996336996336986,-0.22416830611297378,-0.16132283135735836,14.856503612836283,13.381496387163716,0.01929647610775184,0.0212322061442737,0.020343705741274226,-55749400.0,-1.3532137099124215,0,0,-1,0,0,-0.002196193265007274,1.2801508775831223,0.41266246130973566,0.33705082345803483,-0.018024513338139925,-0.0690362269309639,0.9104870083795338,0.017621145374449355,0.0
2004-10-01,13.85,13.62,-0.0007339449870750081,0.013024786155471783,0.005175612292585107,-0.32334819185534036,0.01674593191198122,13.841,14.062999999999999,14.324666666666667,4,1,10,13.849684642236934,14.146633770432484,43.20557491289198,-0.2114963947261277,-0.17135754403111222,14.690278163764724,13.435721836235274,0.019841914313636282,0.020857597480723408,0.020371931007173178,-52330900.0,-0.6791245488975446,0,0,-1,0,0,0.0,0.06657553798258274,0.43634189258678735,0.33110409528168877,0.002896451846488013,-0.07481629926519717,0.15735756440875218,0.025270758122743656,0.0
2004-10-04,14.21,13.85,0.045919114264783706,0.02485040905079838,0.029071814821976877,-0.14084194616795323,0.025660709475661906,13.839000000000002,14.061000000000002,14.308333333333334,0,4,10,13.915196525466582,14.150721914275548,47.07792207792208,-0.17044009498171953,-0.17117405422123372,14.686018736560621,13.435981263439382,0.02120317518591237,0.019053848766315332,0.02072466558541703,-49361500.0,0.47678570668112374,0,0,-1,0,0,0.02960288808664261,-0.30313099988427855,0.3285291575611978,0.30247047212583134,0.0652173913043479,-0.0028070175438595912,-0.19345165018631577,0.021111893033075223,0.0
2004-10-05,13.98,14.21,-0.014124528603630976,-0.007037326720576204,-0.0050269405679740625,-0.3818523799419765,-0.016318205303345146,13.815999999999999,14.0375,14.287666666666667,1,5,10,13.926978975381747,14.139707597225515,47.23127035830619,-0.1546787194556849,-0.16787498726812397,14.635703450692366,13.439296549307633,0.0218228417642235,0.019083146446066887,0.020886665926524682,-51388400.0,-0.19224228791541775,0,0,-1,0,0,-0.010555946516537674,-1.1509551766929587,0.2945718696578859,0.3029355583735143,0.010115606936416333,-0.03252595155709337,0.45449797116286655,0.019313304721030013,0.0
2004-10-06,13.99,13.98,-0.002849004776074826,0.00048011071710336726,-0.0007202016875939215,0.380672995443908,0.0007150518717255868,13.816999999999998,14.023999999999997,14.258666666666667,2,6,10,13.938437343494154,14.130049042565805,43.9446366782007,-0.13976962216940692,-0.16225391424838057,14.613179625902108,13.434820374097887,0.021197484986851027,0.01888775862158707,0.02058020936014747,-48422500.0,-0.11541471736378787,0,0,-1,0,0,0.0028612303290414267,-0.2959528445902962,0.2646803907322004,0.2998338728168131,0.024158125915080486,-0.018934081346423492,0.10709608593498626,0.020500357398141492,0.0
2004-10-07,13.88,13.99,-0.002142092929054212,-0.009703304868307493,-0.0014419613169014062,0.0741561375343823,-0.007893833598731283,13.818000000000001,14.021499999999998,14.221,3,7,10,13.927812371949761,14.113916846271238,38.86925795053006,-0.1352708180599933,-0.1568572950107031,14.612779611475458,13.430220388524537,0.021197245047982066,0.018233640477956947,0.020483152679358525,-51616700.0,-0.47862296366655527,0,0,-1,0,0,0.0,-0.042778297131634835,0.27594880991372284,0.2894500692002099,0.0190895741556536,-0.003589375448671883,0.2519924126138479,0.012247838616714692,0.0
2004-10-08,13.81,13.88,-0.007893833598731283,-0.009309053977723412,-0.008695706967553821,-0.5632147050892368,-0.005055987657457726,13.818000000000001,13.995499999999998,14.171333333333333,4,8,10,13.906391940686168,14.094309307802126,41.98473282442749,-0.1357886117855518,-0.15264355836567287,14.575281265468861,13.415718734531135,0.02121574498212753,0.01695075037748779,0.020071048645236282,-53435400.0,-0.6398964956205868,0,0,-1,0,0,0.0,-1.219845761674472,0.25402147055602364,0.2690848202086016,-0.002888086642599208,-0.03628750872295883,1.4411943466447277,0.011585807385952218,0.0
2004-10-11,13.59,13.81,-0.005055987657457726,-0.0036036075032986558,-0.016881134822095814,0.4918195120696434,-0.016058739258148415,13.843,13.963,14.134333333333332,0,11,10,13.848866133288682,14.061773223427796,39.00709219858155,-0.15219669961286542,-0.1525541866151114,14.557752491642526,13.368247508357472,0.01857839324432946,0.017222842097427943,0.019055338671615008,-56409500.0,-1.2543032782254884,0,0,-1,0,0,0.0,-0.22004817346149436,0.11527003304600437,0.2734041423571704,-0.04363124560168907,-0.04564606741573041,0.20544502534256384,0.025018395879323023,0.0
2004-10-12,13.61,13.59,-0.022703281976817015,-0.014545711002378751,-0.004451045924259424,0.2916418091692928,0.00147058850032222,13.819999999999999,13.924000000000001,14.091666666666667,1,12,10,13.805435927236195,14.03262656385181,42.91187739463601,-0.16172216216004287,-0.15438778172409767,14.50294277510071,13.345057224899293,0.01382013299416655,0.016988008278034775,0.018850559525200056,-52428300.0,-1.0847358789316623,0,0,-1,0,0,-0.00662251655629138,0.6454874006411659,0.11271902642426355,0.2696762710439197,-0.026466380543633816,-0.05420430854760261,-0.7819580226318433,0.014695077149155113,0.0
2004-10-13,13.57,13.61,0.021978906718775382,0.017429635135283596,0.00519096456696987,-0.17504377386652165,-0.002943342816596917,13.811000000000002,13.895000000000001,14.05,2,13,10,13.76262939501143,14.002779688764598,44.0944881889764,-0.17053302698008288,-0.1576168307752947,14.48429038503436,13.305709614965643,0.013251035946813462,0.016665437842679473,0.01884723930304743,-55770200.0,-1.1030215603502571,0,0,-1,0,0,0.013960323291697376,0.018847718184109654,0.1029327020225494,0.26455562413040795,-0.030021443888491817,-0.040989399293286266,-0.7770663727622475,0.02726602800294775,0.0
2004-10-14,14.14,13.57,0.012959144642505116,0.01783850370217437,0.027718769521828127,0.2825144898981549,0.041146186621649004,13.863,13.885,14.033666666666669,3,14,10,13.83124223228208,14.011632612070109,55.409836065573764,-0.13002264440911482,-0.15209799350205874,14.44872819131512,13.32127180868488,0.018816478949124162,0.01910112414810115,0.020429749571478587,-51337300.0,0.9046913172999629,0,0,-1,0,0,0.03021370670596906,0.959711146406269,0.3529932074338997,0.3032209455458768,0.018731988472622474,-0.013947001394700065,1.7584620398614328,0.016973125884016987,0.0
2004-10-15,14.38,14.14,0.021932255136111807,0.02514098895810201,0.022057101972363234,0.022219666225464216,0.016830691824473852,13.916,13.878499999999999,14.014000000000001,4,15,10,13.931016371867155,14.035398250001071,68.43971631205673,-0.07765670200269881,-0.13720973520218677,14.41418549295984,13.342814507040158,0.018823102023049557,0.01930894328443214,0.020204857990670507,-46804800.0,1.8723672998088758,0,0,-1,0,0,0.010608203677510508,0.9974298640698238,0.35240583660459796,0.3065199720603489,0.04127443881245485,-0.008959338387318994,0.8714659559232406,0.020166898470097297,0.0
2004-10-18,14.38,14.38,0.0,-0.0013802624689583467,0.0014064699927516034,-0.558959632596058,0.0,13.932999999999998,13.886,14.018333333333334,0,18,10,14.0126497588004,14.057630620968744,61.63793103448277,-0.0357442775873853,-0.11691664367922648,14.446052629105182,13.325947370894816,0.017157305662197295,0.018783337922290623,0.018154858324086028,-46804800.0,1.7641199213341219,0,0,-1,0,0,-0.006258692628651017,-0.7101323444632068,0.2971733079740058,0.29817624560441797,0.058130978660779986,0.01054111033028815,1.4608297988983021,0.017385257301808066,0.0
2004-10-19,14.11,14.38,0.009749380844003473,-0.0006908463141778537,-0.013442013504096042,-0.0011968420246103843,-0.018954586428178096,13.946000000000002,13.881,14.007,1,19,10,14.030349802654872,14.061009290583664,59.33609958506221,-0.024038027374958304,-0.09834092041837285,14.43056059002122,13.331439409978781,0.017467712473970425,0.019280385254837242,0.018296687236944373,-49393400.0,0.8333930931661514,0,0,-1,0,0,0.003477051460361539,-0.7358374851209126,0.36682989576828795,0.3060666273948962,0.03673769287288753,-0.0070372976776919005,0.7608656872844247,0.030474840538625196,0.0
2004-10-20,14.26,14.11,-0.02953801243686387,-0.01461912565724273,-0.009302392662313448,-0.08229549439409442,0.010574649121427322,13.972999999999999,13.895,14.007000000000001,2,20,10,14.07210438399035,14.07384740086859,62.69841269841269,-0.002626714218500581,-0.07919807917839841,14.468906282464165,13.321093717535835,0.01772541206668871,0.019039506835956947,0.018250797164034115,-47009300.0,1.2719846816550269,0,0,-1,0,0,-0.00708717221828488,-0.9406231165148832,0.3550738753265649,0.302242801039538,0.05084745762711851,0.02002861230329045,0.2715508716444913,0.02454417952314163,0.0
2004-10-21,14.5,14.26,0.010649727916658148,0.016690234440378947,0.012147344794544759,-0.07140459289636432,0.016690234440378947,14.035,13.926499999999999,14.026000000000002,3,21,10,14.149903586901194,14.101341116941585,62.845849802371525,0.033323764342467754,-0.05669371047422518,14.560626834398661,13.292373165601337,0.017909623141793785,0.01922300880235527,0.01794755765275058,-44789500.0,1.80878640956378,0,0,-1,0,0,-0.007012622720897591,-1.066260507914889,0.2388087846782634,0.3051558044486257,0.02545968882602545,0.045421773612112526,-1.2694632060642979,0.028965517241379305,0.0
2004-10-22,14.5,14.5,0.023727561160955098,0.0013783599701213596,0.018297484441578037,0.5980599689588011,0.0,14.104,13.960999999999999,14.031666666666668,4,22,10,14.213557480191886,14.127061044880838,56.68202764976955,0.06111033570114621,-0.03313290123915091,14.641801385365065,13.280198614634932,0.017679873748212636,0.019167630554661013,0.017195630446578215,-44789500.0,1.5834280352146262,0,0,-1,0,0,0.0,0.5112356418615871,0.21499956348069305,0.3042767020199765,0.008344923504867818,0.04996379435191889,-0.754766478935973,0.012413793103448256,0.0
2004-10-25,14.64,14.5,-0.009005949335595245,0.015716073389178766,-0.004192878260036039,-0.1958135379567056,0.00960885910663689,14.209,14.026,14.045,0,25,10,14.29109248379336,14.16015388069498,65.86538461538461,0.09335211855252012,-0.007835897280816701,14.705392917862197,13.346607082137803,0.01608992021020785,0.017155133863067495,0.017223936379160313,-41470500.0,1.8074960272828182,0,0,-1,0,0,-0.008965517241379364,-0.04532738898295002,0.22093002218001573,0.2723293074581963,0.018080667593880273,0.09745127436281864,-1.3173752033651447,0.032103825136612064,0.0
2004-10-26,14.9,14.64,0.019297635372142893,0.010118130165584686,0.018731036706063346,0.2807584911067513,0.01760370441824803,14.338000000000003,14.079000000000002,14.062000000000001,1,26,10,14.401802941285476,14.207885888392077,69.52789699570815,0.13828967356653088,0.021389216888652814,14.855711014470122,13.302288985529882,0.01622613816419466,0.01568112093182419,0.01741040778375643,-37075700.0,2.114042377936645,0,0,-1,0,0,0.0006830601092896028,1.264533483520388,0.11298419296524138,0.24893007758601748,0.05598866052445084,0.07658959537572252,-0.9376472584651235,0.023489932885906017,0.0
2004-10-27,15.24,14.9,0.008157761080212152,0.026491615446976285,0.007531702841003887,0.26962964198367595,0.022562337307086792,14.504999999999999,14.158000000000001,14.098333333333333,2,27,10,14.554202406506299,14.274473895592589,76.56249999999997,0.1990437161152112,0.05692011673396449,15.065642405819224,13.250357594180779,0.016126738351476107,0.01570496566817111,0.017496612823332442,-31320800.0,2.384198871852851,0,0,-1,0,0,-0.008724832214765154,2.3053536550070963,0.1404398945332484,0.2493086010407286,0.06872370266479666,0.11566617862371897,-0.9097373834317326,0.04199475065616801,0.0
2004-10-28,15.79,15.24,0.03198140651013218,0.03215711163453144,0.03748765597503448,0.1350159805334421,0.035453278009050515,14.669999999999998,14.266499999999999,14.146666666666668,3,28,10,14.778892878050607,14.372249773296293,82.56578947368418,0.2882493766178502,0.10318596871074165,15.395230539844714,13.137769460155283,0.014961741347677884,0.016962391215274354,0.018442741111262574,-24734000.0,2.6994928306087895,0,0,-1,0,0,0.0006561679790026107,2.544049065788662,0.21612529819280318,0.2692696127796157,0.08896551724137924,0.15932452276064613,0.20734304831002093,0.03673210892970235,0.0
2004-10-29,15.77,15.79,0.03226086221822148,0.0012650223065867022,0.021450286191703402,-0.28839081123022053,-0.001267427292603696,14.809000000000001,14.362500000000002,14.188666666666668,4,29,10,14.959094172950495,14.462427207277178,88.38028169014085,0.35325951659435795,0.15320067828746492,15.656565401421851,13.068434598578154,0.0152877308620721,0.01692238204698366,0.01839032101160349,-29670600.0,2.175315093740259,0,0,-1,0,0,-0.002533248891703556,1.0940190729014985,0.22259005812505592,0.26863448692285746,0.08758620689655161,0.13862815884476531,0.09609583798871917,0.017121116043119822,0.0
2004-11-01,15.46,15.77,-0.010210682201956903,-0.012082817906122544,-0.020137088366742904,0.006179465937059701,-0.01985335781567107,14.917000000000002,14.425,14.229666666666667,0,1,11,15.050167959686767,14.526786742291556,79.55271565495211,0.3754382927401192,0.1976482011779958,15.805884537266731,13.04411546273327,0.017700456411382837,0.017251138957780642,0.01840546678818282,-34637800.0,1.499039162316408,0,0,-1,0,0,-0.011414077362079882,1.015139234477838,0.34644018183376957,0.27385334108943343,0.05601092896174875,0.08796622097114715,-0.551498628454061,0.025226390685640396,0.0
2004-11-02,15.96,15.46,-0.010316016694615699,0.02900581657090653,0.008494007292004117,0.40371880512417596,0.03182954886238679,15.102,14.523999999999997,14.288,1,2,11,15.215591967016445,14.619252113756618,83.28690807799444,0.42842236758092866,0.2438030344585824,16.047132506244328,13.000867493755665,0.016648300202050118,0.01761743229827499,0.019147671157453996,-27200000.0,1.8855877530193672,0,0,-1,0,0,-0.0019404915912031781,2.3614026958978087,0.37799986210282777,0.27966806760451635,0.07114093959731549,0.14163090128755362,-0.7559508364628844,0.04511278195488726,0.0
2004-11-03,15.72,15.96,0.03627505586471172,-0.0012437812548705715,0.018692133012152546,-0.8624160025686419,-0.01515180502060222,15.248000000000001,14.610500000000002,14.346,2,3,11,15.307302518468,14.69026810641748,74.23312883435582,0.4459065018000157,0.28422372792686906,16.200951442035525,13.02004855796448,0.018810352607540524,0.018244337243488076,0.019106922801538112,-30339800.0,1.39520135060523,0,0,-1,0,0,0.0025062656641603475,-0.5339471308393867,0.41636284902789356,0.28961987508877873,0.03149606299212593,0.12365975696926368,0.34309364009559384,0.026081424936386776,0.0
2004-11-04,16.2,15.72,-0.00689874169115659,0.00867415599816348,0.0038240964384034758,0.10754616284451872,0.03007745523727774,15.418000000000001,14.726500000000001,14.423666666666668,3,4,11,15.469611151473817,14.787670164067967,76.0,0.4928139402702385,0.32594177039554295,16.427215329377066,13.025784670622938,0.019838154471572295,0.018722442742126318,0.01955899265672153,-26843500.0,1.732800280620402,0,0,-1,0,0,0.010814249363867679,-0.30506332752896637,0.39268165552279377,0.2972095645878746,0.02596580113996194,0.1671469740634004,0.3026284450163829,0.030246913580246927,0.0
2004-11-05,16.17,16.2,0.01623006912004081,0.0030797683720797608,0.019528179620401178,0.10683241760624897,-0.0018535686493227213,15.585000000000003,14.844500000000002,14.502333333333333,4,5,11,15.596954578478577,14.876852734128098,75.35410764872526,0.5215555067039421,0.3650645176572228,16.60394339284638,13.085056607153627,0.019963848850917863,0.01861943430928959,0.019521868617688627,-30734000.0,1.5067265083824555,0,0,-1,0,0,-0.003086419753086464,-0.11504439992276137,0.3933274271418893,0.2955743564105037,0.025364616360177727,0.1708906589427952,0.32244100104308826,0.014223871366728534,0.0
2004-11-08,16.14,16.17,-0.0006193868268626595,-0.0006151953439181438,0.0012468829545633521,-0.44028887049453114,-0.0018570107472127711,15.735,14.972,14.595666666666666,0,8,11,15.695690109664291,14.958346106119835,80.8510638297873,0.535737013092696,0.39919901674431746,16.71819707093028,13.225802929069717,0.02038623316649752,0.017916787763680737,0.018110352066657058,-33238900.0,1.3377642414412614,0,0,-1,0,0,-0.001855287569573354,-1.0775022886379495,0.33878316435386163,0.284420188294946,0.043984476067270295,0.1876379690949228,0.30893348857914643,0.012391573729863648,0.0
2004-11-09,16.02,16.14,0.004327672905782028,0.0006151953439181098,-0.006049413508820583,-0.13699918479882575,-0.0074627212015896,15.847,15.092499999999998,14.668333333333333,1,9,11,15.754655544270783,15.026839905725009,76.99386503067487,0.5311699652423751,0.425593206443929,16.77438960148344,13.410610398516557,0.020870086165387856,0.018216348885171672,0.017301769878690466,-35423100.0,1.1029261363908065,0,0,-1,0,0,0.00433705080545231,-1.1911923526023316,0.2768762927542644,0.2891755736745177,0.003759398496240518,0.17707567964731807,1.685380681972364,0.019151061173533136,0.0
2004-11-10,15.58,16.02,-0.008674155998163567,-0.011753924370243378,-0.02559879744196117,0.3939532620483312,-0.027849901197610914,15.881,15.193000000000001,14.732333333333333,2,10,11,15.722899990767004,15.062527653742752,65.606936416185,0.48643885977283574,0.4377623371097104,16.72540231078671,13.660597689213294,0.022734961837393396,0.019774609732607355,0.01800854497256198,-38661900.0,0.5050892931652133,0,0,-1,0,0,0.0031210986267166487,-0.4702554108137918,0.3306915089272139,0.31391219775501916,-0.008905852417302795,0.1481208548268238,0.7261817841471286,0.03337612323491653,0.0
2004-11-11,15.89,15.58,-0.024568164827159424,-0.010006337399725725,0.006410278360919019,-0.6151871828730726,0.019701940106022435,15.891,15.2805,14.808,3,11,11,15.753281810627549,15.11591296640451,68.4350132625995,0.47057900380925943,0.44432567044962024,16.75862790558271,13.802372094417288,0.020543072310453762,0.01828333929271678,0.018163262575112537,-36911200.0,0.8246918249739993,0,0,-1,0,0,0.006418485237483931,-1.3239856725884518,0.2682744047006241,0.290239013426065,-0.01913580246913571,0.12376237623762365,-0.015411714928834095,0.016362492133417228,0.0
2004-11-12,16.0,15.89,0.01141420128444019,0.005640879890085706,0.003189795368100081,-0.08608231037516623,0.006898741691156522,15.914000000000001,15.361500000000001,14.879666666666667,4,12,11,15.798139663240722,15.172950839539705,68.1818181818182,0.46156539581717837,0.4477736155231319,16.809086375933624,13.913913624066376,0.02061373796756907,0.018103366765585764,0.01803490951663055,-35304900.0,0.8821580675463272,0,0,-1,0,0,-0.001887979861548215,-1.2702175653972547,0.27917970108511025,0.28738203812839,-0.010513296227582014,0.11265646731571621,-0.4222743837228688,0.018750000000000044,0.0
2004-11-15,16.1,16.0,0.0025188930194839864,0.013656326447485555,0.002798627955635368,0.7907016749109782,0.006230549750636163,15.978,15.447500000000002,14.942666666666668,0,15,11,15.853023360833317,15.23276046279521,66.75977653631287,0.4572206557001124,0.449663023558528,16.8533355822107,14.041664417789303,0.01922070007964578,0.018057192067222765,0.017596504504748253,-31763100.0,0.9282735595209975,0,0,-1,0,0,-0.006249999999999978,-0.0987935381898469,0.2852842203073094,0.2866490375159986,-0.0024783147459727095,0.11961057023643962,-0.8081637837854021,0.02956521739130429,0.0
2004-11-16,15.83,16.1,0.00564441761967691,-0.009290868937845517,0.005447533583023088,-0.32787526877906636,-0.01691239809749664,15.965,15.5335,15.004333333333333,1,16,11,15.84883729522726,15.271292045840681,58.40455840455841,0.4270677036915842,0.4451439595851393,16.798182610484673,14.268817389515329,0.017430738775286357,0.017918430718386565,0.017620294946396633,-34314800.0,0.4688923490240299,0,0,-1,0,0,-0.006832298136646037,-0.7192873198028727,0.30674727809161495,0.28444626939234774,-0.011860174781523014,0.12189936215450037,-0.3996471054599579,0.015161086544535705,0.0
2004-11-17,15.6,15.83,-0.01385412587091594,-0.004365457509639963,-0.019777359137848068,0.03519266698556107,-0.014635959637429493,15.953,15.6005,15.058,2,17,11,15.803594150640484,15.292499010625153,47.02194357366771,0.3802291492268779,0.432160997513487,16.71406185279452,14.48693814720548,0.017384910054450465,0.018445712065830233,0.017944089932907203,-36957900.0,-0.0008980192680736049,0,0,-1,0,0,-0.0037902716361339545,-0.674351810160008,0.24779015642864186,0.2928166012901417,0.0012836970474967568,0.09396914446002813,-0.04007416961921418,0.0307692307692308,0.0
2004-11-18,15.83,15.6,-0.0044486886206846505,-0.006269613013595374,0.005141399500418652,-0.22119697751879783,0.014635959637429367,15.916,15.667000000000002,15.123,3,18,11,15.808395214160395,15.327176493810628,50.882352941176485,0.35754675870066244,0.41723814975092216,16.65569611104685,14.678303888953153,0.014758432111883072,0.01837903951745333,0.017912423310386186,-34839300.0,0.32972719964967034,0,0,-1,0,0,0.0064102564102563875,-0.999377688721944,0.22371381572063134,0.2917582073964604,-0.0037759597230963005,0.09172413793103451,-0.35560116856380214,0.018951358180669658,0.0
2004-11-19,15.34,15.83,0.009508787969027356,-0.00314960890289622,-0.022691411202070765,0.3461219581941344,-0.031443077953810614,15.833000000000002,15.709,15.174000000000001,4,19,11,15.723232447949414,15.328003816790588,48.3240223463687,0.29661272898695223,0.3931130655981282,16.549172914533045,14.868827085466954,0.017326048550667925,0.020013616008020572,0.01898336419599143,-37834100.0,-0.8783906113066833,0,0,-1,0,0,0.0012634238787112807,-0.41312594036298317,0.2934042892495631,0.31770630475418227,-0.04125000000000001,0.0579310344827586,0.17450456924637,0.0391134289439374,0.0
2004-11-22,15.35,15.34,-0.041874072471058996,-0.02297484589451237,-0.009143312317947839,-0.10336645270672457,0.0006516780940959621,15.754,15.744500000000002,15.232666666666667,0,22,11,15.6553720028677,15.329422925384744,40.12944983818769,0.24628991107465303,0.3637484346934332,16.44245113688055,15.046548863119456,0.017396530073002615,0.019957443299545536,0.018630757237499667,-35133400.0,-1.1304516295028857,0,0,-1,0,0,-0.009126466753585435,-0.5737352934848936,0.27827399709823014,0.316814590651619,-0.04658385093167716,0.04849726775956276,0.3431273923399251,0.02467752442996743,0.0
2004-11-23,15.59,15.35,0.0032840752011900187,0.015375062641409143,0.007174161698067063,0.12048239203874359,0.015514209036478955,15.710999999999999,15.779,15.298666666666668,1,23,11,15.64348618416448,15.346234349553471,47.89644012944982,0.22320177839607425,0.33563910343396147,16.359522450718863,15.198477549281137,0.01851234265188347,0.019877779530355483,0.01873748099703024,-32086900.0,-0.6511376080837542,0,0,-1,0,0,-0.006514657980456003,-0.3175704654122338,0.31646931527712685,0.31554996752094544,-0.01516108654453574,0.04630872483221471,-0.620127645496408,0.03271327774214239,0.0
2004-11-24,15.95,15.59,0.04111047749520404,0.01951588536818195,0.03866460990596803,-0.11461229230015872,0.022829146161168302,15.748000000000001,15.814499999999999,15.378000000000002,2,24,11,15.699215968861846,15.385186972162925,45.79124579124579,0.23128712426446718,0.3147687076000626,16.340516809816652,15.288483190183348,0.01784707520337491,0.01989258524190348,0.01897245772332873,-29370300.0,0.5151926610376967,0,0,-1,0,0,0.019243104554201456,-0.4506571375390572,0.3410500614379365,0.3157850009053816,0.022435897435897356,0.046587926509186195,-1.5328355639837483,0.01379310344827579,0.0
2004-11-26,15.7,15.95,-0.0012594460103069487,-0.007509422022131459,-0.008251395594566635,-1.1330267832761716,-0.015798116876591176,15.729,15.810000000000002,15.43,4,26,11,15.699358519977874,15.4054974900879,42.63322884012536,0.21504302630649086,0.2948235713413483,16.338433633734947,15.281566366265057,0.017535118622422057,0.018614119920620963,0.018053673263221326,-30245200.0,-0.4163247491365292,0,0,-1,0,0,-0.005015673981191227,-1.5719423092240508,0.35241929920498055,0.29548999310577856,-0.008212255211623498,-0.005699810006333128,-0.3344876599218352,0.014649681528662448,0.0
2004-11-29,15.62,15.7,0.0,0.0018826488146165888,-0.007677580899034194,0.8572250725500655,-0.005108567942722466,15.690999999999999,15.802499999999998,15.471333333333332,0,29,11,15.684929698163714,15.419336361695132,41.97530864197529,0.19348376977181836,0.2745556110274423,16.337540578883313,15.267459421116683,0.017337710090392717,0.018646180572919297,0.017941417715660286,-32307000.0,-0.6821912475532061,0,0,-1,0,0,0.010828025477707002,-0.6617981200679375,0.24853730952062977,0.29599894018288997,0.018252933507170832,-0.009511731135066648,0.10282855321369005,0.024327784891165112,0.0
2004-11-30,15.73,15.62,-0.00695545010858463,-0.003139720004667641,0.005763704716750134,0.03811389791481231,0.00701757265864654,15.654,15.815999999999999,15.516333333333334,1,30,11,15.693124298497583,15.439379177069641,45.51083591331271,0.18316259989682848,0.25627700880131954,16.32777297598303,15.304227024016967,0.01738269506542939,0.018137135376667477,0.01794801673018034,-30165100.0,-0.33608652287591595,0,0,-1,0,0,0.008962868117797732,-0.528829869908139,0.24770360241340125,0.2879180982106437,0.024755700325733043,0.017464424320827954,-0.299623819353295,0.015257469802924362,0.0
2004-12-01,16.32,15.73,0.0,0.03400636798519494,0.0057306747089850745,0.969997657166976,0.03682163246577451,15.702999999999998,15.834,15.590000000000002,2,1,12,15.807101698770749,15.496193423710311,60.94674556213016,0.22005441723241326,0.2490324904875383,16.390470077692935,15.277529922307064,0.020514775154934127,0.018636599238419548,0.018509858374552,-24514900.0,1.746724646956415,0,0,-1,0,0,0.001907183725365503,2.9126598275378037,0.3387916193581896,0.29584684121300325,0.046824887748556865,0.022556390977443552,0.2610412177508347,0.04289215686274506,0.0
2004-12-02,16.3,16.32,0.02876996425753364,0.0180727810596946,0.028170876966696224,-0.3454465828920866,-0.0012262417232442964,15.773,15.863,15.658,3,2,12,15.896719571721523,15.548051912503194,56.63430420711974,0.24485507848129195,0.24819700808628906,16.453845959085427,15.27215404091457,0.019647283954348,0.018252032219665062,0.01851265776302284,-28514700.0,1.479234962278269,0,0,-1,0,0,-0.0061274509803922435,1.1740478137946602,0.32023963777166886,0.28974202904863194,0.021943573667711602,0.03689567430025442,1.352256070467861,0.0337423312883436,0.0
2004-12-03,16.12,16.3,0.004306373926686818,-0.016857714081526594,-0.021211026031636403,-0.30301647324548664,-0.011104370734234353,15.802000000000001,15.859,15.712,4,3,12,15.9373160132267,15.584951789115891,51.8987341772152,0.2471364503602551,0.24798489654108227,16.44126056746118,15.276739432538822,0.019855118688552987,0.017162786649268468,0.018578660769001224,-31468900.0,0.896505841493047,0,0,-1,0,0,-0.0006134969325154333,0.19147698426221327,0.30307780687573943,0.27245079167294345,0.026751592356688114,-0.004938271604938205,1.619524601913064,0.03784119106699748,0.0
2004-12-06,15.85,16.12,-0.024232313387767858,-0.02770260254933571,-0.002525253867194071,-0.16817792418634034,-0.016891236755192746,15.853,15.843,15.757,0,6,12,15.921440374458207,15.602051673689061,46.24624624624622,0.2245690186373892,0.2433017209603437,16.406563847780777,15.279436152219223,0.01761821686026121,0.017561120787277326,0.018941887268567423,-33965800.0,0.024841905766541,0,0,-1,0,0,-0.013647642679900783,-0.1945069817304179,0.33788644505024756,0.2787741500802157,0.01472471190781044,-0.019789734075448484,1.2976359159106245,0.01261829652996841,0.0
2004-12-07,15.73,15.85,-0.00441223533326506,0.003738322110607158,-0.008251395594566635,0.19100125532708606,-0.007599783253103095,15.891000000000002,15.8225,15.793333333333333,1,7,12,15.886633033647623,15.6103064044188,48.427672955974856,0.1947561417190471,0.2335926051120844,16.370179314542835,15.274820685457165,0.01795022670580587,0.017624687841234856,0.018998724227785972,-36988200.0,-0.337788912393787,0,0,-1,0,0,-0.0012618296529968186,0.31105230508502685,0.34304982019071534,0.27978324577830765,0.0,-0.025402726146220633,1.8685184808862565,0.024793388429751987,0.0
2004-12-08,15.64,15.73,-0.0037974729179738325,-0.013776047544118293,-0.008320047994695606,-0.11863123142943267,-0.005737981953021432,15.896,15.803500000000003,15.818000000000001,2,8,12,15.841790663893509,15.61222212026275,50.65789473684212,0.1619995442278217,0.2192739929352319,16.34869045440847,15.258309545591537,0.017490537749012405,0.01759661323894007,0.01883435018624255,-39672500.0,-0.5997903986686665,0,0,-1,0,0,0.0025429116338206706,-0.056569934529857535,0.09256791278923152,0.27933757528333336,-0.04166666666666663,-0.02372034956304614,-0.39107815858791806,0.01918158567774929,0.0
2004-12-09,15.72,15.64,-0.014692056035445645,-0.005690815231754848,-0.009686869418221174,-0.17875900956338997,0.005102051883895552,15.873,15.8105,15.834000000000001,3,9,12,15.819646906821962,15.619175531858701,48.0968858131488,0.14087116107397968,0.20359342656298146,16.347135718841006,15.273864281158993,0.01574199162973644,0.016496418681615287,0.01842558020286688,-37427600.0,-0.3372865309653823,0,0,-1,0,0,-0.006393861892583211,-0.4544525088895047,0.12797048177211828,0.2618725281285243,-0.03558282208588959,0.00898587933247752,0.7465356007954218,0.022900763358778588,0.0
2004-12-10,15.71,15.72,0.0025706955031008917,0.006321133563370733,0.007112865423048291,-0.11681464194538829,-0.0006363347335306891,15.874,15.801499999999999,15.831333333333333,4,10,12,15.799711105581604,15.625035174964593,57.676348547717865,0.12191449437426094,0.18725764012523738,16.33855924401141,15.264440755988586,0.014917384592347323,0.0158572395375941,0.01720717156434857,-39425000.0,-0.34074453059057225,0,0,-1,0,0,-0.008905852417302835,-0.7278265312221499,0.12956785571927834,0.2517258737787291,-0.025434243176178706,-0.01132787916928879,-0.330507894719577,0.02227880330999361,0.0
2004-12-13,15.92,15.71,0.008309411824927695,0.0044011388237513915,0.010256500167189061,0.4702101263977473,0.013278728148707003,15.904,15.7975,15.836333333333334,0,13,12,15.821581813657675,15.644065163676556,60.919540229885065,0.12242520286451608,0.1742911526730931,16.329502176488628,15.265497823511373,0.015331135099363085,0.01607888487782745,0.01737739637972286,-36228500.0,0.4605244317176935,0,0,-1,0,0,0.0,0.44158087567637394,0.13543700684902601,0.2552443844758116,0.00441640378548902,-0.0050000000000000044,0.7390518754512178,0.016331658291457274,0.0
2004-12-14,16.01,15.92,0.012021656958656082,0.009987598628348412,0.01267444089672786,0.2883622727852697,0.005637346592386483,15.932000000000002,15.793000000000001,15.854666666666668,1,14,12,15.855839665719916,15.6676738627942,58.536585365853696,0.1286096587715324,0.16515485389278098,16.31566926243457,15.270330737565429,0.015286691211720115,0.016066975484868067,0.01697675270441122,-31963600.0,0.8303530189979927,0,0,-1,0,0,-0.001256281407035149,1.4725699156440892,0.11412475861866206,0.25505532872359393,0.017800381436745116,-0.005590062111801242,0.09587291644991537,0.013741411617738952,0.0
2004-12-15,15.82,16.01,0.0012570711900511137,-0.0068557451445544725,-0.011399743464727425,-0.5160523554085287,-0.011938564669115586,15.882,15.7925,15.85,2,15,12,15.84932336286175,15.677501355517157,47.16157205240177,0.11683269791496009,0.1554904226972168,16.315039346289076,15.269960653710925,0.009297439618936063,0.015835926409839295,0.016085080697588062,-34509200.0,0.10525523176502179,0,0,-1,0,0,-0.005621486570893293,-0.2770244809194584,0.14870263559806693,0.25138753836452815,0.011508951406649537,-0.0006317119393556281,-0.7508549683125118,0.018331226295828125,0.0
2004-12-16,15.78,15.82,-0.011370937426979809,-0.010056652952942068,-0.0038289772370972393,0.25308062376721513,-0.0025316469217797305,15.830000000000002,15.8015,15.852,3,16,12,15.836719115068703,15.684114171290243,51.92307692307693,0.10308342433314266,0.145009023024402,16.316221181549782,15.286778818450218,0.009277861168634043,0.01547621963916261,0.01584672343156028,-37787900.0,-0.08354037397593272,0,0,-1,0,0,-0.00505689001264223,0.434813415698405,0.14957026237156115,0.24567737040382825,0.003816793893129722,0.011538461538461497,0.014470385896931203,0.012040557667934063,0.0
2004-12-17,15.8,15.78,0.0038046970436640664,0.005040968456774736,0.007643349312568066,0.42434812963917806,0.0012666246151929834,15.798000000000002,15.8,15.838666666666667,4,17,12,15.830042912328938,15.691590676368293,54.455445544554486,0.09273190315840729,0.13455359905120307,16.31454629989536,15.285453700104641,0.008931555252860827,0.015121309570447859,0.014783102653055305,-32776100.0,0.0,0,0,-1,0,0,0.0012674271229405165,1.8653178875647156,0.1490301733700967,0.2400433477261558,0.005728835136855404,-0.0018951358180668842,-0.1867388649414796,0.009493670886075972,0.0
2004-12-20,15.58,15.8,-0.0031695747612790672,-0.00504096845677474,-0.012771565679487505,-1.033553879949191,-0.014021899590318989,15.771,15.812000000000001,15.819,0,20,12,15.784580564632765,15.68439127789292,46.478873239436616,0.06601510562084023,0.1208459003651305,16.291368004991664,15.332631995008336,0.008443332304294388,0.013698267729853374,0.014977786185749225,-34559000.0,-0.9679411123987525,0,0,-1,0,0,-0.003164556962025361,-1.0320439707928373,0.13354669680963016,0.21745325883344002,-0.021356783919597944,0.015645371577575062,-0.1243593055314768,0.017329910141206648,0.0
2004-12-21,15.71,15.58,-0.012136846521396459,-0.0018969338599995832,-0.00386349482504459,0.27897865023851576,0.008309411824927695,15.769,15.829999999999998,15.804666666666668,1,21,12,15.771020461972263,15.686043453512733,31.73652694610786,0.05470120321253802,0.10761696093461201,16.26091090787479,15.399089092125207,0.00870633836349361,0.01379958687793777,0.015076187993976203,-32202400.0,-0.5569596768474728,0,0,-1,0,0,-0.0012836970474967633,-0.4992173601361441,0.14685817439296914,0.21906165044672146,-0.01873828856964399,0.02345276872964175,0.15815858857652113,0.01909611712285173,0.0
2004-12-22,15.83,15.71,0.014039796667482615,0.010702022194000002,0.013457428342328962,-0.11190730775647852,0.007609421625390929,15.788,15.842000000000002,15.798333333333334,2,22,12,15.781744014340942,15.695330972640944,36.723163841807924,0.05478630869648704,0.09705083048698702,16.257874474987982,15.42612552501202,0.008771484458851482,0.013472809561614634,0.015098255562963743,-30095300.0,-0.057709721186177794,0,0,-1,0,0,0.004455760661998632,-0.6715209325962703,0.14412622526469165,0.2138742213681928,0.0006321112515803584,0.015394483643361045,-1.0271367952675887,0.016424510423246986,0.0
2004-12-23,15.69,15.83,0.003163558475192716,-0.004392853000735216,-0.003187761704872813,-0.463145702776954,-0.00888330714797964,15.785000000000002,15.829000000000002,15.802,3,23,12,15.76506328446077,15.694987038922173,37.57225433526012,0.043060550215859195,0.08625277443276146,16.246909584780962,15.411090415219045,0.009187654120198063,0.012559483905722318,0.01430428726888743,-31421300.0,-0.665215659376934,0,0,-1,0,0,0.0,-1.242186779197415,0.1578655994109682,0.1993756260591567,-0.005703422053231932,-0.016300940438871425,-0.44326141603160985,0.01529636711281072,0.0
2004-12-27,15.65,15.69,-0.00888330714797964,-0.005676458004805191,-0.0006387735764947879,0.4827426550231653,-0.002552649758778978,15.779,15.8265,15.794000000000002,0,27,12,15.744142687286082,15.692084649314292,43.33333333333337,0.030192100691541768,0.07504063968451752,16.248239505530933,15.404760494469064,0.009218702198606338,0.012071931012013253,0.013824670894065883,-33570100.0,-0.8370095648393212,0,0,-1,0,0,0.0,-0.6442965878741214,0.15657425391612956,0.19163596381269213,-0.009493670886076,-0.0031847133757960666,-0.07348027085421054,0.01022364217252397,0.0
2004-12-28,15.88,15.65,-0.0012755103770117529,0.004417804597608984,-0.0019187725746223636,-0.0937012737456447,0.014589538832827431,15.775,15.839500000000001,15.790000000000001,1,28,12,15.768844016870432,15.704208220326276,54.6583850931677,0.03811349094238636,0.06765520993609128,16.250325869117322,15.42867413088268,0.00944517102923403,0.012445536853871269,0.01403815937252908,-31613500.0,0.1971638255741581,0,0,-1,0,0,0.001277955271565468,-0.8096933689034043,0.14939836869161213,0.19756677268819556,0.019255455712451797,0.016645326504481472,-0.44683780840605053,0.016372795969773396,0.0
2004-12-29,16.12,15.88,0.01771077286292414,0.024876904755404695,0.020906684819313643,0.5586661688073976,0.015000281259492598,15.785999999999998,15.859,15.790666666666668,2,29,12,15.832690559257626,15.731033496434257,63.63636363636361,0.06303066574356286,0.0667303010975856,16.284695715393546,15.433304284606454,0.010511397141038503,0.012781552546668669,0.01426899726060658,-28192700.0,1.2262279866205021,0,0,-1,0,0,0.004408060453400409,0.4502505320593115,0.16869032515513066,0.20290085644673753,0.026098026734564073,0.024793388429752206,-0.48787442552623383,0.02047146401985123,0.0
2004-12-30,16.36,16.12,0.014317082399492061,0.006123717850528984,0.009981367958029353,-0.3279666503418874,0.014778594096118683,15.84,15.861,15.808333333333334,3,30,12,15.928565003028966,15.771611980535273,66.6666666666666,0.10097966975310335,0.07358017482868914,16.29608740803514,15.425912591964858,0.010351215538733692,0.010136274089892032,0.014145434273694147,-25728400.0,2.293791963566522,0,0,-1,0,0,0.003722084367245578,-0.3302109446828472,0.18254574647076247,0.1609083627758513,0.03348073278584951,0.002450980392156854,-0.7752235583982731,0.016503667481662567,0.0
2004-12-31,16.28,16.36,0.011063419544255354,0.0030478536242533358,0.008037137544648928,-0.09730868565261333,-0.0049019706002066685,15.89,15.86,15.831,4,31,12,15.992462275205519,15.804411207597514,64.321608040201,0.12317926355256859,0.08349999257346503,16.29091090787479,15.42908909212521,0.010527196521380093,0.010195794423216541,0.013882988632541022,-27964200.0,1.9493588689662122,0,0,-1,0,0,0.0,-0.5088712828781714,0.16243861666836432,0.16185321877542125,0.03760356915232643,-0.0012269938650306678,-0.6373740634883759,0.011670761670761748,0.0
2005-01-03,16.07,16.28,-0.001223241742744094,0.0012165451622042649,-0.014888612493750524,0.37023320872543036,-0.012983180824973031,15.916999999999998,15.857500000000002,15.839,0,3,1,16.00656004334997,15.821545968397675,53.76884422110554,0.1224162186541129,0.09128323778959462,16.282600607286028,15.432399392713975,0.011700161462747515,0.010309315239767755,0.013892132632234027,-31201800.0,0.9997633329985757,0,0,-1,0,0,0.0036855036855036067,0.6306742078956069,0.21172501373123026,0.1636553058707622,0.026837060702875393,-0.0031017369727047717,-0.8086045017929004,0.02800248911014308,0.0
2005-01-04,15.61,16.07,-0.021027367192075617,-0.025863510589919238,-0.02852808361453805,0.09039550106092809,-0.029042445222080614,15.920000000000002,15.845499999999998,15.848,1,4,1,15.93445821728634,15.807897841404278,41.52542372881353,0.08372817813646982,0.08977222585896966,16.284804474199603,15.406195525800392,0.01448217699899418,0.011581863467946292,0.013715121836356325,-34745700.0,-1.072149335283095,0,0,-1,0,0,-0.004355942750466726,0.9027652118698675,0.2976082037471378,0.18385638272933993,-0.01700251889168769,-0.015141955835962118,-0.3126532646223541,0.030749519538757236,0.0
2005-01-05,15.61,15.61,-0.025959039170096097,-0.02526982218807634,-0.008395270490059715,-0.04015910301977795,0.0,15.91,15.839500000000001,15.856666666666667,2,5,1,15.875465814143368,15.795130238733035,45.16129032258063,0.05246286800855948,0.08231035428888762,16.28861491906357,15.390385080936431,0.014204110808531761,0.01146859428045759,0.013715671705400731,-34745700.0,-1.0220101370870622,0,0,-1,0,0,-0.001281229980781523,0.7159865229987759,0.25505265531844135,0.1820582901215312,-0.03163771712158814,-0.0076287349014622086,-0.16403287082384282,0.013452914798206332,0.0
2005-01-06,15.49,15.61,0.0012820514576555744,0.013977355889904326,0.0045292862935938155,-0.11173202855417717,-0.007717080098563391,15.876000000000001,15.831999999999999,15.853333333333332,3,6,1,15.805381120662755,15.775444416879292,43.555555555555586,0.017796737646140315,0.06940763096033817,16.29976512324614,15.364234876753859,0.014048740450725183,0.01152560643459748,0.013496259756092978,-37790200.0,-1.4622723371363318,0,0,-1,0,0,0.0,0.2951482066653744,0.17450842019129778,0.1829633300109046,-0.053178484107579416,-0.009590792838874651,-1.3006531882415528,0.0232408005164622,0.0
2005-01-07,15.56,15.49,0.00765798254284572,-0.003792672055738919,-0.003233109832147159,-0.06007049716525897,0.004508864321468358,15.863,15.824000000000002,15.840333333333332,4,7,1,15.760766371451343,15.76154477708063,44.78260869565217,-0.003982102240613017,0.05472968432014794,16.305112745293005,15.342887254706998,0.013969148329800889,0.011511307036718495,0.0128026211330251,-34923200.0,-1.0974558565860537,0,0,-1,0,0,0.015493867010974835,0.06434372371268413,0.20480642701925322,0.18273633410679005,-0.04422604422604426,-0.010178117048346036,-0.8805328892024604,0.022493573264781467,0.0
2005-01-10,15.66,15.56,-0.016020848908605407,-0.001267427292603696,0.0019411199883446481,-0.14799595831054319,0.006406171812411507,15.864,15.8215,15.839,0,10,1,15.742445213005643,15.754993501139944,51.834862385321095,-0.013022707824360324,0.04117920589124628,16.30561721068701,15.33738278931299,0.014127692628705302,0.01161312395311774,0.012547324346279677,-32450600.0,-0.6671937970179392,0,0,-1,0,0,-0.005141388174807203,-0.4117237189499389,0.2261082856745898,0.1843526275471012,-0.02551337896701933,-0.0031826861871420142,-1.5208137403874755,0.019157088122605297,0.0
2005-01-11,15.42,15.66,0.0025806465934914914,-0.010197666447606323,-0.005184716734186878,0.3210900946128756,-0.015444322427473631,15.817999999999998,15.7965,15.832333333333334,1,11,1,15.683818810640979,15.733381017195432,43.66812227074233,-0.03910269558570789,0.025122825595855446,16.30995168378155,15.28304831621845,0.013881818786159439,0.011634800612021563,0.012826238192270585,-35859400.0,-1.4665450007957639,0,0,-1,0,0,-0.008939974457215873,0.6404222844627852,0.1434367137889126,0.18469673383938692,-0.0121716848174247,-0.031407035175879394,-0.7124627136890546,0.014267185473411081,0.0
2005-01-12,15.27,15.42,-0.006464146619889238,-0.01030273118358621,-0.021675725479040394,-0.029381922790588752,-0.009775248904642443,15.733,15.7595,15.817,2,12,1,15.608579026888073,15.703485467698952,37.931034482758605,-0.07105593163136881,0.005887074150410596,16.313242292330063,15.205757707669937,0.012460416578143235,0.011643354750025429,0.012858341227385023,-39169500.0,-1.7679704323838392,0,0,-1,0,0,0.0,0.6228688260902839,0.14961668580489296,0.18483252657041946,-0.021780909673286386,-0.046221111805121895,0.22093181678407187,0.025540275049115834,0.0
2005-01-13,14.98,15.27,-0.013712261863981895,-0.0038910554929665647,-0.011352375675829892,0.06156781283811888,-0.019174141141467635,15.594999999999999,15.717500000000001,15.772333333333334,3,13,1,15.494291931090242,15.656808985911924,35.627530364372475,-0.11841466720410843,-0.01897327412049321,16.370456837454142,15.064543162545862,0.010854027842721185,0.012053246788377527,0.011047628263914394,-42689800.0,-2.2589548273221007,0,0,-1,0,0,-0.003929273084479288,0.8057740623655305,0.18321055114519755,0.19133936095760945,-0.032924467398321444,-0.053097345132743334,0.2762662329899825,0.03337783711615487,0.0
2005-01-14,14.98,14.98,-0.008583743691391555,-0.015057567636562314,-0.0026899814472090243,0.13069380515736484,0.0,15.465,15.6775,15.728333333333332,4,14,1,15.400784307255652,15.61314389004664,36.21399176954731,-0.15416963476446988,-0.04601254624928855,16.40777392120982,14.94722607879018,0.01115181993375878,0.012067894114068525,0.011055885034435217,-42689800.0,-1.9102421152996276,0,0,-1,0,0,0.006675567423230951,1.294011041011201,0.1680860158902082,0.19157188004451273,-0.037275064267352165,-0.05069708491761715,0.4025777049478335,0.020694259012016054,0.0
2005-01-18,15.0,14.98,0.00463116937556808,0.002635047638005032,0.008716112840364778,0.2535939846440688,0.0013342230131366622,15.358,15.6375,15.691,1,18,1,15.32791443320917,15.57358621972105,30.18018018018013,-0.17883042547683914,-0.07257612209479866,16.424924181813353,14.850075818186646,0.01139554039692053,0.012069024105030541,0.0109663991481013,-37520000.0,-1.619203511205116,0,0,-1,0,0,0.011348464619492652,2.5502039706109216,0.14356094315101536,0.19158981809492823,-0.04214559386973182,-0.05063291139240511,0.07433850939719855,0.01466666666666659,0.0
2005-01-19,14.39,15.0,-0.032877835496872704,-0.02666824708216118,-0.04995907137441392,0.2345219537922118,-0.04151668020293358,15.235999999999999,15.578,15.642333333333335,2,19,1,15.157384536262049,15.497225818448726,16.60231660231655,-0.24477457289562743,-0.10701581225496443,16.54343636166255,14.61256363833745,0.014238726063674958,0.014611909476837525,0.012771025467100303,-44056200.0,-2.461063301892171,0,0,-1,0,0,-0.022666666666666658,2.906660500545719,0.27319434814798144,0.231956871933,-0.06679636835278857,-0.07637997432605903,-1.1481396445524277,0.03822098679638643,0.0
2005-01-20,14.06,14.39,-0.021372754252875333,-0.021168424437478434,-0.01627202510821553,-0.1734991707925968,-0.023199634516757602,15.081,15.495500000000002,15.586666666666668,3,20,1,14.957860075123493,15.404501572097196,7.08955223880595,-0.3199755479628177,-0.1496077593965351,16.672301642275507,14.318698357724497,0.014645905336006574,0.01490747685525727,0.013253799887373767,-49551300.0,-2.4396634886135384,0,0,-1,0,0,-0.0027797081306463463,1.7406412437977157,0.27742321768908124,0.2366488586067718,-0.07924034053700058,-0.10502864417568425,-0.40145398682213573,0.03342816500711242,0.0
2005-01-21,13.84,14.06,-0.019705071079332333,-0.02445109586416431,-0.017992568865880524,-0.01433308994921422,-0.015770936192995348,14.916,15.395999999999997,15.526666666666667,4,21,1,14.754612788737404,15.303565986800603,6.737588652482259,-0.3927971033805555,-0.19824562819333919,16.773173306373835,14.01882669362616,0.014704019012631804,0.014741820304430595,0.013430052606009863,-54968200.0,-2.2597010743651715,0,0,-1,0,0,0.0007112375533428014,1.4866643569646485,0.2763559208364282,0.23401914238755508,-0.07610146862483314,-0.1257106759317751,-0.5967006918025416,0.026734104046242848,0.0
2005-01-24,13.79,13.84,-0.016481920936774187,-0.012811563134200279,-0.012422519998557096,-0.060322372827879306,-0.0036192583843130685,14.738999999999999,15.300999999999998,15.462333333333333,0,24,1,14.579228645330604,15.20591656829734,7.142857142857125,-0.4493633122875522,-0.2484691650121818,16.84482846060974,13.757171539390255,0.013949707308600172,0.014746138183843793,0.013320338598632969,-60068000.0,-1.9574713623341573,0,0,-1,0,0,0.0,1.1484084924489217,0.2644566401267382,0.23408768659826604,-0.07943925233644866,-0.1210962396430848,-0.6503201597337406,0.026105873821609952,0.0
2005-01-25,14.25,13.79,0.005763704716750134,0.035881443309165956,0.023256862164267183,0.010435962889892255,0.03281321490944922,14.597999999999999,15.231,15.413666666666668,1,25,1,14.51936889163413,15.144244531632998,24.436090225563916,-0.45186546100628,-0.28914842421100145,16.834022145823063,13.627977854176937,0.01941351336741324,0.017210424950035056,0.014982321465705679,-54914700.0,-1.2239381752225402,0,0,-1,0,0,0.009427121102248063,1.078991652436192,0.4390821547442935,0.273207026253204,-0.050000000000000044,-0.08945686900958472,0.9779943437356134,0.038596491228070226,0.0
2005-01-26,14.39,14.25,0.03736775965216743,0.0006908463141777716,0.02272825107755609,-0.04923949181107792,0.009776614184616991,14.495000000000001,15.1565,15.362666666666666,2,26,1,14.495847274973379,15.09558359410829,28.214285714285737,-0.437508278822877,-0.31882039513337657,16.77097759189653,13.542022408103469,0.020149938998298485,0.01695652520828624,0.014861220890980506,-50009000.0,-0.9495331540645165,0,0,-1,0,0,0.014035087719298196,0.8008937331402705,0.3543288774396013,0.26917649280553857,0.0,-0.09382871536523929,0.7847558274506001,0.016678248783877705,0.0
2005-01-27,14.3,14.39,-0.0034662079764861725,-0.005540180375615356,-0.00422238487984825,-0.42475010434959665,-0.006273983633414852,14.398,15.0655,15.305666666666667,3,27,1,14.460238679523671,15.044255620294852,28.51985559566789,-0.4284534121114021,-0.3407469985289817,16.656308797932084,13.474691202067914,0.020121985103235995,0.016297686711509534,0.014773846424130675,-53217000.0,-0.9624035283122443,0,0,-1,0,0,0.0006949270326615557,-0.5896189384254604,0.3015967770984104,0.25871775590577784,0.017069701280227667,-0.11290322580645162,1.119001905520664,0.015384615384615429,0.0
2005-01-28,14.23,14.3,-0.006269613013595374,-0.0041753714104806215,-0.0063671951933925814,0.03570167611495383,-0.004907125164100618,14.323000000000002,14.959,15.252666666666666,4,28,1,14.418377101428458,14.99172299963067,25.992779783393516,-0.42206052893732426,-0.3570097046106503,16.468003156496025,13.449996843503973,0.019626328622038766,0.015556556224407877,0.01469477925688483,-56541600.0,-0.9662007622207635,0,0,-1,0,0,0.0006993006993006843,-0.5470373917625971,0.2660860171452214,0.24695267415826297,0.028179190751445038,-0.13019559902200484,1.5549639865821805,0.017568517217146872,0.0
2005-01-31,14.48,14.23,0.00973582099008165,0.014538158446027285,0.0196773741803447,-0.08699497050250435,0.01741597485580935,14.273,14.869000000000003,15.209333333333335,0,31,1,14.429581264805101,14.958708612557723,29.794520547945226,-0.39229903324324766,-0.3640675703371698,16.256051397370175,13.48194860262983,0.020865763668068017,0.016487049849789295,0.015186661293788066,-53494000.0,-0.5609020700134696,0,0,-1,0,0,0.015460295151089168,-0.8531588893093621,0.2619200352105891,0.26172380253400374,0.05003625815808577,-0.11056511056511065,0.5415813956548005,0.012430939226519439,0.0
2005-02-01,14.55,14.48,0.002073972399129172,0.0006870491510383883,0.0,0.06205192049141228,0.004822606659931159,14.228,14.792999999999997,15.167666666666667,1,1,2,14.451475580295082,14.932340314973356,34.181818181818215,-0.3589269322493909,-0.363039442719614,16.064751382521973,13.521248617478024,0.020979155018801765,0.01655686298173833,0.01523308686726692,-50251300.0,-0.3821501644733586,0,0,-1,0,0,0.0,-0.680343516267771,0.1592934362522232,0.26283205164630585,0.021052631578947434,-0.09458618543870567,0.26953459395881507,0.013058419243986341,0.0
2005-02-02,14.55,14.55,0.0055096558109697,0.013642776403786479,0.006243516639685241,0.13970696788799988,0.0,14.244,14.74,15.133333333333333,2,2,2,14.46938911115052,14.907673197878301,36.15384615384619,-0.32869036386674644,-0.35616962694904053,15.95549643312786,13.52450356687214,0.01623832670314596,0.01560085517178783,0.015088570468482821,-50251300.0,-0.3126294653305871,0,0,-1,0,0,0.0006872852233676829,-0.25772626851775177,0.15262953710544175,0.2476558981469187,0.011118832522585054,-0.06790518898142206,1.2281630702121635,0.020618556701030855,0.0
2005-02-03,14.6,14.55,0.0,-0.002713705871596162,-0.0006918021721775698,-0.25721249556424797,0.0034305350967892222,14.298000000000002,14.6895,15.096333333333332,3,3,2,14.493136545486788,14.887823314144217,41.94915254237287,-0.2972663816425474,-0.3443889778877419,15.834695455622374,13.544304544377628,0.013844194959975622,0.015659015065072043,0.014997011523428236,-47368100.0,-0.1563051958695749,0,0,-1,0,0,0.0006872852233676829,-0.9694045579042336,0.13283057511714794,0.24857915783036721,0.020979020979020824,-0.06470211402946824,1.1179771502733367,0.0184931506849316,0.0
2005-02-04,14.8,14.6,0.003428182994068191,0.014165498250368695,0.006896579059060459,-0.11666944255737294,0.013605652055778678,14.394,14.655000000000001,15.062000000000001,4,4,2,14.548929900852826,14.88215729387685,46.484375000000014,-0.253304385522247,-0.32617205941464295,15.738571094016754,13.571428905983248,0.012270265607578344,0.01606301319304729,0.015175668979752345,-44802400.0,0.2676335697780396,0,0,-1,0,0,0.0006849315068493004,-1.1991494568077017,0.11741673396595494,0.25499242929091614,0.04005621925509484,-0.044544867656552634,0.4973723184418517,0.025675675675675608,0.0
2005-02-07,14.84,14.8,0.006821308850738173,0.004677589551110997,0.010256500167189061,0.03748478784974491,0.0026990569691649835,14.499,14.619,15.033666666666669,0,7,2,14.601851737061402,14.87943746846544,46.899224806201545,-0.2127836833137824,-0.3034943841944709,15.620722726632385,13.617277273367614,0.011829637339981743,0.016028404909963198,0.015145866996121868,-42138700.0,0.4412398643344413,0,0,-1,0,0,-0.006081081081081071,-1.0964570865450172,0.08263686250554605,0.2544430398288555,0.024861878453038555,-0.046272493573264795,1.5907902923491435,0.02021563342318064,0.0
2005-02-08,14.76,14.84,0.008124621536494583,-0.0013342230131366103,-0.0020429016298001822,-0.33544412094644527,-0.005405418566907935,14.55,14.574000000000002,15.004,1,8,2,14.6306059666866,14.871731825338639,59.02439024390241,-0.18499357550585316,-0.27979422245674734,15.452045676787664,13.695954323212339,0.008173464404231447,0.015909343010032686,0.015159958890982652,-44043300.0,0.4236681642360126,0,0,-1,0,0,-0.0006738544474393387,-1.6542035782210684,0.11057722388801135,0.2525529907618216,0.014432989690721598,-0.05747126436781613,0.8275490180117326,0.021002710027100305,0.0
2005-02-09,14.33,14.76,-0.004731336977514314,-0.007370217617009804,-0.026944635243452055,0.43604051871886773,-0.029565577332245917,14.544,14.519499999999999,14.952333333333334,2,9,2,14.575950336379945,14.836781384994211,56.27906976744184,-0.1954145044255,-0.2629182788504979,15.307100620137703,13.731899379862295,0.012816959982460468,0.016756900250700445,0.015616610846600739,-46988900.0,-0.4812083565065423,0,0,-1,0,0,0.0,-0.775710314886686,0.2561424266407747,0.26600754484601563,-0.015120274914089404,-0.07068741893644614,-1.2842654338983321,0.04117236566643404,0.0
2005-02-10,14.55,14.33,-0.028867984000852127,-0.014223064013558185,0.003495284928642142,-0.21843574766224344,0.01523575177742108,14.569000000000003,14.483500000000001,14.9,3,10,2,14.571232093401772,14.818279360155877,66.51162790697674,-0.18380224640612752,-0.24709507236162384,15.188109634365935,13.778890365634068,0.013512125565441891,0.01720082326152196,0.015626387948011806,-44621300.0,0.18875699892988762,0,0,-1,0,0,0.0006978367062107318,-1.1655033408371445,0.2869402015873621,0.27305460417337224,-0.003424657534246478,-0.047151277013752435,-1.1641646195943898,0.022680412371134023,0.0
2005-02-11,14.48,14.55,0.00833338155914446,-0.007531702841003893,0.002091321779997527,0.32870678337248693,-0.004822606659931196,14.594,14.4585,14.837333333333333,4,11,2,14.554644440055995,14.796454885307112,65.89861751152075,-0.17819375654586622,-0.23331480919847233,15.123292013378487,13.793707986621515,0.01350750838038827,0.01676197401002263,0.015245369110332634,-47910300.0,0.06468188416023891,0,0,-1,0,0,-0.0061855670103092685,-0.4352287635141713,0.2576080743595427,0.26608808827828784,-0.021621621621621623,-0.03337783711615483,-0.733295455993452,0.013121546961326055,0.0
2005-02-14,14.26,14.48,0.0013821702269516739,-0.0006875215121283215,-0.014731939530831382,0.11194867780764019,-0.015309971971420418,14.572,14.4225,14.770000000000001,0,14,2,14.501072723682178,14.761844892706653,50.25906735751294,-0.1893188000280439,-0.22451560736438667,15.04502034420295,13.799979655797049,0.013235314650311516,0.01702962521592901,0.015382764540317352,-51588900.0,-0.5220712913665757,0,0,-1,0,0,0.0,-0.11892234992270426,0.25848114765585883,0.27033691945189675,-0.03908355795148244,-0.04806408544726304,0.23651044650462125,0.027349228611500617,0.0
2005-02-15,14.3,14.26,-0.015309971971420418,-0.014548230265292734,0.0035273405179684406,-0.4077103277560583,0.0028011222797117733,14.547,14.3875,14.711,1,15,2,14.464514046649054,14.732048448015902,47.54098360655738,-0.19268663979296363,-0.21814981385010207,14.949034551591236,13.825965448408763,0.013143491673116807,0.017049396812907618,0.015346899093565536,-49142000.0,-0.31164600558255007,0,0,-1,0,0,0.0,-0.9758007219930157,0.2696704717451219,0.2706507838236647,-0.031165311653116423,-0.046666666666666634,-0.1749150468257161,0.009090909090909146,0.0
2005-02-16,14.3,14.3,0.002101576955626091,0.008339172718360668,0.0014074597678797698,0.17033699515038822,0.0,14.522000000000002,14.383000000000001,14.667333333333334,2,16,2,14.43460240180377,14.704174354595521,50.0,-0.19312940154846459,-0.21314573138977458,14.945891033672297,13.820108966327705,0.013143491673116807,0.014453762031132866,0.014620845264654785,-49142000.0,-0.2949061009499795,0,0,-1,0,0,-0.0006993006993008086,-0.5564789185638154,0.17692541164945416,0.22944635906211228,-0.002093510118632236,-0.006254343293954134,0.17241279331502726,0.01608391608391599,0.0
2005-02-17,14.23,14.3,-0.002803085227116476,-0.010434877292579508,-0.008474626990972345,0.1441894178538851,-0.004907125164100618,14.485,14.391499999999999,14.621333333333332,3,17,2,14.397401965112175,14.67358246075065,50.0,-0.19685943538484452,-0.20988847218878856,14.938771701980528,13.84422829801947,0.01304873461814412,0.013492380244819921,0.014615676514906629,-52493300.0,-0.5902004412636127,0,0,-1,0,0,-0.003496503496503546,-0.055152827591551275,0.10888276105985921,0.21418489633268575,-0.021993127147766356,0.012091038406827792,-1.0171288478120746,0.014054813773717572,0.0
2005-02-18,14.09,14.23,-0.0007020007308297824,-0.003502630551202112,-0.004976903269753086,0.39346770586243807,-0.009887086191172244,14.414000000000001,14.404000000000002,14.574666666666667,4,18,2,14.341510698728143,14.635931979411898,38.036809815950924,-0.20870650536622826,-0.2096520788242765,14.907938174987487,13.900061825012516,0.01187490838574326,0.013181180954092193,0.014644829025005563,-57460300.0,-1.2461846138479162,0,0,-1,0,0,0.00070274068868586,1.661922425124932,0.11566188846975249,0.20924476074401419,-0.026933701657458564,0.018063583815028927,-0.3244883822355169,0.015613910574875845,0.0
2005-02-22,13.79,14.09,-0.016997576368571136,-0.01627202510821553,-0.02015907000178923,-0.24515265780447565,-0.021521634105378457,14.309000000000001,14.404000000000002,14.515666666666668,1,22,2,14.241236026232118,14.58135572267565,29.56989247311826,-0.23954160001983205,-0.21562998306338763,14.907938174987487,13.900061825012516,0.01258441535542781,0.014068176371601297,0.014940111823285359,-61347400.0,-2.4368068563777685,0,0,-1,0,0,-0.006387508871540089,0.6460658211446558,0.15085896983417135,0.22332537647671216,-0.03295932678821889,0.0,-0.9870005376489902,0.019579405366207368,0.0
2005-02-23,14.09,13.79,-0.003577821347884078,0.007107350458652018,0.0029048676926299857,-0.367973496876815,0.021521634105378377,14.242,14.396,14.463333333333333,2,23,2,14.213738566917186,14.549655353470769,39.351851851851855,-0.23703870722684606,-0.21991172789607932,14.915084213834156,13.876915786165846,0.015595155001949326,0.0128069835311973,0.015555210019671252,-58657000.0,-1.1789994449639196,0,0,-1,0,0,0.011602610587382172,-0.6629338972090815,0.2518298416586719,0.2033045608106873,-0.014685314685314754,-0.011228070175438587,0.8672391105339153,0.023420865862313702,0.0
2005-02-24,14.12,14.09,0.0050053733390694214,0.0014154284033307597,0.012252405529016085,-0.18040546325493537,0.0021269061545070417,14.221,14.382500000000002,14.419999999999998,3,24,2,14.19669519111406,14.521935653246848,38.78504672897197,-0.2299832931328929,-0.22192604094344207,14.916082726777192,13.848917273222812,0.013037906926959638,0.012594744562115656,0.015419527183609397,-56410700.0,-0.983914908885781,0,0,-1,0,0,-0.0049680624556423195,-1.200994786738827,0.25379602711159543,0.19993537162644673,-0.012587412587412694,-0.018763029881862514,0.724270680836621,0.01274787535410763,0.0
2005-02-25,14.23,14.12,0.002137514173310838,0.01055233147334932,0.0035752630146890477,-0.11854012224535244,0.007760180036664982,14.189000000000002,14.379000000000001,14.385333333333334,4,25,2,14.202750610911503,14.503101094972859,36.097560975609774,-0.21305972604351986,-0.22015277796345764,14.915770067405358,13.842229932594645,0.012147256408686259,0.012670108271155557,0.015480343318217762,-54415500.0,-0.555172536800491,0,0,-1,0,0,-0.0049575070821528695,-1.398851513956765,0.2618775696521974,0.2011317334184408,0.0,-0.004895104895104918,-0.016857886749282982,0.01967673928320445,0.0
2005-02-28,13.85,14.23,0.005677800916681415,-0.009138903676202294,-0.02164586677469255,0.7556098216039184,-0.027067179468413586,14.126,14.36,14.347666666666667,0,28,2,14.138614136200319,14.460965540458481,29.28870292887035,-0.22768588030633552,-0.22165939843203325,14.943816842222242,13.776183157777757,0.014436364425896527,0.01397009301999682,0.015828401640180005,-58663100.0,-1.7471232863332071,0,0,-1,0,0,-0.0070274068868587235,1.547973967740532,0.3225757730331991,0.22176835154010524,-0.017033356990773574,-0.026704146170063336,-0.07788325531349341,0.032490974729241826,0.0
2005-03-01,14.2,13.85,-0.0207372465069126,0.01819504359122934,0.009437456615300417,-0.017742879800634367,0.024956731973867458,14.120000000000001,14.345999999999998,14.321666666666667,1,1,3,14.149775202345715,14.44412905397729,39.47368421052632,-0.2086301791697256,-0.21905355457957174,14.93112796621021,13.760872033789786,0.01657070372720004,0.014608030746609865,0.01661816972061825,-54490200.0,-0.49903613715686745,0,0,-1,0,0,-0.0007220216606498042,1.3110676138576247,0.3279649057082288,0.2318952989994894,0.029731689630166702,-0.019337016574585753,-1.1439945504607667,0.04084507042253522,0.0
2005-03-02,14.11,14.2,0.025679014417691447,-0.0069589703243034574,0.01648192093677425,0.13243443133675806,-0.006358198742492402,14.100999999999999,14.324000000000002,14.292000000000002,2,2,3,14.142543347373767,14.422572340817466,45.25862068965517,-0.1985024340721555,-0.2149433304780885,14.909918981285617,13.738081018714386,0.016632595596304624,0.014591858160241474,0.01662973635409291,-59254000.0,-0.7304764202396942,0,0,-1,0,0,0.0,1.7698824013014465,0.3028864374683266,0.23163856714996456,0.0014194464158978626,-0.03024054982817881,-0.2731908209906156,0.01771793054571226,0.0
2005-03-03,14.41,14.11,-0.006358198742492402,0.01042037911089303,0.0028388947384248714,-0.4903871380972188,0.02103864414670824,14.112,14.317000000000002,14.292666666666666,3,3,3,14.191171829669447,14.42176122205505,47.08333333333333,-0.1643738311145455,-0.20482943060537992,14.894839897694524,13.73916010230548,0.01809905793963987,0.015450938286579528,0.015454031556769627,-56336700.0,0.32188846900690543,0,0,-1,0,0,0.0,-0.2565896719026679,0.3380621250597519,0.24527604137337522,0.02053824362606238,-0.009621993127147843,-0.7171615400438794,0.024982650936849492,0.0
2005-03-04,14.77,14.41,0.036873742668442934,0.02119737487666303,0.029331711717468817,0.3522811143301765,0.024675686531857675,14.166,14.3255,14.316333333333331,4,4,3,14.296413315184092,14.444228239986984,55.39033457249068,-0.10704374240286363,-0.18527229296487668,14.925446488841194,13.725553511158806,0.019449287686336404,0.016449188489855767,0.015460957386987984,-52187400.0,1.4817988212867375,0,0,-1,0,0,0.01596113809854271,1.0351236221930873,0.36991756173910856,0.26112277207790685,0.037947997189037075,0.011643835616438336,-1.000119012050899,0.016926201760324982,0.0
2005-03-07,14.8,14.77,0.007485574252663312,0.0033772406297850163,0.008907218876313973,0.07523145468887871,0.002029084226781015,14.237,14.3255,14.348333333333333,0,7,3,14.387974530605165,14.467181256762018,60.79999999999999,-0.058513972131285286,-0.1599206287981584,14.925446488841194,13.725553511158806,0.01887118253419257,0.016168715041047017,0.015107523843413656,-47713900.0,1.581807740608681,0,0,-1,0,0,-0.0013540961408259698,1.2472473141999247,0.2321844353008254,0.25667039410847947,0.06859205776173294,0.0,-0.7395246424177814,0.011486486486486482,0.0
2005-03-08,14.8,14.8,0.002031832734226852,-0.0006745362818998383,0.0027247973261850357,-0.031380288015256226,0.0,14.338,14.323500000000001,14.382,1,8,3,14.462888252313316,14.488653433745114,60.16260162601624,-0.01982524645262629,-0.131901552329052,14.916450694674511,13.730549305325491,0.016632402338450276,0.016157321059352997,0.01507272964628333,-47713900.0,1.6072162636104725,0,0,-1,0,0,-0.0013513513513514425,0.9956616303494582,0.22006871170334252,0.2564895202564483,0.04225352112676073,-0.0026954177897573484,0.41665210277297604,0.008108108108108174,0.0
2005-03-09,14.49,14.8,0.0006763612026527606,-0.0006749915882333652,-0.014388737452099556,-0.2586068868928569,-0.021168424437478434,14.378,14.309999999999999,14.389999999999999,2,9,3,14.467817660983622,14.488740308987365,53.42960288808663,-0.01401698278469965,-0.10832463842018154,14.872625424612366,13.747374575387632,0.017917301850661912,0.016791847625286894,0.014484523374362084,-51061300.0,0.639857326476194,0,0,-1,0,0,-0.0006756756756757813,-0.1254234392732314,0.2937496386548513,0.2665623172187978,0.02693125442948263,-0.018292682926829285,-0.47696604521747915,0.022084195997239493,0.0
2005-03-10,14.25,14.49,-0.02464190393692887,-0.025300494815027268,-0.021626235228609587,-0.007105304884800726,-0.01670184961793147,14.391,14.306000000000001,14.385333333333334,3,10,3,14.428214449895691,14.473337708407536,50.34013605442176,-0.028451910306586115,-0.09235009279746247,14.86916399406365,13.742836005936352,0.01895706277541096,0.015885943398355692,0.014708189670416741,-54385000.0,-0.19887635072661222,0,0,-1,0,0,-0.004140786749482436,-0.17492897216756767,0.28829813329222626,0.2521815334421847,-0.011103400416377474,-0.005582693649685999,0.7110083991648738,0.018245614035087704,0.0
2005-03-11,14.19,14.25,-0.01747685168179808,-0.006252191259050051,-0.001411432838407736,0.14319511164467827,-0.004219415542708322,14.387,14.288,14.381666666666666,4,11,3,14.384902731732838,14.455057856252212,51.74825174825173,-0.044223412948445784,-0.08272475682765913,14.841252583411796,13.734747416588204,0.018864590428872903,0.01547754187210655,0.014683994384953287,-58220400.0,-0.3542685671548235,0,0,-1,0,0,-0.004912280701754406,0.3375631422168896,0.1626439122057344,0.245698360201098,-0.039268788083953954,-0.024742268041237248,-0.5037622094081006,0.013389711064129634,0.0
2005-03-14,14.25,14.19,0.001409443503233604,0.009708814126960903,0.0014114328384078085,-0.10650838179659251,0.0042194155427082896,14.427000000000001,14.276499999999999,14.382333333333333,0,14,3,14.360374962326866,14.441828317139167,58.778625954198475,-0.05128970803311006,-0.07643774706874931,14.822462211916996,13.730537788083002,0.016396007509921977,0.015496617781404477,0.014676871227835422,-54772500.0,-0.09707631561880853,0,0,-1,0,0,0.000704721634954178,-0.13203534040489157,0.1716280326500241,0.24600118087330647,-0.03716216216216217,-0.015883977900552515,-0.3650128292665004,0.021754385964912314,0.0
2005-03-15,14.29,14.25,0.01398624197473987,-0.006230549750636086,0.0049243856106781945,0.13486102829378474,0.0028030852271163373,14.435999999999998,14.278,14.376000000000001,1,15,3,14.34757951463107,14.432032941839868,54.237288135593204,-0.05305059782271293,-0.07176031721954204,14.823936182890153,13.732063817109848,0.014421348413744987,0.015128061048647926,0.014315808577213674,-50826800.0,0.04396118218972571,0,0,-1,0,0,0.01052631578947371,0.4420016911076468,0.18029230745385136,0.2401505241199525,-0.03445945945945961,0.0021037868162692153,-0.37091897775138805,0.01049685094471661,0.0
2005-03-16,14.19,14.29,-0.011173300598125189,-0.00347826437632492,-0.010582109330536972,-0.06868155025160494,-0.007022500769824673,14.443999999999999,14.272499999999999,14.364,2,16,3,14.318928693789056,14.41641791333407,51.440329218107,-0.06180285509009131,-0.0697688247936519,14.819717843660317,13.72528215633968,0.014458720137619663,0.015198326655043736,0.014331293916564774,-54510600.0,-0.30152525527369667,0,0,-1,0,0,-0.003498950314905454,0.061929747083869335,0.13300452540990215,0.2412659560414193,-0.020703933747412084,-0.007692307692307776,-0.717816121432475,0.017618040873854827,0.0
2005-03-17,14.32,14.19,-0.008462673918733767,0.0013927578853034758,-0.0007094714735336907,-0.30342324799545006,0.009119670360548221,14.434999999999999,14.273499999999999,14.356333333333334,3,17,3,14.3191234767365,14.41019740279639,51.836734693877546,-0.05758536029854788,-0.0673321318946311,14.821002463343879,13.725997536656118,0.012972981992862046,0.015344454221461147,0.014444663991644017,-51790900.0,0.16986224944451317,0,0,-1,0,0,-0.004933051444679372,-1.114857276880029,0.10391788635634028,0.24358565924400855,0.004912280701754312,0.0013986013986013734,-0.1020360506851862,0.01955307262569828,0.0
2005-03-18,14.5,14.32,0.03137238814201748,0.024743530383605366,0.02384404687519061,1.0411921335114491,0.012491487894029053,14.407999999999998,14.287,14.353000000000002,4,18,3,14.352010117329863,14.41599111874501,64.44444444444443,-0.039265837481258004,-0.061718873011956485,14.843231682134093,13.730768317865909,0.010643062005830855,0.01553609847344491,0.014624102946139505,-44087100.0,0.7658679174216868,0,0,-1,0,0,0.017458100558659217,3.172511565592099,0.1182318947947546,0.24662791742967274,0.021846370683580085,0.018973998594518537,-0.8075492097410775,0.02068965517241384,0.0
2005-03-21,14.31,14.5,-0.0075784034764947465,-0.01711784351696857,-0.01747685168179808,-0.6771027473301329,-0.01319005585816918,14.358999999999998,14.297999999999998,14.336666666666668,0,21,3,14.344371914178978,14.409152982051785,52.63157894736845,-0.03962215621436549,-0.05729952965243829,14.846475398862234,13.749524601137763,0.01110505551633015,0.01567313994312378,0.014569026142485942,-48001300.0,0.04375765996030148,0,0,-1,0,0,-0.0027586206896551137,0.10450633992803147,0.17144187853481752,0.24880338331811128,0.004210526315789442,0.015613910574875822,-0.350947897447773,0.020964360587002146,0.0
2005-03-22,14.12,14.31,-0.014629310015959155,-0.010413145117489869,-0.004240289038885416,0.1913839744352307,-0.01336636150326357,14.291,14.314499999999999,14.312666666666667,1,22,3,14.30357702069189,14.39049795095167,50.2283105022831,-0.05460648392589462,-0.05676092050712956,14.816515936001231,13.812484063998767,0.011454188517078722,0.015170522188752908,0.014719616254360288,-52741100.0,-0.7748757999567654,0,0,-1,0,0,-0.004192872117400454,0.7515020542361149,0.19631823586263478,0.24082457382256484,-0.011896431070678837,0.023930384336475763,0.47589324730923194,0.014872521246458985,0.0
2005-03-23,14.48,14.12,-0.007042282625412923,0.02413078134628903,0.0021223920241507334,0.18669682582441116,0.025176154892474403,14.290000000000001,14.334,14.303333333333333,2,23,3,14.335653926020637,14.396272276696724,51.55555555555555,-0.03700609698847934,-0.05280995580339952,14.829554978626284,13.838445021373715,0.013361425636054195,0.015456457481660614,0.015501244172661287,-47028400.0,0.5892383541568832,0,0,-1,0,0,0.0021246458923513552,1.3885117502091844,0.2695213154158012,0.24536365587910602,0.020436927413671757,0.02767920511000721,-0.003977150540105472,0.036602209944751336,0.0
2005-03-24,14.18,14.48,0.023053762868323707,-0.010959013789719543,0.0021178970147346914,-0.6624471352384486,-0.020935865853588954,14.282999999999998,14.337,14.298333333333334,3,24,3,14.307353212198702,14.382319226587258,36.52968036529684,-0.0467265220718307,-0.051593269057085764,14.82780385191217,13.846196148087829,0.013984202909409195,0.016230819402877524,0.015034810502850122,-49973800.0,-0.6397667801030021,0,0,-1,0,0,0.0,-0.8922581603784936,0.3143942850171761,0.2576562702888948,-0.009776536312849249,0.004249291784702569,0.72993462241141,0.023977433004231302,0.0
2005-03-28,14.2,14.18,-0.013908430046132,-0.006217636610870562,0.0,-0.3352643021099622,0.001409443503233604,14.284,14.3355,14.286666666666665,0,28,3,14.287834446344393,14.370556695839694,36.238532110091725,-0.05221430215626022,-0.05171747567692066,14.827861655695477,13.843138344304522,0.013927073029653793,0.016139058262441438,0.014748929927022794,-47867400.0,-0.5504084180097328,0,0,-1,0,0,0.007052186177715067,-1.607208567894279,0.29138560009109754,0.2561996073432135,-0.020689655172413834,-0.0021082220660576523,1.3306140429495237,0.017605633802816902,0.0
2005-03-29,14.03,14.2,-0.01197619104671565,-0.013956960684018428,-0.013489732426591612,0.4536281126268227,-0.01204407049284546,14.262,14.3445,14.271666666666668,1,29,3,14.240955456099957,14.348585296108102,33.61702127659575,-0.06948006373629667,-0.055269993288795866,14.805047728824611,13.883952271175389,0.014337120270426407,0.015161838699878815,0.014875055482122155,-51182900.0,-1.365765067619172,0,0,-1,0,0,-0.006338028169014075,-0.5507633682414012,0.28927081682924666,0.24068672771012534,-0.01956673654786867,0.012996389891696714,1.3148180958367741,0.01710620099786174,0.0
2005-03-30,14.4,14.03,0.0014164308317135062,0.020174597294889036,0.009957408019046203,0.452911470986682,0.026030312467585526,14.273,14.354500000000002,14.276333333333332,2,30,3,14.269872645899966,14.351902373778548,48.13278008298756,-0.05269990470371688,-0.05475597557178007,14.810499769158797,13.898500230841206,0.016835733333790674,0.015257262746665064,0.015427661703005743,-45968000.0,0.19956150453292862,0,0,-1,0,0,0.007127583749109154,0.9608864412237906,0.3400354588098277,0.2422015374914762,0.019830028328611915,0.014084507042253502,0.0545969475182619,0.027083333333333248,0.0
2005-03-31,14.24,14.4,0.014752638475038224,-0.012474174225175688,0.0042372944755152174,0.026099875673002777,-0.011173300598125189,14.278,14.361,14.274333333333335,3,31,3,14.264441255736335,14.344682865792835,49.78540772532189,-0.05171602050777935,-0.05414798455897993,14.805896203150958,13.916103796849043,0.017098169200783723,0.015411502355471311,0.015562734580154447,-51320800.0,-0.5439471011126789,0,0,-1,0,0,-0.004166666666666701,1.0277971874101655,0.2907876581495091,0.24465001537477948,-0.016574585635359185,0.009213323883770386,1.3169979660133344,0.010533707865168563,0.0
2005-04-01,14.0,14.24,-0.006997929187644554,-0.006295928456814812,-0.019929485236599712,-0.04126734351148828,-0.016997576368571136,14.246,14.3405,14.264333333333333,4,1,4,14.216361027420636,14.322445261548136,46.215139442231084,-0.0695011138527537,-0.05721861041773468,14.812827941381535,13.868172058618466,0.017602677550785362,0.015071177111413038,0.015863165687702383,-56457200.0,-1.4417948639839324,0,0,-1,0,0,0.0,0.7727221617995269,0.2770960790502087,0.23924751961084617,-0.012693935119887145,-0.0284524635669674,1.5221176673486636,0.024285714285714275,0.0
2005-04-04,14.03,14.0,-0.016997576368571136,-0.008456710018223398,-0.004322773302004027,0.027516832947156105,0.0021405644991108167,14.199000000000002,14.3035,14.257666666666667,0,4,4,14.182477204253246,14.303577825319223,45.56451612903224,-0.08025010591673265,-0.06182490951753428,14.749359312244328,13.857640687755671,0.016931962323175197,0.013782278459773189,0.015849264580693044,-51177500.0,-1.2268443990696518,0,0,-1,0,0,0.0,0.8260583345647807,0.27778367256122166,0.2187868878264131,-0.011971830985915477,-0.050101557210561976,1.4720182550105847,0.019957234497505427,0.0
2005-04-05,14.3,14.03,0.006407996295330256,0.013356964836063554,0.017180093277241366,-0.5971949527899686,0.019061643151492082,14.197999999999999,14.2785,14.264666666666667,1,5,4,14.20384498529811,14.303346997879274,50.184501845018474,-0.06621868823561528,-0.06270366526115048,14.658321287614996,13.898678712385003,0.017884717112081474,0.014592261606899621,0.016135772130610664,-48271800.0,0.11321113745364789,0,0,-1,0,0,0.004276550249465467,-0.9510537170592074,0.2969398535599129,0.23164497166711298,0.0192444761225945,-0.03378378378378377,0.15194870118490622,0.016083916083916114,0.0
2005-04-06,14.22,14.3,0.01758750926088535,0.012491487894029053,0.007072165261362312,0.08234586607978596,-0.005610112890766788,14.208000000000002,14.249499999999998,14.279,2,6,4,14.206782260698454,14.297969772209644,50.55762081784388,-0.06085254973063137,-0.06233344215504666,14.539652410039672,13.959347589960323,0.017406084312045444,0.014613257322973031,0.01564790431691857,-51426900.0,-0.20334140940592735,0,0,-1,0,0,0.0027972027972027374,-0.7054804670141752,0.222259951195987,0.23197826832708077,-0.012499999999999956,-0.03918918918918923,1.0021895549243875,0.021800281293952214,0.0
2005-04-07,14.53,14.22,-0.006295928456814812,0.005502077153983338,0.0021119332031435513,0.25130034164102727,0.02156605320709671,14.213,14.251500000000002,14.293666666666667,3,7,4,14.265549122389643,14.31293946432515,53.65853658536584,-0.03122548908164724,-0.056111851540366776,14.549088553824944,13.95391144617506,0.016855000957651974,0.014805105300357242,0.015649967997416123,-47370400.0,1.8717117739940106,0,0,-1,0,0,0.0021097046413501657,-0.051994394363228724,0.26078715530077273,0.23502376055321697,0.020365168539325795,0.002760524499654915,-0.11792488320578288,0.024776324845147933,0.0
2005-04-08,14.46,14.53,0.022893819865852497,0.0,0.002808990611054952,0.07222032948029339,-0.004829260851572751,14.241,14.262,14.305000000000001,4,8,4,14.300903827409707,14.322427240820303,49.27536231884059,-0.013241604082226743,-0.047537802048738774,14.573843415496741,13.95015658450326,0.015313352166770265,0.014328719458445731,0.01568623338092017,-51730700.0,1.2698680822527753,0,0,-1,0,0,0.0034411562284928227,0.14133598241864243,0.2084723822764126,0.22746136975835704,0.03285714285714292,0.01473684210526316,0.41139123788148485,0.022130013831258663,0.0
2005-04-11,14.35,14.46,-0.008264509849893424,-0.004123717183862041,0.0035001785822096204,-0.7591009785055683,-0.007636274524988597,14.256,14.270000000000001,14.309,0,11,4,14.309830404244305,14.324206128509317,50.746268656716396,-0.007775692996270678,-0.039585380238245156,14.582275182287807,13.957724817712196,0.015618464709694711,0.014411483195269878,0.01570530622029255,-53771700.0,0.5123686065213274,0,0,-1,0,0,0.0,-1.4783876909142069,0.2316730944785595,0.22877520334962356,0.02280826799714908,0.01127554615926707,0.6035570502277947,0.014634146341463351,0.0
2005-04-12,14.64,14.35,-0.013226785241873644,0.008913326066426233,-0.011173300598125302,0.6752765417245594,0.020007566327535527,14.317000000000002,14.2895,14.335333333333333,1,12,4,14.369861239836249,14.344579926670008,59.35251798561152,0.01972923099410906,-0.02772245799177431,14.642560304971495,13.936439695028506,0.01592435451371591,0.015048732604708119,0.015242362662123532,-49762000.0,1.9854965005386196,0,0,-1,0,0,-0.005574912891986068,-0.0765004085195486,0.23558129737865122,0.23889122411260175,0.023776223776223793,0.02736842105263171,0.5933985746065946,0.03408469945355195,0.0
2005-04-13,14.72,14.64,0.026280903974331395,0.016920877488337177,0.03055106956445989,0.3418588903507903,0.005449604767564685,14.349,14.311000000000002,14.352666666666666,2,13,4,14.433522832593294,14.368800576562267,54.800000000000004,0.04743560470743269,-0.012690845451932912,14.713146870263035,13.908853129736968,0.013968271152062624,0.015072983199935597,0.01461396832389985,-44118100.0,2.034082720735754,0,0,-1,0,0,0.0006830601092896028,1.019312200350214,0.21721279561624332,0.23927619037730494,0.035161744022503605,0.030090972708187724,0.12261600836399676,0.021059782608695687,0.0
2005-04-14,14.94,14.72,0.03091644082157187,0.03300629646817008,0.010906720251134655,0.9220396916442668,0.014835066403940887,14.419,14.348500000000001,14.380333333333333,3,14,4,14.525609590303604,14.405652152267926,65.70247933884298,0.08615215841778934,0.007077755322011537,14.834310229355621,13.862689770644382,0.01361704023909328,0.015212890353539848,0.014746289395261463,-29927000.0,2.4351072260646567,0,0,-1,0,0,0.02649456521739122,3.5889689279049253,0.19176861197685197,0.2414971475877595,0.02821748107364086,0.052854122621564414,0.10205396744961368,0.043507362784471246,0.0
2005-04-15,14.8,14.94,-0.007306575182438139,-0.017027261410280707,-0.0013568523112899083,-0.881568579916811,-0.009414998934601761,14.498999999999999,14.372499999999999,14.393333333333334,4,15,4,14.575498755702949,14.431093948895803,61.81102362204728,0.10433575852228216,0.026529355962065664,14.898172501607755,13.846827498392242,0.012444259159946658,0.01536151870276113,0.014424444381389213,-35804000.0,1.6264879699527879,0,0,-1,0,0,0.004016064257028146,0.38147493495020873,0.20932987261446653,0.24385654948664093,0.023513139695712226,0.033519553072625774,0.017712363434551376,0.02770270270270271,0.0
2005-04-18,14.86,14.8,-0.00668898815079654,-0.0026455041884241655,0.006091389393401913,-0.31667294570002835,0.004045858519543575,14.581999999999999,14.3905,14.396333333333335,0,18,4,14.627226254666047,14.458765307031559,67.07818930041154,0.12217948215375429,0.045659381200403394,14.957578385001606,13.823421614998393,0.012399147873130767,0.015162900967297823,0.013712622826078597,-31522200.0,1.6558557420546753,0,0,-1,0,0,0.006756756756756733,-0.17061419764844363,0.18041055078451146,0.2407035906826246,0.03554006968641121,0.024827586206896513,-0.48370586739148264,0.018842530282637913,0.0
2005-04-19,14.85,14.86,-0.006058584671706045,-0.003981425299184922,-0.009491596681571396,0.3323231929551077,-0.0006731740409044372,14.637,14.4175,14.398,1,19,4,14.667730571999492,14.484006254965006,60.869565217391305,0.13396952793734052,0.06332141054779082,15.018827478867621,13.81617252113238,0.011577905262803336,0.014790072545354426,0.013709691363773636,-37491900.0,1.4384840713231781,0,0,-1,0,0,-0.0033647375504709917,0.45665670820069576,0.14117243816883943,0.23478512296567128,0.014344262295082011,0.037735849056603765,-0.0663297370819691,0.024242424242424204,0.0
2005-04-20,14.44,14.85,-0.0006754475096379668,-0.012713453272985072,-0.018563613174938823,0.1414276688629789,-0.027997731784028486,14.659,14.4335,14.386,2,20,4,14.626325013454128,14.481167141741459,54.3103448275862,0.1089734723212068,0.07245182290247403,15.018299560802651,13.84870043919735,0.015121984802673976,0.01587450678072672,0.014620241699846903,-44368500.0,0.02222983885650554,0,0,-1,0,0,-0.0033670033670032953,0.7605310234120548,0.25359034723735546,0.2519999827656687,-0.01902173913043481,0.022662889518413554,-0.6929943646293286,0.03047091412742379,0.0
2005-04-21,14.97,14.44,-0.0027063615977430252,0.016694878572170054,0.021284703289299583,-0.5692011794248129,0.036046064966856854,14.703,14.457999999999998,14.402,3,21,4,14.688811374644287,14.512704745500073,68.58237547892723,0.13042700741032043,0.0840468598040433,15.090142555540675,13.825857444459322,0.017822867473110363,0.0169380156618409,0.01562396557308335,-40476500.0,1.6198877785156707,0,0,-1,0,0,0.02216066481994462,-0.364734991334218,0.3733216915890095,0.26888266286488877,0.002008032128514081,0.03383977900552493,0.7535187507801013,0.02538410153640608,0.0
2005-04-22,14.5,14.97,0.004056800695614469,-0.015348983348814974,-0.01989774051495078,-0.17836229300848153,-0.031899549005008264,14.706999999999999,14.473999999999998,14.410333333333334,4,22,4,14.65448203379987,14.51188508450007,57.7049180327869,0.10825610746691261,0.08888870933661717,15.092568806536693,13.855431193463303,0.020862332631797927,0.01782999097876943,0.016420038930055482,-43732700.0,0.0840650214664815,0,0,-1,0,0,-0.010020040080160345,-0.620518140217627,0.4376616546242284,0.28304233205009427,-0.020270270270270285,0.02256699576868826,0.642318473161537,0.030344827586206862,0.0
2005-04-25,14.69,14.5,-0.019762142285749313,0.004026851079035445,0.006906104796411996,0.15772427061825298,0.013018340759257223,14.741,14.498499999999998,14.427,0,25,4,14.660939845836257,14.523376369371034,56.56565656565655,0.10480875158570413,0.09207271778643457,15.110150915232241,13.886849084767755,0.020998724778571808,0.018025575080798596,0.016544934050411908,-39920200.0,0.6261741631737416,0,0,-1,0,0,0.002068965517241335,-0.44869736950542677,0.4523410051362138,0.2861471334162966,-0.01144010767160164,0.03450704225352119,0.3417410338322119,0.027229407760381238,0.0
2005-04-26,14.56,14.69,0.004120884952502861,-0.006046373811864673,0.0013755160353100982,-0.219804868627954,-0.008888947417245928,14.732999999999999,14.525,14.437333333333333,1,26,4,14.6425871465933,14.525739184250323,55.629139072847686,0.09054305963791265,0.09176678615673019,15.095742821610774,13.954257178389227,0.02028076281849007,0.017912719799346118,0.016636797645807635,-42980400.0,0.12264718424743999,0,0,-1,0,0,-0.006807351940095279,-0.7424760326681994,0.4545781155935095,0.2843556113631159,-0.019528619528619506,0.037776193870278085,0.6168412718109839,0.019917582417582357,0.0
2005-04-27,14.78,14.56,-0.006187713108165534,-0.0013486178712935292,-0.01036278703554666,0.14000912499180812,0.014996872751515752,14.738999999999999,14.544,14.453666666666665,2,27,4,14.667571301758153,14.542143107847076,54.266211604095574,0.09588426327268706,0.09259028157992157,15.12246985091725,13.96553014908275,0.020811126595973364,0.017272051968443943,0.016837100504147006,-39460300.0,0.8159457217201065,0,0,-1,0,0,-0.004120879120879155,-0.5211242466968702,0.41162607023506886,0.27418532484171787,0.023545706371191022,0.026388888888888795,-0.4040812232824807,0.02841677943166441,0.0
2005-04-28,14.58,14.78,0.010291686036547724,0.008064559836730274,0.011049836186584935,-0.13690956134288282,-0.013624188939543532,14.703,14.560999999999998,14.466666666666667,3,28,4,14.651649246893033,14.544585487985977,51.96078431372548,0.0830218528637765,0.09067659583669255,15.121559870504678,14.000440129495319,0.020577338199298488,0.01737285561273298,0.016989192684372604,-42530000.0,0.06778936916371103,0,0,-1,0,0,-0.008795669824086536,-0.6476076945794519,0.30908904194783116,0.27578553308594467,-0.02605210420841686,0.023876404494381998,-0.2534856595480997,0.026063100137174142,0.0
2005-04-29,14.88,14.58,-0.003418806748785609,-0.0006695681535722385,-0.007583628210098828,-0.05088702828452562,0.020367302824433733,14.711000000000002,14.604999999999999,14.485333333333333,4,29,4,14.693167565639753,14.566225133922368,58.15384615384618,0.09592997174153695,0.09172727101766144,15.116118484563339,14.093881515436658,0.021579940345256815,0.017327625542522755,0.01730221294405255,-39612600.0,1.0760714327713692,0,0,-1,0,0,0.001371742112482824,-0.6563531473072709,0.24404092665296823,0.2750675279805952,0.026206896551724146,0.06285714285714294,-0.5132259190710056,0.03225806451612906,0.0
2005-05-02,15.0,14.88,0.018996500690655085,0.011322132269779725,0.021226404613885374,0.36300980984490605,0.008032171697264253,14.725,14.6535,14.502,0,2,5,14.748955280977977,14.594210609153183,55.84415584415584,0.11452260081395416,0.09628633697691999,15.116727805727553,14.190272194272445,0.02168520138754728,0.017359261170706915,0.017221497921099106,-35418400.0,1.4960241838495951,0,0,-1,0,0,0.0,-0.1400154823104056,0.23636740955215055,0.27556972800906276,0.021102791014295574,0.06913756236635793,-0.28347035136815435,0.022666666666666658,0.0
2005-05-03,14.99,15.0,0.008032171697264253,-0.001988731182474519,0.010111309604320695,-0.06809577609210901,-0.0006668889877037677,14.739,14.687999999999999,14.524666666666667,1,3,5,14.792781593527437,14.619745408562656,54.48504983388704,0.12698665378164264,0.10242640033786451,15.143081253588392,14.232918746411606,0.0216851428197766,0.01697496278656371,0.017011889070253375,-39336500.0,1.3272355106639993,0,0,-1,0,0,0.0,-0.26951363481508267,0.21380720702433773,0.26946918028694145,0.029532967032966928,0.04825174825174816,-0.6294170849088436,0.01067378252168113,0.0
2005-05-04,15.5,14.99,0.0,0.028134011286796764,0.004016069654889965,0.5081933371414917,0.033456711810694637,14.845000000000002,14.752,14.570666666666666,2,4,5,14.921366758340628,14.676536027365065,58.484848484848506,0.1759885567759092,0.11713883162547345,15.283555809813539,14.220444190186463,0.02135888100809824,0.018245202332217627,0.017752798386907884,-32823500.0,2.814379924705883,0,0,-1,0,0,0.0006671114076050558,0.6798620218781165,0.2926836904431618,0.2896336079466211,0.048714479025710355,0.09001406469760886,0.1361046259742187,0.034193548387096734,0.0
2005-05-05,15.32,15.5,0.020456008567382264,-0.006472514505617479,0.01656215400200284,-0.5294482320664256,-0.011680859612755681,14.88,14.7915,14.598666666666668,3,5,5,14.993845529551422,14.718049832051191,57.78443113772455,0.19801581915858613,0.13331422913209598,15.369018284057056,14.213981715942943,0.019341404169035833,0.018104666020386146,0.017440472151116916,-36659200.0,1.8302450834536255,0,0,-1,0,0,-0.012258064516129,-0.36141680126063647,0.28325609606800994,0.28740266315893914,0.05075445816186552,0.054370268410185885,0.25202649435958197,0.01174934725848562,0.0
2005-05-06,15.29,15.32,0.001957586269517629,0.0051813587419975845,-0.007253576148891665,-0.19374827483010845,-0.0019601443714744008,14.959,14.833000000000002,14.635666666666667,4,6,5,15.047691796905706,14.7549498428866,56.49546827794561,0.21062389288679562,0.1487761618830359,15.429202014508855,14.23679798549115,0.015463723503557965,0.01805251055464512,0.016925496808658062,-39819300.0,1.5330374231508435,0,0,-1,0,0,0.0013054830287205987,-0.5960561005811511,0.27570963565897577,0.2865747208077581,0.027553763440860024,0.057399723374826905,1.3764695344722697,0.024198822759973905,0.0
2005-05-09,15.38,15.29,-0.007853443505570287,-0.0064809040840831155,0.00528054032303335,-0.12123428674178158,0.005868944136527187,15.028,14.8845,14.675,0,9,5,15.108111470195578,14.795275659474562,57.81710914454279,0.22528122822500407,0.16407717515142956,15.48297085845528,14.286029141544718,0.015232264081043393,0.017888636311187953,0.01693388766429489,-37020000.0,1.6558868088546237,0,0,-1,0,0,-0.0045781556572922506,-0.7606995790680743,0.2749004494548109,0.28397329784089903,0.02533333333333343,0.07177700348432059,1.5132404899143845,0.012353706111833633,0.0
2005-05-10,14.95,15.38,0.0006568144735307536,-0.008488461024077309,-0.0159260167709861,0.4873828995499194,-0.02835666424080262,15.067000000000002,14.9,14.705666666666668,1,10,5,15.079363930160017,14.805257874992334,57.47800586510263,0.1998955937666178,0.17124085887446722,15.487770094688114,14.312229905311886,0.018057979905878933,0.018759416687312225,0.017651191378164517,-41577400.0,0.17013454904176517,0,0,-1,0,0,-0.009752925877763352,-0.08245031782630284,0.364771056537174,0.2977965077715797,-0.0026684456304203463,0.021174863387978027,0.6254622158288192,0.020066889632107072,0.0
2005-05-11,14.9,14.95,-0.01855586707037508,-0.017196190938914283,-0.02987323294059891,0.20979287876858457,-0.003350086885281863,15.078999999999999,14.908999999999997,14.722333333333333,2,11,5,15.04675230649456,14.81137027015412,48.805460750853236,0.17373994746712462,0.1717406765929987,15.490645578463822,14.327354421536173,0.01759648818356148,0.018757809342941273,0.017076426860596544,-47198600.0,-0.030946680704653735,0,0,-1,0,0,0.0,0.3359178767244277,0.20424959576655705,0.297770991970719,-0.03870967741935483,0.012228260869565188,-1.0564196847903566,0.03221476510067117,0.0
2005-05-12,14.53,14.9,-0.0046932704317495565,0.0,0.0,0.04596352539146466,-0.025145735369222034,15.073999999999998,14.888499999999999,14.732,3,12,5,14.952797341677364,14.793217349499017,50.530035335689035,0.12175202005336594,0.16174294528507216,15.49395850394486,14.283041496055137,0.018941154114232972,0.01927780344786315,0.017595584202946872,-53084200.0,-1.1842264917056913,0,0,-1,0,0,-0.0013422818791946022,1.1812113208375548,0.23849585103320217,0.3060256424797765,-0.05156657963446476,-0.027443105756358777,-0.3728498575780252,0.033035099793530656,0.0
2005-05-13,14.87,14.53,-0.014213437250055501,0.0,0.006183461818194362,-0.008223197408617704,0.023130282889872112,15.072999999999999,14.892000000000001,14.761,4,13,5,14.937743279554205,14.798171068886177,53.020134228187906,0.10675575760608069,0.15074550774927387,15.496112223801603,14.2878877761984,0.01930260379428555,0.019929696211903127,0.017735476893942736,-47246800.0,-0.07283414946169699,0,0,-1,0,0,0.009635237439779806,1.1477754310802308,0.341165555702168,0.31637411929057024,-0.027468933943754048,0.004729729729729737,0.2665063853201433,0.026227303295225324,0.0
2005-05-16,15.01,14.87,0.013541168317173327,0.008635058636880515,0.01832423175777296,-0.5034976663471314,0.00937088517330697,15.074000000000002,14.8995,14.793666666666665,0,16,5,14.950880865089802,14.811837451538683,57.52508361204011,0.10495805047380635,0.14158801629418036,15.505660479011077,14.293339520988923,0.019369123615512105,0.02001694216586246,0.01778481277028271,-43718600.0,0.36458991909296296,0,0,-1,0,0,0.0,-0.597831532268742,0.34932242567710264,0.31775910587300815,-0.024057217165149636,0.010094212651413192,0.15844922589785035,0.016655562958027982,0.0
2005-05-17,15.0,15.01,0.005365539364631685,-0.001323626930508253,0.004026851079035445,0.3206826174698781,-0.0006664445431605588,15.075,14.907,14.817,1,17,5,14.959811616891656,14.823976970794252,53.95683453237411,0.1015557665328668,0.13358156634191765,15.514292524674447,14.299707475325553,0.019369121318498085,0.020016918079291148,0.017504061088628443,-48580700.0,0.3062774403483881,0,0,-1,0,0,-0.0039973351099267486,0.4817714483039021,0.28189072121845216,0.3177587235105424,0.0033444816053511683,0.010101010101010166,-0.35058423599525024,0.011333333333333329,0.0
2005-05-18,14.99,15.0,0.019868203216725184,0.011195375409662412,0.0,0.31821624473314863,-0.0006668889877037677,15.023999999999997,14.9345,14.842666666666666,2,18,5,14.965300413820444,14.834688133968816,57.91505791505791,0.09693510798617133,0.12625227467076838,15.501207016106568,14.367792983893432,0.01533095930104444,0.018886644743429985,0.017455895147536992,-55264500.0,0.1958684061520909,0,0,-1,0,0,0.016666666666666666,1.9692701722881474,0.28004876749499097,0.29981619054924624,0.006040268456375841,0.038088642659279914,-0.50425327730576,0.02268178785857237,0.0
2005-05-19,14.79,14.99,-0.027253265314186217,-0.02789025398183244,-0.019615103017933413,-0.4928791678409339,-0.013432035391798016,14.970999999999998,14.9255,14.851333333333335,3,19,5,14.933427611307636,14.831805028551475,48.19277108433732,0.07625584436142319,0.11625298860889935,15.495540626436942,14.355459373563058,0.015445303754042388,0.01730106497706976,0.017252817060797062,-59347400.0,-0.4754047122814662,0,0,-1,0,0,-0.010006671114076075,-0.13988733806727532,0.21726748361258844,0.27464589207537593,0.01789401238816235,-0.012024048096192508,0.4676751846112857,0.014198782961460385,0.0
2005-05-20,14.94,14.79,0.013387080782459279,0.016694878572170054,0.016932338162752053,-0.03707454492159558,0.01009090298196294,14.936000000000002,14.947500000000002,14.867333333333333,4,20,5,14.934622591069884,14.838785349290092,48.8095238095238,0.07115094158578117,0.10723257920427572,15.481201079354737,14.413798920645267,0.016034147828732966,0.015822196772611548,0.01730291022019267,-55413100.0,-0.028105620506032533,0,0,-1,0,0,0.016903313049357674,-0.292249151557319,0.1517734474458524,0.25116958713035364,0.00470746469401484,0.030344827586206824,-0.750230565534604,0.014056224899598332,0.0
2005-05-23,14.89,14.94,-0.01136755804963001,-0.007978765731805199,-0.006738569973209267,-0.11594196401386876,-0.003352333008753561,14.887,14.957500000000001,14.885333333333334,0,23,5,14.92650939269354,14.842089520303634,48.04687500000001,0.06235193295431252,0.09825644995428309,15.478223181333512,14.436776818666491,0.015780822575530967,0.015619798771859629,0.0172452335086856,-58916700.0,-0.25925483028099977,0,0,-1,0,0,-0.00468540829986615,-0.6294526423159387,0.13294495080662233,0.2479566184752762,-0.00799467021985334,0.013614703880190593,-0.017043443269689013,0.0127602417730021,0.0
2005-05-24,14.7,14.89,-0.006070844952007969,-0.013441062569017753,-0.010877061690675377,-0.35371096548062375,-0.012842352911227041,14.861999999999998,14.964500000000001,14.887333333333332,1,24,5,14.885325866749259,14.832922454477595,32.14285714285717,0.039590864277757376,0.08652333281897796,15.466138368379777,14.462861631620225,0.01372022062219879,0.01577059749600476,0.017053103115946492,-61376500.0,-1.054544535157074,0,0,-1,0,0,-0.007387508394895984,-1.413532441799805,0.15381747556284184,0.25035047400795923,-0.020000000000000018,0.009615384615384581,0.6284436123098184,0.010204081632652965,0.0
2005-05-25,14.5,14.7,-0.011568689757447596,-0.006788892333686203,-0.018627651411954882,0.566018532992319,-0.013698844358161802,14.822,14.9505,14.879999999999999,2,25,5,14.815266618249392,14.811443586446783,31.858407079646057,0.005352524268744219,0.07028917110893122,15.488154751283844,14.412845248716156,0.014239049139108255,0.0156866515727552,0.017207778120904647,-65708800.0,-1.6757965922342133,0,0,-1,0,0,-0.006122448979591828,0.03796995215993176,0.16331445322140536,0.24901787378898296,-0.03268845897264849,-0.018944519621109546,1.462101092845342,0.0220689655172414,0.0
2005-05-26,14.66,14.5,-0.00617921636595812,0.0013614705983211706,0.0069396531105406205,-0.2972142371650507,0.01097404703197665,14.835000000000003,14.954500000000001,14.870666666666667,3,26,5,14.78703632402223,14.801673032482475,36.820083682008416,-0.008769850658758571,0.05447736675539327,15.481636255230177,14.427363744769826,0.012425899067532116,0.015602060423929157,0.017102319726967793,-62490400.0,-1.117358167183576,0,0,-1,0,0,0.0013793103448275568,-0.8634401712089205,0.18936292781170294,0.2476750309315172,-0.008789722785665921,0.005486968449931462,0.17013613264694913,0.016371077762619264,0.0
2005-05-27,14.61,14.66,0.008913326066426233,-0.0020429016298001822,0.003451850165477838,-1.005236050125108,-0.0034164706958974113,14.809000000000001,14.940999999999999,14.864333333333333,4,27,5,14.754847901472733,14.789307030386833,33.61702127659575,-0.023723052090179664,0.038837282986278684,15.489563674756452,14.392436325243546,0.009622436393916398,0.014873521447337836,0.017030054316101433,-63668200.0,-1.2067878907474294,0,0,-1,0,0,-0.000682128240109126,-2.168122640077684,0.1577385646585258,0.23610983321664833,-0.02208835341365467,-0.01814516129032262,0.9919053226998337,0.010951403148528415,0.0
2005-05-31,14.55,14.61,-0.0013661204310433028,0.012195273093818206,0.0006889425005535614,0.9421382008877767,-0.004115232145106544,14.763,14.9185,14.854000000000001,1,31,5,14.717602828477691,14.773867867136072,39.89898989898994,-0.039954499911489805,0.023078926406724987,15.493167867462487,14.343832132537512,0.008798545628491847,0.014739685202325856,0.017023438562920695,-66689800.0,-1.2824799187995435,0,0,-1,0,0,0.001368925393566143,-0.7915858769292327,0.15750556921090392,0.2339852486923979,-0.022834116856950915,-0.029999999999999916,1.0724137783763537,0.022680412371134023,0.0
2005-06-01,14.5,14.55,-0.00548322141453137,-0.011513842062339139,-0.00275862243907964,-0.033449735160263054,-0.0034423441909729015,14.713,14.894,14.842333333333334,2,1,6,14.678038677845382,14.756198972482133,39.8989898989899,-0.05620472826252687,0.007222195472874615,15.496919214278758,14.291080785721242,0.008757870067771064,0.01474525641166052,0.0170315307349562,-69612000.0,-1.3069744359410467,0,0,-1,0,0,0.0,-0.8118405806648331,0.1398829071886986,0.2340736888988063,-0.013605442176870652,-0.03268845897264849,0.7885719406904427,0.013793103448275813,0.0
2005-06-02,14.68,14.5,-0.0068965790590604405,0.004757059599459241,-0.004845976946139644,0.180454782259937,0.012337373759840784,14.681999999999999,14.853,14.850333333333333,3,2,6,14.678395281873495,14.751282909741352,54.18994413407822,-0.05393690456875255,-0.00500962453545082,15.390365895142507,14.315634104857493,0.010080157467440395,0.012642732853237531,0.01640327710882396,-66111900.0,-0.6438815770179135,0,0,-1,0,0,-0.0034482758620690145,-0.33425940989167896,0.1339838109331551,0.20069716213135544,0.012413793103448256,-0.05290322580645168,0.6187513587066793,0.023160762942779283,0.0
2005-06-03,14.59,14.68,0.015791608627928378,-0.004757059599459346,0.006226239415097878,-0.36931329738817914,-0.0061496606516752515,14.662,14.8165,14.837666666666667,4,3,6,14.66232341244195,14.740877560725782,40.909090909090935,-0.058724941223845306,-0.01575268787312972,15.31829782047228,14.31470217952772,0.009418104065335203,0.012496486214313469,0.014960208523664129,-68531200.0,-0.9027540206803746,0,0,-1,0,0,0.0,-1.056945330395846,0.1197533054142833,0.19837556871132267,-0.004774897680764001,-0.047650130548302916,2.1110461533541782,0.012337217272104161,0.0
2005-06-06,14.65,14.59,-0.009582551080996302,-0.0020456877232932122,-0.0006898930939377307,-0.3893919423659121,0.004103972928382017,14.633000000000001,14.7845,14.842666666666666,0,6,6,14.660082791997958,14.735014492291862,37.67123287671235,-0.05702069710776314,-0.024006289720056403,15.238510201600192,14.330489798399807,0.008773674448200285,0.012580298340766209,0.013812474738106215,-66892200.0,-0.5924976995051826,0,0,-1,0,0,-0.0034270047978067655,-1.4809005462627896,0.12184353036985535,0.19970604497199534,0.002737850787132068,-0.04185742315238705,1.1408410598932617,0.01092150170648465,0.0
2005-06-07,14.61,14.65,0.004802753657234887,0.018262259312538442,0.006877606202103329,0.9059383678064571,-0.002734109700468284,14.605,14.746,14.84,1,7,6,14.65097682981651,14.72694904117626,36.91275167785235,-0.058226537790515565,-0.030850339334148238,15.108819369295517,14.383180630704484,0.008764726915786402,0.012440608750734805,0.013612781103256963,-70947500.0,-0.7496843416274662,0,0,-1,0,0,-0.0027303754266212233,0.13412013197598566,0.11887040929820174,0.19748854147618938,0.004123711340206171,-0.05006501950585185,1.1105374456609167,0.02258726899383984,0.0
2005-06-08,14.54,14.61,0.002051282770557361,-0.014175060162268596,-0.008258821891301749,-0.19495246779891282,-0.004802753657234859,14.589000000000002,14.7255,14.839333333333334,2,8,6,14.630799224395325,14.714887812713275,35.48387096774192,-0.06409178006001603,-0.0374986274793218,15.086112052808465,14.364887947191535,0.007991955854071827,0.010931542877710934,0.013542743171342934,-74284500.0,-1.0288064337024685,0,0,-1,0,0,0.0020533880903491537,-0.3233607253372352,0.12228521709248516,0.17353286340397495,0.0027586206896550447,-0.027424749163879603,1.1043474151462782,0.01650618982118296,0.0
2005-06-09,14.45,14.54,-0.010989121575595206,-0.012312057031154735,-0.007630977023314461,0.39746193634806903,-0.006209057546932181,14.584,14.703,14.828333333333335,3,9,6,14.597926638141628,14.697798276409193,38.19444444444446,-0.07513615186592126,-0.04502613235664169,15.073780116424814,14.332219883575185,0.006978902172974126,0.01097752203453214,0.013281395794946338,-79250100.0,-1.3646902236263947,0,0,-1,0,0,-0.004126547455295648,0.8561319645428935,0.06815778174050167,0.17426275989062304,-0.01566757493188009,-0.030201342281879318,1.7015565464618145,0.011764705882352938,0.0
2005-06-10,14.38,14.45,-0.00207397239912926,0.0013755160353100982,-0.0027894020875785254,-1.1281650493619304,-0.004856062265540389,14.556000000000001,14.6955,14.821666666666665,4,10,6,14.558303613024968,14.67729516180215,29.41176470588239,-0.08851694286068046,-0.053724294457449445,15.086529679852402,14.304470320147596,0.005817260527265754,0.009557106155550468,0.013084481740399306,-80857100.0,-1.6136882505649515,0,0,-1,0,0,0.0,-1.4063229643785606,0.06515414130286394,0.15171435684618673,-0.01439342015078815,-0.010323468685478177,1.7646745892681566,0.01599443671766345,0.0
2005-06-13,14.41,14.38,-0.006247850938363027,-0.004132237284910495,0.0027894020875785922,-0.1198464573847859,0.0020840577185299663,14.536000000000001,14.6725,14.806,0,13,6,14.531339319747701,14.660050312653624,32.08955223880595,-0.09559856608608186,-0.062099148783175934,15.074278938956027,14.270721061043972,0.0059186768935297895,0.00777730294559405,0.012485184059578667,-79431600.0,-1.3066887014141297,0,0,-1,0,0,-0.0013908205841447392,-1.4104641197007755,0.05161990065205601,0.12346085678911177,-0.01638225255972703,-0.030934767989239997,1.5092134895934515,0.009021512838306786,0.0
2005-06-14,14.33,14.41,0.002086957279198294,0.0,-0.0027894020875785254,0.2521403079675784,-0.005567168171350217,14.514,14.638499999999999,14.783666666666667,1,14,6,14.494732170702664,14.638756744095327,34.95934959349596,-0.10643917042408901,-0.07096715311135855,15.035078790206011,14.241921209793986,0.006010069513425132,0.007377382378676813,0.012391664815154574,-81265900.0,-1.5558068541171397,0,0,-1,0,0,-0.00138792505204716,-1.0159523762421037,0.05353005220410845,0.11711231460365393,-0.019164955509924697,-0.04530313124583607,2.072766619316172,0.01186322400558269,0.0
2005-06-15,14.25,14.33,-0.004178279059195967,-0.006925235433314513,-0.007711219423490244,0.046859448438509615,-0.005598335125420975,14.488999999999999,14.600999999999999,14.758999999999999,2,15,6,14.450235412393088,14.613675663831113,38.73873873873874,-0.12010130578379297,-0.08079398364584545,14.995483006103461,14.206516993896537,0.006123903165187417,0.007402314075437509,0.012413461852397396,-83188200.0,-1.779544338130202,0,0,-1,0,0,0.0,-0.8622398934515689,0.05468168238273165,0.11750809302000398,-0.019944979367262694,-0.050000000000000044,2.1305083476258067,0.012631578947368402,0.0
2005-06-16,14.26,14.25,-0.004896826853930668,-0.0027835786936463705,-0.0007039775017943805,-0.11253619911583491,0.0007015082714903033,14.447,14.564499999999999,14.717666666666666,3,16,6,14.415647155594343,14.590857879067817,29.16666666666663,-0.1286388613415781,-0.09036295918499197,14.94216456851941,14.186835431480588,0.0037988806366884577,0.0074267797059063955,0.010450622054775137,-81470500.0,-1.6125420565331587,0,0,-1,0,0,0.0007017543859648974,-1.0231243209413108,0.05913169197271333,0.11789647286333844,-0.01314878892733562,-0.04869913275517013,0.6586589560303401,0.01051893408134645,0.0
2005-06-17,14.07,14.26,0.00976979159580503,0.0034782643763247925,-0.012757083000770999,1.0155782361661896,-0.01341354385985212,14.395000000000001,14.528500000000003,14.675999999999998,4,17,6,14.352802218213553,14.557254144934411,25.454545454545453,-0.1490185545980598,-0.10209407826760555,14.95033933084979,14.106660669150216,0.004978230479389444,0.00742537454816249,0.0105053416813672,-86213000.0,-2.1738134235912177,0,0,-1,0,0,0.009817671809256702,1.6030204499042529,0.09735358681058448,0.11787416667567929,-0.021557719054242086,-0.04868154158214999,-0.6104956638671846,0.027007818052594227,0.0
2005-06-20,14.33,14.07,-0.02247285585205863,-0.0020855064910214817,0.0042704691234522855,-0.7225255035696052,0.018310370713782744,14.363,14.498,14.644,0,20,6,14.348656360356543,14.542592587196708,41.538461538461505,-0.14254659285201932,-0.11018458118448832,14.880985501991926,14.115014498008073,0.008371474414780191,0.008347220503747997,0.011200116874716344,-83910400.0,-0.8773178051191102,0,0,-1,0,0,0.0007107320540156209,-0.44193985053927226,0.19047969372947746,0.13250801754921898,-0.005551700208188737,-0.040829986613119096,1.3094972541362098,0.020237264480111594,0.0
2005-06-21,14.37,14.33,0.015504186535965254,0.0013908208083430271,0.008486613877318725,-0.4049223908179815,0.002787458250852923,14.338999999999999,14.472,14.610333333333333,1,21,6,14.352537022109898,14.531457581571116,44.96124031007748,-0.13266062176492888,-0.11467978930057643,14.811014050320864,14.132985949679135,0.008511679899758517,0.008409608886505679,0.011138118321262823,-82374500.0,-0.6017449713571522,0,0,-1,0,0,-0.0020935101186321955,-1.010657991355597,0.18725432842142223,0.133498402422077,0.002791346824842833,-0.03492276695768981,0.7026817899856824,0.013221990257480953,0.0
2005-06-22,14.36,14.37,0.00627398363341485,0.004852695831342105,0.005617992304223274,0.4197087363001782,-0.000696136470855392,14.320999999999998,14.455000000000002,14.590666666666666,2,22,6,14.353893927180826,14.520395802114916,35.714285714285666,-0.12420112166233821,-0.1165840557729288,14.779669872816926,14.130330127183077,0.008440504569974744,0.008000429775663852,0.010020235490041718,-84711400.0,-0.5852098266818305,0,0,-1,0,0,0.0013917884481559743,-0.31351867123861826,0.18014661739188842,0.12700288540825697,0.007719298245614015,-0.023129251700680253,0.4243960207313626,0.012534818941504282,0.0
2005-06-23,13.8,14.36,-0.006273983633414852,-0.007636274524988597,-0.034916265106227876,1.2450244784885993,-0.03977797145691908,14.256,14.419999999999998,14.554,3,23,6,14.253185940420675,14.473918653591374,25.15723270440249,-0.16083027546615014,-0.12543329971157308,14.85605890475969,13.983941095240306,0.014668274725056774,0.01138263490008551,0.012158144252685757,-92827500.0,-2.8436525122296143,0,0,-1,0,0,-0.004178272980501304,3.1735787753427442,0.341070283728569,0.18069372726162483,-0.032258064516129004,-0.0482758620689655,-0.7935066373627138,0.04057971014492757,0.0
2005-06-24,13.86,13.8,-0.031974304632514196,-0.033300987126971555,-0.01681940929296089,0.027465240007646267,0.004338401598598141,14.204000000000002,14.38,14.531666666666668,4,24,6,14.181697587616915,14.434310998520964,25.157232704402404,-0.18290918200228568,-0.1369284761697156,14.867139880483078,13.892860119516923,0.014929558581005628,0.011060645942742529,0.011455278026936794,-84485400.0,-2.134910405957066,0,0,-1,0,0,0.003623188405797024,2.534887493258975,0.3413772515236072,0.17558231102539376,-0.014925373134328401,-0.054570259208731264,-1.556879717820219,0.02308802308802311,0.0
2005-06-27,13.77,13.86,-0.0043415408281371245,0.0007202016875939115,0.0014738396183005232,-0.6664511735932128,-0.006514681021193642,14.14,14.338,14.495000000000001,0,27,6,14.106843480777476,14.391452224422839,24.390243902438925,-0.20530252265592885,-0.15060328546695825,14.883048525120484,13.792951474879514,0.014814184289901028,0.011091878024230674,0.01047182373854935,-88769300.0,-2.0842180973682707,0,0,-1,0,0,-0.005050505050505071,0.4888019802461718,0.28454665590026984,0.17607810494866097,-0.03907885554780188,-0.05749486652977409,-1.9523293355097076,0.022512708787218626,0.0
2005-06-28,14.05,13.77,0.0014492756159904376,0.012875714360045367,0.01607047003260888,-0.5476138224206505,0.020130083039191345,14.112,14.312999999999999,14.463000000000001,1,28,6,14.096508302454298,14.369423048653625,36.756756756756765,-0.19817135054518076,-0.16011689848260274,14.862951194006019,13.763048805993979,0.01673407460443264,0.012238683112270339,0.01107291926469307,-86291800.0,-0.9564485098549261,0,0,-1,0,0,0.0029048656499637564,-0.39480982555644156,0.34627897711084354,0.1942830713399599,-0.022268615170493944,-0.03436426116838487,-1.0491251890607227,0.019217081850533776,0.0
2005-06-29,13.96,14.05,0.016517431176464308,-0.002134472528632681,0.005780362915499549,0.0811753424113482,-0.006426298445528293,14.083000000000002,14.286000000000001,14.428333333333333,2,29,6,14.07168861109897,14.343008658417908,36.756756756756765,-0.19750537409892388,-0.16759459360586698,14.850135108862947,13.721864891137056,0.016756514103829816,0.012279116839911173,0.01109611815162449,-88978800.0,-1.1557515030648486,0,0,-1,0,0,-0.0007117437722421041,-0.2847536044139519,0.34490384434394283,0.19492493686746168,-0.02785515320334253,-0.03724137931034477,-0.8009049374804587,0.011461318051575813,0.0
2005-06-30,13.93,13.96,-0.004998225328794557,-0.0014255169912209499,0.0014398850579875444,0.5445202318122291,-0.002151309542512133,14.05,14.248499999999998,14.393,3,30,6,14.045927045444612,14.31636293851998,37.569060773480615,-0.19712598658007252,-0.17350087220070812,14.801968489094211,13.695031510905785,0.016731067392963466,0.0118133690804831,0.011091744807168305,-93610600.0,-1.1509236976480626,0,0,-1,0,0,0.0007163323782234804,0.642491608742214,0.17777193469934008,0.18753142039666837,0.009420289855072372,-0.05108991825613074,1.4857883559966858,0.008614501076812579,0.0
2005-07-01,13.81,13.93,-0.003585518362596885,-0.0057224762740662105,-0.010123007631448565,-0.7721864624756182,-0.008651820370513557,14.024000000000001,14.2095,14.360333333333333,4,1,7,14.003031219000137,14.283694361841272,34.21052631578945,-0.2041549452296323,-0.17963168680649297,14.771506742794557,13.647493257205443,0.01644738716781697,0.011865911889641484,0.010963492877528834,-95750500.0,-1.4216911278092548,0,0,-1,0,0,-0.000717875089734371,-0.5681267781555072,0.19004450862213637,0.18836551163397522,-0.003607503607503504,-0.05346127484578478,2.0321454044686473,0.013034033309196214,0.0
2005-07-05,13.78,13.81,-0.008658062743114541,-0.007199455142854344,-0.007293978362553611,-0.06776192966114483,-0.0021747018356883204,13.969,14.166,14.321666666666665,1,5,7,13.962480088272839,14.2511979513999,35.1351351351351,-0.20972857442539095,-0.1856510643302726,14.719054675130218,13.612945324869782,0.014844991530381404,0.011759420594220643,0.010712181365577058,-97750200.0,-1.3958836887478296,0,0,-1,0,0,-0.0007241129616219976,-0.6496839901674393,0.18407871921055718,0.18667501472711528,0.000726216412490821,-0.059385665529010256,1.9146649803668923,0.013062409288824363,0.0
2005-07-06,13.59,13.78,0.0,-0.0014461318499996267,-0.005137625979591704,0.33615785434406786,-0.013884037422460173,13.891,14.114999999999998,14.278333333333334,2,6,7,13.894756435859595,14.20854001905152,33.163265306122426,-0.22686200385881428,-0.19389325223598095,14.683562360602528,13.54643763939747,0.014951812729140406,0.01200397114150468,0.010904021956972144,-100548900.0,-1.8467631217924245,0,0,-1,0,0,0.001451378809869474,-0.2270622903187225,0.0774348099984579,0.1905571343137051,-0.03274021352313172,-0.06981519507186851,-0.7078682866161687,0.01692420897718914,0.0
2005-07-07,13.77,13.59,-0.02197890671877534,0.0007233273371430259,-0.020067563050809256,0.29366691451142907,0.0131580845775112,13.831999999999999,14.076500000000001,14.247333333333334,3,7,7,13.872073447521487,14.180247114596584,38.4976525821596,-0.2233413345675217,-0.19978286870228912,14.627910631208461,13.52508936879154,0.016054949909956255,0.012569439208028593,0.011131235137946574,-96794900.0,-1.1116941990337859,0,0,-1,0,0,-0.00662251655629138,0.2323567162946068,0.1612558728011905,0.1995336615839299,-0.013610315186246558,-0.05295735900962861,0.9853703762265166,0.03703703703703702,0.0
2005-07-08,13.94,13.77,0.01689353433549584,0.01221718393859185,0.014903405502574948,-0.5259455718418949,0.012270092591814401,13.846,14.051000000000002,14.228666666666667,4,8,7,13.884423729790306,14.164747300751642,46.91943127962083,-0.20447652148098072,-0.20072159925802746,14.576232780473001,13.525767219527003,0.011084224223204188,0.012970938791833767,0.011215601934660865,-94576300.0,-0.42266973474138914,0,0,-1,0,0,-0.002904865649963627,-0.4606395527252567,0.19388368442415652,0.20590726988539648,0.00071787508973431,-0.03529411764705881,0.13053233843650175,0.034433285509325715,0.0
2005-07-11,13.99,13.94,0.018759568897510136,0.007117467768863955,0.028437935320533625,-0.09600906274733874,0.00358038334501205,13.859,14.0315,14.206333333333333,0,11,7,13.903619415282979,14.153473281348312,41.05263157894736,-0.18337757651026187,-0.19725279470847434,14.533759106961242,13.529240893038757,0.011061769864157737,0.013000834212171816,0.011014923543946354,-92560800.0,-0.16525335001323,0,0,-1,0,0,0.003586800573888143,-0.5760784854634067,0.17758962039635964,0.2063818449707218,0.01303403330919628,-0.02712100139082063,-0.72686235593005,0.013581129378127199,0.0
2005-07-12,13.7,13.99,-0.005016133771116188,-0.0071174677688639896,-0.02033476022691022,0.7192969420524223,-0.02094695584331061,13.851999999999999,13.996,14.175999999999998,1,12,7,13.866597703413344,14.124216940616165,34.418604651162795,-0.1878911942510353,-0.19538047461698654,14.485829186123222,13.506170813876778,0.01289566143921942,0.013672359387004163,0.011558950782371123,-96698600.0,-1.2085845775859478,0,0,-1,0,0,-0.005003573981415317,0.4272839116142904,0.24526195920496519,0.21704197664107516,-0.005805515239477477,-0.04927133934767525,-0.4758604528877128,0.027007299270072938,0.0
2005-07-13,13.98,13.7,-0.015930822072194435,0.0028530689824064807,0.0014662759225274112,-0.038329815229708596,0.020231903971585117,13.844999999999999,13.9785,14.157,2,13,7,13.887216302792737,14.114912621866736,42.14876033057855,-0.16695011191971787,-0.1896944020775328,14.442409020117696,13.514590979882305,0.012914281857458765,0.014566269085270965,0.01225780421039023,-92716400.0,0.006466785231377929,0,0,-1,0,0,0.0,0.297108867978032,0.253648681430435,0.23123235317805163,0.028697571743929506,-0.02442428471737612,-1.5098812305736091,0.027896995708154418,0.0
2005-07-14,14.42,13.98,0.05881964474811224,0.0486544881635256,0.054182888380462,1.1339166026851841,0.030988395051138717,13.891,13.987,14.154333333333334,3,14,7,13.984086065921328,14.134595678520496,63.47826086956518,-0.11354100055564231,-0.17446372177315472,14.477331788850249,13.496668211149752,0.016121831740362507,0.016232130639444505,0.013624716924792304,-80340500.0,1.7661510424005613,0,0,-1,0,0,0.03934191702432038,3.06850374920654,0.3134267948690192,0.2576770855240921,0.04720406681191003,0.011929824561403457,-0.8406392161662662,0.022884882108183083,0.0
2005-07-15,14.22,14.42,-0.011072777491258002,-0.024726534468289915,-0.03387762221971637,-0.747840365886916,-0.013966707481708193,13.919999999999998,13.985000000000003,14.139000000000001,4,15,7,14.026979508481087,14.140105634744982,57.37704918032788,-0.08635675660309694,-0.15684232873914317,14.470949964934917,13.499050035065089,0.016970821658706347,0.01655669923557137,0.013637706644404494,-86199100.0,0.9671777629677278,0,0,-1,0,0,-0.0034674063800277885,0.6299755947339444,0.35102606329989466,0.26282945225649035,0.020086083213773476,-0.0028050490883589907,0.1269405658918398,0.031645569620253236,0.0
2005-07-18,14.58,14.22,-0.010493275715838656,0.02540473049292815,0.017082265910874684,0.001245255822136397,0.025001302205417186,13.997,14.010499999999999,14.138666666666666,0,18,7,14.127528688757252,14.16848591637434,64.94464944649445,-0.03535648847386064,-0.13254516068608668,14.56405216556273,13.456947834437267,0.01793488120615266,0.01716462942406134,0.014413884674053965,-80333200.0,2.0576199875256838,0,0,-1,0,0,0.0,0.6066479675070572,0.38130454426989707,0.27248004481588883,0.04217298070050024,0.036247334754797356,-0.5340394915582953,0.039780521262002745,0.0
2005-07-19,14.43,14.58,0.03183659881127468,-0.0027155481724826388,0.011925781468885177,-0.4022227866269394,-0.010341353794732595,14.062000000000001,14.0155,14.131333333333334,1,19,7,14.182523472619568,14.185357792737287,57.36434108527129,-0.006961902464071912,-0.10742850904168373,14.582838198588934,13.448161801411064,0.01849962487394849,0.016907560685931612,0.014514318727965264,-84256500.0,1.4612095608260887,0,0,-1,0,0,0.0068587105624142415,-0.1288308410209131,0.3352620086261253,0.2683992051102462,0.05328467153284677,0.006978367062107527,-0.46913946983238486,0.02564102564102571,0.0
2005-07-20,14.6,14.43,-0.015099806455750837,-0.00272294245845584,0.0062565376143051375,-0.2389238708723653,0.011712155928511233,14.163,14.026999999999997,14.131,2,20,7,14.258428295779646,14.21210890288327,62.03007518796989,0.028925159537489975,-0.080157775325849,14.632626252645906,13.421373747354089,0.017382436992960583,0.017090638219424345,0.0146749777005974,-81167000.0,1.8922561480670097,0,0,-1,0,0,0.0020790020790021576,-0.47418410010920103,0.3247492193722924,0.2713054708558354,0.044349070100142995,0.016005567153792644,-0.1378212146671876,0.016438356164383577,0.0
2005-07-21,14.4,14.6,-0.004158010148663677,-0.0061538655743782235,-0.011850957799629608,0.18676224068897762,-0.01379332213233576,14.225999999999999,14.029,14.126333333333331,3,21,7,14.284168605637891,14.224230909148867,58.303886925795055,0.040757756153672275,-0.055974669029944746,14.639501088407348,13.418498911592652,0.01842088163638081,0.01740038271497512,0.014865830800952712,-84890900.0,1.2153950485751,0,0,-1,0,0,-0.013698630136986254,-0.26565074900481034,0.28235471711248966,0.2762225122870264,-0.001386962552011095,0.0027855153203342198,0.8966763972025984,0.02222222222222224,0.0
2005-07-22,14.4,14.4,0.008298802814695064,0.0,0.0035001785822096204,-0.7616337986562678,0.0,14.272,14.059000000000001,14.124666666666666,4,22,7,14.305228859158273,14.235570850494103,60.88560885608856,0.0495638332044841,-0.03486696858305898,14.68097986090195,13.437020139098053,0.018259736731517644,0.014750180464715587,0.014822946604373003,-84890900.0,1.0964985249056338,0,0,-1,0,0,0.00833333333333328,-0.9312885423299895,0.2558251521954237,0.23415185581776346,0.012658227848101333,0.04347826086956519,0.591293015789246,0.01874999999999997,0.0
2005-07-25,14.26,14.4,-0.008993488497373532,-0.008956312022070975,-0.004903687584529843,0.2022797987344629,-0.009769791595805136,14.299000000000001,14.078999999999999,14.120666666666667,0,25,7,14.297005430220405,14.237146924655775,58.51063829787235,0.044730260145097844,-0.018947522837427615,14.699760145220294,13.458239854779704,0.018723823851215567,0.014977781639086491,0.01490434288886708,-87019400.0,0.5831559947707906,0,0,-1,0,0,-0.0006944444444444296,-0.7028730932956717,0.1647136048376836,0.23776491245071343,-0.021947873799725626,0.02886002886002892,1.1727872440970148,0.014726507713884928,0.0
2005-07-26,14.26,14.26,-0.009075105913126607,-0.006944472352811046,-0.00210896387482043,-0.11693772706843282,0.0,14.355,14.103500000000002,14.115666666666668,1,26,7,14.290277170180332,14.238621316613468,62.73764258555133,0.04043352615104823,-0.007071313039732446,14.711456889052632,13.495543110947372,0.01698609073599486,0.014864665852111773,0.014898309544167166,-87019400.0,0.5148391368469208,0,0,-1,0,0,0.0,-0.7410080495572072,0.15752382488108968,0.23596925500057064,-0.011781011781011763,0.035584604212055115,0.4091185241565664,0.009817671809256577,0.0
2005-07-27,14.21,14.26,0.0,-0.0013947003655495553,-0.011323546329254468,0.19094501963485597,-0.0035124728771405668,14.378,14.111500000000001,14.111666666666666,2,27,7,14.275681321056634,14.236774780057761,58.800000000000026,0.0326177542052708,0.0008665004092682027,14.720702239342764,13.502297760657239,0.016098312743379396,0.014247839136018327,0.014877835937482813,-89311400.0,0.32337372924389246,0,0,-1,0,0,0.0,-0.5699068280529747,0.0970339803977788,0.22617743444374724,-0.02671232876712315,0.011387900355871894,-0.614933987899054,0.0197044334975369,0.0
2005-07-28,14.26,14.21,0.0,0.0006975933313937793,0.0127300163220061,-0.023752827450703402,0.00351247287714062,14.362,14.126499999999998,14.112,3,28,7,14.27283017177361,14.238273181344358,56.722689075630264,0.030111177846555037,0.00671543589672557,14.734768465658847,13.51823153434115,0.012355006681552452,0.014161285485837722,0.014856504753931455,-87073200.0,0.43895091571252237,0,0,-1,0,0,0.003518648838845808,-0.5801356298135711,0.07950749348759702,0.22480343784309068,-0.009722222222222299,0.021489971346704717,-0.9859916908508827,0.007713884992987337,0.0
2005-07-29,14.19,14.26,-0.0021060028843888075,-0.0027932979056126,-0.0035198909977795694,-0.007174275234018512,-0.004920923814198573,14.359,14.139500000000002,14.109666666666667,4,29,7,14.257770140542043,14.235158782547948,54.16666666666666,0.0222201430601352,0.009816377329407495,14.741163483491897,13.537836516508106,0.011625058790076956,0.014208577014776477,0.01488434933844092,-89295400.0,0.16786792413230464,0,0,-1,0,0,-0.00210378681626924,-0.5351307161840466,0.07959130020237613,0.22555416759124244,-0.014583333333333393,0.01866475233309406,-0.09871573439561698,0.008456659619450387,0.0
2005-08-01,14.12,14.19,-0.0014064699927517131,-0.003502630551202112,-0.005657723719858837,-0.15233730683216276,-0.004945259106855292,14.312999999999999,14.155000000000001,14.111333333333333,0,1,8,14.23272102407985,14.227729183673887,59.633027522935784,0.010200441810827243,0.009893190225691446,14.736558704100428,13.573441295899574,0.007446578501707124,0.014100624078541827,0.01470419300501684,-91203600.0,-0.1203661805875331,0,0,-1,0,0,0.0014094432699084814,-0.6578138360887441,0.0582092279475138,0.22384046785578585,-0.009817671809256745,0.022447501810282322,0.9913982165068187,0.0106232294617564,0.0
2005-08-02,14.21,14.12,-0.007771144724886746,-0.0007020007308297824,-0.002840911001603641,0.5072241351794806,0.0063537100439133905,14.291,14.176499999999999,14.107333333333335,1,2,8,14.228589928792605,14.226585365372346,55.77889447236183,0.00784653978574923,0.009483860137703004,14.730842664308694,13.622157335691304,0.007541830743896095,0.01412238513715997,0.014347712194210686,-88034700.0,0.12086387051510379,0,0,-1,0,0,-0.0014164305949008198,-0.1651938979254718,0.0837542427033968,0.2241859139520005,-0.003506311360448766,0.031204644412191618,0.7194500557393175,0.012667135819845158,0.0
2005-08-03,14.32,14.21,0.009880108599707237,0.011173300598125255,0.00849863472146252,-0.1107431197856411,0.0077112194234903566,14.263,14.213,14.105666666666668,2,3,8,14.245209941739404,14.232612115993485,46.987951807228924,0.014687824070536593,0.010524652924269722,14.696326194743769,13.72967380525623,0.006824913024782822,0.013699346095876423,0.014411384593005547,-85198000.0,0.4427651601077664,0,0,-1,0,0,0.002111189303307485,-0.30401033161812013,0.09695833847304296,0.21747037736335575,0.007741027445461013,0.05371596762325237,-0.34466564394899263,0.015363128491620156,0.0
2005-08-04,14.08,14.32,0.0035050859579463527,-0.00557104504945536,-0.010634626989611852,0.13011933146372076,-0.016901810802603254,14.231,14.2285,14.096333333333332,3,4,8,14.215171770514058,14.222766173026164,45.88235294117645,0.000735122879749639,0.008566746915365705,14.670089235184411,13.78691076481559,0.007452070893917418,0.014121154645628803,0.014732386266727814,-88428900.0,-0.6725707429801159,0,0,-1,0,0,-0.0020949720670391855,-0.12937051117170484,0.15848468871982013,0.22416638050450943,-0.012622720897615736,0.02251270878721856,-0.4850092625165286,0.020596590909090974,0.0
2005-08-05,13.96,14.08,-0.014804641211879594,-0.014064929467403665,-0.005001796780143008,-0.29971159035803635,-0.008559253395669836,14.187000000000001,14.229499999999998,14.101666666666667,4,5,8,14.168776903147865,14.205813516701896,28.767123287671254,-0.019777507658666593,0.002897896000559246,14.668420925619342,13.790579074380654,0.007654616269483131,0.014025534295296484,0.0129305060407335,-90823100.0,-1.228011627013298,0,0,-1,0,0,0.0,-0.48140129469060455,0.1639320185628426,0.22264845450097231,-0.01620859760394633,0.0014347202295552641,-0.16504021036205851,0.011461318051575813,0.0
2005-08-08,13.95,13.96,-0.005698021114637779,-0.006394337950726476,-0.002151309542512133,0.030277919647163833,-0.0007165890668519439,14.156,14.227500000000001,14.104666666666667,0,8,8,14.128999284393707,14.189309418850163,31.8181818181818,-0.03642099303596069,-0.004965881806744742,14.671352749408033,13.783647250591969,0.0073071518987294515,0.014003260813077189,0.012911105550654325,-93290900.0,-1.25041469437828,0,0,-1,0,0,0.0028653295128939216,-0.4627138224856578,0.16388948150381846,0.22229487393227026,-0.012039660056657242,-0.002859185132237374,-0.5668938048385149,0.007168458781361982,0.0
2005-08-09,13.87,13.95,-0.0028612322810321234,-0.005001796780143008,-0.007204642115047506,-0.335346361215246,-0.00575127394063438,14.116999999999999,14.235999999999999,14.108,1,9,8,14.081908505413033,14.16870881118241,20.32520325203251,-0.055427473111780756,-0.015058200067751947,14.642235607031468,13.82976439296853,0.007342757091266169,0.01321722028510032,0.012898083923380224,-95055600.0,-1.8019099934371199,0,0,-1,0,0,0.0007168458781363128,-0.698665031972356,0.14456318291734266,0.20981686738760205,-0.02392681210415215,0.012408759124087565,0.15224754453593373,0.00937274693583279,0.0
2005-08-10,13.76,13.87,-0.007910864700878947,0.0035752630146890477,-0.0050743131714692975,0.8304645350218245,-0.007962401821542562,14.072,14.225,14.098333333333333,2,10,8,14.023379686247026,14.142340500783547,21.929824561403493,-0.07846186663999433,-0.027738933382200424,14.670444780675172,13.779555219324827,0.007524785130916574,0.012489610795821436,0.012408847553453745,-99104500.0,-2.087800868584367,0,0,-1,0,0,-0.001441961067051159,0.24391244249503538,0.09228138530336792,0.19826642482638618,-0.03910614525139666,-0.015736766809728242,-0.6394865233832142,0.018168604651162792,0.0
2005-08-11,13.7,13.76,-0.0065194001281498855,-0.0165530947634031,-0.008026310874228821,-0.6160516812147349,-0.004369999671118379,14.016,14.189000000000002,14.089666666666666,3,11,8,13.964583379656656,14.113802403958804,20.833333333333314,-0.10040092861634342,-0.04227133242902903,14.68193535393302,13.696064646066983,0.0071476536645572915,0.009937941918165048,0.012381558704085215,-101291200.0,-1.9840329816004603,0,0,-1,0,0,0.0,-0.6255852124782408,0.04974049354902135,0.15775993715561357,-0.026988636363636465,-0.049930651872399534,0.8589389654403466,0.00948905109489044,0.0
2005-08-12,13.64,13.7,-0.004369999671118379,0.0014503265776466834,-0.0044052934679163795,0.1992728444301476,-0.004389180418763096,13.961000000000002,14.16,14.08,4,12,8,13.90556821971908,14.083234506929205,22.321428571428584,-0.12123180704663028,-0.05806342735254928,14.710177005009553,13.609822994990447,0.007141929182943687,0.009587441555146993,0.01239816062144438,-103960100.0,-1.8903007405442929,0,0,-1,0,0,0.0,-0.11967667995593984,0.04167451547705448,0.15219591638571178,-0.022922636103151928,-0.04078762306610406,0.5113503704440889,0.015395894428152555,0.0
2005-08-15,13.68,13.64,-0.0051225871256378565,-0.0021762794225956283,-0.017817843316793786,0.2962072096611826,0.0029282597790883597,13.916999999999998,14.115,14.075666666666667,0,15,8,13.864555816133791,14.057219377449902,24.999999999999957,-0.13297985359974263,-0.07304671260198796,14.667753871179968,13.562246128820032,0.0074449400192106874,0.007247199065921387,0.012320639956033424,-100371100.0,-1.5739374165626463,0,0,-1,0,0,-0.0007331378299120078,1.2441453203429482,0.06484266461823408,0.11504571858124552,-0.019354838709677358,-0.06172839506172845,1.504075528186655,0.030701754385964907,0.0
2005-08-16,13.57,13.68,0.007309974071438468,0.01370378459366301,0.014131882637870257,-0.3343179691433026,-0.008073438347626636,13.853,14.072,14.068666666666667,1,16,8,13.811000213200373,14.02578586922733,23.770491803278645,-0.14944365242511815,-0.088326100566614,14.654575045989532,13.489424954010467,0.006763412573622143,0.0071475372169560285,0.012398683082563913,-102940200.0,-1.7233831193278373,0,0,-1,0,0,0.00365497076023397,-0.05786136607717051,0.07076247744989417,0.11346363577586621,-0.021629416005767732,-0.05959805959805953,1.3709373701979717,0.03095062638172452,0.0
2005-08-17,13.81,13.57,-0.011721745933101864,-0.0014336920018486968,-0.0007388253014322039,0.02574490916560236,0.017531493574422987,13.802000000000001,14.032500000000002,14.075999999999999,2,17,8,13.81081835625485,14.011864200244922,34.04255319148939,-0.14149427939741877,-0.09895973633277497,14.569700344867256,13.495299655132749,0.009102609311298053,0.007876889470369651,0.012560641828891193,-100304100.0,-0.8283687906231095,0,0,-1,0,0,0.0,0.07649517285142671,0.16291730356092943,0.12504174386004824,0.00363372093023262,-0.05410958904109586,1.5026344653497852,0.029688631426502545,0.0
2005-08-18,13.64,13.81,0.018978671829888973,-0.007922259655710912,0.004424785980355636,0.24252136708156485,-0.012386315005884652,13.758000000000001,13.994499999999999,14.071666666666667,3,18,8,13.779760473299422,13.987872961519445,31.78807947019871,-0.14721492127717184,-0.10861077332165435,14.529760880809999,13.459239119189998,0.008473921640151136,0.007780813995284633,0.012540826641906986,-103663700.0,-1.324587739210609,0,0,-1,0,0,0.0014482259232439952,1.2483776657691528,0.1867173803404505,0.12351659297504419,-0.004379562043795526,-0.05277777777777781,1.141018730462573,0.01759530791788858,0.0
2005-08-19,13.59,13.64,-0.013100624045698093,-0.010905233482262468,-0.0014727543162745406,-0.25094030406730483,-0.003672424252263694,13.720999999999998,13.953999999999999,14.06,4,19,8,13.745258569063163,13.96220373819561,32.21476510067116,-0.15400784672396028,-0.11769018800211554,14.482608899301017,13.425391100698981,0.008267655716327621,0.007757533899123738,0.012325568618596055,-106277700.0,-1.3771996668286055,0,0,-1,0,0,0.0007331378299120078,0.005115075008226461,0.18592767798009727,0.12314703290540781,-0.003665689149560114,-0.05625000000000002,1.100377028634148,0.00809418690213388,0.0
2005-08-22,13.6,13.59,-0.003669728888962513,0.0036483075854753817,-0.0007371913345282075,-0.1621589420934464,0.0007355645789539107,13.686000000000002,13.921000000000001,14.047,0,22,8,13.718847920142586,13.938835755086217,28.36879432624106,-0.15677714333641468,-0.1255075790689754,14.451576647569935,13.390423352430068,0.008318031752747155,0.007622058149203286,0.012301752084114603,-104055000.0,-1.2100042528075687,0,0,-1,0,0,0.0007358351729212499,-0.654327935934107,0.1838818107680746,0.12099642204759085,-0.005847953216374324,-0.04628330995792429,1.3153970947026203,0.012499999999999995,0.0
2005-08-23,13.51,13.6,-0.0036832454162962934,-0.006576567364563602,-0.007401958295667701,0.023608965832187395,-0.006639640769898812,13.65,13.883499999999998,14.040666666666668,1,23,8,13.680875571025751,13.911168932177429,20.863309352517945,-0.164339673236924,-0.1332739979025651,14.419185492959816,13.34781450704018,0.00836067696457507,0.007658724490327271,0.011774688122465111,-106330800.0,-1.3944749481129388,0,0,-1,0,0,-0.003676470588235216,-0.6166045573328088,0.18075747349149865,0.12157848216819521,-0.004421518054532059,-0.05259467040673216,1.3064443667006607,0.013323464100666153,0.0
2005-08-24,13.46,13.51,-0.0074074412778619165,0.0,-0.0037216269229946885,0.10398862857056224,-0.0037078277555257083,13.620000000000001,13.846,14.023333333333333,2,24,8,13.640716376293796,13.882061259133724,24.166666666666657,-0.17238051947536448,-0.141095302217125,14.390383765564064,13.301616234435937,0.008165456624571707,0.007659966855123459,0.011107560536603358,-108856000.0,-1.4181172342641237,0,0,-1,0,0,-0.004441154700222095,-0.2099634496008994,0.07627905392369135,0.12159820409792521,-0.025343953656770446,-0.0527797325826882,-0.6407466556976974,0.017087667161961397,0.0
2005-08-25,13.59,13.46,0.0007432181687336577,0.004389180418763187,0.0022346378014163628,0.18764029810357555,0.009611903946470563,13.609,13.8125,13.995666666666667,3,25,8,13.63149521696765,13.86321859725413,34.71074380165281,-0.16634550704707252,-0.1461453431831145,14.331481796657977,13.293518203342023,0.008916819888470942,0.008035274341687737,0.009490978166940011,-105809600.0,-0.8574481857853442,0,0,-1,0,0,0.0,0.6249538626470728,0.10107864670795272,0.127556025745704,-0.003665689149560114,-0.046984572230014066,1.392537734874039,0.01913171449595289,0.0
2005-08-26,13.51,13.59,0.009611903946470563,-0.0007301935337216764,0.004454350349380375,-0.38655689637687346,-0.005904076190944848,13.596,13.7785,13.972000000000001,4,26,8,13.609405177518987,13.84043030065709,32.81249999999996,-0.1661033120443154,-0.15013693695535468,14.282224026363668,13.27477597363633,0.008996979959107922,0.00805447026157036,0.00925364744913147,-107879300.0,-1.0660599294350646,0,0,-1,0,0,0.0,-1.045688783788878,0.10625624817796621,0.12786075152688323,-0.005886681383370118,-0.047921071176885155,1.3748896114909053,0.014063656550703147,0.0
2005-08-29,13.44,13.51,-0.00886923774077966,-0.013975953855973715,-0.014925650216675593,0.45054338426351004,-0.005194816877104023,13.572,13.744499999999999,13.934000000000001,0,29,8,13.578604236151897,13.814596087711472,33.07086614173224,-0.16960468847184806,-0.15403048725865337,14.242938614706729,13.246061385293268,0.008976694589055634,0.008058735290757246,0.007738512740100223,-111127000.0,-1.2218154493474003,0,0,-1,0,0,-0.0029607698001479755,0.8856354590884961,0.10788840596532882,0.1279284567662608,-0.0117647058823529,-0.04815864022662886,2.099827372551774,0.014880952380952328,0.0
2005-08-30,13.28,13.44,-0.006703935722190218,-0.006688988150796652,-0.01362625171176522,-0.015859308549129737,-0.01197619104671565,13.543000000000001,13.698000000000002,13.895666666666667,1,30,8,13.52431255685155,13.78010601753654,31.818181818181756,-0.1831786479125448,-0.15986011938943165,14.187020503282598,13.208979496717406,0.009353647958380805,0.008043733184968002,0.007798707268782704,-114323600.0,-1.7095397726440427,0,0,-1,0,0,-0.0044642857142856195,0.7913909869441055,0.1260740015105131,0.1276903057198971,-0.01702442635085122,-0.06544686840253355,1.3248701024172849,0.021837349397590432,0.0
2005-08-31,13.32,13.28,-0.013544225107757372,-0.006734032181344068,-0.004583659667657928,0.08540421328701565,0.0030075210639553224,13.494,13.648000000000001,13.853,2,31,8,13.487164819242176,13.750421758340634,35.3846153846154,-0.18853512727021027,-0.16559512096558737,14.069006313240859,13.226993686759144,0.0066664989348003585,0.007765298642748502,0.007389469764327205,-110842000.0,-1.5581714082864693,0,0,-1,0,0,-0.006024096385542174,1.1882747873164052,0.13384305189065332,0.12327029438915962,-0.010401188707280906,-0.06983240223463683,0.4862359748533094,0.019519519519519503,0.0
2005-09-01,13.14,13.32,0.009049835519918076,0.0,-0.0007659900795825345,0.4413669301715642,-0.013605652055778598,13.443999999999999,13.600999999999999,13.811000000000002,3,1,9,13.424043943016326,13.711039709415433,32.394366197183075,-0.2049422250316848,-0.17346454177880688,14.02876776778654,13.173232232213458,0.006849846190190259,0.00750497065787705,0.007380323170995646,-116255300.0,-2.155375111058109,0,0,-1,0,0,0.0,3.0376763888436114,0.10373388263737952,0.11913771574547694,-0.0331125827814569,-0.06676136363636365,0.6871489932705164,0.02054794520547942,0.0
2005-09-02,13.51,13.14,0.0022497197340153245,0.022272635609123223,0.02272825107755609,0.18828285375922055,0.027769138915642953,13.435999999999998,13.5785,13.781333333333333,4,2,9,13.439672317013358,13.69806940558218,45.14285714285714,-0.18594559535726773,-0.17596075249449908,13.972789500907014,13.184210499092986,0.012185451670033945,0.010193379687340612,0.009314825365391086,-109720500.0,-0.34746043119294096,0,0,-1,0,0,0.01598173515981728,2.97938973021386,0.2695257754312074,0.16181488603176356,0.0,-0.03223495702005741,1.5038279850837528,0.019985196150999227,0.0
2005-09-06,13.92,13.51,0.023687265889599626,0.02322310461101148,0.01708173728429166,-0.13706160674562054,0.02989650293416602,13.468,13.577000000000002,13.77,1,6,9,13.527004623010928,13.712387508447847,58.53658536585365,-0.1362366052094206,-0.1680159230374834,13.965524875582705,13.188475124417298,0.015635319827987364,0.012450085176999066,0.010916722314580199,-104022700.0,1.7656527113512246,0,0,-1,0,0,0.011843079200592164,1.9054324167852192,0.3354983897927478,0.19763897507946662,0.03571428571428581,-0.0021505376344085336,0.245778217025403,0.0258620689655172,0.0
2005-09-07,13.73,13.92,0.016685189400787826,-0.002873565195731696,0.0007361060325022723,-0.4336680781769525,-0.013743435126393826,13.49,13.570000000000002,13.752333333333333,2,7,9,13.563912873372576,13.713523798225406,47.99999999999999,-0.11089495645872027,-0.15659172972173077,13.940944739818734,13.19905526018127,0.016234439024572795,0.01276265940305065,0.01116610439841911,-107715600.0,0.8626621856300485,0,0,-1,0,0,-0.0014367816091953717,0.274722744719637,0.34193088195080096,0.2026009370897525,0.03388554216867479,-0.010093727469358216,0.22585280520911227,0.02257829570284053,0.0
2005-09-08,13.77,13.73,-0.012305620356766337,0.0007191657987054193,0.00367242425226379,0.07587428247470863,0.00290909296068373,13.521,13.570500000000001,13.737666666666666,3,8,9,13.601383260032108,13.717167424146348,53.475935828876985,-0.08658574497075122,-0.14259053277153486,13.942548383949168,13.198451616050834,0.016122759929839393,0.012657163578272436,0.011181922967214927,-103731600.0,1.0724411587674394,0,0,-1,0,0,0.0,0.513981400855157,0.3420017839509418,0.2009262427894397,0.03378378378378377,0.0007267441860465684,0.23010607232775362,0.01960784313725487,0.0
2005-09-09,13.76,13.77,0.00290909296068373,-0.0007191657987054853,0.0029282597790883597,-0.5150598095624872,-0.000726480235365885,13.538,13.5735,13.721,4,9,9,13.630222667298996,13.719930816136905,54.644808743169406,-0.06735105511583761,-0.1275426372403954,13.9508745870439,13.196125412956098,0.015936340356836883,0.012615599565871282,0.011149740757982364,-106111900.0,0.9884078388050253,0,0,-1,0,0,0.0,-0.8009899328361627,0.3039647582344559,0.20026643454761894,0.04718417047184165,0.004379562043795637,0.13040852370681194,0.0159883720930233,0.0
2005-09-12,14.03,13.76,-0.005096479906484315,0.010733555643108633,-0.0007312614585462313,0.5466829979929992,0.01943206160917195,13.59,13.593,13.715666666666666,0,12,9,13.702909455062814,13.739935279611943,60.28708133971293,-0.02997514648175148,-0.10802913908866663,14.02166254670376,13.16433745329624,0.016672590270494062,0.01327219584771335,0.011746561998516938,-101999900.0,2.038899844926269,0,0,-1,0,0,-0.004360465116279106,0.5556180827941648,0.2755009909126131,0.21068957738876168,0.03849000740192454,0.02859237536656889,0.22851344013987998,0.027084818246614455,0.0
2005-09-13,13.8,14.03,0.013053122244579262,-0.0021375141733108666,0.006562181769339446,-0.10422626940481375,-0.01652930195121047,13.626,13.598999999999998,13.705000000000002,1,13,9,13.72056228141503,13.743810422862786,56.5022421524664,-0.018698008418217782,-0.09016291295457686,14.036066777987342,13.161933222012655,0.01769725346462079,0.013852737116091864,0.012083553470339044,-105704900.0,0.9197679170473232,0,0,-1,0,0,-0.010691375623663478,0.21792362374569063,0.22943120088533003,0.219905384320399,-0.008620689655172376,0.00877192982456143,0.6598265159596967,0.01884057971014491,0.0
2005-09-14,13.64,13.8,-0.01013766828445523,-0.009315724840191542,-0.008759180089881465,-0.49489383220600097,-0.011661939747842975,13.662,13.602500000000001,13.686,2,14,9,13.705914593885023,13.737112976226479,53.84615384615384,-0.022413093885040425,-0.07661294914066959,14.039710054296712,13.16528994570329,0.01766885752470322,0.013990508248390434,0.01216617721691413,-107963600.0,0.17154225815013108,0,0,-1,0,0,-0.004347826086956557,-0.9405101924481614,0.22303221497037065,0.22209243324383376,-0.006554989075018169,0.005158437730287346,0.6838351718730737,0.018328445747800584,0.0
2005-09-15,13.8,13.64,-0.008038041085762036,0.007173631911137305,-0.0014673516939498429,0.6914190312431789,0.011661939747842957,13.709999999999999,13.601999999999999,13.668666666666667,3,15,9,13.723021031360473,13.741170203566707,54.43037974683546,-0.012304820744972744,-0.06375132346153023,14.038232675722034,13.165767324277963,0.017893174807548696,0.013661590795924496,0.01228949335237918,-103454000.0,0.9077724389732154,0,0,-1,0,0,-0.0007331378299120078,0.7972252121304745,0.2413930032575439,0.21687103055727108,0.002178649237472907,-0.0007241129616220032,0.20613237479581464,0.026811594202898623,0.0
2005-09-16,14.6,13.8,0.026784083906817403,0.045414719855775616,0.015300844955300543,1.1610544704161465,0.05635293655113157,13.856,13.65,13.686000000000002,4,16,9,13.882471752931295,13.796578577530145,67.63754045307445,0.0595726561681289,-0.03908652753559841,14.274482944016574,13.025517055983427,0.023619734077690507,0.018497522039462182,0.016024602148920247,-89053500.0,3.0425170426265047,0,0,-1,0,0,0.014492753623188354,3.7815787962464418,0.4718509180205584,0.29363905912411936,0.06104651162790686,0.07038123167155419,0.9319479028675661,0.055479452054794556,0.0
2005-09-19,14.28,14.6,0.017699577099400857,-0.0172239876338891,0.026401818930548104,-0.7300476127515513,-0.02216157180285245,13.932999999999998,13.684500000000003,13.696666666666665,0,19,9,13.954749616034695,13.82776705639917,62.574850299401206,0.0896809625112347,-0.013333029526231787,14.368435207764772,13.000564792235235,0.02481758037541661,0.019305670380853974,0.016488539246409722,-95992900.0,1.741393024483134,0,0,-1,0,0,-0.023972602739726005,0.954321959649518,0.5206876442714653,0.3064680163267514,0.01781895937277267,0.050772626931567366,1.5174559155868934,0.01330532212885163,0.0
2005-09-20,14.2,14.28,0.006993035490970604,0.01585693342235585,-0.0014094435032336043,-0.10369029698930085,-0.005617992304223261,13.960999999999999,13.714500000000001,13.705,1,20,9,13.999340594937477,13.851782085018579,64.11042944785278,0.1058663197599774,0.01050684033101005,14.434513888754367,12.994486111245635,0.02343682608751295,0.01939063265134802,0.01652897968917131,-102248800.0,1.3485850969900592,0,0,-1,0,0,0.004901960784313745,0.6386883417042372,0.49931098002384033,0.3078167505580553,0.02898550724637672,0.044117647058823595,1.4782412878327185,0.030985915492957712,0.0
2005-09-21,14.22,14.2,0.0034782643763247925,0.0013670542115330967,0.0007049700679697383,0.16672449528181524,0.0014074597678797698,14.01,13.75,13.716666666666667,2,21,9,14.039460486767027,13.875538079533511,63.888888888888914,0.118936143020278,0.03219270086886364,14.497064430392104,13.002935569607896,0.02277729779733446,0.01927829948144134,0.01648415097770768,-94857900.0,1.2582582729934453,0,0,-1,0,0,0.014084507042253596,0.9487751315397429,0.4783461251865731,0.3060335167687155,0.04252199413489732,0.05255366395262784,1.3314228252192961,0.031645569620253236,0.0
2005-09-22,14.28,14.22,-0.012578782206860073,-0.010298752200574473,-0.003529830703524559,-0.5673101447994032,0.004210532536343458,14.060999999999998,13.791,13.734,3,22,9,14.083194943718475,13.901632396982963,68.26923076923077,0.13260696018409668,0.05227555273191025,14.56071354890479,13.02128645109521,0.022775768304262582,0.01922034101160969,0.01640725890094284,-90666900.0,1.2706025525880054,0,0,-1,0,0,0.0,-0.23097343077415292,0.4783382485069876,0.3051134545834492,0.03478260869565197,0.06092124814264466,1.5792031915507363,0.024509803921568603,0.0
2005-09-23,14.53,14.28,0.00840341079637938,0.012345835822299362,0.0007069636208199028,0.10650517167063099,0.017355520670753147,14.138,13.838,13.761666666666667,4,23,9,14.164432226678752,13.942172242338902,67.00000000000001,0.16174954388584872,0.07417035096269795,14.668436790584977,13.007563209415022,0.023094384264613178,0.01943945083381325,0.016628381489634584,-86004900.0,1.6665928288474305,0,0,-1,0,0,0.004201680672268943,-0.08993392170488342,0.22924951437734134,0.30859171517962236,-0.004794520547945269,0.06916850625459903,-0.4237414508418726,0.03578802477632482,0.0
2005-09-26,14.42,14.53,0.022751756983416027,0.0013623980308956293,0.014035318116383365,-0.31290821787887796,-0.007599345725388479,14.177000000000001,13.883500000000002,13.787666666666667,0,26,9,14.21089909455534,13.97299983960736,59.259259259259274,0.17396382406373334,0.09412904558290502,14.73764839090371,13.029351609096294,0.022872168087313436,0.019485954028804202,0.01668133960369535,-89414300.0,1.2562220000961875,0,0,-1,0,0,0.009635237439779806,-0.5884563287537135,0.15777614388041028,0.30932993051431834,0.009803921568627416,0.06735751295336789,1.0323971542142072,0.023578363384188616,0.0
2005-09-27,14.55,14.42,-0.011655942728361651,-0.008202369978672441,0.0013927578853034758,-0.2960271536229768,0.0089748617606985,14.251999999999999,13.939000000000002,13.816666666666666,1,27,9,14.272553804636186,14.010225656406886,65.53030303030306,0.191921293444544,0.11368749515523283,14.815761985345256,13.062238014654747,0.021870763654037315,0.019413740282488722,0.016730117087655476,-86878500.0,1.3937648078101774,0,0,-1,0,0,0.005547850208044388,-0.894066585925933,0.14722251096737915,0.30818357283037195,0.02464788732394374,0.08258928571428581,0.039046027058211814,0.013745704467354024,0.0
2005-09-28,14.56,14.55,0.0034423441909729197,0.005475715255962763,0.0,-0.04732030874267257,0.0006870491510383883,14.344,14.003,13.849666666666668,2,28,9,14.324816749247788,14.045694968896765,65.13409961685826,0.2046011193874051,0.1318702200016673,14.86394440189659,13.14205559810341,0.02113562185505572,0.01906669541021746,0.016621598660805776,-84459900.0,1.2939279209504704,0,0,-1,0,0,0.0,-0.9123527717432741,0.14838932574914246,0.30267440627551234,0.02390998593530247,0.09638554216867479,0.09872856693786082,0.019230769230769308,0.0
2005-09-29,14.52,14.56,-0.0027529267214051432,-0.005475715255962907,-0.0034855385584339,-0.28528686172582607,-0.002751033371889982,14.416,14.062999999999999,13.873333333333333,3,29,9,14.360304613020917,14.07629529348407,64.3939393939394,0.20901293607326465,0.14729876321598678,14.890121832812415,13.235878167187582,0.021251707938253143,0.019138179448083437,0.01639415655559658,-86278200.0,1.105036723419787,0,0,-1,0,0,-0.0034340659340659826,-1.0748455777466197,0.1579566695097198,0.3038091801969369,0.01680672268907557,0.09009009009009006,0.6080069908848502,0.01721763085399449,0.0
2005-09-30,14.85,14.52,0.0013774106860950765,0.019035245041595195,0.011111225425070849,0.9862591306060955,0.022472855852058576,14.440999999999999,14.148500000000002,13.913666666666666,4,30,9,14.449340137926203,14.12621172616252,65.18518518518519,0.2364123601311512,0.16512148259901968,14.925925576061768,13.371074423938236,0.012779194577655731,0.019059039216386447,0.016601009983489873,-81403000.0,1.8046743549488335,0,0,-1,0,0,0.000688705234159765,0.031093074923876512,0.188724532380672,0.30255286796631536,0.0220233998623538,0.13013698630136972,1.012883212009377,0.024915824915824863,0.0
2005-10-03,14.82,14.85,0.017059437937864273,0.0006731740409044118,0.013036205197320022,-0.48288572316171413,-0.002022245380767698,14.495,14.214000000000002,13.954666666666666,0,3,10,14.516732840121438,14.170972259958488,70.39999999999999,0.252791825018317,0.18265555108287915,14.985639403102406,13.442360596897599,0.009906930507919765,0.018421836525672523,0.01658104267212316,-84411000.0,1.5706818432639746,0,0,-1,0,0,-0.0047138047138047335,-0.5770132434728672,0.16965377065532894,0.29243758884009385,0.0277392510402219,0.09696521095484822,1.3701427775260013,0.012820512820512787,0.0
2005-10-04,14.84,14.82,0.0013522652500137541,0.012040279232080751,0.008822588615179077,0.6595092588410311,0.001348617871293463,14.559000000000001,14.26,13.996,1,4,10,14.575508687372086,14.214135339961166,75.42372881355931,0.2643393621804151,0.19899231330238634,15.06673480935854,13.45326519064146,0.009408138232705794,0.01741879475905598,0.016578502122807724,-78594000.0,1.4378950635864498,0,0,-1,0,0,-0.00134952766531711,0.430769695511862,0.1684639985519047,0.27651479442562427,0.01993127147766316,0.06609195402298851,2.0877639166499966,0.016172506738544368,0.0
2005-10-05,15.01,14.84,-0.002029084226780981,0.005966209278570921,-0.0027063615977430252,-0.07740879479244009,0.0113904079061362,14.638000000000002,14.323999999999998,14.046,2,5,10,14.654507107849886,14.265481447060447,75.52742616033754,0.2839354170831374,0.21598093405853658,15.156381491485483,13.491618508514513,0.009581211069470246,0.017029783391291443,0.01654366885639794,-73210300.0,1.6482826853243733,0,0,-1,0,0,-0.004716981132075491,0.24503255397376153,0.17242528633939122,0.27033943040793196,0.030906593406593297,0.09322651128914772,1.0861208360053385,0.024650233177881477,0.0
2005-10-06,15.21,15.01,0.0220966472775903,0.01898584033491876,0.022773924648552275,0.08472253760300248,0.013236460625831005,14.731,14.396,14.104333333333333,3,6,10,14.755505815513542,14.326418127895257,67.23163841807911,0.3120071362566872,0.2351861744981667,15.274453186003205,13.517546813996796,0.00987800244808505,0.017134257230505042,0.016574945065501306,-67350600.0,1.8532575508173537,0,0,-1,0,0,0.005996002664890064,0.3817322043623985,0.15724348550195136,0.27199790119035994,0.04752066115702491,0.10457516339869288,0.19873804592033883,0.02103879026955952,0.0
2005-10-07,15.16,15.21,0.006600684031352093,-0.005201572196073284,-0.009314771274547374,-0.40666042261816293,-0.003292726056975979,14.794,14.466,14.156666666666666,4,7,10,14.829050212692897,14.380197603514919,79.33333333333331,0.3264564075606753,0.25344022111066844,15.354129909890036,13.577870090109963,0.009453292525219651,0.017189747543893925,0.016596802100714982,-71252400.0,1.5628344283235045,0,0,-1,0,0,-0.0006574621959238371,-0.35484146773100633,0.12264735600985861,0.2728787826067601,0.020875420875420936,0.10174418604651159,0.4368744944515859,0.02506596306068595,0.0
2005-10-10,15.03,15.16,-0.013245226750020567,-0.017094433359300068,-0.005361943141385399,-0.1591265601217543,-0.008612176449342571,14.854999999999999,14.516,14.207333333333333,0,10,10,14.865586537657823,14.422120338772022,76.77419354838706,0.3236863904049887,0.26748945496953247,15.413327024820306,13.618672975179694,0.00959762341131897,0.017082865094056574,0.016657954820672616,-74580200.0,1.1456246959750929,0,0,-1,0,0,-0.010554089709762543,-0.5469035235538391,0.14938541845730643,0.2711820763160383,0.014170040485829816,0.07127583749109045,0.028462785073880767,0.013306719893546193,0.0
2005-10-11,14.69,15.03,-0.0006668889877037677,-0.00332115881492698,-0.023114557299572593,0.24026874713121257,-0.02288121357909723,14.869,14.560500000000001,14.248999999999999,1,11,10,14.833661712629127,14.439402897560925,62.56684491978606,0.2907049081273989,0.2721325456011058,15.394349033414022,13.72665096658598,0.012581717351858559,0.017517438583909955,0.017271327890184315,-78811800.0,0.31060778344921214,0,0,-1,0,0,-0.0026613439787091914,-0.2289054217491152,0.2362591247861976,0.2780807165992393,-0.010107816711590334,0.06449275362318829,-0.4016756195636133,0.033356024506467,0.0
2005-10-12,14.7,14.69,-0.01817619881377613,-0.015421022994813703,0.004802753657234887,-0.18091409702607486,0.0006805035989046138,14.883000000000001,14.613499999999998,14.296333333333333,2,12,10,14.809359583060193,14.456215613847318,61.53846153846152,0.26234955981159835,0.2701759484432043,15.32707587285093,13.899924127149067,0.012581737304071122,0.017180934669529243,0.017045397059962927,-75280500.0,0.24244093246709586,0,0,-1,0,0,0.0020422055820286684,-0.5165491389496308,0.20852448770742965,0.27273888256333245,-0.020652898067954784,0.07771260997067442,-0.19339182307092034,0.012925170068027299,0.0
2005-10-13,14.79,14.7,0.002713705871596104,0.008745430781029495,0.002734109700468165,-0.279625056577158,0.006103782938017886,14.91,14.663000000000002,14.345333333333334,3,13,10,14.80583965886743,14.477750090373299,57.83132530120479,0.24432357968028207,0.26500547469061986,15.268069808933973,14.057930191066031,0.012598606072498955,0.017091720903549133,0.01705159413633395,-72610600.0,0.4197862730045959,0,0,-1,0,0,0.004081632653061259,-0.7886276895213108,0.17403635400816023,0.27132265793349114,-0.027613412228796985,0.07173913043478253,-1.0052329515182332,0.018931710615280553,0.0
2005-10-14,15.52,14.79,0.016129381929883717,0.050924840716430865,0.01960184424159483,0.985225172499407,0.04817823803236425,14.977,14.709,14.424666666666665,4,14,10,14.935686993618805,14.544992020026635,74.12280701754382,0.28564996470924875,0.26913437269434565,15.423832332199009,13.99416766780099,0.018783064618642126,0.01570177405051728,0.01865919456559764,-65459500.0,2.2690635648926336,0,0,-1,0,0,0.014198782961460505,1.5922340660929852,0.42998735241011515,0.24925793568117638,0.0237467018469657,0.06301369863013706,1.3352792004655119,0.04961340206185576,0.0
2005-10-17,15.27,15.52,0.03278982282299097,-0.01281247507908238,0.013958352250706855,-0.4166657483170507,-0.01623939552453168,15.022,14.758499999999998,14.483333333333333,0,17,10,14.996471176597204,14.591766728412013,64.99999999999997,0.29482989640192336,0.2742734774358612,15.485259932852092,14.031740067147904,0.01983203484336792,0.015260661378811735,0.01857449301539022,-70173800.0,1.4076175003007465,0,0,-1,0,0,-0.0012886597938144056,0.2252592663783707,0.44791457562855985,0.24225548910422348,0.015968063872255467,0.06932773109243695,1.3206380898801369,0.02357563850687619,0.0
2005-10-18,15.27,15.27,-0.012987195526811079,-0.0019361090268663291,0.007889587275162924,-0.3469977068505589,0.0,15.065000000000001,14.811999999999998,14.528333333333334,1,18,10,15.046203689943166,14.635523713675754,64.85355648535561,0.2986622657178124,0.2791512350922515,15.52301410156955,14.100985898430444,0.019850380968924514,0.01513635805618047,0.017919224666764214,-70173800.0,1.2883007495603072,0,0,-1,0,0,0.00196463654223976,-0.5736654790429112,0.38987683722806576,0.24028223503129537,0.03948264125255285,0.07535211267605635,1.56778988624276,0.013752455795677855,0.0
2005-10-19,15.58,15.27,-0.002617802542078934,0.006439172281021233,-0.004594691378310417,0.154420743293814,0.020097921212061113,15.121999999999996,14.88,14.59,2,19,10,15.143257564498953,14.696457667632158,69.92481203007517,0.3229906204158137,0.2879191121569639,15.612436453143834,14.147563546856167,0.02045519295205175,0.01556621388478728,0.017887671172710215,-66285300.0,1.9114286215422334,0,0,-1,0,0,-0.0006548788474132146,-0.11048210302939833,0.39151701066116096,0.2471059847639267,0.05986394557823127,0.09563994374120943,0.806745285844204,0.024390243902439074,0.0
2005-10-20,15.07,15.58,0.025235891129851296,0.007672671911660186,-0.01792281630113166,0.351350261893839,-0.03328202780419814,15.108,14.9195,14.633333333333333,3,20,10,15.129938007317325,14.720557172946213,53.87323943661973,0.2976867316986809,0.28987263606530733,15.598988197488003,14.240011802511995,0.02311477157428219,0.017675398696172802,0.019129006427280302,-71810800.0,0.4429804684066141,0,0,-1,0,0,0.004492939666238786,1.0314604224293293,0.5077773707923924,0.2805882556439313,0.01893171061528065,0.05532212885154064,0.482233581493026,0.05109489051094888,0.0
2005-10-21,15.8,15.07,-0.02589141393274159,0.012029268194362345,0.014627920404279193,0.4236678075126064,0.047303927394517095,15.172,14.983,14.701333333333332,4,21,10,15.251767460532356,14.790198645659363,63.84180790960451,0.3327029245077817,0.2984386937538022,15.741949412362576,14.224050587637425,0.027784404626767092,0.02019930572082082,0.020814234838755778,-63370300.0,2.1529761712489286,0,0,-1,0,0,0.011944260119442583,2.4625922727437706,0.5026510040999481,0.320654037560737,0.01804123711340222,0.08740536820371658,0.4538351156433749,0.0468354430379747,0.0
2005-10-24,15.9,15.8,0.0316257399358365,0.006273546297238237,0.03756918511480841,-0.4282752746679866,0.006309169193264756,15.259,15.056999999999999,14.763666666666667,0,24,10,15.369627922253745,14.861798733036178,64.64088397790056,0.3643229852612624,0.31161555205529423,15.87139935890732,14.242600641092677,0.027403032988025874,0.020004310035737823,0.0206290349052261,-57870200.0,2.070237386068314,0,0,-1,0,0,-0.0037974683544304113,0.6522970919618253,0.4703614642064714,0.3175585770239754,0.04125736738703356,0.10263522884882104,-0.08057705658472133,0.01635220125786162,0.0
2005-10-25,15.42,15.9,-0.010859257143350202,-0.0025046976150093934,-0.03230255016311603,-0.16375710637920124,-0.030653741091002402,15.332000000000003,15.1005,14.817666666666666,1,25,10,15.37878648184397,14.897811718001586,55.21628498727734,0.34665410995118506,0.3186232636344724,15.893534810412191,14.307465189587809,0.028368004121150814,0.02146625656057703,0.021252440067864302,-62539500.0,0.8057653858446271,0,0,-1,0,0,-0.020754716981132078,0.1016059398922968,0.5471563825067487,0.34076625863277327,0.00982318271119853,0.0597938144329897,0.25427461036238574,0.046692607003890975,0.0
2005-10-26,15.58,15.42,-0.012928428295402512,-0.010082000963302886,0.00915039064343403,0.027273361500489066,0.010322672307418738,15.419999999999998,15.151499999999999,14.882333333333333,2,26,10,15.415370757872338,14.941823865227292,54.755784061696644,0.34162403260053864,0.3232234174276857,15.929223398265545,14.373776601734452,0.028361304686749064,0.02151762135778115,0.02107714380044788,-57741100.0,1.1019341862560084,0,0,-1,0,0,-0.003242542153048036,0.11296221744413577,0.5310322706598698,0.3415816495100455,0.0,0.07005494505494503,0.5173299427029966,0.0269576379974326,0.0
2005-10-27,15.44,15.58,0.010999787388996849,-0.0063532615226094425,0.003896108824565107,-0.684060546663958,-0.009026495845972078,15.485,15.1975,14.937000000000001,3,27,10,15.419848801895547,14.97396426101908,53.51758793969848,0.3226218462705397,0.32310310319625646,15.925174739368472,14.469825260631527,0.028764826154812517,0.02165936882893028,0.021176447729714314,-60162200.0,0.6665065774042354,0,0,-1,0,0,-0.0025673940949936407,-1.4799082287122203,0.4594988176319867,0.3438318208558429,0.02455209024552074,0.06336088154269981,0.5819542474899295,0.016839378238341956,0.0
2005-10-28,15.75,15.44,0.007692345623155645,0.008883307147979698,0.006459970785526311,0.14807242528181175,0.019878820675012027,15.508,15.242499999999998,14.975333333333333,4,28,10,15.479876292459991,15.024031082888818,58.65384615384616,0.3287868359405337,0.32423984974511194,15.990715420710277,14.494284579289719,0.024948677589469902,0.02154205666604326,0.01884586506720188,-57354700.0,1.3565611880018031,0,0,-1,0,0,0.014248704663212477,-1.1152217500321253,0.3116618269511575,0.34196954800326995,-0.0031645569620253333,0.06060606060606055,-0.9118524252608886,0.019047619047619094,0.0
2005-10-31,16.01,15.75,0.008900249470264078,0.016297302132455564,0.012160149840464774,0.9453081881573417,0.016373161736981324,15.582000000000003,15.301999999999998,15.033,0,31,10,15.576262421103628,15.08764198076696,66.1764705882353,0.35061083826385797,0.32951404744886115,16.096576351867178,14.50742364813282,0.024482139192288165,0.021705126866371497,0.018415869922802437,-50129300.0,1.7820817303114318,0,0,-1,0,0,0.0031746031746032197,1.5164107026991132,0.33329522343392426,0.344558207181154,0.006918238993710801,0.08029689608636992,-1.0258319792781723,0.023116801998750713,0.0
2005-11-01,16.03,16.01,0.012578782206859965,0.003715873643289054,0.014525042229793015,-0.5507662793549761,0.001248439612838276,15.658000000000001,15.361500000000001,15.094,1,1,11,15.658760162721151,15.148439272330382,66.25916870415648,0.36530929206972296,0.3366730963730335,16.187989723564115,14.535010276435889,0.024456895401075637,0.021705805285588724,0.018335226597703074,-45963800.0,1.617684965560599,0,0,-1,0,0,-0.00062460961898823,-0.3176076996091995,0.18747306180429926,0.34456897675235454,0.039559014267185555,0.08018867924528306,-0.6470977847313116,0.0124766063630692,0.0
2005-11-02,16.42,16.03,0.0012492194004318981,0.017188882380511233,-0.0037688486822288515,0.2908818450860494,0.02403813740282065,15.741999999999999,15.432000000000002,15.167333333333334,2,2,11,15.79716740586276,15.230475448309067,68.56492027334853,0.4037732169367718,0.3500931204857812,16.365822929230745,14.498177070769259,0.0247656251637776,0.02212273559658593,0.018688616403486742,-40392000.0,2.116032856065949,0,0,-1,0,0,-0.0006238303181535597,0.547680141446816,0.22228055971243407,0.3511875402540151,0.05391527599486534,0.09393737508327793,-0.7238381086711512,0.03288672350791712,0.0
2005-11-03,16.4,16.42,0.024052963461786318,0.004251448857358156,0.02240292822712174,-0.29386311818110256,-0.0012187691941295657,15.875,15.491499999999998,15.238,3,3,11,15.90677333206953,15.305928645192354,61.956521739130395,0.4277119248304775,0.3656168813547205,16.51326884809949,14.469731151900508,0.02108564821368987,0.022064292567139,0.018722522845644782,-44545100.0,1.7782887033399526,0,0,-1,0,0,-0.0006090133982948576,-0.28086453285899093,0.18233259167961147,0.3502597859233243,0.06217616580310881,0.0782380013149242,-0.37360913580020255,0.015243902439024392,0.0
2005-11-04,16.3,16.4,-0.0054995555660385465,-0.006079046076382226,-0.010516645024926241,-0.3794525786998227,-0.0061162270174359825,15.925,15.5485,15.296999999999999,4,4,11,15.97826908987507,15.370062280986396,64.58923512747876,0.43361590480611056,0.37921668604499853,16.618458680952944,14.478541319047057,0.016133994449886602,0.02212203358559399,0.018665684496788727,-47386800.0,1.4047271420438174,0,0,-1,0,0,-0.004878048780487702,-1.0422677840346357,0.20435175205612213,0.35117639617500124,0.03492063492063502,0.07519788918205816,0.617755510931893,0.019631901840490813,0.0
2005-11-07,16.18,16.3,0.0012247398958958697,-0.0030534374868901202,0.006199647879525429,-0.03684608469856831,-0.0073891961823710885,15.953,15.606,15.355666666666668,0,7,11,16.014947437170513,15.42231632737437,62.465753424657514,0.42372738877783256,0.3881188265915654,16.68221950412164,14.529780495878361,0.016420887501623925,0.022087770532986464,0.01866126207954542,-50125700.0,1.0666968918547384,0,0,-1,0,0,0.0024539877300612974,-1.0686903083184998,0.20430916497054863,0.3506324870768566,0.010618363522798102,0.07651363938789091,1.8352290167788634,0.010506798516687375,0.0
2005-11-08,16.28,16.18,-0.017907239855831945,0.0,-0.008067062054320739,-0.05922449252043258,0.0061614489440486265,16.038999999999998,15.6855,15.413333333333334,1,8,11,16.063138812230417,15.477650757866348,60.17441860465116,0.41912838176105893,0.3943207376254641,16.710502695759864,14.660497304240137,0.011951033771956592,0.02118657204043151,0.018642225900858785,-47544300.0,1.1599969491968654,0,0,-1,0,0,-0.00803461063040785,-1.0781451565061573,0.20588677406183634,0.3363264045176164,0.015595757953836609,0.1082368958475155,1.424612986023976,0.01842751842751847,0.0
2005-11-09,16.39,16.28,0.00930239266231341,0.009132483563272474,0.00930239266231341,0.012511471504263454,0.0067340321813441194,16.12,15.77,15.474333333333334,2,9,11,16.12256811909761,15.536511999294326,71.71052631578942,0.4195237080953689,0.3993613317194451,16.729473539855793,14.810526460144205,0.011841448880722555,0.02115944494068269,0.018638885695777867,-44930400.0,1.2923754001453442,0,0,-1,0,0,-0.0049140049140050275,-1.0107263323654112,0.1053320439007964,0.3358957751592615,-0.0018270401948843329,0.11496598639455802,0.1442456454736159,0.018303843807199554,0.0
2005-11-10,16.62,16.39,0.014706147389695487,0.009650255832161768,0.013488861785943919,0.1278532649575195,0.013935396671563786,16.238000000000003,15.861499999999998,15.544333333333334,3,10,11,16.21301027926168,15.606414450952759,66.14173228346453,0.43340011809409873,0.40616908899437587,16.77542214340704,14.947577856592954,0.010996774335012567,0.021242184460117604,0.01867741828255029,-41960000.0,1.659878810184778,0,0,-1,0,0,0.003050640634533295,-0.8231331121912445,0.14541577559984042,0.33720922431139216,0.013414634146341697,0.12373225152129841,-0.07441275480203352,0.014440433212996295,0.0
2005-11-11,16.71,16.62,0.0036429912785010087,0.004790428322632518,0.004254032547225256,-0.38847452964882606,0.005400553180000289,16.334,15.921000000000001,15.606333333333334,4,11,11,16.303372046668645,15.677613518633226,66.00790513833988,0.44651240378433954,0.4142377519523686,16.89432636382948,14.94767363617052,0.010063228720963099,0.018641709761881804,0.018365427817494753,-39945800.0,1.6212444855510504,0,0,-1,0,0,-0.007220216606498254,-1.2589477854573499,0.12272345215844838,0.2959279682579062,0.02515337423312891,0.07667525773195893,-1.0355388648136776,0.014961101137043686,0.0
2005-11-14,16.75,16.71,0.007246408520767253,0.0005971932097462035,0.004839694866964213,0.3040795149649612,0.002390915663773149,16.407999999999998,15.995000000000001,15.670666666666667,0,14,11,16.384577129092527,15.746799743237535,81.81818181818174,0.4548879848375549,0.42236779852940587,16.984832521718616,15.005167478281384,0.009389732734865638,0.01804798769132027,0.018332332595951985,-37215800.0,1.5255105958513377,0,0,-1,0,0,-0.005385996409335719,-0.7677965723304829,0.06823840938490755,0.2865029225783292,0.035228677379480766,0.09692206941715775,1.3396723253414493,0.010746268656716402,0.0
2005-11-15,16.45,16.75,0.007791468843773345,0.0,-0.009702926336472042,-0.016062378010129313,-0.018072781059694617,16.45,16.054000000000002,15.724333333333332,1,15,11,16.396472196530247,15.792167501738339,69.50672645739903,0.43233451717454585,0.4243611422584339,17.001648613535654,15.106351386464349,0.011790115328079128,0.01872965799118691,0.018769444048892893,-39902300.0,0.8357528188059731,0,0,-1,0,0,0.0,-0.7653605564695236,0.19042267025613865,0.29732410311584495,0.010442260442260265,0.07727570399476091,-1.5065399331486307,0.020668693009118534,0.0
2005-11-16,16.1,16.45,-0.013221346438142611,-0.010201108563926586,-0.0196929440977077,0.30621392626757155,-0.021506205220963505,16.418,16.080000000000002,15.760666666666667,2,16,11,16.342568160797477,15.812027662916512,63.52459016393444,0.3818173044223361,0.4158523746912144,17.00105203007456,15.158947969925443,0.011282947597836341,0.01911624245687274,0.0192429299743253,-43551300.0,0.04342859979013467,0,0,-1,0,0,0.0048632218844985925,-0.20467193440854692,0.2440346784752067,0.30346094125739786,-0.017693715680292765,0.033376123234916566,-0.2746695775847908,0.030434782608695553,0.0
2005-11-17,16.43,16.1,-0.02635763984251545,-0.007263954458225057,-0.011250118654596322,0.4503544568779524,0.020289660058759252,16.421,16.148,15.801333333333334,3,17,11,16.3584648588343,15.851896845954156,63.821138211382106,0.36421188355468104,0.40552427646390776,16.947936839611497,15.348063160388502,0.01333382256939649,0.017706351223847845,0.019425526224153996,-37826500.0,0.705055664487107,0,0,-1,0,0,0.0,0.9768720065949313,0.275523835326024,0.28107961178799334,-0.011432009626955564,0.09024552090245508,0.10559425854898406,0.03347534996956791,0.0
2005-11-18,16.54,16.43,0.03838424300831529,0.016867869812405265,0.021760261769969178,-0.5992481285569865,0.0066727575463684215,16.445,16.185,15.847333333333331,4,18,11,16.39147124813715,15.896290597828083,61.47186147186143,0.3550428286463507,0.3954279869003964,16.98561818220886,15.384381817791137,0.013269298325709786,0.014403577736734372,0.019403920975833436,-34682300.0,0.8868147336363893,0,0,-1,0,0,0.018259281801582514,-0.428807235634488,0.27788522909345864,0.22864970808591428,-0.010173548773189767,0.04683544303797449,0.05005176271007415,0.029020556227327503,0.0
2005-11-21,16.45,16.54,-0.01748612537069869,-0.0077961414361257374,0.0024570036930520837,-0.12898912411078303,-0.00545621238416435,16.472,16.2125,15.894666666666668,0,21,11,16.40211283938494,15.932013785064981,58.82352941176467,0.33663353686749886,0.3836690968938169,17.009675936467865,15.41532406353213,0.013139362027088005,0.014474452921267818,0.019347315093622346,-37446000.0,0.595853409856593,0,0,-1,0,0,-0.006045949214026474,-0.6216893643603353,0.27578123318352177,0.22977481676032213,-0.017910447761194104,0.03459119496855334,0.4938909227750277,0.018844984802431533,0.0
2005-11-22,16.29,16.45,-0.008552281815317253,-0.009679446413822564,-0.011724910623833684,-0.026917650105534093,-0.009774054597427183,16.473000000000003,16.256,15.948,1,22,11,16.381728686769495,15.9551096698995,46.976744186046446,0.305610490181877,0.368057375551429,16.960673123175226,15.551326876824774,0.013499225166475488,0.012709860979445993,0.018891903668900034,-40136300.0,0.09649864279425441,0,0,-1,0,0,-0.009118541033434565,-0.6069266114831731,0.25408273380816315,0.20176278809890752,-0.009726443768997006,0.05642023346303504,0.39820424278675703,0.02087170042971147,0.0
2005-11-23,16.59,16.29,-0.0036877730791848476,0.014484260462362987,0.004953570500660967,0.24025096279032615,0.018248681588399315,16.493000000000002,16.3065,16.011000000000003,2,23,11,16.41959619826595,15.996070336357597,53.909465020576164,0.3017535676768226,0.35479661397650775,16.949233471812917,15.663766528187082,0.014593081654322127,0.013082954282503473,0.019073279118534497,-36715400.0,0.8821697093208769,0,0,-1,0,0,-0.003069367710251732,-0.018740922305402353,0.21635272422755777,0.20768546067319,0.030434782608695476,0.06482670089858789,-0.1024428493532289,0.030138637733574444,0.0
2005-11-25,16.43,16.59,0.0219253606289659,-0.0017991009350471158,0.006157654924409871,-1.207164187379796,-0.009691172153176372,16.473999999999997,16.356,16.06566666666667,4,25,11,16.421487798581232,16.024065798528074,52.61044176706826,0.2825294424358056,0.34034317966836736,16.853928339802188,15.858071660197815,0.014215261114940241,0.013116092226600642,0.019235424170425026,-37738400.0,0.2972315254415774,0,0,-1,0,0,0.000602772754671583,-1.6629453919287185,0.19461468870763857,0.20821150922743642,0.0,0.06411917098445596,1.0085180800280726,0.022519780888618442,0.0
2005-11-28,16.54,16.43,0.0,0.003594970917858793,0.014020345478878319,1.0313983115967909,0.0066727575463684215,16.457,16.395500000000002,16.099666666666668,0,28,11,16.44303547156646,16.057351876042393,57.25806451612903,0.27302302588018534,0.326879148910731,16.80923650399265,15.981763496007355,0.014285609774058836,0.012538029240711642,0.01721342909931716,-34868900.0,0.6985122105762525,0,0,-1,0,0,0.01034692635423017,-0.3603631878039939,0.19461468870763857,0.19903504381067402,0.0,0.05015873015873007,1.0085180800280722,0.012091898428053163,0.0
2005-11-29,15.98,16.54,-0.007862151172948782,-0.014458083175229775,-0.03825265886664611,0.6539501646341592,-0.03444374925741655,16.380000000000003,16.394,16.12333333333333,1,29,11,16.35884720400892,16.052361432426753,44.89795918367344,0.2177912405345559,0.305061567235496,16.813794435909134,15.974205564090864,0.017570298198809998,0.014487960873923506,0.01814649733502817,-40387300.0,-1.9723939365866647,0,0,-1,0,0,-0.004232164449818639,1.8458422648438957,0.3134767653213319,0.22998924886101366,-0.02857142857142847,-0.0018738288569645212,-0.372229646008072,0.0362953692115144,0.0
2005-11-30,16.5,15.98,-0.024586364440127625,0.0030293873516072517,0.01001259929242977,-0.12431663751558968,0.032022440568406224,16.384999999999998,16.417499999999997,16.164333333333335,2,30,11,16.38451134873457,16.081241340012127,51.64179104477611,0.21351800426052137,0.2867528546405011,16.802693047976906,16.032306952023088,0.02033513955128135,0.01621581332760471,0.018995599895178676,-35514000.0,0.42835664056402406,0,0,-1,0,0,0.005632040050062569,1.2433341354011112,0.40799042801325397,0.25741805622893293,0.012891344383057168,0.02932002495321262,-0.5215719077479825,0.02848484848484863,0.0
2005-12-01,16.52,16.5,0.026406201157113788,0.00542987759436924,0.022777223530561188,-0.4800388343221686,0.0012113871862970882,16.427,16.4225,16.195666666666668,3,1,12,16.409145648964646,16.109548350333927,48.40764331210188,0.20933221510837896,0.2712687267340767,16.810416160230066,16.034583839769933,0.018849796156721194,0.015306620568186347,0.018705240829834182,-32498600.0,0.5026859409114333,0,0,-1,0,0,0.0,-0.16506616468060065,0.38417089701373347,0.24298506861748354,-0.0042194092827004814,0.006090133982947554,-0.0192758190027966,0.011501210653753105,0.0
2005-12-02,16.59,16.52,0.0,0.0071942756340270106,0.0030385924321490133,0.026216952614468658,0.004228336109521105,16.442999999999998,16.432,16.246333333333336,4,2,12,16.442028258243802,16.140545230957546,48.07692307692306,0.2092512439480565,0.2588652301768727,16.826840407465646,16.03715959253435,0.01782098240066279,0.015324583844852047,0.017509152217607165,-29403100.0,0.8003233560321381,0,0,-1,0,0,-0.0012106537530266086,-0.04783632166985738,0.3761632703270751,0.2432702267942193,0.009738283627510613,0.011585365853658658,-0.5830511158204313,0.01567209162145859,0.0
2005-12-05,16.6,16.59,-0.0024271856576110772,-0.006592771856492886,-0.0018220472699447688,-0.43495397255958684,0.000602591160144514,16.449,16.447,16.273,0,5,12,16.470750393108563,16.170187474121576,47.5728155339806,0.20760089624184275,0.2486123633898667,16.84351640969462,16.05048359030538,0.017712745660800427,0.015241452565511746,0.015300663446682848,-27399400.0,0.771720898602086,0,0,-1,0,0,-0.007836045810729294,-0.9753224829751669,0.37402202804465806,0.24195055864638884,0.0036275695284160303,0.01840490797546024,-0.33734254920236184,0.010843373493975886,0.0
2005-12-06,16.52,16.6,0.012077441489772923,0.006592771856492823,0.001822047269944792,0.5841033580987718,-0.004830927269665692,16.456,16.464,16.293666666666667,1,6,12,16.479704867088824,16.192756024178248,51.21951219512196,0.19756030021855153,0.23840195075560366,16.84099085567474,16.087009144325258,0.017690626010912577,0.015178304831736633,0.015321263986267035,-30992800.0,0.2970894341708716,0,0,-1,0,0,0.0036144578313252237,0.39248649389641976,0.23462303079879776,0.24094811944983124,0.03379224030037542,0.021013597033374465,1.9585533259585686,0.015738498789346127,0.0
2005-12-07,16.43,16.52,-0.009650255832161704,-0.013235350255583363,-0.010982416668608929,-0.06921353843879614,-0.005462836043655296,16.47,16.4715,16.327333333333335,2,7,12,16.47066761852722,16.20806208713449,56.32183908045974,0.18026284977046103,0.22677413055857515,16.83892489386376,16.10407510613624,0.017464343272332494,0.015198170499493064,0.014186752033907134,-34345900.0,-0.22589650670423675,0,0,-1,0,0,-0.0012106537530266086,0.14707889294007476,0.06599833997340507,0.24126347714890176,-0.00424242424242427,0.00921375921375911,-0.10260343182042377,0.013384053560559897,0.0
2005-12-08,16.44,16.43,-0.00790998952349133,0.006041074621556484,0.0012262417232442935,-0.38755365213676723,0.0006084575788572956,16.455000000000002,16.474,16.356,3,8,12,16.465091687885906,16.223025823448395,50.21834061135374,0.16545415953596887,0.21451013635405392,16.83976667857681,16.10823332142319,0.01636363482440164,0.015128434510056533,0.014104824501469613,-32070100.0,-0.18591086608704857,0,0,-1,0,0,-0.0036518563603164162,-0.7875376175036535,0.06494511071517527,0.24015645263602123,-0.004842615012106477,0.003050640634533197,0.005682488829074439,0.018248175182481792,0.0
2005-12-09,16.3,16.44,-0.010439149144705272,-0.013325454597149509,-0.009846108343346047,-0.02572575001259586,-0.008552281815317253,16.442,16.458000000000002,16.384666666666664,4,9,12,16.435075017361196,16.22799189935495,44.82758620689659,0.14079830069657007,0.19976776922255715,16.824870118992735,16.09112988100727,0.016299528791539845,0.01488636115538868,0.014092583335895742,-34288100.0,-0.8613402499707563,0,0,-1,0,0,-0.01459854014598552,-0.7918661303457942,0.06369913775879867,0.23631365726310358,-0.01748040988547317,-0.019253910950661868,0.0342362623746752,0.014717791411042862,0.0
2005-12-12,16.31,16.3,0.0006170935092463907,0.003651860418771239,0.001848526496928982,-0.08586439996727885,0.0006133088202056268,16.419,16.438,16.403333333333332,0,12,12,16.412334105113704,16.233282744557858,46.874999999999986,0.12067421413354751,0.18394905820475524,16.790351499140538,16.08564850085946,0.016106324001781965,0.014818287970534411,0.013668732614340137,-32252600.0,-0.7265472138601369,0,0,-1,0,0,-0.0055214723926380275,-0.9515909654599823,0.06374283614212121,0.23523302895464443,-0.01746987951807244,-0.023937761819269987,0.035013942680168664,0.016554261189454297,0.0
2005-12-13,16.21,16.31,0.00676301378837609,0.0024271856576111375,-0.006195806685252014,0.18043654209818336,-0.006150080885337685,16.442,16.410999999999998,16.41,1,13,12,16.37554608600212,16.23178063200574,48.16513761467894,0.09555506695016902,0.16627025995383798,16.74496501550037,16.077034984499626,0.01164399062654233,0.014834908322047969,0.013420311739607949,-34690600.0,-1.2037188967164352,0,0,-1,0,0,0.0006131207847947005,-0.5866775564452391,0.06607543683077384,0.23549686885548854,-0.01876513317191275,-0.032238805970149165,0.25625082061859483,0.02529302899444788,0.0
2005-12-14,16.26,16.21,-0.005529968009461086,-0.0006062443350275067,0.006813281234046599,0.1693169354959018,0.0030797683720797608,16.418,16.4015,16.41766666666667,2,14,12,16.35453770672901,16.23360123639247,41.45077720207259,0.07877448078712135,0.14877110412049466,16.741547984228934,16.061452015771064,0.0043700824349679,0.014349878289172687,0.013428021373076743,-31802800.0,-0.832235487711244,0,0,-1,0,0,0.0012338062924120649,-0.20873555058858534,0.07896958896764734,0.22779725578317567,-0.010346926354229957,-0.011550151975683765,-0.5411162687857197,0.017835178351783464,0.0
2005-12-15,16.61,16.26,0.003075979047894507,0.00785265285579479,0.001850139288161595,-0.08092901116778502,0.021296819505538796,16.427,16.427,16.424,3,15,12,16.400985396414644,16.257885027592955,54.24528301886793,0.09264981093530622,0.13754684548345697,16.747795064929974,16.106204935070025,0.008508917669078393,0.014277031346177306,0.013265650933284575,-29139500.0,1.1409153070353268,0,0,-1,0,0,0.0012300123001229748,-0.36066370419072896,0.18799149284536204,0.2266408464135532,0.010340632603406119,0.03167701863354022,1.3918781333447101,0.023479831426851328,0.0
2005-12-16,16.82,16.61,0.021872074818668312,0.019661044399156974,0.022541313835997695,0.8398086808738318,0.012563730919598594,16.45,16.4465,16.438000000000002,4,16,12,16.477169869793798,16.294150509683732,56.30630630630634,0.1192170945450215,0.13388089529576988,16.812317037960746,16.080682962039255,0.009290141437029813,0.013832662093655959,0.01344505209487888,-22971500.0,2.0420043969634754,0,0,-1,0,0,0.0018061408789886296,2.5279138557463474,0.17193641876088897,0.21958670321882232,0.031901840490797584,0.0237370663420573,0.518189901754224,0.02080856123662294,0.0
2005-12-19,16.56,16.82,0.0047961722634930135,-0.004730937268582223,-0.008469500113573834,-0.5208737760918066,-0.015578505587688448,16.445999999999998,16.447499999999998,16.44666666666667,0,19,12,16.492229893467652,16.311302089704135,65.1041666666666,0.11793257777718935,0.13069123179205377,16.8145006453447,16.080499354655295,0.010724015961270848,0.014255406006805929,0.013719578539859056,-26635300.0,0.6130779410174405,0,0,-1,0,0,-0.005945303210463818,0.43906635916194753,0.23278745632369818,0.22629755479358898,0.015328019619865074,0.0012091898428052694,-0.018242754863590584,0.024758454106280203,0.0
2005-12-20,16.48,16.56,-0.012639349724518722,-0.014930107130574747,-0.00854184571296279,-0.42424118677199435,-0.004842624475787903,16.442,16.449,16.456666666666667,1,20,12,16.490006276473533,16.322185825852255,49.324324324324344,0.10920046261405147,0.12639307795645333,16.816288786421254,16.08171121357875,0.010724574947486883,0.01424343742498787,0.013676524410501236,-29032400.0,0.16880450014307938,0,0,-1,0,0,-0.003019323671497413,-0.5808659954841638,0.2296898778931651,0.2261075594473687,0.016656384947563163,0.0018237082066869803,-0.06898181438741431,0.018203883495145675,0.0
2005-12-21,16.53,16.48,0.004230891775111995,0.001803426999150505,0.009756174945364656,-0.021675808580786424,0.0030293873516072517,16.452,16.461,16.465,2,21,12,16.497277862569256,16.335593191926304,50.331125827814624,0.10510321611741347,0.12213510558864536,16.822045266150578,16.09995473384942,0.010597260230852784,0.014060605826602313,0.013645099141536943,-26686700.0,0.3822235407525042,0,0,-1,0,0,0.006067961165048414,-0.6044696805464062,0.22969443116924795,0.22320519780057296,0.016605166051660403,0.014732965009208288,-0.06548748008689245,0.010284331518451189,0.0
2005-12-22,16.62,16.53,-0.004230891775112027,0.002399521247290998,0.0,-0.0402768190872379,0.00542987759436924,16.470000000000002,16.4625,16.472666666666665,3,22,12,16.519590978465754,16.35394201825364,50.98039215686279,0.1078748524392239,0.11928305495876107,16.826042511811142,16.098957488188855,0.010704593184450915,0.01349424913541663,0.013626768600314454,-24433600.0,0.8664736303622319,0,0,-1,0,0,-0.0012099213551118918,-0.6264551812824793,0.1703898548143639,0.21421456405116462,0.0006020469596630385,0.001808318264014508,-0.615378811405009,0.012635379061371892,0.0
2005-12-23,16.58,16.62,0.006640531495265463,0.002991327387585434,0.004842624475787991,-0.010933460098386562,-0.0024096397201533995,16.497999999999998,16.470000000000002,16.471333333333334,4,23,12,16.530574436926525,16.368526404172762,49.358974358974265,0.10562613613933891,0.11655167119487664,16.836893072045534,16.10310692795447,0.010257226260000498,0.01331283535003041,0.013394626033724015,-26662200.0,0.5996297470907,0,0,-1,0,0,0.0,-0.7391383227552387,0.12957406093631796,0.21133470948797992,-0.014268727705113116,0.009129640900791047,-0.9521324272806009,0.010856453558504207,0.0
2005-12-27,16.51,16.58,-0.0012040940648045638,0.005361943141385373,-0.004236012385606118,0.3855852993358596,-0.004230891775112027,16.518,16.4685,16.464666666666666,1,27,12,16.52683363021261,16.377653732935812,49.677419354838776,0.09707655913926416,0.11265664878375414,16.834432119099553,16.102567880900445,0.010429382866324355,0.013270871204680379,0.013375985762873592,-29939300.0,0.22681802352917946,0,0,-1,0,0,0.001206272617611769,0.13818606258421148,0.07275782966981661,0.2106685493325146,-0.003019323671497376,-0.0018137847642077931,0.6004154081389694,0.02059357964869775,0.0
2005-12-28,16.61,16.51,-0.0012055456553487812,-0.009552311440011757,-0.010975719938584993,-0.1843436786330927,0.006038665693166717,16.558,16.5,16.46,2,28,12,16.54195478835577,16.39264381468189,55.769230769230774,0.09724909500371481,0.1095751380277463,16.789318618752947,16.210681381247053,0.010177710461067786,0.010656070521366903,0.01341821765798004,-27213900.0,0.7604073355121972,0,0,-1,0,0,0.0042398546335552225,-0.2434942615509978,0.07388438651995483,0.16915987531621932,0.007888349514562965,0.03942428035043788,-0.4484236390623605,0.021673690547862914,0.0
2005-12-29,16.54,16.61,0.0012055456553489111,0.004787561508372734,0.014003272962622753,-0.08744510212813138,-0.004223234029658321,16.586,16.502000000000002,16.463,3,29,12,16.541599372291085,16.402150665347577,53.08641975308637,0.090691975296334,0.10579850548146384,16.791871114733972,16.212128885266033,0.010389614819124255,0.007930567340259336,0.013021747194657601,-29711100.0,0.2621854891258921,0,0,-1,0,0,-0.0006020469596627339,-0.38699528798536137,0.08234178934981146,0.12589385362786298,0.000604960677555777,0.00242424242424244,0.5285293918000341,0.012696493349455917,0.0
2005-12-30,16.43,16.54,-0.006042314455962698,-0.01382649017824351,-0.011553792252282704,-0.2770600595754152,-0.006672757546368485,16.568,16.4975,16.474,4,30,12,16.52130857732907,16.403947396615475,54.0880503144654,0.0757461752373203,0.09978803943263513,16.788984404203646,16.20601559579635,0.007972351225030592,0.008068865988527659,0.012448652372841726,-31604000.0,-0.4631465630856836,0,0,-1,0,0,-0.0024183796856105896,-0.9528540417927405,0.07782345018017109,0.12808927660770922,-0.011432009626955564,-0.005447941888619856,1.7099060134230315,0.010346926354229955,0.0
2006-01-03,16.43,16.43,-0.00790998952349133,-0.0006055101607952051,-0.016651633592442257,0.7810628450557934,0.0,16.529000000000003,16.4895,16.474,1,3,1,16.50470701781469,16.405628209737056,53.79746835443042,0.06317329855020049,0.09246509125614821,16.779071371075574,16.199928628924425,0.0064064490112451244,0.0080003934862254,0.011876916730064723,-31604000.0,-0.41095222762523365,0,0,-1,0,0,-0.0036518563603164162,1.285204704118351,0.07944944399548119,0.1270023093312808,-0.00904704463208672,-0.009644364074743783,1.1641009323108913,0.026171637248935075,0.0
2006-01-04,16.94,16.43,-0.0006110602084426572,0.029247086124179256,0.01726306742378077,0.46050587758010847,0.030568757174731735,16.567,16.5065,16.487333333333332,2,4,1,16.583851196393837,16.44010380910886,68.34170854271359,0.09328659119077543,0.09262939124307366,16.856914791803955,16.156085208196043,0.011024952063845283,0.010663786392521316,0.0131127804907575,-25052600.0,2.47421062203636,0,0,-1,0,0,-0.004260499087035927,2.726246775394369,0.24134660419272427,0.1692823609735561,0.02604482132041186,0.02048192771084345,1.7177245588381687,0.037780401416765086,0.0
2006-01-05,16.99,16.94,0.03188239964510776,0.0,0.019970406499142872,-0.6731691832880325,0.0029472464599321056,16.618000000000002,16.53,16.505333333333333,3,5,1,16.65769643341314,16.47558098271474,68.34170854271353,0.1198051356676828,0.0980645401279955,16.941876322774664,16.118123677225338,0.010734533741063831,0.010579232804273905,0.013062707179244896,-21710800.0,2.2336802314886337,0,0,-1,0,0,-0.0029515938606848114,0.2162195307698621,0.24169634493240916,0.16794011437179127,0.022877784467188356,0.028450363196125927,1.9128876193740754,0.01824602707474978,0.0
2006-01-06,17.1,16.99,0.006491613236507393,0.01285815494336866,0.015929961208067316,0.25889628215009874,0.00645352782477357,16.675,16.563499999999998,16.532333333333334,4,6,1,16.73811526370166,16.51586608060411,64.00000000000006,0.14799140116192788,0.10804991233478198,17.044344651573237,16.08265534842676,0.010787064430832514,0.01050536035945184,0.012931375400804433,-17381500.0,2.231489934408841,0,0,-1,0,0,0.0005885815185404099,0.9337295676483485,0.2286262583083629,0.1667674256653541,0.0338573155985491,0.04077906269020093,1.6083194052063088,0.01532163742690061,0.0
2006-01-09,17.13,17.1,-0.001177163173014752,0.0023201866556973477,-0.00224334470373381,-0.0812888737559217,0.0017528488274141652,16.726,16.598,16.550333333333334,0,9,1,16.80936703393772,16.555487623790942,59.87261146496813,0.17078130830229554,0.1205961915282847,17.137028365623358,16.05897163437664,0.010774264157762935,0.010500195693689209,0.012540544471307638,-13390200.0,1.9739220936351607,0,0,-1,0,0,-0.00701754385964918,0.6083852023303513,0.20402176000469138,0.16668543913807796,0.04260499087035896,0.041970802919707895,2.0536066134151443,0.019848219497956794,0.0
2006-01-10,17.05,17.13,0.0011771631730148311,-0.009313222146667717,-0.00295945762020032,-0.761499578002665,-0.004681108606502688,16.773000000000003,16.6355,16.571,1,10,1,16.853118482312677,16.587391648062496,67.62589928057568,0.18030865653702932,0.13253868453003365,17.191329394498617,16.079670605501384,0.010925019282185394,0.01032919681377773,0.012425339780174637,-15254000.0,1.4914648419193435,0,0,-1,0,0,-0.007589025102159895,-1.0049762045671864,0.21838741128568057,0.16397091607377973,0.037735849056603765,0.04601226993865026,1.7499468781715974,0.013489736070381257,0.0
2006-01-11,16.75,17.05,0.0,-0.001170275148190543,-0.014930107130574747,0.372891069611366,-0.017751945458450453,16.797000000000004,16.6575,16.578,2,11,1,16.834369667346735,16.59788250947782,58.385093167701875,0.1617866797233667,0.13838828356870025,17.193562643628486,16.121437356371512,0.012580294373624791,0.011247517419018338,0.012846601566501161,-17960100.0,0.3451089200093849,0,0,-1,0,0,-0.0029325513196481355,-0.3962110205175681,0.15071109281504075,0.17854880374553753,-0.011216056670602215,0.026977314530962637,-1.3606037340449855,0.027462686567164017,0.0
2006-01-12,16.36,16.75,-0.03593200922606344,-0.022499468937714293,-0.018828372794379825,0.5181451362754801,-0.023558927096474485,16.772,16.665,16.590666666666667,3,12,1,16.748120636920056,16.582535250801833,45.641025641025585,0.11432032547079984,0.13357469194912017,17.178419906118982,16.151580093881016,0.014653838723437233,0.01244183409710992,0.011987814526732461,-22503400.0,-1.1881113153774683,0,0,-1,0,0,-0.020895522388059785,0.931379723766342,0.20079301142142647,0.1975079932468602,-0.037080635668039985,0.009253547193090572,-0.30589508455254494,0.023838630806846003,0.0
2006-01-13,16.37,16.36,0.004866189651172906,-0.00540379579750595,-0.0030703125132577613,-0.5562209450509338,0.0006110602084426109,16.755000000000003,16.6705,16.586333333333332,4,13,1,16.67937143020732,16.5688232991372,43.315508021390364,0.07662651144988786,0.12218505584927371,17.167754567864772,16.17324543213523,0.014631005910816435,0.01242743144236777,0.010388100283985577,-19898400.0,-1.208636458747302,0,0,-1,0,0,0.007334963325183435,-0.5346211915396775,0.178194509201773,0.19727935819085907,-0.04269005847953222,0.006765067650676526,-0.55555729107561,0.021380574221136095,0.0
2006-01-17,15.87,16.37,-0.02084686163952295,-0.028704260783400676,-0.04722312693121724,0.8199911952553587,-0.031019856844725982,16.699,16.6335,16.564666666666668,1,17,1,16.532212988351443,16.523737924999317,34.763948497854074,0.0063350444939054285,0.09901505357820006,17.246388759546274,16.02061124045373,0.017363540867358324,0.013201125388086031,0.011764725680035514,-25813000.0,-2.4914798586458935,0,0,-1,0,0,-0.014050091631032402,1.7100807880900109,0.20504084442029355,0.20956136881834003,-0.0735551663747811,-0.04455147501505119,0.1466347163332156,0.03969754253308134,0.0
2006-01-18,16.17,15.87,-0.011841833610949218,0.041267991702999315,0.019157674032933183,0.09602310686090867,0.01872713905069795,16.673,16.601000000000003,16.550666666666665,2,18,1,16.466356081378454,16.50091612338646,43.359375000000014,-0.02487718795871885,0.0742366052708163,17.240601849837077,15.961398150162928,0.01874030747760197,0.01363842674187677,0.012294285369880621,-19302300.0,-1.3477134254999072,0,0,-1,0,0,0.00504095778197858,2.06382377016053,0.31783456907873864,0.21650331259907304,-0.05161290322580636,-0.03864447086801415,0.8163324465595483,0.06246134817563387,0.0
2006-01-19,16.16,16.17,0.04174946397398277,-0.010759219151739495,0.011946071018400539,-0.23254915826922484,-0.0006186204960662789,16.595,16.581,16.536,3,19,1,16.41065497567328,16.478921534780884,40.89068825910935,-0.04984543631380589,0.04942019695389187,17.25032487588084,15.91167512411916,0.014931359400538387,0.013259270868006002,0.012291565935953245,-24462100.0,-1.2579840229184909,0,0,-1,0,0,0.02844774273345685,1.0563805105909918,0.3164078962655598,0.21048439969672447,-0.03522388059701487,-0.02415458937198056,0.03409979375983146,0.03960396039603964,0.0
2006-01-20,16.21,16.16,-0.01149090357680226,-0.0030093311907094284,0.008711940602021536,0.15307586366138082,0.0030892826546353616,16.517,16.567500000000003,16.525666666666666,4,20,1,16.37417225282359,16.46157175834341,43.265306122449026,-0.06485081110695035,0.026565995341723426,17.25601862337635,15.878981376623656,0.01493943270930393,0.013261524641248678,0.012287736813411198,-18448800.0,-1.0384613803092184,0,0,-1,0,0,0.017326732673267398,1.436934879797289,0.28463216342589465,0.2105201772377944,-0.00916870415647908,-0.01638349514563109,-1.0904276916916151,0.027760641579272008,0.0
2006-01-23,16.24,16.21,-0.0024360547978813383,-0.003018414606807862,0.0030931048477410147,-0.5223609216774777,0.0018489989859470026,16.431,16.553,16.519333333333336,0,23,1,16.349777297764756,16.447276806192225,45.99156118143458,-0.07347495590378372,0.006557805092621995,17.256886952645438,15.849113047354564,0.014627327474907524,0.01324642333315755,0.012259808648951777,-14882200.0,-0.8893473556333056,0,0,-1,0,0,0.011721159777914726,-0.15442073863894537,0.28540411868287624,0.21028045140370905,-0.007941356139279376,-0.017543859649122973,-1.1482082310958557,0.021551724137930904,0.0
2006-01-24,16.37,16.24,-0.009188426054406142,-0.004241145405996345,-0.006817503938723666,0.042567792108306565,0.007973056649511812,16.355,16.5405,16.517,1,24,1,16.353454152716616,16.442291205792728,48.800000000000026,-0.06902407270012034,-0.008558570465926472,17.248245865777776,15.832754134222228,0.015077022064452515,0.013322114559363659,0.012353037507335216,-11160500.0,-0.48181136264958735,0,0,-1,0,0,0.0006157635467981258,-0.10450670076203693,0.12288195488627286,0.21148201236953443,0.031505986137366104,-0.015042117930204602,1.4310005605749634,0.02382406841783754,0.0
2006-01-25,16.4,16.37,0.011624480852287343,-0.0012150669781680454,0.006199647879525429,-0.19638674506054382,0.0018309434471091147,16.29,16.5315,16.520333333333333,2,25,1,16.361917034040864,16.439562740902876,36.63366336633659,-0.06235715198272018,-0.019318286769285216,17.241704566526437,15.821295433473566,0.015204948206548727,0.013326804330617418,0.012253098986289672,-8102400.0,-0.3703158391198762,0,0,-1,0,0,0.004276114844227262,-0.5883760412056135,0.05063382539875913,0.2115564601801938,0.014223871366728424,-0.010856453558504175,1.223970268989534,0.016463414634146318,0.0
2006-01-26,16.3,16.4,0.0,0.0024286593601264813,0.0,0.31055378926685145,-0.0061162270174359825,16.244999999999997,16.520999999999997,16.52,3,26,1,16.35065939148798,16.43055869310269,33.333333333333414,-0.06440036621287248,-0.02833470265800267,17.238712741245813,15.803287258754183,0.014460188450063331,0.01336121683836865,0.012307873306924616,-12274200.0,-0.6158452742984112,0,0,-1,0,0,0.0024390243902440672,0.14190216645989095,0.08037069356985653,0.21210274180519284,0.008663366336633782,-0.012719563900666309,-0.7452750924745066,0.01901840490797538,0.0
2006-01-27,16.32,16.3,-0.015323621938490104,-0.008526239228244994,-0.0018558619616801562,-0.24830894332058517,0.0012262417232442935,16.241,16.5065,16.523666666666667,4,27,1,16.345084956671982,16.42342587419284,30.303030303030283,-0.06367182617993805,-0.03540212736238975,17.228347775175298,15.784652224824702,0.012515937924428084,0.013278816501204408,0.012253585590045,-9019700.0,-0.5167294446663858,0,0,-1,0,0,-0.006748466257668676,-0.5120103327119828,0.07947250672153135,0.2107946770046861,0.006785934608266375,-0.017459361830222675,-0.40576328582160853,0.012254901960784487,0.0
2006-01-30,16.41,16.32,0.0006174745487945271,0.00852623922824488,0.0,-0.04239797839471696,0.00549955556603867,16.244999999999997,16.5,16.528666666666666,0,30,1,16.35688769182253,16.422559688761048,32.35294117647064,-0.05519594067060041,-0.03936089002403188,17.22291806334812,15.777081936651879,0.012645483585905257,0.013325140048397754,0.012280644296133259,-5900300.0,-0.24899087341426754,0,0,-1,0,0,-0.007352941176470649,-0.6397460268030486,0.08495529501384255,0.21153004051900584,0.010467980295566504,-0.007859733978234473,-0.8280112090537582,0.02071907373552711,0.0
2006-01-31,16.46,16.41,0.012879662863661238,0.0006062443350273895,0.009245058144051209,0.3584269506262052,0.0030422901469242193,16.304,16.5015,16.523666666666667,1,31,1,16.37563538421843,16.424975192711948,35.32338308457716,-0.04393767207302446,-0.0402762464338304,17.22393083806596,15.779069161934041,0.006510046614930466,0.013258545326093267,0.011629614008264597,-1436200.0,-0.1148898906671816,0,0,-1,0,0,0.0,0.23688994537633642,0.06903027872714429,0.21047288207592338,0.005497861942577842,0.0018259281801582539,-1.419470679946001,0.012150668286755728,0.0
2006-02-01,16.23,16.46,-0.004274815670142741,-0.006079046076382226,-0.012345835822299266,0.19669989375931132,-0.014071813722423984,16.310000000000002,16.4915,16.504,2,1,2,16.349156223451445,16.412396148020857,36.597938144329945,-0.0529639553988801,-0.042813788226840344,17.22357060343949,15.759429396560506,0.006262277685534289,0.013631174056443136,0.011628405399069048,-6870700.0,-0.7144119672922011,0,0,-1,0,0,-0.007290400972053523,0.9009502952921734,0.12612218045558368,0.21638817978710437,-0.010365853658536484,-0.012172854534388322,-0.9604496553535754,0.01848428835489816,0.0
2006-02-02,16.52,16.23,-0.0036787288574625454,0.02051973023117654,0.00619197024792098,0.35589259731929374,0.01771038656633202,16.346,16.4705,16.502666666666666,3,2,2,16.380218728278454,16.41933833201951,54.347826086956516,-0.03629834882626781,-0.04151070034672584,17.171851327231746,15.769148672768255,0.008322033187264648,0.012276712103928375,0.011802398931221432,886800.0,0.14115607421854104,0,0,-1,0,0,0.003080714725816433,2.3479397194484526,0.18069703018159036,0.19488676286718618,0.013496932515337345,-0.024793388429752206,-0.33428910358878466,0.03268765133171908,0.0
2006-02-03,16.43,16.52,0.014634407518437777,-0.01020723362285757,-0.0006174745487944538,-0.8807083505936757,-0.005462836043655296,16.368000000000002,16.4425,16.501,4,3,2,16.389269868591462,16.42002618156664,51.562499999999964,-0.030007080442299383,-0.039209976365840546,17.0998591504123,15.785140849587698,0.008655957143420094,0.012271518433169986,0.011811618075478697,-2328600.0,-0.03803096067700344,0,0,-1,0,0,0.0,-0.7091961445312093,0.1901754531590037,0.1948043158998767,0.006740196078431238,-0.03296056503825773,0.1412683478836831,0.023128423615337738,0.0
2006-02-06,16.54,16.43,-0.010955678660975184,0.004816384987981137,0.006157654924409871,-0.3316137465958609,0.0066727575463684215,16.398,16.4145,16.501333333333335,0,6,2,16.416675347029376,16.42776642791718,71.89542483660131,-0.015961134210503047,-0.034560207934773046,16.997431791621807,15.831568208378194,0.00881908618335698,0.01227925944962386,0.011863206922045242,-20700.0,0.4305821085888574,0,0,-1,0,0,-0.005477784540474733,-1.200531278573506,0.19195997442911245,0.19492720072646755,0.007921998781230899,-0.03274853801169608,0.058291560454100215,0.021765417170495734,0.0
2006-02-07,16.15,16.54,-0.002450981619140074,-0.00965607985494535,-0.0119185033898612,0.8043659741572375,-0.023861639926879712,16.375999999999998,16.3655,16.485666666666667,1,7,2,16.36818892029676,16.409846013212846,49.382716049382616,-0.03588569332564262,-0.034825305012946964,16.851968476827185,15.879031523172817,0.011595352251513267,0.013188925390106824,0.01257352709311119,-5179500.0,-0.8859772431937373,0,0,-1,0,0,-0.014510278113663752,0.5951510058982215,0.26048461582166516,0.2093676998544492,-0.01883353584447156,-0.05720957384705194,0.20467973303375753,0.024334365325077222,0.0
2006-02-08,16.34,16.15,-0.012345835822299266,0.00785265285579479,-0.00417095260263083,-0.34160284489058584,0.011696039763191456,16.37,16.330000000000002,16.477666666666668,2,8,2,16.363063662060984,16.405339818812017,55.0,-0.03593045396199912,-0.035046334802757394,16.694475109249378,15.965524890750626,0.012296822286250638,0.013576376273579157,0.012778692150554436,-1513500.0,0.05487343166227556,0,0,-1,0,0,-0.0030959752321979665,-0.4429029567477113,0.26054287832145184,0.21551829195196953,0.0067775723967959944,-0.04164222873900303,-0.9776407928876355,0.036107711138310884,0.0
2006-02-09,16.51,16.34,0.012345835822299362,-0.0030129579888305944,0.014246137498202933,-0.27348975363389383,0.010350168500179996,16.391,16.318,16.477666666666668,3,9,2,16.38977935986808,16.41209208856608,57.81250000000003,-0.02199480541256804,-0.03243602892471952,16.63724911902648,15.99875088097352,0.012536956487326108,0.013328873013533565,0.012906480665080317,1275300.0,1.2028224264830234,0,0,-1,0,0,-0.0024479804161566185,-1.0454054720404713,0.23507236388917255,0.21158929950341923,-0.000605326876513157,-0.014328358208955172,-1.2999355594817548,0.01877649909145964,0.0
2006-02-10,16.42,16.51,0.007334996211565471,0.001206272763881596,0.007352974305258733,-0.1316071734887045,-0.005466153907754434,16.401000000000003,16.321,16.471333333333334,4,10,2,16.395274021710247,16.412602276400527,54.545454545454625,-0.01800539637341103,-0.029549902414457825,16.643026478151665,15.998973521848338,0.012720875902734212,0.01229013940224429,0.01289374744300685,-1169600.0,0.6148562724918192,0,0,-1,0,0,-0.0054512416717141035,-1.1629782382138565,0.2350771539875051,0.19509991461992648,-0.0006086427267193439,0.0036674816625918982,-1.299670535711134,0.012789281364190063,0.0
2006-02-13,16.45,16.42,-0.004272206681019759,-0.00543972329581821,-0.007352974305258694,-0.010154040913099856,0.0018253731870985592,16.405,16.325,16.46833333333333,0,13,2,16.40522419958111,16.415015032761783,52.12765957446804,-0.012281438905429098,-0.026096209712652082,16.651544911071284,15.998455088928713,0.012618321882316754,0.012294998404862933,0.012877718700051546,1250600.0,0.7655914746300362,0,0,-1,0,0,-0.004263093788063354,-1.1648596021647906,0.22875447585326497,0.19517704889521895,-0.0054413542926239344,0.004886988393402403,-1.1135007329235285,0.014589665653495346,0.0
2006-02-14,16.81,16.45,0.004881034705914167,0.02099027589183583,0.006742287263379021,0.3092234420751203,0.02164847020914328,16.44,16.372,16.481,1,14,2,16.47881979965727,16.440497933873928,59.27601809954753,0.0210610512920546,-0.016664757511710745,16.6933524053438,16.0506475946562,0.01435764309795558,0.0108763542270774,0.013419731066373307,4547800.0,2.7259792845266206,0,0,-1,0,0,-0.0012158054711245941,-0.5223402166323424,0.1649222450187669,0.1726567707353576,0.04086687306501546,0.05923125393824824,-0.013471276928898901,0.0285544318857823,0.0
2006-02-15,16.83,16.81,0.01629978737353277,0.002371074021337923,0.011539757574069907,0.07105310368874758,0.0011890607821903139,16.5,16.404999999999998,16.494333333333334,2,15,2,16.542670745174128,16.46562709943045,62.44131455399056,0.048539514537466744,-0.003623903101875249,16.771405010307095,16.0385949896929,0.013215128224212077,0.010208501396977708,0.013418891509764578,8087800.0,2.3198372732064554,0,0,-1,0,0,-0.0065437239738250705,-0.281036583861531,0.16713345993608167,0.16205493573035085,0.029987760097919036,0.04081632653061207,0.8735032223282537,0.019607843137255013,0.0
2006-02-16,16.82,16.83,0.0,-0.004153076274906701,0.007220247973487097,-0.5725307490784741,-0.0005943536579125099,16.53,16.438,16.490333333333336,3,16,2,16.593094246051557,16.48848986720913,61.792452830188694,0.0687173473988274,0.01084434699826528,16.82952065213962,16.046479347860377,0.012274389987106603,0.01020816895509361,0.012150868137695451,6090900.0,1.9513657729798428,0,0,-1,0,0,-0.0077243018419488425,-1.2548146714396997,0.16699293366450732,0.16204965837904664,0.01877649909145962,0.04084158415841577,1.807789187728947,0.00832342449464926,0.0
2006-02-17,16.81,16.82,0.002989538848365986,0.0011883542693787133,-0.0036036075032985443,0.03609754624531993,-0.0005947071242778874,16.568,16.467999999999996,16.484333333333336,4,17,2,16.63253165586036,16.509232456421444,59.803921568627416,0.08294536633694705,0.025264550866001635,16.87749776684597,16.058502233154023,0.012046757347664748,0.0102216826739311,0.012136742770708102,4020600.0,1.6703387793010436,0,0,-1,0,0,-0.00416171224732463,-1.1068155478124848,0.15307461593667746,0.1622641820150365,0.02375152253349566,0.03701418877236251,2.1671604163893643,0.013087447947650141,0.0
2006-02-21,16.69,16.81,-0.004187861340474741,-0.0023781224049673243,-0.00482509983175702,0.23693012435226402,-0.00716420974678035,16.583000000000002,16.4905,16.470666666666666,1,21,2,16.64298044570393,16.520894878587804,55.45023696682466,0.08357477870912788,0.03692659643462688,16.896687667281814,16.084312332718188,0.012284873702185319,0.010418259051780886,0.012129850208395718,1396800.0,0.9823045654489899,0,0,-1,0,0,-0.007733491969065974,-0.6563584419130937,0.17543280283548046,0.16538473527155892,0.01458966565349562,0.027709359605911477,1.7497559710332542,0.015578190533253537,0.0
2006-02-22,16.83,16.69,0.0011983224921087163,0.004158010148663677,0.009028048078198514,0.06809809418103158,0.008353270528970818,16.651,16.5135,16.460666666666665,2,22,2,16.676984001030487,16.540837144485366,64.85148514851485,0.09428358009805393,0.048397993167312296,16.942416627893376,16.084583372106625,0.008871681910690607,0.010431357005528795,0.01223683390591736,4205500.0,1.4758112855381185,0,0,-1,0,0,0.0005991611743557825,-0.4856270604293262,0.08807554641669577,0.16559265884136368,0.0011897679952408424,0.02810018326206465,0.3298983584979672,0.010695187165775385,0.0
2006-02-23,16.82,16.83,0.00239234563861968,0.0035502995871670023,0.0017958699828117843,0.09900289727248754,-0.0005943536579125099,16.698999999999998,16.5345,16.453,3,23,2,16.702986909934033,16.558847651292762,58.62068965517248,0.10080148910535414,0.05887869235492067,16.9807935073873,16.088206492612702,0.008550853972916784,0.010440639234986728,0.012211721837433128,1104500.0,1.2794270822866252,0,0,-1,0,0,-0.005347593582887692,-0.2758373409292627,0.08778662445287758,0.16574000966591124,-0.0005941770647651667,0.025609756097561,0.6527908347677215,0.012485136741973891,0.0
2006-02-24,16.63,16.82,0.0023866359777309533,-0.008303725055594536,-0.016280130445174682,0.1226940996879975,-0.011360361339965742,16.711000000000002,16.551,16.448999999999998,4,24,2,16.689716562673297,16.563438125402907,55.434782608695656,0.08960268289619577,0.0650234904631757,16.985021585685924,16.116978414314072,0.009174704415240799,0.010696517868732928,0.011957008435345466,-2401300.0,0.36403719356561337,0,0,-1,0,0,-0.002378121284185443,0.0415545683596313,0.11889592197410413,0.1698019570501558,-0.011296076099881147,0.020245398773006018,0.3510183344989567,0.02044497895369813,0.0
2006-02-27,16.84,16.63,-0.010785005676562561,0.005938259730259325,0.00907721815111668,-0.12343607110774883,0.012548715609344492,16.752999999999997,16.576999999999998,16.465,0,27,2,16.717040824005423,16.58128082698982,57.731958762886634,0.09655971298422017,0.0713307349673846,17.01503869091219,16.138961309087808,0.00958634080655798,0.011005378261533432,0.011345213387564734,697400.0,1.2008071682084498,0,0,-1,0,0,-0.0018039687312085139,-0.2491857850508141,0.1603144600746268,0.17470496378528294,0.0017846519928614857,0.0318627450980391,0.126122303195356,0.017220902612826553,0.0
2006-02-28,16.77,16.84,0.006604647244804834,-0.0059382597302593204,0.0,0.33834223974546296,-0.004165432979063255,16.785,16.595,16.478333333333335,1,28,2,16.726669765095345,16.593456257506606,69.13580246913591,0.09532593640949472,0.07612977525580662,17.0337302252245,16.1562697747755,0.009821732954569088,0.011037999105429871,0.011384565633239975,-3648900.0,0.7977567531867765,0,0,-1,0,0,-0.007719714964370487,0.6089716761859006,0.15270059437526304,0.17522280362832518,0.004793289394847022,0.021937842778793293,-0.008403879300554761,0.011329755515801893,0.0
2006-03-01,17.03,16.77,-0.0005986231845929909,0.017710026038050063,0.006006024060211728,0.1393126838193079,0.015384918839479456,16.807,16.6235,16.517,2,1,3,16.781820716896192,16.621620369925534,70.41420118343206,0.11401370762405705,0.0837065617294567,17.097909328033868,16.149090671966132,0.008503108145697406,0.011493131853690448,0.010026660718952283,1347100.0,1.7137099798804152,0,0,-1,0,0,-0.004174120453190238,1.0403277122708858,0.18027467159533225,0.1824478120208383,0.011883541295306221,0.034629404617253945,0.11833105448098463,0.022900763358778657,0.0
2006-03-02,16.84,17.03,0.017804624633506686,-0.004104373982271508,0.006565227997814879,-0.2633735807014326,-0.011219485860416297,16.808,16.654,16.539333333333335,3,2,3,16.792398768369612,16.635709378317436,59.649122807017534,0.11219912714972224,0.08940507481350982,17.0994400544456,16.2085599455544,0.009377687706234844,0.011305854610508361,0.009820724603499453,-2492100.0,0.8351292082679788,0,0,-1,0,0,-0.0017615971814445763,0.29104247134388034,0.20525461941105855,0.17947487795074887,0.0011890606420927874,0.03758471965495991,0.42937292025237933,0.012470308788598625,0.0
2006-03-03,17.0,16.84,-0.013621768221098616,0.0,-0.003575689149448764,-0.32259727980859276,0.009456335242035444,16.826,16.677999999999997,16.567333333333334,4,3,3,16.830144446847864,16.65921199907115,66.29213483146069,0.12226235752282832,0.09597653135537353,17.14427753199285,16.211722468007146,0.009827403162128242,0.010828910664706738,0.009922244128997544,288500.0,1.3811516871670253,0,0,-1,0,0,-0.004156769596199542,-0.4760649677807207,0.18311262822006244,0.1719036275312951,0.022248947684906817,0.029055690072639306,-0.6609477416741747,0.015882352941176445,0.0
2006-03-06,16.77,17.0,0.010086113388790953,-0.004711433921319669,-0.003588520597331636,-0.09793175309648794,-0.013621768221098616,16.821999999999996,16.695,16.586,0,6,3,16.819209092875525,16.666359612034302,58.080808080808104,0.11040577325648115,0.09886237973559506,17.14780412867664,16.24219587132336,0.010872163899199873,0.011244189346037404,0.010300863606060728,-2232700.0,0.33126906426049274,0,0,-1,0,0,-0.003529411764705807,-0.7203385836146581,0.20274896740497278,0.17849597222482178,-0.004156769596199594,0.020693852708460136,0.43040582816350775,0.01490757304710793,0.0
2006-03-07,17.01,16.77,-0.010086113388790962,0.009400774284705888,0.004781838161373584,0.2937027030796403,0.014209830572653003,16.854,16.7185,16.611666666666665,1,7,3,16.85389834871634,16.688529959644992,55.37634408602158,0.11900354030414206,0.10289061184930447,17.185980368289503,16.251019631710495,0.01144852290817832,0.011568488985663527,0.010576209470314017,1149200.0,1.2471111934244092,0,0,-1,0,0,0.0,0.18637321719495134,0.22452270038689662,0.1836440694051333,0.014311270125223707,0.028415961305925164,-0.5152773481653536,0.019400352733686173,0.0
2006-03-08,17.01,17.01,0.013621768221098722,-0.0017559267022650312,0.0005961252039428245,0.08096347722906348,0.0,16.872,16.7615,16.633,2,8,3,16.882280467131547,16.70926996224854,54.89130434782618,0.12438351687647398,0.10718919285473838,17.162250611516484,16.36074938848352,0.011230412613812678,0.009973325855199248,0.01050980054478448,1149200.0,1.2401727800721245,0,0,-1,0,0,-0.0005878894767784575,0.6932749207722456,0.194818940916644,0.15832163974240673,-0.0011743981209629828,0.053250773993808176,0.05397990630290344,0.017048794826572553,0.0
2006-03-09,17.03,17.01,0.0,0.005841138103035098,0.012437234644780363,-0.2979975177181871,0.0011750882668264812,16.893,16.796,16.654,3,9,3,16.909138564016718,16.729962222748636,55.67567567567569,0.12877656385620995,0.1115066670550327,17.161190649559344,16.430809350440654,0.011214311705622848,0.009742069971109503,0.010509407058317455,3871300.0,1.2815224063505226,0,0,-1,0,0,-0.0005878894767784575,-0.5014768554776339,0.16898179200446484,0.15465056639127567,0.01128266033254155,0.04222766217870255,-0.6433655582559273,0.01056958308866725,0.0
2006-03-10,17.13,17.03,0.005280153071283511,0.004648468567984475,0.002351558990756402,0.19373021441139684,0.0058548176614314,16.943,16.827,16.681666666666665,4,10,3,16.94929518874095,16.755771111603565,58.247422680412384,0.13872807856846592,0.11695094935771935,17.195216183639456,16.458783816360548,0.01035310225152417,0.009590656812179412,0.010445473357175803,7175300.0,1.6457723123690118,0,0,-1,0,0,0.003523194362888944,0.24212268615458796,0.16100295549316937,0.15224695700876537,0.00764705882352934,0.03755299818291924,-0.5165663674704657,0.012842965557501394,0.0
2006-03-13,17.14,17.13,-0.0029299757263299415,-0.0029027596579614626,-0.0005873715293688793,0.08050823535756403,0.0005836008336052947,16.973000000000003,16.863,16.709,0,13,3,16.98396879078805,16.78056007214527,62.29508196721308,0.14574162338783125,0.12270908416374174,17.203408423421212,16.522591576578787,0.009796129802733596,0.009441350541983928,0.010447158268219712,10756300.0,1.6274567897942362,0,0,-1,0,0,-0.005253940455341498,0.5453410160915838,0.0954843999926893,0.14987679344804616,0.022063208109719845,0.04384896467722288,1.5460749397493794,0.010501750291715269,0.0
2006-03-14,17.47,17.14,0.0029299757263298635,0.017291497110061043,0.004104373982271451,0.16034678712744693,0.0190702109763313,17.043,16.913999999999998,16.744333333333334,1,14,3,17.07233810155386,16.82504006749074,65.84158415841583,0.17590047903390982,0.13334736313777537,17.296864549360702,16.531135450639294,0.010941840826144605,0.01018118110030854,0.010911470939457877,14960100.0,2.9044214249054465,0,0,-1,0,0,-0.002917152858809843,1.2523683916275017,0.12855695993453062,0.16162123946596413,0.027042915931804634,0.062006079027355554,1.8297115382386362,0.02346880366342302,0.0
2006-03-15,17.5,17.47,0.020846151520936558,0.0011422045787769796,0.012213004376233707,0.010435865029171286,0.0017157567835032676,17.09,16.9485,16.779,2,15,3,17.150094810362248,16.868585869588113,66.6666666666666,0.19991781061947833,0.14666145263411598,17.408489702401127,16.48851029759887,0.010195623743283772,0.009166989125123634,0.010910386436599194,19208000.0,2.397879766095611,0,0,-1,0,0,-0.001144819690898659,1.1972429082280078,0.12454758027989381,0.1455214409778642,0.028806584362139898,0.04104699583581217,1.884946789106812,0.012571428571428506,0.0
2006-03-16,17.46,17.5,0.002861232281032195,0.008525200823359847,0.003462207728470791,-0.2812759307045599,-0.0022883305180121626,17.152,16.98,16.82,3,16,3,17.206441208478203,16.906741619937268,71.95767195767196,0.21326565946151632,0.15998229399959607,17.48944758523773,16.47055241476227,0.009184782002798765,0.009217022788328588,0.0105182068249675,16001600.0,1.884394053123292,0,0,-1,0,0,0.0,-0.12075699859783776,0.13452923672018613,0.14631570075799544,0.02524955960070452,0.03743315508021405,1.618266985868325,0.017754868270332316,0.0
2006-03-17,17.6,17.46,0.0005712653682922083,0.0016963532481783338,0.0,0.31002601114541095,0.007986351632649923,17.212,17.019,16.856,4,17,3,17.277997352391257,16.95146796703809,70.87912087912088,0.2324610890732366,0.17447805301432417,17.59229702047325,16.445702979526747,0.009091494428878646,0.009296223539094695,0.010169624822971395,20373400.0,2.026872560825077,0,0,-1,0,0,0.0028636884306987805,1.2748246556404235,0.1362296502398203,0.1475729736990558,0.027437244600116983,0.046373365041617154,1.3252858068298476,0.019318181818181807,0.0
2006-03-20,17.72,17.6,-0.004579286765831021,0.003947002586776482,0.0023014969882791674,-0.10949141639799866,0.006795043132828586,17.307000000000002,17.064500000000002,16.898999999999997,0,20,3,17.3583614701383,17.001050678842088,75.40106951871654,0.2544237636798776,0.19046719514743488,17.708091076448017,16.420908923551988,0.006855902152211681,0.009322059887209272,0.010099408199347624,24291800.0,2.0370077335991295,0,0,-1,0,0,-0.009659090909091006,0.5956354615181297,0.12918620957064442,0.14798311301043937,0.03383897316219353,0.05413444378346233,0.8719475729986442,0.020880361173814956,0.0
2006-03-21,17.61,17.72,0.012542923847376252,0.007289070680149286,0.01086035252898357,0.22434739969310538,-0.0062270226688200805,17.366999999999997,17.110500000000002,16.934666666666665,1,21,3,17.40411393011315,17.040337731820017,66.86046511627903,0.2599566424892963,0.20436508461580716,17.77263291716944,16.448367082830565,0.007010019415407564,0.009272643243705518,0.010192079825265888,19387900.0,1.5087605133281037,0,0,-1,0,0,-0.003950338600451484,1.783249638668597,0.09541091920436481,0.14719864811440855,0.00801373783629078,0.055122828040742755,-0.2559369075366074,0.01760363429869385,0.0
2006-03-22,17.77,17.61,-0.0034052246298388765,-0.007289070680149255,-0.0034168598163235695,-0.3305759931239315,0.0090447196584452,17.443,17.1575,16.988666666666667,2,22,3,17.470638670092576,17.087412716863888,77.51479289940832,0.2740925829526404,0.21831058428317382,17.867514825641614,16.447485174358384,0.007095057746127063,0.009296336448692372,0.00902783586380891,22911400.0,1.7253160860310373,0,0,-1,0,0,-0.0011357183418511966,-0.1988786093791098,0.10925816883962887,0.1475747660833523,0.015428571428571347,0.05585264408793833,-0.7279932976304829,0.013505908835115276,0.0
2006-03-23,17.62,17.77,0.007363386427468016,-0.0016896652851266045,-0.0017128180036748277,-0.1604426050955035,-0.008477021658526426,17.502000000000002,17.197499999999998,17.031333333333333,3,23,3,17.49779527553029,17.12177318674364,68.45238095238102,0.2700783758176186,0.2286641425900628,17.917525584340293,16.477474415659703,0.008153867186042173,0.009605880192312604,0.009122438885773472,19910200.0,1.1735694097234282,0,0,-1,0,0,-0.0028137310073157408,-0.9406918214639393,0.13421279072960465,0.15248862067644273,0.009163802978235935,0.04756242568370994,-0.6073673134673782,0.013620885357548152,0.0
2006-03-24,17.65,17.62,-0.008501042977928995,0.0005635390399914175,0.003992021269537457,-0.4250478475462653,0.001701162871272144,17.554000000000002,17.2485,17.06933333333333,4,24,3,17.525468861797506,17.155852335985983,79.72972972972983,0.26624868788200473,0.23618105164845118,17.943331293419572,16.553668706580428,0.00812230872028426,0.009056629102530273,0.009001883216212841,21872200.0,1.1556762160899232,0,0,-1,0,0,-0.002837684449489257,-2.040001186280351,0.12295743612780619,0.14376952993107117,0.0028409090909089496,0.06133493686109448,-0.17542755198979817,0.010198300283286103,0.0
2006-03-27,17.47,17.65,0.0,-0.003951458711927487,-0.007426483718172199,0.12061061204688737,-0.010250659233340512,17.587,17.28,17.104333333333333,0,27,3,17.515383614197958,17.176119927212696,66.19718309859155,0.24585507268593076,0.23811585585594713,17.953654604612126,16.606345395387876,0.009134829459562394,0.009218903797183015,0.009182152413165182,19658700.0,0.5640872895373304,0,0,-1,0,0,-0.004532577903682623,-1.565541878432021,0.12791394870775874,0.14634556084785177,-0.014108352144469483,0.03741092636579557,0.9202686731403569,0.013737836290784114,0.0
2006-03-28,17.54,17.47,-0.005707778053040654,0.0011305823702860774,-0.002296212260350379,0.47254163010050154,0.003998862798071783,17.594,17.3185,17.140666666666664,1,28,3,17.51985932070742,17.199596060940912,67.78523489932888,0.232659447416232,0.23702457416800413,17.956499340042033,16.680500659957968,0.006932018981669659,0.009117799132485019,0.009188467663231698,23209300.0,0.6943580850268778,0,0,-1,0,0,0.0,0.06787327694544906,0.1313389057104251,0.14474057405277496,-0.003975014196479276,0.04591532498509232,-0.15377563268630168,0.017103762827822163,0.0
2006-03-29,17.97,17.54,0.0022870221517954114,0.015639770564374465,0.0005745475596143127,0.3705199635022189,0.02421971385143061,17.641,17.3655,17.179333333333332,2,29,3,17.601703080578794,17.24929954088021,74.73684210526321,0.2539715991574525,0.2404139791658938,18.050757538985295,16.680242461014707,0.010324362791856022,0.009986607834321539,0.009393273063365438,28352300.0,1.7643001809075225,0,0,-1,0,0,-0.0017103762827820744,1.9610866063676218,0.2200170795174452,0.15853248462446473,0.011254924029262758,0.05519671168526119,1.2109584810938274,0.03166388425153028,0.0
2006-03-30,17.81,17.97,0.024817968636527334,0.0011673477520067947,0.019903983783926403,-0.11484646108435101,-0.008943603493897428,17.676,17.414,17.212,3,30,3,17.639575247746283,17.28547376404923,67.34693877551025,0.2550113579386668,0.2433334549204484,18.079682079958815,16.74831792004119,0.010876888933849981,0.009833159227155497,0.009611502126275933,23767300.0,1.1897571285815558,0,0,-1,0,0,-0.001112966054535313,1.2038241991639813,0.22146169857218825,0.1560965635029212,0.010783200908058843,0.05760095011876487,1.194849803689235,0.013475575519371053,0.0
2006-03-31,17.99,17.81,-0.005026539485934904,0.005540180375615351,0.003372684478639156,-0.09768376880314815,0.010055950660871423,17.714999999999996,17.463500000000003,17.250999999999998,4,31,3,17.703288839065138,17.33092706959444,69.95305164319251,0.26727884578219374,0.24812253309279747,18.14656661461336,16.780433385386647,0.011023494197811033,0.009855622112676944,0.0097125190499132,27925600.0,1.5415773183352464,0,0,-1,0,0,0.0028074115665356943,0.639675071484182,0.2281496164096998,0.15645315075583316,0.0192634560906515,0.05823529411764694,0.5734927722383177,0.015564202334630415,0.0
2006-04-03,17.95,17.99,0.007252472514088784,0.0055096558109694795,0.0011217051091999518,0.2178823990399022,-0.002225933028153848,17.738,17.5225,17.288999999999998,0,3,4,17.748145413780566,17.370867258652865,63.04347826086963,0.2706533294683524,0.25262869236790847,18.15535069329136,16.88964930670864,0.010977741919315767,0.009164911743936488,0.00973372822796208,22755000.0,1.351029569950017,0,0,-1,0,0,0.0,1.6117364969201926,0.20269628944456797,0.14548846357386738,0.027475672581568356,0.07036374478234952,0.7046038053029301,0.020055710306406654,0.0
2006-04-04,17.92,17.95,-0.002225933028153848,-0.011049836186584935,0.0005603810737849048,-0.8086458587184595,-0.0016727073875032862,17.769,17.568,17.33,1,4,4,17.7793917021841,17.406295177449454,61.41304347826098,0.267819624898042,0.2556668788739352,18.176072017894864,16.95992798210514,0.010721738657555657,0.008859298902353803,0.009602468348599237,20451700.0,1.1577575998929202,0,0,-1,0,0,0.0,-1.4699751184586547,0.20923498899352813,0.14063701011609397,0.02166476624857494,0.053497942386831365,1.0062078613255172,0.008370535714285634,0.0
2006-04-05,17.97,17.92,-0.0016727073875032862,0.0016652793190612488,-0.0005603810737848736,0.7199628025693287,0.00278629324868307,17.788999999999998,17.616,17.368,2,5,4,17.814047756332442,17.442663230517233,63.78378378378382,0.26653601448087016,0.2578407059953222,18.18916847895058,17.04283152104942,0.010427048167982613,0.008837376811684701,0.009536605264801988,25183500.0,1.2352388974639346,0,0,-1,0,0,0.0,1.022660178883962,0.11138815170900787,0.14028900771531966,0.0,0.05643738977072288,0.38706357677067554,0.01057317751808577,0.0
2006-04-06,17.7,17.97,0.00278629324868307,-0.0022209892527842766,-0.008443618980169295,-0.22172860118214846,-0.015139061215684153,17.797,17.649499999999996,17.397333333333332,3,6,4,17.79331180063563,17.45926560274193,52.52525252525249,0.24095442780666332,0.25446345035759044,18.152479543373286,17.146520456626707,0.011274643311591372,0.009693713786134185,0.010034941899067859,21392700.0,0.2008033951493101,0,0,-1,0,0,0.0,-0.0029159754273957736,0.1455277372063501,0.1538829357524965,-0.006176305446378372,0.039342337052260534,-0.6111070490853107,0.01694915254237272,0.0
2006-04-07,17.69,17.7,-0.009505243497428095,-0.007812539736793512,-0.003397511761915225,-0.12930451940236018,-0.0005651314080894671,17.801,17.6775,17.432666666666666,4,7,4,17.7745278368837,17.474151692887613,49.1978609625669,0.21736823394160965,0.2470444070743943,18.11706318029728,17.237936819702718,0.011270794313660919,0.009664355868411086,0.009740824141385263,18061700.0,0.05687464537657137,0,0,-1,0,0,0.005649717514124374,-0.4940623673834215,0.10820642077784995,0.1534168932566604,-0.016675931072818062,0.032691185055458316,-1.76070089418138,0.012436404748445585,0.0
2006-04-10,17.49,17.69,-0.008462673918733767,-0.009004000053954143,-0.009689445998322657,0.007417632861917743,-0.01137021914118335,17.802999999999997,17.695,17.454333333333334,0,10,4,17.722795502904845,17.47517416431422,46.938775510204046,0.1804574753984305,0.23372702073920154,18.067162952424436,17.322837047575565,0.011390045572822567,0.010089951762487129,0.009829186217472266,14705900.0,-1.1016679584281077,0,0,-1,0,0,-0.002261164499717507,-0.4537039480324636,0.12078734135910002,0.1601730186250728,-0.02562674094707529,0.020420070011668567,-0.523452576310786,0.013150371640937705,0.0
2006-04-11,17.27,17.49,-0.011969364898472034,-0.011942137944304512,-0.017331456351639976,0.16547807274742127,-0.012658396871923354,17.776,17.685000000000002,17.471,1,11,4,17.640469047831235,17.46193712145524,37.62376237623756,0.13193243693413592,0.21336810397818845,18.091758689616245,17.27824131038376,0.011962804866917233,0.009565977148418059,0.010107036763589067,10746200.0,-2.040521865145819,0,0,-1,0,0,-0.002858776443681942,0.20054477953994387,0.1256876608887961,0.15185517949224597,-0.03627232142857151,-0.011448196908986796,0.577701528457669,0.01852924145917778,0.0
2006-04-12,17.52,17.27,-0.012114367940995397,0.009111680351255813,0.004070956480021977,-0.24525014140085644,0.014372193349658084,17.731,17.686,17.487333333333332,2,12,4,17.61856558458919,17.465683113619416,47.64150943396221,0.11235376079334358,0.1931652353412195,18.09093794196331,17.28106205803669,0.009755966446263803,0.010132535388012244,0.010057896771221028,13844700.0,-0.8198787162060549,0,0,-1,0,0,-0.0023161551823971714,-0.652459317639836,0.19388408724310355,0.16084901272345054,-0.025041736227045086,0.0011428571428571122,1.3220216828880134,0.023401826484018274,0.0
2006-04-13,17.67,17.52,0.013260499871617822,0.006216465342779473,0.013260499871617822,-0.23658674290029705,0.008525200823359847,17.717,17.6965,17.515,3,13,4,17.627917296482067,17.478864848224617,50.44642857142864,0.10769976939194592,0.1760721421513648,18.087411216194607,17.305588783805394,0.010039418629396819,0.010286930694466876,0.009879123074548161,16290400.0,-0.13558065822703974,0,0,-1,0,0,-0.0034246575342465023,-1.2560058770938651,0.18930296053643816,0.1632999622302979,-0.0016949152542371504,0.012027491408934665,0.17383906740879077,0.016411997736276124,0.0
2006-04-17,16.96,17.67,0.007986351632649923,-0.007350895413391276,-0.053526448588384276,0.7603284326352853,-0.041010655967848066,17.614,17.6645,17.513666666666666,0,17,4,17.506477788030782,17.445389696726256,40.79422382671482,0.046187955394930924,0.15009530480007804,18.175122942564332,17.15387705743567,0.015245485712685133,0.013586253431970414,0.012368534098366546,11059100.0,-2.759374643301464,0,0,-1,0,0,-0.00396151669496323,1.4694925607358278,0.34109522918688084,0.2156750869805491,-0.041266252119841695,-0.036363636363636376,-0.6898178526148537,0.06308962264150944,0.0
2006-04-18,17.48,16.96,-0.06635835785455726,0.007350895413391311,-0.004845557633523113,0.24780585805562003,0.03019973986363241,17.567,17.6525,17.537333333333333,1,18,4,17.50166364475246,17.447622619518114,49.068322981366485,0.038950061746046316,0.1278662561892717,18.168879093709673,17.136120906290326,0.01914399070772546,0.015314772653656111,0.013298585411940785,17761500.0,-0.6681138028294563,0,0,-1,0,0,-0.02889150943396238,2.318307595823324,0.43441369809336106,0.2431144789624008,-0.0005717552887363198,-0.013544018058690654,-0.7332956677576119,0.0732265446224257,0.0
2006-04-19,17.36,17.48,0.05492966203093438,-0.009623623664393918,0.0433688396298585,-0.23462678390205627,-0.00688866099518538,17.511000000000003,17.639999999999997,17.549,2,19,4,17.47590661843383,17.44196954729114,39.518900343642606,0.023262822428588237,0.106945569437135,18.172560844064737,17.107439155935257,0.019189893019191433,0.015328207822931256,0.013154650564767148,12460800.0,-1.0515230442512928,0,0,-1,0,0,-0.004576659038901708,1.140290279548174,0.4256406220017989,0.2433277556627453,0.005211349160393786,-0.014196479273140272,-0.9554433039052471,0.02188940092165893,0.0
2006-04-20,16.48,17.36,-0.003454234868087446,-0.010291686036547525,-0.0439761885704835,0.18165475590366537,-0.05202118475087836,17.362000000000002,17.575499999999998,17.531333333333333,3,20,4,17.294832687809496,17.379906995853002,31.680440771349865,-0.05949228327515854,0.0736579988946763,18.314303442273488,16.83669655772651,0.024195555303096857,0.018779135425577274,0.016166814339406824,6104200.0,-2.96560610662252,0,0,-1,0,0,-0.0011520737327188695,1.7170754781754327,0.5359735044762037,0.29810953303728344,-0.05936073059360725,-0.07259425998874502,0.02276001136604292,0.057038834951456174,0.0
2006-04-21,16.0,16.48,-0.04904971342035903,-0.048273056513334446,-0.03461408602273797,0.1705959040173225,-0.02955880224154439,17.192,17.4945,17.497,4,21,4,17.059408562753223,17.290880738056035,24.681933842239175,-0.16194152810544438,0.026538093494652165,18.51447884394953,16.474521156050468,0.025024423038193796,0.01961145086254114,0.016958162970444803,-1434800.0,-2.930452938049263,0,0,-1,0,0,0.0018203883495146321,2.1272782976941467,0.5124686100552209,0.31132213098868217,-0.09451046972269395,-0.09194097616345065,1.0514275394144206,0.04249999999999987,0.0
2006-04-24,16.58,16.0,-0.03137753569225545,0.003011143497687422,0.0031397200046676247,-0.21996516166988206,0.03560842746736757,17.081,17.441,17.478666666666665,0,24,4,16.972243369525362,17.24501746463307,34.67561521252793,-0.194094736697771,-0.01758847254383247,18.53611643216571,16.34588356783429,0.028930843316496545,0.02161709120560029,0.018294796195266718,4615600.0,-1.5724355414835292,0,0,-1,0,0,0.0,1.066766484046878,0.5961401331220357,0.34316068439171876,-0.022405660377358694,-0.060623229461756356,-0.09127747100493906,0.04101326899879371,0.0
2006-04-25,16.24,16.58,0.03379737958329071,-0.004218144247722681,0.015552413007484785,-0.05261291178560277,-0.020719814973616985,16.956,17.3795,17.448666666666668,1,25,4,16.83910821142984,17.18017762820513,32.426778242677784,-0.24419659828209817,-0.06291009769148562,18.598860919757122,16.160139080242878,0.02925993912366171,0.02192105768847805,0.018636877004066923,-1124700.0,-1.8690118430677158,0,0,-1,0,0,-0.0018094089264172248,0.779398742564338,0.5139750718705464,0.34798600271527996,-0.07093821510297493,-0.07040641099026901,0.9388632443245591,0.02216748768472903,0.0
2006-04-26,16.21,16.24,-0.015220994010355243,-0.012150817782512579,-0.00557104504945536,-0.34785676095235285,-0.001848998985946975,16.85,17.313,17.40666666666667,2,26,4,16.724724900260778,17.11758552315964,31.512605042016816,-0.28306048871674605,-0.1069401758965377,18.636155717453892,15.989844282546104,0.02922938282239638,0.02185574318261622,0.018215076806669075,-5178500.0,-1.667226291584886,0,0,-1,0,0,0.0036945812807883177,-0.42379309572136253,0.5196816534095869,0.3469491670781871,-0.0662442396313363,-0.07582668187001129,0.7725949264949113,0.015422578655151141,0.0
2006-04-27,16.42,16.21,-0.008007434223701126,0.01154677064847095,0.0012406949482343704,0.2415918961270256,0.012871768276697448,16.74,17.2355,17.37066666666667,3,27,4,16.669320372940636,17.072580005536437,36.382978723404285,-0.2935315084166348,-0.14425844240055713,18.578058045397853,15.892941954602144,0.02911515004135788,0.02121350550879462,0.018415635025254628,-16900.0,-1.214845053136352,0,0,-1,0,0,-0.0024676125848241298,0.35975367505010486,0.4164698561242852,0.3367539600730157,-0.003640776699029069,-0.0862548692264884,0.46678500928438016,0.025578562728380126,0.0
2006-04-28,16.22,16.42,0.01655971603901834,-0.00606062461169107,-0.003726712387696163,-0.30611397192479456,-0.012255055337015494,16.595,17.156,17.329333333333334,4,28,4,16.5876257596787,17.017574843888926,34.96932515337423,-0.31434462631920823,-0.17827567918428736,18.54289201947504,15.769107980524957,0.028692004278189628,0.021263648746020516,0.01851010789232561,-3817400.0,-1.3497806416887297,0,0,-1,0,0,0.0012180267965894989,-0.5706878730166535,0.3559520618462625,0.3375499592868043,0.013749999999999929,-0.08927568781583384,0.7961932984239204,0.02342786683107269,0.0
2006-05-01,16.41,16.22,-0.011009285508369255,0.0006077180375428715,-0.0012453301733962785,0.11994123949075833,0.011645856414732795,16.54,17.076999999999998,17.289666666666665,0,1,5,16.555330167009846,16.978376466863836,38.934426229508226,-0.3119122300739967,-0.20500298936222922,18.44371869819628,15.710281301803713,0.02689215373555325,0.02132450248756277,0.018593158001094706,467400.0,-0.9760604005495286,0,0,-1,0,0,0.0024660912453762455,-0.2357270915347674,0.23247836668261335,0.33851598248561593,-0.010253317249698357,-0.0878265703168426,-0.20415592039124766,0.02498476538695918,0.0
2006-05-02,16.41,16.41,0.020092000082688428,0.015074147358378647,0.017907239855831803,-0.0511360802222304,0.0,16.433,17.0,17.246,1,2,5,16.528906500280783,16.94170701738875,40.77253218884122,-0.3064519511915762,-0.22529278172809863,18.332729687915737,15.667270312084263,0.02425074623027493,0.02134205986783236,0.018521128890511652,467400.0,-0.8854008511248878,0,0,-1,0,0,0.010968921389396692,-0.3474169462110526,0.16538676914978168,0.3387946972568187,0.010467980295566504,-0.08579387186629517,-0.31394962783729025,0.02254722730042663,0.0
2006-05-03,16.51,16.41,-0.008474626990972232,-0.01022565301175715,0.003665245398295874,-0.4147312311513072,0.0060753528300371016,16.348,16.929499999999997,17.209333333333333,2,3,5,16.525468954775185,16.913854951750768,38.802660753880296,-0.29070441701086125,-0.23837510878465115,18.20527386215887,15.653726137841126,0.02454560303873609,0.02146186754873312,0.018569799027876473,3156500.0,-0.6576400605827045,0,0,-1,0,0,0.00243753808653255,-1.3611492122412023,0.1629515663135037,0.3406965852297315,0.018507094386181366,-0.0786830357142857,-1.0613384024762058,0.008479709267110875,0.0
2006-05-04,16.86,16.51,0.007871672495768013,0.0227146645825321,0.010312496608318924,0.07319115405927903,0.020977694641672685,16.386000000000003,16.874000000000002,17.179,3,4,5,16.586292781179697,16.910380438734588,41.4012738853503,-0.24713350656146105,-0.24012678834001314,18.05201617359971,15.695983826400292,0.019624264006973577,0.022146327099368913,0.01894658176275699,6049800.0,-0.023768773831385624,0,0,-1,0,0,0.0042398546335552225,-1.1090408345690086,0.19893615530719108,0.35156204375052347,0.026796589524969328,-0.06176961602671116,-0.2815418837359625,0.02075919335705821,0.0
2006-05-05,16.61,16.86,0.01911647222187889,-0.0011827322490496007,-0.0042334505319366784,0.17603448117704915,-0.0149390289485059,16.447,16.8195,17.145333333333333,4,5,5,16.59060318460157,16.891001055590422,45.88235294117645,-0.2301234370462737,-0.23812611808126527,17.935856385276097,15.703143614723906,0.01747024772840441,0.022140714731509643,0.01906191483229556,2599600.0,-0.3753281707582811,0,0,-1,0,0,0.0023724792408065924,-0.7058675615120726,0.21396817699797746,0.3514729501727924,0.02404438964241673,-0.06158192090395476,-0.5117353179200603,0.024081878386514065,0.0
2006-05-08,16.34,16.61,-0.009512556867698554,-0.005339674508503487,-0.010356473924161249,-0.1600566332108346,-0.016388834193346673,16.423,16.752000000000002,17.101666666666667,0,8,5,16.545038969219465,16.85545260039104,35.749999999999986,-0.23571243173327616,-0.23764338081166747,17.808381111451226,15.695618888548779,0.014256932277071485,0.022329370278445112,0.01922971754112897,-340300.0,-0.7800215197600607,0,0,-1,0,0,0.007826610475617038,-1.0303418702153915,0.24692059264769267,0.35446776413665715,-0.004265691651432091,-0.07631430186546073,0.48727036480990504,0.029375764993880074,0.0
2006-05-09,16.56,16.34,-0.021739986636405875,-0.011969023795320655,0.0018354241922274041,-0.2568791481790637,0.01337405952525681,16.455000000000002,16.7055,17.07133333333333,1,9,5,16.547759156634108,16.836391142301295,40.243902439024374,-0.21985523461644618,-0.23408575157262324,17.705467894221123,15.705532105778877,0.013197104972218604,0.022572242590786183,0.019382956269384632,1933600.0,-0.291009343081624,0,0,-1,0,0,0.0024479804161566185,-1.388400030097664,0.2671929414445333,0.3583232425694432,0.009140767824497242,-0.053173241852487174,-0.17256897018089934,0.015096618357487924,0.0
2006-05-10,16.44,16.56,-0.0006106870418797168,-0.007857399143877824,-0.0006114338313384483,0.036190148570493276,-0.007272759329079585,16.478,16.664,17.034666666666666,2,10,5,16.52816658270063,16.81081752021734,49.401197604790426,-0.214498681495094,-0.2301683375571174,17.633761772156536,15.694238227843465,0.013480814682033194,0.022478032478957476,0.019379622733184287,-424100.0,-0.4619691277412878,0,0,-1,0,0,-0.011473429951690685,-1.2294845111021244,0.27086978044932697,0.3568277034081252,-0.004239854633555473,-0.048060220034742196,0.553199163234837,0.007907542579075364,0.0
2006-05-11,16.23,16.44,0.0042669982449902635,-0.002430134853291782,-0.01107022375424692,0.0748317814207041,-0.012856008101534025,16.459,16.5995,16.976666666666667,3,11,5,16.47395447675506,16.773345422138807,53.745928338762226,-0.22460965917500175,-0.2290566018806943,17.49856325519479,15.700436744805211,0.013505083066183766,0.022237476757295743,0.018809512274954,-2965000.0,-0.821966636641031,0,0,-1,0,0,0.0,-1.0790598954217836,0.1940511028042108,0.35300899971230143,-0.03736654804270456,-0.07363013698630128,1.8367354259897266,0.016635859519408477,0.0
2006-05-12,16.05,16.23,-0.01717833653508463,-0.004878058453432967,-0.008072071150647182,0.19312527874033425,-0.011152531950475003,16.442,16.5185,16.918,4,12,5,16.396871844617777,16.726677975549208,40.07490636704124,-0.24433068545783598,-0.23211141859612264,17.295031424110398,15.7419685758896,0.013409636096328413,0.022106529830256717,0.018836529669310667,-6047200.0,-1.2066478843060775,0,0,-1,0,0,-0.004313000616142962,-0.7809753544751107,0.186874571435765,0.35093028168894114,-0.03371462974111972,-0.09168081494057734,1.8263698100701904,0.019937694704049862,0.0
2006-05-15,16.26,16.05,-0.0006190034242838298,-0.0049019706002066685,0.0031123585659233494,-0.004617744214130368,0.012999254543639817,16.427,16.4835,16.860333333333333,0,15,5,16.37198605468727,16.696569719062165,50.39370078740164,-0.24024509994771748,-0.23373815486644162,17.239062530067134,15.727937469932865,0.013559824339529918,0.020756942429015823,0.01891721862722765,-2979200.0,-0.5916121859037633,0,0,-1,0,0,0.0062305295950154434,-0.7180448382873779,0.2080386772103209,0.3295062458715651,-0.004895960832313251,-0.041273584905660354,0.5065262305399411,0.01168511685116859,0.0
2006-05-16,16.17,16.26,0.008631372945288358,0.0036787288574625884,0.00310270183751088,0.3457187945121818,-0.005550430530649092,16.403,16.418,16.801000000000002,1,16,5,16.335261317471403,16.66259747912267,49.23076923076925,-0.2414857939218642,-0.23528768267752614,17.021693892456117,15.81430610754388,0.013634702550636842,0.01929511537266742,0.018921043181689322,-7314300.0,-0.8216084446076256,0,0,-1,0,0,0.001845018450184353,0.15796185991387449,0.1644907854040597,0.30630046076626416,-0.02355072463768093,-0.07494279176201368,1.8112019935427393,0.012368583797155181,0.0
2006-05-17,15.58,16.17,-0.01484257303792874,-0.011077036338907494,-0.035954676995895836,-0.1514630841437204,-0.037169633146413354,16.31,16.329,16.723,2,17,5,16.197941077931148,16.592752480469596,35.90604026845635,-0.2867713998113359,-0.24558442610428813,16.869483214598297,15.788516785401706,0.017216748451345437,0.02064014415625281,0.01986198460645127,-11040100.0,-2.771593935832703,0,0,-1,0,0,-0.007421150278293196,-0.2011209722475203,0.28193481478988147,0.3276521307718081,-0.05231143552311446,-0.10253456221198154,-0.3044358531471018,0.03786906290115532,0.0
2006-05-18,15.58,15.58,-0.028437935320533625,-0.0037197811025319006,0.0006420545966953233,-0.10931078688486208,0.0,16.182,16.284,16.64333333333333,3,18,5,16.085588154670937,16.52741361076188,38.48920863309354,-0.31898352522546247,-0.26026424592852304,16.91400083542082,15.653999164579181,0.014659002701853913,0.017655219123257432,0.01983336969635053,-11040100.0,-2.2349176712749963,0,0,-1,0,0,0.0012836970474967633,-0.38816914420159043,0.2900840714995549,0.2802679148549459,-0.04004929143561309,-0.054611650485436924,-0.9030504094036169,0.03337612323491665,0.0
2006-05-19,15.62,15.58,0.003838776307165667,-0.0200759565726893,0.0,-0.33790439940147105,0.002564103968937634,16.083000000000002,16.265,16.573999999999998,4,19,5,16.000935762912583,16.46887079716434,34.98098859315587,-0.3373949223422201,-0.27569038121126244,16.951455426543436,15.578544573456565,0.014759755523865388,0.016541503490394648,0.019773093380450465,-8657800.0,-1.8792188831482404,0,0,-1,0,0,0.005134788189987168,-1.1219447948503263,0.29705510339693747,0.26258822728014686,-0.026791277258567114,-0.02375000000000005,-1.5002836350978965,0.012804097311139519,0.0
2006-05-22,15.65,15.62,-0.0012779554454919577,0.006317140401261497,0.0019236940847385505,0.16831580454483766,0.0019187725746224146,16.014000000000003,16.2185,16.506,0,22,5,15.93712926056484,16.41604042315374,35.71428571428571,-0.3455816873500268,-0.28966864243901536,16.940201935850165,15.496798064149832,0.014476705055649243,0.014059950945440127,0.019793041578777704,-5838800.0,-1.5754426356922662,0,0,-1,0,0,0.001280409731114043,-0.6678281939414847,0.26210682830164467,0.2231948018844123,-0.037515375153751584,-0.05609167671893833,-2.040971032355726,0.017252396166134273,0.0
2006-05-23,15.39,15.65,-0.0006395906837797636,-0.012674440896727937,-0.014843770449842662,-0.11813339855165884,-0.016752969135374406,15.897,16.176000000000002,16.436,1,23,5,15.837651213189414,16.34984426682124,30.14184397163116,-0.3687983073720993,-0.30549457542563213,16.986961742234353,15.36503825776565,0.013487469855691442,0.013826735341978076,0.019885165578750398,-8343700.0,-1.9384391619620063,0,0,-1,0,0,-0.001277955271565468,-0.9815603252392701,0.26857620601313376,0.21949261895268965,-0.048237476808905444,-0.05233990147783241,-1.3031644782076333,0.01949317738791416,0.0
2006-05-24,15.56,15.39,-0.014824635013801843,-0.004474280394921077,-0.0065231803391235955,0.3318248276282826,0.01098557089945763,15.809000000000001,16.143500000000003,16.379,2,24,5,15.787169174427703,16.298886572187612,25.37878787878789,-0.3692238836586572,-0.31824043707223715,16.999568738016922,15.287431261983086,0.014671598013845986,0.014159896128772108,0.020003700737701278,-4853100.0,-1.363208289445727,0,0,-1,0,0,0.0006497725795971271,0.2949941710223316,0.16033843393252067,0.22478138248342336,-0.0012836970474967568,-0.040098704503393034,-1.1925903846389891,0.021208226221079696,0.0
2006-05-25,15.61,15.56,0.005827145009193708,0.00765798254284572,0.013649870690402946,-0.26317534217049116,0.003208215777095156,15.747000000000003,16.103,16.315333333333335,3,25,5,15.754956597259028,16.25444227720777,29.508196721311464,-0.3613610287987381,-0.32686455541753734,16.98036687399189,15.225633126008113,0.014648412461800403,0.013782790959456498,0.019763322050394105,-2170200.0,-1.1238172185756794,0,0,-1,0,0,-0.004498714652956317,-0.7006453478204878,0.16222276857005402,0.21879502350666732,0.0019255455712452463,-0.04933008526187588,-1.4507380518629627,0.015374759769378618,0.0
2006-05-26,15.75,15.61,0.010915036133879872,0.003173598347541751,0.008357489982762598,-0.46317619353709716,0.008928630744301398,15.717000000000002,16.0795,16.251333333333335,4,26,5,15.754055397757385,16.221897614162106,37.229437229437224,-0.33991450685665114,-0.3294745457053601,16.968768771164136,15.190231228835863,0.014908645856436423,0.013807063876892752,0.019772130811566656,-481900.0,-0.7410582957245933,0,0,-1,0,0,0.0032030749519539213,-1.908810472469053,0.1735162333747516,0.21918034412544932,0.008322663252240847,-0.028976572133168843,-1.5787671904014777,0.010158730158730167,0.0
2006-05-30,15.64,15.75,-0.007049051937413887,-0.005082603063465779,-0.01159059981490983,0.6338192506963863,-0.007008630154477045,15.655000000000001,16.041000000000004,16.207333333333334,1,30,5,15.733318052710587,16.184355832603263,29.090909090909136,-0.3280129354563641,-0.32918222365556093,16.936671462323332,15.145328537676678,0.014008467423154864,0.013503638909611539,0.01854736055635659,-3664000.0,-0.8954176098450864,0,0,-1,0,0,-0.012698412698412653,0.32204907500461255,0.184023683511968,0.2143636220954853,-0.0006389776357826893,-0.046922608165752555,-0.7233672214335509,0.016624040920716097,0.0
2006-05-31,16.1,15.64,0.009600073729019137,0.02515855963615515,0.016062022148311168,0.14254130810342808,0.028987536873252406,15.648,16.0255,16.161333333333335,2,31,5,15.799987497672298,16.17891352082241,43.30708661417324,-0.2782551466332741,-0.3189968082511036,16.904865201662023,15.146134798337977,0.017458983536001803,0.015256517486163603,0.01847155935149123,5600.0,0.16944040964821783,0,0,-1,0,0,0.0038363171355497903,1.1706019922320126,0.21145285670347358,0.24218970684778324,0.046133853151397064,-0.018890920170627545,0.6974530717538082,0.02546583850931689,0.0
2006-06-01,15.9,16.1,0.02515855963615515,0.004956639639928196,0.008883307147979698,0.5507158566660382,-0.012500162764231494,15.680000000000001,15.995000000000001,16.112666666666666,3,1,6,15.818171589004606,16.16091910012419,43.478260869565226,-0.2520545411834654,-0.305608354837576,16.845448797926185,15.144551202073817,0.013007070747799122,0.015374812808822155,0.018543828286587356,-6359300.0,-0.22341145106362142,0,0,-1,0,0,0.0,3.3192250480879752,0.25847333268046985,0.24406758687788327,0.02185089974293053,-0.03694730466384022,0.9059557207302152,0.02201257861635218,0.0
2006-06-02,15.81,15.9,-0.01438873745209978,-0.01871545581135591,-0.02042189670447339,-0.8506814790478529,-0.005676458004805191,15.703,15.9425,16.090333333333334,4,2,6,15.816685845549223,16.138279158180694,45.08196721311475,-0.23583407205687834,-0.29165349828143644,16.691727672515178,15.193272327484822,0.013230380505325568,0.014405577491927817,0.01620498914539253,-9077900.0,-0.35369756046301387,0,0,-1,0,0,-0.00188679245283026,-0.4228937212940249,0.2685996392500892,0.2286814532154635,0.012812299807815508,-0.06227758007117434,1.2457506123262334,0.023402909550917204,0.0
2006-06-05,15.71,15.81,-0.005053706270766956,0.004398373411863886,0.007067167223092353,-0.33892503260061657,-0.006345198953850881,15.712,15.897499999999999,16.080666666666666,0,5,6,15.797288419085728,16.110648244749683,38.19742489270386,-0.22841536750406277,-0.27900587212596173,16.583353291048063,15.211646708951935,0.01345101457443979,0.014165043655209908,0.015365713454456986,-11015000.0,-0.5467641620950061,0,0,-1,0,0,-0.0012650221378874985,-1.1104094445677357,0.267922899149081,0.22486309693235265,-0.0025396825396825085,-0.054184226369656696,2.0891156787042258,0.02100572883513686,0.0
2006-06-06,15.72,15.71,-0.0006335128498224776,-0.0018826488146165652,-0.007712120486338919,0.41066554204089606,0.0006363347335307106,15.719,15.866499999999998,16.052,1,6,6,15.783235979251959,16.08544513218519,39.99999999999998,-0.2192022472133477,-0.26704514714343897,16.523583668468312,15.209416331531687,0.013443722706064932,0.013812588962778557,0.013716105169785369,-8094200.0,-0.445909728182699,0,0,-1,0,0,0.004455760661998632,-0.13250205061170184,0.2615028344828021,0.21926805214480596,0.005115089514066584,-0.03794369645042839,1.8092848564545976,0.026717557251908393,0.0
2006-06-07,15.78,15.72,-0.006357300495466412,0.006261761223976096,0.011545990997060728,0.09950941321773128,0.0038095284166676487,15.758000000000001,15.8275,16.036666666666665,2,7,6,15.782647619387966,16.065738994624855,55.81395348837207,-0.20469963448172557,-0.2545760446110963,16.39818287810988,15.256817121890121,0.01202723019151244,0.013412634335562846,0.013276889929385995,-4867800.0,-0.16646723363183002,0,0,-1,0,0,-0.0025445292620865727,0.12572388507925103,0.10093068885157347,0.21291896926887208,-0.0198757763975157,-0.047101449275362306,-0.06762112073837441,0.021546261089987317,0.0
2006-06-08,15.67,15.78,0.007623925110659366,-0.008147961091588458,-0.0038338705107219006,0.3478617359665964,-0.006995259049798653,15.769,15.789000000000001,16.018666666666668,3,8,6,15.762166234044699,16.040207446584542,52.459016393442624,-0.1997793580169862,-0.2436167072922743,16.284661174593445,15.293338825406556,0.011965759593480108,0.013407452493432392,0.01332274279843751,-9436500.0,-0.4801667191206112,0,0,-1,0,0,0.0012674271229405165,1.3220380259286422,0.07676818017006443,0.2128367100752098,-0.014465408805031443,-0.04683698296836991,0.8059420669191016,0.017230376515635058,0.0
2006-06-09,15.7,15.67,-0.007623925110659371,0.0,-0.007712120486338919,-0.3004953707444574,0.0019126559863327658,15.778,15.7625,15.994666666666665,4,9,6,15.750863282400207,16.01825857906296,52.1978021978022,-0.19125459032504466,-0.23314428389882838,16.213551403301672,15.311448596698328,0.011943299499282507,0.013204867406855015,0.01307289323091919,-6053600.0,-0.277130276250128,0,0,-1,0,0,0.000638162093171652,0.1266036049074845,0.07842966242297549,0.20962077152472444,-0.006957621758380883,-0.03265557609365377,-0.3791203857454057,0.024840764331210227,0.0
2006-06-12,15.26,15.7,-0.004474280394921077,-0.015858245431459552,-0.01888691765399942,-0.25720158167941853,-0.028425686497951422,15.729,15.723000000000003,15.962666666666667,0,12,6,15.661615412872894,15.969338670736317,41.2556053811659,-0.2174958168874852,-0.23001459049655976,16.205323324620572,15.240676675379433,0.014526454724243864,0.014341195995480236,0.013821657462626858,-8669300.0,-1.9198739781628134,0,0,-1,0,0,-0.005732484076433112,-0.6012930551247939,0.2083041799947016,0.22765942864365654,-0.028644175684277573,-0.049221183800623125,-1.755392719930513,0.028178243774574032,0.0
2006-06-13,15.18,15.26,-0.01679626049413452,-0.008346757928717571,-0.002633312910760657,0.3713882072333335,-0.005256253888827064,15.683000000000002,15.669,15.921666666666665,1,13,6,15.574048974168731,15.918413595204942,44.878048780487774,-0.24195836400179083,-0.23240334519760597,16.139873767864078,15.198126232135923,0.014484570551327847,0.013876224709067577,0.01358883621180361,-12461400.0,-2.076989772516512,0,0,-1,0,0,0.0058977719528178155,0.509273659240047,0.20104659702103692,0.22027823829985446,-0.03435114503816805,-0.06642066420664217,-1.5393730667238565,0.022397891963109345,0.0
2006-06-14,15.5,15.18,-0.015758697748557923,0.0057859370670439265,-0.00462504953956227,-0.3115487470284129,0.02086125195771702,15.623000000000001,15.635500000000002,15.891333333333334,2,14,6,15.56058552431987,15.89141916970785,48.63636363636362,-0.23283975146739522,-0.23249062645156382,16.048013476653075,15.222986523346927,0.012527806030792904,0.014893449961409738,0.014251657482281825,-9684400.0,-0.6569482340280396,0,0,-1,0,0,-0.004611330698287239,-0.4108840616213758,0.2806332967351947,0.23642618857004816,-0.017743979721166037,-0.04143475572047006,0.001421110413420611,0.03225806451612903,0.0
2006-06-15,16.14,15.5,0.03383536814873712,0.03959046727100856,0.030651242025028405,0.43752284520957174,0.040460638916601774,15.647,15.663499999999999,15.879,3,15,6,15.665933610807166,15.907456642629926,59.49820788530468,-0.17198796385249793,-0.22039009393175066,16.13232944940664,15.19467055059336,0.018481791429917,0.015556179448335712,0.016234758517017958,-5383200.0,2.032722136389127,0,0,-1,0,0,0.008387096774193598,1.0534176201784577,0.41800287616205406,0.24694669302354152,0.029993618379068332,0.03594351732991008,0.10968159957118803,0.04089219330855019,0.0
2006-06-16,16.3,16.14,0.02526982218807639,0.010419953303652878,0.02849195579430624,0.013692676150669067,0.009864444970914016,15.696000000000002,15.6995,15.860333333333333,4,16,6,15.781218408842225,15.932782020524769,59.786476868327426,-0.10958855231544185,-0.19822978560848892,16.245547038651807,15.153452961348195,0.018453338224214966,0.015650732049362938,0.01583741911868732,-1022700.0,2.199444214486134,0,0,-1,0,0,-0.006815365551424995,1.0301889533873432,0.4166874193899421,0.24844766903233562,0.03821656050955413,0.04621309370988458,-0.19148261677865827,0.02331288343558276,0.0
2006-06-19,16.3,16.3,0.01608945599249215,0.00547280174135469,0.01240710704705373,-0.5263101023204915,0.0,15.754999999999999,15.733500000000001,15.85,0,19,6,15.875542334507273,15.956473503071559,62.22222222222223,-0.05945125208195989,-0.1704740789031831,16.340035459109565,15.126964540890437,0.01819686064349089,0.01565961282012812,0.015621029558067266,-1022700.0,1.8679864185736517,0,0,-1,0,0,-0.0006134969325154333,-0.6684069595213168,0.29444073835376555,0.2485886468977071,0.06815203145478388,0.0435339308578746,0.8610324503993319,0.016564417177914084,0.0
2006-06-20,16.3,16.3,-0.006775510983608114,-0.009138047139650676,-0.003087375098251231,0.22211044923651557,0.0,15.812999999999999,15.766000000000002,15.848666666666666,1,20,6,15.95271645550595,15.978636502873394,54.4642857142857,-0.01949238435393852,-0.1402777399933342,16.42138739046331,15.110612609536696,0.01821042496283934,0.0156676156707219,0.015335359712044767,-1022700.0,1.6295705647388303,0,0,-1,0,0,-0.00736196319018411,-0.07843998909581279,0.27524669713752087,0.24871568821241158,0.07378129117259569,0.04153354632587858,1.077095253292071,0.010429447852760622,0.0
2006-06-21,16.43,16.3,0.004316997145400918,0.01337405952525681,0.0037037079374842106,-0.23413855535299502,0.007943824236460017,15.878,15.817999999999998,15.844333333333335,2,21,6,16.039495281777594,16.007756728494467,62.211981566820285,0.02240692665068167,-0.10774080666453104,16.511688842728255,15.12431115727174,0.018258839177882943,0.01507094136920038,0.015201746377714317,1522600.0,1.7644798713873604,0,0,-1,0,0,-0.0030674846625767306,-0.7233378308470406,0.2710708312131659,0.2392437773192369,0.06000000000000005,0.06757634827810266,1.8555285832856239,0.020085209981740616,0.0
2006-06-22,16.45,16.43,0.012232568435634451,-0.00181323712418072,0.0,-0.11945909470588299,0.0012165451622042649,15.956,15.8625,15.844666666666665,3,22,6,16.114132503272575,16.036288552462565,65.23809523809524,0.0565741141710987,-0.0748778224974051,16.599346052620568,15.125653947379433,0.017882260934300634,0.0149677641866963,0.01514395778170458,3781300.0,1.594634314482857,0,0,-1,0,0,0.0012172854534388054,-0.9174318261008285,0.07544758372267182,0.2376058903239442,0.019206939281288582,0.05719794344473006,0.6541288517287597,0.018237082066869345,0.0
2006-06-23,16.44,16.45,-0.00426439878645754,-0.0018165309263980052,0.0012315272492465145,-0.13174308816153343,-0.0006080875833469466,16.029999999999998,15.904000000000002,15.851666666666667,4,23,6,16.173381139041197,16.06233445230369,68.15920398009956,0.08190083813529014,-0.04352209037086606,16.673727224410932,15.134272775589071,0.017948480006265505,0.014987800027730123,0.014948103704318538,1801400.0,1.392701162181704,0,0,-1,0,0,-0.004255319148936188,-1.1137257250768846,0.056527174641941645,0.2379239494400453,0.008588957055214674,0.05317104420243446,2.0516459277906827,0.015206812652068125,0.0
2006-06-26,16.47,16.44,-0.0012217472503223644,0.0,-0.0012315272492466737,0.007798193116753863,0.0018231545615149567,16.151,15.940000000000001,15.865666666666668,0,26,6,16.227311841033707,16.088635455380874,68.47290640394091,0.10320353254443759,-0.014176965787805331,16.745899301532074,15.13410069846793,0.013920209376055457,0.014915477276431765,0.014786809190553326,3796800.0,1.3153008049329002,0,0,-1,0,0,-0.0048661800486619125,-1.134579933079101,0.05448278591300343,0.23677586135564072,0.010429447852760676,0.045714285714285596,1.8093586373212323,0.016393442622950796,0.0
2006-06-27,16.17,16.47,0.0,-0.003034903695154047,-0.008042109536082448,0.06940039259516981,-0.01838287060053331,16.25,15.9665,15.862666666666666,1,27,6,16.216891506300303,16.093884780840174,58.590308370044134,0.09478594517218042,0.007615616404191819,16.76569103835618,15.16730896164382,0.01574931604654181,0.015485587425501574,0.015004945659299981,1658000.0,0.5092649697838755,0,0,-1,0,0,-0.006678809957498448,-0.9302151760789399,0.15642406273379506,0.24582607940175677,-0.00797546012269934,0.03388746803069065,-1.6072023944835268,0.021645021645021512,0.0
2006-06-28,15.96,16.17,-0.012919281505935524,-0.011002555980434436,-0.02070987101547037,0.3945586442254128,-0.013072081567352775,16.296,15.9595,15.855666666666668,2,28,6,16.170183959700246,16.085247053044036,56.11814345991565,0.07035865084722914,0.020164223292799287,16.756216287083813,15.162783712916188,0.01591614984076914,0.014365495268149335,0.015159314076101762,-1515400.0,0.001255151948332172,0,0,-1,0,0,-0.0012368583797157159,0.028093349701759262,0.146379623987045,0.22804516763878965,-0.028606208155812496,-0.008695652173913104,-0.7457816660592378,0.03132832080200501,0.0
2006-06-29,16.16,15.96,-0.00995652282280253,-0.005547009600600769,0.01197619104671584,0.1745235371607853,0.012453461071286557,16.298000000000002,15.9725,15.875,3,29,6,16.168332330663837,16.090069823815387,59.05511811023627,0.0663730652553447,0.029405991685308372,16.77360121576121,15.17139878423879,0.009570031613461559,0.014344452304467433,0.013698474009706715,2263100.0,0.46810564335952565,0,0,-1,0,0,0.0018796992481202605,0.9379231082469889,0.19446332580602788,0.2277111209462892,-0.01762917933130692,0.01635220125786163,0.05406396454815158,0.013613861386138543,0.0
2006-06-30,16.37,16.16,0.006855745144554494,0.015941477997688403,0.006246116496952769,-0.2732048684314799,0.01291133829009417,16.305,16.0005,15.901333333333332,4,30,6,16.204999179634047,16.108129835182137,74.02597402597412,0.07924620400522997,0.03937403414929269,16.816690767174197,15.1843092328258,0.009960477470090219,0.014500531177836768,0.013860157285057604,5138300.0,0.9054255815200618,0,0,-1,0,0,-0.0037128712871286338,-0.17920570715719486,0.22821726729771205,0.2301887962493676,-0.0042579075425790425,0.035420619860847546,-0.30192547144564325,0.023213194868662343,0.0
2006-07-03,16.47,16.37,0.019071633111582047,0.0036429912785010087,0.018507622655985455,-0.9636342176120061,0.006090152806505272,16.322000000000003,16.0385,15.929666666666668,0,3,7,16.25318114697331,16.13147629742845,77.68240343347648,0.09640611380636344,0.05078045008070685,16.86839599855669,15.208604001443307,0.010114352441671715,0.01439816952739266,0.013882489155666521,6235200.0,1.039889337339716,0,0,-1,0,0,0.0024434941967012304,-2.113112757399164,0.23325684358948348,0.2285638554241762,0.0,0.048376830044557506,-0.534279207126556,0.008500303582270831,0.0
2006-07-05,16.6,16.47,0.004256619379326148,0.016231194928582552,0.003660772849681377,1.165774086762496,0.007862151172948799,16.352,16.082500000000003,15.961333333333332,2,5,7,16.31623912025089,16.16170363307823,75.70093457943936,0.1191222127809688,0.06444880262075925,16.934318488201253,15.230681511798755,0.010326104047353202,0.014441094516837583,0.013926139361317829,9754500.0,1.2150475885837662,0,0,-1,0,0,0.000607164541590866,0.5679227206681915,0.1689906087964616,0.22924526850678426,0.026592455163883644,0.05597964376590325,-1.8218660277238983,0.02108433734939746,0.0
2006-07-06,16.93,16.6,0.010863112257370931,0.014797547310110654,0.01210668540301983,0.46908327859471344,0.019684500782546292,16.401999999999997,16.14,16.012666666666668,3,6,7,16.427832007478003,16.21127114062157,71.58469945355199,0.161886994453031,0.0839364409872136,17.058488460804455,15.221511539195546,0.011702163329036317,0.014937257303265535,0.013832334950520553,15380200.0,1.7202175829363855,0,0,-1,0,0,0.0036144578313252237,2.32795634725274,0.08506662638449045,0.23712160856294354,0.06077694235588971,0.07287705956907486,0.6970801748026598,0.02362669816893081,0.0
2006-07-07,16.98,16.93,0.005984458315240486,-0.0011757790890119504,-0.0006018658020986734,-0.6481198099244412,0.0029489847381573005,16.455000000000002,16.205499999999997,16.06,4,7,7,16.528226187936546,16.260866550904048,69.7674418604652,0.1975359032336712,0.10665633343650513,17.168619383756642,15.242380616243354,0.011684586883798545,0.014730011502594122,0.013754266134888945,18322600.0,1.6083156731392303,0,0,-1,0,0,-0.01004134672179552,-0.10334232293385891,0.10524142107318614,0.2338316834699094,0.05074257425742568,0.08359923420548832,0.845021025064586,0.02296819787985869,0.0
2006-07-10,17.37,16.98,0.013629840629903543,0.030700354876927113,0.020262910201255823,0.6851969552848407,0.02270839936981225,16.548000000000002,16.288999999999998,16.118666666666666,0,10,7,16.681275971948082,16.332423547619918,75.35545023696693,0.25432594967737643,0.13619025668467938,17.351982893361082,15.226017106638913,0.013113568629486374,0.015304814825062874,0.014229217727729915,24160800.0,2.033899146922204,0,0,-1,0,0,0.0005889281507654895,2.2355299102962167,0.14105011958762972,0.2429564033340653,0.061087354917532144,0.10636942675159244,0.49413533923879366,0.03339090385722521,0.0
2006-07-11,16.98,17.37,0.00645352782477357,-0.023082386597114677,-0.020262910201255733,-0.3783281890355366,-0.02270839936981235,16.599,16.375,16.159666666666666,1,11,7,16.735589431593883,16.374202673579923,63.60000000000004,0.26481016327655027,0.16191423800305357,17.363129546162522,15.386870453837476,0.01585073107982283,0.014707560894815801,0.014962839453166956,20161600.0,1.2245357956344172,0,0,-1,0,0,-0.015544041450777177,0.6332577900055398,0.28647478541523597,0.23347529112012727,0.030965391621129434,0.11271297509829625,-1.1674258807019586,0.030624263839811518,0.0
2006-07-12,16.97,16.98,-0.0029282597790884456,-0.0011682244319264163,0.01493902894850585,-0.43285470546486643,-0.0005891016370664254,16.679,16.4645,16.204,2,12,7,16.778209534940448,16.412641210768317,61.34453781512605,0.26920879030408784,0.18337314846326042,17.311003023278953,15.61799697672105,0.014091156249112636,0.014565519966363584,0.014866579410347304,17567500.0,1.194325326900619,0,0,-1,0,0,0.0041224970553592625,-0.48774335016037473,0.28971708300745996,0.23122046128406354,0.02228915662650577,0.11791831357048732,-0.6844493987416009,0.014731879787860933,0.0
2006-07-13,16.35,16.97,-0.008836581800498112,-0.011166733726024804,-0.04302390290504388,0.1743811420504592,-0.03721918190287243,16.717999999999996,16.506999999999998,16.212333333333333,3,13,7,16.700353255860367,16.408599842331654,48.322147651006745,0.22012841215980572,0.19072420120256947,17.225246402522277,15.78875359747772,0.018648595872018135,0.016875598478643918,0.015655281058289377,14479200.0,-0.43717587571244915,0,0,-1,0,0,-0.004124926340601078,-0.08930198389754113,0.36794986110719363,0.2678918207992306,-0.034258712344949704,0.05483870967741944,-0.1011947045101708,0.04709480122324178,0.0
2006-07-14,16.04,16.35,-0.04601295908722492,-0.039173432947130875,-0.018750549345375806,0.21735667478036277,-0.019142294904894056,16.706,16.502000000000002,16.217,4,14,7,16.580289027522117,16.384819207342517,43.9024390243902,0.15443719381702437,0.18346679972546048,17.232294821503714,15.771705178496289,0.0194233972016359,0.014907462214626998,0.01588706296461563,10641100.0,-1.2652424374274545,0,0,-1,0,0,-0.012844036697247757,0.565019653849472,0.36448583675679663,0.23664862619397137,-0.05535924617196708,-0.00619578686493194,0.7705651635094842,0.02618453865336658,0.0
2006-07-17,15.85,16.04,-0.006215060403434397,-0.003077872543679662,-0.010145933578348377,0.33357599058159904,-0.011916102115078828,16.654,16.479499999999998,16.218333333333334,0,17,7,16.447509204336278,16.350314742352676,40.98837209302326,0.08605305188103074,0.16398405015657452,17.26187089064309,15.697129109356904,0.019080652519619202,0.014924182282109493,0.016008281127825045,5283300.0,-1.60921120028523,0,0,-1,0,0,0.0,1.7078281748035835,0.21079213635442257,0.23691404903674876,-0.08750719631548654,-0.027607361963190247,-0.13950793085633548,0.033438485804416364,0.0
2006-07-18,15.94,15.85,-0.011916102115078828,-0.011159446248898407,-0.0019138761822841644,-0.26493578629599723,0.0056621730387792805,16.601,16.461499999999997,16.226000000000003,1,18,7,16.355234803547862,16.323842823491216,46.439628482972104,0.03867455831999678,0.13892215178925899,17.27711794461518,15.645882055384813,0.019058144879280065,0.015003857036297637,0.015989354121687387,9394100.0,-1.278785008208827,0,0,-1,0,0,0.0,0.646618858985864,0.26230876084886595,0.23817884654886096,-0.06124852767962319,-0.022085889570552242,-0.6113859213471581,0.02383939774153068,0.0
2006-07-19,17.24,15.94,0.05820938608592369,0.08597176778902113,0.07026919584655615,0.8895172850307002,0.078400591873478,16.665,16.508499999999998,16.276666666666667,2,19,7,16.516101202902796,16.382949738104685,64.81481481481478,0.10481762395371774,0.13210124622215075,17.390561580377636,15.626438419622358,0.032951480828530964,0.023797896682130597,0.021773423890939104,19399600.0,1.6586143558975133,0,0,-1,0,0,0.05395232120451702,3.256408498382808,0.7291508111172273,0.37777989808396023,0.01591043017088989,0.05766871165644161,1.6525895321030957,0.03944315545243618,0.0
2006-07-20,17.26,17.24,0.006526276501275666,-0.006312789974375787,0.0059347355198145265,-0.1427241986970989,0.0011594204197349384,16.698,16.55,16.326,3,20,7,16.65135552964774,16.4395336259689,63.28502415458937,0.15704005288095502,0.1370890075539116,17.492538565453835,15.607461434546165,0.032494439865965855,0.0237727310206381,0.02177667512272626,28074300.0,1.5065696535358926,0,0,-1,0,0,-0.019141531322505703,2.1160625576403325,0.6409772936117165,0.37738040559263475,0.05565749235474016,0.05051734631771154,1.9063289974032924,0.027230590961761437,0.0
2006-07-21,17.14,17.26,0.021065729248098367,-0.004616280557814536,0.0076628727455693175,-0.3949268052865901,-0.006976772485648204,16.714,16.5845,16.375,4,21,7,16.740199978802696,16.48472500493865,59.50617283950616,0.1865927814948165,0.1469897623420926,17.56150886167364,15.607491138326356,0.03262619322476145,0.02387006003834152,0.021776379227579655,22229900.0,1.1371442405310748,0,0,-1,0,0,0.0005793742757820399,0.7692028317783776,0.6099233039010876,0.3789254558497954,0.06857855361596021,0.04194528875379944,2.0612412438513803,0.015169194865810852,0.0
2006-07-24,17.44,17.14,0.0028910109757019843,0.018906320812834353,0.010514115548851037,-0.41611293080049955,0.017351505311199927,16.720999999999997,16.6345,16.433,0,24,7,16.867436346293115,16.54635564978132,61.41176470588236,0.23155183916670552,0.1639021777070152,17.680303141382577,15.588696858617421,0.032268623449556944,0.024095595708391697,0.02192965498519687,26084900.0,1.5404428771080385,0,0,-1,0,0,0.010501750291715269,-0.16626031052351298,0.5658112693158048,0.38250572361815793,0.10031545741324921,0.06082725060827254,1.9069986263451513,0.02350917431192661,0.0
2006-07-25,17.77,17.44,-0.001733603439090079,0.01352895494031943,-0.009340406493922227,0.3532050917885792,0.01874522368572638,16.8,16.6995,16.51666666666667,1,25,7,17.031538828785276,16.62530044656962,63.14606741573031,0.29046219102739457,0.18921418037109108,17.85780138792221,15.541198612077793,0.03159336375946543,0.024345270865870624,0.021249443784145176,31572967.0,1.8483963002414965,0,0,-1,0,0,-0.008600917431192782,0.5138005637279374,0.5526623806235915,0.3864691938695987,0.11480552070263483,0.0789313904068003,1.69278468787437,0.04558244231851428,0.0
2006-07-26,17.85,17.77,0.023436339884584313,0.0050265394859348314,0.033451792680252994,0.04721488560168136,0.004491866059088233,16.887999999999998,16.7835,16.605666666666668,2,26,7,17.180349950824315,16.704313320984486,60.952380952380956,0.3396886810489903,0.21930908050667094,18.02107445283714,15.545925547162861,0.031534372881263435,0.023773532558267692,0.021156978331128742,37326367.0,1.7235326691740451,0,0,-1,0,0,-0.003939223410241997,0.5663195351867307,0.17524242641541993,0.3773931296080409,0.03538283062645031,0.10389610389610393,-0.03627906603528456,0.017927170868347355,0.0
2006-07-27,18.15,17.85,0.011236073266925752,0.013281877595743114,0.013521332761558019,0.7040377098115855,0.016667052485211643,17.068,16.893,16.694000000000003,3,27,7,17.35664995976535,16.79758342930807,63.14606741573031,0.3983169717377173,0.2551106587528802,18.208848335525268,15.577151664474734,0.027940042078001687,0.023504783329383633,0.021063519928802274,48959167.0,1.9105545313445589,0,0,-1,0,0,0.002801120448179112,2.5685285290340207,0.17743285406213868,0.3731268678600353,0.05156431054461175,0.1372180451127818,-1.1411721041136862,0.017630853994490374,0.0
2006-07-28,18.15,18.15,0.006681539333482647,0.0005496015527186049,-0.0028019071286734796,-0.8875488361008415,0.0,17.279,16.9925,16.761,4,28,7,17.500895421626193,16.884836111288195,59.605911330049224,0.4397115929697648,0.29203084559625714,18.37427422178855,15.61072577821145,0.02628778871839861,0.02350835162746904,0.01996347873599864,48959167.0,1.6753822466042914,0,0,-1,0,0,-0.007162534435261654,-0.10029711375848052,0.13759045725683225,0.37318351283606166,0.058926487747957834,0.12314356435643559,-0.7238097958170122,0.020936639118457247,0.0
2006-07-31,17.99,18.15,-0.01228379488215231,-0.006615239118719317,-0.0039359061212384866,-0.08465259017761526,-0.008854512748418007,17.493000000000002,17.0735,16.817333333333334,0,31,7,17.589823526785064,16.956137007334117,63.1853785900783,0.4543687851832523,0.32449843351365615,18.49109284481954,15.655907155180458,0.025988779911278626,0.02367594939497414,0.02006824574322724,44559067.0,1.2930370005030163,0,0,-1,0,0,-0.019283746556473712,-0.2863864295425276,0.18463359213470767,0.3758440449147104,0.03153669724770625,0.09896151496640182,-0.13536183171252195,0.018343524180099963,0.0
2006-08-01,17.54,17.99,0.01006157174543484,-0.004434597067865641,-0.025679014417691506,-0.18331748448734375,-0.025332061018404663,17.653,17.127000000000002,16.858666666666668,1,1,8,17.580764703733234,16.99380558750611,56.67447306791569,0.4247769125848926,0.34455412932790347,18.529375428373093,15.72462457162691,0.0286321624765433,0.02460311511489373,0.02072681650244361,40895967.0,0.5890006222928785,0,0,-1,0,0,-0.0005558643690938306,-0.670539865755882,0.24781362585348216,0.39056234442901877,-0.01294316263365225,0.06496660595021253,-0.4486237944161154,0.03990877993158491,0.0
2006-08-02,17.65,17.54,-0.03049361056264063,-0.011173300598125189,0.008059916977100248,0.3488669754830301,0.006251796435268767,17.694,17.179499999999997,16.903666666666666,2,2,8,17.593352939418097,17.036140710892813,67.28723404255314,0.40552656325472825,0.35674861611326847,18.577415365256563,15.78158463474343,0.0137440654479448,0.02459031038294858,0.020730792747379944,46088267.0,0.6731451870316164,0,0,-1,0,0,-0.005701254275940586,-0.06101156753310101,0.2512595567069854,0.39035907561102856,-0.011204481792717269,0.06325301204819267,-0.5073555316886443,0.020396600566572207,0.0
2006-08-03,17.96,17.65,0.01761909744059125,0.011728701889825242,0.007500470736329846,-0.07446507347279051,0.01741127949474792,17.764,17.231,16.954666666666665,3,3,8,17.66001604134208,17.095744535996502,75.53191489361703,0.4105523401242017,0.3675093609154551,18.66562300200927,15.796376997990732,0.014530925716710484,0.02451372291245328,0.020885725638620328,50907967.0,1.0162948718638896,0,0,-1,0,0,0.00566572237960348,-0.20330244843613063,0.2548890759905603,0.3891432872081842,-0.010468319559228556,0.060838747784997205,-0.4476650893918308,0.02442650334075728,0.0
2006-08-04,17.97,17.96,0.0044969159536240545,0.0044321402193390515,0.007862562577578527,-0.26052145034895957,0.0005566379214141182,17.847,17.2805,17.005333333333333,4,4,8,17.71637676109806,17.15214811431931,79.60893854748602,0.41060897624559445,0.376129283981483,18.746629526840323,15.814370473159675,0.0140846963247767,0.024521033732888005,0.020888212494628744,54622267.0,0.9405717399143441,0,0,-1,0,0,-0.007238307349666066,-0.7038040812723257,0.2551946246857232,0.38925934288468494,-0.00991735537190086,0.05830388692579502,-0.4798221908104161,0.021146355036171342,0.0
2006-08-07,17.69,17.97,0.008377597168425292,-0.0060992703637295234,-0.005662529286627431,-0.10397643652942792,-0.015704192623773663,17.871999999999996,17.2965,17.047,0,7,8,17.711580986352956,17.18684823597613,73.20954907161807,0.3836378623663954,0.3776309996584655,18.773684733485105,15.819315266514899,0.014651327137641564,0.024393204062620275,0.02115841679469677,51274767.0,0.5327701960087552,0,0,-1,0,0,0.0005564830272677554,-0.7958845486900494,0.2708096775723262,0.3872301097784622,-0.016675931072818062,0.01842256764536554,-0.19147131269691453,0.020915771622385584,0.0
2006-08-08,17.4,17.69,-0.017391742711869107,-0.01626052087178029,-0.014874416115246472,0.25297929338690894,-0.016529301951210697,17.835,17.317500000000003,17.078,1,8,8,17.654929897925143,17.200599962687345,52.89855072463768,0.3350008032033003,0.3691049603674325,18.787664688232468,15.847335311767536,0.014241483420611253,0.024120235147741226,0.021442676349987713,46963667.0,0.11223232425638413,0,0,-1,0,0,-0.001130582249858653,-0.3916837656384252,0.23115724079680383,0.3828968625919354,-0.007981755986317007,0.02473498233215543,0.1825547419355222,0.019540229885057464,0.0
2006-08-09,16.9,17.4,-0.04633138977372808,-0.03509131981127029,-0.04298571696556614,0.32528579281403003,-0.029156584291455578,17.740000000000002,17.314,17.102333333333334,2,9,8,17.51766991648421,17.181206416707518,44.4444444444444,0.25319113231251933,0.3459221947564499,18.78797636201834,15.840023637981659,0.01628473720525586,0.02505118749055035,0.021867363829215194,40995267.0,-0.5617457791970344,0,0,-1,0,0,-0.030459770114942393,0.2557417577442079,0.28433517252046736,0.3976752728810908,-0.04249291784702547,-0.004124926340601132,0.6804900938982419,0.027218934911242446,0.0
2006-08-10,16.94,16.9,-0.016134201195379325,0.0035067248092100407,-0.0024096397201533995,-0.022210523618013542,0.0023640672948806916,17.619,17.3435,17.134999999999998,3,10,8,17.412639022577988,17.165644712403807,46.8354430379747,0.189400750477148,0.3146179059005896,18.758684942349223,15.928315057650773,0.014662768507995572,0.023521815221816234,0.021690739779423797,46832567.0,-0.570243489632079,0,0,-1,0,0,-0.017751479289940662,0.14050791934077653,0.20626345931025983,0.37339724077043607,-0.056792873051224935,0.036085626911315005,-0.14624324337167213,0.033057851239669554,0.0
2006-08-11,16.31,16.94,0.0,-0.020036026760420496,-0.029999188702857015,0.028374051485979823,-0.03789927259098593,17.435,17.357,17.14,4,11,8,17.21215920029108,17.110441827732593,33.81088825214897,0.08700770772320254,0.26909586626511217,18.724165334782494,15.989834665217504,0.017242085950025344,0.02470161646901989,0.02274879608454133,40827267.0,-1.5316362598771862,0,0,-1,0,0,-0.020070838252656424,0.17051016827694523,0.2382006319232115,0.3921260049499444,-0.09237618252643298,0.016832917705735584,0.3896577287750852,0.04353157572041698,0.0
2006-08-14,16.44,16.31,-0.006042314455962698,0.0023781224049674193,0.01847343175144659,-0.3141563655427308,0.007938972995111546,17.28,17.3865,17.142333333333333,0,14,8,17.071766618419975,17.067187516265978,29.787234042553266,0.016164067870700904,0.21850950658622992,18.637255981922593,16.13574401807741,0.01821372001669456,0.024551240297570786,0.022672410878393848,45213567.0,-1.5134846663616919,0,0,-1,0,0,0.011649294911097565,-0.5550186888824808,0.30847666412380886,0.3897388572333583,-0.07066139061616727,0.03722397476340711,0.0625365377879466,0.027372262773722584,0.0
2006-08-15,16.99,16.44,0.035718082602079246,0.02115237500522676,0.034186237608018734,0.004662755374407799,0.03290754605580673,17.225,17.439,17.159666666666666,1,15,8,17.05689996052543,17.062207676506883,38.563829787234006,0.004350229605968536,0.17567765119017767,18.509226734462025,16.368773265537975,0.02152144912267097,0.025529934566328825,0.02344690340026805,49620367.0,-0.8390745354080558,0,0,-1,0,0,0.04014598540145986,-0.5548560086651807,0.4559073619291133,0.4052751471015462,-0.023563218390804663,0.06587202007528226,0.12392551880663341,0.014125956444967537,0.0
2006-08-16,17.76,16.99,0.0029197101033346246,0.03653374333245607,0.008220833144857075,0.08477937899357449,0.04432380188018359,17.236,17.465,17.198333333333334,2,16,8,17.18473633133899,17.107226536087087,45.39007092198586,0.056469299573990384,0.15183598086694022,18.54012545167597,16.38987454832403,0.02637927032212917,0.0204864687317115,0.02476842513843483,54417067.0,0.5487731678942918,0,0,-1,0,0,0.009417304296645095,-0.28841125115017713,0.5073787567209023,0.3252126090360567,0.05088757396449717,0.030162412993039567,-0.6800209658782667,0.041666666666666574,0.0
2006-08-17,17.45,17.76,0.01848695053401637,-0.002244669853823862,0.012783439625674905,-0.04511626575594131,-0.017609088915587965,17.185,17.4745,17.215666666666667,3,17,8,17.232966089277355,17.129340953113726,42.29074889867844,0.0719304592404022,0.1358548765416326,18.54534767209975,16.403652327900247,0.026250331168749485,0.02092968098324884,0.024805359771265405,49831967.0,-0.04575814214912446,0,0,-1,0,0,-0.016328828828828978,-0.3198658753825138,0.5452158636308562,0.33224838540956547,0.030106257378984536,0.011008111239860785,-0.18431248764248667,0.02750716332378226,0.0
2006-08-18,17.27,17.45,-0.0011454754975289787,-0.014144507386164625,-0.005209852594450854,-0.3261054473875152,-0.01036875648984896,17.115000000000002,17.481,17.22533333333333,4,18,8,17.239699527590563,17.138415730332195,42.10526315789476,0.06886520873128532,0.12245694297956317,18.54485396702614,16.417146032973864,0.026331521612926068,0.02100821646674535,0.024893020578052684,46522767.0,-0.39667098406339485,0,0,-1,0,0,0.0,-0.9614055556639977,0.4312624410774474,0.3334950975601214,0.05885959534028218,0.0075845974329054044,0.2483773826643289,0.01852924145917778,0.0
2006-08-21,17.22,17.27,-0.016175973739051906,-0.01434744840814154,-0.019338428610810518,-0.26592129030928313,-0.0028993931590025014,17.068,17.47,17.220333333333333,0,21,8,17.236117795301368,17.143679231601084,46.15384615384615,0.06169026649500964,0.11030360768265246,18.5401696864956,16.3998303135044,0.02599658446144365,0.020635595747444436,0.024546356975859076,43986267.0,-0.46721562599788313,0,0,-1,0,0,-0.005790387955992928,-1.3095562830778869,0.4440428603650214,0.32757992702040006,0.04744525547445244,-0.012614678899082743,0.5576791207985446,0.02322880371660872,0.0
2006-08-22,17.29,17.22,0.004648468567984475,0.009778622642231737,0.0152674721307886,0.1238752231143193,0.004056800695614469,17.057,17.446,17.230666666666664,1,22,8,17.245914559792027,17.15311928117521,45.631067961165066,0.060949895609102356,0.10043286526794244,18.50934922718114,16.382650772818863,0.02557342450115476,0.02016420523721712,0.02418486804775979,46857267.0,-0.29341254220600177,0,0,-1,0,0,0.0017421602787457107,-1.0278278219539134,0.3904505159533429,0.3200968346576561,0.017657445556209517,-0.027011817670230753,1.6597389195565213,0.017929438982070486,0.0
2006-08-23,17.25,17.29,0.005203827875027044,0.0005722460814242363,-0.04347216201063954,-0.11087124056296206,-0.002316156217830344,17.092,17.416,17.240000000000002,2,23,8,17.246657367102564,17.15936965013165,40.779220779220786,0.05648436405337165,0.0916431650250283,18.465117925236235,16.366882074763765,0.02360281929776002,0.02012074429565438,0.024190530486251836,44287567.0,-0.3164563220338101,0,0,-1,0,0,0.002891844997108196,-1.074389545328914,0.13141757368478094,0.31940691359893775,-0.02871621621621634,-0.03361344537815136,-0.486514916345999,0.06086956521739135,0.0
2006-08-24,17.15,17.25,-0.008106587532988485,-0.0017177215789533097,0.03996953145943752,-0.34231876858792354,-0.005813969865419957,17.113,17.366,17.266666666666666,3,24,8,17.229083300356642,17.15876515657477,39.59390862944165,0.04436482378545037,0.0821874967771127,18.361789028596437,16.370210971403562,0.0237410720456323,0.01966706396281176,0.023183649042070296,42462767.0,-0.43382683238527525,0,0,-1,0,0,-0.0028985507246377224,-1.9915884598633988,0.08351673217813592,0.31220496158640226,-0.017191977077363974,-0.05509641873278237,0.25740181041151194,0.020408163265306,0.0
2006-08-25,16.95,17.15,-0.008172841755874358,-0.016175973739051906,-0.018294992419164803,0.6892487542088201,-0.011730339785489605,17.177,17.306,17.297,4,25,8,17.17834088210998,17.145296436795753,40.414507772020734,0.01840945948681849,0.06943188931905388,18.24593056854406,16.36606943145594,0.020233847748699536,0.01975713047671943,0.02299529573744809,38827367.0,-0.7575027601271467,0,0,-1,0,0,-0.00524781341107871,-0.40410153434852913,0.09072532257092218,0.3136347231699277,-0.01852924145917778,-0.06611570247933884,-0.07700568939969785,0.02241887905604735,0.0
2006-08-28,17.28,16.95,-0.0035231980073169053,0.019037206020084185,0.012429872966766668,0.26039025633711277,0.0192819295494505,17.261,17.270500000000002,17.34466666666667,0,28,8,17.19682435808998,17.15398698926054,48.461538461538495,0.024189052022229873,0.06038332185968908,18.153568215758874,16.38743178424113,0.020800966764858257,0.02033998049533824,0.023051521604592364,43544067.0,0.02151589159357359,0,0,-1,0,0,0.0029498525073746733,0.5022759671883468,0.18911560000251204,0.3228871803754161,0.0034843205574914826,-0.039466370205669676,1.0769756158337456,0.028935185185185182,0.0
2006-08-29,17.4,17.28,0.023256862164267183,0.004561011327562446,0.01749315744751712,-0.2576981688941393,0.006920442844573537,17.302,17.2635,17.39333333333333,1,29,8,17.2337653838918,17.169858796405023,57.1022727272727,0.038014213672227015,0.05590950022219667,18.13976660206474,16.387233397935262,0.01834200323969516,0.019665753751897278,0.023057497443524207,47189267.0,0.3115490187081518,0,0,-1,0,0,0.006944444444444296,-0.4061831869976035,0.19335056273606674,0.3121841626329337,0.0063620589936379535,-0.007981755986317007,0.8174866613875251,0.016091954022988367,0.0
2006-08-30,17.36,17.4,0.0005745475596143127,-0.00799547377619719,0.0,-0.1473112159043696,-0.002301496988279163,17.262,17.249000000000002,17.397333333333332,2,30,8,17.256717132275107,17.18212597083051,55.96590909090905,0.04522179942453519,0.05377196006266438,18.107760428573396,16.39023957142661,0.01050900372475198,0.019610208758517968,0.01768514897294781,44043367.0,0.2585121444973768,0,0,-1,0,0,0.0005747126436782508,-0.7485895224671963,0.1933332355464374,0.3113024131985954,0.006376811594202891,-0.01643059490084986,0.8166392701884863,0.00806451612903229,0.0
2006-08-31,17.32,17.36,-0.0028760445478935733,0.0005732301676024715,-0.006960584947624059,0.3787599182233374,-0.002306806097914948,17.249000000000002,17.217,17.399333333333335,3,31,8,17.268223108225087,17.191021069486606,67.23549488054607,0.04716253698632045,0.0524500754473956,18.00933432603281,16.424665673967187,0.009061989563882841,0.019136701728264417,0.017691201652216756,39448867.0,0.2599912602946752,0,0,-1,0,0,0.0,0.5023188288126523,0.18669608884943428,0.3037857221220456,0.009912536443148712,-0.03563474387527843,0.6899000993482858,0.015588914549653554,0.0
2006-09-01,17.22,17.32,0.004024150299725548,0.0,-0.005252419428609809,-0.36161538054737824,-0.005790404134704441,17.244,17.179499999999997,17.401999999999997,4,1,9,17.25945527036598,17.192890677906824,63.44827586206891,0.040168385081891245,0.04999373737429473,17.888375313807483,16.47062468619251,0.008630708205380172,0.019150808435045522,0.01767591724134958,36248567.0,0.11426551104585496,0,0,-1,0,0,0.006351039260969944,-0.6673696297719435,0.1626191290528993,0.3040096591498111,0.015929203539823078,-0.04173622704507518,1.27660917602979,0.020905923344947702,0.0
2006-09-05,17.34,17.22,-0.001722653311446293,0.003432497649324395,0.006997113095948572,0.5755184154142786,0.006944472352811215,17.256,17.162,17.398666666666667,1,5,9,17.274099766663074,17.202381601912837,57.08502024291499,0.04380352663731912,0.04875569522689961,17.83414033622324,16.48985966377676,0.00885634741562806,0.01896935504670054,0.01742536422774517,41938867.0,0.5296512957403614,0,0,-1,0,0,0.010452961672473851,1.2975386257030024,0.09331426747487331,0.30112917590914595,0.003472222222222099,-0.019785189372526935,0.3311319258479722,0.017301038062283777,0.0
2006-09-06,16.88,17.34,-0.0028776998276149467,-0.0034324976493244363,-0.02292195567864604,0.2688468522224199,-0.026886482184584774,17.215,17.136,17.368999999999996,2,6,9,17.20244526363342,17.181582788886203,29.629629629629605,0.009457229831603797,0.04089600214784045,17.809604600558874,16.462395399441125,0.01222109980661354,0.019533996497562,0.017693150074375722,34493367.0,-0.7600898206087163,0,0,-1,0,0,0.0005767012687428813,2.221001525334429,0.19715782313458327,0.31009258106253473,-0.029885057471264354,-0.029885057471264354,-1.3902340464848162,0.03732227488151653,0.0
2006-09-07,16.4,16.88,-0.033404805353808104,-0.036770994103634144,-0.03447574576905556,0.08321666349827676,-0.02884815433765839,17.130000000000003,17.110999999999997,17.320666666666668,3,7,9,17.05654612479098,17.13115809282903,27.4678111587983,-0.055850634957284484,0.021546674726815464,17.854926991324007,16.367073008675987,0.014747910671187161,0.019511979721320082,0.01831502375091698,26401767.0,-1.9114778957934837,0,0,-1,0,0,-0.005924170616113618,2.282305360968674,0.24729552742954267,0.3097430755748899,-0.055299539170507006,-0.029585798816568087,-0.20036389723966366,0.03475609756097563,0.0
2006-09-08,16.48,16.4,-0.016827320132525293,-0.014974823106330405,0.005523180656110287,-0.27877431405058206,0.004866189651172906,17.063,17.088,17.264999999999997,4,8,9,16.951719556647166,17.089147893291674,32.286995515695125,-0.09999952463567396,-0.0027625651456824225,17.88101158151719,16.294988418482813,0.015062127940626384,0.01954500791030958,0.01800472020905125,32524767.0,-1.5333950075149607,0,0,-1,0,0,0.006097560975609843,1.058454219758646,0.26798985998274416,0.3102673818208162,-0.0484988452655889,-0.027154663518299982,-0.2845022172192142,0.013956310679611676,0.0
2006-09-11,16.32,16.48,0.0,-0.0042334505319366784,-0.00675470790535698,0.1291899554249555,-0.009756174945364685,17.0,17.0885,17.204,0,11,9,16.83686145543859,17.039525448563182,30.76923076923083,-0.1462130476072261,-0.03145266163799116,17.879456116953847,16.297543883046153,0.014962260179448156,0.017766331605166174,0.018035126075191726,25557367.0,-1.943217793067126,0,0,-1,0,0,0.0012135922330096828,1.4851055426211126,0.2657319178428166,0.2820317708230601,-0.05226480836236924,0.0006131207847948072,-0.06222829595965031,0.016544117647058796,0.0
2006-09-12,16.87,16.32,-0.010969031370573933,0.027497249457222046,0.004303726286216785,0.11780536160567578,0.03314554702191597,16.959,17.11,17.166666666666668,1,12,9,16.842886645358845,17.02858832284943,42.55319148936175,-0.13687933429311627,-0.05253799616901618,17.84836234151517,16.37163765848483,0.017813848119204927,0.019231429195157843,0.01922450954227,33395867.0,-0.6500873257092241,0,0,-1,0,0,0.0,1.7294940235889535,0.40704939616513947,0.30528947404040824,-0.027104959630911085,0.02615571776155723,0.9317546574184986,0.03912270302311797,0.0
2006-09-13,16.7,16.87,0.039055729710173966,0.004705891037412493,0.01944168161458559,-0.14125760647369023,-0.010128177135167586,16.889,17.095499999999998,17.138666666666666,2,13,9,16.8169072552936,17.007389076213983,40.67796610169492,-0.14156797104937624,-0.0703439911450882,17.85487578243364,16.336124217566354,0.01764953437381618,0.01783296869232324,0.018795550815512693,26589967.0,-1.041645017260102,0,0,-1,0,0,0.005927682276229867,1.077903001045376,0.3676387169407659,0.2830896017873281,-0.010663507109004766,-0.017068864037669162,0.8690942579038416,0.025149700598802286,0.0
2006-09-14,16.69,16.7,-0.019036862819682088,-0.012994866856367585,0.0016832996640311186,-0.356639261250185,-0.0005989817489656197,16.822,17.041999999999998,17.106666666666666,3,14,9,16.79383320887658,16.986912361619535,41.958041958042024,-0.14442581499175233,-0.08516035591442103,17.753517281662642,16.330482718337354,0.01767545904891197,0.014175497463172716,0.018739817457579213,21825667.0,-0.9894348572320182,0,0,-1,0,0,-0.002994011976047947,0.02390194430327482,0.2850247088776607,0.22502904598909196,0.01768292682926842,-0.06024774774774777,1.593421403359169,0.010305572198921545,0.0
2006-09-15,16.51,16.69,0.0018001805041478473,0.00415307627490663,-0.012572699463299314,0.9134699741169265,-0.01084347974170708,16.741,16.994999999999997,17.058333333333334,4,15,9,16.74222717089902,16.95614382216021,42.25352112676062,-0.15937796263900594,-0.10000387725933801,17.717145924894297,16.2728540751057,0.017799378307222766,0.013893345164442353,0.01844775281867796,9948467.0,-1.3432188240098057,0,0,-1,0,0,-0.0005991611743559953,2.706479721026011,0.3019239779902025,0.2205500171033775,0.001820388349514701,-0.05386819484240679,1.9915410362073813,0.027256208358570518,0.0
2006-09-18,16.49,16.51,0.008358257614201245,0.005314450063492446,0.0018231545615149567,-0.45381502972462134,-0.001212121360529344,16.668,16.956,17.009,0,18,9,16.696367685281018,16.926070027182135,34.3873517786561,-0.17087177674852327,-0.11417745715717507,17.699544852290536,16.212455147709463,0.01782542766970368,0.013778456683354659,0.01844001528817432,2404067.0,-1.2534549827477366,0,0,-1,0,0,0.01877649909145964,0.8887833308374992,0.2895864770367006,0.21872621900659356,0.010416666666666519,-0.04516502605674588,1.8624027598664499,0.03092783505154649,0.0
2006-09-19,16.71,16.49,-0.01981451797329458,-0.009467526338399217,-0.007924454757692115,-0.2577028062166281,0.013253206035794983,16.604999999999997,16.930500000000002,16.976333333333333,1,19,9,16.698846287957195,16.91213002542845,36.882129277566634,-0.16037978749815807,-0.12341792322537168,17.670897475044296,16.19010252495571,0.018373762539790367,0.014208100545311506,0.0184991584497637,8234567.0,-0.5956260182729827,0,0,-1,0,0,0.0,0.1516849098501126,0.1547801563978188,0.22554660387297265,-0.009484291641967957,-0.029616724738675826,1.0142679383013502,0.028725314183123903,0.0
2006-09-20,16.77,16.71,0.013851471085047981,0.0017820022535687961,0.010955678660975063,0.034572509679108694,0.0035842332278151067,16.594,16.9045,16.955333333333332,2,20,9,16.71178332651043,16.902960346368552,38.86792452830193,-0.14554555332766483,-0.1278434492458303,17.628072278424618,16.18092772157538,0.01656695721257417,0.014198878946466289,0.018311912697488556,14270167.0,-0.37176659197844325,0,0,-1,0,0,0.0005984440454816284,0.17622180780230207,0.1386782838442108,0.2254002155295636,0.004191616766467066,-0.03007518796992481,0.22932278940931208,0.01967799642218258,0.0
2006-09-21,16.39,16.77,0.0071514011576250865,0.0017788323694402312,-0.007900375337093604,-0.5873129220097547,-0.02292018307937913,16.593,16.8615,16.938333333333336,3,21,9,16.653277267144897,16.869866130473806,34.44816053511711,-0.1625780416177065,-0.13479036772020556,17.600668095688352,16.122331904311647,0.015555691692650272,0.014973250936146388,0.018026716264037658,10915467.0,-1.2757585257002038,0,0,-1,0,0,0.004174120453190238,-0.9894244127715333,0.2187135204850419,0.2376929897712505,-0.01797483523067711,-0.04985507246376808,-0.3461350380839508,0.029896278218425772,0.0
2006-09-22,16.42,16.39,-0.02647567398402802,-0.013118852429114307,-0.0036674857733647297,-0.46704500317508324,0.001828711268543813,16.587,16.825,16.921,4,22,9,16.610863218573098,16.840842509152917,36.30136986301379,-0.17167668011710902,-0.14216763019958625,17.57618152547161,16.073818474528387,0.015480198580122556,0.01498057672591985,0.01802366593472746,13018367.0,-1.0783012794297016,0,0,-1,0,0,0.0006101281269065289,-1.549041477739162,0.21058992024278303,0.2378092830786368,-0.005451241671714069,-0.042565597667638344,-1.2575913214285492,0.020097442143727273,0.0
2006-09-25,16.59,16.42,0.008500354765392525,0.004192878260035958,0.0036674857733646547,0.5666897484752502,0.010300000178070775,16.614,16.807,16.930333333333333,0,25,9,16.60706990610526,16.824659121465633,37.373737373737406,-0.16328756007969147,-0.1463916161756073,17.562808385630117,16.05119161436988,0.01541914452898971,0.015047048158008208,0.016767555192705674,16724567.0,-0.5742196147217533,0,0,-1,0,0,0.007308160779536993,-0.8556323356219744,0.22541562784910654,0.2388644843502135,0.006064281382656134,-0.02123893805309729,-1.6346550171422602,0.020494273658830612,0.0
2006-09-26,16.85,16.59,0.003018414606807961,0.00833338155914446,0.006688988150796489,-0.14059467797305789,0.01555055259601767,16.612000000000002,16.7855,16.944000000000003,1,26,9,16.65123901408612,16.82629401685495,49.458483754512685,-0.13411332004946885,-0.1439359569503796,17.50840277427325,16.062597225726748,0.01192640176398422,0.014797546623798463,0.016940734450010583,19944667.0,0.17844723328070072,0,0,-1,0,0,0.0,-1.0096773680941804,0.2337192621420797,0.23490377028272513,0.00837821663674454,-0.02488425925925919,-1.4650650876145568,0.021958456973293825,0.0
2006-09-27,16.63,16.85,0.007207238404949387,-0.00594532072275954,0.0030257209165371114,0.27120439799925095,-0.013142363593534588,16.605,16.747,16.932000000000002,2,27,9,16.64737737516137,16.813629886735274,54.5816733067729,-0.12727751011069444,-0.14060426758244257,17.411786471455997,16.082213528544003,0.012237745525238123,0.014896869396293014,0.015964399507363752,15721367.0,-0.3519927225466873,0,0,-1,0,0,-0.008308605341246323,-0.6017556244981154,0.2544530696787237,0.23648047041600131,-0.008348240906380422,-0.04425287356321839,-0.4076140401727012,0.013229104028863433,0.0
2006-09-28,16.64,16.63,0.002390915663773149,0.004759080963253426,0.004623735130192021,0.1242629675959257,0.0006011421882262748,16.6,16.711,16.89466666666667,3,28,9,16.646036034222938,16.802427958558805,53.27868852459015,-0.11967364180982898,-0.13641814242791986,17.31082102593793,16.111178974062067,0.012240943998000704,0.014909506626711875,0.013413627890826717,20503467.0,-0.23673728305531277,0,0,-1,0,0,0.007215874924834696,-0.40859492811736525,0.17381476069551768,0.23668108022969486,0.015253203172666208,-0.041474654377880116,-0.5832963498546633,0.013419471153846263,0.0
2006-09-29,16.66,16.64,-0.006588822878012841,-0.004759080963253368,-0.007649456046729183,-0.45902710024628673,0.0012012013456341492,16.615000000000002,16.678,16.868333333333332,4,29,9,16.648574937091496,16.793239058006627,57.39130434782606,-0.11075695135404828,-0.13128590421314557,17.20494152277116,16.15105847722884,0.01166617982186725,0.014926469608590781,0.013105264729591356,23525267.0,-0.06831877626701154,0,0,-1,0,0,0.0,-1.1162834636918881,0.17415636555642863,0.23695035921896898,0.014616321559074219,-0.038106235565819824,-0.5240575688681283,0.01620648259303719,0.0
2006-10-02,16.86,16.66,0.007782140442054949,0.013033359848723112,0.008449054486527663,0.3066940519403528,0.011933315835012817,16.651999999999997,16.660000000000004,16.854666666666667,0,2,10,16.687015857620313,16.797546215554586,49.74358974358971,-0.08655433687895808,-0.12233959074630807,17.130565169712668,16.18943483028734,0.012131388156140325,0.015206312073588699,0.013218294957819942,27631667.0,0.8500416642486295,0,0,-1,0,0,0.006602641056422534,-0.6837372598721548,0.17890665632325928,0.2413927206309277,0.016274864376130127,-0.020905923344947674,-0.5321254648018763,0.020759193357058,0.0
2006-10-03,16.85,16.86,0.0077220460939103185,0.002351558990756402,0.011353572809652037,0.057950900138008694,-0.0005932957753384982,16.666000000000004,16.6355,16.842333333333332,1,3,10,16.71664933805298,16.800930330680096,54.18994413407826,-0.06740352112920078,-0.11135237682288662,16.994883975859533,16.276116024140467,0.01150478496215513,0.015092752585387682,0.013211889097888379,23280267.0,1.1937093159870895,0,0,-1,0,0,0.0023724792408065924,-0.5434011970504303,0.14126021943046796,0.23959001964217772,0.0,-0.028258362168396722,-0.30986841691954325,0.011869436201780582,0.0
2006-10-04,16.79,16.85,-0.0029629651306568496,-0.0005873715293688793,-0.006557400546159052,0.10556962189029857,-0.0035671857089214247,16.668,16.631,16.825666666666667,2,4,10,16.729985822043346,16.800225148055574,52.71739130434777,-0.056417514246863476,-0.100365404307682,16.97958511004733,16.28241488995267,0.01154078543418676,0.0139007846957552,0.013191600415866247,18444367.0,0.912259275666765,0,0,-1,0,0,0.0,-0.28215076234680153,0.09401960103008773,0.2206681160017255,0.009621166566446293,-0.005331753554502328,1.6805049082618275,0.017867778439547392,0.0
2006-10-05,16.77,16.79,-0.007147141799638196,-0.013010236736014775,-0.013245226750020567,0.30568525346249587,-0.0011918952543319833,16.706,16.6495,16.80966666666667,3,5,10,16.737261127126374,16.7982751385036,57.73809523809515,-0.0487627508576054,-0.0900448736176667,16.985512217821995,16.313487782178004,0.008385713294931664,0.012218773861975321,0.013189025977221547,11879367.0,0.717235824227293,0,0,-1,0,0,-0.003573555687909394,0.5253144490899438,0.09644635652781364,0.19396702178953776,0.0078125,0.02256097560975623,1.8001103569332577,0.01788908765652956,0.0
2006-10-06,16.75,16.77,0.0029841860403274512,0.0059347355198145265,0.007847912298301321,-0.932452622273659,-0.0011933175640419758,16.738999999999997,16.663,16.796333333333333,4,6,10,16.73957728583067,16.795160613438856,57.738095238095276,-0.04380516984485183,-0.08079693286310372,16.99196008396376,16.33403991603624,0.008459735642650283,0.012197631390546176,0.013156295673860223,9295467.0,0.5289395537094025,0,0,-1,0,0,0.0005963029218844104,-1.152790630200136,0.09850194753872299,0.1936313954605209,0.005402160864345751,0.016383495145630977,2.039831761145113,0.0161194029850746,0.0
2006-10-09,16.76,16.75,-0.001789442767984732,-0.0023696693553183134,-0.0018055978423385712,0.6691374107498005,0.000596836782861525,16.756,16.685,16.79,0,9,10,16.74329050658873,16.792892186765382,51.70068027210886,-0.0386241001642631,-0.07236236632333559,16.97377235616234,16.39622764383766,0.007938965471158837,0.011941625790897921,0.012993543113268176,14340667.0,0.5194403023663388,0,0,-1,0,0,0.0,-0.03750211268598733,0.02403627781174566,0.18956743255506542,-0.005931198102016477,0.026960784313725616,-0.8951487723397059,0.015513126491646658,0.0
2006-10-10,16.46,16.76,0.000596836782861525,-0.005948857519772285,-0.010293763313320988,-0.29900415161822697,-0.018061899805013323,16.717000000000002,16.6645,16.762666666666668,1,10,10,16.691783141754414,16.771415271490195,40.935672514619945,-0.05805632078301315,-0.06950115721527111,16.956172130273508,16.372827869726493,0.008163003202264376,0.01001387682337139,0.012823694538465928,10599367.0,-1.4022594466480847,0,0,-1,0,0,0.0,-0.5427399394530356,0.11989999164023898,0.15896536640564504,-0.02314540059347181,-0.024303497332543,-2.0287747613207046,0.020048602673147134,0.0
2006-10-11,16.5,16.46,-0.021713760223784472,-0.010797945346788235,-0.009786010818230243,0.314872974750307,0.0024271856576111375,16.704,16.654500000000002,16.732666666666667,2,11,10,16.656913479617245,16.753904608813407,54.014598540145954,-0.06942850137282264,-0.06948662604678142,16.954638564489933,16.35436143551007,0.00732331089154408,0.009817738080772716,0.012746962992336077,15725267.0,-1.029524481551154,0,0,-1,0,0,-0.0036452004860268693,0.13339750483229468,0.1304098233476706,0.15585176039335905,-0.01727218582489576,-0.0119760479041916,-2.0467646862428994,0.01878787878787871,0.0
2006-10-12,16.78,16.5,0.010915814876996187,0.017339746850728276,0.01343121534056103,-0.4338294192937541,0.0168273201325253,16.718,16.659,16.713333333333335,3,12,10,16.679292846959562,16.75558818243835,61.11111111111106,-0.05521093914121877,-0.0666314886656689,16.964038392750766,16.353961607249232,0.009239901877715149,0.01057080616719917,0.013192880097478793,19046967.0,0.7933427586531091,0,0,-1,0,0,0.004848484848484745,-0.6689078846001435,0.1969803102398479,0.16780634565526117,0.0005963029218845062,0.005392450569203122,-0.25509875678195837,0.022646007151370832,0.0
2006-10-13,16.44,16.78,0.01079794534678835,-0.004158010148663677,-0.008526239228244994,0.13491902561712715,-0.020470311411026246,16.696,16.655499999999996,16.684,4,13,10,16.63578505660328,16.735227654539102,45.810055865921846,-0.07056514606356501,-0.06741822014524812,16.969219620042065,16.341780379957928,0.011397149669511011,0.011283326116949786,0.013651289835936772,15245467.0,-1.3738382060458774,0,0,-1,0,0,-0.0011918951132300103,-0.4089923625257255,0.24582395245254826,0.1791172492025354,-0.01850746268656711,-0.004239854633555473,0.1729714566501708,0.027372262773722584,0.0
2006-10-16,16.57,16.44,-0.01927770542590319,-0.006569148735469509,0.0006114338313385797,-0.15085041902651664,0.007876441810437593,16.667,16.6595,16.662333333333333,0,16,10,16.623824137220865,16.724567805859163,41.566265060240944,-0.07142026378262756,-0.06821862887272401,16.966298408009617,16.352701591990385,0.010931020757022592,0.011421647306797449,0.013736912117284311,18514667.0,-0.5834450092530856,0,0,-1,0,0,0.0,-0.7504897433384605,0.2588810288132034,0.1813130300188602,-0.011336515513126533,0.004851425106125129,-0.16129260783423982,0.01991550995775509,0.0
2006-10-17,16.35,16.57,-0.003045996872295565,-0.011449356767208884,-0.0036742233618842243,0.1269177438370497,-0.013365934095209111,16.616999999999997,16.6415,16.629333333333335,1,17,10,16.574037930453436,16.700402140965025,41.566265060241044,-0.08882617921742053,-0.07234013894166332,16.97674696317063,16.30625303682937,0.011511433596551683,0.011373286361856982,0.01381931671816877,14803067.0,-1.73901649842319,0,0,-1,0,0,-0.010863005431502698,-0.30072641864336075,0.242765104966869,0.18054532381797683,-0.006682867557715633,-0.021543985637342833,-0.20459479976491757,0.012232415902140628,0.0
2006-10-18,16.54,16.35,0.002437539293438351,0.0030257209165371114,0.003062789530545731,0.16364314914192146,0.01155379225228273,16.592000000000002,16.630000000000003,16.618000000000002,2,18,10,16.567849215825536,16.690053615741476,47.28260869565214,-0.08629433314248658,-0.07513097778182798,16.962454983101196,16.29754501689881,0.012389249870848487,0.011682411409482054,0.013213540989494576,19174567.0,-0.5414266867680476,0,0,-1,0,0,0.004892966360856165,0.4051825480820314,0.2597105572059007,0.18545253181819846,0.00242424242424244,-0.013714967203339312,-0.5338476681662937,0.012091898428053163,0.0
2006-10-19,16.02,16.54,-0.003658540666133079,-0.010935710440028371,-0.027908788117076616,0.6000386243562514,-0.0319437479553321,16.517000000000003,16.6115,16.605333333333334,3,19,10,16.46824026749362,16.64682435020977,36.324786324786295,-0.12480876333286517,-0.08506653489203542,17.030183400044745,16.192816599955254,0.015600721970916696,0.012676579756964032,0.013441143570118446,11208867.0,-2.8255240113975737,0,0,-1,0,0,-0.010278113663845113,2.8206854846564187,0.29267679515692574,0.20123446507081463,-0.045292014302741435,-0.022574740695546103,0.07736990151063783,0.02933832709113612,0.0
2006-10-20,15.77,16.02,-0.018496211633622316,-0.018496211633622316,-0.013295542481244727,0.591423442652209,-0.015728540665266185,16.419000000000004,16.579,16.581666666666667,4,20,10,16.34128749158569,16.59025503729301,27.196652719665238,-0.17350458455515394,-0.10275414482465912,17.137754253486108,16.020245746513893,0.015928218518546696,0.013060767819388678,0.013666716819388733,-3181633.0,-2.8957273969820956,0,0,-1,0,0,0.0031210986267166487,3.7203422160953687,0.28319136002298567,0.20733326148994685,-0.040754257907542724,-0.03958587088915966,-0.09387887637041074,0.024096385542168725,0.0
2006-10-23,15.64,15.77,-0.018844778774474286,-0.010635070523235349,-0.01476752358566519,-0.5191410271763388,-0.008277665857781962,16.307,16.5315,16.559,0,23,10,16.213780674933744,16.52894826069346,25.89641434262944,-0.22004969138680153,-0.12621325413708762,17.23028917835698,15.832710821643024,0.01577238261013425,0.012799175299271813,0.013638501969219027,-11744433.0,-2.5515563995885944,0,0,-1,0,0,0.0,1.3044833622786016,0.24627089476338687,0.20318060897156356,-0.05612552806276405,-0.057263411693791344,0.45435485927266356,0.028132992327365696,0.0
2006-10-24,15.55,15.64,-0.0019041579856897712,-0.007575793808457768,-0.0019423767842064576,0.1300041346395751,-0.005771096491921841,16.216,16.4665,16.515,1,24,10,16.093093279491246,16.46579030839066,25.590551181102356,-0.2611884538174465,-0.1532082940731594,17.273946266746933,15.659053733253067,0.01528092945194098,0.012040055135132389,0.011940875795507745,-21496033.0,-2.270120100232617,0,0,-1,0,0,0.0063938618925830975,1.5347065338692183,0.24841844454429296,0.19112994995439886,-0.04892966360856277,-0.0771513353115727,-0.01970572083278387,0.02250803858520898,0.0
2006-10-25,15.25,15.55,-0.01214460436401395,-0.011472401162236807,-0.018313134419691283,-0.2959748363896683,-0.01948113557182254,16.091,16.3975,16.466666666666665,2,25,10,15.93980359231102,16.387352223978358,23.049645390070893,-0.31437479527943424,-0.18544159431441437,17.365925200219618,15.429074799780386,0.015559503843008742,0.012365021079734933,0.01225317200174624,-28749333.0,-2.369826806943428,0,0,-1,0,0,0.0,0.6018526031402054,0.16159072243042158,0.1962886243983,-0.0779927448609431,-0.08298256163559825,-0.8257196276192588,0.029508196721311428,0.0
2006-10-26,15.53,15.25,-0.018825612768932274,0.0019212301778938723,0.007234493900932731,0.15776220799485952,0.01819413410717511,15.966,16.342000000000002,16.428,3,26,10,15.86529384825447,16.332039177270076,30.194805194805156,-0.33012620474077004,-0.21437851639968553,17.37685773240342,15.307142267596586,0.015809133949686846,0.01333156075270573,0.01285288446052886,-20256533.0,-1.5692978359724177,0,0,-1,0,0,0.0006557377049180188,0.9468901920927776,0.23377020168145488,0.21163196604005058,-0.030586766541822685,-0.06670673076923084,1.499015678732824,0.02382485511912434,0.0
2006-10-27,15.27,15.53,0.012373977487443526,-0.008352120508184313,-0.0006555228028903288,-0.40745701150533853,-0.016883517930054593,15.848999999999998,16.2725,16.386666666666667,4,27,10,15.757058603117294,16.263520520672007,27.627627627627575,-0.35944567135872774,-0.243391947391494,17.399991393361663,15.14500860663834,0.01553257974428589,0.013609222201041733,0.013032950452748437,-25907133.0,-1.778284084299761,0,0,-1,0,0,-0.005151320025756605,-0.06778150507101884,0.2367984415902644,0.216039704885853,-0.03170577045022194,-0.08343337334933976,1.4750111684991878,0.016371971185330715,0.0
2006-10-30,15.09,15.27,-0.010409983402783523,-0.00907329620567483,-0.016529301951210582,0.5726217407250669,-0.011857846450783503,15.700999999999999,16.184,16.34,0,30,10,15.63577522073233,16.18780951933833,28.6604361370716,-0.39267949083025044,-0.27324945607924533,17.392294143344852,14.975705856655152,0.01461938547517585,0.01314477241473248,0.013139042319309669,-35925133.0,-1.8108173510988728,0,0,-1,0,0,0.0013097576948264292,1.3010764704047326,0.2399150602453919,0.20866679309954475,-0.03516624040920724,-0.10498220640569389,1.634267194095331,0.02385685884691845,0.0
2006-10-31,15.03,15.09,-0.00722024797348702,-0.00981362144832451,-0.004008021397538822,0.001934641647727889,-0.003984069014874459,15.568999999999999,16.093,16.284000000000002,1,31,10,15.52563427150827,16.113112130993922,27.244582043343613,-0.419028728412437,-0.30240531054588365,17.362680440525093,14.823319559474907,0.014628176497661948,0.013100706235717255,0.012777733352092086,-45962533.0,-1.6744370726233804,0,0,-1,0,0,0.0059642147117296125,1.176583927029508,0.24084723435646635,0.20796726419412592,-0.03344051446945351,-0.10801186943620189,1.5013128696150428,0.017964071856287515,0.0
2006-11-01,14.93,15.03,-0.010596125631495158,-0.00461285826189883,-0.0026809667532577126,-0.1391175607973126,-0.006675592213784058,15.407999999999998,16.0,16.222666666666665,2,1,11,15.417337131234039,16.03678231609109,19.672131147540895,-0.44287466978409284,-0.3304991823935255,17.325951495500654,14.674048504499346,0.012904973176078277,0.013093409454759675,0.01271993977472388,-54696333.0,-1.6139353568072838,0,0,-1,0,0,-0.0006653359946772979,0.6846430149031174,0.2144404018341648,0.2078514313874155,-0.020983606557377077,-0.11078022632519358,1.516274692895665,0.016075016744809125,0.0
2006-11-02,14.75,14.93,-0.005340466631317474,-0.009290046907092642,-0.016920877488337177,0.03661337510818481,-0.012129528765270165,15.281,15.899000000000001,16.168,3,2,11,15.296003107373304,15.953764102149732,20.761245674740394,-0.4708693569580795,-0.3585732173064363,17.284396010266573,14.51360398973343,0.010594916785954233,0.013118739836383156,0.01231846071988484,-63755833.0,-1.6587314984094916,0,0,-1,0,0,0.000669792364367032,0.7383253480756615,0.07939939078925272,0.20825353872975605,-0.05022537025112683,-0.12045319022063206,0.027565524701731542,0.02372881355932201,0.0
2006-11-03,14.62,14.75,-0.018919483246165825,-0.011398044952369311,-0.002734109700468284,-0.07380998686316095,-0.00885262846419647,15.166,15.7925,16.108,4,3,11,15.173093451487247,15.867714805236847,16.262975778546647,-0.4978068542373233,-0.38641994469261376,17.22898511084647,14.356014889153531,0.010278639802404168,0.013072728217029914,0.012314876567638825,-72170733.0,-1.6324568784553408,0,0,-1,0,0,-0.006101694915254228,0.46020347323973,0.054592222198548555,0.20752312691638777,-0.04256712508185989,-0.12716417910447764,0.41689094380805,0.01504787961696311,0.0
2006-11-06,14.94,14.62,0.002044293727280447,0.01273049018614782,0.004098366392282185,0.15915137185145714,0.021651725383038802,15.096,15.701500000000001,16.053,0,6,11,15.13071282394411,15.807862237157053,26.421404682274186,-0.4877116529120862,-0.40667828633650827,17.11024374794276,14.292756252057242,0.013835974780827348,0.014488115077056548,0.012936045905053787,-62304133.0,-1.081105064156698,0,0,-1,0,0,0.004787961696306449,0.8570077037384182,0.21645720981270739,0.22999169675986214,-0.00994035785288272,-0.10859188544152754,1.9748356199554624,0.02342704149933063,0.0
2006-11-07,15.34,14.94,0.04394848384742023,0.03339099082460693,0.042048236243499404,0.16641692315314788,0.026421616234438988,15.075,15.645499999999998,16.002666666666666,1,7,11,15.168765037772452,15.777677576695309,31.25,-0.44233550768106333,-0.4138097306054193,17.015808839564592,14.275191160435403,0.016972041122884165,0.015874494669656146,0.013640212135472755,-50651033.0,-0.44588488547890964,0,0,-1,0,0,0.02744310575635878,1.3041588807852935,0.29419753261162024,0.2519997905083836,0.020625415834996774,-0.06804374240583233,0.5985870310794248,0.014993481095175922,0.0
2006-11-08,15.3,15.34,-0.005225354802665119,-0.01165816312738952,-0.02247285585205863,-0.37526856909502354,-0.0026109675407202907,15.079999999999998,15.5855,15.958333333333334,2,8,11,15.192625939995644,15.746859668521418,36.764705882352956,-0.40493441944956743,-0.41203466837424896,16.90231393802155,14.268686061978451,0.015777093811014265,0.01581702017949348,0.013508255136787273,-58657933.0,-0.43362238469156755,0,0,-1,0,0,-0.0045632333767927176,0.06356387774038277,0.2860600032501372,0.25108741126217976,0.024782317481580884,-0.07272727272727264,0.49542761343412955,0.025490196078431292,0.0
2006-11-09,14.95,15.3,0.007177844846956983,0.0019524900442918897,-0.004018759594917744,-0.12482515830494821,-0.02314152856169449,15.022,15.494,15.902,3,9,11,15.148512132723708,15.69544936732649,35.46099290780141,-0.39893716320609407,-0.409415167340618,16.711943045941517,14.276056954058483,0.015960247135946962,0.015590988202800325,0.013982927349407228,-65725233.0,-0.8933094233145652,0,0,-1,0,0,0.0052287581699346445,-0.33349990892672937,0.33321569318921185,0.24749926487010918,0.013559322033898313,-0.10905840286054835,0.07642790779763435,0.03210702341137127,0.0
2006-11-10,15.22,14.95,-0.025017762975287874,-0.0032562711937751585,0.006688988150796489,0.06978399696780015,0.017899052596844375,15.017000000000001,15.433000000000002,15.854000000000001,4,10,11,15.161509926773942,15.66477521459575,42.90540540540542,-0.3681537041753824,-0.4011628747075709,16.571033391425495,14.294966608574509,0.016579192394619132,0.01604778568222308,0.014506075922927035,-58147133.0,-0.37432996536806135,0,0,-1,0,0,0.003344481605351218,-0.23348815342814055,0.32842043044076086,0.25475070005055167,0.04103967168262668,-0.07420924574209253,-1.0157402881629018,0.02168199737187911,0.0
2006-11-13,15.45,15.22,0.013245226750020505,0.011673284304724587,0.009290046907092734,-0.020127035620085,0.014998650910214514,15.053,15.377,15.807,0,13,11,15.213962667360496,15.65091874913796,48.38709677419352,-0.3214925473373551,-0.38522880923352776,16.381895386018623,14.372104613981378,0.016673001608856795,0.01639964198522016,0.014626795246151018,-50720033.0,0.1452887554578657,0,0,-1,0,0,-0.0013140604467806406,-0.40995495694369216,0.3138921666679285,0.2603362457003168,0.034136546184738936,-0.06759203379601697,-0.9393914224534604,0.02394822006472487,0.0
2006-11-14,15.24,15.45,0.016960615307045197,0.0057859370670439265,0.0026385239581810205,0.3367184089315331,-0.013685453085254203,15.074000000000002,15.3215,15.753333333333332,1,14,11,15.218696727840406,15.6244078620968,49.83388704318937,-0.2980230649447453,-0.36778766037577126,16.216757093329793,14.426242906670208,0.01735058908137951,0.016409817412118444,0.014751072066546128,-61120533.0,-0.18207060431517258,0,0,-1,0,0,0.0006472491909386125,0.778603919994106,0.2820143948605549,0.26049777559465753,-0.006518904823989535,-0.0678899082568808,-0.05040043244431946,0.027559055118110232,0.0
2006-11-15,15.94,15.24,0.024282343227003778,0.02594261275313208,0.03049214501867847,0.5119345706972757,0.04490812310356876,15.175,15.2915,15.725,2,15,11,15.349842777323968,15.64476864518733,55.97667638483966,-0.220398563754582,-0.3383098410515334,16.043599517490833,14.539400482509167,0.021954758193977453,0.01955317727546465,0.017266691841739443,-43767133.0,1.7245058264723725,0,0,-1,0,0,0.03937007874015746,3.0037858910421136,0.4353750895422363,0.31039706647223375,0.041830065359476976,-0.03627569528415964,0.236207527486865,0.022584692597239726,0.0
2006-11-16,15.96,15.94,0.0037807228399061523,0.004984433995668337,-0.0096308930609613,-0.22825791319157382,0.001253918659593903,15.296000000000001,15.288499999999999,15.698,3,16,11,15.460780454174154,15.665106151949438,60.815047021943585,-0.1554745407280489,-0.3017427809868365,16.028749602285355,14.548250397714643,0.021071454745237857,0.0182567167978384,0.017274398215811008,-29955233.0,1.8142529166564758,0,0,-1,0,0,-0.0025094102885821297,1.4736720155207101,0.35131119562972524,0.28981639442169527,0.06755852842809373,-0.0037453183520598232,0.513303253488886,0.036967418546365906,0.0
2006-11-17,15.83,15.96,0.007518832414027319,-0.0006216972534716154,0.010269666637456045,-0.5352356094200738,-0.008178718128741968,15.416999999999998,15.291500000000003,15.667333333333334,4,17,11,15.527911280687944,15.675744464726895,61.78343949044585,-0.11320672165338053,-0.2640355691201453,16.040401651894257,14.542598348105749,0.02101279256876139,0.01799611339670004,0.017316643909488928,-38042533.0,1.4381060547481175,0,0,-1,0,0,0.003759398496240521,-0.4909815179121104,0.3774769677710032,0.28567944368031706,0.04007884362680669,0.0038046924540267035,1.2269927375968976,0.026531901452937344,0.0
2006-11-20,15.71,15.83,-0.0119310677472923,-0.008117434519966655,0.0006383658052724966,-0.1460719176458497,-0.007609421625390904,15.494,15.294999999999998,15.632333333333333,0,20,11,15.561018320562862,15.677954499260645,60.62500000000002,-0.08837345347062175,-0.22890314599024061,16.05137640309393,14.538623596906067,0.020942998793930682,0.017980070463465926,0.01734297472441084,-45030733.0,1.0973372471760363,0,0,-1,0,0,0.0,-0.8678398754482861,0.3852640126808606,0.28542477001049216,0.016828478964401317,0.004475703324808178,1.9800870058905995,0.017823042647994867,0.0
2006-11-21,15.82,15.71,-0.008246161538658404,-0.004398373411863781,0.000637958554332354,0.3656951280063136,0.006977510071977951,15.541999999999998,15.3085,15.611,1,21,11,15.608105898642341,15.687118725114798,63.86292834890966,-0.059135155567087594,-0.19494954790561,16.093149435634487,14.523850564365512,0.01957185388832957,0.017977443497312704,0.017151090692019668,-34957133.0,1.3037669480674192,0,0,-1,0,0,-0.000636537237428489,0.2926516518568396,0.3539220352881648,0.28538306821562814,0.03805774278215224,0.017363344051446905,1.808941660064582,0.01264222503160563,0.0
2006-11-22,16.0,15.82,0.013915468061974579,0.010648393757035265,0.008888947417245994,-0.6352544430090299,0.011313759900273314,15.612,15.346,15.594333333333335,2,22,11,15.67935937161646,15.707304613817069,69.47040498442367,-0.02119477794389546,-0.1601985939132671,16.188437566013643,14.503562433986357,0.019605970297998074,0.017454699397814175,0.01729324705856491,-29620133.0,1.5526373143464696,0,0,-1,0,0,0.006321112515802758,-1.4016563141286682,0.13766409978845812,0.27708476289603107,0.0037641154328733606,0.049180327868852514,0.08582677764918026,0.014375000000000027,0.0
2006-11-24,16.25,16.0,0.0031357818106840544,0.017295057406348787,0.0025252538671939884,-0.18834302216479282,0.015504186535965254,15.741999999999999,15.382,15.576666666666666,4,24,11,15.78311221314074,15.74231721937726,74.47447447447449,0.028715145013805454,-0.1224158461278526,16.314288638385435,14.449711361614565,0.017236118867720314,0.01733455562701019,0.01724706307271953,-25199333.0,1.86208426073545,0,0,-1,0,0,-0.00187499999999996,-1.5486552329072585,0.17382649140282655,0.2751775396613057,0.018170426065162948,0.04636188023180954,-0.26958511314359235,0.028923076923076853,0.0
2006-11-27,15.81,16.25,0.006242217522500046,-0.001225490349451269,-0.006325131776968814,0.8604631048787008,-0.02745025755436576,15.800999999999998,15.409,15.555666666666667,0,27,11,15.788000901660604,15.746683850385178,62.60869565217393,0.03239140778677552,-0.09145439534492697,16.358745672327423,14.459254327672577,0.020123909473552977,0.018073811521214875,0.01755268219768876,-35651233.0,0.8444365932562115,0,0,-1,0,0,-0.011076923076923059,0.423417397940436,0.276458729207088,0.2869128631691314,-0.0012634238787112562,0.035363457760314354,-1.1187071772106427,0.03478810879190379,0.0
2006-11-28,15.78,15.81,-0.0194790953196882,-0.02671796081393267,-0.008282939996347808,-0.26943192025096263,-0.0018993358036525163,15.834,15.4435,15.529333333333334,1,28,11,15.786546192267766,15.748833279392587,57.14285714285714,0.03250937539765886,-0.0666616411964098,16.394583039154742,14.492416960845256,0.01979565719696781,0.01781321767311041,0.01746923305931502,-43634533.0,0.7076143431157321,0,0,-1,0,0,-0.0031625553447185775,-0.4021070338641106,0.2696711200625582,0.28277606407746486,0.004455760661998598,0.045725646123260466,-1.5058098589465732,0.015842839036755388,0.0
2006-11-29,15.75,15.78,0.005694415893556474,0.0006295247296349124,0.0012787725527770174,-0.035793925612550105,-0.0019029501460860756,15.885,15.479500000000002,15.509333333333332,2,29,11,15.779901430037262,15.748908551689839,57.32899022801301,0.029838160558348648,-0.04736168084545811,16.4191186236416,14.539881376358402,0.0190859675579978,0.017780215273538347,0.01732722730309276,-51337133.0,0.5757655142075501,0,0,-1,0,0,0.0044359949302915265,-0.45779568825398065,0.2645589135344903,0.28225216722584845,-0.004424778761061954,0.04790419161676662,-1.0796582148929,0.015238095238095252,0.0
2006-11-30,15.71,15.75,-0.010783485401027854,-0.005047329327244018,-0.0032000027306709027,-0.2557159387381857,-0.0025429130041122487,15.862,15.5185,15.481666666666666,3,30,11,15.767192079121394,15.74639832254856,63.76811594202902,0.024214409210648213,-0.033046462834236845,16.42629721825586,14.610702781744138,0.011905027390287174,0.017692438918789462,0.017160789966211117,-57301733.0,0.4219003895339703,0,0,-1,0,0,-0.004444444444444463,-0.985872898152707,0.24174985356440712,0.28085876079190447,-0.018124999999999947,0.0522438044206297,-0.7007504560521042,0.013367281985996234,0.0
2006-12-01,15.45,15.71,-0.005115100666770377,0.0012642226715400904,-0.012903404835907841,0.023495406038106192,-0.016688448923775447,15.810999999999998,15.5535,15.462666666666667,4,1,12,15.709520792008412,15.727275850126071,54.18181818181816,-0.001208352206619523,-0.026678840708713382,16.387520698972864,14.719479301027137,0.012766110766468296,0.017916769665296556,0.01646861164303038,-63408133.0,-0.24819527891205984,0,0,-1,0,0,-0.007001909611712362,-0.8693666805943642,0.18124436853637574,0.2844199009920039,-0.0492307692307693,0.047457627118643986,-1.0620330784204153,0.02783171521035597,0.0
2006-12-04,15.69,15.45,-0.0032102756302480988,-0.007609421625390904,0.007117467768863955,-0.07543659122841061,0.015414563401186793,15.797,15.607,15.46,0,4,12,15.70597155709779,15.724870956569552,54.34782608695652,-0.0019674005853165255,-0.021736552684034013,16.316932539418854,14.897067460581145,0.013887286821175014,0.017936734412488584,0.01650261994480813,-57745433.0,0.23382503376431607,0,0,-1,0,0,0.0064724919093852055,-0.9465093910078984,0.18065819056390414,0.2847368315283542,-0.007590132827324569,0.07318741450068411,0.4204092951442245,0.012746972594008992,0.0
2006-12-05,15.63,15.69,0.0032102756302481894,0.007609421625390929,0.0006445375666252888,-0.022502154865145556,-0.0038314223115559487,15.788999999999998,15.641499999999999,15.459666666666667,1,5,12,15.692158546716373,15.718750249694097,57.4712643678161,-0.007326000875345073,-0.018854442322296227,16.27824418559899,15.004755814401008,0.013733471160672094,0.017479352653506953,0.01644648436883133,-63282133.0,-0.03612125641690758,0,0,-1,0,0,-0.005736137667304007,-0.9006630473801137,0.18146079219662326,0.2774761211974581,-0.009505703422053147,0.04618473895582342,0.579860474332714,0.01983365323096612,0.0
2006-12-06,15.51,15.63,0.015898586067798204,0.0012626264303687892,-0.0032268501700978155,-0.07265439978249295,-0.00770716724493789,15.758000000000001,15.65,15.458333333333334,2,6,12,15.65903881094976,15.705282491649317,39.40886699507391,-0.021013496819096034,-0.01928625322165619,16.274213188952736,15.025786811047265,0.013635592813425747,0.01662818747917565,0.016473848660838165,-68430833.0,-0.4485646970544911,0,0,-1,0,0,0.0140754958413307,-0.9263788663874175,0.18612477088744722,0.26396429294194074,-0.015238095238095273,0.011082138200782188,0.9810149996707794,0.024500322372662735,0.0
2006-12-07,15.36,15.51,-0.007599783253103095,-0.006964257334032453,-0.007787190551768677,0.20383506259861361,-0.00971824946892134,15.693999999999999,15.653,15.462,3,7,12,15.604668118049803,15.68300620186549,36.11111111111108,-0.04346366034403992,-0.024121734646132938,16.27067305267381,15.03532694732619,0.012967646541723672,0.016776079875562285,0.016175366107094587,-74743633.0,-0.9487219775305058,0,0,-1,0,0,0.014184397163120609,-0.5243495051360331,0.19178571636010475,0.2663120119517593,-0.022278803309993767,0.0039215686274509665,1.4205837676374702,0.025390625000000038,0.0
2006-12-08,15.6,15.36,-0.025758024186463665,-0.008934328733765855,-0.009820046180975461,0.03422570814578448,0.015504186535965254,15.629000000000001,15.685500000000001,15.464333333333334,4,8,12,15.603819369313474,15.67765096303546,44.933920704845804,-0.041412208287011865,-0.027579829374308727,16.208586990852748,15.162413009147254,0.012967646541723672,0.01617136123044842,0.01607783469400352,-68211033.0,-0.3269054726848309,0,0,-1,0,0,-0.0019531249999999584,-0.44493194611350523,0.19963425127731763,0.256712401062948,0.009708737864077666,0.04347826086956519,0.48601870295675087,0.025641025641025664,0.0
2006-12-11,15.86,15.6,0.036507416342463135,0.021560759106577544,0.033002024415299105,0.04590960317688919,0.016529301951210506,15.634,15.717500000000001,15.484,0,11,12,15.650397665801933,15.689415417033173,53.112033195020715,-0.018592270541056166,-0.025782317607658218,16.197187398207813,15.23781260179219,0.011625987524982654,0.01610252594911003,0.016015504280189673,-61371533.0,0.5941369338965383,0,0,-1,0,0,0.019230769230769277,-0.3356152174981804,0.20457380068934877,0.25561967484785675,0.010834926704907488,0.042049934296977565,0.4954043714060771,0.014501891551071793,0.0
2006-12-12,15.51,15.86,-0.008844024796452772,-0.008189022140688257,-0.015394787682555021,0.32363867897663207,-0.022315239018254426,15.607,15.720500000000001,15.498,1,12,12,15.624870817474308,15.677840228837484,44.15094339622641,-0.028421752129938582,-0.026310204512114292,16.193851988759462,15.24714801124054,0.01363970423033834,0.016667695953552716,0.016412198199961252,-70824733.0,-0.8894015658481559,0,0,-1,0,0,-0.0063051702395964465,0.4519148549879426,0.2693106969942033,0.26459147052922843,-0.007677543186180524,0.003883495145631022,0.10890212515466928,0.021921341070277232,0.0
2006-12-13,15.94,15.51,0.005694415893556474,0.012570875787242709,0.01857241984475825,-0.09201303599394926,0.027346696173621517,15.626,15.755500000000001,15.528333333333332,2,13,12,15.68216703247898,15.694753762460874,48.9655172413793,-0.0014970240057863293,-0.0213475684108487,16.180283536205156,15.330716463794849,0.016495196780391245,0.01739650069275803,0.01708449994214014,-62202533.0,0.8686777347740339,0,0,-1,0,0,0.021921341070277232,0.22298487432053918,0.3283340294708876,0.27616088709480374,0.027724049000644735,0.04593175853018372,-0.5572692732070986,0.015683814303638757,0.0
2006-12-14,15.75,15.94,0.0031496089028962013,-0.006894417782437524,-0.013414445804489812,0.09589834009179175,-0.011991308090426924,15.629999999999999,15.746,15.555666666666665,3,14,12,15.694500299300982,15.698318035850495,41.197183098591545,0.004458213402090294,-0.0161864120482609,16.161813723475976,15.330186276524024,0.016998214137242736,0.014311794523746561,0.017204195077369536,-71692533.0,0.01923938424428006,0,0,-1,0,0,-0.0025094102885821297,0.8599248028987161,0.33526145428754284,0.22719269474933695,0.025390625,-0.011919698870765383,-0.4978200817031565,0.0222222222222222,0.0
2006-12-15,15.89,15.75,-0.006309169193264721,0.008142857395275852,0.0127797266463988,-0.13122786082853194,0.0088496152769826,15.674000000000001,15.742500000000001,15.593666666666666,4,15,12,15.730045699428075,15.710684614182721,51.57480314960631,0.020241283013367806,-0.008900873035935158,16.151857648285585,15.333142351714418,0.016060020587834612,0.01446213277032768,0.017041434347057363,-63369633.0,0.720641232026512,0,0,-1,0,0,0.0031746031746032197,0.609357970113841,0.3253362464986554,0.22957924042730782,0.018589743589743746,-0.004385964912280715,-0.2678473070631164,0.01762114537444941,0.0
2006-12-18,15.82,15.89,0.01007565198874164,-0.0006240249812485674,0.0019029501460860636,-0.5564338655125275,-0.004415018209116831,15.687000000000001,15.741999999999999,15.633666666666668,0,18,12,15.746401026804788,15.717737219719321,50.775193798449635,0.026792220366779418,-0.001762254355392242,16.150931856373738,15.33306814362626,0.015550702678101118,0.014376833165013033,0.01695821300089316,-68140733.0,0.381481651694624,0,0,-1,0,0,0.0044052863436123526,-1.2652348329930545,0.3069458405250032,0.22822515117174072,-0.0025220680958385477,-0.0006317119393556281,0.638794719045014,0.015170670037926689,0.0
2006-12-19,15.85,15.82,-0.00881062968215492,-0.004379112409359596,-0.009551170984342857,0.1878569894201045,0.0018945379837818244,15.709,15.749,15.664,1,19,12,15.765237203749372,15.726270302318074,51.93798449612402,0.034012559086781025,0.005392708333042411,16.1604109227619,15.337589077238102,0.015461187907182724,0.014267283240767979,0.01656943567050312,-62383633.0,0.49099328390195446,0,0,-1,0,0,0.0,-0.6837171265816757,0.24000037565702464,0.22648610003755046,0.02192134107027721,0.008911521323997418,0.9203464645000198,0.020189274447949435,0.0
2006-12-20,15.46,15.85,-0.003799877909774786,-0.010082000963302886,-0.012230599836755247,0.425657856658454,-0.02491345716401363,15.703999999999999,15.731,15.668000000000001,2,20,12,15.709739530340395,15.709091573136265,45.73378839590444,0.008170801000325412,0.005948326866499012,16.160437820999316,15.301562179000683,0.01738536469847324,0.015231850955070325,0.016586991893480642,-71195433.0,-1.2621151968840232,0,0,-1,0,0,-0.005678233438485796,1.0491490409603283,0.2051106942022801,0.2417981378059065,-0.030112923462986108,-0.022756005056890016,-0.5394969545684559,0.022639068564036198,0.0
2006-12-21,15.33,15.46,-0.014701447269137396,-0.010824683856010778,-0.012382041543209415,-0.45787116646615084,-0.008444350275553146,15.701000000000002,15.6975,15.669,3,21,12,15.640695979369413,15.684634052288764,47.857142857142875,-0.022539075574536938,0.00025084637829182223,16.14282070052398,15.252179299476017,0.0173132794700251,0.015024007230386856,0.01665683611085777,-76770033.0,-1.650495921557586,0,0,-1,0,0,0.004527813712807148,-0.797888772862221,0.20021438042557113,0.2384987209634395,-0.026666666666666616,-0.041874999999999996,-0.8191320452449949,0.024135681669928195,0.0
2006-12-22,15.27,15.33,-0.01753861130428472,-0.018088348472429735,-0.003284075201189996,-0.585400105895338,-0.003921573653181691,15.668000000000001,15.648500000000002,15.679666666666666,4,22,12,15.573296710393155,15.657883468270134,41.984732824427475,-0.051128989408693926,-0.010025120779105329,16.0515031996731,15.245496800326906,0.016426189759760457,0.014439501059587013,0.016101567121751717,-79874433.0,-1.878396996882556,0,0,-1,0,0,-0.004566210045662119,-2.0289839617764227,0.1594198965721212,0.2292199731571253,-0.03901825047199503,-0.060307692307692284,-1.4939359151052882,0.009168303863785237,0.0
2006-12-26,15.29,15.27,-0.0013114755978107554,0.0006516780940959621,-0.001316655884746785,0.06590862000503575,0.001308900710429851,15.611,15.622499999999999,15.682,1,26,12,15.521788217594398,15.634149050962383,43.410852713178265,-0.07135038640800673,-0.022290173904885607,16.04809555794998,15.196904442050018,0.01515423319274852,0.013299038176213043,0.015770524840219693,-76558533.0,-1.5625163082133346,0,0,-1,0,0,-0.001964636542239644,-1.7550851964668672,0.17195451566406342,0.21111568614368223,-0.03350189633375478,-0.0328905755850728,-1.4793163477890734,0.01111837802485284,0.0
2006-12-27,15.51,15.29,0.010443959161083314,0.010369503155241343,0.011136702065722301,0.055404377514669256,0.014285957247476652,15.611,15.608999999999998,15.684,2,27,12,15.519644905304506,15.626139434771263,50.0,-0.06883039389854417,-0.031598217903617325,16.030670861915855,15.18732913808414,0.01457866008441121,0.013769299588161725,0.01574759524785143,-73053733.0,-0.46956054563596245,0,0,-1,0,0,0.007194244604316626,-1.4622385509019362,0.22590745228677273,0.21858085462692006,-0.021451104100946417,-0.017110266159695797,-0.27025095001137667,0.01031592520954224,0.0
2006-12-28,15.51,15.51,0.009049835519917856,0.007707167244937959,0.003252035386377316,0.07463771735867286,0.0,15.568000000000001,15.597,15.693000000000001,3,28,12,15.517891286158232,15.618646568011826,52.964426877470366,-0.06607164883958205,-0.03849290409081027,16.01542310492638,15.17857689507362,0.010917068408149825,0.013767660774782154,0.01552968330740755,-73053733.0,-0.41584701693424486,0,0,-1,0,0,0.001934235976789127,-1.1879714397701922,0.13574598955135947,0.21855483927103453,0.0032341526520049957,-0.015238095238095273,1.154548336995161,0.014829142488716985,0.0
2006-12-29,15.32,15.51,-0.004514680354526583,-0.008352120508184313,-0.006514681021193642,-0.047476283487974114,-0.012325812876002191,15.525,15.5775,15.672333333333334,4,29,12,15.481911052311279,15.599379047494935,44.35483870967742,-0.07831398078666574,-0.04645711942998137,16.009868020628897,15.145131979371104,0.010948609568729565,0.014005947131160584,0.013134673022251214,-76655033.0,-1.191114919301648,0,0,-1,0,0,-0.0025789813023855026,-1.1698931831198571,0.15351677329889593,0.22233751790981673,-0.000652315720808816,-0.024824952259707267,0.5470114428415798,0.01305483028720622,0.0
2007-01-03,15.52,15.32,-0.000646621425698848,0.01790329149252725,0.0032626456348163694,0.6656718421421874,0.012970350442627405,15.488,15.581,15.657666666666668,2,3,1,15.48883631552741,15.594257818624296,42.97520661157024,-0.07105866842855235,-0.05137742922969557,16.01014357798493,15.15185642201507,0.011504148510816983,0.013857800174559148,0.013386176109911415,-69647633.0,-0.2842871389870463,0,0,-1,0,0,0.009138381201044423,0.45836022403205123,0.17294653103919286,0.2199857578818659,0.016371971185330736,0.0045307443365696365,-0.48757812530257266,0.02770618556701029,0.0
2007-01-04,15.76,15.52,0.004517594001319638,0.0044261849055613825,0.004549894101977361,0.07705458865635491,0.01534556967466032,15.482,15.5845,15.655333333333335,3,4,1,15.538138803613334,15.60495086258402,55.41125541125542,-0.04541922235391915,-0.05018578785454029,16.01850097016557,15.150499029834432,0.012747523705948161,0.01385375928447921,0.013633877213646523,-62078933.0,0.8087539524764092,0,0,-1,0,0,0.0006443298969072028,0.6751716106104866,0.19093759309598246,0.21992161074050467,0.030739045127534448,0.004461440407903083,-1.1334783738818777,0.027284263959390844,0.0
2007-01-05,15.5,15.76,0.017236302872325495,0.0,0.0,-0.40271412918260263,-0.016635060504532097,15.447,15.578,15.648333333333335,4,5,1,15.531204475683635,15.598179839191504,39.71962616822431,-0.04555448001790907,-0.04925952628721405,16.013024500216787,15.142975499783212,0.013686794534398182,0.014334479564906183,0.013898172078681811,-67138633.0,-0.3586004924372282,0,0,-1,0,0,0.0025380710659899065,-0.5072752852956776,0.22891562719296868,0.22755280861367472,-0.0006447453255963298,-0.008317338451695466,-0.04047932551865428,0.02774193548387095,0.0
2007-01-08,15.78,15.5,-0.02046107187134006,-0.0031595602903684815,-0.005201572196073284,0.21236167930107466,0.01790329149252725,15.479,15.591500000000002,15.646999999999998,0,8,1,15.576440025559338,15.609910172146892,50.672645739910294,-0.022805129412569514,-0.04396864691228515,16.034327042391357,15.148672957608648,0.012507330368110402,0.01478760637414173,0.014242592431124568,-60881833.0,0.8513481876899839,0,0,-1,0,0,-0.0012903225806451338,0.03467548029021126,0.26258983636691646,0.23474597371135547,0.01740812379110257,0.01740812379110257,-0.5937856712585088,0.029150823827629967,0.0
2007-01-09,15.81,15.78,0.025511587657408723,0.01132800030520755,0.023196916415152168,0.12601737759906972,0.0018993358036525374,15.526999999999997,15.614,15.640666666666666,1,9,1,15.61890547545764,15.622819193298705,48.11320754716981,-0.0023285142156517225,-0.03564062037295846,16.053013247611432,15.17498675238857,0.011955656882456058,0.014574303305160467,0.014086082539348095,-53784733.0,0.8929115513775038,0,0,-1,0,0,0.006337135614702245,0.41512950979609914,0.22548448582429403,0.2313598924648878,0.03198433420365543,0.029296875,-1.375882394302641,0.017710309930423853,0.0
2007-01-10,16.05,15.81,0.002515724597247149,0.004370909237896318,0.0063492276786587445,0.2877137750392431,0.015066198354644183,15.605,15.636499999999998,15.633999999999999,2,10,1,15.697286298101703,15.65037924534395,55.02183406113538,0.032886252838524754,-0.02193524573066182,16.116687463392566,15.156312536607432,0.012223514997456638,0.014552013507654978,0.014068966104615718,-44321633.0,1.7222440464338205,0,0,-1,0,0,0.006957621758380736,1.3896499560917168,0.22989960709679663,0.23100605289904674,0.034149484536082575,0.028846153846153966,-1.3924784353221653,0.01557632398753894,0.0
2007-01-11,16.15,16.05,0.005637346592386483,0.006211200092640455,0.012578782206859965,0.19531216114129352,0.006211200092640455,15.690999999999997,15.651000000000002,15.645333333333332,3,11,1,15.779597880265028,15.682612842418534,56.35593220338981,0.06807860591129966,-0.003932475402269521,16.175109269442142,15.12689073055786,0.012154552146272394,0.014162321399139413,0.013169889861658218,-32817433.0,1.904183074384963,0,0,-1,0,0,-0.0024922118380061773,1.956810704462474,0.21701887288927385,0.22481988245694726,0.024746192893400965,0.01828499369482972,-1.0801577574096242,0.00928792569659434,0.0
2007-01-12,16.22,16.15,0.007467365128494006,0.008017310905728874,0.000624804768842178,-0.08904432086150925,0.004324999018601277,15.762,15.686499999999999,15.66,4,12,1,15.859670992944112,15.71728298161734,68.62745098039211,0.10045918332260584,0.016945856342705554,16.26387245116805,15.109127548831948,0.011751695379808108,0.01308855108182188,0.013175131132569459,-22293333.0,1.848027209890963,0,0,-1,0,0,-0.0012383900928792306,1.4995256253242646,0.11227553628691869,0.20777430710799663,0.04645161290322575,0.045776918117343524,0.48869234732468836,0.01664611590628851,0.0
2007-01-16,16.57,16.22,0.009256468437276963,0.018259789132754473,0.013031521678643415,0.12449106985725678,0.02134878275120472,15.868,15.717999999999998,15.687333333333333,1,16,1,15.988821721499725,15.772296982803319,77.43362831858408,0.15260397550157734,0.04407748017447991,16.410808168177972,15.025191831822026,0.012761474926240116,0.012520600388816175,0.013684328947888088,-10374033.0,2.4595552972208483,0,0,-1,0,0,0.003699136868064259,1.8162989561789153,0.1310660893505785,0.1987583693641573,0.050063371356147135,0.0395232120451694,0.778371855297024,0.021726010863005397,0.0
2007-01-17,15.9,16.57,-0.004926118336056001,-0.01703204189443217,-0.023075548363977242,0.36037552083357044,-0.041274722212285724,15.926000000000002,15.7255,15.693666666666667,2,17,1,15.972672317590684,15.780535887138589,60.975609756097576,0.1382717873169934,0.06291634160298262,16.42299853800972,15.02800146199028,0.019000454164871085,0.015467532937967458,0.015697990515624437,-27464733.0,0.5003594717142432,0,0,-1,0,0,-0.022329511164755643,2.7532613783632915,0.3871499715274565,0.24553947329737286,0.005692599620493288,0.00952380952380949,-1.783401843377041,0.028301886792452897,0.0
2007-01-18,15.84,15.9,-0.014925650216675593,-0.0073891961823710885,-0.0018945379837818162,-0.7020157536953644,-0.0037807228399060443,15.957999999999998,15.722999999999999,15.706666666666667,3,18,1,15.948550078028742,15.784372281516745,59.45017182130585,0.12068079329981529,0.07446923194234917,16.4183711617769,15.027628838223096,0.018842891422605926,0.015368745373707724,0.015389178530129846,-35934633.0,0.3365109352565824,0,0,-1,0,0,0.0037735849056604086,0.35082258028127544,0.3674620379576912,0.24397126933143046,-0.013084112149532756,-0.003146633102580232,-1.3506502552441757,0.022727272727272693,0.0
2007-01-19,15.91,15.84,-0.006916091698373156,-0.014944238268276672,-0.00888894741724604,-0.41393069185206827,0.0044094559634158285,15.973000000000003,15.727500000000001,15.713999999999999,4,19,1,15.941540972932605,15.79247729561244,57.24637681159421,0.11110744136841078,0.0817968738275615,16.426668679293233,15.02833132070677,0.01829508304651473,0.015363627877442809,0.015157929267000585,-30335633.0,0.5220485568217463,0,0,-1,0,0,0.0006313131313131178,-0.46262054466199015,0.36499453797340536,0.24389003159671685,-0.014860681114550967,0.00568900126422256,-1.310644807846891,0.01634192331866749,0.0
2007-01-22,15.51,15.91,0.0031496089028962013,-0.0012554929458319796,-0.020619287202735703,0.4879585451599815,-0.02546286516124804,15.974,15.7105,15.709999999999999,0,22,1,15.863078977853949,15.774252953960024,50.0,0.07043193838661566,0.07952388673937233,16.41365005510871,15.00734994489129,0.019390332620413713,0.016380643946416182,0.015854939107611026,-39456333.0,-0.5702907894076802,0,0,-1,0,0,-0.0006285355122564291,0.47618664791921966,0.388078459295727,0.2600346611838772,-0.04377311960542529,-0.021451104100946417,-0.18479965332264045,0.03610573823339784,0.0
2007-01-23,15.37,15.51,-0.0358553132870757,-0.031910812281053524,-0.007187224666105403,0.38529752995128647,-0.009067419637943015,15.933000000000002,15.706,15.705333333333332,1,23,1,15.773428254607776,15.748172118220669,50.803858520900306,0.02659293247909389,0.06893769588731664,16.417008179684544,14.994991820315455,0.018494453039225974,0.015545929565880641,0.015878961934715708,-52864233.0,-0.9451368060183913,0,0,-1,0,0,-0.010960670535138616,1.5121031545195995,0.2848983797063691,0.24678398118387893,-0.07242003621001813,-0.005821474773609392,-0.674125427674337,0.011060507482107998,0.0
2007-01-24,15.29,15.37,-0.0006521030553874115,-0.0032478105846790377,0.0,-0.36076725226673945,-0.005218537609533547,15.881,15.703999999999999,15.703,2,24,1,15.68553220831545,15.718612626722562,46.153846153846146,-0.014438686764451703,0.05226241935696298,16.419671197658026,14.98832880234197,0.018444152421997467,0.015472966260934197,0.01580768168908533,-62211433.0,-1.1569558796128128,0,0,-1,0,0,-0.0026024723487312394,0.39803804326727976,0.17289173926626214,0.245625724625549,-0.03836477987421394,-0.002609262883235597,-1.092504641506863,0.007848266841072546,0.0
2007-01-25,15.13,15.29,-0.004576667027411867,-0.001953761611394319,-0.009884759232541973,-0.36850368851572485,-0.010519492140706266,15.788999999999998,15.697,15.687333333333333,3,25,1,15.584526352258095,15.680637618546914,39.17525773195878,-0.05918495612319141,0.029972944260932097,16.432994851240153,14.961005148759847,0.017357939101876316,0.01562836832102058,0.015633373008571292,-68677533.0,-1.540771648183687,0,0,-1,0,0,-0.0019620667102681075,-0.42218363034687234,0.16970374398846408,0.24809265585084306,-0.044823232323232265,-0.009168303863785088,-0.5535059144125669,0.01586252478519499,0.0
2007-01-26,15.08,15.13,-0.01252901321790686,-0.014445425187723201,-0.009983443984183262,0.6732161832610296,-0.0033101652204546037,15.682000000000002,15.6865,15.661333333333333,4,26,1,15.492794288211169,15.641886804447115,42.22222222222222,-0.09755670612079825,0.004467014184586029,16.45233013095142,14.920669869048583,0.016882171721652465,0.015636737933175358,0.01528076361151427,-81354533.0,-1.5839021618188973,0,0,-1,0,0,-0.0039656311962987766,1.1638164427320457,0.13662029870378428,0.24822551932483272,-0.05216844751728478,-0.013734466971876969,-1.6343892772125383,0.011273209549071614,0.0
2007-01-29,15.14,15.08,-0.00465581153619404,0.011834457647003017,0.0033389012655146303,-0.33013125674512644,0.00397088542949272,15.574000000000002,15.668000000000001,15.649000000000001,0,29,1,15.428649872172773,15.609507010611818,37.09677419354843,-0.121721960892474,-0.02077078083082598,16.468857435239464,14.867142564760538,0.016856698925413183,0.015281697677423116,0.014808376106188792,-72241933.0,-1.3185867465715015,0,0,-1,0,0,-0.005305039787798413,0.10505136524407245,0.09029458643419626,0.24258942999200953,-0.023855577047066312,-0.023855577047066312,0.9606223166241359,0.019815059445178383,0.0
2007-01-30,15.14,15.14,0.008629326698054638,-0.006557400546159164,0.0006664445431604468,-0.12231036577302988,0.0,15.431000000000001,15.649499999999998,15.622333333333334,1,30,1,15.376168077232268,15.579216235733638,36.32653061224491,-0.13926770795413113,-0.04447016625548701,16.48218683694438,14.816813163055617,0.01396180321923201,0.015281697677423116,0.013804559633618336,-72241933.0,-1.223749379465763,0,0,-1,0,0,-0.0006605019815059304,-0.2809500409586859,0.08635739193547838,0.24258942999200953,-0.014964216005204811,-0.023855577047066312,-0.1555139979070376,0.012549537648612913,0.0
2007-01-31,15.1,15.14,-0.006631324035381563,-0.001975634491789747,-0.0033366730990393727,-0.041605149745196746,-0.0026455041884241655,15.350999999999999,15.638499999999999,15.600666666666665,2,31,1,15.325955699553674,15.548299059234695,28.88888888888887,-0.15461816268387096,-0.0664997655411638,16.494986703740107,14.78201329625989,0.008537067513937993,0.015061989874928211,0.013669169649945486,-79976833.0,-1.2574626030934886,0,0,-1,0,0,-0.0072655217965654694,-0.4831021557280656,0.08412078712728656,0.23910167675299743,-0.012426422498364897,-0.01436031331592691,-0.6236068976899481,0.01390728476821186,0.0
2007-02-01,15.35,15.1,0.006631324035381603,0.013748170717057136,0.002670228555878892,0.2376087481855098,0.01642073021232749,15.302000000000001,15.63,15.582666666666666,3,1,2,15.330327390543914,15.535505571542135,33.333333333333385,-0.14493982194296784,-0.0821877768215246,16.494772559085195,14.765227440914806,0.010967058182052802,0.015248429549242049,0.013935578469525416,-70167333.0,-0.6475691141175925,0,0,-1,0,0,0.0019867549668874927,0.1684349215341961,0.12927702570768407,0.24206131482949916,0.014540647719762045,-0.010953608247422641,1.6205240159664023,0.02475570032573295,0.0
2007-02-02,15.26,15.35,0.014435946232941593,0.005834700507476794,0.015216965804860464,-0.5093485562399505,-0.005880448176895171,15.236999999999998,15.605,15.563999999999998,4,2,2,15.317540592263203,15.517731018539417,30.165289256198406,-0.14288482766513333,-0.09432718699024636,16.482760307768658,14.727239692231345,0.010663343056449786,0.014817396833584925,0.013950191011414871,-76061733.0,-0.7860915945880972,0,0,-1,0,0,0.0,-1.1071879198706418,0.1380158467748584,0.2352188825941298,0.011936339522546469,-0.03172588832487311,1.349973943582525,0.01572739187418088,0.0
2007-02-05,15.03,15.26,-0.005225354802665119,-0.00974350027252959,-0.013884520571081839,0.21196567580535253,-0.015186822091427878,15.188999999999998,15.5815,15.536666666666667,0,5,2,15.265260484578983,15.486264501214293,16.52173913043481,-0.157994050636459,-0.10706055971948888,16.495514280666637,14.667485719333364,0.008762886178893852,0.014744742704945123,0.014166586790309216,-83347833.0,-1.2067645148777426,0,0,-1,0,0,0.0006553079947575221,-0.7114876215674467,0.1832073744741362,0.2340655340575117,-0.007265521796565477,-0.030322580645161357,0.8545300259876953,0.01996007984031941,0.0
2007-02-06,15.21,15.03,-0.015841915465657976,-0.004579661259024606,-0.00033294490069499846,-0.03739040774050746,0.011904902506318458,15.172999999999998,15.553,15.528333333333332,1,6,2,15.25521312374644,15.46844098500692,30.939226519337083,-0.1536722845810985,-0.11638290469181081,16.476451192680237,14.629548807319766,0.009657046049692301,0.014379303005215335,0.013690847230504056,-76329133.0,-0.7428654653733737,0,0,-1,0,0,0.0,-0.8281011096675448,0.20715334624845672,0.22826435866946088,0.004623513870541718,-0.0361216730038022,0.10914481071241472,0.01545036160420772,0.0
2007-02-07,15.13,15.21,0.010589112842798424,-0.003284075201189996,0.0009985023295893782,-0.01051284388600128,-0.005273578470936926,15.157,15.519,15.521666666666667,2,7,2,15.232447101247086,15.44660608274841,30.60109289617492,-0.15491680081030523,-0.1240896839155097,16.452626770914275,14.585373229085727,0.009659707665055384,0.014373054184342577,0.013639714647401215,-83274433.0,-0.8333094382438562,0,0,-1,0,0,-0.0013149243918475575,-0.8492149388135077,0.2108462458094517,0.22816516171336065,0.001986754966887494,-0.043010752688172005,0.2658198774176183,0.01123595505617977,0.0
2007-02-08,15.16,15.13,-0.0032970685983786446,0.006557400546159261,0.003984069014874513,-0.015950181042459124,0.001980852413961066,15.16,15.4745,15.518,3,8,2,15.219274901020341,15.428115367732385,29.05027932960897,-0.15173325311739916,-0.1296183977558876,16.38614339750251,14.56285660249749,0.009091239952112242,0.013830839716877135,0.013629025464860748,-76439033.0,-0.6899627658393358,0,0,-1,0,0,0.0006609385327164432,-0.8256732283278665,0.16005368866422376,0.21955777388431136,-0.01237785016286641,-0.0554517133956387,0.4118456639626514,0.013852242744063381,0.0
2007-02-09,15.15,15.16,0.003955179842927793,0.003913899321136315,0.0033079752295453405,-0.01132881512548466,-0.0006598482588474313,15.166999999999998,15.4245,15.513333333333332,4,9,2,15.206679464471186,15.410172440781908,37.14285714285718,-0.14830758751050865,-0.13335623570681182,16.288602211302774,14.560397788697227,0.009014962275160602,0.013680193980340115,0.013626492015542349,-83197433.0,-0.635341505690968,0,0,-1,0,0,0.0026385224274405768,-0.7708598802737562,0.15729650389370162,0.21716634695461667,-0.007208387942332806,-0.061919504643962786,-0.07415920054112683,0.014521452145214445,0.0
2007-02-12,15.77,15.15,0.028536307264934297,0.03140277260376358,0.022208620152278348,0.49828280178712236,0.04010886901956883,15.23,15.402000000000001,15.521999999999998,0,12,2,15.309101380021879,15.433387122021786,60.63829787234044,-0.09447485704914982,-0.12557995997527943,16.199775855606617,14.604224144393383,0.015694851997247433,0.016814456457516218,0.01535837456525782,-72073833.0,0.9225648969287903,0,0,-1,0,0,0.032343234323432356,0.7125288925176393,0.29386612488566477,0.266921221303872,0.04923486360612106,-0.027743526510480843,1.6520746114088773,0.02346227013316419,0.0
2007-02-13,15.8,15.77,0.014598799421152631,0.006289328907563918,0.009003276249958793,-0.056522977289002255,0.0019005390579741393,15.295999999999998,15.363500000000002,15.531666666666666,1,13,2,15.398355674563355,15.457039565762317,63.934426229508226,-0.04882841743356714,-0.11022965146693699,15.976972428925729,14.750027571074275,0.015649829815362254,0.015961126740309323,0.01535944703521534,-61561533.0,1.4230468377017995,0,0,-1,0,0,0.006341154090044366,0.5384489030615209,0.2978264646008081,0.2533750319954489,0.03879026955950038,-0.04646952323476161,2.0949104682323867,0.020886075949367092,0.0
2007-02-14,16.09,15.8,-0.0006303183316157478,0.011841833610949244,0.008922940018193248,-0.4122803226205369,0.0181880209713706,15.395,15.373,15.557333333333334,2,14,2,15.524109188279107,15.497875722809912,74.48979591836729,0.010624814942557848,-0.08605875818503803,16.026060809612726,14.719939190387272,0.016006792782094874,0.013831125737052917,0.01548333002519283,-54600933.0,2.1958138949577766,0,0,-1,0,0,0.0037974683544302985,-0.6876155963481543,0.27930797267008006,0.21956231431384174,0.06345009914077981,0.011949685534591081,1.4174598877284594,0.023617153511497874,0.0
2007-02-15,15.76,16.09,0.0056586130241517004,-0.00559181326577783,-0.0031776321622032457,0.24726764650339705,-0.020722876574558815,15.436000000000002,15.369,15.565333333333335,3,15,2,15.566998426773814,15.514786966499596,65.17857142857142,0.03075911592165781,-0.06269518336369886,16.010901779664334,14.727098220335664,0.017625058452112954,0.014599926589791222,0.01584683238725305,-63514133.0,1.2182549180794062,0,0,-1,0,0,-0.008701056556867655,0.19913403831000595,0.3651291960244471,0.23176664949832143,0.0395778364116095,-0.005050505050505083,0.43610649993141576,0.021573604060913697,0.0
2007-02-16,15.7,15.76,-0.010082000963302886,-0.008132669159787938,-0.0038265352813676456,-0.18481085276424522,-0.0038143720754706774,15.48,15.358499999999998,15.563333333333333,4,16,2,15.591180530996755,15.526736194467366,62.49999999999996,0.04139699713409506,-0.041876747264140084,15.969255356310981,14.747744643689014,0.017524765648466948,0.01458021024323632,0.015613791963411157,-70923333.0,1.1182873681622427,0,0,-1,0,0,0.0019035532994923453,-0.5556930643337168,0.37047779497681543,0.2314536621998392,0.03630363036303619,-0.013199245757385292,0.5197123248280255,0.017197452229299335,0.0
2007-02-20,15.64,15.7,-0.0025364629959086313,-0.008832864998508837,-0.003841233916477055,-0.12764872869964883,-0.0038289772370972393,15.541,15.365,15.568,1,20,2,15.600056798088254,15.534043536759796,60.869565217391305,0.04447343401410642,-0.024606711008490784,15.985237645456566,14.744762354543434,0.01657210916761443,0.013422104777648053,0.015320981844085174,-77444633.0,0.8867568810582884,0,0,-1,0,0,0.0031847133757962236,-0.8994906003330491,0.22136604570346644,0.21306930787625186,-0.008243500317057673,0.008381689232753065,0.17668265575182163,0.012148337595907896,0.0
2007-02-21,15.61,15.64,-0.010210682201956903,-0.005082603063465779,-0.0025690444444419597,-0.28070885963020265,-0.001920000589824387,15.581,15.376999999999999,15.562333333333333,2,21,2,15.601864652981297,15.538943953743036,61.13537117903929,0.043983765654981966,-0.010888615675796234,16.006857126656037,14.747142873343963,0.016420929440660193,0.013249518777487942,0.014957181354743714,-82369833.0,0.7398503252222188,0,0,-1,0,0,-0.0031969309462916056,-1.6042603165351426,0.21923504005521113,0.2103295900590818,-0.012025316455696267,0.015614834092387841,0.45221023602260957,0.009609224855861536,0.0
2007-02-22,15.61,15.61,0.008304103931375418,0.0057161159132882375,0.001927401817359134,-0.17386235048695173,0.0,15.629,15.393,15.555666666666667,3,22,2,15.603343806984697,15.543528214791873,56.37254901960783,0.043098882859029075,-9.111596883117253e-05,16.029771461936104,14.7562285380639,0.016219986059017612,0.013175084007068261,0.014951767109593783,-82369833.0,0.6815632074346137,0,0,-1,0,0,0.007046764894298604,-1.7363079728641302,0.13108350539586733,0.20914797471052185,-0.029832193909260396,0.02092871157619358,-2.028077823697307,0.01345291479820622,0.0
2007-02-23,15.4,15.61,-0.0070220524737199235,-0.011465093740210038,-0.0148725664093961,0.27044163153961104,-0.013544225107757149,15.653,15.4065,15.533999999999999,4,23,2,15.566372205714751,15.534268329966594,53.240740740740755,0.025162306504832088,0.00495956852590148,16.031127046618874,14.781872953381123,0.01706583618477314,0.013329401093152574,0.014841936954011916,-87794433.0,-0.020812419299432366,0,0,-1,0,0,0.0,-1.0702471120316532,0.08247141933723293,0.21159768250748526,-0.022842639593908642,0.017845340383344288,-1.7123561613855,0.016883116883116868,0.0
2007-02-26,15.34,15.4,-0.013544225107757149,-0.007717080098563391,-0.0032626456348162714,0.03904627884118447,-0.0039037134804734037,15.672,15.4195,15.507000000000001,0,26,2,15.525213622857523,15.52173488932359,57.7889447236181,0.0060363585748532955,0.005174926535691843,16.026077109255766,14.812922890744233,0.017146083279709397,0.013340030952792513,0.01478048241029112,-93435033.0,-0.26212660776975655,0,0,-1,0,0,0.0,-0.9382851968522586,0.08241992072826496,0.21176642629795805,-0.02292993630573248,0.01724137931034475,-1.6988722265081904,0.01238591916558015,0.0
2007-02-27,15.1,15.34,-0.011757156986043644,-0.01364987069040284,-0.017139509876696064,0.5597626713482443,-0.01576905211823147,15.604999999999999,15.4175,15.469666666666665,1,27,2,15.447902055065246,15.494526186786585,47.317073170731675,-0.02816244802071388,-0.0014925483755893016,16.028207096646284,14.806792903353715,0.01081013749040284,0.01381780574775186,0.014952614366480117,-103307533.0,-1.0397783216981138,0,0,-1,0,0,-0.007822685788787432,1.328325815088664,0.11248528665887134,0.21935086603890191,-0.034526854219948944,-0.0026420079260238705,-0.4933612094560144,0.01589403973509935,0.0
2007-02-28,15.12,15.1,-0.006591981682152949,-0.005907467130692916,0.0,0.22686212895305286,0.0013236269305083458,15.537,15.416500000000003,15.421333333333333,2,28,2,15.388283499598835,15.470363206993902,49.74874371859293,-0.053040003638086475,-0.011802039428088737,16.029182625834455,14.803817374165552,0.010774909070396506,0.013821194131849353,0.014280654608759652,-90920933.0,-0.9678746793127407,0,0,-1,0,0,0.00132450331125825,2.197017730543134,0.12349922170267699,0.21940465496891193,-0.03139013452914796,-0.0013210039630119352,-0.3984805047526406,0.009920634920634944,0.0
2007-03-01,15.34,15.12,-0.0046403795565021135,0.011780240942822954,-0.006671138817022535,0.022897956147151833,0.014445425187723283,15.462,15.4285,15.402666666666669,3,1,3,15.379504681489955,15.461952677510427,54.12844036697247,-0.05437666398061047,-0.020316964338593084,16.02424897574789,14.83275102425211,0.009917812487890873,0.014176743139790234,0.012750241782525356,-78247433.0,-0.2971050009407028,0,0,-1,0,0,-0.004629629629629531,1.9645128114925277,0.19373833810131044,0.22504882049235572,-0.017296604740550947,0.015894039735099286,0.705923277259641,0.02803129074315513,0.0
2007-03-02,15.2,15.34,0.029462032730316067,0.01421212551918076,0.013958352250706855,-0.5118914063288328,-0.009168368086879443,15.405999999999997,15.420999999999998,15.381333333333334,4,2,3,15.346867466673599,15.445052504767819,51.08225108225107,-0.06597231907539935,-0.02944803528595434,16.024634605404213,14.817365394595782,0.008448271260025592,0.01384156877734265,0.012825938066947793,-85843433.0,-0.7322310484569016,0,0,-1,0,0,0.010430247718383322,-0.06049575804278375,0.1816887735857212,0.21972809243907013,-0.012987012987013102,-0.009771986970684043,0.7057820568880122,0.0289473684210526,0.0
2007-03-05,15.09,15.2,-0.02283949196982279,-0.02008489933131074,-0.007952328190495146,-0.1020601344328551,-0.007263155072473113,15.344999999999999,15.4125,15.354000000000001,0,5,3,15.300164290914763,15.422145891556992,31.11111111111113,-0.08308034151063204,-0.04017449653088988,16.030301705539745,14.794698294460254,0.008527791092568574,0.01387347087369236,0.012823419988637008,-92702433.0,-1.0440243110635177,0,0,-1,0,0,-0.0032894736842104563,-0.3910020936881444,0.18476007717128992,0.22023452251852785,-0.01629726205997395,-0.011140235910878094,0.9321695959792636,0.01656726308813784,0.0
2007-03-06,15.05,15.09,0.0006598482588475243,-0.004591677467172875,-0.007345608989268301,0.5810086309068424,-0.002654281584872717,15.286000000000001,15.413499999999999,15.338666666666667,1,6,3,15.254679874384806,15.398136479198477,29.281767955801087,-0.09872816146403629,-0.05188522951751916,16.02875433337461,14.798245666625386,0.008537359134576353,0.013457144691484435,0.012038101426152494,-104965233.0,-1.1816251598139402,0,0,-1,0,0,0.0046388336646786136,1.638621927396548,0.14937740703422228,0.21362554926408503,-0.0033112582781456013,0.0013306719893546592,1.2968623320414931,0.019269102990033284,0.0
2007-03-07,14.95,15.05,-0.010610179112015571,-0.00593473551981469,0.002008705061080587,-0.44941270098492564,-0.006666691358189345,15.219999999999999,15.4005,15.324666666666667,2,7,3,15.199283533587568,15.369224448282448,14.814814814814824,-0.11783995018577542,-0.06507617365117041,16.04418920254505,14.756810797454948,0.008552099184666867,0.013238361462465063,0.011990647078249785,-112788933.0,-1.3997438460014258,0,0,-1,0,0,-0.0033222591362126715,-0.09950491642336826,0.15347284739431177,0.21015247317398336,-0.011243386243386277,-0.017094017094017144,1.9255386383426072,0.011371237458193975,0.0
2007-03-08,15.15,14.95,0.0013324452337786948,0.005277057100843819,0.0033389012655146303,-0.10092942507364687,0.013289232118682706,15.174000000000001,15.401499999999999,15.32,3,8,3,15.190322891117102,15.355080935490033,29.530201342281927,-0.1155162524585247,-0.07516418941264127,16.043479668475754,14.759520331524243,0.010185907375294545,0.013558495753539467,0.012235635117529108,-105716333.0,-0.7835139097072392,0,0,-1,0,0,0.004682274247491658,-0.39498996047072366,0.1454156956666397,0.2152344474959444,-0.012385919165580184,0.0013218770654328527,1.8920114284432277,0.013201320132013155,0.0
2007-03-09,15.07,15.15,0.00993714702445222,0.00262812240626963,0.0033277900926747457,-0.3093403354845158,-0.005294519316974099,15.141,15.397,15.318000000000001,4,9,3,15.168446001823083,15.336688617071323,29.139072847682172,-0.11876103341343125,-0.08388355821279928,16.04731490347647,14.746685096523532,0.009557154104526854,0.013604084607366947,0.012122269812707444,-110907133.0,-1.0056666339704512,0,0,-1,0,0,0.001320132013201292,-1.0685417764565983,0.13659735546378085,0.2159581481146483,-0.008552631578947256,-0.00593667546174137,2.013521733372094,0.012607830126078268,0.0
2007-03-12,15.06,15.07,-0.00794180216555614,-0.005923018303122056,-0.001995344858896107,-0.35936462886106835,-0.0006637902666565109,15.113,15.392499999999998,15.317333333333334,0,12,3,15.148728546946158,15.318837738550592,30.1369863013699,-0.12074755942182414,-0.09125635845460425,16.051202872077848,14.733797127922147,0.009545170410500726,0.01360409147631292,0.012107490316691134,-114530933.0,-1.0095598914003219,0,0,-1,0,0,-0.0013271400132713717,-1.5091012210512385,0.12743591283418043,0.2159582571557852,-0.001988071570576455,-0.005940594059405946,1.7903184420673643,0.008632138114209879,0.0
2007-03-13,14.78,15.06,-0.001995344858896107,-0.006622540760493382,-0.016784549792700297,0.9674040884446385,-0.0187673068516919,15.081,15.343,15.305333333333332,1,13,3,15.081686992955946,15.284074013482812,25.73099415204682,-0.1432640962156153,-0.10165790600680646,16.030423871382695,14.655576128617305,0.010052162502218093,0.010221290009683774,0.012546711269937255,-124065533.0,-1.6379995616607665,0,0,-1,0,0,-0.0026560424966800083,0.649393341689379,0.1833706816652688,0.1622579486633535,-0.017940199335548246,-0.0627774254914395,0.39288822055793204,0.018944519621109684,0.0
2007-03-14,14.88,14.78,-0.006680051560373911,-0.006666691358189345,-0.014320053774748445,0.3320319126921306,0.006743113884890101,15.056999999999999,15.297,15.296666666666665,2,14,3,15.045016630600319,15.258004722290375,29.83425414364649,-0.15129541027097204,-0.11158540685963958,15.978765509926781,14.61523449007322,0.010399075880403282,0.010404945586329229,0.012620810341358191,-110776233.0,-1.2232945020782429,0,0,-1,0,0,0.009472259810554842,1.836127547620333,0.19359175670252227,0.1651733905595177,-0.004682274247491569,-0.0582278481012658,-0.5282103561333367,0.026209677419354756,0.0
2007-03-15,14.9,14.88,-0.0026845653706688757,-0.0006691201320242076,0.017699577099400857,-1.2090246853812288,0.0013431835464675379,15.013,15.2375,15.290000000000001,3,15,3,15.018649970491168,15.234907643432932,34.56790123456794,-0.15426814452777826,-0.12012195439326732,15.829690403234991,14.64530959676501,0.00885049622970538,0.009197551114405471,0.012618474415588546,-106809533.0,-1.1398361005390167,0,0,-1,0,0,0.0,-1.2398396124778286,0.15218355278596987,0.1460065975171312,-0.01650165016501648,-0.0739589807333747,-1.1642233434042342,0.008053691275167732,0.0
2007-03-16,15.0,14.9,0.01798250255043227,0.014077157074322551,0.007394991683158093,0.6568364904043207,0.006688988150796489,14.993,15.1995,15.278333333333334,4,16,3,15.015259066765502,15.219752311598551,39.759036144578346,-0.1468619603184056,-0.125469955578295,15.746317587211335,14.652682412788666,0.009022072635856054,0.008587674153475205,0.012286810246218137,-99159033.0,-0.7296766039198284,0,0,-1,0,0,0.016778523489932886,-0.014001330063411678,0.1655080038810675,0.13632510090331512,-0.004644990046449915,-0.048223350253807085,-1.7104202472053789,0.014786666666666667,0.0
2007-03-19,15.0,15.0,-0.009950330853168092,-0.006741345584108867,0.0013386882855964013,-0.5533482989682633,0.0,14.984,15.1645,15.269666666666668,0,19,3,15.012484690989954,15.205574743108322,46.47887323943664,-0.13938575376897333,-0.12825311521643068,15.663993427594342,14.665006572405659,0.008778746734985434,0.008597803443749906,0.012248359127880621,-99159033.0,-0.6586673253830971,0,0,-1,0,0,0.0,-1.003564482588669,0.16563140961884262,0.1364858984014618,-0.003984063745019917,-0.04458598726114649,-1.7699505805299216,0.006666666666666762,0.0
2007-03-20,15.12,15.0,-0.0026702285558788097,0.007282389019340889,0.0,0.22677397824589632,0.007968169649176881,14.991,15.138499999999999,15.272666666666664,1,20,3,15.032032928991779,15.200053791940043,50.0,-0.12236723577418829,-0.1270759393279822,15.5851141629256,14.691885837074398,0.009136160803557312,0.00888510220023777,0.012024175720564126,-93640033.0,-0.0828455590338336,0,0,-1,0,0,-0.0026666666666666098,-0.6250470175054017,0.05749101990184006,0.14104662477133176,0.023004059539918797,-0.03324808184143235,-0.5908011525593745,0.013888888888888945,0.0
2007-03-21,15.26,15.12,0.010638398205055577,0.007229739016315376,0.004671346499293293,-0.21284614506103297,0.009216655104924048,15.022,15.121,15.274333333333335,2,21,3,15.073481487356908,15.203921289234234,47.22222222222223,-0.09647104947315377,-0.12095496135701651,15.514039438223978,14.727960561776023,0.009138160673735742,0.009212938436230163,0.011942914690984484,-89179133.0,0.7073081552736618,0,0,-1,0,0,0.0,-0.9463688479500831,0.0656522245009811,0.1462508636784799,0.025537634408602017,-0.022421524663677084,-0.45652968725776233,0.0163826998689384,0.0
2007-03-22,14.98,15.26,0.0006611570488777567,-0.0006550933742301113,-0.004671346499293242,0.24300815310460838,-0.018519047767237527,15.005,15.089500000000001,15.269333333333332,3,22,3,15.056484853292016,15.18947475444493,43.03797468354435,-0.09741881177891898,-0.11624773144139701,15.412217083199662,14.76678291680034,0.01022718197738508,0.00998003811569341,0.012379505479888748,-94867133.0,-0.6786129752682117,0,0,-1,0,0,-0.008519003931847903,-0.5973484803539425,0.18188740287759003,0.15842819357442256,0.005369127516778427,-0.04035874439461873,-1.7583526793809399,0.020694259012016054,0.0
2007-03-23,15.0,14.98,-0.011299555253933394,-0.010540282035432271,0.0006686727096358838,0.1254733455187667,0.0013342230131366622,14.998000000000001,15.0695,15.264,4,23,3,15.046214879966193,15.177250576738807,46.97986577181209,-0.09545573310931488,-0.1120893317749806,15.35907137107593,14.77992862892407,0.010138894866179657,0.00962929774908442,0.012376025981018314,-88418733.0,-0.48001982890619355,0,0,-1,0,0,-0.0013351134846461665,-0.37283686846434616,0.17537134520087128,0.15286036286562849,0.0,-0.025974025974025983,-1.527036459129529,0.009333333333333253,0.0
2007-03-26,14.88,15.0,0.0,-0.005978098175508067,-0.008727816396490548,-0.20682375267818934,-0.008032171697264154,14.98,15.0465,15.254999999999999,0,26,3,15.015993992699611,15.158073120175015,44.58598726114651,-0.10240254346094346,-0.11015197411217317,15.318124741140101,14.774875258859899,0.010420098108104282,0.009731370018844398,0.012456088976610135,-93662333.0,-1.2259560694003249,0,0,-1,0,0,-0.0026666666666666098,-0.7536171635848593,0.18447290232965682,0.1544807099148733,-0.007999999999999896,-0.029986962190351907,-0.7565821766701116,0.012096774193548368,0.0
2007-03-27,14.86,14.88,-0.005361943141385399,-0.004005345808675162,-0.0013495278701333038,0.05628501060710489,-0.0013449901153328107,14.988,15.0345,15.224666666666668,1,27,3,14.987631448572408,15.138842596292756,46.97986577181209,-0.10827366218702394,-0.10977631172714333,15.317154708451767,14.751845291548232,0.008454759471044983,0.009143051428431507,0.009689265713968203,-99209533.0,-1.2347220462437591,0,0,-1,0,0,0.0,-0.5891567157776438,0.16488187871237717,0.1451414418234218,-0.01719576719576721,-0.015894039735099397,-0.47177848002001815,0.009421265141318896,0.0
2007-03-28,14.69,14.86,-0.002018164156237236,-0.006711434587986804,-0.010179931821201955,0.6191709363230953,-0.011506049103827196,14.969,15.013,15.187666666666667,2,28,3,14.933516639741061,15.109885009435159,34.24657534246573,-0.12520090720390264,-0.1128612308224952,15.33142374944397,14.69457625055603,0.008920252979120968,0.009430802362648705,0.009812544042928459,-109512833.0,-2.028743148487021,0,0,-1,0,0,-0.0006729475100941983,1.0384647420878823,0.12534928714017654,0.1497093462922131,-0.03735255570117957,-0.028439153439153375,-0.313641697952148,0.012933968686181041,0.0
2007-03-29,14.63,14.69,-0.010152371464018073,-0.00743497848751809,-0.010974047031976675,-0.5704940918544145,-0.004092775153752924,14.942000000000002,14.977500000000001,15.139,3,29,3,14.878331796151777,15.078924686245793,34.72222222222224,-0.1418225275766254,-0.11865349017332125,15.30069946586632,14.654300534133682,0.008910134535319412,0.008661236405771091,0.008999167898053792,-115336733.0,-2.1503748409270713,0,0,-1,0,0,0.0006807351940095158,-0.4112119143256922,0.08109315258923505,0.13749286545605538,-0.02336448598130836,-0.046284224250325856,-0.2569062763242018,0.016404647983595366,0.0
2007-03-30,14.7,14.63,0.0,0.000678196024638339,0.007557576336079433,0.7359103177111267,0.0047732787526575905,14.912,14.9525,15.103666666666667,4,30,3,14.84590783321509,15.054477932294454,37.99999999999994,-0.14764490789626272,-0.12445177371790955,15.280548455983439,14.624451544016562,0.0087247503280727,0.008645351333801787,0.008484574196727067,-103180033.0,-1.539406727235129,0,0,-1,0,0,0.0047846889952152085,1.7288561979509272,0.09900449589216032,0.13724069775612052,-0.020000000000000018,-0.03289473684210531,0.39271466087619017,0.009523809523809563,0.0
2007-04-02,14.75,14.7,0.0033955890011383287,0.0027081939368795564,0.005460764423177756,-0.9095844694477568,0.0033955890011383287,14.887,14.9355,15.072,0,2,4,14.8284700453578,15.03483419472707,48.818897637795295,-0.14653543483733245,-0.12886850594179414,15.268744023122402,14.602255976877597,0.008875678969098981,0.008609766339493613,0.008541811873039477,-98284633.0,-1.1132982867144456,0,0,-1,0,0,0.0034013605442177355,-0.730432022211642,0.10310801249358395,0.13667580348405006,-0.008736559139784994,-0.022531477799867417,-0.7810092397058628,0.006779661016949128,0.0
2007-04-03,15.08,14.75,0.006756782462879687,0.01941808585710173,0.00746019058428359,0.4263803395021542,0.022126279793981272,14.883000000000001,14.937000000000001,15.053333333333335,1,3,4,14.874202764383654,15.037748117647904,56.666666666666664,-0.11767148375312786,-0.12662910150406087,15.27267528168794,14.601324718312062,0.011412156269674551,0.010067845315341927,0.009623995036739864,-90786333.0,0.8520138824695414,0,0,-1,0,0,0.006779661016949128,0.2580838355773662,0.2003838460507081,0.1598220896559684,0.014804845222072816,0.001993355481727521,0.8072599760891673,0.018567639257294388,0.0
2007-04-04,15.1,15.08,0.018018505502678212,0.013829657361160758,0.018742181809740664,-0.10531161688050832,0.0013253812410687102,14.867,14.9445,15.036333333333333,2,4,4,14.915256807222988,15.041764368122234,56.666666666666664,-0.09212084989794533,-0.11972745118283777,15.288009748577613,14.600990251422386,0.010947313261887581,0.009941794820878244,0.009633521327636974,-84037533.0,0.9053600408366034,0,0,-1,0,0,0.0026525198938991477,-0.0015925541645655044,0.1585212952213204,0.15782110009004263,0.02791014295439065,0.010033444816053505,1.5770251670789173,0.01390728476821186,0.0
2007-04-05,15.08,15.1,-0.007968169649176845,-0.010519492140706266,-0.005986050465303703,-0.4428738081881511,-0.0013253812410685707,14.876999999999999,14.940999999999999,15.018666666666666,3,5,4,14.945210115000625,15.04423118308209,52.81690140845071,-0.07264817836014892,-0.1103115966183,15.27703884487153,14.604961155128468,0.009120983266486362,0.009475693311423845,0.009631522369401799,-88371533.0,0.8272853101440788,0,0,-1,0,0,-0.006622516556291367,-0.8386592313144123,0.1488590600772846,0.15042196801167368,0.030758714969241208,-0.0046204620462045876,1.898162848460544,0.009283819628647253,0.0
2007-04-09,15.13,15.08,0.004655811536193956,0.0013210041551135364,0.001333333530864117,-0.3650492874358978,0.003310165220454624,14.889999999999997,14.943999999999999,15.009666666666668,0,9,4,14.9788082759096,15.049764655141312,54.421768707483025,-0.052575308313610236,-0.09876433895736206,15.285907959297546,14.602092040702452,0.009157669838176391,0.009427418790853962,0.009373383966049996,-85363033.0,1.088012109353289,0,0,-1,0,0,-0.0006631299734747869,-1.2392174699992726,0.15004498023789906,0.14965563375514096,0.029251700680272164,0.003981420039814276,1.9993573406025305,0.00925313945803044,0.0
2007-04-10,15.01,15.13,0.0019887311824744805,0.0,-0.0006664445431605588,0.27075382106211954,-0.007962882154894036,14.903,14.9415,14.998666666666667,1,10,4,14.98447949847149,15.047199193519292,46.258503401360564,-0.04582220148724936,-0.08817591146333952,15.280555964949528,14.602444035050471,0.009150269385489126,0.009602560552515646,0.00945172464671302,-89307033.0,0.40406308740326746,0,0,-1,0,0,-0.0019828155981494473,-0.9188433062751591,0.18010413695150373,0.15243592302837233,0.01762711864406774,-0.0033200531208499307,1.4339418304643445,0.009993337774816813,0.0
2007-04-11,15.24,15.01,-0.005978098175508067,0.009198487985592719,0.0,0.7529004050416708,0.015206904613129629,14.941000000000003,14.964499999999997,15.003333333333334,2,11,4,15.030937771476673,15.059637955227725,49.35897435897437,-0.021661537147654286,-0.07487303660020247,15.319463304255317,14.609536695744678,0.010157114635703403,0.009153344721022723,0.00945219915406992,-80933333.0,1.5522731318831777,0,0,-1,0,0,0.0,0.6933949727425032,0.13499680365605046,0.14530484277763211,0.010610079575596787,0.0311231393775373,0.8316623120288714,0.01902887139107606,0.0
2007-04-12,15.2,15.24,0.009283886310007658,-0.0026195168875502465,0.005982071677547469,-0.2018549964448522,-0.0026281224062695806,14.992,14.980499999999997,15.006,3,12,4,15.061676358480913,15.068693571019486,58.33333333333329,-0.005676269791589306,-0.06103368323847984,15.348050927369197,14.612949072630798,0.00913695856802797,0.009113731954433773,0.00946566131854309,-87776433.0,1.194392306781027,0,0,-1,0,0,-0.005905511811023612,0.31247938215540766,0.139344501869636,0.14467600960280647,0.0066225165562914245,0.021505376344086002,1.1414593493336243,0.010526315789473694,0.0
2007-04-13,15.16,15.2,-0.003305788134499544,-0.003284075201189996,-0.0019236515500459191,-0.3860725957831892,-0.0026350476380050023,15.044999999999998,14.993500000000001,15.0,4,13,4,15.079553384211655,15.074584308373069,55.97014925373135,0.003721603718624067,-0.048082625847059066,15.367399789557323,14.619600210442679,0.009014470529134469,0.009151494497775687,0.009080615477717567,-92427833.0,0.8906129644904393,0,0,-1,0,0,-0.00657894736842103,-0.6897691796903282,0.14122230114356704,0.14527547139414246,0.0053050397877985045,0.01744966442953011,1.2174486661316366,0.009168865435356157,0.0
2007-04-16,15.29,15.16,0.002645504188424175,0.009168368086879507,0.003909749521675285,0.12671996865885352,0.008538639726745206,15.104,15.008000000000001,15.002999999999998,0,16,4,15.11781640526408,15.088482094929645,65.18518518518513,0.021412568962025702,-0.03418358688524211,15.404755260634987,14.611244739365015,0.00914846293853343,0.009222943208657394,0.00906600954517942,-87148033.0,1.4215312459810732,0,0,-1,0,0,-0.0013192612137202884,-0.3551973874940404,0.15103881762180082,0.1464096845170774,0.010575016523463265,0.019333333333333202,0.6370845605456131,0.014388489208633136,0.0
2007-04-17,15.2,15.29,0.009204535729071706,0.004552853392914208,0.0019821612039912025,0.13828352136249297,-0.005903592088740212,15.149000000000001,15.018,15.006666666666666,1,17,4,15.132758877034245,15.095676798482572,61.97183098591551,0.027849506757148035,-0.021776968156764085,15.423883052899487,14.612116947100514,0.009670316109939632,0.0093495209802835,0.009030903155102021,-93210833.0,0.8968100476226037,0,0,-1,0,0,-0.0006540222367560358,-0.03650579749314728,0.14292590184348697,0.1484190443484658,0.012658227848101333,0.013333333333333197,0.8126563932498152,0.017105263157894724,0.0
2007-04-18,15.66,15.2,-0.0026212334798741926,0.031302459894161555,0.004609820478161707,0.899967693973765,0.029814262710426483,15.206999999999999,15.044999999999998,15.027,2,18,4,15.228620899391654,15.132084746967568,78.36257309941524,0.06927047503814343,-0.0035674795177825826,15.541238482564959,14.548761517435038,0.011559355026356638,0.011370764368304035,0.010536223754614367,-78299233.0,2.4786469474160335,0,0,-1,0,0,0.002631578947368482,2.8557999897078874,0.23605045954300324,0.1805052884114816,0.027559055118110187,0.03571428571428581,1.59172189611227,0.04342273307790547,0.0
2007-04-19,15.37,15.66,-0.00922880643762159,-0.008844024796452772,-0.010568130061792235,0.2897404289893587,-0.018692133012152633,15.234,15.0505,15.041,3,19,4,15.254326190411353,15.147434118130953,69.07216494845355,0.07779949035757738,0.01270591445728941,15.559057298949899,14.5419427010501,0.013567901837991876,0.012087750774623186,0.011058114190732164,-98222333.0,1.2564955833284615,0,0,-1,0,0,-0.03575989782886338,3.049910519638716,0.29120562557903235,0.1918870947586879,0.011184210526315796,0.007208387942332806,0.8219300375809382,0.04554326610279762,0.0
2007-04-20,14.97,15.37,0.019672765598704928,-0.02245843509770868,-0.013369183082134512,0.16494607530519162,-0.02636935911896744,15.223000000000003,15.05,15.034999999999998,4,20,4,15.202630519427471,15.135986755670892,55.947136563876676,0.05168633152969626,0.02050199787177078,15.558868714326673,14.541131285673329,0.016203575100209994,0.012815291374534724,0.01184700456661044,-121718233.0,-0.31442294543831434,0,0,-1,0,0,0.001951854261548545,2.7987380467668186,0.3565047624445792,0.20343644373509992,-0.01253298153034299,-0.0006675567423231055,0.6716964524957822,0.03674014696058789,0.0
2007-04-23,14.76,14.97,-0.026984197305077177,-0.026300003686653854,-0.007429956503784232,-0.42386851303537004,-0.014127379259210565,15.186000000000002,15.038,15.024666666666665,0,23,4,15.12215224316793,15.111729545627611,50.20576131687242,0.013886149182727792,0.019178828133962184,15.56289999047383,14.51310000952617,0.01665805623320477,0.013188846806100185,0.012078425417411992,-137096533.0,-1.0592494000582775,0,0,-1,0,0,0.0013360053440213476,1.1796141297234004,0.34902837664049324,0.20936645237201762,-0.03466317854807055,-0.016000000000000014,1.6483210629841665,0.017615176151761502,0.0
2007-04-24,14.53,14.76,-0.01478521557121799,-0.004005345808675162,-0.028190247614354538,0.37562127492730046,-0.015705341590134904,15.138,15.020499999999998,15.007,1,24,4,15.01448819895558,15.074198607200024,38.19742489270386,-0.03423520335900321,0.008496021835369107,15.589098461592839,14.451901538407158,0.017112506917953383,0.013514000042162905,0.012383468043648206,-159485733.0,-1.7252948543896494,0,0,-1,0,0,0.0006775067750677363,2.0187270088062976,0.3541123459340103,0.21452809997567665,-0.044078947368420995,-0.02352150537634423,1.9892661749640592,0.041982105987611804,0.0
2007-04-25,14.55,14.53,-0.011576567828997622,-0.02163708480466241,0.00833338155914446,-0.5273320975108671,0.0013755160353100982,15.068999999999999,15.004999999999999,14.999333333333334,2,25,4,14.930035799145472,15.04037934221938,38.19742489270391,-0.06995153138048593,-0.007193488807801902,15.607887787411517,14.40211221258848,0.01597338478007953,0.013525132297336396,0.011940651750916723,-146272133.0,-1.5094019467653443,0,0,-1,0,0,0.004817618719889903,0.5144383162962117,0.15922243724961457,0.21470481904799885,-0.07088122605363978,-0.020861372812920553,1.0208016148841488,0.011683848797250854,0.0
2007-04-26,14.51,14.55,0.0,0.011552965738036483,0.0006913239127738626,-0.04000687909658235,-0.0027529267214051432,15.0,14.995999999999999,14.987,3,26,4,14.853665653846294,15.006161320140711,37.87234042553193,-0.1003281242020968,-0.025820415886660886,15.623556665505578,14.368443334494419,0.0159718024583822,0.013308814752197869,0.01186841923336332,-158967533.0,-1.5488641160665912,0,0,-1,0,0,0.0034364261168384146,0.4116255671291959,0.17323575753840587,0.21127088447605966,-0.05595315549772284,-0.012253233492171556,-0.15516474329758315,0.022742935906271543,0.0
2007-04-27,14.29,14.51,-0.008253141756720414,-0.018411703187877937,-0.013217583731954254,-0.041748283678980154,-0.01527807495432043,14.913,14.979,14.966666666666667,4,27,4,14.751180989510603,14.959957364002602,33.33333333333333,-0.14053396616544234,-0.048763125942417176,15.664086241209212,14.293913758790787,0.016295381658008465,0.013689487286358182,0.012146329666521582,-171143833.0,-2.0114255944883053,0,0,-1,0,0,-0.002067539627842823,0.28279123294127356,0.12626578781525252,0.21731387361410523,-0.045424181696726906,-0.02323991797676017,0.7362065577219761,0.017494751574527644,0.0
2007-04-30,14.35,14.29,-0.011809793389210779,0.0,-0.004914014802428929,0.029384247720942586,0.004189950263854143,14.818999999999999,14.961500000000001,14.944999999999999,0,30,4,14.678238991417766,14.920605276002435,36.58536585365856,-0.1656464182317059,-0.07213978440027492,15.692908878376421,14.23009112162358,0.01592167992354059,0.013676882613980826,0.012097595792573548,-158604433.0,-1.6721153326916334,0,0,-1,0,0,0.001399580125962306,0.3371870076778133,0.1471920581682798,0.21711378064329767,-0.02777777777777779,-0.023809523809523836,-0.3043677038404339,0.022299651567944147,0.0
2007-05-01,14.26,14.35,0.0006985679641400653,-0.013860235742110972,-0.004231318019762697,-0.011953707950112039,-0.006291527219480275,14.725,14.937000000000001,14.920333333333332,1,1,5,14.602195538432717,14.877985580776473,28.879310344827616,-0.1906131949989298,-0.0958344665200059,15.728590005521507,14.145409994478495,0.01592127205013083,0.013679780508466322,0.012126636110869282,-170994833.0,-1.7104814241660056,0,0,-1,0,0,-0.002090592334494729,0.2590521837477318,0.11960071850960846,0.21715978329210361,-0.018582243633860962,-0.03322033898305088,-0.8609674058690405,0.012622720897615689,0.0
2007-05-02,14.56,14.26,-0.008415196925284585,0.02208509362299593,-0.0007069636208198944,0.13920314901727926,0.020819627782390004,14.614999999999998,14.911000000000001,14.901666666666667,2,2,5,14.594523622354039,14.857470382016702,37.59689922480624,-0.18407020591343226,-0.11348161439869119,15.716844441041403,14.1051555589586,0.013680039845576116,0.013559379379954058,0.012702994578862623,-156753833.0,-0.8711358721948854,0,0,-1,0,0,-0.004207573632538604,0.504906799452282,0.21544595824187704,0.21524847463041374,0.0006872852233676952,-0.03448275862068961,0.8611110634225468,0.035027472527472514,0.0
2007-05-03,14.51,14.56,0.025036078161325047,0.001364256691813968,0.014742281737203431,-0.3490600852215392,-0.0034399758724435315,14.529,14.881499999999999,14.876666666666665,3,3,5,14.579155691016942,14.835052938015625,37.45173745173747,-0.18083487023774758,-0.12695226556650246,15.701288804638098,14.0617111953619,0.013109696779776402,0.013545864949282978,0.01255383285031993,-166798733.0,-0.9063309913435581,0,0,-1,0,0,0.0,-0.2055210189928993,0.21609267601528157,0.21503393969441595,0.0,-0.03907284768211916,0.9000058375409223,0.022053756030323935,0.0
2007-05-04,14.68,14.51,0.00205831976615436,0.002042901629800331,0.012465535376561494,-0.16345223512818136,0.011647956290272987,14.5,14.861500000000001,14.866666666666667,4,4,5,14.597491019922952,14.82504952265978,38.403041825095094,-0.1626780132811554,-0.13409741510943307,15.680415200287916,14.042584799712087,0.011980738236206087,0.013884835771958563,0.012369576640512971,-158268533.0,-0.4432693395755499,0,0,-1,0,0,0.005513439007580984,-0.5042637124071879,0.17750678634866268,0.22041493468545537,0.02729181245626311,-0.02652519893899208,0.512839386257528,0.011580381471389642,0.0
2007-05-07,14.75,14.68,0.010906720251134655,0.008130126083250309,0.01231205703115475,-0.3154731945667647,0.004757059599459241,14.499,14.842500000000001,14.858333333333333,0,7,5,14.625219925391505,14.820207617972052,41.37931034482762,-0.14101462947435195,-0.13548085798241685,15.6527728585252,14.032227141474802,0.011321112946423625,0.013913757979210222,0.01240393565878552,-152046233.0,-0.22831814993374733,0,0,-1,0,0,0.004768392370572226,-0.9557214609288163,0.17729988485789627,0.22087406049198513,0.027874564459930307,-0.025115664243225422,0.464121531322496,0.007457627118644029,0.0
2007-05-08,14.69,14.75,-0.003395589001138272,-0.006770506567210602,-0.013689467717249756,0.04584479616291895,-0.004076092600042942,14.515,14.826500000000001,14.852,1,8,5,14.636998120774866,14.811807126489985,28.05429864253398,-0.12722121333541203,-0.1338289290530159,15.635483117382536,14.017516882617466,0.010078646683841003,0.013841715192150635,0.012342419260673091,-158560433.0,-0.33746068877592234,0,0,-1,0,0,-0.0033898305084746243,-0.953235414461549,0.16850356386832782,0.21973041670209123,0.03015427769985979,-0.02131912058627583,0.5991788538153741,0.014295439074200195,0.0
2007-05-09,14.54,14.69,-0.010256500167188997,-0.0006795786873839907,-0.009695366805162944,0.16511679249488193,-0.01026351808041262,14.514000000000001,14.7915,14.841333333333333,2,9,5,14.619362098815799,14.79427118284547,29.951690821256093,-0.12693040338797523,-0.13244922392000777,15.585590674922857,13.997409325077141,0.010695817580570584,0.013429694530185929,0.012472409381844943,-166244133.0,-0.633428921764966,0,0,-1,0,0,-0.009530292716133343,-0.73261031950856,0.13570305067584637,0.2131897914626183,-0.0013736263736264798,-0.04593175853018383,0.5067141691203397,0.023383768913342616,0.0
2007-05-10,14.32,14.54,-0.00620477688688287,-0.014378885186817498,-0.00628274317949518,-0.07533710177526641,-0.015246310572873638,14.495,14.747500000000002,14.829,3,10,5,14.564932626303834,14.763673042016732,32.80423280423284,-0.14280591806291199,-0.13452056274858862,15.54380396206439,13.951196037935615,0.01171523831838157,0.013735103063118018,0.012600048247986266,-173370233.0,-1.073710593858467,0,0,-1,0,0,-0.005502063273727531,-0.8373137704722133,0.17323255545205865,0.21803800162111064,-0.013094417643004785,-0.05789473684210522,0.28892096719039245,0.015363128491620156,0.0
2007-05-11,14.31,14.32,-0.009030974890538225,-0.0034542348680875576,-0.0007005254226932762,-0.3042226008029939,-0.0006985679641400224,14.497,14.705000000000002,14.818333333333333,4,11,5,14.518581239703137,14.734403813499526,36.686390532544436,-0.15441430228899833,-0.13849931065667057,15.499335206982593,13.91066479301741,0.01065220941638124,0.01374380351501581,0.0125845227638604,-178627133.0,-0.9945423456690838,0,0,-1,0,0,0.0006983240223463538,-1.187969226382225,0.12412536299425705,0.21817611701320325,-0.02520435967302448,-0.05606860158311344,-0.10362137470500529,0.012578616352201238,0.0
2007-05-14,14.35,14.31,-0.0020957045742188815,-0.006944472352811046,-0.004213489379735648,0.42817818372371563,0.00279134863727055,14.497,14.657999999999998,14.806666666666668,0,14,5,14.487930105211657,14.7096035674673,44.00000000000002,-0.15855859987594378,-0.14251116850052523,15.417046493270874,13.898953506729121,0.010602664777287605,0.013551637428399984,0.012560057224104623,-170560633.0,-0.8115444909646248,0,0,-1,0,0,-0.0006988120195667217,-0.7217926257307833,0.11470775914016383,0.2151255749595674,-0.027118644067796627,-0.061478090255068674,-0.37198801281202454,0.009756097560975526,0.0
2007-05-15,14.22,14.35,0.0013976242666379351,0.009708814126960903,0.0,-0.1418952520281419,-0.009100517830535178,14.492999999999999,14.609,14.789,1,15,5,14.43921554062772,14.678016240533927,39.75155279503107,-0.17036899143408135,-0.14808273308723646,15.346960204318187,13.871039795681813,0.010821721758737371,0.013604683552231699,0.012624696880060515,-177560033.0,-1.054257391452165,0,0,-1,0,0,-0.002090592334494729,-0.9379514690219873,0.11634599345928141,0.21596765606961535,-0.03199455411844787,-0.06447368421052624,0.27769727776416164,0.01969057665260192,0.0
2007-05-16,14.42,14.22,-0.0034977300437545387,-0.0027643417741499356,0.00351247287714062,0.06464209608038507,0.013966707481708102,14.479000000000003,14.547,14.767,2,16,5,14.435721805968132,14.661370031467222,47.45762711864407,-0.16172620429092355,-0.1508114273279739,15.097792730143013,13.996207269856988,0.009434944169682248,0.011877802073673593,0.01217416053904161,-170093233.0,-0.4611535085694583,0,0,-1,0,0,0.0035161744022502764,-0.7735909994498332,0.17823211410566245,0.18855426245392573,-0.008253094910591452,-0.0791826309067688,0.30788756151377206,0.013176144244105376,0.0
2007-05-17,14.36,14.42,0.011149941297034477,0.0075836282100988596,0.0028011222797117733,0.4506339919800597,-0.004169568236724892,14.463999999999999,14.496500000000001,14.742333333333335,3,17,5,14.421954204883017,14.641926803630627,52.17391304347827,-0.15789808098171498,-0.15222875805872213,14.89323801510698,14.099761984893021,0.009459183049801931,0.011380733094074518,0.012172710128681383,-181810933.0,-0.6881115234858178,0,0,-1,0,0,0.0006934812760055331,0.10209093564260445,0.13833816148120845,0.180663537027143,0.0027932960893854997,-0.06571242680546518,0.9135799474234122,0.01810584958217269,0.0
2007-05-18,14.51,14.36,-0.0020811662038245117,-0.0013745706631667098,0.004187026354216453,-0.4838162955206087,0.010391503276018418,14.447,14.473499999999998,14.723333333333333,4,18,5,14.437962531267923,14.63341539694478,54.70588235294118,-0.14113361877670272,-0.15000973020231825,14.802151150837501,14.144848849162495,0.00927621575712781,0.010435764424423859,0.012370048584463682,-174587833.0,0.22212001940044201,0,0,-1,0,0,0.0027855153203343265,-0.7650772014088523,0.1535902336755125,0.16566262444728383,0.013976240391334604,-0.030728122912491718,-0.06810347718867674,0.012405237767057183,0.0
2007-05-21,14.39,14.51,0.0027739268827252244,-0.002065405209276768,-0.0027894020875785254,-0.42287288138887136,-0.008304545996819922,14.410999999999998,14.455000000000002,14.698666666666666,0,21,5,14.429242071037391,14.617711177787053,53.757225433526045,-0.13596335786079194,-0.147200455734013,14.756260509752424,14.15373949024758,0.009272086030106198,0.010147624476925379,0.012404700009310881,-179320133.0,-0.43152021520124606,0,0,-1,0,0,-0.004824259131633376,-1.2347500447892887,0.17260233813822146,0.16108854458409871,0.0027874564459930973,-0.025067750677506773,0.5454873088407717,0.013203613620569805,0.0
2007-05-22,14.51,14.39,-0.002773926882725208,0.0041265533110170435,-0.002097169590723648,0.5847132015941253,0.00830454599682003,14.392999999999997,14.454000000000002,14.681999999999999,1,22,5,14.443925330848774,14.610762069542726,48.38709677419352,-0.12079049409065057,-0.1419184634053405,14.754343662807996,14.15365633719201,0.009841093169100323,0.00976830731468769,0.01247364915914642,-170828133.0,0.3729061534139826,0,0,-1,0,0,0.0006949270326615557,-0.23022632537556847,0.15448000983235433,0.15506707130830072,0.020393811533051975,-0.0013764624913971124,-0.5050177590875159,0.019297036526533504,0.0
2007-05-23,14.49,14.51,0.011736413625158596,0.005475715255962763,0.01113442261666523,-0.4042352946905976,-0.0013793105635054872,14.388,14.451000000000002,14.657,2,23,5,14.452302543421723,14.602970968281907,49.34210526315791,-0.10912183450902546,-0.1353591376260775,14.748491264797856,14.153508735202148,0.009324123098204821,0.009766948192348347,0.012084154216575134,-176496433.0,0.26219257245417676,0,0,-1,0,0,0.004135079255685768,-1.0886966911855531,0.12830657232432827,0.15504549591003344,0.004854368932038833,-0.004123711340206171,0.23228792381875765,0.013802622498274745,0.0
2007-05-24,14.47,14.49,-0.006196233249543145,-0.004103972928382051,-0.004856062265540389,-0.15087171406322297,-0.0013812156891985076,14.403,14.449000000000002,14.632666666666667,3,24,5,14.45552026279959,14.594392196134688,42.335766423357676,-0.10033161022701975,-0.12835363214626597,14.74535682617497,14.152643173825034,0.007781099426022391,0.00975264535711096,0.012082687920345628,-181370933.0,0.14172104804227248,0,0,-1,0,0,-0.0006901311249137189,-1.2411259664578689,0.12266142190403787,0.1548184454395459,0.0076601671309193264,-0.002756719503790417,0.016908686842281653,0.014512785072563861,0.0
2007-05-25,14.47,14.47,0.0,-0.006187713108165534,0.0013898542890542977,-0.2158362293942256,0.0,14.419,14.458000000000002,14.609666666666667,4,25,5,14.458152942290573,14.586366893158257,39.23076923076922,-0.09230130219722099,-0.12114316615645697,14.744804536408878,14.171195463591125,0.0077665885862547345,0.009086156951624342,0.012084258787678917,-181370933.0,0.08368068476358508,0,0,-1,0,0,0.0006910850034554102,-1.4185271079533095,0.09401363738726803,0.14423827000379247,-0.002756719503790417,0.012596221133660102,0.47381379088285897,0.006910850034554225,0.0
2007-05-29,14.25,14.47,-0.004845976946139644,-0.006226239415097988,-0.013986241974739952,0.9789659785570529,-0.015320633928733033,14.409,14.453,14.575,1,29,5,14.420306952783196,14.56466580327708,34.93150684931504,-0.10250774118017247,-0.11741608116120007,14.751000353230937,14.154999646769062,0.009278706602010476,0.009703834459978853,0.01218136912319235,-191826633.0,-1.3624144924599026,0,0,-1,0,0,-0.004146510020732584,0.9461669176668794,0.13422687739131825,0.15404359646905683,-0.00972897845726206,-0.006968641114982521,-0.8635603713072353,0.014736842105263218,0.0
2007-05-30,14.35,14.25,-0.011165503296771144,-0.0013888891121542938,0.0014074597678797698,-0.4924599653194891,0.006993035490970604,14.422,14.4575,14.546666666666669,2,30,5,14.407523870458979,14.550816396614044,43.26241134751772,-0.1013588515949646,-0.11420463524795299,14.745788963221342,14.169211036778657,0.009051773009347843,0.009728714247760199,0.012276856239518637,-185436933.0,-0.7457795040003898,0,0,-1,0,0,0.0,-0.4728985072231066,0.1280459414530369,0.15443855085590585,-0.011026878015162,0.006311360448807868,-1.1215742067550245,0.011846689895470379,0.0
2007-05-31,14.31,14.35,0.004201686853699977,0.0006946856826784135,0.003510007113650151,-0.149284895359003,-0.00279134863727053,14.410999999999998,14.444999999999999,14.501666666666667,3,31,5,14.389792257648255,14.535279854897011,49.593495934959364,-0.10249452099008671,-0.11186261239637973,14.736240540843863,14.153759459156134,0.007823723514686019,0.0084362493214878,0.010674735187369484,-190940533.0,-0.9270687357525019,0,0,-1,0,0,-0.002787456445992972,-0.8159608989372024,0.12787459002939816,0.13392130621676465,-0.012422360248447228,-0.01717032967032972,-0.951668259543728,0.00908455625436763,0.0
2007-06-01,14.26,14.31,0.004879758724541211,0.0,-0.004917466881529998,0.1891693172966714,-0.0035001785822096863,14.401000000000002,14.4325,14.464666666666666,4,1,6,14.366193665348572,14.517519864258494,48.03149606299209,-0.1062048657185688,-0.11073106306081755,14.73329718643609,14.131702813563908,0.007794092544434413,0.008437233939114353,0.010263428244901937,-197590233.0,-1.146952217497881,0,0,-1,0,0,0.004891684136967176,-0.171817206932066,0.12761916190929543,0.13393693653702277,-0.014512785072564038,-0.017229496898690577,-0.6960556257715576,0.014025245441795306,0.0
2007-06-04,14.27,14.26,-0.010485940191139673,-0.00347826437632492,0.0007039775017943326,0.12724068797500374,0.0007010165025950737,14.376999999999999,14.412,14.441333333333334,0,4,6,14.348703908012467,14.501550840757947,46.77419354838709,-0.10710379830392469,-0.11000561010943899,14.697258885187466,14.126741114812535,0.006794887537846495,0.007918403886528227,0.009256609634007054,-190038233.0,-0.9955868677442388,0,0,-1,0,0,-0.00210378681626924,0.3358244573011779,0.1287132805512587,0.12570076478592604,-0.013821700069108545,-0.027929155313351495,-0.7475798760886585,0.009810791871058079,0.0
2007-06-05,14.19,14.27,-0.0014064699927517131,-0.004889985294191792,-0.002113421005027858,-0.053679613960900735,-0.005621940316793769,14.357,14.384,14.422333333333334,1,5,6,14.319848652010199,14.4814507865155,48.739495798319275,-0.1129693004912653,-0.11059834818580426,14.63776325477329,14.13023674522671,0.006554271080040515,0.00783340747011835,0.008989087613904054,-197195533.0,-1.5289841720647814,0,0,-1,0,0,-0.004204625087596266,0.09931889362792169,0.07844210152252547,0.1243514885050127,-0.004210526315789553,-0.03796610169491532,1.2177201712891863,0.007047216349541906,0.0
2007-06-06,14.22,14.19,-0.001408450937058072,-0.0028050509276086096,-0.010634626989611852,0.11180860183918827,0.0021119332031435513,14.328,14.360499999999998,14.412,2,6,6,14.301694351644707,14.464582993837082,40.196078431372584,-0.11388421758401002,-0.11125552206544542,14.57963466179372,14.141365338206276,0.005778395365022266,0.007865443733920851,0.008589429737880332,-189191533.0,-1.2823165340429232,0,0,-1,0,0,0.0,0.5123091021785348,0.0501416950165193,0.12486004842675516,-0.009059233449477233,-0.03199455411844787,0.21660631643827746,0.014767932489451536,0.0
2007-06-07,14.13,14.22,-0.0021164029063775016,-0.0014054816087348096,0.004976903269753095,-0.07808310970003081,-0.00634922767865878,14.292000000000002,14.34,14.398,3,7,6,14.270477196800215,14.44299699423469,39.047619047619094,-0.12048269430813718,-0.11310095651398377,14.565061395131188,14.114938604868811,0.005929169288946486,0.007687523736483317,0.008640779072977767,-196594333.0,-1.866157453414783,0,0,-1,0,0,-0.004219409282700457,0.19828852127756763,0.05983791649026746,0.12203565602784539,-0.012578616352201255,-0.028198074277854035,0.3721397997751599,0.008492569002123211,0.0
2007-06-08,14.51,14.13,0.004931323836187323,0.02156605320709671,0.005657723719858855,0.3425211076295674,0.026537870199660328,14.296000000000001,14.349499999999997,14.398,4,8,6,14.314026797381993,14.447319768800194,50.0,-0.09396602855857239,-0.1092739709229015,14.586718531271053,14.112281468728941,0.011050280712555819,0.00930936160734641,0.01001264999602922,-186167533.0,1.3531826467352024,0,0,-1,0,0,0.007077140835102593,1.6044537641308088,0.21540704941019492,0.14778153406686678,0.017531556802244053,0.013268156424580901,1.8263595580172052,0.024121295658166758,0.0
2007-06-11,14.53,14.51,0.01603380462885758,0.004806051132099174,0.012614042516096664,-0.2907044996082205,0.0013774106860950765,14.302000000000001,14.360499999999998,14.405999999999999,0,11,6,14.353294652403449,14.452653977264697,55.93220338983047,-0.07052458355753366,-0.10152409344982795,14.610087027327092,14.110912972672905,0.011054295322523049,0.009304522591332989,0.009592816773454306,-178371033.0,1.358243670075562,0,0,-1,0,0,-0.0034458993797380384,0.24005097334453632,0.21489501646937256,0.14770471706909616,0.01822004204625083,0.015373864430468176,1.7915966150777516,0.016517549896765328,0.0
2007-06-12,14.47,14.53,-0.004852695831342162,-0.0006851661795965015,0.0006961364708554241,-0.112648098642746,-0.00413793693879894,14.324000000000002,14.366499999999998,14.41,1,12,6,14.374513806511912,14.453773075505685,48.214285714285744,-0.05614140489794295,-0.09244755573945096,14.620750187599116,14.112249812400881,0.009792472367044629,0.009355224107440052,0.009605563997695863,-185336933.0,0.8141586913060088,0,0,-1,0,0,-0.009635237439779683,-0.15560962681871482,0.21109238136351713,0.1485095786853755,0.019732205778717482,0.00836236933797907,1.836732763029348,0.015203870076019393,0.0
2007-06-13,14.35,14.47,0.004852695831342105,-0.008258821891301749,-0.015428076001686879,0.23887073347914362,-0.008327598437762427,14.324000000000002,14.373,14.413000000000002,2,13,6,14.370056750782473,14.447078038376286,44.26229508196719,-0.05380539421139652,-0.08471912343384008,14.617957568827267,14.128042431172732,0.010040878629057759,0.00931568510639177,0.00966034068054615,-194182333.0,-0.1877876246903666,0,0,-1,0,0,-0.0006910850034554102,0.7465664957783961,0.2290689726891314,0.14788191650220542,0.00914205344585084,0.00914205344585084,1.9090404851259803,0.02229965156794427,0.0
2007-06-14,14.65,14.35,-0.014629310015959155,0.01712957265733774,0.007042282625412951,0.021861177091487105,0.020690393257446246,14.358,14.3845,14.416,3,14,6,14.420955523367477,14.460169777835882,55.99999999999999,-0.027430395591320433,-0.07326137786533615,14.658609083164226,14.110390916835772,0.011918247905783396,0.009944509855344369,0.009650577286712475,-185141433.0,1.9371849844241165,0,0,-1,0,0,-0.006968641114982554,0.7913380001446545,0.24820112684227286,0.15786419992603265,0.03680113234253368,0.015950069348127593,0.4795214568867803,0.032081911262798676,0.0
2007-06-15,14.54,14.65,0.027683428748416866,-0.0013596195160397067,0.017805450226561093,-0.021793347524552774,-0.007536863357703073,14.386,14.3935,14.417000000000002,4,15,6,14.442599973664297,14.465320114749696,52.173913043478215,-0.01522855455745642,-0.06165481320376021,14.67591626611771,14.111083733882289,0.012203562576080518,0.010060575633946677,0.009732537466134117,-193987433.0,1.0374756526165414,0,0,-1,0,0,0.0,0.8647565479528377,0.19116327686080142,0.15970668704147337,0.002067539627842896,0.012534818941504211,1.7313224151658981,0.013342503438789483,0.0
2007-06-18,14.51,14.54,-0.006162292694536426,-0.006141268022082465,-0.0038679423827795802,0.3003808875855338,-0.002065405209276768,14.41,14.3935,14.411333333333335,0,18,6,14.454854523907152,14.468202687991651,59.154929577464785,-0.007888325205483326,-0.05090151560410484,14.67591626611771,14.111083733882289,0.012267715876638642,0.009806523344491606,0.00948821482956706,-205932833.0,0.8250233005448987,0,0,-1,0,0,0.0013755158184320048,2.1315421857262127,0.19169444944546762,0.1556737319740451,-0.0013764624913971124,0.0,1.9983359755298795,0.011026878015161968,0.0
2007-06-19,14.7,14.51,-0.008968669982760488,0.013596402517099355,-0.0020782827016380704,-0.30792680861442057,0.0130094268885941,14.461000000000002,14.408999999999997,14.409666666666668,1,19,6,14.499426428651304,14.483157353282515,61.589403973509924,0.01310915733757767,-0.03809938101576834,14.722882311165515,14.09511768883448,0.012448109698517118,0.010014465282766272,0.009760793736521002,-197153333.0,1.8541981478309644,0,0,-1,0,0,-0.005513439007580984,0.5276866086938987,0.2078681454086915,0.15897470790893817,0.015894955079474693,0.02154273801250861,0.6628476947573053,0.026530612244898,0.0
2007-06-20,14.88,14.7,0.01921816182756672,0.009408671556987951,0.019571440149155434,0.17779321844966475,0.012170535620255335,14.527000000000001,14.427499999999998,14.416,2,20,6,14.568621623441976,14.508760104683644,67.27272727272725,0.04376975867658395,-0.021725553077297885,14.803846704655044,14.051153295344953,0.012722400673275479,0.010199164659052847,0.009982120500384885,-186665533.0,2.4046975536281536,0,0,-1,0,0,0.0006802721088436438,1.2837664333913141,0.18616303355272462,0.16190671961071626,0.03693379790940776,0.02549965541006216,-0.333614820565412,0.016465053763440807,0.0
2007-06-21,14.88,14.88,0.009472330635362444,0.0,-0.003747236542882006,-0.27500508571913873,0.0,14.601999999999999,14.447,14.427333333333333,3,21,6,14.625235873725252,14.532711065671798,69.37500000000001,0.06729279666382304,-0.003921883129073701,14.873989461227614,14.020010538772384,0.012266481848574649,0.010184697870111333,0.009777120405316479,-186665533.0,2.02815310127377,0,0,-1,0,0,-0.002016129032258141,0.0076462367664520275,0.1446919345747814,0.16167706645586283,0.015699658703071773,0.0269151138716357,0.1917232874181708,0.020161290322580572,0.0
2007-06-22,15.05,14.88,-0.000673627509474165,0.009983443984183205,0.006124551298114147,0.24256163717131127,0.011359961789938974,14.656,14.475999999999999,14.451666666666666,4,22,6,14.702465714866115,14.566084545305875,72.15909090909092,0.09851691136420904,0.01656587576958285,14.98118990697035,13.970810093029648,0.01000024286174999,0.010402354771795403,0.009481150975592939,-176512533.0,2.2724127781661676,0,0,-1,0,0,-0.0026881720430108145,1.0089295071861428,0.11647880267512786,0.16513226265382014,0.03507565337001384,0.040082930200414646,-0.6239368268282829,0.023920265780730858,0.0
2007-06-25,15.0,15.05,0.01471598463251311,0.0033057881344996315,0.014815085785140682,-0.1049009869948459,-0.003327790092674691,14.703,14.502499999999998,14.474666666666668,0,25,6,14.75656285761773,14.594079090770013,73.41040462427745,0.11786894525922165,0.03682648966751061,15.05932842486379,13.945671575136206,0.010229625385385908,0.010462627064469193,0.00951609544614738,-185654433.0,1.786905904172181,0,0,-1,0,0,0.0006644518272425108,0.40578563351690405,0.12278204673909196,0.16608905563799542,0.03376981392143352,0.03662750518313751,-0.6858999272814754,0.012666666666666633,0.0
2007-06-26,14.64,15.0,-0.0033255767263769298,-0.007952328190495146,-0.022305757514298277,-0.045919612206169344,-0.024292692569044472,14.719999999999999,14.522,14.484333333333332,1,26,6,14.735369610778143,14.597041730075174,60.194174757281544,0.10296961061560772,0.05005511385713003,15.0688223997255,13.9751776002745,0.013290965672004575,0.011363415357313819,0.010597492210787091,-194386033.0,0.43158436837713793,0,0,-1,0,0,0.0006666666666666524,0.2170901921392199,0.23341884588237005,0.18038862647870724,-0.004081632653061162,0.02736842105263171,-1.1318905142642999,0.0273224043715846,0.0
2007-06-27,14.83,14.64,-0.02495913711220507,-0.010030174359937244,-0.00617074292665973,0.11214263246024207,0.012894647616675213,14.768,14.546000000000001,14.504666666666667,2,27,6,14.752575136091206,14.612071295876778,66.2037037037037,0.10527959503311024,0.06110001009232608,15.103075068171604,13.988924931828398,0.013296426335892762,0.011593994253064765,0.010659758613449607,-184618233.0,1.019611238148302,0,0,-1,0,0,0.0,0.7897712927071499,0.23603016403156188,0.1840489529731286,-0.0033602150537634934,0.0334494773519165,-1.0944048243301034,0.022926500337154525,0.0
2007-06-28,14.93,14.83,0.018945086242449203,0.010030174359937251,0.017047804617335065,0.3296909378652287,0.006720455401258357,14.796000000000001,14.577000000000002,14.521666666666667,3,28,6,14.784834202256441,14.632582825175051,61.170212765957444,0.11386685239687289,0.07165337855323545,15.14761739416685,14.006382605833153,0.011902932407471397,0.011595268931175426,0.010442730573059765,-171035733.0,1.237256359895615,0,0,-1,0,0,0.0060687795010114535,2.6624670076671237,0.2418635299085524,0.18406918786082338,0.0033602150537632713,0.04332634521313761,-1.4148190850232598,0.016075016744809125,0.0
2007-06-29,14.91,14.93,-0.0006704659989676872,-0.0019980026626729977,-0.0007440224902727825,-0.7904294859459654,-0.0013404827744519531,14.833000000000002,14.6095,14.54,4,29,6,14.807591620027996,14.650480707421824,60.106382978723424,0.1177016910448696,0.08086304105156228,15.178135485868514,14.040864514131487,0.01151114244399469,0.011549634067902785,0.01040531456085867,-177197433.0,1.056916099919533,0,0,-1,0,0,-0.001339584728734064,-1.5660713315583148,0.22263203419561076,0.18334475686482035,-0.009302325581395432,0.045582047685834626,-1.0757245990801574,0.014822266934942997,0.0
2007-07-02,14.94,14.91,-0.004705891037412728,-0.0006668889877037677,0.004118983506798844,0.14678566822902847,0.0020100509280241,14.876000000000001,14.642999999999997,14.554333333333334,0,2,7,14.831665870931996,14.669159371459127,62.70270270270266,0.12175802683979597,0.08904203820920903,15.206339665696294,14.0796603343037,0.011400252346867834,0.011543835821858101,0.010262818085627626,-170061533.0,1.0544260171451112,0,0,-1,0,0,-0.004694835680751193,-0.9938446425175775,0.22353529184662477,0.18325271256237274,-0.0040000000000000036,0.04695164681149255,-1.433735536954636,0.010040160642570305,0.0
2007-07-03,15.12,14.94,0.008721960692302667,0.010617219840871855,0.0073850620974610336,-0.4307042271578564,0.01197619104671562,14.918000000000001,14.689499999999999,14.578666666666667,1,3,7,14.884090258035268,14.698245863623054,70.15706806282721,0.13790748620232307,0.09881512780783185,15.24891604891969,14.130083951080307,0.01130152609548109,0.011577574639613133,0.01029864227742858,-165422833.0,1.5391049321211068,0,0,-1,0,0,0.0020080321285141324,-2.0774009663988613,0.09862904920340602,0.1837882996902276,0.032786885245901454,0.06553911205074003,-0.21570420741790086,0.013227513227513298,0.0
2007-07-05,15.38,15.12,0.0020020026706729687,0.017016117376646177,0.0033389012655146303,0.8406762302295222,0.01704959332611099,14.968,14.747499999999999,14.607666666666667,3,5,7,14.974255665665218,14.742230001453825,69.5187165775401,0.1697293419854713,0.11299797064335973,15.341429820415165,14.153570179584833,0.01185242501468232,0.01198422054207124,0.010617470723991029,-154670633.0,2.1298812696687768,0,0,-1,0,0,-0.007936507936507886,0.8957771465843302,0.11862974308362288,0.19024360326763312,0.03708698583951464,0.08157524613220812,0.2613913906894206,0.026657997399219775,0.0
2007-07-06,15.55,15.38,0.025017762975287943,0.010971391110577836,0.016529301951210506,-0.017819327205487984,0.010992674547745314,15.035,14.8185,14.643,4,6,7,15.078936453726088,14.794344194908419,76.16580310880833,0.20628801142257736,0.13165597879920327,15.44045870568583,14.196541294314171,0.012017070799355146,0.011825209515652075,0.010723253562675339,-144108333.0,2.3522461967740496,0,0,-1,0,0,0.0,0.7256367148481736,0.1212005339467944,0.1877193814778997,0.04152712659075686,0.10049539985845723,-0.27399056276576395,0.021221864951768494,0.0
2007-07-09,15.55,15.55,0.010349380862003292,0.0012828738128891231,0.004579661259024731,-0.16589454157209246,0.0,15.084999999999999,14.870500000000002,14.679,0,9,7,15.164584371230436,14.843096182333683,77.3684210526316,0.23257998307361305,0.1518407796540852,15.554650645152515,14.186349354847488,0.011824943722470161,0.010660271705233008,0.01070937541349072,-144108333.0,1.9864046166280285,0,0,-1,0,0,-0.0006430868167203578,-0.03222142592112869,0.11476440195269712,0.16922656704254996,0.04292421193829643,0.07167470709855284,-0.15928735292378415,0.01800643086816716,0.0
2007-07-10,15.34,15.55,-0.01230187090629516,-0.004497277094895645,0.0,-0.20894781903203433,-0.013596842686133056,15.119,14.910999999999998,14.708,1,10,7,15.19647812191581,14.875154493150866,66.66666666666666,0.23377648527230477,0.16822792077772913,15.606092572403105,14.21590742759689,0.012855581943130084,0.011316971412935492,0.011093196121138009,-151368833.0,1.2343679591247614,0,0,-1,0,0,-0.012861736334405212,-0.8498595022665475,0.1947204782132969,0.1796513517183274,0.02677376171352086,0.055746730901582886,-1.0663221653713817,0.013689700130378036,0.0
2007-07-11,15.55,15.34,-0.001303781149483381,0.0032144032820065594,-0.0013063359140554128,0.0020226070999540763,0.013596842686133094,15.210000000000003,14.965,14.751333333333333,2,11,7,15.260754827022026,14.918692912947586,67.17948717948717,0.24880193303170905,0.18434272322852513,15.683258126888619,14.24674187311138,0.009321268738463569,0.011445330995746704,0.010797714559852595,-144093633.0,1.6289408448022122,0,0,-1,0,0,-0.0006518904823989431,-0.8565978685626539,0.19858373648428052,0.18168899692539023,0.028439153439153486,0.07463718037318601,-1.0771914216910643,0.01800643086816716,0.0
2007-07-12,15.5,15.55,0.011673284304724587,0.0006416426270830401,0.007163820933634578,0.10087775380568832,-0.0032206147000422834,15.277000000000001,15.022499999999999,14.789666666666667,3,12,7,15.304253949381657,14.956196595983226,65.49999999999997,0.25375005383429894,0.1982241893496799,15.717197965419027,14.327802034580971,0.009397503939356188,0.011220150183247625,0.0108270521614578,-152141033.0,1.3746981386709047,0,0,-1,0,0,-0.0025723472668810884,-0.4510505200142079,0.1755963868010098,0.17811436234601408,0.007802340702210531,0.08013937282229966,-0.29457020321061755,0.011612903225806433,0.0
2007-07-13,15.5,15.5,-0.00517131081337795,0.0,-0.003249921612498337,-0.3689419244629545,0.0,15.334,15.065000000000001,14.829333333333333,4,13,7,15.339844140403173,14.991280686564954,62.29508196721308,0.2547350481516073,0.2095263611100654,15.767701553779165,14.362298446220837,0.009457864984546599,0.010505666478660976,0.010790862557860862,-152141033.0,1.2380789473441367,0,0,-1,0,0,-0.004516129032258083,-1.4898423194473736,0.15437709947335118,0.1667722851571476,-0.003215434083601365,0.058020477815699634,0.3435309908925455,0.014838709677419383,0.0
2007-07-16,15.63,15.5,0.0019423767842065226,0.005756331852576662,0.006489315439749868,0.12661562973425383,0.008352120508184447,15.406,15.119499999999999,14.875,0,16,7,15.392599751238958,15.032488384205925,66.49214659685865,0.26297417420475,0.22021592372900234,15.81982999740308,14.419170002596918,0.009371021802454797,0.010277453854423553,0.010772855620411255,-145825433.0,1.4578841457398806,0,0,-1,0,0,-0.0025806451612902675,-1.0505027413104964,0.16738613658753052,0.16314952205848168,0.005144694533762095,0.07496561210453923,-0.27587208716593214,0.0140754958413307,0.0
2007-07-17,15.59,15.63,0.010936101274109263,0.003819228066995397,-0.0019423767842064576,0.4135079200680304,-0.0025624613637001614,15.471,15.1735,14.919,1,17,7,15.428490705559145,15.06845687554748,79.8742138364779,0.2632415900674143,0.22882105699668476,15.841766413939414,14.505233586060587,0.009628282150177029,0.010292604297958993,0.010814448025399659,-155375333.0,1.2465088512970228,0,0,-1,0,0,0.0,0.4786039079718843,0.11812582799539863,0.16339002789356427,0.01629726205997395,0.07443142660234314,0.7744009707242827,0.019884541372674824,0.0
2007-07-18,15.72,15.59,-0.008352120508184313,0.001904157985689794,0.001295336968685058,0.33733499977448694,0.008304103931375418,15.531,15.2245,14.97,2,18,7,15.481492395457483,15.11049191583474,79.08496732026137,0.2708215701299892,0.23722115962334564,15.896291791052674,14.552708208947328,0.009364857171344092,0.01011626873204884,0.01073071333207675,-141993933.0,1.475159436597369,0,0,-1,0,0,-0.005772931366260415,1.945182029668738,0.09146106888189681,0.16059078756539966,0.010932475884244397,0.06938775510204098,0.4243936578067005,0.02035623409669213,0.0
2007-07-19,16.4,15.72,0.019169916107720123,0.04464473559656048,0.022400936689166713,0.288697892440239,0.04234754782909214,15.633,15.300500000000003,15.042666666666666,3,19,7,15.648493778101574,15.193685985780887,84.83412322274874,0.3279190294937724,0.255360733597431,16.132908679991843,14.468091320008162,0.015244578844052907,0.01338923098981451,0.012950388796592131,-124133933.0,2.6417312227228877,0,0,-1,0,0,0.005089058524173033,2.8046905786019565,0.2925069672677186,0.21254745267269032,0.05806451612903207,0.10215053763440851,1.8467021632432177,0.04207317073170718,0.0
2007-07-20,16.35,16.4,0.0181880209713706,-0.006082743815769084,0.0181880209713706,-0.3859754208865148,-0.0030534374868901202,15.713000000000003,15.373999999999999,15.116666666666667,4,20,7,15.776040363901288,15.268286889924056,83.64485981308414,0.3649279332176043,0.27727417352146566,16.303955290379438,14.44404470962056,0.015432264768804917,0.013465802142838101,0.0128663558210534,-136274933.0,2.0990256415483715,0,0,-1,0,0,-0.018902439024390167,0.8820611137211218,0.30073345272784613,0.2137629820437017,0.05483870967741944,0.09879032258064524,1.7649690770436035,0.018348623853211052,0.0
2007-07-23,16.42,16.35,0.01112496022665457,0.006688988150796489,0.009894947771454683,-0.4712200841718094,0.0042722066810198574,15.8,15.4425,15.180333333333333,0,23,7,15.893123934101054,15.342590961541859,83.9449541284404,0.39534883575658775,0.30088910596849006,16.46880404851557,14.416195951484433,0.015333063736383415,0.013375463867756324,0.012180955490067539,-128696033.0,1.904893586679002,0,0,-1,0,0,-0.0048929663608563816,-0.5154203749391856,0.3042650920915458,0.21232890638528013,0.05054382597568785,0.09102990033222591,1.9025435529482955,0.01522533495736906,0.0
2007-07-24,16.29,16.42,0.009177182793335901,0.0042334505319365345,0.0006151953439181098,-0.0010693282074018102,-0.0079486814103286,15.895,15.507000000000001,15.239,1,24,7,15.965283218809951,15.403714125313353,77.46478873239431,0.40430710599930464,0.321572705974653,16.577407694095292,14.436592305904712,0.01464749331345214,0.013554254254625222,0.012371977057043834,-136266833.0,1.4629939682221567,0,0,-1,0,0,0.0,-0.4900065469441212,0.3202175129619363,0.21516711578806494,0.04490057729313657,0.08599999999999985,1.70529990857531,0.01903007980356039,0.0
2007-07-25,16.29,16.29,-0.0079486814103286,-0.012754500263870617,-0.007407441277861805,0.22214976766579508,0.0,15.969,15.589499999999997,15.299666666666667,2,25,7,16.024322633571778,15.460893859164106,74.33155080213896,0.40671820540884873,0.33860180586149213,16.632541604862016,14.54645839513798,0.01450054048254929,0.011883823043255248,0.012302434907418211,-136266833.0,1.3431870727585598,0,0,-1,0,0,0.0,0.08635305583398235,0.32668010656983276,0.18864984238291302,0.03625954198473269,0.11270491803278682,1.9777619837422402,0.013505217925107359,0.0
2007-07-26,15.65,16.29,-0.019213482275825103,-0.01850762265598544,-0.05279445317221039,0.45637472108199456,-0.04008050562779143,15.984,15.630500000000001,15.342999999999998,3,26,7,15.956263972922363,15.473094255347068,52.13675213675213,0.35291814704984503,0.3414650740991627,16.610392045611192,14.650607954388812,0.02010618400613498,0.01536976035772617,0.014481465110601128,-151188633.0,0.03980030267076249,0,0,-1,0,0,-0.01903007980356039,1.5894734810200912,0.276229186345127,0.24398738170321552,-0.0457317073170731,0.055293324342548855,-1.8817133475126164,0.04792332268370596,0.0
2007-07-27,15.66,15.65,-0.02342620581078802,-0.015056746179107747,0.010396454915382429,-0.42759905729302405,0.0006387735764947612,16.0,15.666999999999998,15.376666666666667,4,27,7,15.902397796027387,15.485152690485966,52.34042553191488,0.3075429657480626,0.33468065242894274,16.5897441910436,14.744255808956396,0.020103155596622395,0.015348069671839916,0.014084450593518774,-141458533.0,-0.015172135610154437,0,0,-1,0,0,-0.0025559105431310495,0.1471835003254694,0.28256616479752616,0.24364305273948683,-0.04220183486238538,0.04889484259879451,-1.9121547486055372,0.022349936143039567,0.0
2007-07-30,16.0,15.66,0.008928630744301398,0.017544309650909525,0.00772701848471037,0.07224823923254392,0.02147903167712423,16.037,15.7215,15.425333333333333,0,30,7,15.920143651295135,15.518368645938487,63.306451612903224,0.2956103540073727,0.3268665927446287,16.5826931747349,14.8603068252651,0.021050996243048743,0.015900018269583333,0.014388340335903218,-130999433.0,0.6467770720215693,0,0,-1,0,0,0.0057471264367816004,0.3090634497334713,0.3509003680293207,0.2524049650962063,-0.025578562728380105,0.0731052984574112,-0.8156639652753299,0.0318750000000001,0.0
2007-07-31,15.66,16.0,0.013871596955278991,-0.0018650922409961304,0.004480007492971886,0.09916107469657127,-0.021479031677124186,16.044,15.757500000000002,15.463666666666665,1,31,7,15.87284480560511,15.527506152652133,52.107279693486575,0.2557701555893672,0.31264730531357643,16.53751012139147,14.977489878608532,0.022344229456251044,0.016848955331687666,0.015046099719954015,-142548833.0,-0.24999675600637206,0,0,-1,0,0,-0.00187499999999996,0.5802591200105206,0.3701889502536977,0.2674688739532882,-0.03867403314917117,0.048192771084337505,-0.26074100910461423,0.026181353767560672,0.0
2007-08-01,15.77,15.66,-0.02472392178431891,-0.016311528528040565,-0.007049051937413887,-0.6505002638294226,0.006999710412289958,16.049,15.790000000000001,15.499333333333334,2,1,8,15.854145750040544,15.543150916997158,55.05617977528089,0.23041649408706277,0.2962011430682737,16.510029239172,15.069970760828001,0.022297939068964982,0.016736040933207866,0.014941322794208673,-136522533.0,-0.05555329953822549,0,0,-1,0,0,-0.005108556832694768,-1.1910239753782428,0.3824738525815041,0.2656764134463922,-0.031921424186617586,0.04298941798941791,-0.44774527999580394,0.016487000634115397,0.0
2007-08-02,15.9,15.77,-0.0019274018173590136,0.013819315400080936,0.0,0.3953862213481012,0.008209708251238904,15.998999999999999,15.816000000000003,15.533333333333333,3,2,8,15.862482886396808,15.566173438481213,57.14285714285715,0.2182970556554924,0.2806203255857175,16.510804781366666,15.12119521863334,0.01695370819082791,0.016431934511685856,0.014868578143998955,-127573733.0,0.24179453640135276,0,0,-1,0,0,-0.013950538998097582,-0.22707938685790854,0.24936962569108886,0.26084887366572207,0.015974440894568787,0.033810143042912744,-0.894680215467436,0.030188679245283043,0.0
2007-08-03,15.6,15.9,0.0032102756302481894,-0.005630293259392682,0.0032102756302481894,0.2269624613215724,-0.019048194970694474,15.923999999999998,15.8185,15.557333333333334,4,3,8,15.814758725233752,15.568355797288877,49.49494949494947,0.18238242946944183,0.26097274636246237,16.509624941099638,15.127375058900363,0.017685115219827782,0.016899802645656076,0.015360967630177155,-138802533.0,-0.6323024593855601,0,0,-1,0,0,-0.01886792452830193,0.4909005620334944,0.2963764364122134,0.2682760500388644,-0.003831417624521105,0.003215434083601254,-0.16291365246515369,0.021794871794871787,0.0
2007-08-06,15.76,15.6,0.006389798098770988,-0.011356588932335949,-0.01876470458589891,-0.002710995453620794,0.010204170174241668,15.858,15.828999999999999,15.581,0,6,8,15.804802593373068,15.580719939399273,52.75080906148868,0.16492929009895008,0.24176405510975993,16.509244538073183,15.148755461926816,0.018112136275980444,0.017045334283831374,0.015336899911092152,-127604133.0,-0.20286822205274596,0,0,-1,0,0,0.0064102564102563875,0.44354318352362554,0.24941867109004265,0.27058629317388644,-0.015000000000000013,0.013504823151125445,-0.596876210696085,0.02855329949238574,0.0
2007-08-07,15.95,15.76,0.0038143720754706925,0.016362857210480062,0.011688444759184865,-0.11567892316480498,0.011983744801120588,15.824000000000002,15.859500000000002,15.612666666666666,1,7,8,15.831202121850692,15.604544459438031,53.65079365079363,0.1645323371437346,0.2263177115165549,16.50102696132331,15.217973038676696,0.018716587378112187,0.016873009939720914,0.015421685017641889,-117629033.0,0.2821393501944755,0,0,-1,0,0,0.0,0.011744080052395793,0.20295216775647365,0.2678507290177349,0.01851851851851838,0.03976531942633632,-2.1098751838398324,0.03322884012539181,0.0
2007-08-08,16.6,15.95,0.011356588932335975,0.03857227478623965,0.021080307910730536,-0.05080219185251117,0.03994386613164407,15.854999999999999,15.912,15.678,2,8,8,15.970983554241474,15.668767397538804,53.205128205128254,0.21419817357889315,0.22389380392902253,16.61572243331966,15.208277566680339,0.023108941897346233,0.018824737665728786,0.01614775459003711,-108148033.0,1.9553163788015286,0,0,-1,0,0,-0.0006269592476488895,-0.18768338548833932,0.3353666636809599,0.2988334461572935,0.052631578947368585,0.067524115755627,0.10669108075760532,0.04999999999999989,0.0
2007-08-09,16.6,16.6,0.02600765781253195,0.018447413937304355,0.026202372394023902,-0.33322048889152994,0.0,15.95,15.967000000000002,15.737,3,9,8,16.085350180743024,15.728846920278237,54.07166123778501,0.25066914886479985,0.229248872916178,16.706191592569727,15.227808407430278,0.018077396533706405,0.018778579516795,0.01608158076173875,-108148033.0,1.7126818171712102,0,0,-1,0,0,-0.014457831325301323,-1.035412211142011,0.3438416810959945,0.29810070825894625,0.04402515723270439,0.07096774193548394,0.43365987754404484,0.04337349397590376,0.0
2007-08-10,16.19,16.6,-0.0036742233618842243,-0.01844741393730431,-0.01426380772490843,-0.4294546106630161,-0.02500892767295383,16.003,16.0015,15.779,4,10,8,16.10437742060793,15.75859873187319,46.62756598240469,0.2436800936174084,0.2321351170564241,16.71280051388431,15.290199486115691,0.020530377647009414,0.019811566774093535,0.016893298116707485,-112570133.0,0.5300150817286211,0,0,-1,0,0,-0.018072289156626547,-1.7326937190302698,0.3745622672802984,0.31449887260080994,0.03782051282051291,0.04451612903225821,0.06096360677882027,0.03953057442865948,0.0
2007-08-13,15.95,16.19,-0.00862605471976739,-0.01573882367071443,-0.016373161736981362,0.5090103592054493,-0.014934938458690298,15.998,16.017500000000002,15.813666666666668,0,13,8,16.076308798679214,15.7709472007846,45.170454545454554,0.21628205781255794,0.22896450520765088,16.70769829339834,15.327301706601665,0.020181832412342605,0.02011776147077624,0.01718525681031412,-119926933.0,-0.19559596320544928,0,0,-1,0,0,-0.001852995676343492,-0.8400909487369164,0.4047670527146839,0.31935956272194566,0.012055837563451854,0.020473448496481028,0.7611704013523767,0.04012539184952982,0.0
2007-08-14,15.77,15.95,-0.01057552624708641,-0.022833451115525195,-0.007648220838256733,0.019931084959562324,-0.011349428255906555,16.009,16.0265,15.841333333333333,1,14,8,16.020616289828446,15.770886091056562,42.97297297297298,0.17799263309009383,0.21877013078413948,16.69765846430629,15.355341535693709,0.019247596663134043,0.02029752112493735,0.017365938061243452,-127431833.0,-0.7643500414320711,0,0,-1,0,0,0.002507836990595669,-0.7484676110573945,0.4045406203977922,0.32221315876598533,-0.011285266457680243,0.011545862732520895,1.6020409661746082,0.02473050095117304,0.0
2007-08-15,15.19,15.77,-0.00942514045958311,-0.0018744147943503039,-0.03119161247800717,0.027843629786282766,-0.03747208436726558,15.951000000000002,16.0,15.843666666666667,2,15,8,15.869595146223274,15.733409569052915,43.68131868131867,0.09969758371391713,0.19495562137009503,16.758308366660174,15.241691633339826,0.022414100668293423,0.021859055628320172,0.01862894012421598,-135148633.0,-2.136334070972982,0,0,-1,0,0,0.00443880786303109,-0.6071602340409288,0.22103837898467946,0.3470017505235715,-0.0849397590361447,-0.03371501272264643,-0.290073918281169,0.0552995391705069,0.0
2007-08-16,15.17,15.19,-0.041901069778598365,-0.034354523502108464,-0.032877835496872704,0.40332895574153527,-0.0013175232472406023,15.878,15.9385,15.836666666666668,3,16,8,15.742396028728132,15.697060564597889,43.28767123287672,0.035623712166042765,0.16308923952928459,16.757312362028063,15.119687637971934,0.022057914962984666,0.019163043480490444,0.0183553122867114,-146699133.0,-1.8771089339602793,0,0,-1,0,0,0.0,0.9205953087345767,0.2145675519511066,0.3042038844749721,-0.08614457831325306,-0.07499999999999996,-0.4092197196247559,0.052076466710612994,0.0
2007-08-17,15.04,15.17,-0.007267954027871442,0.005808341595746955,0.014895332946440333,-0.0015335765223333973,-0.008606474838747146,15.822000000000003,15.873000000000001,15.819666666666667,4,17,8,15.614687659868471,15.654669560430284,36.04651162790699,-0.025352953145436175,0.12540080099434042,16.75996051060229,14.986039489397712,0.021545504028857784,0.019192672887888267,0.01828645294602649,-158231933.0,-1.8783248860411028,0,0,-1,0,0,-0.005932762030322997,0.9385433909654411,0.2123472062340579,0.30467423673578525,-0.07103150092649801,-0.08012232415902154,-1.4635030827235638,0.04388297872340415,0.0
2007-08-20,15.1,15.04,-0.0046527169344394844,-0.01883784188608075,0.005361943141385373,-1.0335742304858728,0.003981425299184822,15.756,15.806999999999999,15.804666666666666,0,20,8,15.521108085346931,15.6188844274993,41.13924050632912,-0.06805144644479633,0.08671035150651307,16.718680922945417,14.895319077054578,0.021191047466614894,0.019186158691539838,0.018308088922500774,-154129333.0,-1.5509812308364508,0,0,-1,0,0,-0.0019946808510637876,-1.862433123133304,0.2495836238455404,0.3045708270746089,-0.053291536050156685,-0.08038976857490876,-1.4427900344161673,0.019205298013244977,0.0
2007-08-21,15.28,15.1,0.006640130639277557,0.015615151375356571,0.009976803738317,0.17779794265416274,0.011850039917495805,15.689000000000002,15.756499999999999,15.802666666666665,1,21,8,15.47727025164749,15.597020916047732,42.41486068111456,-0.08637019251757394,0.05209424270169567,16.667422609226193,14.845577390773807,0.02117964871303499,0.019483803009363462,0.01828895756692374,-149228433.0,-1.046192058850697,0,0,-1,0,0,0.000662251655629125,-1.4370118805660606,0.29663281774667544,0.3092957841392856,-0.03107165504121756,-0.06200122774708405,-1.3849502642243645,0.02486910994764403,0.0
2007-08-22,15.49,15.28,0.016409951434877855,0.0038659841964659757,0.011188007453726117,-0.12398989743644417,0.013649870690402946,15.578,15.716500000000002,15.800666666666666,2,22,8,15.479584751347945,15.590116340818849,43.80664652567977,-0.08298607399889413,0.025078179361577718,16.59858544758519,14.834414552414813,0.015888247954503304,0.019834904720434,0.018290344502192395,-144899033.0,-0.5135556892363924,0,0,-1,0,0,0.005235602094240842,-1.4565510059057234,0.14719685665915147,0.314869351013577,0.01974983541803832,-0.049109883364026996,-0.3482038812752048,0.017430600387346763,0.0
2007-08-23,15.28,15.49,0.015504186535965254,0.0032102756302481894,-0.00854425178299623,-0.058498989563655776,-0.01364987069040284,15.445999999999998,15.697999999999999,15.793333333333333,3,23,8,15.443296614739225,15.57010883495957,45.031055900621126,-0.09614112559823162,0.0008343183696158489,16.60122463254805,14.794775367451948,0.015823527790002147,0.01806706227110645,0.018450429799976933,-148982433.0,-0.9255726315186865,0,0,-1,0,0,0.007101355713363423,-1.4627746803320363,0.1932520749741139,0.28680572214519295,0.007251153592616966,-0.023642172523961724,-0.3376298691294641,0.029450261780104667,0.0
2007-08-24,15.52,15.28,-0.016807118316381174,-0.005141399500418652,0.008544251782996145,-0.4571657827882685,0.01558473101669833,15.379,15.691000000000003,15.794,4,24,8,15.457242684786639,15.566876006897663,46.363636363636374,-0.08620686544844425,-0.016573918393996172,16.597628224158925,14.784371775841079,0.016277057033952224,0.018450871597279157,0.01868100148122659,-146397333.0,-0.3772218764943905,0,0,-1,0,0,0.003926701570680661,-1.7275432677107798,0.19034683958180024,0.2928985063127145,0.03191489361702127,-0.008939974457215838,-1.5768437231096983,0.01546391752577321,0.0
2007-08-27,15.23,15.52,0.009085072222471057,-0.0019348603262954217,-0.005907467130692916,0.3901982311037079,-0.01886234784800218,15.306999999999999,15.6525,15.780666666666667,0,27,8,15.415925833007249,15.545142070968783,39.41176470588239,-0.10057510190717522,-0.03337415509663198,16.569218977773442,14.735781022226558,0.016602375064968602,0.018124170505957802,0.018924754990570933,-150216233.0,-0.9217655797334566,0,0,-1,0,0,-0.0025773195876288113,-1.1857324999515306,0.2625260676748594,0.28771228726857623,0.008609271523178919,-0.04812499999999997,-0.6331691428706674,0.01969796454366387,0.0
2007-08-28,15.0,15.23,-0.014313842305270098,-0.011688444759184837,-0.013254004493175094,0.1272896116644133,-0.015216965804860358,15.229999999999999,15.619499999999999,15.761000000000001,1,28,8,15.340302954278656,15.50997161477725,23.15436241610739,-0.12903369056393466,-0.05250606219009252,16.581482054761764,14.657517945238233,0.016818569723697,0.017835808355275984,0.019105138623541486,-154553533.0,-1.2879658137768835,0,0,-1,0,0,0.00196979645436634,-0.9243929809625823,0.26711608480195936,0.2831346800392093,-0.018324607329842868,-0.04214559386973182,0.5596963087905819,0.021333333333333353,0.0
2007-08-29,15.29,15.0,-0.011865663276500925,0.000652954642852817,0.001333333530864117,-0.3997177016025667,0.01914881883876074,15.239999999999998,15.595500000000001,15.746666666666666,2,29,8,15.331156962591626,15.495779897694847,29.96941896024464,-0.1267259330663677,-0.06735003636534756,16.565588981268426,14.625411018731578,0.014134234667197628,0.01836801332494674,0.019395861417466357,-151645333.0,-0.6298391300157861,0,0,-1,0,0,0.005333333333333338,-1.2918386089178466,0.2917642177931237,0.29158317201677825,-0.01291155584247905,-0.030437539632213073,0.5832807223354113,0.020274689339437574,0.0
2007-08-30,15.1,15.29,0.00529101763441568,0.0019563097207609013,-0.004674465940699387,0.3818521911886253,-0.012504276120092242,15.233,15.555499999999999,15.703333333333335,3,30,8,15.289128423938603,15.470245710746793,32.131147540983605,-0.13863038593218668,-0.0816061062787154,16.538609460093724,14.572390539906271,0.014738125274932866,0.018379294250478538,0.01762344498882513,-155905833.0,-0.9266516466163858,0,0,-1,0,0,-0.008502289077828582,-0.7790120544214921,0.2891537909733087,0.2917622511578729,-0.011780104712041828,-0.05031446540880502,0.5631023264314995,0.027152317880794714,0.0
2007-08-31,15.11,15.1,0.0,-0.009162367762004632,0.002673798384402205,-0.31017626618925587,0.000662032463769582,15.24,15.531,15.662,4,31,8,15.256559619586127,15.447004051988936,35.1063829787234,-0.145579682212448,-0.09440082146546191,16.533668019782322,14.52833198021768,0.014453463575733558,0.017973628109764224,0.017633197563160542,-152781533.0,-0.8397595050281947,0,0,-1,0,0,0.003973509933774867,-1.0429795287095343,0.24699628856835149,0.2853225008159765,-0.026417525773195893,-0.03141025641025641,1.249273172563114,0.015221707478491095,0.0
2007-09-04,15.3,15.11,-0.0033036039295774164,0.012414403148381978,0.0033322256758095206,0.09419512691302405,0.012496052113741643,15.26,15.508000000000001,15.624666666666664,1,4,9,15.264457870570467,15.437519919602552,41.696113074204966,-0.1342085646860145,-0.10236237010957244,16.509653370025617,14.506346629974384,0.014927103285229839,0.018060294521399043,0.01780691819217589,-149348633.0,-0.4153133333833452,0,0,-1,0,0,0.0,-0.861340314134081,0.23940114859136297,0.286698287449225,0.004596191726854881,-0.029187817258883197,0.13299086421957038,0.024183006535947776,0.0
2007-09-05,15.09,15.3,0.00725357614889158,-0.0019499518690790653,0.0026578088735210396,0.09639798655197834,-0.013820555618632312,15.241,15.464999999999998,15.584666666666667,2,5,9,15.232738257739474,15.415099279628194,47.96747967479676,-0.14052226389253164,-0.10999434886616428,16.460579704176357,14.469420295823637,0.01512380174829238,0.017974818657390743,0.01790255988688903,-153128933.0,-0.7533299411928741,0,0,-1,0,0,-0.0052287581699346445,-0.662889039901842,0.23369785988252498,0.28534140017363896,0.006000000000000005,-0.05391849529780557,0.17779482359173276,0.01988071570576534,0.0
2007-09-06,15.15,15.09,-0.004609820478161695,-0.009150390643433945,-0.007994712801708699,-0.20841901255131323,0.00396825917562067,15.206999999999999,15.392500000000002,15.546666666666665,3,6,9,15.217694938150476,15.397996100297343,49.600000000000016,-0.1390811762179478,-0.11581171433652099,16.2402803836766,14.544719616323405,0.014350893963583326,0.014927770373581194,0.01793556767830445,-150059833.0,-0.5720821209576558,0,0,-1,0,0,0.003976143141153115,-0.8369230700459719,0.17769327163692275,0.2369710082230416,-0.009156311314584609,-0.08734939759036153,0.07827592690092788,0.018481848184818555,0.0
2007-09-07,14.82,15.15,-0.009950330853168092,-0.012553848385376746,-0.012113203293406948,0.35021575868868354,-0.02202291208743734,15.161000000000001,15.3035,15.519,4,7,9,15.145386767577662,15.36070602931042,45.92592592592595,-0.1626919345786817,-0.12518775838495314,15.972396184218919,14.63460381578108,0.015284306108525304,0.015373712711303526,0.01694684526920415,-154416033.0,-1.4456652957725853,0,0,-1,0,0,-0.009900990099009924,-0.30569146107820583,0.2202895380070027,0.24405012337117,-0.018543046357615833,-0.10722891566265069,-0.3381963232214709,0.018218623481781347,0.0
2007-09-10,14.66,14.82,-0.0013342230131366103,-0.0019966728763231513,-0.008840588010122895,0.07378981992667862,-0.010854923409435386,15.075,15.226999999999999,15.485666666666667,0,10,9,15.057134628018087,15.315499188709747,42.14285714285716,-0.19209988560685076,-0.13857018382933267,15.813949293963017,14.64005070603698,0.013928001830516403,0.014764175936880612,0.017021418167672595,-159105833.0,-1.9320237909195699,0,0,-1,0,0,0.010796221322537122,-0.18393563074319305,0.22114700613422034,0.23437402705074098,-0.02978160158835208,-0.0945027794935146,0.42904773154491377,0.025238744884038145,0.0
2007-09-11,14.89,14.66,-0.018868484304382916,-0.006684516868723478,-0.0013670542115331123,-0.5124901923229408,0.01556715023741227,15.041,15.174000000000001,15.448666666666666,1,11,9,15.026746513832979,15.28804762814783,43.15789473684213,-0.19460355224593684,-0.14977685751265352,15.670531124799055,14.677468875200947,0.014566069944049702,0.01524756801699788,0.016765012701304226,-156296633.0,-1.143936344836127,0,0,-1,0,0,0.002728512960436504,-0.8152123138374939,0.2380433287095244,0.24204763842911198,-0.02679738562091505,-0.06645768025078358,0.6027542417554773,0.019476158495634714,0.0
2007-09-12,14.47,14.89,0.007455134495016959,-0.00335908948703404,-0.011696039763191298,0.7873823908585279,-0.028612306052525127,14.988,15.109,15.409,2,12,9,14.925519874954254,15.235270361815711,33.33333333333336,-0.22785168363273378,-0.16539182273666958,15.617243621648957,14.600756378351043,0.01634120948143457,0.016155202731775998,0.0170818903066149,-162470233.0,-2.514542132085452,0,0,-1,0,0,-0.005372733378106116,0.5045957130425739,0.28732721872480743,0.2564558928486636,-0.04108681245858181,-0.08243500317057695,0.35143827716021514,0.028334485141672434,0.0
2007-09-13,14.41,14.47,-0.020464561383610996,-0.018336676754918856,-0.009037253025941525,0.04024128946580172,-0.0041551306319618534,14.9,15.070000000000002,15.363666666666665,3,13,9,14.831788988598934,15.182027112666312,35.051546391752595,-0.2560905138231533,-0.18353156095396633,15.664465704379733,14.475534295620271,0.014254207797908456,0.01422024596216972,0.016988845629838045,-168897333.0,-2.2204813335317595,0,0,-1,0,0,0.002764340013821641,0.6433710553623948,0.270916731190756,0.22573940638842893,-0.048844884488448814,-0.051349572086899276,0.750456855655109,0.018736988202637028,0.0
2007-09-14,14.26,14.41,-0.009695366805162944,-0.009641947976253144,-0.007711219423490244,0.3192610647488059,-0.010463995025280901,14.815999999999999,15.0245,15.309,4,14,9,14.727827354308218,15.122541492494292,27.659574468085125,-0.2872623549829054,-0.20427771975975417,15.717820765742674,14.331179234257325,0.01416429763266356,0.014324185751766786,0.01690952839959286,-177741733.0,-2.2053284360553653,0,0,-1,0,0,-0.002775850104094443,1.914245841107523,0.250627441463019,0.2273893993960182,-0.037786774628879916,-0.05998681608437706,0.40121663459184476,0.01683029453015417,0.0
2007-09-17,14.61,14.26,-0.004883162825071886,0.03868823177754746,0.004213489379735616,0.22017229241349326,0.024247810776458167,14.766,15.003,15.276,0,17,9,14.70640419897945,15.089474299430146,39.2361111111111,-0.2804908646666675,-0.21952034874113685,15.720542589969776,14.285457410030224,0.017058248700035947,0.015510058962579431,0.01739809890201908,-166719033.0,-1.0954053612805172,0,0,-1,0,0,0.0028050490883591113,3.043127061877873,0.33378548820929305,0.24621455300960182,-0.0034106412005457942,-0.02859042553191493,-0.1034917786924393,0.051334702258726904,0.0
2007-09-18,15.07,14.61,0.025545054889028623,0.003986716243821383,0.018744040616628228,-0.5856044649086674,0.030999786875796034,14.743,15.001500000000002,15.252999999999998,1,18,9,14.772512526437731,15.0882178930153,51.12540192926046,-0.23529393220047723,-0.22267506543300494,15.7183138567736,14.284686143226404,0.019828146178373467,0.017139815774539373,0.018322503503341053,-160581933.0,0.19112353745034763,0,0,-1,0,0,0.004106776180698186,0.6538895997969475,0.39524937090977713,0.2720861403413586,0.012088650100738674,-0.001986754966887383,0.06815166129076632,0.03583278035832786,0.0
2007-09-19,15.13,15.07,0.028227680624867163,0.011210140473610516,0.033144731659509936,0.1686333879815168,0.003973515161860535,14.747,14.994,15.225666666666665,2,19,9,14.837510248903598,15.090913512820766,47.22222222222225,-0.19241549300673455,-0.21662315094775086,15.70162464031323,14.286375359686769,0.019384597012905822,0.016940960944986858,0.018177837308696664,-153317533.0,0.38438457976760204,0,0,-1,0,0,0.0013271400132713717,1.0932105286685017,0.28858345441456323,0.26892941778535806,0.04561161022805815,-0.00981675392670145,0.35042790183221567,0.014540647719762104,0.0
2007-09-20,15.11,15.13,0.007263155072473156,0.01043714627860371,0.003984069014874513,-0.021202207650602937,-0.0013227515156163984,14.742999999999999,14.975,15.175999999999998,3,20,9,14.887053840012033,15.092144899090394,50.184501845018445,-0.1582239467095654,-0.2049433101001138,15.646008667290095,14.303991332709904,0.019349382143381503,0.016612748685056484,0.01632647698461197,-160429533.0,0.40237930322183296,0,0,-1,0,0,0.004626569729015103,0.9378778034925614,0.2810182453814064,0.26371920968324847,0.04857737682165153,-0.02453195610071024,0.309290957057006,0.021178027796161503,0.0
2007-09-21,15.34,15.11,0.0032840752011900187,-0.000649139912440876,0.0013245035048906884,0.3392704231372116,0.015107019654461915,14.794999999999998,14.978,15.134000000000002,4,21,9,14.96940768728257,15.108135550761983,53.92491467576791,-0.11128499793873914,-0.18621164766783888,15.655257628038493,14.300742371961507,0.01824836180008291,0.01672389798828642,0.016656153000030132,-150444833.0,1.069017121441489,0,0,-1,0,0,0.009265387160820687,1.8818535683025643,0.21744028179221261,0.2654836501717156,0.07573632538569419,0.003926701570680757,0.024984632045468236,0.018904823989569813,0.0
2007-09-24,14.99,15.34,0.0026195168875501823,-0.004555816535860691,-0.010645476447952783,-0.5954153166434316,-0.023080483824603783,14.828,14.9515,15.094,0,24,9,14.973151744140285,15.100513902325726,44.983818770226534,-0.10116149109050099,-0.1692016163523713,15.579119562943156,14.323880437056843,0.01964472464882897,0.017074260906136108,0.016572945340326068,-155949733.0,0.12268578697406812,0,0,-1,0,0,-0.0032594524119948314,0.021658724774956263,0.31948956819808483,0.271045489067211,0.02600958247775509,-0.034149484536082464,-0.18588496581155253,0.025350233488992714,0.0
2007-09-25,14.81,14.99,-0.022487720104275463,-0.02309571479464928,-0.015504186535965199,0.44023419700112726,-0.012080683834798942,14.820000000000002,14.9305,15.056,1,25,9,14.943487790660233,15.081771069917616,45.424836601307206,-0.1064361054847236,-0.15664851417884176,15.546889316482018,14.314110683517983,0.01951533250059695,0.016785371035459646,0.016508180411177274,-164499233.0,-0.3909866598199396,0,0,-1,0,0,-0.0026684456304203416,1.1604985834894257,0.23231307534312037,0.2664595045426378,-0.01725282017252816,-0.0275771503611294,-0.1486657384525999,0.01755570560432139,0.0
2007-09-26,14.9,14.81,-0.011436384316639755,0.004662013105811371,0.004067802219325527,-0.7074367561836739,0.006058584671706093,14.863000000000003,14.9255,15.027,2,26,9,14.935580919631098,15.07004390411648,45.95469255663431,-0.10217620387922999,-0.1457540521189194,15.541137453119687,14.309862546880312,0.01692009392948479,0.016532566814287022,0.016487980078293673,-160285133.0,-0.08284096385228104,0,0,-1,0,0,-0.002025658338960239,-0.595220701786282,0.23693177176473731,0.262446361944977,-0.015201586252478583,-0.006666666666666599,-0.2244748054989924,0.018120805369127607,0.0
2007-09-27,14.75,14.9,0.008757213256591479,-0.0026613455495141888,-0.0054342244795920844,0.1024017754190067,-0.010118130165584667,14.897,14.898499999999999,15.012333333333334,3,27,9,14.901838934243624,15.049395910302513,48.79725085910652,-0.10964008491334098,-0.13853125867780372,15.493860129845801,14.303139870154196,0.0172996376077921,0.01600246911159083,0.015202729387559892,-164953633.0,-0.49885772511659326,0,0,-1,0,0,0.0006711409395973011,-0.46056775514521975,0.24119645217244,0.2540313217935723,-0.02382528127068162,-0.035317200784826586,0.32296977439231966,0.02102372881355934,0.0
2007-09-28,14.8,14.75,-0.015546105590277592,-0.008698616240424726,-0.003400355577387191,-0.07730467948115072,0.003384097984240494,14.950999999999999,14.883500000000002,15.0,4,28,9,14.883322764381147,15.033305851573319,52.50000000000001,-0.11024979130857382,-0.13287496520395775,15.472567952473284,14.294432047526719,0.01669816129046666,0.01583308496974988,0.015222208623624679,-160632433.0,-0.2834987021426464,0,0,-1,0,0,-0.004745762711864426,-0.607386315712141,0.18842550319755674,0.2513424319014768,-0.03520208604954367,-0.01986754966887405,-0.15186682596509846,0.01554054054054057,0.0
2007-10-01,14.79,14.8,-0.0020456877232932122,0.0006718172909718648,-0.006849341845574783,0.18260307475608126,-0.0006759040473611082,14.969,14.867500000000001,14.991666666666667,0,1,10,14.866354989039118,15.017608699858911,48.06201550387595,-0.11026879442382942,-0.1283537310479321,15.447985277930652,14.287014722069351,0.015048131813751899,0.015829034275270316,0.01514973372501045,-165819333.0,-0.2670179690905485,0,0,-1,0,0,-0.010135135135135158,-0.2982398842916518,0.1277683944914191,0.25127812912009667,-0.01334222815210151,-0.021178027796161514,-0.26338304899518233,0.02298850574712643,0.0
2007-10-02,14.95,14.79,0.0040871991502698535,0.008692799640070952,0.009575996568284383,-0.21145653477042417,0.010760023113987003,14.956999999999999,14.85,14.986666666666666,1,2,10,14.881563172850187,15.013246848255111,60.34482758620685,-0.09626352570303176,-0.12193568997895204,15.395643029634725,14.304356970365275,0.011430211292163138,0.01575474673355768,0.015269527528322212,-161621033.0,0.3665400071799456,0,0,-1,0,0,-0.005409060175794341,-0.7536233636696646,0.125259110676688,0.2500988509548049,0.009453072248480687,-0.022875816993464193,-0.8072053842370254,0.022073578595317733,0.0
2007-10-03,14.82,14.95,0.016183765223349075,0.0013306721857049505,0.004076092600042935,0.02086085241035499,-0.008733679968754553,14.925999999999998,14.836500000000001,14.971333333333336,2,3,10,14.870369868695608,15.000779309658009,58.57740585774057,-0.09456408695365326,-0.1164613693738923,15.370374615675486,14.302625384324516,0.011550735224337432,0.015580753328084762,0.015167874636160796,-165907833.0,-0.06181226645932219,0,0,-1,0,0,0.0,-0.7330663431126597,0.13758463578092958,0.24733679127092545,-0.005369127516778538,-0.017892644135188873,0.36838680681796093,0.019568151147098457,0.0
2007-10-04,14.75,14.82,-0.012790480664368964,-0.008010723746078972,-0.0027155481724826388,-0.24479074525174513,-0.004734537082111986,14.89,14.8165,14.946666666666667,3,4,10,14.848484438023679,14.984599999357492,60.60606060606059,-0.0977390100194846,-0.11271689750301075,15.330525393597092,14.302474606402907,0.011578342614761209,0.015562198075377938,0.014925583401212575,-169263833.0,-0.2587420809491138,0,0,-1,0,0,-0.004048582995951451,-1.1613650306756138,0.11956071425945874,0.24704223576586817,0.0,-0.02640264026402639,0.5133729435150173,0.014237288135593157,0.0
2007-10-05,14.92,14.75,0.008097210232619523,0.008675396419270004,0.0101455046762668,0.16894786198561826,0.011459511989786,14.848000000000003,14.8215,14.934666666666665,4,5,10,14.861487267473919,14.98043225746346,57.27699530516431,-0.08555139692269265,-0.10728379738694714,15.337609943407118,14.305390056592882,0.01099966499548089,0.015018887745930867,0.014930738076305083,-165290133.0,0.3817016171002182,0,0,-1,0,0,0.008813559322033952,-0.8706311805125366,0.14519736018651586,0.23841745166717104,0.008108108108108025,0.006747638326585648,0.193389450441313,0.012734584450402231,0.0
2007-10-08,14.95,14.92,0.0006718172909718648,-0.0026613455495141888,-0.0040458585195436835,-0.3283866350404814,0.002008705061080587,14.844,14.835999999999999,14.915666666666665,0,8,10,14.877580491569569,14.978468886014207,46.470588235294095,-0.07263459011554474,-0.10035395593266666,15.349292775795352,14.322707224204645,0.008470202318476415,0.014785667167098521,0.01461831083321814,-162428733.0,0.44419093887832917,0,0,-1,0,0,-0.0020107238605897694,-1.2734919475120647,0.14373191821160797,0.23471518975389352,0.010818120351588911,0.01978171896316505,-0.09068470104332005,0.014046822742474855,0.0
2007-10-09,14.96,14.95,0.004690125850413624,0.003325576726376904,0.0067340321813441194,0.1806659851854368,0.0006686727096358838,14.859,14.839499999999997,14.906666666666666,1,9,10,14.892565856738738,14.977277344981033,44.84848484848486,-0.060889119367887545,-0.09246098861971085,15.355291675612417,14.323708324387578,0.007392478854425779,0.014380686480353557,0.014239602845894673,-159000733.0,0.467242903278457,0,0,-1,0,0,0.0006688963210703387,-1.0622680750053044,0.12170857522232935,0.22828632065642557,0.0006688963210703669,0.004701141705842904,0.615380978078744,0.010695187165775409,0.0
2007-10-10,14.92,14.96,0.002670228555878892,-0.0006642311768627833,-0.006734032181344068,-0.37090303949930875,-0.002677377770716403,14.860999999999999,14.862,14.904,2,10,10,14.897553882786239,14.973582032401612,44.31137724550901,-0.05418381756424928,-0.08480555440861853,15.348344041101848,14.375655958898152,0.007245508699050283,0.01275522655030654,0.013978483439066833,-161366433.0,0.2385142824762344,0,0,-1,0,0,0.0026737967914437933,-1.364913494948624,0.09961665343895885,0.20248294421039642,0.006747638326585648,0.031098825155494003,1.2795922519624219,0.01675603217158177,0.0
2007-10-11,14.68,14.92,-0.0073603544062924185,-0.0013297874300016886,-0.014976454189557361,0.6280928228042952,-0.01621657158924528,14.854,14.875499999999999,14.883666666666667,3,11,10,14.85799863137056,14.954641256117638,30.35714285714289,-0.06745819572305756,-0.08133608267150634,15.32240632481246,14.428593675187537,0.00835436536045484,0.013306268079047587,0.013776236749322018,-165799833.0,-0.8749037064178415,0,0,-1,0,0,-0.0020107238605897694,-0.4720569703381148,0.15856219994387263,0.2112304572931024,-0.004745762711864443,0.018736988202636917,-0.6470634751146825,0.030653950953678427,0.0
2007-10-12,14.67,14.68,-0.02035348416122336,-0.016096927042174667,-0.0020597329630105046,-0.23937966757529233,-0.0006814310314792114,14.841,14.896,14.869333333333334,4,12,10,14.823817062030457,14.93627730411005,38.059701492537336,-0.07788731598169107,-0.08064632933354329,15.25249758248167,14.539502417518332,0.008245257438283072,0.013041954242073512,0.013614027471056337,-169289433.0,-1.2678907858323065,0,0,-1,0,0,-0.006130790190735686,-0.7757192903815078,0.11629336136668988,0.20703460520886238,-0.016756032171581725,0.028751753155680237,-1.9352301509786665,0.016359918200408892,0.0
2007-10-15,14.57,14.67,0.0006851661795965106,-0.010193768189542832,-0.0034423441909729015,-0.04255961441879589,-0.006839971947776869,14.819000000000003,14.894,14.851333333333333,0,15,10,14.777668505297648,14.912646510296499,40.47619047619049,-0.09314788238396332,-0.08314663994362731,15.257630813354064,14.530369186645936,0.008456703515763995,0.011966255715991081,0.013653363124706252,-172633633.0,-1.7820271995735628,0,0,-1,0,0,-0.004771642808452644,-0.805830508954277,0.10717505939649408,0.18995842049470532,-0.025418060200668835,-0.002737850787132068,-1.392787735761033,0.009608785175017197,0.0
2007-10-16,14.51,14.57,-0.0020569085071772534,0.003409481652620468,-0.0013802624689583467,0.33824772342577114,-0.004126553311016978,14.775,14.866,14.825,1,16,10,14.729001504334438,14.886669316083822,34.14634146341466,-0.10882897705943151,-0.08828310736678815,15.25772493034286,14.47427506965714,0.0072838291293785135,0.009397513273047916,0.013413965887081651,-177323833.0,-1.817601957007985,0,0,-1,0,0,0.0,-0.08780598491277192,0.09566181698839446,0.1491808983774805,-0.03008021390374338,-0.03715992037159921,-1.5229289233052763,0.014472777394900006,0.0
2007-10-17,14.56,14.51,0.0013717423275807366,-0.0034094816526203217,-0.008321823337492217,0.013132443244572821,0.0034399758724434804,14.749,14.8375,14.807333333333332,2,17,10,14.69827395809181,14.86559387633648,41.59292035398236,-0.11588591474466092,-0.09380366884236271,15.231287278936383,14.443712721063617,0.0072330870573020425,0.009380772985494902,0.013247523244409011,-172571633.0,-1.4093903731452468,0,0,-1,0,0,0.005513439007580984,0.008632001279117672,0.11688188760714993,0.14891515455103457,-0.024128686327077764,-0.03767349636483808,-0.8158014833280828,0.019230769230769308,0.0
2007-10-18,14.33,14.56,0.010906720251134655,0.007485574252663312,-0.00979713924498327,0.5032298270146994,-0.015922800928459484,14.706999999999999,14.798499999999999,14.780000000000001,3,18,10,14.631315056620572,14.831039432701868,32.061068702290115,-0.13844179566904558,-0.10273129420769929,15.231228187445673,14.365771812554325,0.008479914427443745,0.009880799393848986,0.013475842057946547,-180432033.0,-2.1653315572783964,0,0,-1,0,0,0.013049450549450515,1.6028376429581042,0.1151362915615782,0.156852827703853,-0.023841961852861027,-0.05162144275314362,-0.7768388986414226,0.03698534542916953,0.0
2007-10-19,13.96,14.33,-0.0309835455199672,-0.028887840945748346,-0.019169916107720286,0.0008138766408868378,-0.026159144505853976,14.610999999999999,14.729500000000002,14.751333333333333,4,19,10,14.50925777359865,14.77484334026949,25.149700598802468,-0.1840517673828046,-0.11899538884272036,15.232981562929591,14.226018437070412,0.0095946766752435,0.010240023978121906,0.013700940909889674,-188298833.0,-3.0567157038384467,0,0,-1,0,0,-0.0020935101186321955,1.9216578376988223,0.17911414880303408,0.16255534119269327,-0.04839809134287654,-0.08996088657105605,-0.5107333939668997,0.02722063037249289,0.0
2007-10-22,14.03,13.96,-0.023347363996991177,-0.007002829738319429,-0.0035906681307284844,-0.2638997387338549,0.005001796780143093,14.519,14.6815,14.730333333333334,0,22,10,14.422119996580713,14.726788931219845,20.886075949367083,-0.21210457408295724,-0.13761722589076775,15.258142733505558,14.104857266494442,0.009934709695504763,0.009506463207078712,0.013650934095526392,-182256733.0,-2.259631352811351,0,0,-1,0,0,0.0007163323782234804,0.80061470687435,0.20884250681955244,0.15091042496229476,-0.03706245710363765,-0.06404269513008676,-0.6410868284633363,0.023521026372059876,0.0
2007-10-23,14.22,14.03,0.0042857208454989745,0.004907125164100696,0.009309053977723528,-0.29316426633063297,0.013451530260725443,14.444999999999999,14.652000000000001,14.708,1,23,10,14.38537090629331,14.694092871141146,31.70731707317077,-0.21650942749096203,-0.1533956662108066,15.260452740023092,14.04354725997691,0.011626198147664397,0.00997435171954821,0.013563767177250172,-177749933.0,-1.4199952488786756,0,0,-1,0,0,0.0,0.010216779628984355,0.2583790862640396,0.15833792483408418,-0.019986216402480994,-0.03983794733288315,-0.55389446476112,0.018987341772151993,0.0
2007-10-24,14.08,14.22,0.010634626989611805,-0.002801122279711779,-0.015081075774845618,0.11649032547266228,-0.009894073645198542,14.361,14.611,14.694999999999999,2,24,10,14.329848923330891,14.654473976228815,30.409356725146225,-0.22866127073095655,-0.1684487871148366,15.258355755117474,13.963644244882527,0.011687856872104909,0.009932510455720925,0.012701360762720073,-182813533.0,-1.6405199020858061,0,0,-1,0,0,-0.002812939521800346,0.3719530723802092,0.25164042724822844,0.15767371536231836,-0.03296703296703296,-0.055033557046979875,0.1851094250275466,0.031249999999999965,0.0
2007-10-25,13.82,14.08,-0.00778764997768374,-0.011283617602027283,-0.008720985505444652,-0.12719802124720475,-0.018638532390372473,14.275,14.5645,14.675333333333333,3,25,10,14.237149119088912,14.600636945504377,19.444444444444485,-0.25631685992775033,-0.18602240167741935,15.297725749683893,13.831274250316108,0.011943918195418436,0.010422326822374511,0.013093208349700956,-187272333.0,-2.030752466947506,0,0,-1,0,0,-0.0007102272727272576,-0.046083327269291124,0.25842097005294595,0.16544930912784608,-0.03558967201674812,-0.06305084745762712,0.24841133299675355,0.028943560057887147,0.0
2007-10-26,13.89,13.82,-0.01431663679955753,-0.009978700049896082,0.002915453960124135,0.0983272277903517,0.005052338426728493,14.197,14.519,14.663000000000002,4,26,10,14.174031097436382,14.554789400633128,21.195652173913132,-0.2694793089004186,-0.2027137831220192,15.301947198595784,13.736052801404217,0.012356880794862152,0.010484615648164303,0.013027009952633123,-182352833.0,-1.6067494746213087,0,0,-1,0,0,0.0036179450072358127,0.2566534626670378,0.20510043996552751,0.16643811358283417,-0.005014326647564515,-0.06148648648648647,-0.5078079501919356,0.015838732901367936,0.0
2007-10-29,13.84,13.89,0.0057512739406344136,0.0,-0.002915453960124131,-0.13426634821893865,-0.0036062065767289487,14.124,14.4715,14.637333333333334,0,29,10,14.113298170629765,14.508673955430991,20.21276595744682,-0.2807093836351271,-0.2183129032246408,15.299211493087409,13.643788506912593,0.012357183359676286,0.010469180868615136,0.012121271026315434,-186654233.0,-1.5258939987518396,0,0,-1,0,0,0.004319654427645696,-0.14724835324104912,0.19835732341512488,0.16619309405346497,-0.013542409123307175,-0.06423258958755906,0.0843980305023043,0.01878612716763017,0.0
2007-10-30,14.0,13.84,-0.007194275634027085,0.0170458672729886,0.010889399799268317,0.10587649355195158,0.011494379425735212,14.072999999999999,14.424000000000001,14.601666666666667,1,30,10,14.092698503242534,14.475856280887056,27.000000000000014,-0.2735453751379868,-0.22935939760731003,15.245100673358019,13.602899326641984,0.013437130550422996,0.01052292094845574,0.010701111124825918,-181872433.0,-1.032760083525417,0,0,-1,0,0,0.0007225433526011406,0.17144074884272087,0.18840836126162028,0.1670461913736349,-0.015471167369901617,-0.0635451505016722,-0.07782581010838495,0.024999999999999974,0.0
2007-10-31,14.21,14.0,0.017889564750775123,0.0028129413766146577,0.0043227733020040965,0.2278586713557118,0.014888612493750777,14.038,14.3935,14.571000000000002,2,31,10,14.114026048107528,14.45870426276531,38.07106598984776,-0.24806308500332896,-0.23310013508651384,15.197811408662577,13.589188591337422,0.014550410215134075,0.011187461703999715,0.011108879351212035,-175866933.0,-0.45629092916915187,0,0,-1,0,0,0.0071428571428571175,0.9512890995912632,0.21297493293955777,0.17759544882505288,0.009232954545454586,-0.04116059379217274,-0.9417722067883889,0.023223082336382834,0.0
2007-11-01,13.77,14.21,-0.00568991577767857,-0.007047245515402944,-0.011569181822771295,-0.2939682671885302,-0.031453629368445854,13.982,14.3445,14.526333333333334,3,1,11,14.051475857542522,14.414271729683678,31.25000000000003,-0.2603711131314075,-0.2385543306954926,15.176301469228113,13.512698530771887,0.016736017373113837,0.012922889188790756,0.012298386709778975,-180342833.0,-1.3813392287780388,0,0,-1,0,0,-0.013370865587614446,-0.1443827784660277,0.2920987907581174,0.2051445060839134,-0.00361794500723589,-0.06644067796610176,-1.4911610326859885,0.02832244008714601,0.0
2007-11-02,13.97,13.77,-0.011477887844686866,-0.0028328630843042013,0.003629768050578731,0.17086555386092417,0.014419860528306945,13.983,14.297,14.480666666666666,4,2,11,14.036662065262064,14.385609037446024,38.00000000000003,-0.25109254698524275,-0.24106197395344264,15.098369879774658,13.495630120225343,0.015681267971189978,0.01312048225077544,0.012263332717120757,-175032933.0,-0.8161025470334652,0,0,-1,0,0,0.0065359477124182904,0.3965637714220329,0.3107548507443737,0.20828119870073286,0.005759539236861011,-0.06367292225201071,-1.5418333947516465,0.021474588403722183,0.0
2007-11-05,13.89,13.97,0.005755411570620752,-0.0071174677688639896,-0.0036297680505787237,-0.4152683660278635,-0.005743016502618001,13.969,14.244,14.444,0,5,11,14.009996235214414,14.353634260836603,37.69841269841274,-0.24734332795921432,-0.242318244754597,15.002597043023327,13.485402956976673,0.01568143974787963,0.013072682886155053,0.01169687256793968,-178538333.0,-0.9333018188132153,0,0,-1,0,0,-0.0021474588403723074,-0.9243649917612218,0.31322632905971853,0.2075224073110582,0.0036127167630057855,-0.07090301003344468,-1.4102669732642996,0.017998560115190784,0.0
2007-11-06,13.63,13.89,0.002865331473286427,-0.0014295928095944335,-0.01834913866819654,0.5260230716086965,-0.018895911057811188,13.91,14.1775,14.404666666666667,1,6,11,13.940906010629975,14.306948179492307,32.96703296703299,-0.2623279190019616,-0.24632017960406993,14.904335245212929,13.450664754787072,0.0157006517480548,0.013453623601615675,0.011947035395035025,-184470133.0,-1.506531235533597,0,0,-1,0,0,0.006479481641468672,0.7529806807415828,0.3218165453693375,0.21356965369526515,-0.026428571428571357,-0.08890374331550799,-0.1885429273368526,0.035216434336023505,0.0
2007-11-07,13.27,13.63,-0.03493805136128046,-0.026088436084297967,-0.01718383710026766,0.013529559044565976,-0.026767397364325183,13.829000000000002,14.095000000000002,14.350333333333333,2,7,11,13.818923099606343,14.240048296944417,31.46853146853148,-0.29979643997275396,-0.25701543167780677,14.841289064920952,13.348710935079053,0.017176909558008505,0.014299220755149262,0.012580276627471078,-190482733.0,-2.210939537449583,0,0,-1,0,0,-0.009537784299339748,0.7432866714116215,0.291064330968046,0.226993092360829,-0.06615059817030267,-0.1105898123324397,0.9932529054584682,0.026375282592313462,0.0
2007-11-08,13.25,13.27,-0.01643054139609604,-0.020772260233888586,-0.02905403139302005,0.18648191332642342,-0.0015082959118848521,13.772,14.023500000000002,14.300333333333333,3,8,11,13.715482536041552,14.176174213270585,35.8565737051793,-0.3273310767450539,-0.27107856069125624,14.806887381487105,13.2401126185129,0.016612469145226905,0.014114725623497018,0.012529671922612555,-197727933.0,-1.9747573634174909,0,0,-1,0,0,0.0007535795026375122,1.5245405054407064,0.25195474508727317,0.22406432294210524,-0.03776325344952791,-0.09741144414168934,0.30570581831753885,0.03396226415094334,0.0
2007-11-09,13.23,13.25,-0.01364691384118188,0.00523365680610955,0.010802574185657554,0.047414251884459975,-0.0015105743053668542,13.706,13.9515,14.248,4,9,11,13.627212984033998,14.115130715640225,33.73983739837405,-0.3467689707775392,-0.2862166427085128,14.749267279084876,13.153732720915123,0.01633825732647535,0.014102548054692177,0.012468661911183457,-205324933.0,-1.8087981769010033,0,0,-1,0,0,-0.011320754716981159,1.5939351206223675,0.178342087286715,0.22387101003031934,-0.05297065139584822,-0.09815950920245398,-0.7655142125456867,0.02872260015117164,0.0
2007-11-12,14.36,13.23,0.01063032030175633,0.07400143617109292,0.0159881593721085,0.675706248246748,0.08195958549321378,13.758,13.940999999999999,14.233666666666666,0,12,11,13.760446986936907,14.130928733986018,52.05882352941174,-0.26790385674854456,-0.28255408551651917,14.70948175679443,13.172518243205568,0.032889329975719764,0.02463956261566712,0.020498631491652423,-190393633.0,1.0904618002846957,0,0,-1,0,0,0.0007558578987150254,3.638817579572678,0.7130293797596623,0.3911409305667562,0.03383729301655869,-0.01441317776252582,1.9109267621167252,0.08356545961002781,0.0
2007-11-13,14.52,14.36,0.08606682227691725,0.02320512076775539,0.0742158644772877,-0.31419243163806226,0.011080445776571959,13.809999999999999,13.9415,14.219333333333335,1,13,11,13.89854753476656,14.156030105986922,56.43274853801168,-0.19029838157769596,-0.2641029447287545,14.711551946299428,13.171448053700571,0.03287913650164297,0.02475586797242398,0.02050503913608007,-179488133.0,1.5024960401179335,0,0,-1,0,0,0.004874651810584978,1.7228008172525884,0.6744494851521504,0.39298722086749593,0.0652971386647101,0.000689179875947632,1.6470200330586156,0.03574380165289257,0.0
2007-11-14,14.38,14.52,0.01034135379473253,0.0014199265376338489,-0.0035124728771405668,-0.574035423716573,-0.00968865710374933,13.827000000000002,13.9325,14.204666666666666,2,14,11,13.986084346627186,14.170479776568412,58.484848484848484,-0.13849581975919456,-0.23898151973484252,14.675860081337339,13.18913991866266,0.03289685810122145,0.02484163854962653,0.020518366241027375,-185630633.0,1.203992550137824,0,0,-1,0,0,0.0041322314049587125,-0.09516255905127106,0.6203850722217704,0.39434878657000244,0.08364732479276582,-0.012362637362637319,2.041454159405648,0.04102920723226702,0.0
2007-11-15,14.14,14.38,-0.02009073463873609,-0.025317807984289897,-0.00990107098271157,-0.36734860162418453,-0.016830691824473935,13.864,13.923000000000002,14.184333333333333,3,15,11,14.014069010876788,14.16851333937045,53.60230547550432,-0.11547676625741587,-0.21428056903935722,14.649638982250373,13.19636101774963,0.03160844295743699,0.02487167677993916,0.020712534444653107,-189884733.0,0.5972704611248861,0,0,-1,0,0,-0.006258692628651017,-0.7386073942657786,0.6568694800315031,0.39482562869339266,0.06716981132075484,-0.013258897418004123,1.903051276463725,0.02545968882602542,0.0
2007-11-16,13.99,14.14,-0.005614049832766597,-0.011149941297034418,-0.016481920936774187,0.27942660923997703,-0.010664871791036867,13.866,13.9245,14.153333333333334,4,16,11,14.009692827081007,14.156996349733648,52.10084033613446,-0.10809173270180494,-0.19304280177184677,14.651584299752724,13.197415700247277,0.03159718332026857,0.024278343336063685,0.020637489976616852,-195510233.0,0.1801716802914771,0,0,-1,0,0,0.0049504950495049705,-0.18102633187259679,0.6731534689080401,0.3854067522712006,0.057445200302343125,0.0021489971346704273,1.9234781639363365,0.030736240171551087,0.0
2007-11-19,13.47,13.99,-0.0242177077822692,-0.019816642811355225,-0.02784062597294173,-0.0314373766080984,-0.037877798255117216,13.824000000000002,13.8965,14.104000000000001,0,19,11,13.911566858520823,14.112674004589543,43.25699745547075,-0.142555404614626,-0.18294532234040262,14.649159145611893,13.143840854388106,0.03378270602387064,0.02564813573955095,0.02159610438856901,-200961633.0,-1.1333151333815645,0,0,-1,0,0,-0.008577555396712008,-0.23572488140239528,0.27458604138543763,0.4071515325556771,-0.06197771587743728,-0.03991446899501061,-0.12129231922989155,0.039346696362286514,0.0
2007-11-20,13.27,13.47,-0.030005910110158303,-0.025336136262073723,-0.04017213143281572,0.47507658950306547,-0.014959142078156507,13.788,13.848999999999998,14.047666666666666,1,20,11,13.794918338789763,14.058307939777315,38.010204081632644,-0.1838867099068402,-0.18313359985369013,14.634872629293849,13.063127370706148,0.033598801932092005,0.025543777989949203,0.021684661629096023,-209728233.0,-1.4735212257494252,0,0,-1,0,0,-0.0007423904974016174,0.9302377297885309,0.17808452488027657,0.40549490463870563,-0.0860881542699724,-0.06680731364275672,-1.870466512534587,0.053504144687264575,0.0
2007-11-21,13.5,13.27,-0.02026335748735867,-0.003672424252263694,0.003859518492177903,-0.2812162794720932,0.017183837100267718,13.811000000000002,13.819999999999999,14.000333333333334,2,21,11,13.74129682264617,14.022288072694908,46.3611859838275,-0.19582563331348268,-0.18567200654564864,14.612756682655077,13.02724331734492,0.03293488820444693,0.02588942117510129,0.022024384860686006,-203110633.0,-0.8073094986175676,0,0,-1,0,0,-0.006028636021100231,0.09633280845410691,0.30997389273821213,0.4109818201003657,-0.061196105702364445,-0.04119318181818177,0.6146956805514802,0.04518518518518514,0.0
2007-11-23,13.73,13.5,0.040124253050656485,0.015334364000106742,0.0429768360497659,-1.1161122017420415,0.01689353433549584,13.859,13.8155,13.96866666666667,4,23,11,13.73924285489232,14.003430777682334,46.79144385026738,-0.18460028118690985,-0.1854576614739009,14.609277776140328,13.021722223859673,0.033224308078786416,0.02590307378262105,0.02218060567105677,-200943033.0,-0.21542553235928494,0,0,-1,0,0,0.01703703703703707,-1.4642419206851203,0.3676538729062039,0.4111985485258348,-0.028995756718529053,-0.0065123010130245795,-0.2814023280232458,0.01820830298616169,0.0
2007-11-26,13.38,13.73,0.0021826127253178713,0.001448226176364748,-0.01561950683823226,0.7373883093329049,-0.02582216507979726,13.874,13.790000000000001,13.925666666666668,0,26,11,13.673925972184625,13.9632094371867,43.64089775561097,-0.20162201064686514,-0.18869053130849373,14.606152720486456,12.973847279513546,0.034510498086219435,0.026482282969862422,0.022588694717853578,-205474333.0,-1.0047139210799312,0,0,-1,0,0,0.0021849963583393563,-0.606534553486306,0.39449929017243923,0.4203932093249819,-0.04360257326661898,-0.036717062634989195,0.1659825105242319,0.035874439461883435,0.0
2007-11-27,13.42,13.38,-0.01981716228553307,-0.011644964196879855,-0.014345281863704058,0.16046442931082602,0.0029850768434532774,13.780000000000001,13.769,13.887333333333334,1,27,11,13.627757613605601,13.928163667045624,47.22955145118733,-0.20946955354971664,-0.19284633575673832,14.601191779516167,12.936808220483833,0.018332538502789795,0.026496345133810537,0.02259985101935052,-200154333.0,-0.8387489725094546,0,0,-1,0,0,0.008221225710014905,-0.34623591972458845,0.3041233418430837,0.4206164392571947,-0.0037119524870081744,-0.030346820809248554,-0.4167636033463134,0.03800298062593143,0.0
2007-11-28,13.82,13.42,0.002960771963032189,0.014535139619113223,0.012844906488469608,-0.21939120169565926,0.029370686795988196,13.709999999999999,13.76,13.864333333333333,2,28,11,13.662710774768218,13.921185365945906,57.18015665796346,-0.18132196404568646,-0.19054146141452796,14.585539695879753,12.934460304120247,0.021082753910922267,0.0272623750213658,0.02335207129885247,-195882333.0,0.14535945466816183,0,0,-1,0,0,0.008196721311475367,-0.7111168994529511,0.33585998596448297,0.4327767867330787,0.04144687264506408,-0.01285714285714279,-1.213021406152508,0.03907380607814755,0.0
2007-11-29,13.45,13.82,0.016129381929883717,-0.005063301956546762,-0.0007510327052227691,0.2658514069295056,-0.027137712291675768,13.617,13.722,13.827333333333335,3,29,11,13.624036088446722,13.890786310078429,52.392344497607645,-0.18671833165311824,-0.18977683546224605,14.530106298374932,12.913893701625067,0.02219311749084814,0.02762606900167769,0.02378513383410024,-201455333.0,-0.6731787650881585,0,0,-1,0,0,-0.005065123010130267,-0.23612655328096446,0.40105004024350005,0.4385502496844976,-0.0037037037037037646,-0.053483462350457533,-0.014930746024591058,0.03568773234200734,0.0
2007-11-30,14.15,13.45,-0.010969031370574046,0.027183361897378674,0.017132635077108556,0.5249228111979942,0.050735518041398676,13.618,13.741000000000003,13.821333333333333,4,30,11,13.719665890547317,13.907509773944337,59.46502057613168,-0.1329779549164538,-0.1784170593530876,14.57141904450298,12.910580955497027,0.028433074389339837,0.029292582825111727,0.02561907990857434,-192035133.0,0.9850448462313209,0,0,-1,0,0,0.01115241635687735,1.0338744160147908,0.5476336042306006,0.4650053364840448,0.030589949016751605,0.027596223674655196,0.37850413855066256,0.04452296819787991,0.0
2007-12-03,13.74,14.15,0.03112810137236314,0.0014104374693621117,0.012477226090094188,-0.7306564442785469,-0.0294033372950434,13.593,13.729499999999998,13.814,0,3,12,13.723363001356894,13.896702691754381,42.51207729468601,-0.12206480556531929,-0.16714660859553393,14.552906914816708,12.906093085183288,0.02978650603056478,0.029903474661689293,0.02573448373525367,-196571833.0,0.02550379359478532,0,0,-1,0,0,-0.008480565371024805,-0.6640608827360618,0.5608593769289344,0.47470294374930727,0.02690582959641241,-0.016463851109520422,0.33841136952360157,0.03493449781659379,0.0
2007-12-04,13.8,13.74,-0.024532254814012073,-0.01849270338023698,-0.017660503151950478,0.15392078209924145,0.004357305368955847,13.626,13.725,13.806333333333333,1,4,12,13.737297001110186,13.89046380841539,41.08910891089111,-0.10733724062565386,-0.1551847350015579,14.54569290365204,12.90430709634796,0.027011921016116106,0.02989429140890298,0.02573021705716352,-191280233.0,0.18277238578828964,0,0,-1,0,0,-0.0036390101892285814,-0.44257419606130755,0.5605068421504233,0.474557164130712,0.028315946348733245,-0.006479481641468721,0.3002278715495181,0.033333333333333263,0.0
2007-12-05,13.73,13.8,0.015223200836288682,-0.0014367818563627496,0.008133131708277381,-0.20934453394782698,-0.005085372383279371,13.672,13.73,13.79,2,5,12,13.735970273635605,13.880111304646658,41.81360201511335,-0.10015937931251706,-0.14417966386374975,14.549473515194247,12.910526484805754,0.026475918839113655,0.029596678068050594,0.0256106264544358,-195572333.0,0.0,0,0,-1,0,0,0.007246376811594177,-0.7591189184840248,0.5208375428723849,0.46983269881020884,-0.0065123010130245795,0.007336757153338258,1.283552943681298,0.024034959941733436,0.0
2007-12-06,13.96,13.73,-0.014493007302566864,0.005019730870312666,0.002941178590816229,-0.1300725439520079,0.016612877554346792,13.718,13.764499999999998,13.786000000000001,3,6,12,13.776702951156404,13.885265414024293,47.72727272727274,-0.07504670302088456,-0.13035307169517674,14.56018507390905,12.968814926090946,0.02644337847917707,0.029079330224432348,0.02574876310013783,-191803733.0,0.4914004457556242,0,0,-1,0,0,-0.0021849963583394855,-0.8847218174919375,0.4740887874596874,0.4616200563970324,0.037918215613383044,0.051996985681989516,0.5502147279273867,0.02578796561604593,0.0
2007-12-07,14.28,13.96,0.021661496781179467,0.03237439665901583,0.024656796612860295,0.4130079244770596,0.02266385957721187,13.773,13.815999999999999,13.801333333333334,4,7,12,13.868211505491601,13.910732161506598,53.51089588377722,-0.028989230678199363,-0.11008030349178126,14.60477386526549,13.027226134734509,0.026836566698984397,0.02939452757813045,0.025832318086103104,-186108033.0,1.1765095686678826,0,0,-1,0,0,0.0028653295128939216,-0.19413829350367565,0.3244052032372313,0.46662365926777744,0.009187279151943395,0.0777358490566038,-0.8634113655368676,0.03361344537815117,0.0
2007-12-10,14.22,14.28,0.01980262729617973,-0.010442141522904201,0.0064262984455284,-0.44646488411349483,-0.004210532536343382,13.857,13.8655,13.812333333333333,0,10,12,13.932173049947673,13.930684925280367,60.21798365122615,0.0026397203672452463,-0.08753629871997595,14.623071605091987,13.107928394908015,0.024995681983172955,0.029427960911605964,0.025842485388099364,-189752633.0,0.9358851298471131,0,0,-1,0,0,0.0,-0.8231327091909864,0.19871207215232622,0.467154396983034,0.03493449781659397,0.0748299319727892,0.39693284171171567,0.01687763713080158,0.0
2007-12-11,13.6,14.22,-0.004914014802428929,-0.005614049832766597,-0.03328816761670248,0.22069309488574257,-0.0445796316330886,13.875,13.8275,13.804333333333334,1,11,12,13.871777949957186,13.909350413971957,54.03422982885086,-0.02206853417398591,-0.07444274581077795,14.556331075655843,13.098668924344159,0.029614386870500164,0.02434845535917013,0.027094887241699294,-194297233.0,-0.6242873214353108,0,0,-1,0,0,-0.0007032348804500553,-0.48004444512694056,0.41362213215135984,0.3865197461335322,-0.01449275362318847,-0.05292479108635095,-1.0539330463136751,0.04558823529411772,0.0
2007-12-12,13.32,13.6,-0.023496987030350813,-0.012035543511344338,-0.03748564824124383,0.7296063734663426,-0.020803127629763173,13.825,13.767500000000002,13.781666666666666,2,12,12,13.771454686328607,13.871327806618929,47.82608695652174,-0.06351154232823752,-0.07225650511426987,14.452554742337831,13.082445257662172,0.028574781902706306,0.02445084104862801,0.027247640456917004,-203723933.0,-1.3064649358468943,0,0,-1,0,0,0.02058823529411773,2.0917970526660867,0.43355713436035226,0.3881450685662368,-0.029861616897305154,-0.0826446280991735,-0.46193413443489584,0.07132132132132127,0.0
2007-12-13,13.39,13.32,-0.04796197695179411,-0.025244759297307486,0.000763650285297175,-0.2291765434857819,0.005241494590838192,13.818999999999999,13.718,13.754333333333333,3,13,12,13.702099288814313,13.840274399740288,45.7286432160804,-0.08967331176728699,-0.0757398664448733,14.358315711603165,13.077684288396835,0.0274248607496952,0.02449744442037149,0.02710426220990725,-196227933.0,-1.0244946174404566,0,0,-1,0,0,-0.006756756756756746,1.0099482303660272,0.4025520677459546,0.3888848741575789,-0.04083094555873923,-0.06884561891515995,-0.3790512535696002,0.04406273338312172,0.0
2007-12-14,13.24,13.39,0.0,-0.019174628765211317,0.004569695690065268,-0.4509546288143398,-0.011265609194219017,13.728,13.672999999999998,13.736666666666668,4,14,12,13.618081236302618,13.801547019111883,48.148148148148145,-0.12111431845865184,-0.084814756847629,14.314941135192461,13.031058864807536,0.020472369213528182,0.024369693347229892,0.02660226245467684,-201003033.0,-1.3490333498263178,0,0,-1,0,0,-0.011949215832710988,-0.40770448019843,0.2959684507184813,0.38685688874205315,-0.07282913165266103,-0.06364922206506363,-0.9321000750701597,0.02039274924471296,0.0
2007-12-17,12.83,13.24,-0.005305052229693229,-0.011985162191030116,-0.027736754971599636,0.07980587427988783,-0.031456371881317086,13.637,13.614999999999998,13.698666666666668,0,17,12,13.47479373879305,13.738866566265957,42.89156626506025,-0.1770739183626162,-0.10326658915062645,14.340519777378933,12.889480222621064,0.02072414280327814,0.025117868840440732,0.026982321432905108,-206174833.0,-2.1639658200247713,0,0,-1,0,0,-0.006042296072507558,-0.1899114389614954,0.2961973494121431,0.398733806494467,-0.09774964838255984,-0.08291636883488207,0.20823659856038595,0.036632891660171384,0.0
2007-12-18,12.83,12.83,-0.016086137751624496,-0.02441006019856943,-0.013370234563171763,0.0011401518216608807,0.0,13.540000000000001,13.583000000000002,13.663333333333332,1,18,12,13.35755851355795,13.680230013603637,36.8,-0.21889897334876984,-0.12639306599025513,14.387594700192905,12.7784052998071,0.020511513680847384,0.023880596335325136,0.02697887696591369,-206174833.0,-1.8717498383210045,0,0,-1,0,0,0.009353078721745848,-0.17960844532515935,0.23473725043115734,0.37909271437914444,-0.05661764705882355,-0.04751299183370461,-0.2450818336995758,0.02494154325798897,0.0
2007-12-19,12.96,12.83,-0.010869672236903768,0.006158602991207025,0.001582278811129358,-0.08923139124257368,0.01008151229658359,13.463,13.5675,13.641,2,19,12,13.285275147456506,13.633763561113081,43.01994301994304,-0.2388029455077323,-0.14887504189375056,14.408598905254676,12.726401094745325,0.021227142946362604,0.023835326168940362,0.02688739417616877,-201439133.0,-1.4445387961028333,0,0,-1,0,0,-0.0015588464536242849,-0.33010947099232524,0.25978849722396385,0.37837407276675666,-0.027027027027026973,-0.02336096458176329,-1.1344604132268135,0.02932098765432091,0.0
2007-12-20,12.84,12.96,0.020093411727487725,0.006120906638854709,0.0007902015425008826,-0.07693992515661004,-0.009302392662313561,13.350999999999999,13.534500000000003,13.626666666666667,3,20,12,13.20431602973714,13.582553008783206,27.645051194539263,-0.26124847417349883,-0.17134972834970022,14.436345476319232,12.632654523680774,0.01973174452168604,0.023503433629622827,0.02651555069879555,-205824133.0,-1.540175159129298,0,0,-1,0,0,0.00848765432098761,-0.4685946468120222,0.24228331912282716,0.3731054420405651,-0.04107542942494402,-0.04888888888888887,-0.5802284000808569,0.035046728971962565,0.0
2007-12-21,12.54,12.84,-0.005370170174593862,-0.007657005251194542,-0.04029554017800918,0.7505013183081941,-0.02364176305704054,13.177000000000001,13.475,13.603000000000002,4,21,12,13.083531297057657,13.51529152434558,28.723404255319153,-0.29978843567319124,-0.19703746981439843,14.474294487968274,12.475705512031725,0.01685137341903329,0.02349551137731431,0.026835048358090117,-215111833.0,-1.8713202389437864,0,0,-1,0,0,0.012461059190031164,2.028731364135665,0.265831607910872,0.37297968018397404,-0.05287009063444115,-0.08667152221412977,-0.010179042263978432,0.06778309409888354,0.0
2007-12-24,12.86,12.54,-0.038421032982716964,-0.010819270916378684,0.028376447940798754,-1.1696514305840537,0.02519818360469875,13.041,13.449000000000002,13.590666666666666,0,24,12,13.042889243047172,13.473014651807157,34.74025974025973,-0.3010401042479014,-0.21783799670109905,14.485083719437663,12.41291628056234,0.020711082585159104,0.02383577916441819,0.027284389934717622,-212228233.0,-1.1369737579115409,0,0,-1,0,0,-0.0023923444976076047,-1.3563175854643776,0.29524597707394973,0.37838126384703286,0.002338269680436378,-0.038863976083707175,0.10328593118550349,0.027993779160186583,0.0
2007-12-26,12.62,12.86,0.019002947125615482,-0.005453850682463702,-0.0007996801705642901,0.004083757189519593,-0.01883886169640624,12.943000000000001,13.409,13.532666666666668,2,26,12,12.966000289765867,13.41798144846476,32.92307692307692,-0.31773539895175595,-0.23781747715123042,14.509562535586422,12.30843746441358,0.01743174998840916,0.024101287774452133,0.022095125660838714,-215123633.0,-1.4338122087348582,0,0,-1,0,0,-0.008553654743390314,-1.2319180703866663,0.32580303093745955,0.3825960823656103,-0.016367887763055422,-0.05961251862891215,0.6539536264638468,0.023771790808240944,0.0
2007-12-27,12.37,12.62,-0.019002947125615358,-0.008630889199275257,-0.011263192278710827,0.37174694587476664,-0.02000867070867056,12.847999999999999,13.336500000000001,13.461,3,27,12,12.857636600717527,13.350369742112196,25.688073394495405,-0.3471378617658676,-0.2596815540741579,14.511579392614365,12.161420607385637,0.017367506484242748,0.023101948780496116,0.02208340753442855,-219322733.0,-1.6449952336406695,0,0,-1,0,0,-0.008716323296354947,-0.5788023431137159,0.31828996067406007,0.3667320676448677,-0.04552469135802484,-0.10492040520984092,1.8897110676429272,0.026677445432497986,0.0
2007-12-28,12.23,12.37,-0.008831851867828573,-0.012688512818319378,-0.017959666398192464,-0.08518797398941438,-0.011382236705315416,12.732,13.2755,13.389333333333333,4,28,12,12.74352085513252,13.27808782326625,16.82847896440134,-0.3773860834946916,-0.2832224599582646,14.548366222763496,12.002633777236502,0.016825370744765564,0.022597965513281255,0.022097427914711417,-223178933.0,-1.642749224235258,0,0,-1,0,0,0.002425222312045363,-0.6975854715654288,0.3186837409912831,0.3587315813049377,-0.04750778816199375,-0.09070631970260212,1.9847195729430824,0.031888798037612326,0.0
2007-12-31,12.2,12.23,-0.022014749655032376,-0.01366031687843223,-0.0016488049901838935,0.07856946825723908,-0.0024559979598702615,12.628,13.178,13.324666666666667,0,31,12,12.644698881472062,13.208533770152298,16.993464052287607,-0.39917729899739207,-0.30641342776609015,14.467448678597343,11.888551321402659,0.016919176841689264,0.01829715370159696,0.021993642955515327,-227350333.0,-1.5169273756034514,0,0,-1,0,0,-0.008176614881439054,-0.46840334479834883,0.29519439074022547,0.29045831036850295,-0.027113237639553422,-0.13780918727915203,1.5435775770854758,0.019672131147541003,0.0
2008-01-02,11.8,12.2,0.004113539325792162,-0.004866189651172788,-0.030153038170687443,0.4997272015914672,-0.03333642026759172,12.525,13.081,13.251666666666667,2,2,1,12.491117266658957,13.117660623690861,18.30985915492961,-0.4436099914966878,-0.3338527405122097,14.479689612308084,11.682310387691915,0.017200925009260855,0.018553663405084953,0.02256533185380109,-234225933.0,-1.8317144686391464,0,0,-1,0,0,-0.001639344262295047,0.9508335012978266,0.17815357065836337,0.2945302756743278,-0.08242612752721612,-0.14119359534206688,-0.20351529584708464,0.045762711864406856,0.0
2008-01-03,11.6,11.8,-0.024097551579060416,-0.02469261259037152,-0.020619287202735703,0.1479063130051939,-0.017094433359300183,12.402,12.970999999999998,13.189333333333334,3,3,1,12.329095945448238,13.019747035065645,18.840579710144965,-0.48932096150044657,-0.3649463847098571,14.473767972425206,11.46823202757479,0.017138057458666547,0.018453096023020477,0.021875518425425938,-242197533.0,-1.8246329774881238,0,0,-1,0,0,0.007627118644067784,1.3932200770709229,0.1775641584699005,0.29293381797664325,-0.08082408874801894,-0.1594202898550725,-0.35743276953809194,0.04137931034482763,0.0
2008-01-04,11.42,11.6,-0.033350675333486186,-0.03562717764315116,-0.01928192954945017,-0.015575536113249312,-0.015638893884454778,12.248,12.855500000000001,13.127666666666666,4,4,1,12.163805773548557,12.916537548932379,15.679442508710835,-0.5339170666429904,-0.3987405210964838,14.464009934854595,11.246990065145408,0.01566356291184792,0.018499243411416566,0.021886524431285536,-250045933.0,-1.784881732955872,0,0,-1,0,0,-0.008620689655172384,1.1965615374024545,0.17537352408195514,0.29366638505675025,-0.07679870654810017,-0.16824471959213405,-0.7504380416441163,0.02451838879159364,0.0
2008-01-07,11.87,11.42,0.004338401598598141,0.025576841789649776,0.016674366142369477,0.09422772918829309,0.03864800439371254,12.151,12.751,13.073333333333332,0,7,1,12.110386541994274,12.849018997388354,28.391167192429023,-0.5268750741860888,-0.42436743171440483,14.328645147213383,11.173354852786616,0.022732776215838076,0.020719478865898637,0.022997621532739935,-241422033.0,-1.1168544479804263,0,0,-1,0,0,0.011383537653239998,1.406094412791155,0.4348555517659049,0.32891153024415837,-0.029435813573180813,-0.1497134670487107,1.402594402008204,0.032855939342881266,0.0
2008-01-08,11.31,11.87,0.030692946399406198,0.0025220694327097175,-0.018445845790751567,0.007762094992818563,-0.048326918493547484,12.028,12.6025,12.992666666666668,1,8,1,11.964861716177133,12.749727449169752,27.108433734939766,-0.5600259339513514,-0.45149913216179416,14.132561918251625,11.072438081748373,0.025630885378843168,0.02116044496592786,0.02393876741444878,-250113133.0,-1.689474111579636,0,0,-1,0,0,0.0033698399326032792,1.300964717047372,0.5213830211684577,0.3359116500678825,-0.07295081967213102,-0.20798319327731085,1.3755805234208431,0.055702917771883353,0.0
2008-01-09,11.27,11.31,-0.04113690556048949,-0.03851567208061519,-0.023319442345144416,0.31236317895255433,-0.003542962076344218,11.869,12.455,12.922333333333333,2,9,1,11.838523222326744,12.654261162126543,26.785714285714278,-0.5828076510443498,-0.4777608359383053,13.894612520967346,11.015387479032654,0.02263166106091635,0.02117283231581278,0.023661576194978454,-261990833.0,-1.6462763177465847,0,0,-1,0,0,0.010610079575596747,2.240896002750592,0.4979482778591301,0.3361082931510744,-0.04491525423728826,-0.2074542897327708,0.7325206134656027,0.03904170363797704,0.0
2008-01-10,12.15,11.27,-0.010554187678690145,0.06584656579758653,0.011727694181359343,0.2478425295743191,0.07518484173487264,11.822,12.3825,12.88,3,10,1,11.89515536372188,12.62172818392483,40.14598540145985,-0.5238154618602948,-0.48697176112270324,13.721877310150884,11.043122689849117,0.036384941071999084,0.027847267390214966,0.028132984560015277,-246772433.0,-0.3471762560675427,0,0,-1,0,0,0.003549245785270712,2.6550435644666126,0.7778237633572611,0.4420616652433648,0.0474137931034484,-0.10661764705882348,0.4524849534400337,0.08971193415637858,0.0
2008-01-11,11.7,12.15,0.060052345963863094,-0.003273325344969249,0.03003759395453655,0.005504456770019376,-0.037740327982847086,11.754999999999999,12.3015,12.809333333333335,4,11,1,11.859672570317901,12.562261849478066,37.16216216216216,-0.5075245391450345,-0.4910823167271695,13.59739270186096,11.005607298139042,0.03764446072322482,0.028557639220888213,0.028097763561298315,-262074833.0,-0.9283175978014551,0,0,-1,0,0,-0.011522633744856013,2.242534084266958,0.8355963458970544,0.4533384684574474,0.024518388791593626,-0.12162162162162171,0.5217159122936853,0.06068376068376061,0.0
2008-01-14,11.82,11.7,-0.020185714819706792,-0.026579637804711898,0.009528006251654514,-0.6367877986264466,0.010204170174241889,11.714,12.222999999999999,12.754999999999999,0,14,1,11.852459375714645,12.514373988221417,41.5492957746479,-0.47940459070265007,-0.48874677152226564,13.428305814000254,11.017694185999744,0.03785524315458218,0.02868375612049932,0.027928371086826394,-253980033.0,-0.6687099577865526,0,0,-1,0,0,0.005982905982906008,0.27003156083707935,0.786234362077111,0.45534051217240834,-0.004212299915753892,-0.11725168035847644,1.090026222712305,0.023688663282572006,0.0
2008-01-15,12.11,11.82,0.002545610199433818,0.025759629558681146,0.0025828684182542384,0.5745191098971,0.02423854558704862,11.705,12.166500000000001,12.687000000000001,1,15,1,11.899284943766526,12.488285343820035,41.13475177304964,-0.4287760887526044,-0.4767526349683334,13.272964735328689,11.060035264671313,0.03882991276647687,0.02943490294576806,0.026439238595498963,-239601433.0,-0.10212706866471911,0,0,-1,0,0,-0.001692047377326529,1.7112628776038217,0.6708239659569342,0.46726459835894896,0.07073386383731206,-0.08534743202416928,0.6410147244400527,0.04624277456647388,0.0
2008-01-16,12.08,12.11,0.019303998514968296,0.004909993497555785,0.01705071145972224,-0.4836413309657681,-0.002480365058331954,11.733,12.129,12.631666666666666,2,16,1,11.932142226718067,12.461944353896163,43.28358208955225,-0.3866167087204886,-0.4587254497187645,13.190714601357874,11.067285398642126,0.03713870145077706,0.028744770075110847,0.026044872715938635,-248466333.0,-0.09230352476518865,0,0,-1,0,0,-0.006606110652353433,0.27871748396492035,0.6690732818762886,0.45630907867484843,0.07187222715173025,-0.05845674201091189,0.6263218865652849,0.0347682119205298,0.0
2008-01-17,11.92,12.08,0.004975134640113929,0.008939515038808608,0.0,0.10571691414216823,-0.013333530869465144,11.764999999999999,12.0835,12.568999999999999,3,17,1,11.929934549132964,12.426980202031896,44.27480916030535,-0.36194349976404006,-0.43936905972781964,13.095559390809646,11.071440609190356,0.03693600613357705,0.028833646854088617,0.02604923484489329,-258319733.0,-0.32310356780386446,0,0,-1,0,0,0.0008278145695364062,0.47307685127469135,0.371941709434283,0.4577199538018702,-0.018930041152263377,-0.07092751363990646,-0.43377845401356263,0.0444630872483221,0.0
2008-01-18,12.07,11.92,-0.00914007193939799,-0.009756174945364572,-0.001692047781024449,-0.05751189268445739,0.01250537347223651,11.83,12.039,12.513666666666667,4,18,1,11.955400994745153,12.403949221255646,47.96954314720812,-0.32652211383218877,-0.4167996705486935,12.963244214707741,11.114755785292258,0.03640807757981086,0.02889881414760244,0.026235712100870747,-249017033.0,0.0670818372605193,0,0,-1,0,0,0.005033557046979908,0.27897866342533534,0.23095755994261222,0.4587544525153866,0.031623931623931734,-0.06867283950617287,-0.2498914881988339,0.03562551781275888,0.0
2008-01-22,11.98,12.07,-0.03915393741955818,-0.01813734797711855,-0.026599594840066576,-0.017370809563010844,-0.007484442422136886,11.841,11.995999999999999,12.447666666666667,1,22,1,11.959873541155124,12.376597658593992,47.250000000000014,-0.30222875318663966,-0.39388548707628274,12.839860801691403,11.152139198308594,0.03462268000396763,0.028881597196603787,0.025947512758693687,-258159533.0,-0.037920946127438085,0,0,-1,0,0,-0.04556752278376145,0.18043774706565402,0.24574861164442138,0.4584811418913233,0.013536379018612488,-0.0669781931464174,0.6606051777848685,0.043405676126878096,0.0
2008-01-23,12.76,11.98,0.024861974941525804,0.06052674093738635,0.006932436775644896,0.343742901210476,0.0630766852293405,11.986,12.007000000000001,12.397,2,23,1,12.105351079126919,12.401333293523411,60.95890410958903,-0.21752906888386825,-0.35861420343779987,12.885733538439629,11.128266461560374,0.035300087990966164,0.03219508253176522,0.028515707248017486,-245266633.0,1.7138301135907603,0,0,-1,0,0,-0.014190317195325536,1.0970440874688585,0.5045181242440525,0.5110810909095033,0.05367464905037167,0.01754385964912286,1.7731546937771967,0.09326018808777425,0.0
2008-01-24,11.95,12.76,0.07344245499209183,-0.004709584843085126,0.027258927972634468,-0.16338297913236738,-0.06558399953912424,12.054,11.9615,12.321333333333333,3,24,1,12.07710542837657,12.372215016521903,53.507014028056105,-0.21330533823202202,-0.32955243039664434,12.743138629654462,11.179861370345536,0.04267842240184619,0.03472996977325655,0.030556911166991774,-256216133.0,-0.029425362472383487,0,0,-1,0,0,-0.003918495297805559,0.5199833648694763,0.7381964144319347,0.5513211783649627,-0.010761589403973537,-0.07076205287713844,0.22019864371659983,0.06778242677824273,0.0
2008-01-25,12.01,11.95,-0.056649449109470604,-0.045059915414805224,-0.0008406894147932353,-0.10357106684240616,0.005008357714372579,12.04,11.931,12.268333333333334,4,25,1,12.06490444139901,12.348846305778554,56.05749486652977,-0.20277899269873068,-0.3041977428570616,12.649504294386832,11.212495705613167,0.03458414309197868,0.03457471150695039,0.029735663936208825,-246343933.0,0.21990126048562794,0,0,-1,0,0,0.005020920502092092,0.14096898109472522,0.7309260330152489,0.548856529795164,0.007550335570469802,-0.048335974643423096,-0.1625559673810872,0.02164862614487925,0.0
2008-01-28,12.17,12.01,-0.0008329863038918846,0.003286773706622723,-0.007598179231071367,-0.1661088088773906,0.013234270907543538,12.087,11.921000000000001,12.23,0,28,1,12.084012724781008,12.337307834438004,53.27510917030568,-0.17945745140969827,-0.2792496845675889,12.619054439137587,11.222945560862415,0.03228184254797845,0.03446562240530257,0.029716577285113628,-237982633.0,0.7134114075905787,0,0,-1,0,0,-0.0008326394671107233,-0.39729979697182605,0.7315954490563198,0.5471247939929185,0.008285004142501995,-0.01616814874696837,-0.1770716873003674,0.032046014790468265,0.0
2008-01-29,12.1,12.17,0.018167303955448934,0.007355979225816284,0.017640104620273094,-0.13657553500575073,-0.00576845439674042,12.115,11.9145,12.187,1,29,1,12.08691950209355,12.321997651571037,59.65770171149143,-0.1647245349990918,-0.2563446546538895,12.602792318560338,11.226207681439663,0.03235691719299498,0.034393999746653206,0.029684401624916645,-245276533.0,0.5390151684040274,0,0,-1,0,0,0.00410846343467549,-0.8602296378837285,0.7302322682243675,0.5459878195347775,0.01001669449081799,-0.010629599345870822,-0.21330252233602964,0.022314049586776824,0.0
2008-01-30,11.88,12.1,-0.01235091863400917,-0.005716634596382984,-0.01679300588262123,0.3955586485694702,-0.01834913866819643,12.092,11.8985,12.141666666666667,2,30,1,12.049297774440177,12.293481674050325,57.14285714285715,-0.16885430664321532,-0.23884658505175468,12.573599212981406,11.223400787018594,0.03198865660719216,0.03463257601952834,0.029778513788598564,-256109533.0,-0.05480675919706352,0,0,-1,0,0,-0.002479338842975154,0.2797480149779078,0.4789973012097709,0.5497751004552673,-0.06896551724137923,-0.026229508196721207,-1.4469568734505027,0.0336700336700337,0.0
2008-01-31,11.72,11.88,-0.00915528658695437,-0.020687539600127636,-0.009357788405560563,0.46138168736302376,-0.013559529785632362,12.056000000000001,11.894499999999999,12.104666666666667,3,31,1,11.98942545181469,12.25648285636966,43.943661971831,-0.18292914987843112,-0.22766309801709,12.572996014804033,11.216003985195965,0.032215663476182245,0.03395520372392281,0.029384281699209553,-273293533.0,-0.5143729548666486,0,0,-1,0,0,0.00673400673400674,2.257338638740235,0.2062305175168707,0.5390221486202043,-0.019246861924686054,-0.006779661016949157,0.350420759356552,0.02218430034129706,0.0
2008-02-01,12.18,11.72,-0.021124570912859745,0.019868203216724965,-0.0068610903799452404,-0.1513129192679915,0.038498478132884435,12.082,11.9235,12.083,4,1,2,12.024075369666564,12.251548478539359,56.74157303370787,-0.1551766293376069,-0.21316580428119342,12.598568027760873,11.248431972239128,0.03447762271514943,0.03477656927133507,0.03036149851094793,-258522533.0,0.7599234134988797,0,0,-1,0,0,-0.0008532423208190944,1.2787261645862995,0.3737260958202188,0.5520609224637799,0.014154870940882525,0.050000000000000044,1.0813996558195333,0.04761904761904762,0.0
2008-02-04,11.91,12.18,0.045082759381109845,0.018676953783408858,0.015371780047854002,-0.6594776418960887,-0.022416878914542145,12.065999999999999,11.948,12.047999999999998,0,4,2,12.003334393363552,12.229513092827142,51.21293800539084,-0.1532032684655924,-0.20117329711807325,12.58034234565222,11.315657654347781,0.03511556144939402,0.03499416851349289,0.030514767498333328,-266160933.0,-0.12018806034824636,0,0,-1,0,0,0.0057471264367816325,-1.1114502591839466,0.39641494499588426,0.5555152033451343,-0.021364009860312172,0.04290718038528896,1.917770385422321,0.05289672544080596,0.0
2008-02-05,11.71,11.91,-0.023958188468250263,-0.03520625573461938,-0.007656353861993037,0.31741537372554,-0.016935205757582696,12.039,11.940000000000001,12.010333333333334,1,5,2,11.950000867297451,12.19599611909636,44.475138121546976,-0.1658656977713857,-0.19411177724873574,12.58049323099238,11.299506769007623,0.03543542994659986,0.03413575238564465,0.030604304289829028,-276652833.0,-0.7181965050392152,0,0,-1,0,0,0.004198152812762444,-0.19019939573322064,0.40698465715587245,0.5418882697709734,-0.0322314049586776,-0.013479359730412699,2.153304609306112,0.024765157984628448,0.0
2008-02-06,11.96,11.71,-0.012621118313214788,0.018167303955448934,0.00850345259964489,-0.20480091118676594,0.02112457091285963,11.959,11.9725,11.990999999999998,2,6,2,11.951818891425187,12.180770563025629,48.437500000000014,-0.15395317716741985,-0.1860800572324726,12.540223987792901,11.4047760122071,0.028237487287599995,0.03256806462211056,0.030647878012755085,-268103933.0,-0.04403548297684106,0,0,-1,0,0,0.008539709649871873,-0.8473040153275266,0.43020450310090225,0.517001998036712,0.006734006734006703,0.05747126436781613,0.7892254917174767,0.03428093645484951,0.0
2008-02-07,12.9,11.96,0.015960019578729306,0.056476239040316775,0.015960019578729306,0.7966818190160185,0.0756595628451408,12.053999999999998,12.053999999999998,11.992333333333335,3,7,2,12.124215456620608,12.227172462185266,60.606060606060616,-0.06787979860684956,-0.162440005507348,12.663552035687026,11.444447964312971,0.03168543582099732,0.03659088253775993,0.033626417625267406,-249141033.0,2.7758089563148536,0,0,-1,0,0,0.003344481605351099,2.202170045202887,0.6611091127845053,0.5808622526837327,0.10068259385665534,0.1446317657497782,0.4762565946373251,0.07209302325581393,0.0
2008-02-08,12.8,12.9,0.06921506902147291,-0.005428473974292759,0.04879016416943204,-0.6074708785037832,-0.007782140442054963,12.133000000000001,12.0865,11.998333333333333,4,8,2,12.24708537359868,12.264129077528153,57.98687089715537,-0.007647039921423016,-0.131481412390163,12.780997925425787,11.392002074574211,0.03207913399098876,0.03269026272931632,0.03346907111529112,-259470633.0,2.0547217605079653,0,0,-1,0,0,-0.003100775193798521,-0.24805987330278573,0.6593061878449309,0.5189418328508075,0.05090311986863716,0.053497942386831365,1.4698822824128017,0.020312499999999983,0.0
2008-02-11,12.81,12.8,-0.007023048765025381,-0.0007779074682444593,-0.003179652917379573,-0.7417253551189782,0.000780944983071351,12.197000000000001,12.142,12.013,0,11,2,12.34943348748983,12.299346556397305,59.24276169265034,0.04042873443235706,-0.097099383025659,12.882344158944928,11.40165584105507,0.032042688009346024,0.03131041302291603,0.03323782727398333,-254550733.0,1.8045661384077765,0,0,-1,0,0,-0.002343750000000089,-1.6575455287594945,0.605264003876074,0.4970373978321236,0.07556675062972285,0.09487179487179498,1.5526722216507494,0.02263856362217011,0.0
2008-02-12,12.76,12.81,0.007023048765025345,0.01160554612030789,0.0071400541334765396,-0.09849824782121543,-0.00391083799199906,12.263,12.189,12.030666666666667,1,12,2,12.42408194430986,12.32906613340393,50.0,0.07364560910347073,-0.06295038459983306,12.961907021030052,11.416092978969948,0.03197526923984178,0.03134540296084341,0.03316524561070644,-259009133.0,1.4775386546211682,0,0,-1,0,0,0.0039032006245120167,-1.6302626885599065,0.5680676230947368,0.4975928458769962,0.08966695132365499,0.07952622673434862,1.752114975496663,0.02742946708463947,0.0
2008-02-13,13.08,12.76,0.0023300981416228303,0.007662872745569097,0.012568900735113563,0.4962983985030352,0.02476906811240895,12.383,12.2375,12.06,2,13,2,12.543339772617157,12.377513479635935,67.27828746177371,0.12435802533749474,-0.0254887026123675,13.105428568489165,11.369571431510836,0.03129368756079884,0.03136411110573504,0.03341947184314277,-251685633.0,1.941404006245746,0,0,-1,0,0,0.010188087774294733,-0.7672907299762848,0.5701427311699293,0.4978898284702438,0.09364548494983271,0.08009909165978546,1.6322555407133148,0.022171253822629904,0.0
2008-02-14,12.64,13.08,0.014632529077956587,0.0,-0.014943258795575908,-0.029023682249961328,-0.03421795731034126,12.475,12.2655,12.088,3,14,2,12.560914359414038,12.394448093852972,58.63013698630139,0.12757307480475077,0.005123652871056157,13.148043572802148,11.38295642719785,0.03355014045864526,0.03247397697295893,0.033451162719351335,-258799633.0,0.8486833093371976,0,0,-1,0,0,0.0,-0.7895930495829595,0.333072869533466,0.5155084029101246,-0.020155038759689936,0.04635761589403975,-0.08981046882993554,0.037974683544303826,0.0
2008-02-15,12.65,12.64,-0.028695260827689882,-0.007662872745569137,0.001583531605644442,0.20368070322777843,0.0007908264548177709,12.522,12.302,12.123000000000001,4,15,2,12.577111748611486,12.410935313604394,56.85714285714287,0.12943588478844426,0.029986099254533778,13.18476121823554,11.41923878176446,0.03173538054290892,0.0322607929631015,0.03324566655783718,-250078533.0,0.7884351800039018,0,0,-1,0,0,0.005537974683544326,-0.3352938506673039,0.33234852100554657,0.5121242116686546,-0.01171875,0.06124161073825496,-0.4923184081328916,0.02845849802371537,0.0
2008-02-19,12.48,12.65,0.003926192715281115,-0.013163178833991696,-0.015949301407678064,0.2758274459463855,-0.01352985223224767,12.579,12.3225,12.158333333333333,1,19,2,12.55945506704576,12.415391099823466,55.27777777777779,0.11585904492052812,0.04716068838773265,13.201611393456428,11.443388606543571,0.031040968655427936,0.03239810595461284,0.033206985752108384,-261569633.0,0.3583163662132811,0,0,-1,0,0,0.008695652173912998,0.3860730965003484,0.3396234850478353,0.5143039878325586,-0.025761124121779888,0.03396851698425851,0.14634837034648143,0.03125000000000004,0.0
2008-02-20,12.79,12.48,-0.027812678700127928,0.0031128429804901034,-0.008881770134780422,-0.7403582386828971,0.02453625264946952,12.687000000000001,12.363000000000001,12.189,2,20,2,12.601372327582894,12.439559415963888,62.33062330623306,0.12863093340098608,0.06345473739038335,13.250269021091748,11.475730978908254,0.030565668519031138,0.03269688434080115,0.03276733769070031,-256089033.0,0.9625040204257156,0,0,-1,0,0,-0.0056089743589743815,-1.1490965634597086,0.40129217534945005,0.5190469476744115,0.0023510971786833146,0.06761268781302165,-0.38599006738962893,0.042220484753713775,0.0
2008-02-21,12.63,12.79,0.03484121212471289,0.012355369528718551,0.017685348401540086,-0.12032018940067613,-0.012588679228351437,12.754000000000001,12.3565,12.233,3,21,2,12.606577358931458,12.45184590525654,62.33062330623308,0.1244079863882277,0.07564538718995222,13.23336703066846,11.479632969331542,0.030951864141605452,0.02948262634341077,0.031524336745439425,-260948333.0,0.6238117991310592,0,0,-1,0,0,0.00469116497263491,-1.1793839395909382,0.34192086493508717,0.4680221838102389,-0.0344036697247706,-0.010188087774294585,0.5108384272272606,0.03800475059382412,0.0
2008-02-22,12.87,12.63,-0.011741817876683287,-0.010802574185657648,-0.0015948966698161138,0.05810232005879042,0.018824085245635398,12.751000000000001,12.4025,12.286333333333335,4,22,2,12.654472384580282,12.478823588788376,59.94236311239194,0.13882695398349654,0.08828170054866108,13.286078251382081,11.518921748617919,0.018714882136361438,0.02567356656813011,0.03160309759870342,-255798333.0,1.0581971642437826,0,0,-1,0,0,0.005542359461599248,-1.0057926623289546,0.28017484256846925,0.4075552344440057,0.018196202531645556,0.07698744769874466,0.2708773742509715,0.02797202797202807,0.0
2008-02-25,12.97,12.87,0.015625317903081033,0.0077280137314122135,0.008740619810734507,-0.15292489419270233,0.007739976720317252,12.767999999999999,12.450500000000002,12.313666666666666,0,25,2,12.711841041929322,12.510512389511707,66.06060606060609,0.15651900034464994,0.10192916050785886,13.348485464657678,11.552514535342326,0.018650995623173527,0.025686556284467126,0.028438035899954875,-251378633.0,1.157034318362913,0,0,-1,0,0,0.0023310023310024195,-1.08356305209172,0.27993265784209803,0.4077614397981798,0.02529644268774711,0.07993338884263124,-0.11828486477911991,0.026985350809560497,0.0
2008-02-26,12.95,12.97,0.005411686960726049,0.007668749239300357,0.012578782206860185,-0.04583392995282513,-0.0015432101828058516,12.782,12.4895,12.355333333333334,1,26,2,12.755142670669443,12.53886642889805,69.87179487179486,0.16700115632168178,0.11494355967062345,13.403795241961424,11.575204758038575,0.018675082447752546,0.025622425752443317,0.027454919672564127,-255600333.0,1.0073332526856336,0,0,-1,0,0,0.0,-1.0484740712218414,0.2401190089363311,0.4067433991630922,0.03766025641025639,0.06409202958093663,-0.246666286948803,0.02239382239382233,0.0
2008-02-27,12.75,12.95,-0.010073700066537508,-0.017726861112335273,-0.01178795575204224,0.014252357902526113,-0.015564516541111573,12.781,12.522,12.386333333333335,2,27,2,12.754207639638635,12.552487949614305,62.86644951140065,0.15735610865329797,0.12342606946715835,13.424128477254373,11.619871522745628,0.01937216132822595,0.02589514229429213,0.027645183104908523,-259882633.0,0.505471239958897,0,0,-1,0,0,-0.008494208494208452,-0.9754223600241628,0.22692354191663783,0.4110726400519652,-0.0031274433150898506,0.05371900826446274,0.4310762740532716,0.016470588235294046,0.0
2008-02-28,12.55,12.75,-0.0039016826710638777,-0.0007779074682444593,-0.010329849501576826,0.15388710180413565,-0.015810606026642204,12.728,12.5555,12.401,3,28,2,12.717078977886157,12.552327436735965,42.489270386266085,0.13205179941279077,0.12515121545628485,13.405502476776345,11.705497523223656,0.017751015917122463,0.025793869588105263,0.027534491393834726,-264877333.0,-0.01294113876199161,0,0,-1,0,0,0.0031372549019607174,-0.7405218619129875,0.23831016499223237,0.40946498568095147,-0.006334125098970689,0.056397306397306446,0.36736894698244094,0.02629482071713148,0.0
2008-02-29,12.26,12.55,-0.023735291453264983,-0.018060954228161754,-0.02507207754933906,0.1015210925109554,-0.02337873506972762,12.690000000000001,12.5825,12.407000000000002,4,29,2,12.633973709179582,12.533467602107839,39.285714285714256,0.08758771896039264,0.11763851615710641,13.351172813839831,11.813827186160168,0.016024683135992968,0.026205651674656952,0.0278938667000455,-270405733.0,-0.8391086407465926,0,0,-1,0,0,-0.004780876494023944,-0.5497495554002437,0.19768350148402855,0.4160018236531537,-0.04739704739704731,0.04607508532423199,0.6210024512356555,0.033442088091353864,0.0
2008-03-03,12.23,12.26,-0.027599154350928835,-0.025683594734695118,-0.012361096823573975,-0.019101765945813858,-0.002449980808984324,12.648,12.584999999999999,12.417333333333334,0,3,3,12.560523943874202,12.51388904713314,38.58267716535432,0.049359875654834795,0.10398278805665209,13.348468539316398,11.8215314606836,0.015973713973028325,0.024752647179016728,0.02777494072955916,-275829533.0,-0.9299662833988187,0,0,-1,0,0,-0.008972267536704685,-0.501671563769401,0.14824373706398042,0.3929360923572165,-0.057054741711642265,0.004105090311987025,0.09356983157484713,0.01962387571545382,0.0
2008-03-04,12.64,12.23,-0.004950505159856203,0.03278982282299097,0.0024844733276619658,0.271043062797735,0.03297443901963047,12.664,12.621500000000001,12.436333333333332,1,4,3,12.574974135897074,12.522025237640682,47.93103448275863,0.05155333317151012,0.0934968970796237,13.315755375431396,11.927244624568607,0.01922095074566787,0.02519828209536637,0.02832788342874749,-268717133.0,0.05329450993016526,0,0,-1,0,0,-0.011447260834014764,-0.022183727479215255,0.35859413611259894,0.4000103273423459,-0.023938223938223868,0.06129303106633088,1.6859666438771828,0.04905063291139248,0.0
2008-03-05,12.99,12.64,0.016407258951242083,0.023329207323051077,0.016407258951242083,0.24975881317494344,0.027313441963796842,12.684000000000001,12.685500000000001,12.469999999999999,2,5,3,12.650433383915786,12.552217157792896,48.46416382252559,0.08060457956581146,0.09091843357686126,13.249787160938107,12.121212839061895,0.019623399522261074,0.02529686255490679,0.028651557346017386,-259586833.0,1.079237739500504,0,0,-1,0,0,-0.027689873417721632,0.569825158295666,0.40447431423933305,0.40157524362279234,0.018823529411764683,0.1093082835183603,0.2835222565013865,0.05542725173210167,0.0
2008-03-06,12.5,12.99,0.04844138778968314,-0.008490981156787444,0.013737589781363867,-0.31092488968942017,-0.03845118637425272,12.671,12.7125,12.461333333333332,3,6,3,12.623081859567462,12.548848308903032,47.65100671140938,0.06335863779991158,0.08540647442147133,13.172700185273648,12.252299814726353,0.022986760600210696,0.026755054446216335,0.02708479987374256,-266277233.0,-0.9235111449320345,0,0,-1,0,0,-0.006928406466512691,-0.09705105602822142,0.49265936699062635,0.42472332227208826,-0.003984063745020028,0.04515050167224066,-0.032799740663863396,0.03519999999999996,0.0
2008-03-07,12.19,12.5,-0.0411450441111763,-0.011696039763191298,-0.027666532718138827,-0.08597922257462809,-0.02511270081507533,12.603,12.677000000000001,12.469333333333333,4,7,3,12.544339703282468,12.525696805102838,42.98780487804876,0.024395479575344936,0.07320427545224606,13.183509209143288,12.170490790856714,0.022968229669234775,0.020558261599085748,0.024799434406490437,-272416433.0,-1.9229660239493649,0,0,-1,0,0,-0.009599999999999937,-0.11918988255262832,0.4976919506337229,0.3263522854739397,-0.005709624796084833,-0.055038759689922556,-0.015891970814981362,0.05168170631665306,0.0
2008-03-10,12.07,12.19,-0.01382697913383672,-0.026223195099102443,-0.008285051534106806,0.08190540912844275,-0.009892908383739924,12.513000000000002,12.6405,12.471333333333332,0,10,3,12.458096120867474,12.496297011225236,43.653250773993804,-0.01598187207723889,0.05536704594634907,13.210872915869512,12.070127084130487,0.022536410023794782,0.020591016023018546,0.024863823124356633,-279079633.0,-2.000445617689588,0,0,-1,0,0,0.0016406890894176663,0.24213297238632234,0.5020317834417027,0.3268722458343199,-0.013082583810302584,-0.05703124999999998,0.20879095975545353,0.03314001657000831,0.0
2008-03-11,12.4,12.07,0.008968669982760316,-0.0016116038943415328,0.0016625107736134572,-0.15550229521316666,0.026973437501551126,12.458,12.620000000000001,12.479000000000001,1,11,3,12.447533189800659,12.490084300823609,44.00000000000001,-0.02110963337681504,0.04007171008171625,13.19418133940935,12.045818660590651,0.025018833228928648,0.021658185254075882,0.02524272493015943,-273376033.0,-0.7663084287145626,0,0,-1,0,0,0.020712510356255178,-0.2901419355576895,0.4755055815751573,0.3438130321875063,-0.01898734177215189,-0.032006245120999255,0.1445627870136014,0.029032258064516224,0.0
2008-03-12,11.49,12.4,0.00647251450561752,0.0,-0.0519929620739556,0.9511348693092858,-0.07621938075032685,12.332,12.5565,12.458666666666668,2,12,3,12.27343624620054,12.425562733028539,35.749999999999986,-0.09747913714854306,0.012561540635664389,13.316369102300644,11.796630897699355,0.03329263555676966,0.026995722371692545,0.028650192605967014,-288140633.0,-2.807062418437526,0,0,-1,0,0,0.0,3.0561053485449703,0.5866985209769054,0.4285438071482475,-0.11547344110854507,-0.09952978056426331,0.08182128898812616,0.08442123585726724,0.0
2008-03-13,11.7,11.49,-0.10089023552692261,-0.04790346063303902,-0.02749618898428302,-0.3975182251216363,0.018111749943046103,12.247,12.4875,12.452666666666666,3,13,3,12.169175110527712,12.378752234123471,35.26448362720403,-0.13944978383979922,-0.017840724259428335,13.296264489823596,11.678735510176406,0.034346089715304215,0.026638987165740476,0.02868383799794041,-278219033.0,-1.9474148776531175,0,0,-1,0,0,-0.024369016536118306,1.1179612181008176,0.6349831089434544,0.42288081131514405,-0.06400000000000006,-0.10550458715596334,-0.8821888581921027,0.05982905982905992,0.0
2008-03-14,11.64,11.7,0.05214039312520227,0.01010109598650392,0.017825783952600666,-0.13627665070714268,-0.00514139950041854,12.184999999999999,12.4375,12.45,4,14,3,12.072961454068128,12.331090799663894,33.07888040712467,-0.17552992259973266,-0.0493785639274892,13.326257263646177,11.548742736353823,0.03384399631299454,0.02578718752355503,0.028590193917930884,-286876633.0,-1.7946407475269701,0,0,-1,0,0,0.009401709401709505,0.6167900131470381,0.6262406195121601,0.40935891119468504,-0.04511894995898269,-0.07911392405063289,-1.4049964142516171,0.05326460481099649,0.0
2008-03-17,11.57,11.64,-0.036210852750180135,-0.01774444529907184,-0.0026536946134663566,0.0518239011421695,-0.0060319010977065365,12.119,12.383500000000002,12.429666666666666,0,17,3,11.98151391696483,12.281988167427514,32.663316582914575,-0.2073815421683438,-0.08097915957566013,13.34606838444678,11.420931615553224,0.033836997549596834,0.025768432296820822,0.02763491948781329,-295994733.0,-1.6902695188094055,0,0,-1,0,0,-0.02147766323024055,0.7734588636058829,0.6263317273089547,0.409061181200357,-0.04142502071251031,-0.0853754940711462,-1.5013554037088765,0.03802938634399319,0.0
2008-03-18,12.16,11.57,0.03026603694085964,0.03682424433405162,0.018429657207633815,-0.14719068021961312,0.049736335332435815,12.071,12.3675,12.438,1,18,3,12.013965932062133,12.274117963077353,43.24942791762014,-0.18290766528143365,-0.10136486071681483,13.3339449231453,11.4010550768547,0.036401156273147085,0.028433504444069654,0.028931565952622605,-288124633.0,-0.4294088468584214,0,0,-1,0,0,0.014693171996542777,0.4163099829872323,0.7246842898667613,0.4513678899663489,-0.01935483870967747,-0.02564102564102566,-0.7901991998150824,0.05509868421052631,0.0
2008-03-19,11.76,12.16,0.031029743165050465,0.0130614101768172,0.022356907101276396,0.11228304408911265,-0.03344793406754013,11.948,12.315999999999999,12.439666666666666,2,19,3,11.967790308050835,12.240949062233653,41.35667396061268,-0.19355738948363843,-0.11980336647017956,13.297307398589231,11.334692601410767,0.035712977649951516,0.028611890919167927,0.02942011424183475,-296929933.0,-1.1331821217272537,0,0,-1,0,0,-0.004111842105263217,0.712495962121989,0.49894964035645617,0.4541996874685536,0.023498694516971286,-0.08053166536356526,0.5674999397440689,0.04846938775510207,0.0
2008-03-20,12.26,11.76,-0.013300279187481253,0.002430134853291669,-0.0008507018803129225,-0.2678133107042375,0.041637988037584575,11.924000000000001,12.2975,12.449666666666667,3,20,3,12.020919342950682,12.242178154992773,50.0,-0.1598093683943862,-0.1278045668550209,13.267771258869976,11.327228741130023,0.03758696474601517,0.03032436808799578,0.030179947810406994,-290193433.0,-0.07729797138106291,0,0,-1,0,0,0.016156462585033973,-0.13078568015469788,0.5647770574063496,0.48138441975612045,0.047863247863247915,-0.029295328582739533,0.17002599219387496,0.04975530179445346,0.0
2008-03-24,12.18,12.26,0.028054645200423788,0.0,0.02935221201252737,-0.17760324662905322,-0.006546668226314333,11.923,12.263,12.425666666666666,0,24,3,12.04984309877783,12.238166661122271,49.48240165631469,-0.13792918812908184,-0.12982949110983308,13.195909427543564,11.330090572456436,0.036752106387557354,0.029971326720902268,0.026426993436898076,-295833733.0,-0.17793795956923011,0,0,-1,0,0,0.0024469820554648743,-0.5786709455586964,0.5672001745071293,0.47578006179703425,0.04639175257731942,-0.053613053613053574,0.19748900643082998,0.021346469622331676,0.0
2008-03-25,12.46,12.18,-0.0065306354553299655,0.015255213548248355,0.0,-0.06213609985369675,0.02272825107755631,11.962,12.2375,12.414333333333333,1,25,3,12.124417080818224,12.252478489436966,48.08510638297873,-0.09687857181718584,-0.12323930725130364,13.115293285820327,11.359706714179675,0.037186003172249404,0.030430684414927196,0.026772837628129025,-290533233.0,0.506953068778754,0,0,-1,0,0,0.0024630541871922115,-0.7442310272594992,0.5540717910718074,0.4830721391243186,0.07692307692307687,-0.03932151117964533,-0.5677852929699297,0.03611556982343508,0.0
2008-03-26,11.8,12.46,0.013018898281783108,-0.003992021269537561,-0.028501510132214584,0.2565642780450615,-0.054423981887688065,11.902000000000001,12.180000000000001,12.380666666666666,2,26,3,12.065432157033094,12.22328632882813,38.12375249500998,-0.11626195138117268,-0.12184383607727745,13.010675058390017,11.349324941609986,0.04009922877041803,0.032529457932516395,0.028428195913579684,-297384033.0,-0.9149185259913863,0,0,-1,0,0,-0.007223113964687129,-0.17547968492244856,0.6210376758657721,0.5163891358390542,-0.02960526315789469,-0.08880308880308874,0.028130530633440107,0.06271186440677967,0.0
2008-03-27,12.19,11.8,-0.035380078439940475,0.0015987213636970735,0.007623925110659366,0.4002844318153814,0.032516412021560956,11.972,12.152000000000001,12.361666666666666,3,27,3,12.088080855754349,12.221138823742447,46.84317718940937,-0.09901232623750467,-0.1172775341093229,12.938346649151162,11.36565335084884,0.033237246921466755,0.03343662731544912,0.02914957243711311,-287160933.0,0.0966494866889008,0,0,-1,0,0,0.011864406779660913,1.1323947613400027,0.6133660066870293,0.5307900033445657,0.03656462585034004,-0.043921568627451,-1.1999976751309966,0.054963084495488104,0.0
2008-03-28,12.03,12.19,0.023997841734625044,-0.01124509841550229,0.0,0.07853141163614967,-0.013212413506592665,12.005,12.126,12.326666666666666,4,28,3,12.077520700162648,12.208807286726804,48.319327731092436,-0.09713284982878712,-0.11324859725321575,12.891035946867651,11.360964053132347,0.03347613677687154,0.033385143370338884,0.028798518247045657,-298219233.0,-0.25096859930062243,0,0,-1,0,0,0.003281378178835187,1.3351073241398332,0.5375385299305406,0.5299727210529206,-0.01876019575856447,-0.04143426294820729,-0.6127254872484239,0.044056525353283554,0.0
2008-03-31,12.4,12.03,-0.014827289762416984,0.004030638266169639,0.016736792355523826,0.27989293780442503,0.030292942624403716,12.081,12.133,12.318666666666667,0,31,3,12.136153300133074,12.221142300486367,53.293413173652695,-0.065037728997698,-0.1036064236021122,12.905721778758762,11.360278221241236,0.034384560507157325,0.03372788681195442,0.028788237919688413,-283589233.0,0.691063736883121,0,0,-1,0,0,0.0016625103906900542,2.2858473328756634,0.5864514319525138,0.5354136045129991,0.01806239737274229,0.011419249592169667,-1.1709736006264906,0.0306451612903225,0.0
2008-04-01,12.75,12.4,0.03826270573528833,0.02698576452182822,0.0326559629740525,0.03371105734231166,0.02783479899344384,12.199,12.159,12.322,1,1,4,12.24776179101797,12.255262152067893,53.47912524850894,-0.011230580437755933,-0.08513125496924094,12.979010269511878,11.338989730488123,0.03466184735676212,0.03425074758616786,0.02925393036805149,-268457633.0,1.4414453622679626,0,0,-1,0,0,0.009677419354838646,2.0664908528724335,0.5981185029413282,0.543713761986276,0.02327447833065799,0.042518397383483286,-1.186141728469636,0.025098039215686298,0.0
2008-04-02,12.78,12.75,0.01741928447206488,0.015540328283904578,0.012769527066111595,-0.7207932767238403,0.0023501773449534514,12.261,12.166,12.332,2,2,4,12.344532374469248,12.28911620677319,65.54216867469879,0.03344716365265832,-0.061415571244861085,13.005458472061285,11.326541527938716,0.031594174610325924,0.03347215085086671,0.029132951913984968,-261098133.0,1.4628478249610744,0,0,-1,0,0,-0.0007843137254901793,-0.47819046277768207,0.3265072400282549,0.5313539219869942,0.08305084745762703,0.011075949367088445,-0.8873677853844869,0.028169014084507137,0.0
2008-04-03,12.71,12.78,-0.0047207011349374535,-0.017892348184335247,-0.01679367736583695,0.28633936831627343,-0.00549236374802592,12.356,12.152,12.329333333333333,3,3,4,12.410981033656656,12.316269999884598,62.59351620947634,0.062485884365630184,-0.036635280122762834,12.941446174959113,11.362553825040886,0.02897953233733428,0.032901631626610035,0.02880889382695112,-270897633.0,1.4136492586816347,0,0,-1,0,0,-0.007824726134585262,0.30916094658312204,0.31602434858834677,0.5222972100736062,0.042657916324856604,-0.021555042340261732,0.2853268682975638,0.026750590086546015,0.0
2008-04-04,12.66,12.71,-0.01991304348646011,0.009375068665455882,0.002416432911628584,-0.3996348997466206,-0.003941668485332639,12.396,12.16,12.330333333333332,4,4,4,12.456257209355446,12.338446128924302,62.74999999999999,0.08053632498843655,-0.013200959100522956,12.96733479652737,11.35266520347263,0.0264789463066362,0.03174055321679734,0.02872088913484919,-277468833.0,1.2386435024247073,0,0,-1,0,0,-0.02202989771833211,-0.7424799179168594,0.28112314950063516,0.5038656617235419,0.052369077306733125,0.012799999999999923,0.5017824165063105,0.03396524486571878,0.0
2008-04-07,12.72,12.66,0.015169951590447378,-0.008590447205038133,0.0056157387856357035,-0.4514287374575353,0.004728141195945896,12.45,12.186499999999999,12.325333333333333,0,7,4,12.50421044401809,12.363062507703379,64.41102756892232,0.09854694000643605,0.009148620720868845,13.031878146468188,11.34112185353181,0.026241991383438676,0.031152769893906817,0.02852108513149455,-273284833.0,1.2621570648090494,0,0,-1,0,0,-0.003159557661927403,-1.4333439149824236,0.21532311626317863,0.4945348907405848,0.02580645161290329,0.04347826086956541,1.710802338783226,0.019654088050314465,0.0
2008-04-08,12.67,12.72,0.010248414491368204,0.007034026657379982,-0.0008003201707691552,0.46488178736881364,-0.003938563578928485,12.471,12.2165,12.315333333333335,1,8,4,12.534353999651163,12.382864926561226,57.39130434782608,0.10754617467858552,0.02882813151241218,13.086691146575633,11.346308853424366,0.02552389555193111,0.031056389287745404,0.028491239131464237,-279945033.0,1.0422997333048216,0,0,-1,0,0,0.0023584905660376855,-0.6558645992946689,0.07148537384508406,0.49300489604990827,-0.006274509803921524,0.049710024855012414,0.672871879053376,0.027624309392265164,0.0
2008-04-09,12.5,12.67,-0.003929278139889661,-0.004683849312426426,-0.010462872107941602,0.011524579692975543,-0.013508350024792193,12.541,12.2215,12.300333333333333,2,9,4,12.528107817896405,12.390422028073406,61.49068322981366,0.09981000612054203,0.04302450643403815,13.097261923908599,11.345738076091402,0.01802870104657689,0.03070295886455811,0.02859020776491076,-286682433.0,0.6360176034076265,0,0,-1,0,0,0.0023677979479083946,-0.6569181563234309,0.10240012840028884,0.4873943620168009,-0.021909233176838794,0.008064516129032251,0.048267390183925105,0.03359999999999999,0.0
2008-04-10,12.94,12.5,-0.017474630523263885,0.01475754937896387,0.00966191091173689,-0.02671397913805385,0.034594644764498965,12.616,12.294,12.306666666666667,3,10,4,12.602997305551604,12.425878671423508,60.759493670886066,0.1277111845309573,0.05996184205342198,13.154731634929306,11.433268365070695,0.018397049461117615,0.026146265093966444,0.02918350106112111,-280122633.0,1.5010485818917456,0,0,-1,0,0,-0.0015999999999999658,-0.6439941147696288,0.29728600757111795,0.4150590909108244,0.01809598741148699,0.12619669277632717,1.5999654981359595,0.037867078825347775,0.0
2008-04-11,12.65,12.94,0.029994355868191616,-0.0023157092555980926,0.007980888331012832,0.14257223255396226,-0.022666073899225175,12.678,12.3415,12.31,4,11,4,12.611543249996767,12.44033811197683,56.97329376854601,0.12498178089773937,0.07296582982228547,13.168397180650693,11.514602819349307,0.019667875551319033,0.026740217848383475,0.02934076392515055,-287687633.0,0.7461629020363536,0,0,-1,0,0,-0.0061823802163833135,-0.2505857321157845,0.35132860369637176,0.4244877985830801,-0.0007898894154818592,0.08119658119658135,1.144527443025318,0.02845849802371537,0.0
2008-04-14,12.71,12.65,-0.014884724476425642,-0.0030959777051280096,0.003966685090105338,-0.29855391170261547,0.004731870027833413,12.709,12.395,12.325,0,14,4,12.62944447727008,12.457735653139617,53.96825396825397,0.12620539023470023,0.08361374190476843,13.167460184632024,11.622539815367976,0.017516264671967072,0.026648954601471948,0.02900066111800575,-282075233.0,0.8155760161284098,0,0,-1,0,0,0.0015810276679841559,-0.8694965462430522,0.35133176451031134,0.423039039452071,-0.0007861635220125507,0.09192439862542967,1.1443368350650474,0.021243115656962987,0.0
2008-04-15,12.35,12.71,0.011769457159476408,0.003095977705127992,-0.046180745063360396,0.5645214179076864,-0.02873302212737659,12.669,12.434,12.329,1,15,4,12.578636390493703,12.450784965840286,59.64912280701752,0.09700787173534486,0.08629256787088373,13.102900118418798,11.7650998815812,0.017455437367639225,0.02757385211684236,0.02950599572937911,-291945233.0,-0.2511585741637057,0,0,-1,0,0,0.008654602675058963,0.5895846447116944,0.40696221227914003,0.43772133233542093,-0.02525651144435681,0.0674157303370786,1.1395638371177303,0.07125506072874487,0.0
2008-04-16,12.5,12.35,-0.016516301515695872,-0.013224619028306583,0.02376187177494666,-0.08524449452455347,0.01207258123426924,12.641000000000002,12.450999999999999,12.324333333333334,2,16,4,12.564338864949393,12.453960129334462,55.93869731800767,0.08499263220752695,0.08603258073821238,13.10775117454237,11.794248825457627,0.018056332798868945,0.02533936108826653,0.028939882947893236,-282881733.0,0.14921937531103702,0,0,-1,0,0,0.02105263157894735,0.29063906775299664,0.41343920853058047,0.4022498869249215,0.0,0.02796052631578938,0.2200484417938177,0.03359999999999999,0.0
2008-04-17,12.61,12.5,-0.019215963572431702,0.006245141296780877,-0.008130126083250176,-0.30585619253657514,0.00876150566857267,12.631,12.493500000000001,12.311666666666667,3,17,4,12.572640889504049,12.464027217764496,61.328125,0.08338533477453502,0.08550313154547691,13.066663887648973,11.920336112351029,0.018319231598472995,0.02402573469834635,0.028519932863080383,-276206533.0,0.4065154923764065,0,0,-1,0,0,-0.010400000000000062,-0.49092050938024123,0.2997832092704847,0.3813967144646393,-0.025502318392581103,0.07227891156462585,-0.5774586415155163,0.04758128469468673,0.0
2008-04-18,12.57,12.61,0.03182448364005141,-0.0062451412967808595,0.012976662225779785,0.08968064011412744,-0.003177127374672013,12.622,12.509,12.314,4,18,4,12.572160727776039,12.470864171457109,53.81165919282511,0.07798491274271058,0.08399948778492364,13.072257443242465,11.945742556757535,0.018305585582141973,0.02225449794872366,0.027653348806060483,-283508033.0,0.21659722647905208,0,0,-1,0,0,0.012688342585249814,-0.2876091718342285,0.2575673385533325,0.35327920274951924,-0.006324110671936722,0.02528548123980423,-1.6093639884184319,0.028639618138424774,0.0
2008-04-21,12.3,12.57,-0.02297130710316624,-0.013401856087015655,-0.017886655723335757,0.019462859637583128,-0.021713760223784247,12.58,12.515,12.317666666666668,0,21,4,12.522676959089486,12.459840676524392,39.534883720930246,0.05132663436743101,0.07746491710142511,13.065922671046764,11.964077328953238,0.019311807998740542,0.022782779401852554,0.027554823447548605,-290953033.0,-0.7805088129391948,0,0,-1,0,0,-0.0071599045346061934,-0.2744190904915887,0.28546213815640786,0.3616654108328805,-0.032258064516129004,0.009852216748768461,-0.28803340655714066,0.03333333333333334,0.0
2008-04-22,11.78,12.3,-0.02105340919783238,-0.017614546700982208,-0.0350620222209948,0.1948905449076322,-0.043196084154931244,12.491,12.481,12.308,1,22,4,12.387644784709579,12.415979987716367,31.060606060606062,-0.011625881560407336,0.059646757369058626,13.122672157643105,11.839327842356894,0.02294215929690511,0.024065953916385545,0.02859802170796792,-300000033.0,-2.1849163678062915,0,0,-1,0,0,-0.006504065040650412,0.226535497621228,0.36032141392530787,0.3820351747577825,-0.04615384615384621,-0.054574638844301915,-0.7939700966962641,0.051782682512733554,0.0
2008-04-23,12.17,11.78,-0.02821763980895041,-0.005670327060087903,-0.001700680682017331,0.11032001086606749,0.032570728775995296,12.458,12.4995,12.300333333333333,2,23,4,12.348073005671473,12.400110311089506,40.87837837837837,-0.029704053508879724,0.041776595193470954,13.076587971036833,11.922412028963166,0.026012397449035315,0.022193878823808154,0.028809576775504997,-289897833.0,-1.1419402813335333,0,0,-1,0,0,0.008488964346349867,0.5479023602498028,0.4564462305686829,0.35231690397419446,-0.02639999999999998,0.031355932203389836,0.030509804675877796,0.046014790468364875,0.0
2008-04-24,12.7,12.17,0.023295562603522082,0.03668672984808581,0.034298635947852964,-0.07238401612355405,0.04262808646510967,12.434000000000001,12.525,12.340666666666666,3,24,4,12.412059731913022,12.4194580329547,50.5813953488372,-0.0012501534285220828,0.03317124546907235,13.089437307133242,11.960562692866759,0.02744670145624626,0.02307899173319961,0.02637663566306521,-280501033.0,0.6200865810547437,0,0,-1,0,0,-0.0008216926869350688,0.3110988339054017,0.5741469516763938,0.3663676358169703,0.007137192704202988,0.041837571780147575,0.02467033278908749,0.048031496062992084,0.0
2008-04-25,12.73,12.7,0.03554493741941129,0.007023048765025345,0.02437163682128617,-0.488546706161764,0.0023594191047697356,12.442,12.56,12.375,4,25,4,12.46986705338338,12.439492998570529,50.146627565982406,0.02345019738575793,0.03122703585240947,13.080283323624458,12.039716676375543,0.026452762728289027,0.022792093061574963,0.026232563388632692,-274735933.0,0.6534900977249319,0,0,-1,0,0,-0.007874015748031468,-0.9095072403343594,0.5723806962667898,0.3618132605974087,0.012728719172633296,0.058187863674147966,-0.12745773773524616,0.03142183817753327,0.0
2008-04-28,12.91,12.73,0.011834457647002798,0.010827638652063393,0.007993647680745584,0.07907755134141788,0.014040792289235998,12.462,12.5855,12.417333333333334,0,28,4,12.549891225495493,12.469848288985334,53.389830508474574,0.05689405973443051,0.036360440628813676,13.12248867968037,12.04851132031963,0.026767675425485773,0.0220198134528984,0.026258796544485232,-268496433.0,1.2085915859274792,0,0,-1,0,0,0.0015710919088766358,-0.6876413113532986,0.530530329381987,0.3495537018744219,0.04959349593495932,0.04112903225806441,-1.0660284462858736,0.03408210689388067,0.0
2008-04-29,13.34,12.91,0.02018702091997864,0.027315810646962924,0.02980612803270183,0.23276773659802308,0.03276483562892642,12.561,12.615,12.476333333333335,1,29,4,12.693547366314494,12.525987109050797,61.05263157894737,0.11675014493940772,0.05243838149093249,13.246539472450262,11.983460527549738,0.026126796647754406,0.022362016827699102,0.026729671704252077,-260621633.0,2.2959768363713726,0,0,-1,0,0,0.007745933384972862,0.23823564375706538,0.2643013310604984,0.35498601203960006,0.13242784380305617,0.04627450980392145,-0.574965854706342,0.031484257871064465,0.0
2008-04-30,13.24,13.34,0.028789867178667345,0.010424517335884207,0.014576399241950389,0.27580838401399943,-0.007524489978615425,12.635,12.638000000000002,12.512333333333334,2,30,4,12.792902390620949,12.572052456853973,54.335260115606935,0.1543382442317469,0.07281835403909537,13.325837190038163,11.95016280996184,0.026519912104758132,0.022473625630473327,0.025365141850861847,-270997433.0,1.7504142221987131,0,0,-1,0,0,0.0037481259370315376,1.5776996810962645,0.336111100355395,0.3567577468571976,0.08792111750205422,0.03599374021909241,0.1871621624266893,0.027945619335347373,0.0
2008-05-01,13.52,13.24,-0.015049192973858023,0.006644542718668511,0.0007613247417596009,-0.06568157604701125,0.02092752010595582,12.725999999999999,12.6785,12.571,3,1,5,12.925101955962592,12.633210362863394,62.6086956521739,0.2043649517202546,0.09912767357532723,13.471529501010695,11.885470498989305,0.026944487099361137,0.022793164599943183,0.024625112335501617,-261281233.0,2.1222413514945693,0,0,-1,0,0,-0.003776435045317274,1.2031284473727726,0.25260805835297445,0.3618302707416642,0.0645669291338582,0.06372934697088906,0.003948066982300698,0.033284023668639,0.0
2008-05-02,13.45,13.52,0.02840250711755458,0.005137625979591613,0.006069821367075774,0.03952270079228945,-0.005190964566969918,12.813999999999998,12.718,12.610666666666667,4,2,5,13.020537963969392,12.685906468485111,60.69364161849708,0.23564667466173184,0.12643147379260816,13.582616738944335,11.853383261055665,0.02703854492918744,0.02281573753786528,0.023636069433914268,-271389133.0,1.6932357818881543,0,0,-1,0,0,0.0036982248520710586,1.2794911693880537,0.2765674328693181,0.36218860502227596,0.05655930871955994,0.06240126382306466,0.07436307303697741,0.032713754646840114,0.0
2008-05-05,13.4,13.45,-0.03448617607116932,-0.007347571630394522,-0.016781476962003543,-0.59069356592988,-0.003724399090982328,12.924000000000001,12.751999999999999,12.651333333333334,0,5,5,13.0895310614295,12.731977018905429,66.66666666666669,0.25348111087329706,0.15184140120874595,13.668850444097442,11.835149555902555,0.025490214368615222,0.02286553630367231,0.023601095701271405,-276988333.0,1.4135347900450634,0,0,-1,0,0,-0.025278810408921923,-1.3736543577944085,0.29310631232361345,0.362979135921816,0.03795507358636718,0.05345911949685522,0.823940512439841,0.04179104477611944,0.0
2008-05-06,13.37,13.4,0.01438873745209967,-0.008145176464401542,-0.0038535693159900777,0.05376826170374038,-0.0022413158430139818,13.083000000000002,12.786999999999999,12.681666666666668,1,6,5,13.140525413896864,12.773139791879274,64.35643564356434,0.262172123735656,0.17390754571412798,13.74326686431615,11.830733135683849,0.018835346754579898,0.022842226192707947,0.02332904395166724,-282896833.0,1.2193249013535943,0,0,-1,0,0,-0.007462686567164152,-1.1397877508123577,0.1857730660885049,0.3626090993819459,0.002248875562218755,0.055248618784530246,2.08175699026895,0.037397157816005985,0.0
2008-05-07,12.99,13.37,0.003752349618550372,0.001485884374424553,-0.0015455953617805973,0.25370172995256335,-0.02883356043134354,13.165000000000001,12.811499999999999,12.721333333333332,2,7,5,13.113157156824705,12.787130773048354,55.75757575757577,0.23568021502399183,0.18626207957610075,13.761896593117887,11.86110340688211,0.021378421450629317,0.02364018287605798,0.02168472931436233,-290511633.0,0.3756326596550835,0,0,-1,0,0,-0.0014958863126402077,-0.16472960689284288,0.2786994684398268,0.3752762690288225,-0.018882175226586084,0.039200000000000124,0.012635746702689498,0.041570438799076286,0.0
2008-05-08,13.23,12.99,-0.023494828347751656,-0.0037188588787368903,0.002410086446525653,-0.3976622004899743,0.018307147444356107,13.218,12.825999999999999,12.756,3,8,5,13.134401310129304,12.815702981238783,59.42857142857142,0.23138393081942077,0.19528644982476479,13.793349063433606,11.858650936566391,0.01774358274653342,0.02268765796335279,0.02115510889971263,-285395333.0,0.8352724270306376,0,0,-1,0,0,0.0038491147036180855,-1.5260605530998659,0.2639564278668819,0.36015540480915387,-0.02144970414201175,0.022411128284389514,-0.2258181583753401,0.03467876039304611,0.0
2008-05-09,12.99,13.23,0.0015325673497782106,-0.02413390133642986,-0.008616467889062892,0.2778070373194157,-0.018307147444356128,13.244,12.843,12.788,4,9,5,13.10814652646943,12.82694795019112,59.942363112391924,0.20623574312844184,0.1974763084855002,13.80927554095723,11.87672445904277,0.019115917450878234,0.022471291095926507,0.021305784459038583,-292150033.0,0.30426103894625367,0,0,-1,0,0,-0.0128495842781557,-0.5734027150892514,0.28233456021729986,0.3567206872701697,-0.0342007434944237,0.026877470355731292,0.3508891470136759,0.01924557351809084,0.0
2008-05-12,13.3,12.99,-0.00460476638674829,0.018154810280371744,0.01160554612030789,-0.5988563393241795,0.02358420454519998,13.282999999999998,12.872499999999999,12.818000000000001,0,12,5,13.14302897620226,12.857467437275563,73.31288343558285,0.20891182692464128,0.19976341217332844,13.85752204089664,11.887477959103357,0.020017590415888933,0.023013772872042853,0.021029098454137196,-288438733.0,0.8680008817079042,0,0,-1,0,0,0.0007698229407236171,-2.0361072130239344,0.3588844654715767,0.36533231849250053,-0.007462686567164201,0.046420141620771016,-0.03988418174252981,0.025563909774436077,0.0
2008-05-13,13.12,13.3,0.02055649088257929,0.0022463506263740154,-0.0030816665374080007,0.4167272225968405,-0.01362625171176522,13.261,12.911000000000001,12.830333333333334,1,13,5,13.138841889620029,12.874405021967462,65.57377049180326,0.19426873785414678,0.1986644773094921,13.86987873115018,11.952121268849822,0.01750164103147197,0.022193390684728073,0.020649712382942994,-294068733.0,0.4359258229647069,0,0,-1,0,0,-0.0022556390977444465,-0.953792872669597,0.36956077484473493,0.3523091550065278,-0.018698578908002972,0.06234817813765181,0.39000081532962916,0.03124999999999988,0.0
2008-05-14,13.5,13.12,-0.009084089720342473,0.020726130517116952,0.012270092591814183,0.3256937273482222,0.02855190192844086,13.287,12.961000000000002,12.854333333333333,2,14,5,13.204507000598205,12.914765988292142,63.793103448275865,0.2108957337350521,0.20111072859460413,13.933828756499942,11.988171243500062,0.01976988836842523,0.022856388708426656,0.02126510437143335,-286271233.0,1.1081086910695797,0,0,-1,0,0,0.002286585365853745,0.20480909491953586,0.3503106625016853,0.36283392234913037,0.03926096997690531,0.08000000000000007,-0.5063596614934185,0.03925925925925934,0.0
2008-05-15,13.45,13.5,0.02478534686038743,-0.011049836186585046,0.011368064828173196,0.010765822057263386,-0.003710579396535713,13.280000000000001,13.003,12.879,3,15,5,13.24914209139853,12.94929721485394,62.32876712328765,0.21753060818607217,0.20439470451289773,13.984515476993856,12.021484523006144,0.018642342706496416,0.02289213324589563,0.021245922404014943,-294153133.0,0.9108363759460054,0,0,-1,0,0,-0.00148148148148145,0.21811350477583716,0.343551847122389,0.363401349290362,0.016628873771730834,0.06661379857256144,0.39302702680715235,0.017100371747211927,0.0
2008-05-16,13.39,13.45,-0.011940440371917863,0.00221975673831281,-0.00453172980988208,-0.5019082706819132,-0.004470946344766899,13.274000000000001,13.044,12.903333333333334,4,16,5,13.274752620235162,12.9777296526053,58.57142857142858,0.21546356556865653,0.2066084767240495,14.017834526092626,12.070165473907375,0.018623148436869897,0.022913643347078554,0.02125130606851504,-298924633.0,0.7105930026701287,0,0,-1,0,0,-0.009665427509293606,-1.2948815100811146,0.30029354181366896,0.36374281156079713,0.030792917628945427,0.06523468575974545,0.451079867488654,0.023898431665421844,0.0
2008-05-19,13.22,13.39,0.005241494590838192,0.0014771051430134449,-0.0022735894598728554,0.051087887146013575,-0.012777325279540862,13.256,13.09,12.92,0,19,5,13.264797598374223,12.993359997598507,47.63779527559057,0.1978274089245975,0.2048522631641591,14.000731342903538,12.179268657096461,0.019018912954115,0.022491697731753888,0.021414087624425274,-303946233.0,0.28548484910059807,0,0,-1,0,0,0.0,-1.0721345196514949,0.27620637239636525,0.357044632571138,-0.006015037593984918,0.0747967479674796,1.8655740150673223,0.027987897125567394,0.0
2008-05-20,13.0,13.22,-0.015807630628719996,-0.01711988221346682,-0.019924030719905346,0.356310451838499,-0.016781476962003543,13.219,13.151,12.931000000000001,1,20,5,13.216652580487999,12.993788384850216,45.48872180451128,0.16420560632398562,0.19672293179612443,13.824932684440661,12.477067315559339,0.01964235206706333,0.020353337173443366,0.02164983129279815,-311117333.0,-0.44811597207315784,0,0,-1,0,0,-0.00302571860816951,0.021561868865769714,0.2857458152137819,0.32309921106706474,-0.009146341463414531,0.10356536502546687,1.7265217722094912,0.030769230769230795,0.0
2008-05-21,12.43,13.0,-0.01298223654994724,-0.018947137476112492,-0.04431104632491114,0.5314834435797421,-0.04483645193891701,13.163,13.164000000000001,12.928666666666667,2,21,5,13.07362483858109,12.957414940666332,31.52542372881358,0.09052236375856282,0.1754828181886121,13.7642595929653,12.563740407034702,0.02231635057257803,0.021994569861022953,0.023021920392226666,-323318633.0,-2.4456085620357055,0,0,-1,0,0,0.0007692307692307529,2.2436812136198787,0.2597217564032828,0.3491529722766193,-0.07925925925925925,0.021364009860312283,-1.6453978584881797,0.05711987127916338,0.0
2008-05-22,12.51,12.43,-0.04480120521338059,-0.020874356710559074,0.006451635281488595,-0.6757842650392414,0.0064154189562000375,13.091,13.154499999999999,12.914333333333333,3,22,5,12.971147595202709,12.928549460623344,34.12162162162164,0.03814350005336031,0.14801495456156175,13.790622298734187,12.51837770126581,0.021258442143985798,0.01968562384558323,0.022088401022313037,-317111133.0,-2.0263399075381603,0,0,-1,0,0,0.0008045052292839732,-0.39997746710086163,0.29781136425522736,0.3124995905914572,-0.06988847583643121,-0.014960629921259794,-1.0209992300570112,0.028776978417266286,0.0
2008-05-23,12.26,12.51,0.0,-0.022117805253619106,-0.018661799188419943,-0.09589190354385813,-0.02018639397075438,13.018,13.131,12.901333333333334,4,23,5,12.841848032438579,12.885417237357323,31.96202531645571,-0.0232717749299578,0.11375760866325783,13.860957460908748,12.401042539091252,0.02138902154299596,0.02013943630496934,0.02201116611186192,-322751033.0,-2.386440434256714,0,0,-1,0,0,-0.005595523581135115,-0.6580303235291651,0.2858426848046563,0.31970364004784674,-0.08439133681852129,-0.03692065985860182,-0.36222354481438074,0.025285481239804137,0.0
2008-05-27,12.62,12.26,-0.004027391669982209,0.021336249918798723,0.013018898281783108,0.23518796143943038,0.028940926605001627,12.95,13.116499999999998,12.898333333333333,1,27,5,12.801512026540655,12.868293544624594,39.25501432664757,-0.04240600148463436,0.0825248866336794,13.87587023769321,12.357129762306787,0.022281679763878758,0.02103679767651979,0.022674316308460767,-315615733.0,-1.3076625217976674,0,0,-1,0,0,0.010603588907014745,0.010853734710330123,0.44216450437065796,0.3339488101995166,-0.045385779122541714,-0.022463206816421444,0.29782769135835185,0.03328050713153724,0.0
2008-05-28,12.75,12.62,0.03956212131004492,0.01320407533337743,0.014446479173396544,-0.14770830519022424,0.010248414491368204,12.913,13.087,12.911666666666667,2,28,5,12.792146203533262,12.86066170303591,46.2962962962963,-0.04654357497921602,0.056711194311100326,13.855596807585805,12.318403192414195,0.022541904378782875,0.01964967796433193,0.022099173870975753,-309460233.0,-0.8769227159777851,0,0,-1,0,0,0.021394611727416905,-0.40252313979403276,0.4537963594193787,0.31192896741676923,-0.019230769230769273,-0.04422788605697148,-0.5458286860790428,0.03215686274509805,0.0
2008-05-29,13.18,12.75,-0.010920545346660912,0.026647941482891582,0.011093616148503259,-0.015949771538675505,0.03316925746992598,12.881,13.084,12.934333333333335,3,29,5,12.862665075618123,12.881264173807788,49.27113702623905,-0.014952858201702668,0.04237838380853973,13.850547969453443,12.317452030546557,0.02332027411739156,0.021155359232742876,0.02280435711059778,-303402133.0,0.2504735615396622,0,0,-1,0,0,0.0,-0.3720067086634834,0.3395729322231461,0.33583091655643116,0.06033789219629937,-0.004531722054380682,-0.7336050646768256,0.047040971168437105,0.0
2008-05-30,13.06,13.18,0.041480601120718705,-0.0015037596818663988,0.020281506419250493,-0.06952830757940791,-0.009146405226076147,12.842000000000002,13.061000000000002,12.949333333333334,4,30,5,12.898544152778465,12.892795517433091,51.05740181268882,0.00039545674593988167,0.03398179839601976,13.799559052265781,12.322440947734222,0.023422560631821045,0.02063781673637668,0.022854997455433696,-309053333.0,-0.002707975745293171,0,0,-1,0,0,0.008345978755690398,-0.49893366299229636,0.37190775981993035,0.3276151841266762,0.04396482813749003,-0.03402366863905315,-0.1879521779002597,0.026033690658499222,0.0
2008-06-02,12.99,13.06,-0.015927526696101306,-0.01135085966868945,-0.010089336653022687,0.06522729683012501,-0.005374293165776804,12.802000000000001,13.038,12.963333333333333,0,2,6,12.915172488636925,12.899066774372892,44.951140065146575,0.006831937610950689,0.028551826239005946,13.753853557502508,12.322146442497493,0.023431832566247552,0.02063955476483116,0.0228736439146845,-315085433.0,-0.13410564073318013,0,0,-1,0,0,0.001531393568146981,-0.2142448980263202,0.3097489599700367,0.3276427744730488,0.05954323001631323,-0.0342007434944237,0.10288453513018175,0.024634334103156297,0.0
2008-06-03,13.52,12.99,-0.005366053504638797,0.05045580528305928,0.01471184103188982,1.0139326712406682,0.039990239932309775,12.831999999999999,13.044,13.004,1,3,6,13.025141127066576,12.939126982477868,55.84795321637427,0.05407610993982104,0.03365668297916897,13.774490822738235,12.313509177261766,0.02678364381185819,0.02269055858350908,0.023546659426921034,-298458433.0,1.3032333471780513,0,0,-1,0,0,0.0015396458814472343,3.3894137489381233,0.3575867830343728,0.36020145072664234,0.07131537242472263,0.008955223880596996,0.24945204190349746,0.05991124260355033,0.0
2008-06-04,13.59,13.52,0.03326081352343409,-0.0072621960417846715,0.031027839019121824,-0.06532871317127513,0.00516415754823431,12.891,13.055000000000001,13.064333333333334,2,4,6,13.127842740327198,12.981118790059941,51.44694533762058,0.09605856848876826,0.046137060081088824,13.812294352838858,12.297705647161145,0.025919586434823796,0.022700774690537714,0.021907575006633366,-282882933.0,1.4129248369394347,0,0,-1,0,0,-0.0051775147928994295,2.3737992916465442,0.36280310621490275,0.3603636263980322,0.0658823529411765,0.01645474943904257,0.4405251418294789,0.022075055187638023,0.0
2008-06-05,14.21,13.59,0.018416726786231068,0.0737434742455492,0.02064970129054354,0.014298114837989819,0.044611713945957004,13.068999999999999,13.116,13.132333333333333,3,5,6,13.324598605722253,13.060401448765752,60.326086956521756,0.17731481301015073,0.0723726106669012,14.031306103528978,12.200693896471021,0.022496207825760044,0.023657108983418003,0.02257023849785501,-267083133.0,2.390457128565111,0,0,-1,0,0,0.00809418690213388,2.0362035900794466,0.41201121497847476,0.37554496265325654,0.0781487101669196,0.09391839876828345,0.4538333663811284,0.07529908515130192,0.0
2008-06-06,13.68,14.21,0.018083675433295327,-0.05711858827591378,-0.013225762219261137,-0.2731757997321849,-0.0380110299146049,13.185999999999998,13.138499999999999,13.165,4,6,6,13.38921704104548,13.100375548845381,53.49397590361445,0.19667722893989215,0.09723353432149939,14.087122824497383,12.189877175502614,0.027711317067055496,0.025192978594971015,0.02268731800677222,-279106133.0,1.141655009802041,0,0,-1,0,0,-0.0182969739619987,0.9681865529754409,0.5449384676225661,0.3999261368836004,0.04747320061255733,0.03401360544217691,-0.33096911678188423,0.03143274853801167,0.0
2008-06-09,14.19,13.68,-0.01808367543329535,0.02127739844728488,0.01176484157958643,-0.1802443677291889,0.03660257897754684,13.379,13.198500000000001,13.213666666666665,0,9,6,13.534813942673575,13.170673900532778,60.80178173719374,0.25028963767185886,0.12784475499157127,14.25341880455797,12.143581195442032,0.026886387649024217,0.02590204081446715,0.023547287285507243,-269066133.0,1.8797655245428202,0,0,-1,0,0,0.0014619883040935362,0.42490302715394945,0.5542638731706051,0.41118215066475,0.09237875288683606,0.09237875288683606,-1.328720278595313,0.04016913319238903,0.0
2008-06-10,13.91,14.19,0.021661496781179467,-0.006335818449085783,0.005103911918175821,0.2120946890093993,-0.019929485236599712,13.508,13.229,13.247000000000002,1,10,6,13.603029589460197,13.218372358562924,60.0,0.2671051757077656,0.15569683913481014,14.330518569019251,12.127481430980747,0.028421162200973918,0.026042446496027265,0.023849141980447606,-281478233.0,1.2364748432817363,0,0,-1,0,0,-0.013389711064129634,0.9277923281343249,0.566035794143614,0.41341102176116157,0.028846153846153966,0.045864661654135386,-0.07907669215097507,0.029475197699496775,0.0
2008-06-11,13.5,13.91,-0.01005033585350145,-0.007798692485818872,-0.01834913866819654,-0.5343792043968553,-0.029918320490967817,13.582999999999998,13.248000000000001,13.252333333333333,2,11,6,13.58429693683107,13.23654188381693,62.18678815489749,0.24452925621216082,0.17346332255028027,14.354699217445381,12.141300782554621,0.03105744861562176,0.026794228041580312,0.02383109218167266,-288752133.0,0.4554082916615708,0,0,-1,0,0,-0.0035945363048167298,-0.4156495598901757,0.6208265039568037,0.42534518381984837,-0.0066225165562914245,0.028963414634146423,0.5211858651341857,0.04074074074074079,0.0
2008-06-12,13.54,13.5,-0.0123413544613997,-0.004994658974090647,-0.01643054139609604,0.1318785750204332,0.0029585820397450414,13.619,13.25,13.262333333333334,3,12,6,13.576242948316327,13.256119826796484,61.83908045977011,0.22724579499808684,0.1842198170398416,14.358759382562571,12.141240617437429,0.029509022573679745,0.026025029098453258,0.023783948480671873,-280452833.0,0.5231071854918596,0,0,-1,0,0,0.014074074074074037,-0.1560033818388573,0.4775477128595827,0.41313452914636095,-0.04714989444053497,0.002962962962962834,1.0882153375126196,0.05169867060561308,0.0
2008-06-13,14.3,13.54,-0.008804165453579663,0.023330856762695265,0.02160232979849014,0.07331240798447074,0.05461126978173281,13.743,13.2925,13.288333333333332,4,13,6,13.70783513953154,13.323466934745097,70.98765432098766,0.2717417066395029,0.2017241949597739,14.494758838931512,12.090241161068489,0.03346034938105226,0.028810216304205077,0.02559351713639115,-271522233.0,1.6760117994148425,0,0,-1,0,0,0.002215657311669213,-0.005400269294071146,0.5812336421775756,0.4573480053534302,0.04532163742690076,0.06319702602230493,0.334786603078114,0.05174825174825176,0.0
2008-06-16,14.0,14.3,0.043971047257203535,-0.009126072464378184,0.013177350265802424,0.16814825249679055,-0.02120220765060305,13.844,13.323000000000002,13.306666666666667,0,16,6,13.760956023253076,13.367114229277671,64.375,0.27957478035697214,0.21729431203921357,14.565935405019948,12.080064594980056,0.03458255325650598,0.029282136856954757,0.02591090873627297,-282088133.0,1.0893566910488548,0,0,-1,0,0,-0.008391608391608461,0.35607946573055477,0.5517966086395978,0.46483951188036493,-0.013389711064129672,0.045556385362210516,1.6525038894773851,0.030714285714285694,0.0
2008-06-17,14.3,14.0,-0.0063671951933925814,0.022316128322547243,0.02442650179800853,-0.025614160700070335,0.021202207650603124,13.922,13.377,13.336666666666666,1,17,6,13.858964019025242,13.42730040803395,65.59356136820927,0.306457390473426,0.2351269277260561,14.692800336797054,12.061199663202947,0.03305280588525316,0.02933599915292527,0.026136730943171115,-271789433.0,1.402948417305902,0,0,-1,0,0,0.006428571428571418,0.2210820779561298,0.5468437412468342,0.46569454932145055,0.028037383177570208,0.0816944024205748,0.6640506968796588,0.02867132867132868,0.0
2008-06-18,14.14,14.3,0.0077766386966260995,0.0034423441909729197,-0.011420538118874574,0.011507806827822742,-0.01125187679743492,13.976999999999999,13.434000000000001,13.362333333333334,2,18,6,13.910061470111561,13.47328102687047,60.21276595744681,0.3112633398185327,0.2503542101445514,14.779470373629696,12.088529626370306,0.03350628875023435,0.029155524571386225,0.026243514522593037,-282207333.0,1.0494471135702725,0,0,-1,0,0,-0.006993006993007092,0.21129594028631893,0.48386212604323126,0.462829604157126,0.04740740740740734,0.08769230769230774,0.9377856696942833,0.04384724186704392,0.0
2008-06-19,14.8,14.14,0.0,0.023098853078416016,0.015669836297532398,0.21636494828153602,0.04561952030164263,14.036000000000001,13.5525,13.422666666666666,3,19,6,14.071868475545822,13.55887579933044,66.60305343511449,0.36413109682887423,0.273109587481416,14.942386402022025,12.162613597977975,0.03365149169520002,0.028249024302674123,0.026797803001712965,-269272933.0,1.7951107344961734,0,0,-1,0,0,0.004243281471004153,0.9014062261639523,0.5417410312879148,0.44843935851057326,0.09305760709010347,0.1906677393403058,-0.11333789072700874,0.05000000000000001,0.0
2008-06-20,14.11,14.8,-0.007067167223092443,-0.017615631663884662,-0.03158913051502354,0.09014216594552642,-0.047743414905346886,14.078999999999999,13.632500000000002,13.452,4,20,6,14.078801479992034,13.594432199373639,59.556313993174044,0.34635932700132166,0.2877595353853971,14.952147082007926,12.312852917992078,0.03504122761091872,0.030884625679467148,0.028240778277248604,-283427433.0,0.7236783326545942,0,0,-1,0,0,-0.04729729729729737,1.1208595188713406,0.580771268532759,0.490278233299136,-0.01328671328671338,0.12789768185451633,0.2887347232176851,0.06520198440822111,0.0
2008-06-23,13.89,14.11,0.00636269378782865,-0.017583628348618874,0.009437456615300417,-0.005639525527858776,-0.01571460909847012,14.049000000000001,13.714000000000002,13.482,0,23,6,14.0444739381753,13.613501089736632,53.33333333333334,0.31093860332444656,0.292395348973207,14.867637724764315,12.56036227523569,0.033350769901739824,0.030701570088855764,0.028180210032608104,-297502333.0,0.3051217834194096,0,0,-1,0,0,0.005669737774627929,0.9977426913325466,0.5709361983081431,0.48737231588598934,-0.007857142857142785,0.13295269168026103,0.19216640874560595,0.03851691864650829,0.0
2008-06-24,13.87,13.89,-0.02280925684521114,-0.022868190903659276,-0.022653508006826847,-0.3073292577944896,-0.0014409224395122218,14.044999999999998,13.776500000000002,13.501,1,24,6,14.012751403961607,13.630049406527817,52.54545454545453,0.2780484226280411,0.2895259637041738,14.809742723814281,12.743257276185723,0.03274426677741184,0.03027476942668473,0.027899616876460132,-307853133.0,0.18098361177872313,0,0,-1,0,0,-0.0014398848092153599,-0.09594321279205699,0.5362162959498395,0.48059706541697583,-0.030069930069930195,0.09904912836767044,0.7911986503520815,0.03749098774333103,0.0
2008-06-25,14.08,13.87,-0.002165284137216658,0.02530001423167591,0.022653508006826868,-0.3279240331571347,0.015027116403156284,14.103,13.843,13.533,2,25,6,14.024978421423132,13.659078477074411,48.7229862475442,0.2658632562974894,0.284793422222837,14.763070935480052,12.922929064519948,0.031258973496153246,0.030337250496188305,0.027848243638916324,-300396233.0,0.5151776691573116,0,0,-1,0,0,-0.0021629416005767383,-0.9704023229295851,0.5513948825528769,0.4815889216463107,-0.004243281471004279,0.10431372549019602,0.05320590041310212,0.040482954545454565,0.0
2008-06-26,13.41,14.08,0.004325889947122661,-0.03387762221971637,-0.0345495590756717,0.3076341750760345,-0.048754653436309206,14.09,13.854500000000002,13.53,3,26,6,13.91316416298256,13.64300889790832,47.41873804971319,0.1998393994140386,0.2678026176610773,14.744951689046443,12.96404831095356,0.035378029129652336,0.031757638306596656,0.028850535580209398,-310539133.0,-0.9983697161066722,0,0,-1,0,0,-0.012784090909090889,-0.2521301365968554,0.43945312257295666,0.5041368791159591,-0.0939189189189189,0.017450682852807375,0.05569853375651405,0.04175988068605522,0.0
2008-06-27,13.33,13.41,-0.028458688164538677,-0.030614635819606863,-0.01887560759790881,-0.03227136788590808,-0.00598356310296987,13.993,13.868,13.526,4,27,6,13.807134315167549,13.622814775462622,41.041666666666686,0.13945216795932147,0.24213252772072616,14.71485424085996,13.02114575914004,0.029276096885397663,0.031711013765620424,0.0288639824878284,-320359933.0,-1.2705846509162517,0,0,-1,0,0,0.007457121551081256,-0.4502416630001847,0.3688556195084674,0.5033967374734651,-0.0552799433026222,0.020673813169984623,-0.9840836400256904,0.02925731432858219,0.0
2008-06-30,13.04,13.33,-0.01867816721439109,-0.0029651615498347554,-0.016135578657391726,0.037669425308806036,-0.02199557769211046,13.897,13.870500000000002,13.514333333333333,0,30,6,13.667655348773447,13.58521382220697,40.95634095634096,0.06741713285423678,0.2071894487474283,14.70666858033305,13.034331419666954,0.029319428053551037,0.032107112242592085,0.029129750920980312,-330557733.0,-1.9864415371101667,0,0,-1,0,0,-0.005251312828207073,-0.4283672865106836,0.37612048511909124,0.5096846058620159,-0.06119510439164877,0.0038491147036181506,-0.7028795964285717,0.04294478527607366,0.0
2008-07-01,12.99,13.04,-0.026749779899165334,-0.027089692646664224,-0.01561311965718841,-0.02981908832428925,-0.003841725815998646,13.766,13.844,13.506666666666666,1,1,7,13.544445285360093,13.546812930451683,44.26966292134831,0.006222536884679997,0.16699606637487865,14.757003141747854,12.930996858252145,0.027669322510987478,0.03069159553615229,0.029046351214581597,-340455933.0,-1.870749312790097,0,0,-1,0,0,-0.009969325153374158,-0.4624331208675898,0.3721191728008621,0.4872139747706344,-0.06344628695025223,-0.03920118343195267,-0.6455351139222832,0.030792917628945232,0.0
2008-07-02,12.85,12.99,0.011551918989733897,0.027831807708552522,0.010176213060452457,-0.24862923607733853,-0.010836019341279361,13.637,13.806999999999999,13.501666666666665,2,2,7,13.418182506203712,13.501857257519315,42.41758241758244,-0.05296095040639237,0.12300466301862446,14.818056768669809,12.795943231330188,0.027666370734334037,0.030714807422378004,0.028951320874286167,-348175233.0,-1.8930687764626086,0,0,-1,0,0,0.005388760585065456,-1.262272837506996,0.28475187765279986,0.48758245204111816,-0.08735795454545459,-0.054451802796173676,-1.5196047148664227,0.049805447470817166,0.0
2008-07-03,13.05,12.85,-0.006144412572341097,-0.012691473077140731,-0.012539349252735251,-0.4823422073320466,0.015444322427473775,13.462,13.749,13.522333333333334,3,3,7,13.351240232348491,13.472705176389038,34.335839598997524,-0.08277181993180704,0.08184936642853817,14.795194104964526,12.702805895035475,0.02181923390656416,0.02892734204090797,0.027858814157124556,-343409833.0,-1.3362721060709881,0,0,-1,0,0,0.010116731517509789,-2.280029134292003,0.21572347327910824,0.4592073187820767,-0.02684563758389258,-0.08163265306122447,0.761153617742724,0.04827586206896557,0.0
2008-07-07,13.15,13.05,0.025856953836299094,0.010463473640827854,0.014095769800393376,0.39824840824870006,0.007633624855071205,13.366,13.7225,13.543666666666667,0,7,7,13.314651099194219,13.451885487589745,38.78627968337733,-0.0972074377089065,0.04603800560104924,14.80236110217906,12.642638897820941,0.018883045583147087,0.027920971945538157,0.027866453794647063,-336313133.0,-1.0603215521787899,0,0,-1,0,0,0.020689655172413758,-1.15397723116992,0.23419424553851506,0.44323168878663144,-0.013503375843960996,-0.03874269005847952,-0.055821041009579304,0.04486692015209124,0.0
2008-07-08,13.95,13.15,-0.00829254657800908,0.040078223567410524,0.0268523997247607,0.24423923278777634,0.05905774964360094,13.372,13.7105,13.6,1,8,7,13.430169081158905,13.484021907745246,45.92074592074591,-0.04359195377120528,0.028112013726598335,14.773692313147635,12.647307686852365,0.02814900423993494,0.030062333755540908,0.02952157820006192,-327253133.0,0.4505299691096293,0,0,-1,0,0,0.004562737642585589,-0.3075333555150922,0.4467619274020332,0.47722475368430195,0.06978527607361973,-0.016913319238900604,1.5449299111051045,0.0566308243727598,0.0
2008-07-09,13.45,13.95,0.06378123219566229,0.005698021114637796,0.0112910495742656,-0.004613273809589402,-0.03650040221952653,13.330000000000002,13.6875,13.627666666666666,2,9,7,13.433774702766376,13.48182694595523,42.54859611231101,-0.040974785970769645,0.01429465378712474,14.75242154393468,12.62257845606532,0.030458581065328835,0.030813275976935218,0.03004136271674846,-336271433.0,-0.446042248563183,0,0,-1,0,0,0.009318996415770666,-0.26229840162242984,0.5680801875991514,0.4891455918850285,0.03541185527328716,-0.033069734004313456,0.5900846884123407,0.0535315985130112,0.0
2008-07-10,13.41,13.45,-0.05099429602981392,-0.015748356968139168,-0.013564639034138473,0.017847608203320917,-0.002978408754260944,13.263,13.682999999999998,13.649666666666667,3,10,7,13.429452029536126,13.47719294944199,32.66832917705736,-0.041648232440847366,0.00310607654153032,14.752010363791724,12.613989636208272,0.029814441252509746,0.03009632090979344,0.030021147218075098,-345452133.0,-0.5107527658229253,0,0,-1,0,0,-0.00520446096654264,-0.23986531156535426,0.5548188717397319,0.47776428303183993,0.04357976653696505,-0.00666666666666671,0.45825971102600704,0.0507084265473527,0.0
2008-07-11,13.2,13.41,-0.021912474778273856,-0.020408871631207012,-0.029255358148789646,-0.05349311374516261,-0.015783867701262,13.242,13.666,13.650333333333332,4,11,7,13.387733478711375,13.459309533348959,37.110481586402265,-0.058453374462237306,-0.009205813659223206,14.755208307368932,12.576791692631069,0.02617100346038392,0.030290292450022724,0.029578851284721736,-354154633.0,-0.8556673628860965,0,0,-1,0,0,-0.023862788963460127,-0.4642583809759734,0.5756133687060291,0.48084348577306496,0.011494252873563093,-0.025110782865583436,1.1478547026271126,0.05909090909090905,0.0
2008-07-14,13.62,13.2,0.022659579781272636,0.010256500167189061,0.0383188643021366,0.0502418944026187,0.03132247112904107,13.271,13.632,13.669,0,14,7,13.429963755309306,13.469676660229672,46.380697050938316,-0.03744938744808657,-0.01485452841699588,14.679535453488416,12.584464546511583,0.028076590088784888,0.028306606399611287,0.030061754558366405,-345003733.0,-0.02291091907207347,0,0,-1,0,0,0.014393939393939492,-0.2688578433785,0.612800547220571,0.4493534459613654,0.03574144486691999,-0.047552447552447696,0.4975583496842004,0.03083700440528634,0.0
2008-07-15,13.75,13.62,0.00744051051658332,0.02447926408477963,0.003003005259769556,0.22377935216610179,0.009499523391213956,13.341999999999999,13.619499999999999,13.694333333333335,1,15,7,13.488152163434886,13.487762036989048,48.437500000000014,-0.010196128249559067,-0.013922848383508518,14.654436560476013,12.584563439523984,0.026786703782477512,0.02805430065125447,0.030061926272468783,-333557833.0,0.2521893707957877,0,0,-1,0,0,-0.009544787077826652,0.7323227704109926,0.40533317912278405,0.4453482163743403,-0.014336917562723928,-0.017857142857142905,0.09457909387356342,0.05236363636363641,0.0
2008-07-16,14.62,13.75,0.022719921943494568,0.04042362215064655,0.008955283729104209,-0.12387908258623487,0.06135163020905203,13.505,13.635499999999999,13.731,2,16,7,13.693942679173997,13.560809647505884,55.99999999999999,0.08067404494871333,0.004996530282935851,14.723278518478164,12.547721481521833,0.03204164992392898,0.031165726020240547,0.031307716635482596,-323445533.0,1.8101111269918182,0,0,-1,0,0,0.003636363636363688,0.14522420462772279,0.4945205887963692,0.4947405628699875,0.08698884758364311,0.022377622377622197,0.7825504524625114,0.08071135430916551,0.0
2008-07-17,14.99,14.62,0.05977174329991735,0.030937235287713125,0.04786990784851411,0.36126473292586897,0.024992857792873885,13.719,13.678,13.777666666666667,3,17,7,13.929589464778726,13.653015476699053,68.80952380952381,0.18046493226988325,0.04009021068032533,14.906136800197514,12.449863199802488,0.031168371872864836,0.03144693360766911,0.03156885885992177,-308932933.0,2.136569801978086,0,0,-1,0,0,0.002051983584131405,1.8180456645744536,0.4614891075578088,0.49920459492871017,0.1178225205070842,0.060113154172560135,0.12299514670446642,0.06537691794529689,0.0
2008-07-18,15.15,14.99,0.023609865639133667,0.01576905211823143,0.027245834831000477,-0.3491844778980754,0.010617219840871855,13.928999999999998,13.6955,13.809,4,18,7,14.151482289364413,13.749595123363632,71.26168224299064,0.2693556282363847,0.0859432941915372,14.99863750940583,12.392362490594168,0.03121348495704158,0.029827358995540385,0.030600448688529024,-298697733.0,2.23230470998135,0,0,-1,0,0,0.0006671114076050558,0.15909003013602852,0.3465871023132834,0.4734946450082711,0.1477272727272727,0.023648648648648685,1.270268009400039,0.05478547854785479,0.0
2008-07-21,14.8,15.15,-0.0006668889877037677,-0.005884292885689534,0.011647956290272987,-0.40424457766064326,-0.023373351185308713,14.094,13.729999999999999,13.846333333333336,0,21,7,14.269394600389065,13.817363179920818,70.27649769585256,0.30800952817325644,0.13035654098788108,15.11340540924024,12.346594590759757,0.03350023194356951,0.02824843669281197,0.03006756863034454,-305529533.0,1.5469073531924953,0,0,-1,0,0,-0.01056105610561057,-1.1784217354649917,0.49656289092575356,0.44843003049319413,0.08663729809104259,0.04890148830616603,0.44726537022453683,0.03851351351351353,0.0
2008-07-22,15.69,14.8,-0.004680717338891521,0.0316257399358365,0.01487518976504388,1.0514484835687097,0.058396385974871845,14.268,13.819999999999999,13.896333333333335,1,22,7,14.527686491227417,13.938178458635605,76.06177606177606,0.4057809936146999,0.18544143151324485,15.458009061089063,12.181990938910934,0.03338807435217144,0.030632967623913515,0.03123152947478877,-285978333.0,2.283259652735611,0,0,-1,0,0,0.008108108108108055,3.2225904229833082,0.5719763290091533,0.48628328551661004,0.14109090909090916,0.12958963282937352,-0.4456525978480533,0.053537284894837465,0.0
2008-07-23,15.88,15.69,0.04840709578704218,0.010742599360438327,0.01894688554629857,-0.3895751058645883,0.012036889074048552,14.511000000000001,13.920499999999999,13.962,2,23,7,14.773561674640614,14.06345726775589,78.96749521988528,0.49291497943218765,0.24693614109703343,15.800236543689977,12.040763456310021,0.028835975210794094,0.03059674919724247,0.03094321720298968,-272735433.0,2.084866633654359,0,0,-1,0,0,-0.0019120458891012978,1.0642833011733943,0.4763535126889221,0.4857083358175123,0.08618331053351591,0.14491708723864472,0.24213177219973006,0.045654911838790904,0.0
2008-07-24,14.9,15.88,0.0183491386681964,0.003137749671967165,-0.021635059208099078,0.17339785295207197,-0.06369924286757625,14.66,13.961500000000001,14.008666666666667,3,24,7,14.796550461069593,14.11742776661035,65.3910149750416,0.477388444338402,0.29302660174530715,15.890997071095924,12.032002928904078,0.03793059989377001,0.03416834559554475,0.03268809513063874,-288485733.0,0.9727923551259361,0,0,-1,0,0,0.004408060453400409,1.6276210266896158,0.7195496010874882,0.5424056709379234,-0.006004002668445585,0.058238636363636465,-0.07854279745860913,0.07382550335570479,0.0
2008-07-25,15.2,14.9,-0.0481634013786229,-0.027311954861067075,0.009377161812597005,-0.21146932754177505,0.01993421490081711,14.86,14.050999999999998,14.063999999999998,4,25,7,14.869904922693303,14.187271136506457,66.50563607085346,0.4837150798707537,0.3311642973703965,16.03798819957806,12.064011800421937,0.03678170534482909,0.03214703825183686,0.03282285081300172,-275737533.0,1.1565242312400166,0,0,-1,0,0,0.020134228187919392,0.6796383442536569,0.7317362300523461,0.5103184116098455,0.0033003300330032292,0.1334824757643549,-0.24908638803709976,0.03486842105263154,0.0
2008-07-28,15.02,15.2,-0.001316655884746785,0.0012870014646474616,-0.0020020026706730793,-0.07710413039582908,-0.011912781516242,15.0,14.135499999999999,14.088000000000001,0,28,7,14.897194936749065,14.240995579312493,59.570661896243294,0.4688004486796231,0.3586915276322418,16.13707280262543,12.13392719737457,0.03712918478096114,0.03229609392608893,0.03144450773405244,-287539733.0,0.8838049746077857,0,0,-1,0,0,-0.0013157894736841825,0.36926356942463956,0.7119724128020108,0.5126845970832897,0.014864864864864824,0.12678169542385587,-0.4638570444952708,0.03861517976031958,0.0
2008-07-29,15.76,15.02,-0.005946499187726303,0.02099981719374662,0.0020020026706729687,0.18119542657088675,0.04809243809374446,15.200999999999999,14.271499999999998,14.146666666666668,1,29,7,15.05406858461287,14.33899586451814,69.81132075471699,0.5108040800976319,0.38911403812531986,16.328521607746524,12.214478392253472,0.0390942185793552,0.03292682130974452,0.03227018999657608,-273393033.0,1.447238078972499,0,0,-1,0,0,0.004660452729693761,0.9764254067206093,0.6600522415280281,0.5226970838966764,0.004461440407903083,0.20858895705521485,-0.8126533968584421,0.0558375634517767,0.0
2008-07-30,15.62,15.76,0.045977667253163636,0.007528266420791588,0.02176149178151271,0.08556122482324259,-0.00892294001819316,15.300999999999998,14.403,14.190666666666667,2,30,7,15.156965205592346,14.421641292613744,68.63406408094434,0.5267236878456671,0.41663596806938935,16.451322548613163,12.354677451386836,0.03557723302093172,0.033057798404239495,0.032194895686642376,-288803433.0,1.1882894135242321,0,0,-1,0,0,0.0025380710659899065,1.210139155778137,0.6557882743749844,0.5247762808135534,-0.016372795969773368,0.20246343341031547,-0.3319216424985665,0.04289372599231754,0.0
2008-07-31,15.59,15.62,-0.017880425277848524,0.0052984384512084854,0.004555816535860661,-0.2520962097529974,-0.0019224613418547427,15.361,14.540000000000001,14.239,3,31,7,15.235698804575554,14.49701927373544,70.78260869565219,0.5308006034562869,0.4394688951467689,16.51622713376012,12.563772866239882,0.03507656357003869,0.032826475444548586,0.03209393297154464,-300779933.0,1.0626308910172586,0,0,-1,0,0,-0.0064020486555697595,0.20863020057157466,0.4061440363952025,0.5211041426702641,0.04630872483221471,0.21322957198443593,1.1902464563500914,0.043938422065426586,0.0
2008-08-01,15.81,15.59,0.007702220362092303,-0.00529843845120845,-0.0039037134804734037,-0.2914940016712856,0.014012968151695605,15.427000000000001,14.678,14.272666666666668,4,1,8,15.340117203743635,14.581727707687993,69.72972972972974,0.5454956159323441,0.46067423930388396,16.600877230117526,12.755122769882476,0.03516069482678639,0.03281563290954242,0.03112835172160184,-291831733.0,1.1774022618498767,0,0,-1,0,0,0.0032071840923669475,-0.7676814591229136,0.3982441073442851,0.5209320227630171,0.04013157894736841,0.21149425287356327,1.472552223750051,0.04174573055028464,0.0
2008-08-04,16.08,15.81,0.007008630154476975,0.0253021828622183,0.013596842686133094,0.3551919826209674,0.016933612529439455,15.554999999999998,14.8245,14.338333333333333,0,4,8,15.474641348517519,14.678390436224252,70.47451669595782,0.5723307896280296,0.48300554936871315,16.703161057354468,12.945838942645533,0.03388681132099252,0.0328456395209309,0.029794147255784553,-279067533.0,1.3365902221532124,0,0,-1,0,0,-0.0037950664136622704,0.33394531428513924,0.35765031428957417,0.5214083629515471,0.07057256990679095,0.22281368821292769,1.0310910229131909,0.05348258706467659,0.0
2008-08-05,16.47,16.08,0.027553402417901683,0.004863231469507953,0.023515541790993712,0.15884254133654957,0.02396428043872863,15.633,14.9505,14.424333333333333,1,5,8,15.655615648787059,14.793978150016237,67.75431861804222,0.6179443212741891,0.5099933037498083,16.918127211161806,12.982872788838193,0.029463805910922576,0.03086044768287854,0.029742200618233006,-264105933.0,1.544499884307652,0,0,-1,0,0,0.006840796019900684,0.943866298456732,0.21926081730283561,0.48989441950209667,0.04505076142131981,0.1806451612903226,-0.4185082153229056,0.03460837887067386,0.0
2008-08-06,16.46,16.47,0.011667310735379448,0.0,0.006885786205224728,-0.2414209347828968,-0.0006073489406250294,15.690999999999999,15.100999999999999,14.510666666666667,2,6,8,15.801867349007594,14.901463430660352,65.15463917525776,0.6458415973926979,0.5371629624783862,17.04570833965273,13.156291660347268,0.029409686044892035,0.029136045227208283,0.02973528922270586,-275858433.0,1.397638887323001,0,0,-1,0,0,-0.005464480874316931,-0.13485779303523907,0.18153292008032637,0.46252037915474115,0.05377720870678626,0.22379182156133837,-0.13467551280973397,0.027946537059538108,0.0
2008-08-07,15.16,16.46,-0.007968169649176845,-0.01466122779576099,-0.060429693841704185,0.33991238781289734,-0.08227281503469823,15.716999999999999,15.1885,14.546666666666669,3,7,8,15.685164194642576,14.918143209327427,50.083472454090156,0.5566347157488796,0.541057313132485,16.96287045915301,13.41412954084699,0.033864975515754035,0.035298035445846886,0.03348288329412837,-292368633.0,-0.032124069528979525,0,0,-1,0,0,-0.01275820170109361,1.2868339053714564,0.6735243895436812,0.5603389413531228,-0.027581783194355336,0.1304996271439225,-1.9951856295838615,0.07651715039577837,0.0
2008-08-08,15.8,15.16,-0.0504839054319921,-0.018634079544892983,0.019035691297740517,0.04528778661994483,0.04134955981869545,15.777000000000001,15.3185,14.626333333333333,4,8,8,15.706043431980289,14.975037195822432,57.961783439490446,0.5314539997515979,0.5391366504563075,16.84280519115711,13.794194808842889,0.03582323000388629,0.035733848824970084,0.03281099527763634,-275093533.0,0.6317632489783629,0,0,-1,0,0,0.019129287598944535,1.37955396683898,0.7486762989894864,0.5672572642682909,-0.0006325110689436864,0.19696969696969702,-1.66551245602779,0.03607594936708851,0.0
2008-08-11,15.27,15.8,0.022400936689166713,-0.00628932890756399,-0.019698601497687904,-0.02293526766287914,-0.03411982080238012,15.801999999999998,15.401,14.691,0,11,8,15.626762807983873,14.994067054156469,46.4527027027027,0.46338986044031927,0.5239872924531099,16.70022892111926,14.101771078880743,0.037537559100151545,0.03657806789664935,0.03353626008262342,-291976933.0,-0.20165807252373452,0,0,-1,0,0,0.0,1.1372052464249092,0.7653729617616917,0.5806588265626178,-0.050373134328358105,0.12114537444933915,-0.6561945597252186,0.05042567125081857,0.0
2008-08-12,14.76,15.27,-0.050627293696932474,-0.043190728355805806,-0.026202372394024072,0.11006530552133242,-0.03396930005821466,15.702000000000002,15.451500000000001,14.748333333333333,1,12,8,15.469169570168622,14.978965953888311,41.025641025641015,0.36409869875267553,0.4920095737130231,16.54232827053047,14.360671729469535,0.03506591006615348,0.03762761070262757,0.03392274132906101,-310824733.0,-1.2678439286574916,0,0,-1,0,0,-0.016371971185330715,1.55145810848883,0.7136812266985194,0.5973198020922296,-0.10382513661202186,0.07345454545454544,0.2705285820836119,0.0331978319783198,0.0
2008-08-13,14.71,14.76,-0.0249423108729123,-0.017946643190836827,-0.008202369978672441,-0.2868724030461088,-0.0033932845589801667,15.610999999999999,15.456,14.805666666666665,2,13,8,15.331138739228873,14.961613311701969,48.21092278719398,0.2781686011483675,0.449241379200092,16.533040780149143,14.378959219850856,0.03505819872979503,0.034981578752657165,0.03391896431044454,-324972033.0,-1.3852771663793388,0,0,-1,0,0,-0.007452574525745219,0.07262814489019376,0.7089671871292155,0.5553153470877116,-0.10631834750911295,0.006155950752394057,0.3243096055023685,0.023113528212100602,0.0
2008-08-14,14.85,14.71,-0.003418806748785609,0.013324647508001093,0.002056908507177175,-0.3490409082591597,0.009472330635362444,15.537,15.449000000000002,14.872333333333334,3,14,8,15.243658968459986,14.954412452882487,46.60194174757281,0.2188425292230729,0.40316160920468824,16.540515604922113,14.357484395077888,0.03537017201806167,0.03457746003210641,0.03380156676509936,-314993033.0,-1.097556456909738,0,0,-1,0,0,-0.007477906186267927,-1.1193822883248798,0.5054858200437624,0.5489001612793741,-0.02044854881266489,-0.009339559706471046,0.6010476615183057,0.03434343434343433,0.0
2008-08-15,15.64,14.85,0.021681066061323948,0.03830393606961412,0.012253386805764967,0.20518998006962624,0.05183186986845644,15.52,15.473500000000001,14.958666666666666,4,15,8,15.315720974194534,14.99864390753523,55.38194444444446,0.23288799960384665,0.36910688728451996,16.558736331282663,14.38826366871734,0.039541454670450685,0.03651470656375788,0.0348736135816675,-302741233.0,0.30684560625280527,0,0,-1,0,0,0.0047138047138047335,-0.47553055762372126,0.5702272981137532,0.5796529965852074,-0.010126582278481067,0.032343234323432446,0.8987771746853832,0.0588235294117647,0.0
2008-08-18,15.22,15.64,0.04135804384962832,-0.004468567920877019,0.020730849287427595,-0.247520443821728,-0.027221382683625207,15.434000000000001,15.494499999999999,15.027666666666667,0,18,8,15.298317160704618,15.012924945758765,45.036764705882355,0.20773401771295497,0.33683231337020697,16.540403789476407,14.448596210523592,0.03982759532499099,0.03666105823210227,0.03540416638618234,-312306633.0,-0.5249048770296858,0,0,-1,0,0,-0.005754475703324799,-1.4680148709887195,0.5481081132673825,0.5819762572955993,-0.0032743942370661028,0.02837837837837842,0.9859821335748582,0.03550591327201051,0.0
2008-08-19,15.0,15.22,-0.003865984196465906,-0.006418507272789607,-0.009963585102812103,0.11699516464518724,-0.014560151331329776,15.287,15.459999999999999,15.062666666666667,1,19,8,15.24407767694014,15.01209107829046,44.38405797101451,0.16810928526040136,0.30308770774824584,16.524113171661863,14.395886828338135,0.03855530775795237,0.03414840949589436,0.03398586305507326,-323059233.0,-0.8645696947470353,0,0,-1,0,0,0.01773981603153742,-0.9991668073553315,0.4891111596080756,0.5420891951671981,0.016260162601626105,-0.043977055449330726,1.2493715424657834,0.039333333333333324,0.0
2008-08-20,14.79,15.0,-0.03081200809278861,-0.012961944276872944,-0.023705817169976925,0.08591026196074976,-0.014098924379501648,15.12,15.4055,15.107333333333333,2,20,8,15.161518099314659,14.99776262162656,42.98245614035087,0.11839635487437583,0.26614943717347184,16.49048799411212,14.32051200588788,0.038478214435766885,0.034092328992189364,0.03335352130672864,-334776433.0,-1.134574766430819,0,0,-1,0,0,0.0013333333333333049,-0.6123304869266911,0.5042368069233056,0.5411989447699822,0.00543847722637647,-0.06863979848866508,1.4085195000544368,0.050033806626098735,0.0
2008-08-21,14.87,14.79,-0.026308431303955652,-0.012471444874419983,-0.006187713108165534,-0.21894488820534283,0.005394483749355384,15.091,15.404,15.155999999999999,3,21,8,15.108514808530174,14.989519871844202,41.54676258992804,0.08447999796368144,0.22981554933151377,16.492009287885605,14.315990712114397,0.029975944776061237,0.03118738395034338,0.03333069551495597,-325363233.0,-0.981609267394686,0,0,-1,0,0,-0.010818120351588802,-1.2940481487804796,0.5009447801565615,0.4950843718517746,0.0013468013468012074,-0.002013422818792021,1.5606184584732623,0.04303967720242102,0.0
2008-08-22,15.25,14.87,0.024309097082473335,0.008549871221238261,0.01709443335930004,-0.5520724961845169,0.025233742581356886,15.035999999999998,15.4065,15.224333333333332,4,22,8,15.134239388797415,15.006325041402642,42.68077601410936,0.08725800895429181,0.20130404125606938,16.49276399815295,14.32023600184705,0.02764678764068745,0.03139110882967319,0.033342226171568644,-319943533.0,-0.2881435825289381,0,0,-1,0,0,0.008069939475454,-2.1994205927681505,0.3262835727157612,0.4983184040512746,-0.02493606138107418,0.00328947368421062,0.8146705062435539,0.034098360655737674,0.0
2008-08-25,14.81,15.25,0.012595459852977485,-0.004594691378310417,0.0,0.2017000782252183,-0.029276874773713213,14.99,15.396,15.264,0,25,8,15.07528677265243,14.993658909699246,35.48951048951051,0.05334040492751235,0.171711313990358,16.50187712270638,14.290122877293621,0.027109113910201776,0.031972073779648814,0.03352181290812562,-326574433.0,-1.0597922462956835,0,0,-1,0,0,-0.004590163934426248,-1.626607177674488,0.334959119229373,0.5075409367197581,-0.026938239159001287,-0.013981358189081194,0.7071640722362903,0.030384875084402383,0.0
2008-08-26,14.77,14.81,-0.019960742562537943,-0.013245226750020567,-0.008168867753795873,0.0611877795230105,-0.0027045317364190412,14.991,15.3465,15.298,1,26,8,15.019780086715624,14.979229302621876,35.30434782608694,0.022968032485707113,0.1419626576894278,16.47222362692162,14.220776373078383,0.02489785121667372,0.029775295094580313,0.03351822852321911,-333623733.0,-1.0242300795915376,0,0,-1,0,0,0.004726536124240397,-1.346550832477032,0.32489409183614343,0.4726681562029256,-0.01533333333333331,-0.06281725888324874,0.2359873974826114,0.025050778605280922,0.0
2008-08-27,15.05,14.77,-0.008097210232619475,0.017839918128331016,0.0,0.12319522209151022,0.018779894651596275,15.025,15.318000000000001,15.312333333333331,2,27,8,15.025274616403692,14.983795154065627,48.83720930232559,0.021246452567075025,0.11781941666495727,16.443430443967806,14.192569556032199,0.02552074130648498,0.030125261332237235,0.031694197096476966,-325650233.0,-0.47626221848974226,0,0,-1,0,0,-0.0006770480704129849,-0.9954381234361878,0.3380534570592048,0.4782236979955805,0.017579445571332064,-0.03649167733674763,-0.8895613474274372,0.042524916943521514,0.0
2008-08-28,15.49,15.05,0.02343595711232181,0.020739563839144052,0.023641763057040494,-0.2855481080028795,0.02881666323389241,15.088999999999999,15.312999999999999,15.329,3,28,8,15.109770140693929,15.016453531222684,46.57836644591611,0.054755226675645474,0.10520657866709492,16.434223016455967,14.191776983544031,0.02684399381758199,0.03089379289749029,0.03180405514574803,-319657333.0,0.31572666169389585,0,0,-1,0,0,0.003986710963455064,-1.3636701636426574,0.3848419558894881,0.49042375837375723,0.04169468728984538,-0.006414368184733732,-1.113298683002537,0.03938024531956097,0.0
2008-08-29,15.23,15.49,0.017711187792849845,-0.010316016694615699,0.00930239266231341,0.08924069784532794,-0.01692748752170684,15.048000000000002,15.284,15.331666666666667,4,29,8,15.131630115113214,15.030230722756706,49.53051643192489,0.05964380779574441,0.09609402449282481,16.380835639944145,14.187164360055858,0.02130213779317151,0.03093071896977325,0.031928407555171574,-326209633.0,-0.09846507176362403,0,0,-1,0,0,-0.007101355713363423,-1.1608586426026009,0.38359275674638843,0.4910099415986879,-0.0013114754098360049,-0.03668564199873503,0.09562040303131007,0.020354563361785982,0.0
2008-09-02,15.41,15.23,0.028838909815422867,0.03627505586471172,0.008561132302033807,0.47906422360091305,0.011749482424953944,15.067000000000002,15.250499999999999,15.352,1,2,9,15.182242821456267,15.054731966449822,58.269720101781175,0.07715316556452834,0.09230585270716553,16.28407275098466,14.216927249015336,0.01983942621473179,0.030787323864790633,0.03166727409951031,-315630533.0,0.30863816765302526,0,0,-1,0,0,0.03939592908732762,-0.1546431592468802,0.287758011435301,0.48873361487663985,0.040513166779203136,-0.04166666666666652,-0.4139662706090915,0.04866969500324465,0.0
2008-09-03,15.72,15.41,-0.029489316342416326,-0.0006251953939183611,0.007838054497083722,0.009455022997888932,0.019917137669036113,15.139000000000001,15.213000000000003,15.353,2,3,9,15.280016853918763,15.097652484743382,62.0525059665871,0.11472142973591914,0.09678896811291625,16.105001888125873,14.320998111874133,0.019778189515893285,0.030617414466835916,0.029921549027173318,-304950933.0,1.1367688942121512,0,0,-1,0,0,-0.0025957170668397746,-0.07972018740680624,0.2792443903960766,0.48603638680223454,0.06431956668923511,-0.0455373406193077,-1.5572611658749225,0.03944020356234103,0.0
2008-09-04,15.61,15.72,0.004543987046125732,-0.014488442416129833,-0.007838054497083788,0.17688211724496222,-0.0070220524737199235,15.221,15.170499999999999,15.344,3,4,9,15.340013789569896,15.130707163147036,59.13461538461537,0.13407295944585762,0.10424576637950453,15.873260721425165,14.467739278574832,0.0191496184568348,0.030636803194197787,0.029869258097572446,-317696933.0,1.2507813444915215,0,0,-1,0,0,-0.01781170483460567,0.42252186121690277,0.30226457852005706,0.4863441733072598,0.037209302325581284,-0.05164034021871211,-0.29664195813829863,0.03267136450992952,0.0
2008-09-05,15.74,15.61,0.005167970158442598,0.0037998779097748424,0.007187224666105477,-0.2508460436725598,0.008293508461916465,15.308000000000002,15.1995,15.372000000000002,4,5,9,15.41273855510264,15.170016378427874,51.42857142857142,0.15807688774343376,0.1150119906522904,15.946887731402983,14.452112268597018,0.01916903290284259,0.02478081702634844,0.0275363552412877,-307778733.0,1.4463710796680662,0,0,-1,0,0,-0.005765534913516967,-0.2100306270340122,0.2368044800548832,0.39338327482027874,0.0161394448030987,0.03825857519788922,-0.4623092477794051,0.029224904701397766,0.0
2008-09-08,15.81,15.74,0.012167937512457273,0.006929161582449337,-0.030405514768112613,0.17670668863192354,0.004437408232123505,15.364,15.2,15.392333333333335,0,8,9,15.484967908720341,15.211305644335754,59.365079365079346,0.18066598384275068,0.12814278929038248,15.949090676823793,14.450909323176205,0.0178790501413507,0.02293899745498185,0.027332231618357686,-295943533.0,1.628641281684219,0,0,-1,0,0,-0.0019059720457432884,0.39667252626892074,0.1583492166981276,0.3641452955461532,0.03808273145108343,0.0006329113924050667,-0.4352969065168585,0.06514864010120174,0.0
2008-09-09,15.6,15.81,0.0006363347335307106,0.004384598317824126,0.04141242420918226,0.017264265622425275,-0.013371736965889308,15.443000000000001,15.216500000000002,15.411666666666665,1,9,9,15.50588283440755,15.236382699539899,59.55414012738851,0.17955298524429253,0.1384248284811645,15.986333201345461,14.446666798654542,0.015201181782992288,0.02178492323835012,0.027358055757546903,-307984833.0,0.9963197205050239,0,0,-1,0,0,-0.00569259962049335,0.5766798078452405,0.20810188320222023,0.3458249353158378,0.012329656067488592,0.0216110019646365,0.1550866346104378,0.03012820512820517,0.0
2008-09-10,15.91,15.6,0.0076045993852192125,-0.0006251953939183611,0.005778507250944305,0.07069721415533586,0.019676928094204068,15.556999999999999,15.273999999999997,15.416666666666666,2,10,9,15.579358682697086,15.279841880214743,67.28395061728395,0.20136413465866987,0.1510126897166656,16.07155943517121,14.476440564828783,0.015550744914165719,0.020541078123912968,0.026090012709334403,-295061433.0,1.5948654657028063,0,0,-1,0,0,0.0153846153846154,1.181797554905393,0.20680002852625937,0.3260795062621375,0.012086513994910897,0.07791327913279145,0.1345521235473168,0.023255813953488434,0.0
2008-09-11,16.2,15.91,-0.006333143397022585,0.014281521841403815,-0.0012812301560484619,0.005432698991403052,0.01806339988864291,15.672000000000002,15.348500000000001,15.436,3,11,9,15.692202558570342,15.339206920200889,69.27536231884055,0.2392917971951931,0.16866851121237111,16.20072371661256,14.496276283387443,0.015492975446171122,0.020702307994786482,0.02621767048058873,-282067633.0,1.99830158068016,0,0,-1,0,0,-0.010685103708359518,1.2767394066417899,0.21150454532049753,0.32863895111561575,0.037796284433055716,0.10129163834126431,-1.0421067577314462,0.03827160493827156,0.0
2008-09-12,16.19,16.2,0.022614029001160173,0.01042634406847151,0.011472401162236781,0.024118440444251647,-0.0006174745487944538,15.742,15.4155,15.456,4,12,9,15.782711184284825,15.394096796316962,65.25974025974028,0.26548250947087126,0.18803131086407116,16.312242056440134,14.518757943559864,0.013599415336867803,0.020710922120383245,0.02621279610629888,-295378633.0,1.7273640606856164,0,0,-1,0,0,-0.006172839506172708,1.2762200562738113,0.2187568270803788,0.3287756961201636,0.02858958068615003,0.09023569023569045,-0.37399450559424013,0.03767757875231632,0.0
2008-09-15,16.05,16.19,-0.02197890671877534,0.003654084455642516,-0.0019029501460860756,0.012527319685181487,-0.00868491811351891,15.823999999999998,15.435999999999998,15.464,0,15,9,15.831309150778491,15.43641313203845,72.30215827338128,0.2718087654193848,0.20478680177513392,16.372227592662252,14.499772407337742,0.012371411933660526,0.01741716085846178,0.026167385851431472,-308857433.0,1.3116468790543396,0,0,-1,0,0,-0.0271772699197036,1.2828896897724629,0.24209876349252774,0.27648885705778875,0.015180265654648917,0.026214833759590883,0.24445466207606,0.04361370716510899,0.0
2008-09-16,16.41,16.05,0.0019029501460860636,0.019266098623736676,0.0009519277253821558,0.3917500951892772,0.022182055525974704,15.923999999999998,15.495500000000002,15.475,1,16,9,15.936525668818765,15.49922518803597,76.4516129032258,0.30238564668480805,0.22430657075706875,16.52093392612157,14.470066073878433,0.013402250653282214,0.01667409182232626,0.026299836995074693,-288914633.0,1.783635155233945,0,0,-1,0,0,-0.01682242990654214,2.7149597548402493,0.22164364911914802,0.26469300179838645,0.05192307692307696,0.07818659658344274,-0.739886803196672,0.06124314442413156,0.0
2008-09-17,15.61,16.41,0.025650452271815668,-0.027200226299156485,-0.022126924861840785,-0.09689546603353096,-0.049979170574658865,15.913,15.526000000000002,15.446333333333333,2,17,9,15.87715736539717,15.506371950098167,57.73480662983423,0.2590782385972066,0.23126090432509633,16.525334515406726,14.526665484593277,0.021066201506592122,0.0200775901511033,0.02742878908154532,-307015733.0,0.16811187586332954,0,0,-1,0,0,-0.013406459475929241,1.8632610170461494,0.45088059080106824,0.31872186279179443,-0.018856065367693353,0.04066666666666663,-1.1884195790876855,0.05765534913516979,0.0
2008-09-18,15.6,15.61,-0.026284366714596805,-0.03428194856101393,-0.038339130395949016,-0.006812797108505048,-0.0006408202718493671,15.912,15.5665,15.417666666666667,3,18,9,15.826765117143138,15.512412469446673,51.72413793103448,0.2213977537582359,0.22928827421172426,16.50398319283125,14.62901680716875,0.020943877759859522,0.019729892619092408,0.027428755676743327,-324993933.0,0.07146794791878512,0,0,-1,0,0,0.010249839846252412,1.6191376511372428,0.41188454489516674,0.31320233558476396,-0.03703703703703698,0.05476673427991896,-1.0685028749872756,0.0596153846153846,0.0
2008-09-19,15.68,15.6,0.010722272387122016,0.028135647712319713,0.04351378618596649,-0.5319351308449356,0.005115100666770409,15.906,15.607,15.435,4,19,9,15.80008055038984,15.52322456819205,57.47508305647839,0.19573472143416026,0.22257756365621148,16.48594913330996,14.728050866690042,0.020828952369255964,0.01972807980479322,0.023200166851599063,-314432333.0,0.16610745089444723,0,0,-1,0,0,0.021794871794871787,-0.1878785653200414,0.41965555231657564,0.3131735580499112,-0.03150092649783831,0.0544720914593142,-1.1915872838590142,0.0459183673469387,0.0
2008-09-22,14.76,15.68,-0.03576370928457101,-0.036413313570101705,-0.08759805931798588,-0.126114208617013,-0.060465195749935335,15.800999999999998,15.5825,15.400333333333332,0,22,9,15.610974995773505,15.473984273469984,41.333333333333336,0.10000744857132027,0.19806354063923323,16.5281354032017,14.6368645967983,0.027700440567149286,0.02329255793502308,0.02436056016609285,-323742533.0,-1.7395710803872373,0,0,-1,0,0,-0.01913265306122442,-0.567516894562914,0.5642017341034331,0.3697578941678115,-0.08037383177570101,-0.03213114754098367,-0.3850749151967545,0.09756097560975618,0.0
2008-09-23,15.23,14.76,-0.03709034420955714,0.006373507872092201,0.04244546471147779,0.44360343348793707,0.031346347734743985,15.764,15.6035,15.399000000000001,1,23,9,15.541706814723776,15.458243352600954,43.734015345268546,0.061360639934378014,0.1707229604982622,16.493946960505028,14.713053039494971,0.030048028067649758,0.023476583742046055,0.024364047211312113,-309234333.0,-0.8389045424741854,0,0,-1,0,0,0.0040650406504065375,0.6824887172293654,0.6070323602627318,0.37267921328901604,-0.0719073735527117,0.028359216745442284,-0.160641930604405,0.06068942875902827,0.0
2008-09-24,14.74,15.23,0.02860188318547969,-0.030970217132946263,-0.019471951736501274,-0.3495751723596298,-0.03270228014587994,15.647,15.602,15.398333333333333,2,24,9,15.395941939319451,15.41190507178799,39.86013986013987,-0.008705784381566772,0.1348372115222964,16.498439741714567,14.705560258285436,0.030347834323691644,0.02466023523000397,0.02430672972200204,-319462433.0,-1.9231632866952246,0,0,-1,0,0,0.0013131976362442267,-0.510224455841005,0.5569648779834404,0.3914690981456653,-0.05573350416399736,-0.0020311442112389555,-0.34080096086741213,0.049525101763907765,0.0
2008-09-25,14.96,14.74,-0.026579637804712012,-0.0006555228028903288,0.015027605203637438,-0.2115012011559636,0.014815085785140682,15.523,15.5975,15.406666666666668,3,25,9,15.316679768534096,15.382749905866184,41.09589041095891,-0.04595206229996762,0.09867935675784362,16.506423597043295,14.688576402956707,0.030057139788900147,0.024514803891182917,0.02444200560712324,-311184133.0,-1.4027581681755688,0,0,-1,0,0,0.007462686567164141,-1.05590809364492,0.5852778053950684,0.3891604472135312,-0.04102564102564099,-0.005980066445182675,-0.5828787960970466,0.03342245989304812,0.0
2008-09-26,14.57,14.96,-0.008792751947978428,-0.017196190938914283,-0.027493140580198732,0.11645203283615953,-0.02641535233921777,15.360999999999999,15.551499999999999,15.397333333333334,4,26,9,15.180919810618803,15.330314428068366,36.808510638297875,-0.10572105995911407,0.05779927341445208,16.569863496265103,14.533136503734893,0.03048252708552159,0.02415890741807433,0.02486685190925448,-320484833.0,-1.927602479074897,0,0,-1,0,0,-0.016042780748663114,-0.8733717117407219,0.5838010432665638,0.3835107658515493,-0.07079081632653061,-0.059393156875403474,0.20195285401724755,0.043925875085792765,0.0
2008-09-29,14.14,14.57,-0.009556386720218104,0.0019993342214822607,-0.023265060599186073,0.32127553534276376,-0.02995695973868678,15.170000000000002,15.497,15.347333333333333,0,29,9,14.991661663233565,15.25351994883815,35.16260162601627,-0.18564581812557712,0.009110255106446245,16.689575276229,14.304424723771,0.031083070782622985,0.024708751980537406,0.02326024487600858,-333309433.0,-2.275747329411224,0,0,-1,0,0,0.0006863417982154967,0.07948103452152373,0.4686665867131143,0.39223927768365985,-0.04200542005420049,-0.07156927117531187,0.767194659561342,0.07072135785007072,0.0
2008-09-30,14.51,14.14,-0.00757318593711958,-0.029731919755476514,-0.014368063266920146,-0.3030673539664029,0.025830406427669744,14.98,15.452000000000002,15.323666666666666,1,30,9,14.904086815372915,15.205550919880851,35.94377510040161,-0.21663363927450874,-0.03603852376974475,16.723693442039128,14.180306557960876,0.031563744592325735,0.025373578552647356,0.023406245584365656,-323837833.0,-1.4814891212925192,0,0,-1,0,0,0.023338048090523342,-0.964603057356507,0.43890389042082706,0.40279307233240275,-0.04727511490479319,-0.05840363400389359,0.6740240206161122,0.05237767057201928,0.0
2008-10-01,14.2,14.51,-0.0055440197441160395,-0.0020597329630105046,0.01792805278677396,0.12924628393928103,-0.02159610228888151,14.838999999999999,15.376,15.296999999999999,2,1,10,14.776071030759658,15.140676666985312,30.0,-0.26317243203478924,-0.08146530542275365,16.75721837901374,13.99478162098626,0.029090321739115015,0.02510480250572139,0.02357332409809252,-334616233.0,-1.7028444131184006,0,0,-1,0,0,-0.008270158511371414,-0.5533941595786873,0.40916744153196133,0.39852638486117997,-0.03663500678426057,-0.09669211195928762,0.6589009222511494,0.03380281690140848,0.0
2008-10-02,13.39,14.2,-0.01470099979529512,0.02845720481403537,-0.050283816426215315,0.3047505590429973,-0.05873380490413383,14.618,15.265,15.250333333333336,3,2,10,14.524058116076084,15.027729785244325,25.86206896551724,-0.3612507177354658,-0.1374223878852961,16.900455835378242,13.629544164621759,0.03254416076395985,0.027698721439131116,0.02558129094207652,-349234833.0,-2.2929387140146855,0,0,-1,0,0,-0.0014084507042253223,0.6257862542728019,0.47758706722227207,0.4397035713743642,-0.10494652406417115,-0.14221652786675198,0.9715898546164856,0.11874533233756533,0.0
2008-10-03,13.44,13.39,-0.03882586868866534,-0.08282993284602452,-0.007501910651794657,-0.19574772010956493,0.0037271753919222083,14.394,15.15,15.202666666666667,4,3,10,14.326956640425886,14.925295605551144,27.145359019264433,-0.429987258182031,-0.1959353619446431,16.95906489365992,13.34093510634008,0.032452752145678096,0.027581362280601478,0.025564153738169972,-337215133.0,-1.8904794471363586,0,0,-1,0,0,0.018670649738610903,-0.22514815803019714,0.505904931962197,0.43784055248909287,-0.07755662319835288,-0.14612452350698857,0.07818668791916501,0.03720238095238095,0.0
2008-10-06,12.81,13.44,-0.03354768568609289,-0.006552626285154946,-0.08482319230907694,0.23579396335906266,-0.04800921918636049,14.199000000000002,15.0,15.121333333333334,0,6,10,14.051146342166632,14.788824921322039,19.899665551839462,-0.5291969436238446,-0.2625876782804834,17.05889086134902,12.94110913865098,0.03085634676452516,0.028773023504497706,0.026182795664526564,-352431033.0,-2.127358998101604,0,0,-1,0,0,-0.018601190476190476,0.7313861848916718,0.5491455908619429,0.4567575879619025,-0.09405940594059403,-0.1897533206831119,0.2844304868759485,0.1163153786104606,0.0
2008-10-07,12.21,12.81,-0.01297232994880001,-0.031159790956241423,0.0008193363834026493,-0.22317805529079654,-0.047970827786029506,13.897,14.8305,15.034666666666668,1,7,10,13.716392461772699,14.622449119946424,20.588235294117652,-0.6487578431167336,-0.3398217112477334,17.21399124737537,12.447008752624635,0.027856581425502472,0.029925701352525064,0.026932137951783362,-364603333.0,-2.1988752867337955,0,0,-1,0,0,0.016393442622950748,-0.22964955361311248,0.3924354735806849,0.4750557815278235,-0.15851137146795302,-0.2173076923076922,1.0175085458392028,0.0868140868140867,0.0
2008-10-08,11.59,12.21,-0.07991470767336162,-0.04943091198171626,-0.05383974691702809,0.10337123932760846,-0.052112630770953065,13.581999999999999,14.614500000000001,14.928666666666667,2,8,10,13.329775650541299,14.426807241240205,18.622848200312973,-0.7844963502052735,-0.42875663903924144,17.34396090686504,11.885039093134964,0.02923542160789582,0.030166156596781405,0.028129273750482037,-378101233.0,-2.216188546531583,0,0,-1,0,0,-0.015561015561015665,0.1789771133685961,0.38984281286034145,0.4788728901942849,-0.18380281690140843,-0.2715273412947832,2.0710991439740036,0.09145815358067304,0.0
2008-10-09,11.75,11.59,0.0058067355196397795,-0.026475673984027906,0.00689063880612445,0.2446923469658792,0.01371058323850762,13.261000000000001,14.392,14.818666666666669,3,9,10,13.042543714079244,14.25410999986987,19.629057187016997,-0.8691405212836987,-0.5168334154881329,17.297121430562775,11.486878569437225,0.029074079701243517,0.029922865495410348,0.027976466418382754,-360861333.0,-1.8188568451599603,0,0,-1,0,0,0.04314063848144953,1.2348745769598002,0.49889008592600365,0.475010763691748,-0.12247946228528761,-0.27469135802469136,0.6547283556589713,0.055319148936170244,0.0
2008-10-10,11.88,11.75,-0.04916244189291004,0.005674924026024652,-0.03493805136128046,0.3479056971280096,0.011003073344330939,12.992,14.176499999999999,14.698333333333334,4,10,10,12.8311721297012,14.100941612781492,24.647887323943664,-0.9151820738803735,-0.596503147166581,17.15845467507638,11.194545324923617,0.031012920933722474,0.03033969243863623,0.027335591590376327,-336447933.0,-1.5402648599554405,0,0,-1,0,0,-0.020425531914893637,2.5710055099553184,0.5277279832853449,0.4816276862809095,-0.11607142857142849,-0.26621371216800493,0.6017308275146356,0.09427609427609421,0.0
2008-10-13,12.51,11.88,0.057399720759388824,0.08741549903998734,0.07448885199073918,-0.2377561752060582,0.05167201054432086,12.829000000000002,13.999500000000001,14.607666666666667,0,13,10,12.772777197028255,13.998300218408493,26.712328767123267,-0.8905686797737165,-0.6553162536880082,16.933076764221177,11.065923235778827,0.03826641785213997,0.0339320758437404,0.029487589050203114,-317200533.0,-1.015483909039922,0,0,-1,0,0,0.026094276094275986,1.2102057274906772,0.7018835976557721,0.5386550049043158,-0.023419203747072626,-0.2205607476635515,0.0590607450463579,0.11031175059952045,0.0
2008-10-14,12.32,12.51,0.06510234903123367,-0.023230718715160532,-0.0016515280384729533,-0.22807975604019545,-0.015304366373446033,12.61,13.794999999999998,14.504666666666667,1,14,10,12.690454070295845,13.890022784962785,28.15884476534295,-0.8762924458750678,-0.6995114921254202,16.587912081454824,11.002087918545172,0.03590394628672115,0.032961810516527024,0.0293331784261321,-332522633.0,-1.0562452071399766,0,0,-1,0,0,0.039968025579536375,0.3793856887980765,0.6099716544765267,0.5232525203349839,0.009009009009008917,-0.24923826934795856,-0.17381034188020525,0.08847402597402595,0.0
2008-10-15,11.56,12.32,-0.039989648216158434,-0.037856973264677705,-0.04825311832172777,-0.1936885451447806,-0.0636730948611423,12.346,13.592499999999998,14.366000000000001,2,15,10,12.48491696660569,13.739698734320026,22.039473684210506,-0.9157479042635916,-0.7427587745530545,16.418416711999388,10.766583288000607,0.03876781270184348,0.033801914919067595,0.030503378960347882,-345146733.0,-1.438471269425322,0,0,-1,0,0,0.014610389610389588,-0.21365608021844765,0.6716768971077776,0.536588764281701,-0.0025884383088868868,-0.2594490711082639,-0.49248174035734726,0.10121107266435986,0.0
2008-10-16,12.49,11.56,-0.024292692569044587,-0.010288970862389472,-0.006089622994373988,0.333852497119396,0.07737746089325495,12.256,13.437000000000001,14.262,3,16,10,12.485841154495564,13.659073009525187,34.29003021148036,-0.8620363926960408,-0.7666142981816517,16.137269772097756,10.736730227902248,0.04745229588763271,0.039855193714864186,0.03466820667556077,-327519233.0,-0.7014113995464288,0,0,-1,0,0,0.05536332179930785,1.0440946346052138,0.8883744090027417,0.632681586143011,0.06297872340425537,-0.19935897435897432,-0.20941684555893417,0.08887109687750196,0.0
2008-10-17,12.19,12.49,0.0008193363834026493,-0.0015923570243630836,0.04854081869999387,-0.29237704578789625,-0.02431238064430621,12.131,13.2625,14.143666666666666,4,17,10,12.432051853678187,13.564294105684853,34.97688751926037,-0.8340625714656689,-0.7801039528384552,15.798529843755924,10.726470156244075,0.04763561791322005,0.039794098492322426,0.034683757693777954,-340677933.0,-0.8458102357435985,0,0,-1,0,0,-0.022417934347477932,-0.11044947980482481,0.928525590811279,0.631711729552173,0.026094276094275948,-0.22257653061224492,0.30975184778101605,0.042657916324856555,0.0
2008-10-20,12.9,12.19,0.004901970600206688,0.029055832776662915,-0.0016638938946952695,-0.3824173860486109,0.05661136787444632,12.14,13.1695,14.046666666666665,0,20,10,12.517133334827607,13.521436421447122,38.21376281112738,-0.7460025967528043,-0.7732836816213251,15.608882795104593,10.730117204895405,0.04982456484130559,0.0411058639216941,0.03667764052845524,-331700933.0,-0.22095753117619535,0,0,-1,0,0,0.006562756357670228,-1.1641266625785311,0.9455625597880478,0.652535360179589,0.031175059952038398,-0.1260162601626016,0.2802426957916681,0.07054263565891473,0.0
2008-10-21,12.68,12.9,0.03207973561022755,0.0046332129214881985,0.018969640992287908,-0.243228049679082,-0.017201362358546666,12.187000000000001,13.042000000000002,13.949333333333334,1,21,10,12.54674545576804,13.467150200708598,38.72403560830861,-0.6860581425275942,-0.7558385738025789,15.286718714062605,10.797281285937398,0.047425940363992086,0.04018581753847288,0.03670953063775841,-338739733.0,-0.32253484388236453,0,0,-1,0,0,-0.017829457364341116,-1.4665447454324991,0.9484796473228072,0.6379300766317023,0.02922077922077926,-0.16743269862114252,0.3027662725197192,0.05835962145110412,0.0
2008-10-22,12.0,12.68,-0.006334146276791902,-0.014746095685192738,-0.05026183478088819,0.5722729083494698,-0.055119299221079554,12.228,12.905000000000001,13.818999999999999,2,22,10,12.44733719108294,13.372495349049979,39.48562783661119,-0.6855198021229132,-0.7417748194666458,15.04540330680674,10.764596693193262,0.04780396683589454,0.0411302258023491,0.037354184451902896,-351214533.0,-0.8456350231958553,0,0,-1,0,0,-0.007097791798107244,-0.20252558643409752,0.9126538039176632,0.6529220930456868,0.03806228373702414,-0.18588873812754414,0.42282499978227034,0.09583333333333321,0.0
2008-10-23,11.86,12.0,-0.04633091894919424,-0.03825167539438908,-0.024349029010286613,0.13826074853274326,-0.011735256218420965,12.239,12.75,13.674333333333333,3,23,10,12.340548610886042,13.274915003949982,38.2089552238806,-0.6884539251434862,-0.7311106406020139,14.704740526595687,10.795259473404313,0.047931608978717066,0.04072925653675234,0.037008670946749575,-365539033.0,-0.9106067919408165,0,0,-1,0,0,0.0016666666666666312,0.17768551938730207,0.6549587377504332,0.6465569032847913,-0.05044035228182553,-0.20721925133689845,1.32901335303753,0.08010118043844866,0.0
2008-10-24,10.97,11.86,-0.0538361516479707,-0.06199639899077694,-0.03767261629917015,-0.2406348095082439,-0.07800711928244042,12.148,12.57,13.500333333333334,4,24,10,12.091357954361307,13.126210810146757,36.7816091954023,-0.7539042616964302,-0.7356693648208972,14.481615464524802,10.658384535475198,0.05352156632915183,0.043101059654493915,0.03882987689878144,-376799933.0,-1.6739768323622919,0,0,-1,0,0,-0.03962900505902183,-0.6308532693326442,0.807910986322268,0.6842081105349025,-0.10008203445447084,-0.24708304735758402,0.8519683364151948,0.05742935278031001,0.0
2008-10-27,10.66,10.97,-0.039396321196581076,-0.024498163044014636,-0.025927378256136554,-0.2390113059066754,-0.02866585554944047,11.963,12.396,13.320666666666666,0,27,10,11.83111105356834,12.96710043529858,38.38080959520239,-0.821320858577554,-0.7527996635722285,14.339165079532794,10.452834920467208,0.04946876988992123,0.04307700470509068,0.038933628083110634,-385666833.0,-1.7867756252777007,0,0,-1,0,0,-0.0018231540565178987,-1.1521757182198962,0.4229611383600544,0.6838262500513753,-0.17364341085271318,-0.24611032531824617,-0.7420088825883207,0.05909943714821754,0.0
2008-10-28,11.12,10.66,-0.003659656417530287,-0.012477880255442829,-0.038245578995075066,0.3290935017653478,0.04224687008473772,11.843,12.2265,13.144333333333334,1,28,10,11.701818134737733,12.847932665279316,46.39016897081413,-0.8280851910789746,-0.7678567690735778,13.974886022653601,10.478113977346398,0.052747426593951104,0.04404932642674993,0.039755619725674186,-373344433.0,-1.2657387849859578,0,0,-1,0,0,0.02345215759849906,-0.33993481956385346,0.716853829938356,0.6992613788705144,-0.12302839116719244,-0.23363197794624402,0.7794972465023641,0.08003597122302164,0.0
2008-10-29,10.84,11.12,-0.007359738832080269,0.008039346559417185,0.04385831590003261,-0.20501096711039937,-0.02550229281093612,11.771,12.0585,12.985333333333333,2,29,10,11.54512392842178,12.71838862235807,43.13725490196078,-0.8462841958469944,-0.7835422544282612,13.646829476624985,10.470170523375016,0.04987706156970345,0.044098890146990116,0.039236325248440514,-383382733.0,-1.5343164222944117,0,0,-1,0,0,-0.026079136690647407,-0.9036609942109808,0.6725852057144079,0.7000481785373548,-0.09666666666666668,-0.23661971830985917,0.39462803070545655,0.04797047970479701,0.0
2008-10-30,11.24,10.84,0.021014935081289515,0.009738899461866606,0.024874612772874068,-0.02649783326288431,0.03623584845404481,11.645999999999999,11.951,12.84,3,30,10,11.48964685052691,12.623008711238194,45.36231884057971,-0.8189895791171278,-0.7906317193660346,13.44830846240145,10.453691537598552,0.0429827510941503,0.04410667615477047,0.040176653559817165,-373606933.0,-0.9497041095455612,0,0,-1,0,0,0.02029520295202958,-0.8901754945118683,0.7864925574179261,0.7001717775791118,-0.05227655986509272,-0.16056758775205382,-0.1393656198482096,0.032028469750889625,0.0
2008-10-31,11.78,11.24,0.030278359306261073,0.06646397902854721,0.010859835236008504,0.0822074097405526,0.04692433375789564,11.605,11.867999999999999,12.709999999999999,4,31,10,11.54243833224929,12.568621052448634,44.64023494860499,-0.7451947702362691,-0.7815443295400816,13.1917522426799,10.544247757320097,0.04622539387548914,0.04579649691374382,0.04147991215602784,-362993533.0,-0.13295539325674047,0,0,-1,0,0,0.01423487544483987,-0.6599768614561626,0.6070680648119818,0.7269968505102192,0.07383773928896975,-0.12351190476190477,-0.5641453131230337,0.08658743633276753,0.0
2008-11-03,11.8,11.78,0.050459613638973146,0.004934220537221257,0.05174323815217176,-0.4339930099468083,0.0016963532481785555,11.495000000000001,11.8175,12.611333333333333,0,3,11,11.589267726385781,12.519032597451949,46.08433734939759,-0.6772906348425884,-0.760693590600583,13.064793912942433,10.570206087057569,0.04115665095839621,0.04476749112191328,0.040420604649093764,-356116933.0,-0.028060747861290626,0,0,-1,0,0,0.01782682512733454,-1.3986789974837195,0.500737171951844,0.7106618899732469,0.10694183864915585,-0.0788446526151444,-0.9304043352273353,0.04152542372881358,0.0
2008-11-04,12.05,11.8,0.0,-0.011551283556516,-0.031252543504104426,0.5818894668391583,0.02096512846504487,11.431999999999999,11.8095,12.505333333333335,1,4,11,11.673037230679276,12.488772429874404,53.996737357259384,-0.5964279574276823,-0.7278404639660028,13.048217078270937,10.570782921729062,0.04200051852517042,0.04384803204594303,0.04011640120218994,-343811833.0,0.3883049716819966,0,0,-1,0,0,0.016101694915254195,-0.13838473647867391,0.46209485777642634,0.6960659296389358,0.08363309352517989,-0.013104013104013101,-0.6076865558440302,0.05892116182572621,0.0
2008-11-05,11.72,12.05,-0.008375258336732383,0.007441125694688175,0.031252543504104315,-0.47614511420265043,-0.02776787578779746,11.404,11.815999999999999,12.404666666666667,2,5,11,11.681575916010315,12.439174208592185,43.03797468354431,-0.5526018944111275,-0.6927927500550278,13.051226806363097,10.580773193636901,0.03930816784292278,0.04271244504931459,0.04002221826742608,-351455433.0,-0.15543704120646953,0,0,-1,0,0,-0.013278008298755199,-1.1143616777441434,0.47473201517310065,0.6780390449279902,0.08118081180811809,0.011216566005176842,-0.6756858053648171,0.03754266211604106,0.0
2008-11-06,11.09,11.72,-0.020391530690980875,-0.02417791805021205,-0.05715841383994852,0.23632749340696282,-0.05525298278659097,11.327,11.783,12.275666666666666,3,6,11,11.574016658553894,12.352130711263657,40.61433447098977,-0.5622241881228192,-0.666679037668586,13.060202535148425,10.505797464851574,0.042613400056390596,0.044322812617761505,0.040692955967496315,-361136733.0,-1.0851841911188576,0,0,-1,0,0,-0.005972696245733812,-0.5844148889646086,0.6339126246326786,0.7036028375610761,-0.013345195729537407,-0.05617021276595746,-0.10686213424158991,0.072137060414788,0.0
2008-11-07,11.29,11.09,-0.04117971228475649,-0.03608638977442087,-0.008178146443892318,-0.30667067770954914,0.017873576799294837,11.359,11.7535,12.166333333333334,4,7,11,11.52237726608955,12.283606149246648,34.95327102803738,-0.5474014930180449,-0.6428235287384778,13.048401337432438,10.458598662567564,0.035374720067764,0.04445776961169934,0.04085618703059108,-354012333.0,-0.7158846571570326,0,0,-1,0,0,0.008115419296663649,-1.235267002849135,0.5077941144796021,0.7057452134229663,-0.041595925297113756,-0.04966329966329974,-0.7524094939205895,0.041629760850309915,0.0
2008-11-10,11.1,11.29,0.02298951822469878,0.009577783273234247,-0.0018264845260344098,-0.41356163364493415,-0.016972269843282192,11.403,11.683,12.065,0,10,11,11.445581399527812,12.207244462198478,35.15037593984961,-0.5447067718616783,-0.623200177363118,12.957859744607688,10.408140255392311,0.0344080240411463,0.04264660329512134,0.04068751999707472,-358723633.0,-0.9146104149353412,0,0,-1,0,0,0.013286093888396844,-1.8476791888864774,0.5024067219837332,0.6769938394831128,-0.05932203389830515,-0.11270983213429253,-0.2092034974853437,0.05405405405405402,0.0
2008-11-11,10.86,11.1,-0.030170877633363354,-0.037973657428414895,-0.027805313080336774,0.42841346075525605,-0.021858793812499073,11.376999999999999,11.61,11.943333333333333,1,11,11,11.339112054159118,12.120325464637286,38.319672131147534,-0.5555333376581224,-0.6096668094221188,12.89840987267257,10.321590127327429,0.032378337440893995,0.04275084551993069,0.04026798482046642,-365954633.0,-1.1642257885594465,0,0,-1,0,0,0.0,-0.9704465629640904,0.4088038080354741,0.6786486335008585,-0.0987551867219918,-0.11850649350649356,0.45537778148432856,0.0432780847145487,0.0
2008-11-12,9.97,10.86,-0.03576722385863091,-0.024602607640038427,-0.10598727844863541,0.6638535208721016,-0.08550573053204225,11.29,11.5305,11.802333333333335,2,12,11,11.09018258976655,11.981594789499397,33.214920071047956,-0.6286819765281759,-0.6134698428433303,13.013434146956872,10.047565853043128,0.040798043879874284,0.04436424079301526,0.042382203237062495,-379999133.0,-2.104611325057557,0,0,-1,0,0,-0.013812154696132466,1.1806528990106662,0.6048349837811975,0.7042604894550318,-0.14931740614334466,-0.13754325259515565,-0.13996947446925445,0.1273821464393179,0.0
2008-11-13,10.48,9.97,-0.04390017887524029,-0.013934270974546272,0.01965919496013807,0.18867393899770074,0.04988809491914915,11.214,11.430000000000001,11.705333333333332,3,13,11,10.979240300718088,11.884717706305887,45.33333333333333,-0.6381439360243384,-0.6184046614795319,12.911578106010865,9.948421893989138,0.042727543020915214,0.041751219461792985,0.04291591341480512,-363038333.0,-1.2824163588079314,0,0,-1,0,0,0.02808425275827476,2.165617481200709,0.7891153739464136,0.6627800617775055,-0.05500450856627592,-0.16092874299439552,-0.39502592989253366,0.08874045801526714,0.0
2008-11-14,10.16,10.48,0.009708814126960903,-0.006569709223161073,0.02128818354874591,-0.43922882607816355,-0.031010236742560322,11.052,11.3285,11.596,4,14,11,10.830287518769344,11.773445596221638,45.247148288973385,-0.6638119221136449,-0.6274861136063545,12.867867949585403,9.789132050414597,0.03868997196893759,0.04190873382251486,0.043069469142345856,-373970133.0,-1.5181555524976482,0,0,-1,0,0,-0.01240458015267183,0.2556243422057929,0.7540193886108874,0.6652805247358539,-0.10008857395925586,-0.16652994257588183,0.4671518020802867,0.06397637795275576,0.0
2008-11-17,9.9,10.16,-0.019512814223581715,-0.03156646596783453,-0.022313298963991195,-0.22339971760412708,-0.025923685009791544,10.862,11.178500000000001,11.498999999999999,0,17,11,10.661144333538555,11.652578138400887,37.94466403162057,-0.6970981001367367,-0.641408510912431,12.656539597788866,9.700460402211137,0.03842113282260997,0.03900235700409432,0.04258614889885374,-382713333.0,-1.7299942463146811,0,0,-1,0,0,-0.000984251968503916,-0.4647180573064828,0.7542952562804821,0.6191432230691506,-0.108108108108108,-0.2325581395348837,0.6503205647852263,0.05454545454545446,0.0
2008-11-18,9.82,9.9,-0.025949559853175513,-0.02559194787211404,-0.020726130517116855,0.07688097571119555,-0.008113634774169775,10.639,11.0355,11.419333333333332,1,18,11,10.508209000167907,11.53434729076212,39.506172839506185,-0.7216146430307635,-0.6574497373360976,12.454090479091398,9.616909520908603,0.03626627273964648,0.03899781155214543,0.0419400803161274,-392155233.0,-1.7136728575515674,0,0,-1,0,0,-0.0010101010101009886,-0.2811564023504017,0.7604942462253103,0.6190710662564316,-0.09576427255985265,-0.22555205047318605,0.3611128486744957,0.048879837067209636,0.0
2008-11-19,8.67,9.82,-0.00812187205734907,-0.009013581305361524,-0.10013857167667457,0.4589518807774256,-0.12455233157392406,10.334,10.869,11.322000000000001,2,19,11,10.17398918195556,11.349550691358113,27.094474153297682,-0.8243371237251615,-0.6908272146139104,12.565422241381262,9.172577758618738,0.04769031043456498,0.04472910346594118,0.0459206855747,-407096233.0,-2.592514936858562,0,0,-1,0,0,-0.0010183299389001819,1.4741244510332567,0.9589022072501204,0.7100525048265457,-0.13039117352056173,-0.27749999999999997,-0.5480891752412421,0.1499423298731256,0.0
2008-11-20,7.76,8.67,-0.12353348278482128,-0.10715062578007492,-0.1125882187792796,0.38733780513746335,-0.11088645659732307,10.001000000000001,10.664,11.188999999999998,3,20,11,9.73508205796364,11.117966775786622,16.387959866220754,-0.9680161371042466,-0.7462649991119776,12.792161054451627,8.535838945548372,0.05312694492357195,0.04900759214243442,0.04894296961374595,-429105133.0,-2.7291167592090773,0,0,-1,0,0,0.0,2.838821132032888,0.7934411148053214,0.7779714069777877,-0.2595419847328245,-0.34569983136593585,-0.5113973523234434,0.1559278350515464,0.0
2008-11-21,7.96,7.76,-0.08418429799032687,-0.07436642574120418,-0.005194816877104023,0.08818899452418588,0.02544666566116439,9.668,10.513499999999999,11.058333333333334,4,21,11,9.412339865606613,10.914226983800388,18.83116883116881,-1.0535992257960736,-0.8077318444487969,12.95343334680327,8.073566653196728,0.054014035307090764,0.048205417329337204,0.049260370966165326,-405067133.0,-2.0930899635807845,0,0,-1,0,0,0.02706185567010309,2.5517285969183687,0.9894028122303868,0.7652372765970579,-0.2165354330708662,-0.2743846855059253,-0.22728179880522065,0.07663316582914566,0.0
2008-11-24,8.32,7.96,0.04297776203099352,0.028539392356384165,0.006489315439749868,-0.40764736936284823,0.04423325497682566,9.39,10.3965,10.918666666666667,0,24,11,9.213732617314502,10.746857500974558,20.255183413078157,-1.0799267257592327,-0.862170820710884,13.024056599620845,7.768943400379154,0.05937384153218985,0.04989380295729916,0.04892422838693701,-389076733.0,-1.580555867226332,0,0,-1,0,0,0.045226130653266375,0.8421981687176381,1.1890014349854154,0.7920395675296356,-0.15959595959595962,-0.2195121951219512,-0.34628424381406797,0.09615384615384602,0.0
2008-11-25,8.5,8.32,0.014320053774748471,0.059175396208247195,0.07355339223378654,-0.06365838025822292,0.02140390866315358,9.154,10.2655,10.791333333333334,1,25,11,9.083963050530047,10.601898952524587,23.69281045751633,-1.0738878527872426,-0.9045142271261558,13.00023928325334,7.530760716746658,0.06133389352363968,0.048884361494632926,0.0493102480350627,-374072533.0,-1.291165129203614,0,0,-1,0,0,0.014423076923076828,0.6123239268271256,1.2438438834410852,0.7760151810898828,-0.1344195519348269,-0.23561151079136688,-0.5618536838896635,0.08588235294117652,0.0
2008-11-26,8.43,8.5,0.009434032233358714,-0.05216602171567087,-0.013309331368780267,-0.44629626677112866,-0.008269391482506742,9.0,10.145,10.687000000000001,2,26,11,8.9650606777064,10.461776439458484,26.079136690647474,-1.062502549429846,-0.9361118915868938,12.983565241733853,7.306434758266147,0.05770985202331651,0.04879372005074246,0.04837596977824784,-383675133.0,-1.2083569366561,0,0,-1,0,0,0.002352941176470538,-0.44985193635930065,0.9450836792042189,0.7745762927758227,-0.02768166089965396,-0.22232472324723251,-1.7018018552271172,0.0450771055753261,0.0
2008-11-28,8.65,8.43,0.009345862418237599,0.03769721059575391,0.016908615398427022,-0.6609507870870505,0.025762548930024,8.817,10.0155,10.559,4,28,11,8.907776918123417,10.344887636912777,26.34408602150539,-1.0239242912503492,-0.9536743715195849,12.879927746652047,7.151072253347952,0.05499510418332866,0.048289001328937674,0.045850128142510764,-378716733.0,-0.95341905663077,0,0,-1,0,0,0.020166073546856456,-1.2646169858511056,0.30584033796419885,0.7665641314562197,0.11469072164948457,-0.2304270462633452,-0.8990364773114574,0.06589595375722547,0.0
2008-12-01,7.93,8.65,-0.011696039763191187,-0.043534938791439645,-0.054133757083201554,0.7230579761583619,-0.08690628529703141,8.594000000000001,9.823,10.417,0,1,12,8.729999296646431,10.189088434531309,24.05891980360066,-1.0394664047421927,-0.9708327781641065,12.705550770995913,6.940449229004087,0.05877042033896514,0.04863898937653259,0.04766324053353056,-388934633.0,-1.31342005771227,0,0,-1,0,0,-0.017341040462427786,-0.2655670079215437,0.801242210753982,0.7721200194709068,-0.0037688442211055717,-0.3268251273344652,-1.5098163736076664,0.07944514501891539,0.0
2008-12-02,8.33,7.93,-0.05315260697773384,-0.022499468937714293,-0.01272281792796796,0.02870927493188728,0.04921042053199479,8.437000000000001,9.6495,10.264666666666667,1,2,12,8.657272151801624,10.06914724520671,29.82456140350878,-1.0078886713840376,-0.9782439568080927,12.447495335009979,6.85150466499002,0.06313247507694529,0.0508703487668936,0.04728023788220166,-378419133.0,-0.9431752680140142,0,0,-1,0,0,0.016393442622950918,-0.2488996597494503,0.8202948173744796,0.8075417516659303,0.0012019230769231282,-0.2940677966101696,-1.4011083415777261,0.06482593037214886,0.0
2008-12-03,8.3,8.33,0.012330612457478725,0.005970166986503975,0.007653098577717432,-0.004403194182859421,-0.003607941376199054,8.285,9.462,10.118666666666666,2,3,12,8.592313578746783,9.95500871325789,34.565619223659894,-0.9740555336090289,-0.97740627216828,12.07944431399083,6.844555686009169,0.0632048023264655,0.050214731698935075,0.04730777291491212,-388888433.0,-0.8878889944583322,0,0,-1,0,0,-0.020408163265306114,-0.23977771283417829,0.8002813289710932,0.7971341533632849,-0.0235294117647058,-0.3112033195020747,-1.0337740435955307,0.06385542168674702,0.0
2008-12-04,8.43,8.3,0.006108754488321191,0.041678770240236855,0.03373211758513722,-0.09621896280965529,0.015541257211211778,8.261000000000001,9.297500000000001,9.999666666666666,3,4,12,8.56280201897464,9.856621054338026,29.62226640159045,-0.9260773711515817,-0.9671404919649405,11.724001705401559,6.870998294598444,0.05233550712051083,0.050676834210460875,0.046941370773618284,-379379533.0,-0.7150211335676276,0,0,-1,0,0,-0.010843373493975886,-0.4481543644711847,0.8096906591302914,0.8044698033175786,0.0,-0.28071672354948807,-1.4452892990316872,0.07325029655990507,0.0
2008-12-05,8.83,8.43,0.03353607685891906,0.009376400560047269,-0.01734863833461309,-0.0591008960654288,0.046358242602104624,8.368,9.1845,9.898666666666665,4,5,12,8.611383470070159,9.790387437929123,36.986301369863014,-0.8460252225464409,-0.9429174380812406,11.46566752194108,6.903332478058919,0.03947769687253903,0.051654533101086246,0.048121090446809664,-370416333.0,-0.31080575765724594,0,0,-1,0,0,0.007117437722419988,-0.5456697767466737,0.8636571309225451,0.8199902920477694,0.020809248554913173,-0.2037871956717764,-1.3668669001962752,0.09513023782559454,0.0
2008-12-08,8.91,8.83,0.06938541319954826,0.028987536873252187,0.07927318089450788,-0.0013732201933534841,0.009019226866849236,8.463000000000001,9.0655,9.830000000000002,0,8,12,8.665677384602857,9.733588248385308,39.95943204868154,-0.7672832232398896,-0.9077905951129704,11.121387310039122,7.009612689960878,0.039263973929188456,0.0514365801497518,0.04654261576688519,-361465433.0,-0.1512728827506026,0,0,-1,0,0,0.03057757644394106,-0.5737420302777569,0.38093753005562975,0.8165303962073083,0.12358133669609095,-0.21080602302922935,0.23531502791809905,0.04938271604938266,0.0
2008-12-09,8.27,8.91,-0.027856954502966224,-0.02110017204008634,-0.04971437865296344,0.38024727074863524,-0.07453973244711812,8.458,8.924,9.750333333333334,1,9,12,8.59373604194779,9.639163200102384,35.88342440801456,-0.747900936338862,-0.8758126633581489,10.769043431239192,7.078956568760807,0.04526439243053141,0.05323375343089522,0.04792597224728054,-374557433.0,-0.708926401326772,0,0,-1,0,0,-0.00673400673400679,0.16937503329194248,0.6987117289193968,0.845059637596081,-0.007202881152461038,-0.254954954954955,-1.1926838073339419,0.08101571946795647,0.0
2008-12-10,7.88,8.27,-0.05695903192322787,-0.05419193287485229,-0.06001800972625304,0.11209762364076277,-0.0483066051658122,8.395999999999999,8.775,9.642333333333333,2,10,12,8.463965852502739,9.52566880009578,41.649048625792815,-0.7553034074410316,-0.8517108121747254,10.433642437912146,7.116357562087854,0.04686832591590052,0.05374981886055623,0.04748327459990064,-389202433.0,-1.0791958285193788,0,0,-1,0,0,0.010882708585247867,0.4274677504267092,0.7746005548529665,0.8532519223188054,-0.050602409638554335,-0.2744014732965009,-0.33151096453687134,0.08629441624365479,0.0
2008-12-11,7.28,7.88,-0.05028649843036967,-0.05981037994162517,-0.08467109976892274,0.09206459455356175,-0.07919704166119317,8.281,8.6405,9.523666666666667,3,11,12,8.248699333865877,9.380786942025084,44.57013574660635,-0.8003588659120648,-0.8414404229221933,10.327159420274608,6.95384057972539,0.051801843541999876,0.05338044741630635,0.04892408296455919,-405259733.0,-1.6132480376844456,0,0,-1,0,0,0.008883248730964504,0.7007442258418175,0.8574964264914902,0.8473883324214417,-0.13641755634638186,-0.26980942828485455,0.708318902992504,0.11263736263736267,0.0
2008-12-12,7.3,7.28,-0.0977029773693828,-0.07304419370613023,-0.011283617602027283,-0.19761480234163034,0.002743485945750834,8.146,8.4815,9.392333333333333,4,12,12,8.076208545890264,9.246542623184757,42.21698113207547,-0.8249423861852438,-0.8381408155748035,10.032082573032021,6.93091742696798,0.050332807355059156,0.05131894643635205,0.04813828470323857,-392081733.0,-1.5239433494853316,0,0,-1,0,0,-0.009615384615384654,0.13331233432768225,0.6423388796150112,0.8146630188985916,-0.17327293318233294,-0.3034351145038169,0.31855775070061304,0.04657534246575341,0.0
2008-12-15,7.6,7.3,0.0474022388945839,0.03326986821831877,0.030728674721250758,-0.0313639667677709,0.0402738991379399,8.113,8.3535,9.253000000000002,0,15,12,7.989625173910215,9.140314066850257,41.38755980861244,-0.8108703022262223,-0.8326867129050872,9.733999909453516,6.973000090546485,0.047033586546080114,0.052775549001026545,0.04784973540911512,-379310633.0,-1.091633537735299,0,0,-1,0,0,0.035616438356164355,0.025275632797729704,0.8055387326176784,0.8377858677697172,-0.14702581369248047,-0.25196850393700787,0.7205193228873132,0.04868421052631581,0.0
2008-12-16,8.0,7.6,0.015748356968139112,0.051031480012445826,0.052255692207071915,0.10941068445508234,0.05129329438755048,8.08,8.2585,9.126333333333333,1,16,12,7.991511505926539,9.066745417376048,44.31818181818182,-0.7586956461076007,-0.81788849954559,9.437728561391383,7.079271438608616,0.04731553005526162,0.05466109114448068,0.04928448682265167,-365062933.0,-0.43842221680077514,0,0,-1,0,0,0.010526315789473694,0.29179651614716595,0.8818613166019955,0.8677179213583851,-0.03264812575574361,-0.19191919191919193,-0.31995245917948,0.047499999999999876,0.0
2008-12-17,8.27,8.0,0.037064945642542944,0.04261143728823991,0.030850775720475815,-0.3048488734065492,0.033192967355763964,8.077,8.181000000000001,9.000333333333334,2,17,12,8.042145777576259,9.015342487222755,48.26086956521739,-0.687633500759878,-0.7918374997884476,9.104036179938197,7.257963820061804,0.0487170432423508,0.05549712330827578,0.04962542400762323,-354559033.0,0.19284184506387997,0,0,-1,0,0,-0.003750000000000031,-0.5536207978864411,0.8255585152478079,0.8809895205191034,0.04949238578680193,-0.1578411405295317,-1.6149704256060842,0.05925030229746073,0.0
2008-12-18,8.17,8.27,0.03815847559504458,0.0011911853701530102,0.021290722808881515,0.07455056690834654,-0.012165600163688364,8.051,8.156,8.882,3,18,12,8.065391999835121,8.960804262240643,44.64285714285713,-0.6320989595243702,-0.7598897917356322,9.049895083918607,7.262104916081395,0.0485619367222633,0.04913825924395325,0.04953233057886065,-365875933.0,0.03132358651896136,0,0,-1,0,0,0.0012091898428052948,-0.33236640473181517,0.4318848270728811,0.7800456829087263,0.12225274725274726,-0.05767012687427908,-0.4945566420475678,0.040391676866585076,0.0
2008-12-19,8.19,8.17,-0.01582504114439683,0.015357655654319765,-0.011215070820140068,0.0321200318659618,0.0024449889930664398,7.986999999999999,8.177499999999998,8.785333333333334,4,19,12,8.088047999865099,8.911074954999311,53.439153439153436,-0.5797901427783252,-0.7238698619441709,9.051760589840685,7.303239410159313,0.0454507990275028,0.04271862752910362,0.048907950302359234,-354189633.0,0.028595592996543313,0,0,-1,0,0,-0.0024479804161566185,-0.15333855693926773,0.4328005793947406,0.6781371887520349,0.12191780821917808,0.055412371134020644,-0.488610236576745,0.06715506715506703,0.0
2008-12-22,7.87,8.19,0.009768087436207048,-0.02132782264082364,-0.08223809823697223,-0.19743567240772847,-0.03985583543566617,7.883,8.173,8.671333333333333,0,22,12,8.048402908980535,8.843908828870324,43.78378378378378,-0.5577272220481948,-0.6906413339649757,9.0528827673115,7.2931172326885,0.046157245323153476,0.043401398105654354,0.048936457723398635,-363782133.0,-0.6887281152825003,0,0,-1,0,0,0.004884004884004997,-0.7033915332131476,0.5780717156261541,0.6889758356404275,0.03552631578947385,-0.011306532663316604,0.007124525906996727,0.12706480304955528,0.0
2008-12-23,7.79,7.87,-0.025847592810555393,-0.03783245567188921,0.04131167052775475,-0.17389430443358628,-0.01021720254665494,7.834999999999999,8.1465,8.561,1,23,12,8.001420561893164,8.775914710878691,43.19999999999998,-0.5404673585468291,-0.6606065388813465,9.039567451923668,7.253432548076331,0.04101397300160437,0.04213546768806879,0.048923093202054284,-371843533.0,-0.7983719465581198,0,0,-1,0,0,0.019059720457433222,-1.1493733001703506,0.4196180366230842,0.6688798132681663,-0.026249999999999996,-0.06370192307692313,0.4234343481980269,0.04878048780487792,0.0
2008-12-24,8.1,7.79,-0.026533458026828508,0.01603982568103658,0.01939298009909449,-0.48513729123718735,0.03902320179573624,7.857000000000001,8.1265,8.469,2,24,12,8.019344096094407,8.732307310176841,45.801526717557245,-0.49605615656089697,-0.6276964624172565,9.004015032110662,7.2489849678893385,0.04034089427192912,0.04287050425676028,0.04972187377141841,-366880833.0,-0.060397825747237,0,0,-1,0,0,0.0025673940949935267,-1.9808390325995668,0.4554706939100603,0.6805481570599419,-0.02055622732769047,-0.04705882352941182,0.6801332175829299,0.04444444444444449,0.0
2008-12-26,8.08,8.1,0.03769290427572693,0.003665245398295874,0.010191171006188283,-0.269372868854294,-0.002472189145389037,7.937,8.109,8.406,4,26,12,8.03037244225906,8.690222967584788,39.43661971830985,-0.45720343527207774,-0.5935978569882208,8.974913572933643,7.243086427066357,0.029432669320285668,0.04284233005068856,0.04775120545692698,-370671633.0,-0.06698128059536092,0,0,-1,0,0,0.0012345679012345416,-2.0196738347865866,0.4495417572054942,0.680100905404027,-0.011015911872705009,-0.04151838671411623,0.3773809153623874,0.03836633663366332,0.0
2008-12-29,8.05,8.08,-0.012407107047053643,-0.0159806719883499,-0.016613800662655446,0.6831655893258056,-0.0037197811025319006,8.011999999999999,8.079,8.325,0,29,12,8.033941089121049,8.648918259998673,37.71428571428571,-0.4239461358546599,-0.5596675127615086,8.906727389652046,7.2512726103479554,0.029700366660537263,0.04235739342062714,0.046527958402018045,-378177933.0,-0.07007137944822814,0,0,-1,0,0,-0.008663366336633699,-0.9719897710278725,0.44791875190708835,0.6724027750554175,-0.017094017094016922,-0.06936416184971095,0.5983869721559918,0.038509316770186396,0.0
2008-12-30,8.38,8.05,0.00870111145273618,0.0376944322121344,0.030459207484708654,-0.13473682119745878,0.04017582306351959,8.09,8.1015,8.265666666666666,1,30,12,8.09686089109904,8.631568694837469,51.724137931034505,-0.3667337658170293,-0.5210807633726128,8.936605414084243,7.266394585915758,0.029688588581140277,0.038895983863163466,0.04714463508082267,-371617833.0,0.6669816655551153,0,0,-1,0,0,0.0037267080745340816,-1.172567838196057,0.4013442289733032,0.6174546018066714,0.06480304955527338,0.05674653215636827,0.5474026152571462,0.045346062052506055,0.0
2008-12-31,8.62,8.38,0.04240489948076001,0.03402087629845881,0.0368139731227164,0.03443036717940305,0.02823717018160977,8.152,8.116,8.223,2,31,12,8.191977092717394,8.630822327428602,62.17105263157896,-0.29858465805743784,-0.4765815423095778,8.977465092307511,7.254534907692489,0.026698402856984913,0.03780102406029005,0.04737843587658553,-364827933.0,1.1700996465219284,0,0,-1,0,0,0.00596658711217171,-1.0128149286524066,0.3524948420901688,0.6000726538025792,0.10654685494223348,0.034813925570228,-0.41353954122185205,0.04292343387470989,0.0
2009-01-02,8.97,8.62,0.021127546425875277,0.040683576636443536,0.023810648693718392,0.15714434495138183,0.03980059139510328,8.222,8.1495,8.194666666666667,4,2,1,8.333435803132414,8.652704757917078,80.28673835125453,-0.21386858037619305,-0.42403894992290087,9.089611415570214,7.209388584429785,0.027513711508627883,0.03871288679140042,0.04804451505484422,-356882633.0,1.7455377871405502,0,0,-1,0,0,-0.0011600928074245694,-0.6180464495127452,0.35529743754156123,0.6145480259006564,0.10740740740740762,0.080722891566265,-0.4054994903266322,0.05908584169453727,0.0
2009-01-05,8.68,8.97,0.03424992304307866,-0.013378125946175974,0.0,0.026528797094547085,-0.03286414739844608,8.273,8.162,8.195,0,5,1,8.396447475290156,8.654465741277267,72.54901960784315,-0.16819223939657135,-0.37286960781763495,9.124203611235638,7.199796388764363,0.029842202610814158,0.03947182219808293,0.043289867846141084,-365041533.0,1.076695189981248,0,0,-1,0,0,-0.0066889632107023965,-0.5299182517287433,0.5086914131246375,0.626595751984118,0.07425742574257432,0.029655990510083052,-0.9333240922454864,0.04723502304147467,0.0
2009-01-06,9.14,8.68,-0.018120541113194912,0.03202924257227665,0.022106775781029778,0.27680054544465293,0.051638856793799884,8.368,8.1775,8.241,1,6,1,8.531638843419218,8.685790532162606,73.91304347826089,-0.093794054989214,-0.3170544972519508,9.193495752167433,7.161504247832568,0.03317904513942833,0.039824248633157595,0.03939230093174996,-354280733.0,1.8946929609630567,0,0,-1,0,0,0.00806451612903229,0.2181042966986648,0.5369252901506321,0.6321903482000336,0.13540372670807455,0.035107587768969495,-1.8818891927438133,0.05579868708971551,0.0
2009-01-07,8.94,9.14,0.032605474034562064,0.0010863662122210114,0.012578782206860185,-0.1533858495931164,-0.022124796280635982,8.475,8.178999999999998,8.273666666666667,2,7,1,8.605886326433906,8.702191142990825,65.56291390728475,-0.050390417006365595,-0.2637216812028338,9.199627258111995,7.158372741888002,0.030612185603792374,0.0401551989336747,0.03953776129308588,-363511333.0,1.491239811501279,0,0,-1,0,0,-0.010940919037199279,-0.24235214308314912,0.60842491746946,0.6374440213489758,0.06682577565632442,0.0033670033670032407,-0.4249605868689387,0.04586129753914991,0.0
2009-01-08,8.99,8.94,-0.013363227812167028,-0.019947914722851016,-0.011428695823622968,-0.1389286493768207,0.005577259298106215,8.595,8.215,8.296,3,8,1,8.675725176173195,8.720759456346256,62.85714285714286,-0.011821863976996028,-0.21334171775766625,9.298026947228118,7.131973052771881,0.02966401646165109,0.036319164656717494,0.03879010623708016,-355478033.0,1.431173992454247,0,0,-1,0,0,-0.002237136465324337,-0.5323319953669681,0.5943844997388185,0.5765488650436863,0.042923433874710204,0.08706166868198317,0.13255864389249272,0.036496106785317124,0.0
2009-01-09,8.56,8.99,0.00223964259350466,-0.009806346358941807,-0.02208108307525516,-0.05905893293179476,-0.04901265832987816,8.641,8.249,8.298,4,9,1,8.654684235050794,8.710387878517466,56.230031948881795,-0.015771608880173815,-0.17382769598216777,9.33043958636096,7.167560413639041,0.03408097926196022,0.03637009074279367,0.03972151134506473,-363050633.0,0.5751592671884961,0,0,-1,0,0,-0.005561735261401636,-0.5960787383669804,0.6286972848628406,0.5773572915977069,-0.04570791527313267,0.08629441624365497,1.087817711837351,0.05023364485981305,0.0
2009-01-12,8.62,8.56,-0.0446043062367538,-0.02836264990812208,-0.003531492781471037,0.3215582032090494,0.006984894521950748,8.695,8.316,8.304333333333334,0,12,1,8.648378010496105,8.704556402484082,56.78233438485804,-0.013900080141862503,-0.14184217281410672,9.306914516468776,7.325085483531225,0.03394896335784284,0.030987084180723497,0.03969668658139901,-352605933.0,0.6135746221244867,0,0,-1,0,0,-0.0011682242990653955,0.47259849517267,0.5967288241401281,0.4919047115833082,-0.00691244239631339,0.18406593406593386,0.340534224791703,0.024361948955916368,0.0
2009-01-13,8.34,8.62,0.005830920310793144,0.009163867106791011,-0.019048194970694474,0.11543246032359172,-0.03302186830494631,8.724,8.367999999999999,8.294,1,13,1,8.592309281314995,8.681036634581883,57.50798722044728,-0.03461155956179596,-0.12039605016364456,9.235946154042376,7.500053845957622,0.0361087579555473,0.03232973895546232,0.03988617411840771,-364328633.0,-0.064520131507217,0,0,-1,0,0,-0.002320185614849139,1.002843726534813,0.38038868103924267,0.5132186953667424,-0.08752735229759312,0.14246575342465762,-0.043245547437839045,0.053956834532374015,0.0
2009-01-14,7.99,8.34,-0.03912769422386213,-0.04907526752132755,-0.05560419240380534,0.025510577753810375,-0.04287245659247205,8.684999999999999,8.3875,8.296,2,14,1,8.482798502894086,8.63645362589918,52.94117647058823,-0.0783642963203004,-0.11198969939497573,9.198448113079019,7.5765518869209805,0.03622833595742998,0.03306967283670993,0.0375767365359577,-376354233.0,-0.980333990767339,0,0,-1,0,0,-0.008393285371702672,1.1540738351535602,0.4183968852764784,0.5249647815852143,-0.10626398210290822,0.051315789473684204,0.4218457904732012,0.06007509386733411,0.0
2009-01-15,8.28,7.99,-0.03444374925741655,0.016627461460491832,-0.01278789804975584,0.1395348647403897,0.035652208618984854,8.651,8.4015,8.294333333333334,3,15,1,8.445926047822434,8.613456617776652,52.66272189349112,-0.08861656248356908,-0.1073150720126944,9.193732687775569,7.609267312224431,0.03706970974707537,0.031963095885854324,0.0370187518634697,-362527933.0,-0.30672806581901785,0,0,-1,0,0,0.0,1.891344281403948,0.5736369702632084,0.5073984170740938,-0.07897664071190225,0.03499999999999992,0.8631732788760533,0.08695652173913052,0.0
2009-01-16,8.61,8.28,0.046463124723200466,0.029021189344188132,0.062364344656043826,-0.30760245329397573,0.03908135004247106,8.615,8.4185,8.304666666666666,4,16,1,8.475757675491081,8.613233610178158,57.181571815718144,-0.06931430306751452,-0.09971491822365842,9.213438594120452,7.6235614058795464,0.03697165663312261,0.032307499564776784,0.037698028253413327,-352362733.0,0.4817982204320615,0,0,-1,0,0,0.010869565217391288,0.4576198182618292,0.6021879153670386,0.5128656559843612,0.005841121495326895,0.04111245465538094,-0.20478122569943172,0.054587688734030276,0.0
2009-01-20,8.14,8.61,0.031748698314580485,0.006841531816716784,-0.019536640908278467,0.08449144811844067,-0.05613413842519038,8.561,8.417,8.295,1,20,1,8.414710825401793,8.582702409521504,51.08958837772396,-0.09089442115388202,-0.09795081880970315,9.214023409813429,7.619976590186572,0.0394863047902287,0.03463224506411049,0.03897494546370331,-363424133.0,-0.6950862335771065,0,0,-1,0,0,0.0034843205574914215,0.820750439308523,0.7162246967627384,0.5497698467008831,-0.0556844547563804,-0.003671970624234966,0.4743992265255058,0.08476658476658491,0.0
2009-01-21,8.38,8.14,-0.0449779952830777,-0.04414189322992557,-0.036413313570101705,0.38801637194867583,0.029057734479542765,8.485,8.4265,8.28,2,21,1,8.40839976623783,8.569624834713666,50.0,-0.08762078807449569,-0.09588481266266166,9.216630568824307,7.6363694311756944,0.03616320422624,0.0352392787395581,0.038346941433920374,-347119033.0,-0.11770206554390318,0,0,-1,0,0,0.014742014742014645,2.3980651211380004,0.7317612124789408,0.5594062075569384,0.004796163069544557,0.02319902319902334,-0.6217325712476839,0.071599045346062,0.0
2009-01-22,9.81,8.38,0.06899287148695142,0.1669627229162659,0.0927493589426511,0.45963658580027017,0.15755435908328008,8.572,8.5235,8.31,3,22,1,8.663236172376406,8.649649038925688,61.37667304015297,0.03001662574068753,-0.07070452498199183,9.483944524275945,7.563055475724055,0.06650331693387611,0.050397938764228836,0.04952959066259537,-321299933.0,2.6789678476637895,0,0,-1,0,0,0.056085918854415134,3.3266667212416645,1.2809512463956225,0.8000424753624684,0.22778473091364204,0.24650571791613718,0.8271205935454152,0.13965341488277258,0.0
2009-01-23,8.0,9.81,0.042041589494922774,-0.07511350265574052,-0.09787757530957063,0.14139858756643303,-0.20396073189743585,8.473,8.534,8.301,4,23,1,8.542647777398876,8.607736197704675,42.75037369207773,-0.022546843500872882,-0.06107298868576804,9.46481514926777,7.603184850732231,0.09095800777479483,0.06686224804693781,0.0588934965852037,-351040533.0,-1.147381411701506,0,0,-1,0,0,-0.059123343527013254,2.8904127003594726,2.078882106116664,1.0614052825854696,-0.033816425120772875,0.02695763799743256,-0.2638673328516832,0.18125000000000002,0.0
2009-01-26,7.88,8.0,-0.12444112126198943,-0.12444112126198943,0.0,-0.8055012429520341,-0.015113637810048184,8.405,8.523,8.301,0,26,1,8.422166363326353,8.560785475272116,43.865030674846615,-0.07304475423427803,-0.06346734179547005,9.480235053353951,7.565764946646049,0.08993971388073381,0.0664182297279257,0.05828364153589314,-364330533.0,-1.3434526822791597,0,0,-1,0,0,0.018750000000000044,0.27861584881994383,2.049187910120406,1.0543567102874916,-0.08478513356562134,-0.02716049382716046,0.1379445592892934,0.0469543147208122,0.0
2009-01-27,7.33,7.88,-0.026104651993726948,-0.01857638557293542,-0.08444398148438391,0.37463090045742325,-0.07235238797122759,8.276,8.4855,8.302666666666667,1,27,1,8.22359066090338,8.481379960738431,36.30862329803327,-0.15565086943299633,-0.0819040473229753,9.566561369308726,7.404438630691274,0.09209884312156569,0.06827129758348995,0.05800233541139183,-383660233.0,-2.1377139777714445,0,0,-1,0,0,0.007614213197969607,1.123809177086589,2.0723794228770713,1.083773250537596,-0.09950859950859958,-0.0928217821782178,0.2271553514745904,0.11596180081855384,0.0
2009-01-28,7.66,7.33,-0.033293728099463696,-0.03692335410459781,0.03975849213908415,-0.2733124028042777,0.0440364678539399,8.208,8.466,8.314666666666666,2,28,1,8.12111963164822,8.428387705206921,40.50445103857567,-0.19227217485155812,-0.10397767282869189,9.59322108231801,7.338778917681989,0.0934539897352338,0.06909416378102172,0.05853493709328535,-368953133.0,-1.430065517125612,0,0,-1,0,0,0.04774897680763979,0.330104644567546,2.095643733589048,1.0968358464632986,-0.08591885441527458,-0.04844720496894417,0.1241588565049491,0.035248041775456866,0.0
2009-01-29,7.25,7.66,-0.0026075634070808302,0.010964314934501682,-0.032789822822990956,-0.1545541944907435,-0.05501051488591651,8.134,8.4095,8.303,3,29,1,7.962734244075816,8.352362691967764,37.74647887323943,-0.2514794976170798,-0.13347803778636946,9.661268853726217,7.157731146273783,0.09403911462464366,0.06936292335449804,0.05897564393226009,-381554133.0,-1.8525784477676457,0,0,-1,0,0,0.0,-0.06271105463671088,1.342202210810208,1.1011022724266153,-0.26095820591233443,-0.1348448687350836,-0.7324223752816307,0.08206896551724134,0.0
2009-01-30,7.03,7.25,-0.059157030847765135,-0.04526847011827162,-0.03246580124957722,0.10059160352712807,-0.030814763044009798,8.009,8.33,8.270666666666667,4,30,1,7.793146199698394,8.267048969905328,38.89695210449927,-0.3125509955374497,-0.1692926293365855,9.719827706096245,6.940172293903754,0.09309591603644049,0.06911585872153246,0.05837184606095691,-395488633.0,-1.8707354793659219,0,0,-1,0,0,-0.0041379310344827926,0.10340972613334797,0.7033095642938864,1.0971802429670972,-0.12124999999999997,-0.18445475638051034,1.0764217228967121,0.06827880512091045,0.0
2009-02-02,6.75,7.03,-0.019581045199106393,-0.05094012468583975,-0.05303157090883747,0.009115455700959414,-0.04064420093813514,7.823,8.219,8.22,0,2,2,7.603483254298686,8.169174842814662,36.84950773558368,-0.3791733828478545,-0.2112687800388393,9.741849130309832,6.696150869690166,0.0915352312383563,0.06848608161198827,0.05833671931294366,-409550733.0,-1.9292784436251047,0,0,-1,0,0,0.007112375533428139,0.07451594084380866,0.7037597976021889,1.087182841287567,-0.1434010152284264,-0.24749163879598668,1.6164838279440903,0.0696296296296296,0.0
2009-02-03,6.82,6.75,-0.024304269926049837,-0.024304269926049837,-0.006069821367075834,-0.02522645913088696,0.010316966970932269,7.691,8.126,8.175,1,3,2,7.461031753517107,8.082131304568556,38.98550724637682,-0.4214653001668571,-0.2533080840644429,9.753867833766536,6.498132166233463,0.09113121595069536,0.06847990827889731,0.05838766548193811,-395838933.0,-1.6045528671430227,0,0,-1,0,0,0.023703703703703723,-0.03719901388887038,0.643518658387355,1.087084842662853,-0.06957708049113231,-0.2142857142857142,0.8134168343170727,0.04985337243401757,0.0
2009-02-04,6.63,6.82,-0.008720985505444652,0.004332136739134737,-0.0015232295405215258,-0.14523716459118186,-0.02825466765759968,7.516000000000001,8.000499999999999,8.123,2,4,2,7.309935071059451,7.98844541395123,39.91097922848665,-0.46495366501602575,-0.2956372002547595,9.685236118647353,6.3157638813526455,0.08990448920618808,0.06695195458403995,0.05852845668219567,-407697133.0,-1.6269610235463468,0,0,-1,0,0,0.004398826979472047,-0.3847413557881671,0.37808075934171864,1.0628293297143638,-0.1344647519582246,-0.2746170678336981,1.2278396640664988,0.05731523378582214,0.0
2009-02-05,6.89,6.63,-0.03566499841053891,0.010035926527785434,-0.010728072239999,0.40437384708726115,0.03846628082779593,7.224000000000001,7.898000000000001,8.090333333333334,3,5,2,7.233583239957732,7.917577967889861,39.642324888226526,-0.47298638773242807,-0.3311070377502932,9.591487215000372,6.204512784999629,0.06524759089370914,0.06794865672706893,0.05871737120269572,-389929233.0,-1.190442999594514,0,0,-1,0,0,-0.0030165912518853055,0.6195351773134391,0.5300341810951416,1.0786514857243226,-0.049655172413793136,-0.22930648769574946,0.9273927922220144,0.07547169811320749,0.0
2009-02-06,7.33,6.89,0.05159582048273322,0.05414229916362546,0.06703924380271457,-0.33587020827393965,0.06190443087299296,7.157000000000001,7.8149999999999995,8.075,4,6,2,7.251113559965417,7.879669711896967,40.61583577712611,-0.43878995809163346,-0.3526436218185613,9.444652852927256,6.185347147072743,0.04520155739569598,0.06990552333669552,0.05993672208129821,-377230233.0,-0.5952187904667184,0,0,-1,0,0,0.010159651669085673,-0.36843425253316175,0.6950128820971306,1.109715780112311,0.04267425320056906,-0.1846496106785317,0.11277325222819091,0.06275579809004092,0.0
2009-02-09,7.18,7.33,0.05859416426605281,-0.0027063615977430252,0.010035926527785434,-0.03374678632814823,-0.020676132838427303,7.087000000000001,7.7459999999999996,8.044333333333334,0,9,2,7.238183821789887,7.83452973048426,42.61538461538461,-0.41896324018968123,-0.36590754549278526,9.359618359627719,6.13238164037228,0.04533124656929784,0.06934628517044766,0.0595566691467853,-389507833.0,-0.7015289540094013,0,0,-1,0,0,0.006821282401091381,-0.5165002383301639,0.6184077477285721,1.1008381494430253,0.0637037037037036,-0.16121495327102808,0.3060794149075496,0.051532033426183864,0.0
2009-02-10,7.2,7.18,-0.034462404186176576,-0.006798122713820985,0.011347639497537415,0.40800851411649247,0.0027816429618767705,7.074,7.675,8.014999999999999,1,10,2,7.2312413087371805,7.793592328517534,40.60509554140127,-0.39705953539254235,-0.3721379434727367,9.251224670066952,6.098775329933048,0.03987981347403319,0.06930962310747008,0.059563780230974056,-371044533.0,-0.6027059581294634,0,0,-1,0,0,-0.00696378830083563,0.6438267957763233,0.6227876069186331,1.1002561572358895,0.055718475073313734,-0.16473317865429227,0.4858427978157436,0.03333333333333336,0.0
2009-02-11,7.2,7.2,0.01254371847853032,0.0027247973261850357,-0.007077170374085087,-0.2607277605483829,0.0,7.0280000000000005,7.618,7.986666666666666,2,11,2,7.225561070784966,7.755296049258339,23.092783505154657,-0.3753736181253542,-0.3727850784032602,9.175306716908294,6.060693283091707,0.036495207299145654,0.06905232324046662,0.05956415291854796,-371044533.0,-0.5368242433704412,0,0,-1,0,0,0.0027777777777777185,-0.23834969571458234,0.5373948021735859,1.0961716484731228,0.08597285067873317,-0.13669064748201432,0.5628344194876501,0.0430555555555555,0.0
2009-02-12,7.33,7.2,-0.0013860016078771403,-0.0013614705983210744,-0.00427046912345232,-0.19225985324695832,0.017894489876550436,7.036,7.585000000000001,7.951666666666666,3,12,2,7.244549967005882,7.727857594467479,39.43217665615142,-0.3437350947037636,-0.3669750816633609,9.137078402794922,6.03292159720508,0.03288788284004248,0.068665181977622,0.05913935981055291,-359306933.0,-0.3285916478714052,0,0,-1,0,0,0.0013888888888888592,-0.7416314939037304,0.502335674451958,1.0900259714506928,0.06386066763425258,-0.08260325406758451,1.220150387610711,0.04502046384720328,0.0
2009-02-13,7.29,7.33,0.016506564601702408,0.018893949359961828,0.02535347068645667,-0.20424775679561008,-0.0054719698779933795,7.061999999999999,7.535500000000001,7.907333333333333,4,13,2,7.252813609368448,7.699608717405062,40.45307443365696,-0.31822075191244537,-0.35722421571317786,9.05709853616667,6.0139014638333315,0.031096529422175972,0.0680712212689658,0.05884254549977557,-368876133.0,-0.3226869560725047,0,0,-1,0,0,0.0,-1.103810766538174,0.2212700095370087,1.0805971375088046,-0.00545702592087316,-0.11956521739130432,-0.0693054155243494,0.039780521262002745,0.0
2009-02-17,6.95,7.29,-0.03894789907438287,-0.05073054817123634,-0.03683135853114356,0.2832413445844226,-0.04776188644386599,7.081999999999999,7.452499999999999,7.84,1,17,2,7.197756589483276,7.651246864669252,43.40277777777778,-0.3217269420114146,-0.35012476097282524,8.906928808122332,5.998071191877665,0.03221896906972389,0.0678787370984663,0.058724574844019245,-381578533.0,-0.6909929137731062,0,0,-1,0,0,-0.03292181069958851,-0.5213085291551803,0.3842304787808731,1.0775415460300553,-0.03203342618384397,-0.1927990708478513,-1.4850256106966953,0.025899280575539654,0.0
2009-02-18,6.69,6.95,-0.00426439878645754,-0.008474626990972345,-0.048790164169432056,0.09537172676574937,-0.03812778543656369,7.069,7.38,7.773666666666667,2,18,2,7.105437209577225,7.589230937916398,32.740213523131686,-0.3415482938893941,-0.348409467556139,8.834691141029912,5.925308858970087,0.03452837717878615,0.06737071302868293,0.05880806382259196,-395552033.0,-0.9486549832309885,0,0,-1,0,0,0.010071942446043078,-0.30019333700688156,0.42813160867784306,1.069476913937965,-0.0708333333333333,-0.1781326781326782,-0.1860956534824456,0.06726457399103142,0.0
2009-02-19,6.68,6.69,-0.03774032798284697,0.007067167223092353,0.007547205635383124,-0.10501468264402239,-0.0014958865915828024,7.074,7.295,7.691666666666666,3,19,2,7.028084989654094,7.530570877405663,38.17427385892116,-0.3539832756298109,-0.3495242291708734,8.701533626368997,5.888466373631003,0.03326630696597621,0.06682789656379608,0.05772436844815319,-408132533.0,-0.8744902908402393,0,0,-1,0,0,0.01046337817638257,-0.5434044414862513,0.4251092393755976,1.060859969696114,-0.0722222222222223,-0.20286396181384259,-0.15213469852726064,0.06736526946107774,0.0
2009-02-20,6.52,6.68,-0.04384678154206358,-0.06547792937950687,-0.08632808348849726,-0.0024113944046466732,-0.024243611609992853,7.037000000000001,7.1305000000000005,7.611000000000001,4,20,2,6.935705900626076,7.465372756282718,39.148936170212764,-0.37245531801185017,-0.3541104469390688,7.94242364173086,6.318576358269141,0.031187532569623165,0.051740891543607614,0.05774182763381634,-420682733.0,-1.5038359979234905,0,0,-1,0,0,-0.03143712574850299,-0.4776139030198161,0.31123757363760646,0.8213611898229038,-0.11050477489768085,-0.33537206931702357,-0.04984726774115627,0.084355828220859,0.0
2009-02-23,6.45,6.52,0.018377240001606704,0.011958288988873576,0.05112934652260426,-0.28683782087839826,-0.010794245130880401,6.949000000000001,7.053,7.526333333333333,0,23,2,6.84739573687588,7.399864836522543,42.990654205607484,-0.38826725642499405,-0.3609418088362538,7.809476597197022,6.296523402802978,0.019657995306922183,0.034011616439954616,0.05767809222060796,-430103333.0,-1.5942330595138032,0,0,-1,0,0,0.010736196319018449,-1.6337013089073444,0.29429666654513575,0.5399176727246154,-0.1152263374485597,-0.19374999999999998,-0.005964247528359551,0.048062015503876045,0.0
2009-02-24,6.57,6.45,-0.012213892293937963,-0.017991489793041566,-0.010963304797269584,-0.03955960249132054,0.018433701688837966,6.888,6.9875,7.459999999999999,1,24,2,6.7969601483529924,7.346325169650121,44.29223744292237,-0.38665817960993465,-0.36608508299099,7.665232286845712,6.3097677131542875,0.021684126030915973,0.03458515599171451,0.05742555690139099,-421048133.0,-1.2320499055552434,0,0,-1,0,0,0.009302325581395288,-1.5741208299614544,0.339738858907379,0.5490223308507123,-0.054676258992805704,-0.16624365482233494,0.2635011080003916,0.039573820395738306,0.0
2009-02-25,6.07,6.57,0.006125593426682576,-0.009118604216434456,-0.0854378125421992,0.7644976088991643,-0.07915522742511225,6.775,6.9245,7.375,2,25,2,6.664785575925175,7.263981610317855,38.80000000000002,-0.42087718575642796,-0.3770435035440776,7.695950445249234,6.153049554750766,0.029875133320848166,0.03519697242803454,0.05870882154836448,-440497933.0,-2.2153075554293964,0,0,-1,0,0,-0.0030441400304414704,2.212209417208252,0.5653765066487542,0.5587346156818598,-0.09267563527653211,-0.17189631650750337,-1.21036606736379,0.11861614497528826,0.0
2009-02-26,6.12,6.07,-0.05491575759611465,-0.04688358589885038,0.028742468865653945,-0.515952765144958,0.0082034914528279,6.667,6.847499999999999,7.301,3,26,2,6.565733653029689,7.1901763451360585,33.18777292576421,-0.438902023213009,-0.3894152074778639,7.617267565739643,6.077732434260356,0.03048829715425796,0.03313770758672814,0.058640157477353176,-428887733.0,-1.890180964694114,0,0,-1,0,0,0.02141680395387148,-0.5811283662409563,0.5878488670916101,0.5260447997595661,-0.08383233532934131,-0.2010443864229765,-1.2209288770088484,0.04084967320261438,0.0
2009-02-27,5.89,6.12,-0.02780228131195184,-0.024292692569044587,-0.04604393850140673,-0.04975228126301633,-0.03830609886073947,6.523000000000001,6.7795000000000005,7.231,4,27,2,6.442872988842472,7.106294000288571,15.384615384615387,-0.4663698927506381,-0.4048061445324188,7.6350570669092965,5.9239429330907045,0.028668237450202225,0.03223099378460153,0.05855946938642954,-439934433.0,-2.079346976148122,0,0,-1,0,0,-0.014705882352941154,-0.7465469736455418,0.605993906765112,0.511651164375145,-0.09662576687116564,-0.1875862068965518,-0.8212794725410518,0.06281833616298799,0.0
2009-03-02,5.52,5.89,-0.047547155929835015,-0.05388508849497936,-0.057466437868258065,0.1121557018320454,-0.06487813737449144,6.346,6.704000000000001,7.138999999999999,0,2,3,6.275077899962023,7.003952451882857,13.913043478260875,-0.5120912162601696,-0.426263158877969,7.718264576715841,5.68973542328416,0.030814700452105815,0.0340831953429636,0.058744828750865945,-452292233.0,-2.334696542067473,0,0,-1,0,0,-0.023769100169779234,-0.2497468174957287,0.6680760414383022,0.541053952583499,-0.14418604651162803,-0.21479374110953064,0.1985290793796843,0.0670289855072464,0.0
2009-03-03,5.23,5.52,-0.04809475384933481,-0.03521490629106651,-0.06293783126799962,0.6267608858087924,-0.05396658221217231,6.174,6.628,7.026333333333334,1,3,3,6.085063736332564,6.889503906600093,11.67315175097275,-0.565210871815955,-0.4540527014655662,7.836872462909377,5.419127537090623,0.03128535177845382,0.034751725587387705,0.05836769356189216,-475420333.0,-2.312899073960957,0,0,-1,0,0,-0.007246376811594049,2.6796968718953673,0.5160696057500476,0.5516665412075274,-0.2039573820395738,-0.22518518518518515,1.2669178566328394,0.09560229445506692,0.0
2009-03-04,5.22,5.23,-0.03151326570607686,-0.04209221548530451,0.007843177461025879,-0.309996141559998,-0.0019138761822842757,6.026999999999999,6.548,6.929,2,4,3,5.9277794206357335,6.781793977142023,11.627906976744185,-0.6011854068318438,-0.4834792425388218,7.905948917728333,5.190051082271667,0.032050477404008446,0.0344409450946629,0.05792047597600783,-492383633.0,-1.9558909509226112,0,0,-1,0,0,0.01529636711281055,0.8963985491114347,0.49511730175216895,0.5467330538310478,-0.14003294892915985,-0.23460410557184752,0.3148114592538049,0.04406130268199225,0.0
2009-03-05,5.01,5.22,-0.032538755786773725,-0.040043481440841466,-0.033766862470817484,-0.026631761986199487,-0.041061486797773925,5.86,6.4670000000000005,6.816666666666666,3,5,3,5.7609104350656,6.6674846882941505,6.390977443609017,-0.6392716048433602,-0.5146377149997294,7.987846024941588,4.946153975058413,0.03135763401070145,0.034836144379587826,0.0575521939858426,-508901133.0,-1.9160388048566084,0,0,-1,0,0,-0.015325670498084306,0.7064280723745696,0.36628358877594,0.5530066479883792,-0.18137254901960786,-0.24434389140271495,1.1913313093146773,0.03792415169660669,0.0
2009-03-06,5.13,5.01,-0.027615167032973266,0.02117499713645878,0.010050335853501506,-0.1702248947235526,0.023669744085904703,5.721,6.379,6.660666666666667,4,6,3,5.646199446871854,6.568292127759045,10.583941605839428,-0.6522534226034544,-0.5421608565204744,7.997340930837119,4.76065906916288,0.03542370977430335,0.03377547850119793,0.0463420702391333,-494969033.0,-1.5435560903151964,0,0,-1,0,0,-0.0019960079840318935,0.061104967809568624,0.5797554117335314,0.5361690991582699,-0.12903225806451613,-0.2554426705370101,0.671359189162308,0.04873294346978558,0.0
2009-03-09,5.17,5.13,0.025667746748577813,0.026317308317373358,0.010939940038334263,-0.22667401145989555,0.007767029337659596,5.593,6.271,6.566333333333334,0,9,3,5.55961772925879,6.4780797324197525,13.52459016393442,-0.6518003918160247,-0.5640887635795845,7.910279687770995,4.631720312229005,0.03660819734685533,0.028946635984412637,0.03467171653367573,-483862633.0,-1.3432729121375022,0,0,-1,0,0,0.0,-0.696819582062707,0.5159000675970081,0.4595136006400152,-0.06340579710144922,-0.29467939972714874,-0.3207807498133795,0.06479690522243713,0.0
2009-03-10,5.46,5.17,0.030712586687529846,0.018382870600533577,0.02249483604790296,0.4720251925188754,0.05457610123647594,5.482,6.1850000000000005,6.485666666666666,1,10,3,5.541505414848101,6.412397169037834,25.10121457489879,-0.6208836253379424,-0.5754477359312561,7.803829986847767,4.566170013152234,0.042576865013392313,0.03319932564592135,0.03694604301260133,-466056433.0,-0.895708636348826,0,0,-1,0,0,0.02321083172147004,1.045448298053767,0.5604231827301395,0.5270229561249402,0.043977055449330615,-0.23955431754874645,-0.14134761833584447,0.058608058608058664,0.0
2009-03-11,5.45,5.46,0.046176254888984435,0.02872728963691027,0.024834132037738394,-0.6107976548437479,-0.0018331810816609605,5.42,6.0975,6.423,2,11,3,5.524868066693901,6.350307029099909,25.10121457489879,-0.5903832114267606,-0.5784348310303571,7.673956719823116,4.521043280176884,0.03738110399421387,0.033099192900626295,0.03529427582202454,-475723733.0,-0.8214624503902039,0,0,-1,0,0,0.014652014652014666,-1.0333277878851546,0.5603233958017375,0.5254333980720709,0.04406130268199249,-0.24305555555555558,-0.14342742175480888,0.06422018348623863,0.0
2009-03-12,5.59,5.45,-0.016378892084039743,-0.005323881252749966,-0.00947874395454377,0.035564541854132055,0.025363678491854977,5.367,6.017,6.354,3,12,3,5.536710236385919,6.301254962706366,31.020408163265316,-0.5485907707678379,-0.5724660189778533,7.519084166119549,4.514915833880452,0.03871492522598365,0.03412489881156973,0.03443575148832769,-465706433.0,-0.5685433741081275,0,0,-1,0,0,0.0,-0.863654808529711,0.35039316063896564,0.5417159746239426,0.11576846307385225,-0.2236111111111112,0.825207775700641,0.06618962432915923,0.0
2009-03-13,5.72,5.59,0.03780828353993881,0.04010999733816524,0.06453852113757116,0.03546130082944153,0.02298951822469878,5.35,5.9365000000000006,6.303,4,13,3,5.570035647952115,6.2637546425317625,35.458167330677284,-0.4992252885334363,-0.5578178728889699,7.309307726024805,4.563692273975196,0.0383875799445998,0.03438488993519482,0.033928777495144606,-455327533.0,-0.3154119777966474,0,0,-1,0,0,0.012522361359570713,-0.7411329335666991,0.3502261389216996,0.5458432057611201,0.1150097465886939,-0.21964529331514326,0.8578166572153249,0.04370629370629371,0.0
2009-03-16,5.52,5.72,0.06000085633202464,0.028645598076964443,-0.021661496781179193,-0.11101935548158963,-0.03559094510270263,5.35,5.848,6.252666666666666,0,16,3,5.5609382574153665,6.215770472045843,29.729729729729712,-0.47081386754029,-0.5404170718192339,7.073751756442915,4.622248243557085,0.0342974887386589,0.03473180894351209,0.034047222469698574,-464615833.0,-0.535181774410577,0,0,-1,0,0,0.05069930069930071,-1.0208659507223663,0.5407641450660173,0.551350374287652,0.06769825918762074,-0.24279835390946514,-0.4162900046492525,0.09782608695652159,0.0
2009-03-17,5.82,5.52,-0.0832369330128727,-0.0337869975773831,-0.024008540052009156,-0.22953485047540953,0.052922401454342745,5.409000000000001,5.7915,6.221666666666667,1,17,3,5.6080403924307545,6.190236893204176,44.76987447698745,-0.41925718308651216,-0.5161850940726895,6.902142772642448,4.680857227357552,0.03253123150427122,0.03689256342699144,0.03527949147078607,-457232533.0,0.05132163230521513,0,0,-1,0,0,0.001811594202898673,-1.3737253868202888,0.5322094526639208,0.585651288332977,0.06593406593406592,-0.1625899280575539,-0.48469071874126757,0.08075601374570457,0.0
2009-03-18,5.88,5.82,0.05111244620910311,0.0502618347808883,0.05455898425043461,0.4737061511367636,0.010256500167189061,5.475,5.7509999999999994,6.190333333333333,2,18,3,5.657487593806981,6.170221609771649,45.0,-0.3692995849180356,-0.48680799224175875,6.779742717568018,4.722257282431981,0.03221107991567232,0.036442992103336735,0.03527861577354392,-445375433.0,0.25079156877039327,0,0,-1,0,0,0.0,-0.23584126752201437,0.5172330479167337,0.5785145648191181,0.07889908256880718,-0.12107623318385652,-0.8600986240100224,0.07993197278911561,0.0
2009-03-19,5.77,5.88,0.04205834332806051,-0.008203491452827791,0.017544309650909525,-0.20360902139902112,-0.018884681390527437,5.551,5.7055,6.161666666666666,3,19,3,5.677944394932984,6.144400860754123,47.368421052631575,-0.33472540304908094,-0.4563914744032232,6.637153312524952,4.773846687475047,0.028843713585288852,0.03653924284777217,0.03510725839241971,-455048233.0,0.13846352314294444,0,0,-1,0,0,0.03231292517006809,-0.7316500204936117,0.5578056130905076,0.5800424980188041,0.03220035778175312,-0.13622754491017963,0.20970183720301055,0.05545927209705378,0.0
2009-03-20,5.6,5.77,-0.047226313486503003,-0.03180184316087136,-0.031804800870066395,-0.2304639281798487,-0.02990548277890462,5.598000000000001,5.6594999999999995,6.118666666666667,4,20,3,5.66377268676335,6.109278224576438,51.92307692307693,-0.3173840878748395,-0.4285899970975465,6.5090565406677525,4.8099434593322465,0.03172054603193876,0.03669698125870356,0.03442317055312869,-462730033.0,-0.1400730784868839,0,0,-1,0,0,0.0034662045060659384,-1.1187153303945403,0.5850060674965407,0.582546517663966,-0.020979020979021046,-0.14110429447852757,1.2257780425730607,0.05535714285714279,0.0
2009-03-23,6.04,5.6,0.0,0.026847250036188056,0.007155665595412232,-0.11321934191396878,0.07563741420562019,5.6850000000000005,5.639,6.075666666666667,0,23,3,5.732177652806376,6.104808661700539,68.16143497757845,-0.26508095960015066,-0.3958881895980674,6.425702645625061,4.852297354374939,0.0385253806996183,0.04134827110509697,0.03554376651854126,-455870533.0,1.0194449001284143,0,0,-1,0,0,0.0339285714285715,-1.2439108279501034,0.7379615969187382,0.6563834549193867,0.09420289855072483,-0.06356589147286829,0.36156260625771447,0.0711920529801324,0.0
2009-03-24,5.92,6.04,0.03228827637763646,0.001654260096026468,0.02985296314968113,0.1499997505527994,-0.020067563050809256,5.731,5.6065,6.033666666666666,1,24,3,5.766327170477943,6.092885522235989,64.95726495726495,-0.2306545091330845,-0.3628414535050708,6.276276867795147,4.936723132204852,0.037282707760335536,0.04121117309098883,0.035535460925874576,-463840133.0,0.9361326587226506,0,0,-1,0,0,-0.00993377483443702,-0.9663420025685755,0.7012512152076467,0.6542070914159609,0.01718213058419238,-0.09893455098934556,1.683111405985263,0.04560810810810804,0.0
2009-03-25,6.14,5.92,-0.0016736405580297597,0.067117836470059,0.02393276621162814,0.2531544551538001,0.036488293263136684,5.8,5.61,5.998333333333334,2,25,3,5.834267684936498,6.0959251659627,74.04255319148936,-0.18350381991662967,-0.3269739267873826,6.290618913390641,4.92938108660936,0.03808542648170292,0.03853279485560081,0.03636641256683404,-453574633.0,1.557406030225335,0,0,-1,0,0,0.008445945945945915,-0.36925034844113486,0.7408592104918373,0.6116891550491326,0.04421768707482987,0.01153212520593061,0.9950539011580136,0.08957654723127033,0.0
2009-03-26,6.45,6.14,0.05538874914861103,0.01685863682441661,0.04136238902138222,-0.23615955750727277,0.04925538864863005,5.886,5.6265,5.973333333333333,3,26,3,5.946219014948044,6.118768703642526,75.98425196850394,-0.11974184038901825,-0.2855275095077097,6.372077134279069,4.880922865720931,0.03979892995840327,0.04006244446428268,0.03773184747365779,-445468433.0,2.2090269729000687,0,0,-1,0,0,0.027687296416938102,-0.8377041293080952,0.7375081549751664,0.6359715897949695,0.11785095320623928,0.05392156862745101,-0.1568336267452681,0.06356589147286824,0.0
2009-03-27,6.23,6.45,0.015723594379456876,-0.01840542754271541,0.006462058028091024,-0.24167358069803388,-0.03470379800831932,5.936999999999999,5.6434999999999995,5.936666666666667,4,27,3,5.9978155576847625,6.12594491631075,69.48529411764706,-0.0859711516948618,-0.24561623794514015,6.428819914699062,4.858180085300937,0.042534961307118584,0.039882631940570394,0.037930862652999234,-451834333.0,1.4936587982102807,0,0,-1,0,0,-0.006201550387596904,-1.154296882433638,0.7589055628082516,0.6331171544728239,0.11250000000000004,0.05772495755517837,-0.20858022847611318,0.04012841091492777,0.0
2009-03-30,6.17,6.23,-0.05450066586117171,-0.04108002574346463,-0.03273614739827122,0.43688125035976205,-0.009677494882065369,6.002,5.676,5.899333333333333,0,30,3,6.029121819923897,6.128787179774574,64.2570281124498,-0.06331923147357266,-0.20915683665082666,6.492962280905878,4.859037719094123,0.04029600970264428,0.036884023260814025,0.03794134937510458,-461687933.0,1.2093581589892606,0,0,-1,0,0,-0.025682182985553793,-0.31983594543229,0.5867862802966342,0.5855157173978134,0.021523178807947074,0.11775362318840576,0.4306808046473204,0.030794165316045445,0.0
2009-03-31,6.33,6.17,0.026017727727954874,0.05185765123729382,0.026274089370180213,0.12166352869303339,0.02560139823878844,6.052999999999999,5.731,5.878666666666667,1,31,3,6.083826943574097,6.141768652047182,66.66666666666666,-0.032086881083974284,-0.1737428455374562,6.569366833414996,4.892633166585004,0.03790166668436377,0.034394375670116405,0.0374959188337148,-450559533.0,1.4289687428593483,0,0,-1,0,0,0.009724473257698622,0.1469238054053187,0.5546496951263491,0.5459937871347512,0.0692567567567568,0.21032504780114714,-0.599540973462355,0.056872037914691996,0.0
2009-04-01,6.43,6.33,0.006400021845467505,-0.012326812480658634,-0.02461157859656683,-0.23066611378030005,0.01567430209344307,6.108,5.7915,5.87,2,1,4,6.146767499287897,6.160364222882849,66.15384615384613,0.0007257795470092532,-0.1388491205205631,6.64901845154416,4.93398154845584,0.037961321027904345,0.03429548118971588,0.037039906013850925,-441723533.0,1.4891807840408167,0,0,-1,0,0,-0.00947867298578207,-0.46893012355545194,0.5178859529690628,0.5444238859276908,0.04723127035830621,0.23180076628352486,-0.226596078010871,0.06687402799377926,0.0
2009-04-02,7.05,6.43,0.045214248311168326,0.1016326455438119,0.06899287148695163,0.25760839685273873,0.09205307857464927,6.236,5.8934999999999995,5.882333333333333,3,2,4,6.310991590326461,6.217760079471052,71.52103559870548,0.07588412300949532,-0.09590247181455143,6.840279027185126,4.946720972814873,0.04518720542626113,0.03704778318167672,0.0410596118049396,-430291233.0,2.4430198954414877,0,0,-1,0,0,0.020217729393468102,0.5556885080830697,0.7814386723840444,0.5881153255497473,0.09302325581395343,0.40718562874251507,1.028869758576309,0.09787234042553185,0.0
2009-04-03,6.86,7.05,0.07203701386817962,0.002797204621061219,0.03802739558923932,-0.17209958167343173,-0.027320175086383354,6.362,5.9799999999999995,5.8936666666666655,4,3,4,6.410811301176195,6.259194913053565,71.75324675324676,0.11874739355121999,-0.05297249874139715,6.948927785045604,5.011072214954395,0.04488059871996881,0.038333545970676904,0.041130076748727706,-439916033.0,1.8164408402398782,0,0,-1,0,0,0.0,-0.05744110598130217,0.751953803576317,0.608526177058039,0.101123595505618,0.3372319688109162,1.2094369778094523,0.06705539358600582,0.0
2009-04-06,7.34,6.86,-0.03316814496880649,0.04372281101383158,0.004467617259716052,0.23473762060670444,0.06763140088863027,6.492,6.0885,5.923333333333333,0,6,4,6.57975470096234,6.328924273501722,73.31288343558282,0.18926707966167466,-0.004524583060782794,7.156449831268789,5.02055016873121,0.04373056067728627,0.04016869719151378,0.04283796128524094,-427744733.0,2.343743054883284,0,0,-1,0,0,-0.005830903790087469,0.9473207194552986,0.7644909263367471,0.6376582995492248,0.18962722852512148,0.41972920696324945,-0.0203261977346244,0.10217983651226158,0.0
2009-04-07,6.75,7.34,0.06527139035322381,-0.02710192977779127,-0.0029761926730461127,-0.13685030942339613,-0.08379633774198578,6.575,6.1530000000000005,5.929333333333333,1,7,4,6.61070839169646,6.356090449404838,61.477572559366756,0.19529512912528801,0.03543935937643137,7.216937077681248,5.089062922318753,0.05311959627102258,0.044762392427147836,0.045499161828925785,-438359333.0,1.122246818018798,0,0,-1,0,0,-0.008174386920980874,0.7023376736506154,1.136707640842905,0.7105809507030846,0.06635071090047395,0.2362637362637363,-0.2654711331179927,0.08444444444444449,0.0
2009-04-08,7.01,6.75,-0.0638061886258959,-0.026445521664558488,0.007423939071282267,-0.1695383129855637,0.037795196162060146,6.662000000000001,6.231,5.9606666666666674,2,8,4,6.683306865933467,6.398278162346461,65.73604060913706,0.21853311512526652,0.0720581105261984,7.306603135577845,5.155396864422155,0.05318566615723619,0.04503355027566661,0.0434915503278927,-429400033.0,1.448489641268103,0,0,-1,0,0,0.011851851851851862,-0.2814586894502577,1.149124235837213,0.7148854481024286,0.09020217729393476,0.28623853211009176,-0.5570077618362249,0.04707560627674751,0.0
2009-04-09,7.38,7.01,0.04997470947743409,0.040088298068344935,0.04766245048916349,0.011651522213048333,0.05143593756588247,6.755,6.3205,6.002666666666667,3,9,4,6.809978344854654,6.461615055098303,71.4975845410628,0.26376477805829524,0.11039944403261777,7.467073384619362,5.173926615380638,0.05336221753899535,0.04581640484033815,0.044332746416354235,-420335733.0,1.8481154616225999,0,0,-1,0,0,0.024251069900142645,-0.18936181952341843,0.9967851441314155,0.7273128790475444,0.04680851063829783,0.32021466905187834,-0.8564045351595848,0.039295392953929545,0.0
2009-04-13,7.35,7.38,0.027474255552248337,0.0027063615977430673,0.012614042516096664,-0.22405965100135328,-0.004073325387635898,6.867,6.401999999999999,6.051333333333333,0,13,4,6.908164100335625,6.518930212833897,67.5603217158177,0.2938036618028814,0.14708028758667052,7.5994464057896405,5.204553594210358,0.05109816468009618,0.045963546680500164,0.043581156512428054,-427580533.0,1.583369402449128,0,0,-1,0,0,0.0,-1.166533631848164,0.9545454408942439,0.729648683346671,0.0714285714285714,0.284965034965035,-1.2599899411219235,0.029931972789115736,0.0
2009-04-14,7.27,7.35,-0.004073325387635898,0.020067563050809173,0.0027816429618767705,0.3609158832176292,-0.010944021679317368,6.976999999999999,6.4895,6.1096666666666675,1,14,4,6.973952445729148,6.567386328134936,68.29268292682927,0.3076084435195465,0.17918591877324574,7.6712288851070705,5.307771114892929,0.05117452320339789,0.044927916911919656,0.04164644361081726,-437974233.0,1.3209459628792646,0,0,-1,0,0,0.0,0.653641707586951,0.8272474687455987,0.7132085704386746,-0.0095367847411445,0.31702898550724634,-0.8545836959589204,0.048143053645116875,0.0
2009-04-15,7.64,7.27,-0.008196767204178515,0.01707198389864746,-0.012578782206860073,0.07247928713538591,0.04964131163300119,7.108,6.580499999999999,6.1899999999999995,2,15,4,7.095052001051121,6.636587210190747,69.53125,0.34443431587853457,0.21223559819430352,7.823848196139659,5.337151803860339,0.052218074921409244,0.044774333117875244,0.040553320690913025,-426799233.0,1.7042691714027176,0,0,-1,0,0,0.0027510316368638877,1.005304945146651,0.4864788562745491,0.7107705032919669,0.1318518518518519,0.3127147766323022,-0.5001506530868661,0.07460732984293186,0.0
2009-04-16,7.1,7.64,0.021710486370901342,-0.030405514768112613,-0.0774674984779237,0.7658860471722413,-0.07330281913115938,7.175,6.641499999999999,6.252666666666666,3,16,4,7.095951637223644,6.66648480953328,57.98525798525798,0.32628439461131986,0.2350453574777068,7.859596444198916,5.423403555801082,0.05966053577446996,0.04867880279097261,0.043304746361090045,-450835533.0,0.7528139535807185,0,0,-1,0,0,-0.024869109947643915,3.8170815421580255,0.8110667603164855,0.7727520378316226,0.012838801711840153,0.2074829931972788,-0.5900750909668542,0.12253521126760565,0.0
2009-04-17,7.2,7.1,-0.046711788576318594,-0.002688173661800414,0.04893489244235274,-0.6694376095922697,0.01398624197473987,7.1899999999999995,6.712999999999999,6.325666666666667,4,17,4,7.114869521364799,6.7009051444021015,62.278481012658226,0.31632323812434127,0.2513009336070337,7.882617121338397,5.5433828786616015,0.05181326327047487,0.048189860560115545,0.04220144373731439,-438529033.0,0.8327511475596814,0,0,-1,0,0,0.0014084507042254472,0.5696139272217298,0.7025267834768147,0.764990320541673,-0.024390243902438935,0.24783362218370897,-0.5884927172289919,0.07222222222222216,0.0
2009-04-20,7.01,7.2,0.0014054816087349464,-0.038413502023751475,-0.0072621960417846715,-0.3940528025009678,-0.02674332497551092,7.205,6.783500000000001,6.388333333333334,0,20,4,7.095802335662108,6.720846747989063,60.29411764705882,0.2897573948581984,0.25899222585726667,7.834620204454331,5.732379795545671,0.051777097659437284,0.04805460402325606,0.04274896352659378,-446827533.0,0.43096878747104334,0,0,-1,0,0,-0.01111111111111112,-0.5276524661212564,0.7200537553282093,0.7628431895833169,-0.04625850340136051,0.2517857142857143,-0.10164838191973072,0.0413694721825963,0.0
2009-04-21,7.53,7.01,-0.021292500651451905,0.05971923470162228,0.008708327891784193,0.23806807682900175,0.07155734076530364,7.223999999999999,6.858,6.467,1,21,4,7.174747365541724,6.773050183602671,63.51351351351351,0.3071231028991601,0.2686184012656454,7.898396685480812,5.817603314519188,0.052391963467356875,0.047745279463000466,0.04425092073212734,-436298433.0,1.2918149574639224,0,0,-1,0,0,-0.005706134094151218,0.03078271209831562,0.9266228627123055,0.7579328144182725,0.03576341127922977,0.2466887417218544,-0.3683729170810668,0.08897742363877821,0.0
2009-04-22,7.47,7.53,0.07195357275669569,0.02086125195771702,0.060284543595167064,0.0797073170554111,-0.008000042667076376,7.295999999999999,6.9355,6.534000000000001,2,22,4,7.228429662715956,6.81801468788637,61.81818181818182,0.31244241144522267,0.27738320330156085,7.910567608992734,5.9604323910072665,0.04375565605052588,0.04739799610985004,0.043669145381168444,-447701133.0,1.096334233791541,0,0,-1,0,0,-0.005312084993359899,0.2293120670857592,0.8474799720768469,0.7524198620968207,-0.022251308900523514,0.26182432432432434,0.42148526681019216,0.05354752342704155,0.0
2009-04-23,7.43,7.47,-0.0026737983844022043,-0.031457377589212285,-0.024794658613216277,-0.46859968482585584,-0.005369140415058097,7.337999999999999,7.0,6.6,3,23,4,7.265078814949418,6.85749761124854,54.973821989528794,0.3098584804035891,0.28387825872196654,7.922764724533633,6.077235275466367,0.04288599530065253,0.04719891699250776,0.04371072197715644,-454837833.0,0.9319818769997357,0,0,-1,0,0,0.0,-0.9095045220700998,0.6157425116472347,0.7492595790825372,0.04647887323943656,0.21009771986970693,1.5140036779641446,0.04576043068640644,0.0
2009-04-24,7.59,7.43,0.002673798384402205,0.03016622182559249,0.03830837777993926,0.08249397029938804,0.02130573267787068,7.358999999999999,7.0569999999999995,6.666666666666667,4,24,4,7.324155394049523,6.904755829877667,59.630606860158295,0.31706641499599986,0.2905158899767732,7.977551322221426,6.136448677778573,0.04020676692607967,0.046348487553475634,0.04367013336993759,-447087433.0,1.1580017042695516,0,0,-1,0,0,0.00807537012113062,-0.7327167406978149,0.6213226274669216,0.7357594302628141,0.054166666666666696,0.17674418604651154,1.2940283710491682,0.038208168642951255,0.0
2009-04-27,6.88,7.59,-0.07195357275669566,-0.09195663609648518,-0.12874898274430766,0.9417182056038141,-0.09821293946228632,7.312,7.089499999999999,6.705333333333333,0,27,4,7.243399867858701,6.90315867956298,44.278606965174134,0.2624621880812681,0.28490514959767216,7.929486842003101,6.249513157996898,0.050678967573539374,0.050947755063944715,0.04758568372658893,-466962433.0,-0.49881733742497286,0,0,-1,0,0,-0.08168642951251648,2.155648331455521,0.9650915374759985,0.8087705385373762,-0.01854493580599148,0.1043338683788122,-0.5601154776689811,0.07412790697674415,0.0
2009-04-28,6.95,6.88,-0.012996572827180248,0.04838538780284496,0.015151805020602246,-0.21226582199604682,0.010123007631448598,7.279999999999999,7.1285,6.753,1,28,4,7.190054437338937,6.906180700236336,52.857142857142854,0.22227412211580777,0.2723789441012993,7.85325839894657,6.403741601053429,0.05086353972448501,0.05081589026472498,0.046913137996551627,-450888533.0,-0.4925779411716998,0,0,-1,0,0,0.0,1.1094920235500239,0.7222535780589596,0.8066772497448629,-0.0770252324037185,0.12641815235008114,-1.8483829389774902,0.10935251798561148,0.0
2009-04-29,7.2,6.95,0.044072519787703,-0.008130126083250288,0.06265705303786548,-0.5615976683184398,0.03533936644530886,7.236,7.172,6.799,2,29,4,7.191862721459129,6.925136784092056,52.722063037249285,0.2081977271614921,0.25954270071333785,7.791799628064464,6.552200371935536,0.04929125530847065,0.051059626995153186,0.04641485973806173,-441721633.0,0.09035178058250866,0,0,-1,0,0,0.03453237410071945,-0.5042112136770548,0.8112102349198278,0.810546450389373,-0.036144578313252906,0.13744075829383884,-1.761831091494118,0.03749999999999994,0.0
2009-04-30,6.98,7.2,0.015183176421390028,-0.0013614705983210744,-0.017094433359300183,0.2075384531644595,-0.031032109247728524,7.223999999999999,7.1995000000000005,6.835666666666667,3,30,4,7.153342226648379,6.9286763464086984,44.011976047904206,0.17724673137493152,0.2430835068456566,7.721821739928057,6.677178260071944,0.04475697133244549,0.051720721520015916,0.04694620686666905,-453002833.0,-0.8404781314682926,0,0,-1,0,0,0.01388888888888884,-0.0346834942769663,0.8290037114261353,0.8210410006247322,-0.060565275908479044,0.0855365474339036,-1.2084046601958807,0.054441260744985655,0.0
2009-05-01,7.06,6.98,-0.03060044044871704,-0.026226485920507806,-0.0072098365667497555,-0.24709128573801778,0.011396134730869582,7.210000000000001,7.2,6.878666666666667,4,1,5,7.136370912712309,6.937148840188782,45.72271386430679,0.15735923631281157,0.2259386527390876,7.721737986270179,6.678262013729821,0.04466772542308778,0.04713597710967322,0.04670351623269359,-444191433.0,-0.5366678435696742,0,0,-1,0,0,0.014326647564469863,-0.5858995264182907,0.8066648132361878,0.7482604394173707,-0.06982872200263512,0.0014184397163119478,-1.1881207907005138,0.03399433427762043,0.0
2009-05-04,7.38,7.06,0.014025475354504458,0.03166128190646471,0.02147541372557218,-0.030068272172270483,0.044328587107230547,7.247,7.226000000000001,6.938,0,4,5,7.18066711040098,6.965719882757249,51.515151515151516,0.16551166341442425,0.21385325487415494,7.727845016966491,6.724154983033511,0.045887626431646046,0.0476369760273953,0.04664171978898384,-435641033.0,0.6137352959321393,0,0,-1,0,0,0.016997167138810214,-0.6304718447059516,0.46750266539026575,0.7562135506778015,0.07267441860465107,0.07580174927113692,-0.8503415400056037,0.043360433604336085,0.0
2009-05-05,7.45,7.38,0.022039459566291504,0.025419428836976253,0.033429296649194674,0.17744833088561404,0.009440393779087126,7.239,7.2315,6.984999999999999,1,5,5,7.2296367266917105,6.996963761289039,47.14714714714716,0.17559676540669233,0.2062019569806624,7.740958949331636,6.722041050668363,0.03931643324353863,0.04513286186721729,0.04482461162959962,-425430433.0,0.8577727421871874,0,0,-1,0,0,-0.005420054200542011,-0.21864111723042634,0.46792761684481016,0.7164619707437233,0.07194244604316546,0.014986376021798309,-0.8253687314846668,0.036241610738255096,0.0
2009-05-06,7.52,7.45,0.028208720634509157,0.0170272614102808,0.0,-0.39338433933763267,0.009352105570280142,7.244,7.2700000000000005,7.038333333333333,2,6,5,7.282430049111399,7.030708034754263,57.34265734265734,0.1870811414358844,0.20237779387170682,7.741191099908553,6.798808900091448,0.03932589124926748,0.040792228820630994,0.04451474469691511,-418540633.0,1.0611405862653946,0,0,-1,0,0,0.01342281879194626,-0.9301162004837886,0.4267447330477789,0.6475565573005874,0.04444444444444429,0.114074074074074,-0.3031958368830024,0.05319148936170218,0.0
2009-05-07,7.22,7.52,0.0013236269305083458,-0.010443959161083262,-0.023563113728140836,0.12020236699447423,-0.040711185057013585,7.222999999999999,7.280500000000001,7.074333333333333,3,7,5,7.2710791310911445,7.042920419608827,50.3267973856209,0.17001526919168075,0.1959052889357016,7.736407423660571,6.82459257633943,0.04144372341346344,0.04128953503019472,0.045051727114032804,-426310433.0,-0.2654047592128889,0,0,-1,0,0,0.005319148936170218,-0.7093870128898098,0.48277667100172666,0.6554510486363101,0.034383954154727725,0.029957203994293913,-0.7173412765464602,0.06786703601108036,0.0
2009-05-08,7.36,7.22,-0.02274345523133118,-0.030648634738444522,-0.0014035090023200867,0.3581051030433091,0.019204979836050046,7.2,7.2795000000000005,7.104666666666668,4,8,5,7.287246561801846,7.063377166730839,55.8139534883721,0.16587516678734282,0.18989926450602987,7.734575470896837,6.824424529103164,0.041313431316674226,0.03978856299438612,0.0443546933876917,-415194833.0,0.3537874710819071,0,0,-1,0,0,0.023545706371191126,0.02612938133964472,0.49045346579298454,0.6316238562466389,0.04249291784702569,-0.0027100271002709064,-0.9163569984470907,0.03668478260869559,0.0
2009-05-11,7.16,7.36,-0.019126266093526936,-0.012253386805764889,-0.0028129413766147236,-0.45251733610063205,-0.02754995176823063,7.228,7.269999999999999,7.135666666666666,0,11,5,7.264110823292419,7.069610897909495,43.12267657992565,0.14478676556699366,0.18087676471822264,7.726808148145344,6.813191851854653,0.028306090707941503,0.040264709889989224,0.04415953087910703,-422264633.0,-0.4816026178455961,0,0,-1,0,0,-0.014945652173913086,-0.8920204030962124,0.41382924473945154,0.6391824538864462,-0.02981029810298097,-0.02585034013605436,-0.6270696105493019,0.02793296089385477,0.0
2009-05-12,7.13,7.16,-0.009702085806450591,-0.005494519317640702,-0.014184634991956413,-0.015997603671794577,-0.004198746546349716,7.246,7.263000000000001,7.167666666666666,1,12,5,7.239727037239252,7.073506969012109,43.60902255639098,0.1242213598750741,0.16954568374959295,7.724078826462441,6.80192117353756,0.02834258636196534,0.040201856892032095,0.04410598284008717,-429222233.0,-0.5769078620262127,0,0,-1,0,0,0.002793296089385415,-0.8606914598857547,0.39295427870307464,0.6381846934759499,-0.04295302013422819,-0.019257221458046758,-0.2743657316190571,0.03646563814866757,0.0
2009-05-13,6.9,7.13,-0.016854331554982074,-0.02651934892822332,-0.02751802889389241,-0.07626621531893046,-0.03278982282299084,7.215999999999999,7.225999999999999,7.1866666666666665,2,13,5,7.177958485013933,7.062312971011329,40.701754385964925,0.08834565615775691,0.15330567823122576,7.678380836302884,6.773619163697115,0.02770788152845243,0.03891977101076351,0.04446707133014721,-435668933.0,-1.4412635277137633,0,0,-1,0,0,-0.009817671809256702,-0.9010370341436557,0.38466241670719004,0.6178322110683672,-0.08244680851063824,-0.09685863874345546,0.9504804105884487,0.037681159420289954,0.0
2009-05-14,6.95,6.9,-0.021475413725572053,0.012649501064072744,-0.0014695079793599947,0.2569671272403096,0.007220247973487097,7.212999999999999,7.218500000000001,7.204,3,14,5,7.136511487738672,7.055066972881566,38.32116788321168,0.06321972696432798,0.1352884879778462,7.684446687713242,6.752553312286759,0.026205296550504915,0.03569708238359275,0.0444151312930254,-427333333.0,-1.1524923648142502,0,0,-1,0,0,0.0014492753623188096,-0.43771567948191337,0.35063326111500875,0.5666736151054274,-0.037396121883656486,-0.021126760563380254,-0.027306995095978594,0.051798561151079184,0.0
2009-05-15,6.89,6.95,0.011510918466140272,-0.014064929467403665,0.0029368596733097057,-0.1105110261236403,-0.008670574551133643,7.196,7.203,7.198666666666667,4,15,5,7.091691217240731,7.044417490760175,50.23923444976075,0.038027392388686465,0.11583626886001426,7.691611351314162,6.714388648685839,0.025987996255887873,0.035571338510282484,0.04083773245375343,-434796833.0,-1.281181860217372,0,0,-1,0,0,0.005755395683453243,-0.6291304050969635,0.2606485397125191,0.5646774929994135,-0.06385869565217395,-0.043055555555555625,-0.08639614883928806,0.03483309143686492,0.0
2009-05-18,7.12,6.89,-0.007178781727005751,0.009866182921053979,0.011661939747842957,-0.3138402187861316,0.03283664039831729,7.17,7.208499999999999,7.207333333333334,0,18,5,7.096838268651507,7.049293781678873,53.77777777777777,0.036204026070008055,0.09990982030201302,7.690394288474793,6.726605711525205,0.023741985108484194,0.03588759028704166,0.04094764241919789,-429343733.0,-0.3673004728074421,0,0,-1,0,0,0.007256894049346983,-1.1506664658169106,0.38028902860246516,0.569697834317336,-0.005586592178770999,0.015691868758915817,0.28584930155688865,0.03230337078651679,0.0
2009-05-19,7.08,7.12,0.03399760854141962,0.016690234440378947,0.015816289443285007,0.34201853935821264,-0.00563381771825602,7.133,7.186,7.198666666666667,1,19,5,7.093776765260324,7.051274828022172,47.05882352941176,0.031171998030360193,0.08616225584768246,7.646224201657138,6.725775798342862,0.02331306022128411,0.031542989847308675,0.03889921110987088,-437020533.0,-0.46064504916657373,0,0,-1,0,0,0.008426966292134776,-0.4619186382991511,0.3812035975320167,0.500729440460484,-0.007012622720897643,-0.05976095617529886,0.3411698860142047,0.03389830508474579,0.0
2009-05-20,6.93,7.08,-0.005586606708639823,0.0,-0.014368063266920146,-0.044591508588595834,-0.021414094503816584,7.074000000000001,7.158999999999999,7.204666666666667,2,20,5,7.0639991715766275,7.043450645569129,48.730964467005066,0.014908477508922324,0.07191150017993043,7.612380286527778,6.7056197134722195,0.023244587379492438,0.031799024756816986,0.03610640919741692,-444362533.0,-1.0101894890657894,0,0,-1,0,0,0.008474576271186385,-0.5018968830813708,0.32883780953306174,0.5047938686455435,0.004347826086956497,-0.07228915662650603,1.0264446620352654,0.04906204906204904,0.0
2009-05-21,6.76,6.93,-0.025533302005164647,-0.040821994520255166,-0.030862111382658198,0.20203426848165884,-0.024836923146939124,7.0280000000000005,7.125500000000001,7.196333333333333,3,21,5,7.0087265949263315,7.025163507145315,42.71844660194176,-0.011564747714528423,0.055216250601038665,7.593349503469045,6.657650496530956,0.021322899748564914,0.03215289873493904,0.03571103237175166,-453348333.0,-1.5624682607969644,0,0,-1,0,0,0.004329004329004365,-0.051454417538557645,0.36629333110888396,0.5104114438949519,-0.027338129496402908,-0.09017496635262445,1.588302397247331,0.03846153846153843,0.0
2009-05-22,6.7,6.76,-0.026202372394024072,-0.020320002490957494,-0.012012156448003545,-0.5388279950754261,-0.00891536365795228,6.962000000000001,7.081,7.173666666666666,4,22,5,6.952594486757908,7.004185216361747,31.11111111111113,-0.03696041137717998,0.03678091820539494,7.531819137502336,6.630180862497665,0.019308869506870024,0.03158537132280469,0.03427916866225037,-458590933.0,-1.6902565499363962,0,0,-1,0,0,0.002958579881656873,-1.0807313526391134,0.36643573101198895,0.5014022255266346,-0.027576197387518042,-0.11725955204216065,1.5966717873494682,0.029850746268656744,0.0
2009-05-26,6.91,6.7,-0.004434597067865753,0.013110165924207785,0.0,0.20453016051685732,0.03086211138265809,6.937,7.0825000000000005,7.159000000000001,1,26,5,6.9448500346201065,6.998108750790022,36.08247422680412,-0.039683960840771526,0.021487942396161648,7.530695211230474,6.634304788769527,0.02193897431723897,0.024961736840670132,0.03483359540039252,-452158533.0,-0.7697538736588437,0,0,-1,0,0,0.007462686567164152,-0.7873372278900015,0.35289169954493776,0.3962552878359138,-0.0294943820224719,0.0043604651162791885,1.5491331313166927,0.041968162083936326,0.0
2009-05-27,6.6,6.91,0.02342713289514015,0.004332136739134737,-0.0030257209165370676,0.19933140418111575,-0.045899988747198715,6.884,7.0649999999999995,7.136666666666667,2,27,5,6.882150028325541,6.972424315255183,28.89908256880736,-0.06609490174995791,0.003971373566937737,7.559879038916994,6.570120961083005,0.02558315845622972,0.026806147548908497,0.03569232714403425,-460009833.0,-1.8792471025550712,0,0,-1,0,0,0.0,-0.0613975543628611,0.44876038103557064,0.4255344001326931,-0.06779661016949157,-0.05035971223021585,1.0845760188304794,0.05151515151515163,0.0
2009-05-28,6.67,6.6,-0.023427132895140118,-0.027759269634274716,-0.003034903695153936,0.03933680673659612,0.01055021089515261,6.861,7.038500000000001,7.104333333333333,3,28,5,6.8435772959027155,6.952913069109688,35.89743589743591,-0.08044997053350933,-0.012912895253151677,7.559037171938703,6.5179628280612985,0.024524336317777895,0.025469935847947416,0.03434280360009421,-451843533.0,-1.4158450918213963,0,0,-1,0,0,0.022727272727272783,0.16207935270576596,0.4711987291441631,0.40432269697462736,-0.037518037518037506,-0.07361111111111118,0.07883363730327142,0.025487256371814083,0.0
2009-05-29,6.74,6.67,-0.00743497848751809,-0.0014825799602227248,0.0,-0.1192489713028619,0.010440064996683422,6.839999999999999,7.0265,7.092333333333333,4,29,5,6.82474506028404,6.939176742070353,33.51063829787235,-0.08519596493049608,-0.02736950918862056,7.563520042751958,6.489479957248043,0.024697697328331762,0.02482126671921101,0.0320223317238904,-444595233.0,-1.0669992819330614,0,0,-1,0,0,0.004497751124437818,-0.318047754959518,0.45569233355416133,0.3940253937878185,-0.002958579881656709,-0.034383954154727836,-0.973939830056504,0.023738872403560853,0.0
2009-06-01,6.88,6.74,0.01921714718577835,0.03498899185006556,0.01956420564636447,0.6101874706133804,0.020558727021036567,6.839,7.017500000000001,7.081666666666666,0,1,6,6.834791412959669,6.935358887743234,42.30769230769231,-0.07677535125371371,-0.03725067760163919,7.558176963582597,6.476823036417405,0.025656306416761247,0.025161222231299157,0.032155618491420984,-431252733.0,-0.5086216327357769,0,0,-1,0,0,0.013353115727002946,2.861148608539218,0.46879221958434164,0.3994220202386836,0.02686567164179099,-0.025495750708215303,-1.7545146522484856,0.0392441860465117,0.0
2009-06-02,7.04,6.88,0.010196738020515085,0.03380603613045369,0.025019700961661936,-0.057606882604472415,0.02298951822469878,6.831,7.0005,7.082666666666666,1,2,6,6.8721020651488205,6.9421099272436715,47.6923076923077,-0.05653953881459728,-0.041108449844230815,7.513877874578556,6.487122125421443,0.024366509123832203,0.023448768792457237,0.0320818053876993,-418657133.0,0.15388275169601645,0,0,-1,0,0,0.0029069767441861137,2.0675739658053915,0.4437360441531663,0.37223766465296515,0.01881331403762654,-0.046070460704607075,-1.9981498439676517,0.04829545454545452,0.0
2009-06-03,6.97,7.04,0.012959144642505116,-0.020994472996253385,-0.00291121020745833,-0.4318143328420033,-0.009992945397518578,6.82,6.9765,7.063999999999999,2,3,6,6.889901689667217,6.9439092867763375,51.95530726256982,-0.04562499016498123,-0.0420117579083809,7.44425049579592,6.508749504204079,0.02449837644363574,0.023346100467255018,0.02895717197070965,-426835833.0,-0.027792594806081837,0,0,-1,0,0,-0.007102272727272702,0.07153631088640675,0.2076935239469371,0.3706078555169137,0.056060606060606144,-0.06442953020134234,-1.2071263021550886,0.030129124820659967,0.0
2009-06-04,6.86,6.97,0.0,-0.009950330853168092,-0.007315321576372994,-1.2825025615292902,-0.015907783034638627,6.813,6.9435,7.043666666666667,3,4,6,6.884465018818632,6.9384957844036705,47.56756756756758,-0.04532869147750418,-0.042675144622205556,7.337041277178971,6.54995872282103,0.024066551995270358,0.023317677311567628,0.029046235326587764,-429104133.0,-0.42435192871535393,0,0,-1,0,0,0.00286944045911054,-2.248083047219021,0.282248489260337,0.37015665190836666,0.028485757121439415,-0.08776595744680837,-0.37229076255030746,0.02769679300291551,0.0
2009-06-05,6.89,6.86,-0.010064786616140709,0.0014275519911853237,-0.002941178590816151,0.2282532536954756,0.004363643287773272,6.8260000000000005,6.927,7.025666666666666,4,5,6,6.885471379033426,6.935367024119563,50.0,-0.04218681995338436,-0.04257747968844132,7.2988007389385325,6.555199261061467,0.022583395077259632,0.02181613709746948,0.0290666216428063,-426254233.0,-0.19903134192596014,0,0,-1,0,0,0.008746355685131138,-1.743250120477164,0.2791064574128577,0.3463204399679684,0.022255192878338104,-0.04570637119113574,-0.04447525103398474,0.03193033381712623,0.0
2009-06-08,6.82,6.89,-0.0014461318499996267,-0.014368063266920146,-0.005908436686166283,0.586553893311963,-0.01021161317019634,6.837999999999999,6.9,7.0,0,8,6,6.87356749193644,6.927923990305398,40.963855421686745,-0.04482852380253988,-0.04302768851126103,7.21321759714208,6.586782402857921,0.022656499803021698,0.021277393385669603,0.028752467182272676,-431377733.0,-0.5108269824553381,0,0,-1,0,0,0.002902757619738819,-0.8148722983399677,0.25068161428499147,0.3377681486770344,-0.008720930232558044,-0.07336956521739135,1.2339565281496079,0.02346041055718477,0.0
2009-06-09,6.81,6.82,-0.011644964196879855,0.0,-0.00743497848751809,0.2868131481546108,-0.0014673516939498429,6.828,6.8825,6.9976666666666665,1,9,6,6.862009766129814,6.920315990930857,41.71779141104293,-0.04718508922506803,-0.04385916865402243,7.172826494977257,6.5921735050227435,0.020176530823254227,0.020541273978161325,0.02313657565686436,-438203133.0,-0.49943771067590736,0,0,-1,0,0,0.0014662756598240157,-0.15840221136342958,0.1267282319004595,0.3260826153519437,-0.032670454545454586,-0.04888268156424591,0.48861720192776975,0.03083700440528634,0.0
2009-06-10,6.65,6.81,-0.0029325534212777528,-0.008720985505444652,-0.019593693900401266,0.14328347803983274,-0.023775265493658073,6.833,6.858499999999999,6.987666666666667,2,10,6,6.823462535924393,6.902876249580479,41.46341463414635,-0.061257212114798065,-0.04733877734617756,7.141957970525097,6.5750420294749015,0.015676815675366787,0.021081155275322006,0.02343658482939014,-446080033.0,-1.4711175671917687,0,0,-1,0,0,0.0,0.22617893179797224,0.17615898537377833,0.3346529652506365,-0.04591104734576745,-0.067321178120617,-0.02665347509344558,0.04210526315789464,0.0
2009-06-11,6.64,6.65,-0.023775265493658073,-0.005856532112712983,-0.0030487828493587043,0.12004729550168057,-0.001504891179420388,6.83,6.8454999999999995,6.968999999999999,3,11,6,6.790105711210867,6.885916491543029,45.945945945945944,-0.072382012531369,-0.05234742438321585,7.1443733229304245,6.5466266770695745,0.015304081063765266,0.019946265855576285,0.022360841019144893,-454961633.0,-1.3751645545684121,0,0,-1,0,0,0.0,0.5603971617793966,0.17220965233355234,0.31663715422940303,-0.03206997084548113,-0.037681159420289934,-1.1390578300205254,0.03915662650602406,0.0
2009-06-12,6.61,6.64,-0.003012050469991721,-0.01181697650478443,-0.0030581063588207735,0.008554103562966799,-0.004528309624747511,6.817,6.8285,6.956666666666666,4,12,6,6.757359218263436,6.868115427572512,46.896551724137936,-0.08266632040724264,-0.05841120358802121,7.140726301197512,6.516273698802488,0.014852222753202677,0.019840832319747013,0.021728840088745253,-463919533.0,-1.3996258429348554,0,0,-1,0,0,-0.0015060240963855102,0.5742531993889223,0.14667997972256133,0.3149634487355002,-0.04063860667634245,-0.048920863309352525,-1.5321123974997992,0.030257186081694427,0.0
2009-06-15,6.48,6.61,-0.01061420124177354,-0.0255845407006389,-0.02010895292271351,-0.12152976165799223,-0.01986314349941156,6.776999999999999,6.808,6.937333333333333,0,15,6,6.706930269488266,6.843075722567834,34.30656934306569,-0.10015213061874029,-0.06675938899416503,7.155114420694707,6.460885579305293,0.013448468762030272,0.020176266301569698,0.021827358217144842,-471852333.0,-1.8898667439027588,0,0,-1,0,0,-0.0075642965204237075,0.17789422990844778,0.16847613869968087,0.3202882981185981,-0.04985337243401755,-0.05950653120464433,-0.6224290784037472,0.024691358024691242,0.0
2009-06-16,6.43,6.48,-0.009188426054406142,0.009104766992919287,0.0,-0.2898189512357148,-0.007745972114655453,6.715999999999999,6.7735,6.905666666666666,1,16,6,6.65657931139949,6.816425675950555,42.34234234234234,-0.11669910864064192,-0.07674733292346042,7.127144186334113,6.419855813665888,0.008728278412358915,0.01829505507256896,0.01986997060168828,-477789233.0,-1.9426305494272795,0,0,-1,0,0,0.0030864197530863537,-0.5885464502567088,0.15339608532096793,0.2904249956654893,-0.05580029368575623,-0.0969101123595506,-0.4671666151904471,0.03421461897356139,0.0
2009-06-17,6.62,6.43,-0.0061728591070809675,0.014992784586141318,-0.00156372197618287,0.6598895519481296,0.029120831699388817,6.681,6.7505,6.878,2,17,6,6.649928527508672,6.80375305169568,47.967479674796756,-0.1131766656818387,-0.08403319947513609,7.079163962127897,6.421836037872103,0.014958653962077758,0.0198488253778334,0.02067449952453306,-466303833.0,-0.7941241817635996,0,0,-1,0,0,0.004665629860031143,1.3702782648664869,0.29046209305460174,0.315090334598969,-0.004511278195488799,-0.06497175141242939,1.410610922796805,0.04984894259818732,0.0
2009-06-18,6.64,6.62,0.033488669754043826,-0.0029806281381377893,0.01398624197474009,-0.2504180394492416,0.0030165935394255057,6.659000000000001,6.736,6.848666666666667,3,18,6,6.6481233406889135,6.7931883386830565,45.762711864406754,-0.10753171275762785,-0.08873290213163444,7.056814752255519,6.41518524774448,0.014636466813422384,0.019425659778217415,0.02056750454839869,-457362733.0,-0.5984762192203612,0,0,-1,0,0,0.00906344410876127,0.4242962722536002,0.29151758738994404,0.3083727889590805,0.0,-0.0418470418470418,1.1523883877324406,0.03313253012048189,0.0
2009-06-19,6.64,6.64,0.0014958865915829297,0.00149142458667012,0.010744539282977163,-0.2527518453353054,0.0,6.634,6.7299999999999995,6.8293333333333335,4,19,6,6.646646369654565,6.7833052200583435,38.461538461538446,-0.10188359621862908,-0.09136304094903337,7.053402958684401,6.406597041315598,0.014450586664566662,0.018685540346454955,0.019420066205150677,-457362733.0,-0.556581178886665,0,0,-1,0,0,0.007530120481927818,-0.2551046373331528,0.2887267412366912,0.296623757217501,0.004538577912253983,-0.017751479289940808,0.9444365581841153,0.024096385542168697,0.0
2009-06-22,6.36,6.64,-0.021148824492976632,-0.019564205646364553,-0.031010236742560322,-0.1867609924438439,-0.04308358613631156,6.588000000000001,6.712999999999999,6.796,0,22,6,6.5945288478991895,6.755995205861031,20.689655172413765,-0.11863354940068316,-0.09681714263936333,7.0763238369938515,6.349676163006147,0.01892004979929055,0.020811577842654284,0.020250335233131217,-463123933.0,-1.9431700541353254,0,0,-1,0,0,-0.013554216867469859,-0.6948729960794554,0.40936887538301486,0.3303735561751522,-0.01851851851851849,-0.05074626865671639,-0.5290181607691093,0.036163522012578685,0.0
2009-06-23,6.25,6.36,-0.031010236742560322,-0.029300476947782414,-0.03363007074554917,0.5219281032768993,-0.0174469136037207,6.532000000000001,6.68,6.765666666666666,1,23,6,6.531887239190246,6.723350353869997,19.99999999999997,-0.13917971158718423,-0.10528965642892751,7.085436736581739,6.27456326341826,0.019085999643400308,0.019459730667754374,0.019949655035018107,-472833133.0,-2.1211694017930136,0,0,-1,0,0,-0.0015723270440252634,0.670842977411081,0.42111945896719566,0.30891364756304973,-0.027993779160186527,-0.09551374819102754,-0.1814195871495485,0.04,0.0
2009-06-24,6.31,6.25,-0.006319136351478546,0.0015637219761827589,0.012945164592036986,-0.15584294708699317,0.009554212804811491,6.498,6.6655,6.738333333333333,2,24,6,6.491544104792019,6.696682589104191,26.08695652173907,-0.14890471373800818,-0.11401266789074366,7.102498133202747,6.228501866797252,0.019043031549541317,0.01724703621927938,0.020111150570576372,-464525033.0,-1.6270092386644763,0,0,-1,0,0,0.009599999999999937,0.15863530367834322,0.3310668955874377,0.2737882121348214,-0.046827794561933644,-0.043939393939393945,-1.2051714041238766,0.028526148969889163,0.0
2009-06-25,6.62,6.31,-0.0015860431556347402,0.03379737958329071,-0.0016090108057006626,-0.22091628183327447,0.04795969339579521,6.496,6.662999999999999,6.729,3,25,6,6.514899722102561,6.691735325291018,40.55944055944057,-0.13009775287340553,-0.11722968488727604,7.1004615772620285,6.22553842273797,0.02567339517891542,0.020571590983797277,0.021584721218043296,-457863733.0,-0.19658869365911555,0,0,-1,0,0,-0.001584786053882692,-0.40443866532998063,0.5373340953954706,0.32656388289639693,-0.0030120481927710108,-0.007496251874062887,0.4440011091703482,0.061933534743202436,0.0
2009-06-26,6.56,6.62,0.04652001563489291,0.010518504191220317,0.03325722175648234,0.36272598526129207,-0.009104766992919204,6.491,6.654000000000001,6.715999999999999,4,26,6,6.523099772629367,6.683236272046436,40.84507042253519,-0.1186666837871968,-0.11751708466726021,7.092197263919917,6.215802736080085,0.025802056375851833,0.020502386846164986,0.021571211637501315,-467437633.0,-0.42903051999512437,0,0,-1,0,0,-0.0030211480362538463,0.5910890082293806,0.5410175687871458,0.32546530126916656,-0.012048192771084376,-0.02670623145400597,0.6937852739850763,0.041158536585365925,0.0
2009-06-29,6.67,6.56,0.0,0.005961269516499446,0.012384059199721622,-0.8324444255674235,0.016629256971534747,6.51,6.6435,6.708666666666667,0,29,6,6.549808904878573,6.682382319011182,45.39473684210528,-0.09958346232321968,-0.11393036019845211,7.068768955147407,6.218231044852594,0.025357335038839156,0.020295564399693336,0.021787083867704508,-463273133.0,0.12462701393669375,0,0,-1,0,0,0.0060975609756097615,-1.24968346860965,0.41130867844170016,0.32218209671570686,0.04874213836477992,-0.03052325581395343,0.8226344190473274,0.03448275862068972,0.0
2009-06-30,6.73,6.67,0.01055021089515261,0.001484781267579224,-0.004626068388782303,0.7172510211037878,0.008955283729104209,6.540000000000001,6.628,6.695666666666667,1,30,6,6.582570922173377,6.685454427462075,52.816901408450704,-0.07871104137767304,-0.10688649643429629,7.013123356863286,6.242876643136714,0.02510874473917115,0.019624884963545315,0.020902761913866127,-454740933.0,0.5297004099193559,0,0,-1,0,0,0.0,0.5470388251937741,0.33787901920306523,0.31153539073075076,0.07679999999999998,-0.04403409090909083,1.0795427572386878,0.040118870728083275,0.0
2009-07-01,6.8,6.73,0.011922644956906196,0.0292418495944976,0.04088381641140658,-0.15949965300019592,0.010347468525424543,6.558,6.6194999999999995,6.686333333333334,2,1,7,6.622103481778217,6.692844464400006,55.40540540540541,-0.055876967515748,-0.09668459065058664,6.979527776708475,6.259472223291524,0.0237072089542959,0.019722174777609198,0.021002665227382582,-447466633.0,1.0027004118971414,0,0,-1,0,0,0.0029717682020801743,0.03154637286273039,0.3371065097895498,0.31307981864942724,0.07765451664025358,-0.024390243902439046,1.0519619979398733,0.02941176470588238,0.0
2009-07-02,6.51,6.8,-0.03007745523727795,-0.051748426004297396,-0.051761934558589455,0.4226245464832417,-0.043583155961583096,6.545,6.601999999999999,6.672333333333333,3,2,7,6.601721030545813,6.681048047341941,47.12643678160918,-0.0604841521821502,-0.08944450295689935,6.9464965816064,6.257503418393599,0.0277444287183635,0.021603510382234892,0.022048740880710054,-458566933.0,-0.5341127019083911,0,0,-1,0,0,-0.03676470588235294,1.5787848347106557,0.3825447158201241,0.3429450955043728,-0.0166163141993958,-0.05102040816326536,-1.4864998393344055,0.02918586789554524,0.0
2009-07-06,6.6,6.51,-0.012288941134351352,0.007558614973926624,0.004676547883901803,-0.17575415833446242,0.013730192811902037,6.5409999999999995,6.5875,6.667,0,6,7,6.60140811590112,6.675819141061816,53.52941176470586,-0.05622500453124424,-0.08280060327176833,6.904251604493216,6.270748395506785,0.028175664009580603,0.021861161396376626,0.021798613551374517,-449255733.0,0.0789261984639262,0,0,-1,0,0,-0.006144393241167441,0.7068876503007625,0.3944260294203331,0.3470351785551485,0.0060975609756097615,-0.0420899854862119,-2.1527473213365553,0.031818181818181815,0.0
2009-07-07,6.48,6.6,0.018377240001606704,-0.006042314455962586,0.0,-0.15262679642063248,-0.01834913866819643,6.553,6.5705,6.659666666666667,1,7,7,6.579333913010007,6.663185648090086,51.412429378531094,-0.06181997426878283,-0.07860447747117123,6.870778817805578,6.270221182194422,0.025058690595352092,0.02209265711192312,0.021986323253192577,-457248933.0,-0.6027731204043545,0,0,-1,0,0,-0.0015151515151514828,-0.06470563157331245,0.3869888514959838,0.3507100591126263,-0.028485757121439192,-0.04985337243401755,-1.1177037839789514,0.026234567901234556,0.0
2009-07-08,6.61,6.48,-0.012213892293937963,0.015037877364540502,0.0031055925581530666,0.4922561346562886,0.01986314349941157,6.589,6.5605,6.649666666666666,2,8,7,6.584909565190006,6.659754315955242,49.70760233918129,-0.055128626065784836,-0.07390930719009395,6.8397829163591775,6.281217083640823,0.024617872969544555,0.02265384679063071,0.02150747644784845,-444172033.0,0.3544792545516076,0,0,-1,0,0,0.0046296296296295305,2.247999589799309,0.41973095015781936,0.3596186690818054,-0.017830609212481474,-0.029368575624082127,-0.9872915210661304,0.037821482602118,0.0
2009-07-09,6.5,6.61,0.019772507267864562,-0.0014936522567832536,0.0015491869868293187,-0.4372846060178598,-0.016781476962003543,6.608,6.553,6.646333333333333,3,9,7,6.569471462428186,6.649447585893613,46.11111111111112,-0.058032799113969524,-0.07073400557486906,6.8302116804738615,6.275788319526138,0.025558936331200866,0.022349366051649274,0.020105836693916104,-452616933.0,-0.3823792699456426,0,0,-1,0,0,0.004538577912254063,-0.002251951634943304,0.4078219771575081,0.35478518719568114,-0.044117647058823484,-0.022556390977443663,-0.1258232414046166,0.03538461538461545,0.0
2009-07-10,6.59,6.5,-0.02903183268066127,-0.005997019472374291,-0.004654779544982516,-0.24626581292630706,0.01375117161282442,6.6049999999999995,6.5504999999999995,6.643666666666666,4,10,7,6.573203923804879,6.645612257771445,48.677248677248684,-0.0524673187487128,-0.06708066820963782,6.82529944840515,6.275700551594849,0.02044867564615518,0.022589906898229404,0.020175098046009355,-446015433.0,0.2874823820007352,0,0,-1,0,0,-0.007692307692307665,-0.8239526570372557,0.29265784255196076,0.3586036547569049,0.01228878648233489,-0.0075301204819276935,-0.5229653756505184,0.033383915022761855,0.0
2009-07-13,6.8,6.59,0.02601523914123568,0.023775265493658052,0.01849051139763254,0.20919840030854478,0.03136926366764513,6.629,6.56,6.645666666666667,0,13,7,6.614439574022174,6.655572757270061,62.08791208791208,-0.0307568447446096,-0.05981590351663217,6.8557950926634375,6.264204907336562,0.022486324844837955,0.02365817525128979,0.02092917665063687,-437877833.0,1.6227449741573483,0,0,-1,0,0,0.004552352048558459,-0.07473909406700188,0.3572278477742159,0.3755618891309749,0.030303030303030276,0.02874432677760952,-0.23156859746598774,0.03823529411764703,0.0
2009-07-14,6.82,6.8,0.02682724223314406,0.011678964864146294,0.02562310488789769,-0.08244597333287969,0.0029368596733097057,6.644,6.577,6.643666666666666,1,14,7,6.651814196927233,6.6661809664784455,66.47398843930637,-0.011801267165957086,-0.05021297624649716,6.891900151261981,6.262099848738019,0.022022634850837025,0.023118258566969814,0.02058419632084493,-430384233.0,1.5433463529703804,0,0,-1,0,0,0.0,-0.3698765079988579,0.2919471716460437,0.36699097747854353,0.05246913580246915,0.05246913580246915,-0.630602686673365,0.024926686217008786,0.0
2009-07-15,7.07,6.82,0.014598799421152851,0.028614255518468905,0.008888947417245994,-0.30397001236083393,0.03600100805311063,6.678,6.609,6.644666666666667,2,15,7,6.7278479793041,6.692233807350804,69.79166666666667,0.023127476146844295,-0.035544885767828875,6.985124279575065,6.232875720424935,0.024530942893483433,0.024160201815699247,0.02124310091770832,-424854833.0,2.451317423702749,0,0,-1,0,0,0.011730205278592386,-1.277325035908491,0.3453764457396243,0.3835313137768283,0.06959152798789714,0.09953343701399708,-0.4562137117413996,0.04384724186704379,0.0
2009-07-16,7.07,7.07,0.017241806434505954,0.0,0.010271550321829699,-0.8048090819612603,0.0,6.705,6.6315,6.648,3,16,7,6.790057437612445,6.716605819779785,63.97515527950311,0.05022973969793565,-0.01838996067467597,7.0605147832093555,6.202485216790644,0.0245070062479356,0.02347590031391838,0.021154195151630275,-424854833.0,2.044218601138581,0,0,-1,0,0,-0.007072135785007172,-2.264458979529285,0.2637251136947656,0.3726683642038271,0.08769230769230774,0.0679758308157099,0.2682622832589878,0.03394625176803397,0.0
2009-07-17,7.02,7.07,0.0,0.0,0.010167117355444242,-0.2142753625988871,-0.0070972618707617705,6.756,6.650499999999999,6.653333333333333,4,17,7,6.831865176228364,6.736179637858509,64.375,0.06690268419297407,-0.0013314317011459634,7.1134186583106835,6.187581341689315,0.018894853535843897,0.02359617631259661,0.02097936645920725,-426850533.0,1.5963927716735629,0,0,-1,0,0,-0.007072135785007172,-2.046144859095405,0.3163559537001125,0.3745776864909823,0.06525037936267064,0.05722891566265065,0.4860478214316013,0.024216524216524208,0.0
2009-07-20,7.3,7.02,0.0028449521322313448,0.031924987429184225,0.011494379425735212,1.4397455950597635,0.039111130116625696,6.8260000000000005,6.6834999999999996,6.667000000000001,0,20,7,6.916980598732297,6.7725551450934445,67.79661016949152,0.10153929102876802,0.019242712844836835,7.229847681861387,6.137152318138612,0.021452983331528657,0.024970272933295953,0.022146781788777423,-418429433.0,2.256804670240775,0,0,-1,0,0,0.002849002849002915,0.33402898912355233,0.3500131677716813,0.3963907941054506,0.07352941176470584,0.09939759036144591,0.4940042085397766,0.043835616438356206,0.0
2009-07-21,6.87,7.3,0.043092143054794196,0.004089985251525066,-0.05732649519171839,0.781936237365099,-0.06071024192008739,6.865,6.7090000000000005,6.668666666666667,1,21,7,6.908438671690061,6.778841909926126,53.27102803738317,0.09321709648668364,0.0340375895732062,7.239140001371574,6.178859998628427,0.029734371413139032,0.02684570020437228,0.02472068752035032,-436835433.0,0.6073867264626778,0,0,-1,0,0,0.006849315068493127,2.864934727974765,0.6365658915899953,0.4261622790729895,0.007331378299120228,0.08018867924528306,-0.8584469850181159,0.10771470160116438,0.0
2009-07-22,6.92,6.87,-0.06317890162153156,-0.013698844358161802,0.029808466297825936,-0.2950765069031996,0.0072516633953202065,6.895999999999999,6.7425,6.672333333333333,2,22,7,6.910540731382778,6.78794888347928,52.83018867924528,0.08962315949232469,0.0451547035570299,7.233765819353196,6.2512341806468035,0.029347546053256828,0.026367784113485837,0.024747749930118062,-423132633.0,0.7226230403478828,0,0,-1,0,0,0.004366812227074272,1.4159312238311232,0.5664327900533538,0.4185755963287394,-0.021216407355021283,0.10719999999999996,-0.7625496844915302,0.06358381502890179,0.0
2009-07-23,7.13,6.92,0.001448226176364748,-0.01669023444037885,-0.005891033237237419,-0.4423145216960001,0.02989546479662637,6.9590000000000005,6.783499999999999,6.6883333333333335,3,23,7,6.950442416585908,6.810016697448359,65.19607843137254,0.10253818709512252,0.05663140026464843,7.259415737789033,6.307584262210965,0.029261595280497446,0.02694202165131724,0.024874730197754203,-414327933.0,1.456140120979141,0,0,-1,0,0,-0.0014450867052022813,0.11122158402231923,0.6177761588052824,0.4276913346402191,0.008486562942008335,0.1299524564183836,-1.0953131095538235,0.05049088359046288,0.0
2009-07-24,7.45,7.13,0.017217068042995096,0.05723632883472882,0.03768561889838993,0.42599561689146154,0.04390279796526358,7.045,6.825,6.715333333333334,4,24,7,7.041271068115742,6.851305942774271,68.72246696035242,0.1370153376432386,0.07270818774036647,7.379199280139236,6.270800719860764,0.031325018286883555,0.02660269768615986,0.02602417324476582,-400846933.0,2.255506358084682,0,0,-1,0,0,-0.014025245441795182,1.2142613984732724,0.6754897049559935,0.4223047336860744,0.061253561253561406,0.12537764350453173,-1.6673581878067623,0.06979865771812074,0.0
2009-07-27,7.42,7.45,0.06070829332215223,-0.006644542718668501,0.03219312301413116,-0.5286629703772167,-0.0040349752121791056,7.106999999999999,6.867999999999999,6.742333333333334,0,27,7,7.11013087391288,6.887995881950125,71.5596330275229,0.16007275943856314,0.0901811020800058,7.467248652372278,6.268751347627721,0.03095019092349923,0.026473509819356887,0.026018670561992027,-408792533.0,1.842307021683797,0,0,-1,0,0,0.0026845637583892044,-0.17853278030672165,0.6348543018963779,0.4202539398782688,0.016438356164383494,0.13109756097560976,-1.0497523065993528,0.03234501347708898,0.0
2009-07-28,7.51,7.42,-0.012121360532344737,0.010610179112015469,0.010959013789719602,-0.23931711165905142,0.01205640859675434,7.176,6.909999999999999,6.776666666666666,1,28,7,7.182834351383264,6.928125179888826,71.02803738317755,0.18349298723332108,0.10884347911066887,7.565888308849736,6.254111691150262,0.03088008976559938,0.026399156650810735,0.025658500913160326,-402538033.0,1.8295797985856752,0,0,-1,0,0,-0.005390835579514829,-0.6538232366218248,0.3083859209270142,0.4190736199192921,0.09315866084425029,0.12593703148425783,0.4906353622785793,0.0319573901464714,0.0
2009-07-29,7.67,7.51,0.008097210232619523,0.0170049879209578,0.009491596681571391,0.18224161115694515,0.021081149603121366,7.236,6.957000000000001,6.8180000000000005,2,29,7,7.271409923859034,6.975988071508903,76.71232876712327,0.21251461314393438,0.12957770591732198,7.688893003397762,6.225106996602239,0.02977595965470968,0.026608408953141368,0.02569988470065729,-395033233.0,1.9483722256940483,0,0,-1,0,0,-0.009320905459387404,-0.31182630146169393,0.29300749083023064,0.4223953972386994,0.10838150289017334,0.13967310549777112,-0.10862690617997185,0.0391134289439374,0.0
2009-07-30,7.73,7.67,0.04211148535012685,0.023077947282544673,0.031875208530449034,0.11372406832338815,0.007792247220165822,7.302000000000001,7.0035,6.855,3,30,7,7.354789937702845,7.024634002379297,76.38888888888889,0.23761686007510985,0.15118553674887955,7.807968441696589,6.19903155830341,0.029627824466482402,0.02659678362239721,0.025323060862184554,-386624533.0,1.806161590298913,0,0,-1,0,0,0.011734028683181207,-0.0906783556536301,0.2910143600203675,0.4222108508343519,0.0841514726507715,0.13676470588235312,0.9399852062762317,0.031047865459249587,0.0
2009-07-31,7.85,7.73,-0.0025806465934916254,0.0,0.0026109675407203397,-0.09660253403208527,0.015404669194986455,7.385,7.0705,6.895333333333332,4,31,7,7.444828130847782,7.077883421580633,75.36231884057969,0.2641486277838654,0.17377815495587673,7.923642179797059,6.217357820202941,0.029091783224539453,0.023958232574061468,0.025383805187435448,-378990133.0,1.8273624689038892,0,0,-1,0,0,0.0012936610608020422,-0.2505789419011418,0.15118865917449933,0.38032515146168105,0.05369127516778516,0.20583717357910913,-0.8428606137977201,0.02802547770700634,0.0
2009-08-03,8.36,7.85,0.030536723860081702,0.06025177963620892,0.023196916415152168,0.5998861415796556,0.06294489530229318,7.491,7.158500000000001,6.952666666666667,0,3,8,7.611223016148184,7.160600620188335,80.07812499999997,0.3226091451877746,0.20354435300225632,8.157852948557695,6.159147051442307,0.032661433183036125,0.026964936438278003,0.027541940114439344,-365080933.0,2.404555871344657,0,0,-1,0,0,0.016560509554140228,1.2874532473984748,0.3688476954497982,0.4280550956060843,0.12668463611859826,0.2666666666666666,1.9916059527114522,0.06339712918660301,0.0
2009-08-04,8.72,8.36,0.04412480490893789,0.04320578587553136,0.05574198300823537,-0.09801276157099308,0.04216081082427812,7.675999999999999,7.2705,7.031333333333333,1,4,8,7.812818831393969,7.2612070317890876,80.89887640449437,0.39345303608613325,0.24152608961903171,8.437673373673327,6.103326626326673,0.02124935781220226,0.026806049001163703,0.02655887515931444,-352470333.0,2.483778387504053,0,0,-1,0,0,-0.0023923444976076047,0.882603077160304,0.36965355123128185,0.4255328357357432,0.16111850865512656,0.345679012345679,0.8875945505651861,0.051605504587155876,0.0
2009-08-05,9.03,8.72,0.03765150620368838,0.03702049224367896,0.03201221780713619,-0.16515417159710813,0.03493312950800561,7.8870000000000005,7.391500000000001,7.124,2,5,8,8.034124498413247,7.375322707157533,82.88590604026844,0.4692030584585103,0.28706148338692744,8.755523074353889,6.027476925646113,0.020599537965717195,0.027172199547247616,0.02637513212401755,-341779533.0,2.40245202710537,0,0,-1,0,0,-0.006880733944954185,0.4474091273113689,0.3609734119635465,0.43134529545983435,0.17731421121251612,0.36611195158850207,0.3549503334983406,0.0564784053156146,0.0
2009-08-06,9.15,9.03,0.04294445182974128,0.012041743754393684,0.02306907377440308,-0.04508589863276591,0.013201511858535981,8.089,7.524000000000001,7.218666666666667,3,6,8,8.237010953247202,7.489818016373176,84.91803278688525,0.5327769727564284,0.33620458126082764,9.03076230095537,6.017237699044632,0.02100817761645052,0.02607790410313841,0.026368890996961616,-331560033.0,2.158270085426251,0,0,-1,0,0,0.0011074197120708514,0.3050486296271524,0.3379366311302422,0.4139738938241707,0.18369987063389392,0.4076923076923078,0.5464492266077846,0.045901639344262286,0.0
2009-08-07,9.11,9.15,0.020799874110675774,0.01619031587315564,0.03142795132774315,-0.13444463022695052,-0.004381168015563088,8.254999999999999,7.65,7.301666666666666,4,7,8,8.395736234474983,7.594345886284585,82.20640569395016,0.5733231794256657,0.3836283008937953,9.24668076761936,6.053319232380642,0.021708498269273197,0.02652899640202694,0.025625906452066333,-340493933.0,1.8287938698940434,0,0,-1,0,0,0.00874316939890711,-0.04946513201371002,0.4262249394535188,0.4211347620713435,0.16050955414012735,0.38239757207890746,-0.09555008092471681,0.031833150384193105,0.0
2009-08-10,8.87,9.11,-0.015284140325373424,-0.0238364481545113,-0.024609743095966204,-0.22369217445187528,-0.026697914950378886,8.4,7.7535,7.378666666666667,0,10,8,8.481966010024985,7.6766461516855795,88.16793893129767,0.5794112538311849,0.42278489148127324,9.386144287168014,6.120855712831985,0.025354169943971404,0.027928772203885927,0.026278761230537778,-347637133.0,1.3677198502763646,0,0,-1,0,0,-0.0021953896816684494,-0.49110325611367406,0.45313364740370776,0.4433555140491329,0.06100478468899517,0.3044117647058824,-0.3591998288476584,0.03269447576099201,0.0
2009-08-11,8.91,8.87,-0.020000666706669543,-0.00881062968215492,-0.007959109667568605,0.05796615984892679,0.004499445161229971,8.540000000000001,7.858,7.453333333333333,1,11,8,8.559790371838623,7.756217367705865,88.12260536398463,0.580769018635154,0.4543817169120494,9.506534915742558,6.209465084257442,0.025672506968821104,0.027899022840026412,0.026272281916793278,-340067633.0,1.2762847664966108,0,0,-1,0,0,0.004509582863585223,-0.3840192228702537,0.36125177919382956,0.44288325753852503,0.02178899082568808,0.30645161290322576,0.014385582193763978,0.03142536475869802,0.0
2009-08-12,9.01,8.91,0.0011217051091999518,0.011001211061973583,0.012478891373188064,-0.07941758659100207,0.011160830137528555,8.674,7.955,7.529333333333333,2,12,8,8.641646667867963,7.837106569789358,87.59999999999997,0.5831915521011108,0.48014368394986173,9.636283970504365,6.273716029495634,0.025705788799457494,0.02737830255530354,0.02627240009287344,-333076033.0,1.2549932295893023,0,0,-1,0,0,0.001122334455667765,-0.5572787818219499,0.2554115178714578,0.43461707928250426,-0.00221483942414169,0.2743988684582743,-1.3467966822769655,0.029966703662597266,0.0
2009-08-13,9.24,9.01,0.01003912502832862,0.013043663192029398,0.0,0.11214135267122691,0.025206814033346316,8.825,8.0635,7.610666666666666,3,13,8,8.75043818280106,7.927615823351335,87.13692946058087,0.5967910691801244,0.5034731609959143,9.78393170836831,6.343068291631688,0.02564958772646758,0.027357321455328546,0.02642296968119494,-325254733.0,1.3676799773887158,0,0,-1,0,0,0.0,-0.4486079826446731,0.30626441816598393,0.43428401464590577,0.00983606557377037,0.306930693069307,-0.5624627785694393,0.04220779220779227,0.0
2009-08-14,9.08,9.24,0.009939341902557705,-0.0163313373862211,-0.0056529263027881,0.598122078959104,-0.017467693040390832,8.948,8.166500000000001,7.6963333333333335,4,14,8,8.810358513200867,8.001963189586732,82.67716535433067,0.5878813908895495,0.5203548069746414,9.870467815362327,6.462532184637676,0.028034998930764398,0.02786050663078653,0.025030442633341362,-339479333.0,1.0722033500447965,0,0,-1,0,0,-0.015151515151515213,1.2837816287123593,0.33587540190231746,0.4422718316719631,-0.003293084522502654,0.2934472934472936,-0.12127058343776673,0.031938325991189336,0.0
2009-08-17,8.7,9.08,-0.016620881236040407,-0.01771917898510291,-0.019462549074911926,-0.27147159486896794,-0.042751166952663996,8.982,8.2365,7.766333333333334,0,17,8,8.790293328982527,8.046997822516621,71.02473498233212,0.5438879803668542,0.525061441653084,9.905250241474802,6.567749758525197,0.02722305450450118,0.029692645521521947,0.02684671838176827,-350322133.0,0.5555055375936537,0,0,-1,0,0,-0.014317180616740173,0.21188359781635424,0.41888077705643834,0.471356134905257,-0.01916572717023679,0.1917808219178081,-0.6848645268333301,0.03448275862068954,0.0
2009-08-18,8.82,8.7,-0.02374334261931983,-0.006726482760950674,0.004613618333512715,0.22411699553972092,0.013698844358161927,8.992,8.334,7.844333333333333,1,18,8,8.795694541894795,8.096868930741355,70.60931899641574,0.5127947045400489,0.522608094230477,9.890682031556075,6.777317968443924,0.023975520211125124,0.02499021835287635,0.02633562384842454,-336755433.0,0.6244049717901476,0,0,-1,0,0,0.004597701149425394,1.3336106907775505,0.4350503118711158,0.396707417825478,-0.010101010101010055,0.28384279475982543,-0.8552506137990333,0.02267573696145137,0.0
2009-08-19,8.46,8.82,-0.02549384882621976,-0.03200273108617395,-0.043510684444183316,-0.029950130910566763,-0.041672696400567956,8.934999999999999,8.411,7.906000000000001,2,19,8,8.734659170641196,8.120296741661267,61.812297734627826,0.4538721128861134,0.5088608979616043,9.818377553802986,7.003622446197014,0.0240517082315675,0.027720909612759328,0.02788637140885427,-349921833.0,0.06963305598784705,0,0,-1,0,0,-0.03401360544217695,1.2135328625127395,0.4907741508336709,0.44005579771116604,-0.06104328523862368,0.2225433526011562,0.29402680527851377,0.0342789598108746,0.0
2009-08-20,8.49,8.46,-0.008249899472141949,-0.005824128285988539,0.01193569686603154,-0.490915876682038,0.003539826705123987,8.869,8.479000000000001,7.972333333333334,3,20,8,8.690175685070068,8.144148564779895,60.66666666666666,0.40492851984800105,0.48807442233888365,9.750648743292297,7.207351256707704,0.023360314504689634,0.027354347401444504,0.027496230100032312,-341863133.0,0.01730037489994328,0,0,-1,0,0,-0.0011820330969268987,-0.6572394236841945,0.40113356329155053,0.4342368030041285,-0.08116883116883111,0.19074333800841514,0.1395779450524151,0.016501766784452337,0.0
2009-08-21,8.68,8.49,0.01176484157958643,0.02992167986504923,0.015333331249520087,0.6507078717607268,0.02213252834900279,8.825999999999999,8.5405,8.042,4,21,8,8.688325560511874,8.178719625116676,55.97014925373135,0.3771245250762849,0.46588444288636394,9.718106403730182,7.362893596269817,0.025182100001241995,0.026246419695422313,0.02758877054544348,-326415433.0,0.2369212659817749,0,0,-1,0,0,0.007067137809187337,1.901876861971725,0.4861956630696546,0.4166489959194905,-0.04405286343612336,0.16510067114093951,-0.3997365906248613,0.03110599078341009,0.0
2009-08-24,8.47,8.68,0.025405523435422756,0.006779686985378769,-0.010582109330536972,-0.22190303596124117,-0.02449102000829564,8.786,8.593,8.097666666666665,0,24,8,8.64863000405517,8.197511907367213,45.05928853754941,0.3342909163511347,0.43956573757931816,9.647456208070253,7.538543791929747,0.024983498281175815,0.027105900428222224,0.02792459671426577,-338788933.0,-0.23329560594099985,0,0,-1,0,0,0.01036866359447003,0.7602228387366707,0.42202204682881345,0.4302928295733312,-0.02643678160919527,0.14150943396226423,-0.5485530541703673,0.04958677685950412,0.0
2009-08-25,8.68,8.47,-0.03009486379880884,-0.013605652055778709,0.005892768967150699,-0.22881686555455094,0.024491020008295696,8.763,8.6515,8.159666666666666,1,25,8,8.654333639681502,8.228640171408038,42.798353909465035,0.3136743748559194,0.41438746503463847,9.574613153810452,7.728386846189549,0.026554035463248797,0.02737889628268047,0.02808010460568058,-328946133.0,0.06174757641001264,0,0,-1,0,0,0.004722550177095531,-0.18354408179738585,0.4586175084410334,0.4346265044124198,-0.015873015873015928,0.15579227696404785,-0.4652142298463546,0.02880184331797235,0.0
2009-08-26,8.6,8.68,0.018626848207167652,0.0022805026987250815,0.004689340363386121,-0.2559638537336531,-0.009259325412796712,8.722,8.697999999999999,8.210666666666667,2,26,8,8.644454796103046,8.252598870026876,38.49372384937238,0.2875654107231327,0.38902305417233735,9.49848932403609,7.897510675963907,0.026182231467738723,0.027426546606523255,0.027738210742240903,-336566133.0,-0.24485023611777845,0,0,-1,0,0,-0.0011520737327188695,-0.9953690426128623,0.33094392373332454,0.435382929853098,0.016548463356973908,0.12125162972620607,-0.30866775449863865,0.02674418604651147,0.0
2009-08-27,8.45,8.6,-0.002309469848662529,-0.013761685072681377,-0.02967576814611655,-0.1131187335951255,-0.0175957618903796,8.642999999999999,8.734,8.256666666666668,3,27,8,8.609099378629764,8.265334426799336,36.8,0.25186675892994614,0.36159179512385914,9.405570037889188,8.062429962110812,0.024186674870428106,0.027920117179416417,0.028069147365155103,-343371133.0,-0.8457792455799283,0,0,-1,0,0,0.005813953488372176,-1.226317037113989,0.3626315923010941,0.44321811979510795,-0.004711425206124997,0.09314359637774894,0.3778081830498174,0.042603550295857925,0.0
2009-08-28,8.51,8.45,-0.019848871139976295,-0.005790404134704441,0.014354313451683122,-0.08616476465677432,0.0070755012162002804,8.586,8.767,8.306333333333333,4,28,8,8.591081309787988,8.281119302489703,42.24137931034485,0.22581377807853364,0.3344361917147941,9.30780252257368,8.22619747742632,0.02444371214685297,0.027813652707667287,0.027954627267441468,-337127933.0,-0.950439353636654,0,0,-1,0,0,0.0035502958579883004,-1.359877050073157,0.3142732644414744,0.44152804870083556,-0.019585253456221197,0.08407643312101909,0.722462707681434,0.022326674500587486,0.0
2009-08-31,8.18,8.51,-0.0011799411398486367,-0.010507977598415093,-0.03014091938232383,0.29534500633256555,-0.03954979197062713,8.534,8.758,8.335666666666667,0,31,8,8.516339253462899,8.274595476522626,36.01532567049807,0.1765037357809458,0.30284970052802446,9.332276661733289,8.18372333826671,0.023960235266756502,0.025503397478661725,0.02843082278697062,-345516233.0,-2.0129670540866913,0,0,-1,0,0,-0.004700352526439383,-0.549392909831888,0.3833786070598827,0.40485388389462384,-0.03423848878394342,-0.021531100478468845,-0.010039724099152677,0.04278728606356964,0.0
2009-09-01,8.02,8.18,-0.03483835804930743,-0.022552884662472975,-0.03234112709234903,0.24430265771033033,-0.01975372873623254,8.453999999999999,8.723,8.373999999999999,1,1,9,8.42609575283328,8.258169961908262,31.46067415730336,0.12309554041068793,0.2668988685045572,9.38556598479815,8.060434015201851,0.02322708417461167,0.02361176923886422,0.02624319249279959,-356225833.0,-2.1220527951315518,0,0,-1,0,0,0.0,0.32014359430090666,0.2647227480566801,0.3748252165216775,-0.07603686635944706,-0.0802752293577983,-0.05673064744619552,0.05236907730673316,0.0
2009-09-02,8.13,8.02,-0.02977887535561124,-0.0193945473068398,-0.0063411753384473545,-0.0054585850558319495,0.013622501681296294,8.421000000000001,8.678,8.414333333333333,2,2,9,8.372260161409047,8.24990093210773,28.235294117647086,0.08862364329256067,0.23124382346215788,9.374172997254485,7.981827002745517,0.021306434891982175,0.022150856602352866,0.026284488535493436,-345574533.0,-1.574321331511455,0,0,-1,0,0,-0.00997506234413955,0.2996438825237411,0.33906841363890905,0.351633947381273,-0.054651162790697594,-0.09966777408637861,-0.057300690375833574,0.03813038130381299,0.0
2009-09-03,8.41,8.13,0.029778875355611172,0.0313278631418526,0.023885484989356956,-0.07519980350741905,0.03386055042513744,8.413,8.641,8.457,3,3,9,8.379121950243764,8.260229904229812,37.45318352059925,0.08294197297730221,0.20158345336518677,9.309664025463018,7.972335974536981,0.02448686175148521,0.023531899364625523,0.026426990139173306,-335694833.0,-0.6909299474875834,0,0,-1,0,0,0.006150061500614874,0.024015358636032033,0.4565883287389441,0.37355732157478794,-0.004733727810650734,-0.08087431693989078,-0.2781982151341887,0.045184304399524255,0.0
2009-09-04,8.6,8.41,0.02772932337020099,0.021127546425875277,0.009888832129247196,-0.3011978343350345,0.02234072927460525,8.405,8.6155,8.495333333333333,4,4,9,8.419281595653988,8.282150555569824,47.98387096774194,0.09270200936304107,0.17980716456475765,9.246705196430645,7.984294803569357,0.024509214865733053,0.024266973384414435,0.025592119921019046,-328384533.0,-0.04911239669017616,0,0,-1,0,0,0.0,-0.8691367059199425,0.4854184502918682,0.38522625988430415,0.010575793184488758,-0.05598243688254667,-0.5648260623730941,0.05581395348837194,0.0
2009-09-08,8.65,8.6,0.032751465292444014,0.014985871227804757,0.04450523993655138,-0.2968664718809909,0.005797117684325915,8.423,8.6045,8.536333333333333,1,8,9,8.461230396444172,8.305882777791126,46.47302904564315,0.10328093235058056,0.16450191812192222,9.224601010448254,7.984398989551745,0.023103725840312554,0.02366851835352421,0.025533946458145093,-322951933.0,0.1467502849805383,0,0,-1,0,0,0.010465116279069752,-1.4558137563519187,0.3225303615405873,0.375726080788758,0.057457212713936556,-0.02480270574971799,-0.8051347012674638,0.027745664739884417,0.0
2009-09-09,8.81,8.65,-0.006928434181963988,0.010244824948424575,0.0011757790890120365,0.1518550116276194,0.01832811900430018,8.436,8.5995,8.579666666666666,2,9,9,8.52464305163614,8.338406469546538,57.91855203619909,0.1231558044080483,0.15623269537914744,9.210779073144346,7.9882209268556545,0.022501970203199575,0.024043172492590192,0.025617801104622924,-316628433.0,0.6887197983638242,0,0,-1,0,0,-0.00231213872832365,-1.1037449674369262,0.1690011776236793,0.3816735308665356,0.09850374064837908,-0.011223344556677839,0.4388680741373684,0.036322360953462,0.0
2009-09-10,9.25,8.81,0.017231902551688504,0.04646853690846514,0.02895396236301738,0.22134863074107877,0.04873611157624558,8.501000000000001,8.611500000000001,8.632333333333332,3,10,9,8.656526133156841,8.397218955382245,64.50381679389312,0.17242351551394997,0.15947085940610795,9.264695384649468,7.958304615350534,0.026694490689644093,0.02645659400372018,0.026730605873448252,-308738233.0,1.9550046280337563,0,0,-1,0,0,-0.003405221339387189,-0.5957830554205499,0.2655803914561983,0.4199854096298775,0.13776137761377605,0.02663706992230863,0.42494898858157376,0.052972972972972994,0.0
2009-09-11,9.34,9.25,0.059686221050474574,0.02561506109750263,0.05442764657603379,0.21831072141586316,0.009682700716417329,8.59,8.6165,8.686,4,11,9,8.780794108946505,8.458043538905972,63.0952380952381,0.21623812090445504,0.17082431170577736,9.291131283311188,7.941868716688813,0.02519968314902877,0.025936878820323576,0.02673586422645092,-298923033.0,2.1448753353059966,0,0,-1,0,0,0.007567567567567599,0.029628800056067904,0.2753722743666369,0.4117351868627671,0.11058263971462545,0.010822510822510845,1.4497720765741435,0.025695931477516084,0.0
2009-09-14,9.54,9.34,-0.019502243231441122,0.005254872838358597,-0.02185879381249896,-0.5471922616875542,0.021187233219443845,8.693,8.6395,8.742333333333333,0,14,9,8.918831543683503,8.5278471815572,71.31474103585654,0.2640559670547997,0.18947064277558184,9.405802812210055,7.873197187789944,0.025400311991134263,0.025954302761649194,0.02682458898538829,-293244233.0,2.3502458444669196,0,0,-1,0,0,-0.02141327623126331,-1.2848180797857216,0.2751549783421748,0.4120117833564041,0.10930232558139519,0.05066079295154169,1.5210611289839697,0.05136268343815498,0.0
2009-09-15,9.7,9.54,0.039683491091240135,0.03299268315434903,0.035815005306298525,0.12174315846368139,0.01663240004914205,8.845,8.689499999999999,8.787,1,15,9,9.060862172104683,8.603469944037382,70.73170731707316,0.3112744394853557,0.21383140211753662,9.59099524913421,7.788004750865789,0.018155918141995585,0.023873793837962672,0.024573667302517897,-286830233.0,2.24183100459038,0,0,-1,0,0,-0.003144654088050248,-0.9303834814154212,0.24634396877601683,0.37898472808125294,0.12138728323699399,0.11494252873563227,1.7953466317761468,0.04948453608247409,0.0
2009-09-16,9.88,9.7,0.035127578626698575,0.033901551675681416,0.02941388520629319,0.6048934299666738,0.01838662625043946,9.031,8.742500000000001,8.825666666666667,2,16,9,9.209796322631103,8.685826721841423,75.0,0.3590806564667286,0.24288125298737506,9.789236783884972,7.695763216115031,0.012743858117484803,0.023982027442180066,0.02366422549604019,-275085833.0,2.1734212793748595,0,0,-1,0,0,0.015463917525773233,1.0043830532290692,0.24627156847224693,0.38070288328280943,0.12145289443813856,0.1201814058956916,1.7935383149038882,0.05465587044534404,0.0
2009-09-17,9.7,9.88,0.009095565484485115,-0.006886402029633248,-0.014598799421152749,0.012464146536616446,-0.018386626250439426,9.187999999999999,8.8045,8.848,3,17,9,9.298924263970902,8.751257255916169,74.1312741312741,0.37808460815906564,0.2699219240217132,9.925072691928431,7.683927308071571,0.017808004036396218,0.022122228679021264,0.023259704547095368,-286977533.0,1.5982898859669752,0,0,-1,0,0,0.0060728744939269955,1.1175098347765382,0.2565938921964095,0.3511794931871472,0.048648648648648596,0.1465721040189123,-1.8697061414601868,0.06288659793814445,0.0
2009-09-18,9.68,9.7,-0.009095565484485158,-0.027015149646048123,0.002622608374436982,-0.271000726700084,-0.0020639842208514825,9.315000000000001,8.864,8.865666666666668,4,18,9,9.368210761430737,8.811176142631256,72.9411764705882,0.3870696460016756,0.2933514684177057,10.03929660310244,7.688703396897562,0.017794238755191247,0.02220495353022682,0.023186342607261386,-296046333.0,1.388585652074545,0,0,-1,0,0,0.015463917525773233,0.034870846205823,0.2696857857730844,0.35249270948835554,0.036402569593147804,0.14016489988221426,-1.0472921984925456,0.032541322314049534,0.0
2009-09-21,9.77,9.68,-0.024667232201796396,-0.0020304575503819517,-0.008945074113923906,-0.19723012802604686,0.009254564766205666,9.432,8.9185,8.887666666666666,0,21,9,9.441263350261512,8.873035746332466,84.41558441558438,0.39687764264757774,0.3140567032636801,10.157247669816028,7.6797523301839705,0.017601778756294206,0.02191306814901552,0.023188292262605555,-288600833.0,1.3747755426679575,0,0,-1,0,0,-0.007231404958677716,-0.5187687020653493,0.24201588007194358,0.3478591727082332,0.024109014675052443,0.12557603686635943,-0.9762221491364917,0.03889457523029673,0.0
2009-09-22,9.5,9.77,0.02365148808196098,0.008097210232619303,0.0021119332031435513,0.0629801589083958,-0.028024667448196188,9.517,8.969999999999999,8.908666666666667,1,22,9,9.451942741123053,8.913485053020695,80.57851239669421,0.37850068682715765,0.3269454999763756,10.215860514284634,7.724139485715364,0.021792985855226182,0.02217594761419338,0.023244976954182973,-296530333.0,0.8508175577011908,0,0,-1,0,0,0.0071647901740020765,-0.21333131427087357,0.30226207328780375,0.35203225484611095,-0.020618556701030855,0.12160566706021236,-0.13212667347476673,0.04631578947368416,0.0
2009-09-23,9.68,9.5,-0.0010167769050868354,-0.004050531045717252,0.011536572628416331,0.3657652251658041,0.018770102681990468,9.604,9.02,8.934333333333335,2,23,9,9.493407697282498,8.962937630245166,81.12449799196784,0.3741483631863467,0.3363860726183699,10.296739267781666,7.743260732218334,0.02181379830756185,0.021952424659214678,0.023435584348869595,-285099033.0,1.0338837641404264,0,0,-1,0,0,0.03473684210526316,1.4391308349794498,0.3041068814080615,0.3484839379389833,-0.020242914979757165,0.11520737327188946,-0.11413310810906763,0.029948347107437955,0.0
2009-09-24,9.49,9.68,-0.012282651855841582,-0.010162906204338344,-0.011536572628416402,-0.10171927396314293,-0.019823288666649112,9.628,9.0645,8.950333333333333,3,24,9,9.492788115958408,8.996941654100318,72.5,0.3513179288445585,0.33937244386360765,10.341642781450625,7.787357218549375,0.018365440833308443,0.02244262978112827,0.023738732233384855,-295424733.0,0.6663311356882136,0,0,-1,0,0,0.003099173553719126,0.83064155813015,0.3084119657640278,0.3562657030029441,-0.021649484536082397,0.1034883720930233,-0.09088448442528904,0.031612223393045195,0.0
2009-09-25,9.65,9.49,-0.02502737510524669,-0.0040983663922821365,-0.0021119332031435015,-0.31367132123831953,0.016719302729058076,9.658999999999999,9.124500000000001,8.963999999999999,4,25,9,9.52137209487506,9.039074450609975,72.15189873417722,0.34219074605432986,0.33993610430175214,10.392809691552149,7.856190308447853,0.018801182276678107,0.021928064282321687,0.023494063120827902,-287879133.0,0.8286619640300881,0,0,-1,0,0,-0.0021074815595363092,-0.5076486729140484,0.3439459303570397,0.34809722894436734,-0.0030991735537189147,0.1420118343195267,-0.5668348863306956,0.029015544041450708,0.0
2009-09-28,9.78,9.65,0.027084988999926833,0.012245050960100168,0.019885532287107547,-0.055195814729599973,0.013381568695831368,9.683,9.187999999999999,8.987333333333334,0,28,9,9.56839535035232,9.086876098957719,73.0612244897959,0.34151058009555335,0.3402509994605124,10.453935892615183,7.9220641073848155,0.018112272268555312,0.02197750566490537,0.023305726044393286,-280738733.0,0.9352764282195061,0,0,-1,0,0,0.008290155440414514,-0.738765831804346,0.35255316871261333,0.34888208656111713,0.0010235414534287557,0.14923619271445343,-0.6471817088334514,0.021472392638036717,0.0
2009-09-29,9.66,9.78,0.007168489478612497,0.01009090298196294,-0.0031136506732795813,-0.15486050912444416,-0.012345835822299266,9.678999999999998,9.262,9.019333333333332,1,29,9,9.585050741197353,9.123851834508834,67.63485477178423,0.32751317850283,0.33770343526897595,10.450499274849019,8.073500725150982,0.01792120269915773,0.019744067710124994,0.021939785327773402,-286854733.0,0.6697521966104018,0,0,-1,0,0,0.002044989775051263,-1.1412385358546187,0.2861965977363273,0.3134273581788675,0.01684210526315799,0.18092909535452328,-0.6497591901120168,0.03519668737060058,0.0
2009-09-30,9.6,9.66,-0.014388737452099669,-0.023363175398593238,-0.018888284520205745,0.13816827118780722,-0.006230549750636086,9.651,9.341,9.045333333333334,2,30,9,9.58776878825238,9.154571070992136,58.620689655172406,0.30802788462246156,0.3317683251396731,10.382899075828053,8.299100924171945,0.01670038882831984,0.01895421770983619,0.021927321978682714,-293876933.0,0.4971690752180751,0,0,-1,0,0,0.0,-0.6388982699477197,0.2544913607102476,0.30088887813601667,-0.008264462809917328,0.19700748129675816,0.24319406432155305,0.03020833333333343,0.0
2009-10-01,8.99,9.6,-0.01145249373178764,-0.01867274170527473,-0.05107030408670449,0.28850056909715643,-0.06565024999026159,9.58,9.383999999999999,9.063,3,1,10,9.479083554024673,9.14395358254103,43.13725490196079,0.24059037078886725,0.31353273426951195,10.275607655040671,8.492392344959326,0.025301557095530537,0.024919553390838307,0.023807350824217664,-303247533.0,-0.8837968085458503,0,0,-1,0,0,-0.005208333333333223,0.5336254488230797,0.5118149591582091,0.3955856463297271,-0.052687038988408874,0.105781057810578,-1.453543848659037,0.06451612903225808,0.0
2009-10-02,9.2,8.99,-0.08065371454455081,-0.026526754333428597,-0.020270964373619332,-0.04558845669976063,0.02309063557146553,9.532,9.4235,9.086666666666668,4,2,10,9.428341089656548,9.147569480441609,43.359375,0.2017650779472877,0.2911792030050671,10.195381501677803,8.651618498322199,0.02709713154392761,0.024355251908765984,0.024115823582481776,-294294533.0,-0.5791044338131954,0,0,-1,0,0,-0.020022246941045575,0.355376242629772,0.5351232792745299,0.3866276380135559,-0.04663212435233166,0.09393579072532687,-1.2673157641200736,0.055434782608695825,0.0
2009-10-05,9.08,9.2,-0.007977250280644131,-0.012987195526811303,-0.031198370855861163,0.19293188326005437,-0.013129291441792623,9.463,9.4475,9.1,0,5,10,9.36500634608263,9.143210159122797,37.6984126984127,0.15947443451930354,0.2648382493079144,10.137026916386768,8.757973083613232,0.02673011961450894,0.024287319109545062,0.023999346176364202,-305152733.0,-1.065948235714304,0,0,-1,0,0,-0.049999999999999906,1.1787809917780343,0.4965755748453769,0.38554923825793763,-0.07157464212678932,0.05581395348837215,-0.8843057393751237,0.07268722466960353,0.0
2009-10-06,9.16,9.08,0.041462521604422785,0.011911348193347939,0.05480823649499516,-0.328722051962637,0.008771986072837041,9.428999999999998,9.472999999999999,9.123,1,6,10,9.327732464976696,9.144293374663263,35.123966942148726,0.13090513343447796,0.2380516261332271,10.069837278362275,8.876162721637723,0.02607587494598642,0.02431480359100696,0.02351914702869265,-297336533.0,-1.048862098087681,0,0,-1,0,0,0.0033039647577091805,-0.3701589150752093,0.5239146325424052,0.3859855408751081,-0.051759834368530044,0.05895953757225425,-1.2523128201538325,0.03165938864628812,0.0
2009-10-07,9.2,9.16,0.016331337386221164,0.0032240758717526847,0.013245226750020505,-0.12733278850338142,0.004357305368955626,9.381,9.4925,9.140333333333333,2,7,10,9.304508380435477,9.147887350491441,39.03508771929821,0.1102208646821552,0.21248547384301275,10.019532406874106,8.965467593125894,0.02508080256604886,0.024049306888449067,0.023155851047955655,-290454833.0,-1.1099886693300465,0,0,-1,0,0,0.01091703056768555,-0.8762666080760948,0.5341749068783169,0.3817709113818529,-0.04166666666666674,0.04426787741203175,-1.4637722428983515,0.021739130434782726,0.0
2009-10-08,9.72,9.2,0.004310351501122263,0.04305126750041393,0.013072081567352921,0.5210439563185385,0.054982134417353196,9.404,9.516,9.177666666666665,3,8,10,9.38005231126539,9.184797844008123,50.719424460431675,0.1342406442672921,0.19683650792786864,10.039405850379316,8.992594149620684,0.030946869125950818,0.024767390957866384,0.02506936500512743,-278867533.0,0.7795098195870771,0,0,-1,0,0,0.01086956521739146,1.397148611463437,0.4144670278625536,0.39317014259054567,0.08120133481646286,0.05081081081081096,0.9473603998800174,0.050411522633744876,0.0
2009-10-09,9.61,9.72,0.04314188214402338,0.0,-0.005425949285997232,-0.3563680047059758,-0.011381395490146672,9.4,9.529499999999999,9.216333333333333,4,9,10,9.421860981944409,9.21223024116889,47.14285714285714,0.14275482320986654,0.18602017098426823,10.047694233042646,9.011305766957351,0.030810199041904074,0.02490307988843253,0.024909834274427726,-286981133.0,0.3106943106152838,0,0,-1,0,0,-0.0010288065843621179,-0.27406889071593665,0.44748695298997904,0.39532413758619966,0.04456521739130426,0.028907922912205564,1.6271864386242039,0.05619146722164422,0.0
2009-10-12,9.54,9.61,-0.0082730564931994,-0.0010282777255659324,0.033175862238899574,-0.24389071841478496,-0.007310737522005952,9.376000000000001,9.5295,9.250666666666666,0,12,10,9.443340803409061,9.233376677222509,50.769230769230745,0.14221459505137268,0.17725905579768914,10.047694233042648,9.011305766957353,0.030500494693733705,0.024532809161336516,0.024998291437964136,-293338733.0,0.040525344862857436,0,0,-1,0,0,0.0020811654526536267,-1.1891031427659482,0.4311271283531914,0.38944627201622095,0.05066079295154169,0.0,1.7412341684502592,0.023060796645702375,0.0
2009-10-13,9.58,9.54,-0.009389740349839255,-0.008264509849893424,-0.015915455305899568,-0.28093086848829113,0.004184106522574091,9.368,9.5235,9.297333333333334,1,13,10,9.468187930061958,9.25573947224041,47.967479674796756,0.14336154341663843,0.170479553321479,10.036130984545956,9.010869015454045,0.030332058072752143,0.0242475571858665,0.023650373531872906,-288538233.0,0.22043146709145034,0,0,-1,0,0,0.0,-1.8206214560735074,0.4333187312064903,0.38491803728771956,0.04585152838427953,-0.012371134020618513,1.8797691529197533,0.03027139874739049,0.0
2009-10-14,10.04,9.58,0.01560094044247981,0.04661431522475936,0.02846792137701943,0.9565844752392976,0.04689952228081381,9.411999999999999,9.5315,9.364666666666666,2,14,10,9.572153760959784,9.306336925644256,60.07326007326006,0.1793215565983548,0.17224795397685416,10.071803033881743,8.991196966118256,0.03382672832879666,0.026266756383594825,0.024383023836561775,-276043533.0,1.8822770486656053,0,0,-1,0,0,0.011482254697285954,1.7744809704859654,0.5066383318191158,0.4169718308358613,0.09130434782608687,0.0161943319838056,0.5113664055582096,0.04780876494023909,0.0
2009-10-15,9.47,10.04,0.028486158071072135,-0.009950330853168092,-0.027398974188114388,0.17942012327879422,-0.05844820706559609,9.459999999999999,9.52,9.409333333333333,3,15,10,9.553580349876187,9.316895833667209,47.13375796178344,0.15998172012706746,0.16979470720689682,10.054966796806099,8.9850332031939,0.03233757294686478,0.029030917977616477,0.02704464230602353,-290993733.0,-0.18692748895263375,0,0,-1,0,0,-0.006972111553784712,2.468764193162597,0.5950378545679673,0.46085153580412436,-0.025720164609053464,-0.023711340206185483,0.03612661358964289,0.06758183738120385,0.0
2009-10-16,9.25,9.47,-0.05674549538547532,-0.05445618579605874,-0.020508004221127123,-0.2940837047817863,-0.023505355673653108,9.465,9.4985,9.437333333333333,4,16,10,9.49838392262597,9.312579973430616,41.79566563467493,0.12545641553985298,0.16092704887348805,10.040903035235196,8.956096964764804,0.03286026848057021,0.029462212942518898,0.02696276377291673,-302134833.0,-0.9162928075881647,0,0,-1,0,0,-0.005279831045406622,0.8764838429149969,0.6093099239207416,0.46769813111720115,-0.037460978147762725,-0.044421487603305776,0.29935178312356414,0.03243243243243251,0.0
2009-10-19,9.19,9.25,-0.044500016968025136,-0.025669858683226066,-0.022051610197668672,-0.13684637736106373,-0.006507615156738189,9.475999999999999,9.4695,9.456999999999999,0,19,10,9.442314118512158,9.304671588047997,42.58675078864352,0.0921906479511243,0.1471797686890153,10.012802765258586,8.926197234741414,0.032612817669639,0.02935898271635054,0.026775952176018122,-311851033.0,-1.0288922415735249,0,0,-1,0,0,-0.02594594594594597,0.27299234379542564,0.6093141043585847,0.4660594020798426,-0.03668763102725359,-0.05936540429887416,0.2785669647071205,0.028291621327529902,0.0
2009-10-20,9.26,9.19,0.033827557077253226,0.00970358018273898,0.01768001853617241,-0.3340318746807973,0.0075881122904923794,9.486,9.4575,9.477333333333332,1,20,10,9.409166096964492,9.301789550109417,44.65408805031447,0.0706611645360109,0.13187604785841442,10.008513420412308,8.90648657958769,0.03258600092308989,0.028833093831337087,0.026785524344967542,-304893933.0,-0.7168609427052273,0,0,-1,0,0,0.014145810663765048,-0.7916622842447235,0.6136950190305716,0.4577111748378508,-0.03340292275574119,-0.025263157894736876,0.19619657879900515,0.020518358531317442,0.0
2009-10-21,8.85,9.26,-0.009703580182739056,-0.00107353740852408,-0.03227881795732513,0.5714206520162337,-0.04528658963824985,9.450999999999999,9.416,9.478666666666667,2,21,10,9.307499533880039,9.272641837199131,47.65100671140939,0.020281527506666563,0.10955714378806486,10.019023958676307,8.812976041323694,0.035611080676895765,0.029987473904568882,0.027930088466639313,-317213433.0,-1.8772056793312941,0,0,-1,0,0,-0.0032397408207342723,1.264813013876384,0.41926141254885946,0.4760363903911699,-0.11852589641434264,-0.08574380165289253,-0.029040969526897466,0.053107344632768436,0.0
2009-10-22,8.95,8.85,-0.03304265362635322,-0.023914183099588253,-0.011376686982107934,-0.215401368491913,0.011236073266925752,9.373999999999999,9.389,9.468666666666667,3,22,10,9.242499618629122,9.25182623479919,45.64459930313589,-0.011443618627511754,0.08535699130494954,10.025500299748364,8.752499700251635,0.02952053920932082,0.02993884085710832,0.026423038330825394,-307281233.0,-1.3794180463812995,0,0,-1,0,0,0.009039548022598879,0.35751029125391665,0.365558021084508,0.4752643646966908,-0.05491024287222823,-0.05690200210748164,-0.7146778117912617,0.039106145251396614,0.0
2009-10-23,8.84,8.95,0.003353832098431458,-0.003305788134499433,0.006841531816716784,0.12286019126581145,-0.012366655637211866,9.297,9.3485,9.452,4,23,10,9.169317869787463,9.225256800296016,45.80419580419581,-0.04494401951750859,0.05929678914045791,10.017333233876476,8.679666766123523,0.02953494052470094,0.02965516720953289,0.02642749677793102,-318511833.0,-1.5205584120059208,0,0,-1,0,0,0.0011173184357543646,0.7799734135806556,0.3504650966305298,0.47076118514676785,-0.044324324324324316,-0.0839378238341969,-1.2381364156691819,0.029411764705882328,0.0
2009-10-26,8.8,8.84,-0.006718950248744981,0.0022050725583139755,-0.005698021114637779,-0.1314245797771943,-0.004535155165391151,9.222999999999999,9.2995,9.427333333333333,0,26,10,9.102169166189741,9.197820877696275,43.61702127659575,-0.07386947298383184,0.03266353671559996,9.978740287690513,8.620259712309487,0.029554439707452324,0.029370280445611834,0.026074213364184706,-328359333.0,-1.4707608163183323,0,0,-1,0,0,0.006787330316742138,0.20340644722936715,0.35156550230040096,0.4662387479718733,-0.042437431991294794,-0.10020449897750494,-1.3125686808732326,0.037500000000000006,0.0
2009-10-27,8.65,8.8,-0.012436565041008712,-0.02114714308738871,-0.018454964373359122,-0.08529298996853964,-0.017192400540372875,9.129999999999999,9.248999999999999,9.392333333333333,1,27,10,9.019956590518879,9.162477595264258,40.61433447098978,-0.10765585991062032,0.004599657390355907,9.964597652316478,8.53340234768352,0.02937172328748046,0.02945304581431575,0.025949431370699303,-337401733.0,-1.6741251122357959,0,0,-1,0,0,-0.001136363636363814,-0.17323660866126875,0.3230667543317501,0.46755260746842814,-0.06587473002159816,-0.1045548654244306,-0.6859863951973361,0.03468208092485557,0.0
2009-10-28,8.49,8.65,-0.009142920832673965,-0.02045525866140173,-0.014068227332200913,0.27371421007269975,-0.018670320620531995,8.975,9.1935,9.346,2,28,10,8.923600846788172,9.119091943956887,26.07003891050583,-0.14566336123604806,-0.025452946334924887,9.964508225774148,8.422491774225852,0.021236244293572883,0.029605344844445644,0.025745201403242237,-349291033.0,-1.8248832541147915,0,0,-1,0,0,0.0069364161849711555,0.8875761824946815,0.19356788148621706,0.4699702796202683,-0.04067796610169483,-0.11562499999999998,1.2944467384139686,0.02826855123674914,0.0
2009-10-29,8.47,8.49,-0.020882429360823834,-0.011547472424772106,-0.0023640672948807293,-0.35249146202718046,-0.002358491659292828,8.875,9.1675,9.305,3,29,10,8.841127965553959,9.077215044346767,27.01612903225808,-0.1753767783857576,-0.05543771274509143,10.000019953926087,8.334980046073914,0.016097690209235904,0.02629004999766425,0.025620984258822508,-357648433.0,-1.675635512904297,0,0,-1,0,0,0.004711425206124752,-0.5283410579408188,0.11531001767760495,0.417341605495643,-0.05363128491620095,-0.05784204671857618,0.25729819753058264,0.018890200708382543,0.0
2009-10-30,8.4,8.47,-0.010607052895722004,-0.004656585829950861,-0.019116472221878924,0.3851827907916847,-0.008298802814695179,8.790000000000001,9.1275,9.262333333333334,4,30,10,8.760922880907785,9.033523751163106,27.01612903225808,-0.20224197098583474,-0.0847985643932401,10.027578943906619,8.22742105609338,0.01551728592588601,0.025585142762941767,0.02562824054551662,-369932833.0,-1.6165248724571337,0,0,-1,0,0,-0.0035419126328218578,0.9701534889629138,0.11588630540661808,0.40615155005296744,-0.04977375565610853,-0.08695652173913038,-0.2776200371530182,0.033333333333333465,0.0
2009-11-02,8.29,8.4,0.0,-0.009378732286432469,-0.01458106027529199,-0.08618583667990344,-0.013181736702064503,8.7,9.088000000000001,9.213,0,2,11,8.675300538924551,8.985554476894519,24.705882352941146,-0.22976037577523023,-0.11379092666963814,10.06307030785686,8.112929692143142,0.015516242839466943,0.025586083975381826,0.025541576220746987,-381202833.0,-1.6368050458924437,0,0,-1,0,0,0.00476190476190466,0.5589260777699535,0.10521727288701689,0.4061664913372511,-0.05795454545454559,-0.08700440528634368,0.6681159577812612,0.038600723763570606,0.0
2009-11-03,8.28,8.29,-0.030068410742887693,-0.007685524084830469,-0.008604847193518414,-0.45356451711506474,-0.0012070007500352277,8.602,9.044,9.172333333333334,1,3,11,8.60342771366554,8.940034833223905,8.095238095238088,-0.2494997484646415,-0.1409326910286388,10.082732020555467,8.005267979444534,0.014619019252348936,0.025414831304224457,0.025192445372248476,-388363333.0,-1.4710242581940416,0,0,-1,0,0,-0.01206272617611576,-1.032264873451782,0.11553975279958789,0.40344793946182356,-0.042774566473988584,-0.0960698689956333,-0.3883233068052437,0.03925120772946873,0.0
2009-11-04,8.2,8.28,0.014545711002378935,0.004145697379706566,0.006153865574378286,0.14962560879399914,-0.009708814126960938,8.536999999999999,8.994,9.123,2,4,11,8.530077220271805,8.892290650435266,10.559006211180105,-0.2685035333527601,-0.16644685949346308,10.095489900090302,7.892510099909698,0.00881834704573808,0.025343995125651792,0.024822323265440753,-396679533.0,-1.4416836685200785,0,0,-1,0,0,0.003623188405797239,-0.6273373896884102,0.07974398881269996,0.40232344998784697,-0.034157832744405314,-0.10869565217391308,0.07263059099511548,0.03780487804878055,0.0
2009-11-05,8.36,8.2,-0.006035021334470249,-0.0011827322490496007,0.010982416668608927,0.011430062268465232,0.019324272826402842,8.478,8.925999999999998,9.085333333333333,3,5,11,8.499154089313294,8.85794931814912,21.290322580645153,-0.26756913651749237,-0.18667131489826894,10.00649501326252,7.845504986737477,0.010905751653856205,0.021666642706777445,0.02506612985402679,-388267733.0,-1.0476679541370197,0,0,-1,0,0,0.0073170731707317685,-0.5285242378089401,0.20743146595431966,0.34394729008694686,-0.012987012987013102,-0.13991769547325117,1.6822515934831235,0.025119617224880274,0.0
2009-11-06,8.65,8.36,0.013229296968497282,0.026855087303176328,0.006652579721027396,0.5049977901753059,0.03410089384717779,8.459,8.878,9.052,4,6,11,8.526580618529058,8.844533233107242,34.83146067415734,-0.24065393516202782,-0.1974678389510207,9.914971298390267,7.841028701609734,0.016784715704791453,0.023574100679335155,0.02577687529930071,-374329533.0,-0.439742161338378,0,0,-1,0,0,0.0011961722488038023,1.4888561946427408,0.3241159087197224,0.3742272466771179,0.029761904761904656,-0.09989594172736727,0.7178220248344912,0.044508670520231185,0.0
2009-11-09,9.06,8.65,0.047822523145641324,0.04505266394094314,0.047670102018130225,-0.35367026067992247,0.04630979911110004,8.485000000000001,8.854,9.027999999999999,0,9,11,8.623565960614684,8.858434314842258,45.283018867924554,-0.18411747899849118,-0.19479776696051482,9.84777854146418,7.860221458535818,0.022863056949099406,0.026306000678577957,0.027241490667777885,-364543433.0,0.4145792878491654,0,0,-1,0,0,0.015028901734103931,-0.1632851262548822,0.37891990079733917,0.41759481470528187,0.09288299155609181,-0.05031446540880491,0.024785388944018445,0.041942604856512224,0.0
2009-11-10,8.95,9.06,0.025858663973221285,-0.004415018209116943,0.0057306747089850745,-0.4010553117397203,-0.012215587768124134,8.514999999999999,8.822500000000002,9.004333333333333,1,10,11,8.682917604139286,8.864341778400822,52.74725274725273,-0.14649925859687762,-0.1851380652877874,9.7575907639599,7.887409236040103,0.022430291245694522,0.026348996621311457,0.027239858558449553,-371096333.0,0.27270080063685775,0,0,-1,0,0,-0.005518763796909571,-1.6117324780553075,0.4198465731550952,0.4182773541364275,0.08091787439613518,-0.06576200417536537,-0.029671485746799543,0.03240223463687142,0.0
2009-11-11,9.43,8.95,-0.003335189306138239,0.04963262420241005,0.025946181944585135,0.8655988383914158,0.05224256435860207,8.609,8.792,8.998666666666667,2,11,11,8.818750767023051,8.900835857213671,60.909090909090914,-0.07706618838368406,-0.16352368990696672,9.58956471441835,7.99443528558165,0.025856878933221795,0.026945055737559263,0.029064622142169014,-355523833.0,1.599870175965049,0,0,-1,0,0,0.0033519553072626973,2.0096178885547995,0.4169496320232066,0.42773949926613536,0.15000000000000013,-0.06075697211155373,-1.0571203663638375,0.055143160127253406,0.0
2009-11-12,9.05,9.43,0.04677307128318007,-0.00951884500920687,0.006659292089976776,-0.26572131383126,-0.041131338933531277,8.667,8.770999999999999,9.000666666666666,3,12,11,8.860796082109768,8.91045935029666,54.251012145749,-0.05210220245159647,-0.14123939241589267,9.51362408142802,8.028375918571978,0.030395388264810783,0.025416080083003518,0.027589861392417085,-367462533.0,0.7513895845216924,0,0,-1,0,0,-0.0021208907741250872,0.7020587364751005,0.6501963774911839,0.40346776321037514,0.08253588516746424,-0.04435058078141496,-0.7467632374391492,0.04088397790055259,0.0
2009-11-13,9.16,9.05,-0.03680068947024296,-0.0010632643213300003,0.0033130897229601943,-0.26433878913762116,0.012081420974204136,8.742999999999999,8.766499999999999,8.999333333333333,4,13,11,8.915196794453447,8.926558747051716,57.08661417322833,-0.023174837946950078,-0.11762648152210416,9.497908878377507,8.035091121622491,0.02993415162606252,0.02508701484204682,0.027345726294769373,-358297033.0,1.0760055329733123,0,0,-1,0,0,0.0022099447513811684,-0.4314712746863195,0.6301961809087046,0.3982440144542533,0.05895953757225425,-0.009729729729729741,-0.2891202348201551,0.03602620087336245,0.0
2009-11-16,9.33,9.16,0.01748678438771559,0.015831465216680662,0.016402773441457217,0.0245608798320364,0.018388836173213574,8.847,8.7735,9.007666666666667,0,16,11,8.990615559098275,8.952587214983865,63.28124999999998,0.01331440590081634,-0.09143830403752007,9.52439490469423,8.02260509530577,0.028985098973805024,0.025379666955956566,0.027425988138169093,-348903633.0,1.4822313922255483,0,0,-1,0,0,0.0076419213973799435,-0.32751370483906134,0.5576524498938222,0.40288972273862855,0.0298013245033113,0.015233949945593128,-0.0055158448251619325,0.035369774919614155,0.0
2009-11-17,9.16,9.33,0.00970358018273898,-0.02223490225188773,-0.0065288588824636675,-0.29860732143189145,-0.018388836173213522,8.935,8.7685,9.007666666666665,1,17,11,9.021412730171315,8.965968684984906,63.03501945525291,0.02818986013025082,-0.0675126712039659,9.506984222830415,8.030015777169584,0.030331765636125402,0.02568412522848164,0.02761302432694766,-355872133.0,1.0602799298798398,0,0,-1,0,0,-0.001071811361200406,-1.3530973132015556,0.5718633919480066,0.40772284798081454,0.02346368715083802,-0.010799136069114423,0.08764933269177312,0.01965065502183403,0.0
2009-11-18,9.07,9.16,-0.015135424065100803,-0.008602203582663191,-0.015401844611506703,-0.18390421055336476,-0.00987391455899366,9.022,8.7795,9.003333333333332,2,18,11,9.030246779231076,8.972680382727816,61.363636363636346,0.03234367914043368,-0.04754140113508599,9.529558945052754,8.029441054947247,0.030343919603776907,0.02364936784905396,0.02766364937287459,-361670033.0,0.774605787761302,0,0,-1,0,0,0.0021834061135370714,-1.6186740082538902,0.37744572134890914,0.3754220759548998,-0.038176033934252285,0.02485875706214702,-0.3427778470397751,0.026460859977949305,0.0
2009-11-19,8.91,9.07,-0.01758287055786682,-0.024044874254002917,-0.023556894126444065,-0.28433588888259,-0.017798022644327328,9.077000000000002,8.7775,8.976333333333335,3,19,11,9.008383728461789,8.968636487067958,59.34065934065933,0.02246597404424655,-0.03353992609921948,9.52585609311763,8.02914390688237,0.0313808917791596,0.023901652486022617,0.025670570961780294,-366033033.0,0.3541094973864893,0,0,-1,0,0,-0.005512679162072846,-1.8692355994377496,0.27346772693484106,0.37942697040902745,-0.015469613259668558,-0.004469273743016644,0.529709798777306,0.025813692480358995,0.0
2009-11-20,9.0,8.91,-0.016769537753044253,0.006615239118719183,0.0033994367014637886,0.24062001543652609,0.010050335853501506,9.112,8.7855,8.956,4,20,11,9.006859414196008,8.970659939515187,63.099630996309976,0.021650495988325247,-0.022501841681710537,9.540064356713243,8.030935643286758,0.02988310750620412,0.023817760392525165,0.02571696090950675,-360483133.0,0.5685399743351935,0,0,-1,0,0,-0.00448933782267126,-1.2901856589218057,0.2666028216980968,0.3780952247108744,-0.017467248908296984,0.018099547511312153,0.5857293548651176,0.028888888888888867,0.0
2009-11-23,9.14,9.0,0.025599617201316385,0.013100624045698275,0.028987536873252187,0.08893598488056717,0.015435808129839248,9.12,8.8025,8.942666666666666,0,23,11,9.031066793433096,8.981585104707756,65.14084507042256,0.031932950548634764,-0.011614883235641475,9.573579216355718,8.031420783644283,0.026266504715288717,0.023987980093465505,0.025888497391817016,-354417033.0,0.8753964387604593,0,0,-1,0,0,0.011111111111111072,-1.0169336094184425,0.2514354546390871,0.380797378692466,-0.020364415862808127,0.03863636363636358,0.49166711296579974,0.013129102844639058,0.0
2009-11-24,8.94,9.14,0.0,-0.007621158281072489,-0.03125254350410431,0.0445413512549112,-0.022124796280635982,9.119000000000002,8.817,8.921333333333333,1,24,11,9.014509194627077,8.978902194726611,62.49999999999999,0.02367068046855003,-0.004557770494803173,9.586910452756788,8.047089547243212,0.0269864506597798,0.02421515876292971,0.026141021861651535,-360759433.0,0.31951767782753954,0,0,-1,0,0,-0.00437636761487975,-0.8604668139615484,0.2654288329481942,0.38440372826795094,-0.02401746724890841,0.03352601156069346,0.3839320452902015,0.03691275167785236,0.0
2009-11-25,9.1,8.94,-0.008830079448272037,0.0032733253449691085,0.010152371464017908,-0.13593083811492926,0.01773882433738163,9.086,8.8475,8.889999999999999,2,25,11,9.030052977422153,8.986714956357154,62.49999999999999,0.029691173363429968,0.0022920182768434555,9.611171877734868,8.083828122265132,0.020779211122525367,0.023965843088648842,0.024693198149099874,-355223133.0,0.6612787700103379,0,0,-1,0,0,0.008948545861297548,-1.0181463503917159,0.30235271312717993,0.3804459646353656,0.00330760749724357,0.07184923439340385,-0.5398487786948892,0.029670329670329624,0.0
2009-11-27,8.99,9.1,-0.02128931945866358,-0.012054940505353743,-0.016978336534417906,-0.40727300186256804,-0.012161565039275408,9.08,8.8735,8.874,4,27,11,9.022770617890853,8.986926894656694,56.11510791366906,0.02529479402621604,0.0068925734267179725,9.61822955175966,8.12877044824034,0.016727340583387953,0.02419395948020885,0.022594848926877638,-358907333.0,0.31286525349969546,0,0,-1,0,0,-0.029670329670329624,-1.4558475550200882,0.28295768200966565,0.3840672000876369,0.008978675645342271,0.06139315230224307,-0.6665495609965373,0.03448275862068971,0.0
2009-11-30,9.2,8.99,0.030119398906935702,0.020731784531042727,0.01585537178979422,1.1092229691006932,0.02309063557146553,9.084,8.9135,8.872333333333334,0,30,11,9.054994141910697,9.000673546614328,52.71317829457362,0.03831421427168813,0.013176901595712005,9.63677544436544,8.190224555634561,0.017999004111718925,0.024433417862697055,0.02264986454514544,-347736833.0,0.7922293013869895,0,0,-1,0,0,0.012235817575083362,0.886789105908199,0.3203069863036704,0.38786848406411834,0.022222222222222143,0.09523809523809512,-0.6490763165348935,0.039130434782608636,0.0
2009-12-01,9.35,9.2,0.017429635135283596,0.013941244562083661,0.02222313678471004,0.00408278696562336,0.016172859245600968,9.085999999999999,8.9665,8.877666666666668,1,1,12,9.108631570654206,9.02321073715534,57.633587786259554,0.06004379749225386,0.02255028077502038,9.6517513945153,8.2812486054847,0.017761345000852028,0.024180666730664963,0.02280420148494725,-336520633.0,1.1192972478991048,0,0,-1,0,0,0.006521739130434837,0.9027306472326437,0.3219649592591547,0.38385618423043655,0.022975929978118037,0.1278648974668275,-0.6615337050345576,0.03101604278074876,0.0
2009-12-02,9.41,9.35,0.011809047592242819,0.011646505386323504,0.01634913800152941,-0.02276934601265216,0.006396610296692794,9.111,9.023,8.882666666666667,2,2,12,9.163425830535258,9.048164883145319,49.54545454545455,0.08117046471643263,0.034274317563302834,9.6541259779164,8.391874022083599,0.016566771972415673,0.024115947906570966,0.02279292891666206,-325556933.0,1.2263795614233532,0,0,-1,0,0,0.0021390374331550347,0.754265526004895,0.22175755920330947,0.38282880474825304,0.05257270693512317,0.13647342995169098,-1.3114597734804168,0.026567481402763018,0.0
2009-12-03,9.51,9.41,0.01272551637150586,0.006818804285720914,0.005390848634876593,-0.2428159846908088,0.010570922960010573,9.155,9.0885,8.904666666666666,3,3,12,9.226439315892483,9.077960697135943,61.97916666666664,0.10477488530840695,0.04837443111232366,9.6247746743197,8.5522253256803,0.01608775097137247,0.023816722385559867,0.02119840711683731,-316956833.0,1.5719556420772642,0,0,-1,0,0,0.008501594048884174,0.015293870408904935,0.21202011302867504,0.37807874686113846,0.04505494505494512,0.15975609756097575,-1.0279033143709213,0.027865404837013545,0.0
2009-12-04,10.23,9.51,0.012565610360364474,0.07111642104825071,0.032789822822990755,1.3452760075512162,0.07298070340623615,9.286999999999999,9.182,8.947333333333335,4,4,12,9.408904894821122,9.152285813449753,71.14624505928853,0.17951025887410488,0.07460159666467991,9.824940612793924,8.539059387206077,0.02575606636832606,0.028195515608423483,0.02502471506729701,-283938933.0,3.2600211563736026,0,0,-1,0,0,0.010515247108307008,3.6619907581348268,0.44834533798879056,0.4475899343227714,0.13793103448275867,0.22368421052631593,1.9629445829370442,0.06451612903225808,0.0
2009-12-07,10.1,10.23,0.03978087001184467,-0.01372570567987468,0.03174869831458027,-1.1296981255349858,-0.012789156116321447,9.397,9.2545,8.989333333333331,0,7,12,9.53455855030819,9.21342866419493,65.46184738955822,0.2256475429056426,0.10481078591287246,9.967993259659684,8.541006740340316,0.02713255748556371,0.02804825666486902,0.02503463302135974,-294608033.0,2.370029397063342,0,0,-1,0,0,-0.022482893450635425,0.16756362726521692,0.5298803243284198,0.44525227106492016,0.09782608695652173,0.16763005780346818,1.616562907727335,0.020792079207920876,0.0
2009-12-08,10.1,10.1,0.013902905168991434,0.017612979768276575,0.004024150299725548,-0.08068261018642073,0.0,9.492999999999999,9.3065,9.032666666666668,1,8,12,9.637366086615792,9.270626814892033,70.25862068965515,0.25922350568926333,0.13569332986815064,10.106638803748446,8.506361196251554,0.027345992919316258,0.026517713264499858,0.024990426010463095,-294608033.0,1.98340586978823,0,0,-1,0,0,0.003960396039604052,0.035310639684902556,0.5479632917833872,0.4209556478159123,0.0802139037433156,0.11479028697571736,1.8636112824438662,0.03465346534653462,0.0
2009-12-09,10.23,10.1,-0.005934735519814578,-0.006812678417506819,-0.0020100509280243342,-0.04087660834023231,0.012789156116321358,9.622,9.3705,9.085333333333333,2,9,12,9.745117707231103,9.332521859092548,74.57627118644065,0.29294571578253503,0.16714380705102752,10.251276571226702,8.489723428773297,0.02489079322861161,0.026216348472391095,0.02467949704698536,-285160133.0,1.9516867911300844,0,0,-1,0,0,-0.001980198019801938,-0.050919926962686705,0.5427362975234509,0.4161716300529295,0.08714133900106269,0.14301675977653638,1.7379648840038928,0.029325513196481006,0.0
2009-12-10,10.22,10.23,0.01672444294119457,0.015504186535965254,0.025820699621742788,-0.07924478874472635,-0.000977995187976737,9.734,9.41,9.142999999999999,3,10,12,9.831459942279992,9.389778513344643,79.63800904977373,0.3152301172427059,0.1967610690893632,10.369363824296716,8.450636175703284,0.025261743739216285,0.023843319373358648,0.02428651630629208,-293888233.0,1.6886190191584287,0,0,-1,0,0,0.0019550342130986876,-0.11423556031683484,0.5577696160015294,0.37850096095317237,0.07465825446898022,0.08377518557794295,1.8762659311628456,0.019569471624266248,0.0
2009-12-11,10.9,10.22,0.0009751341582062914,0.053358468139811925,0.00488998529419177,0.5045272591336285,0.06441620445953954,9.925,9.502500000000001,9.224,4,11,12,10.025739952774538,9.487212157644988,83.9285714285714,0.38334205437255164,0.23407726614600088,10.653350943753193,8.35164905624681,0.028919067782029392,0.025252668952395745,0.026571682873343203,-279432733.0,2.4286377094889944,0,0,-1,0,0,0.0039138943248531455,0.7960098776099178,0.4951278662094401,0.4008736919320868,0.06549364613880737,0.20441988950276246,1.7829428150067865,0.06605504587155969,0.0
2009-12-14,10.91,10.9,0.07055111099196519,0.0072571038619176215,0.036402486769439406,-0.2602634669123979,0.0009170106098814064,10.096,9.59,9.307666666666666,0,14,12,10.18651450681553,9.579004921667892,83.14606741573031,0.43313525805693054,0.27388886452818684,10.887917360113867,8.292082639886132,0.029478728406186778,0.02531864168984496,0.026421075106960176,-268289733.0,2.034027805721307,0,0,-1,0,0,0.010091743119266002,0.24220382366985085,0.4583949004095029,0.4019209766716914,0.08019801980198027,0.19104803493449785,2.040592098458501,0.03848762603116392,0.0
2009-12-15,10.75,10.91,-0.018332319083471618,-0.00816909662918707,0.004692641178192225,-0.2680783060178873,-0.014774045271307656,10.236,9.661,9.389666666666667,1,15,12,10.288966414667252,9.654552991237706,84.4106463878327,0.45444748022495496,0.31000058766754046,11.051113967308428,8.270886032691571,0.03120284022414402,0.025749965224673085,0.0264680393426143,-276812433.0,1.5667780133287172,0,0,-1,0,0,-0.009165902841429848,-0.17505674949092637,0.5002899510368348,0.4087680255182786,0.06435643564356441,0.15219721329046076,1.7109210478712542,0.026046511627907082,0.0
2009-12-16,11.2,10.75,-0.004636076917478657,0.02611584713055951,0.007462721201589594,0.1518398903368382,0.04100802372737704,10.415,9.763,9.486999999999998,2,16,12,10.454608884727751,9.754259249867532,85.95890410958904,0.5018636374195644,0.3483731976179453,11.290875718285683,8.235124281714317,0.03218371094039859,0.026104071101464548,0.027055058896202713,-266892233.0,1.8810430492505639,0,0,-1,0,0,0.0009302325581395151,0.02738802847354082,0.5407467073782084,0.41438928204493874,0.09481915933528828,0.222707423580786,0.7487083780857134,0.043750000000000025,0.0
2009-12-17,11.29,11.2,0.029306126585499487,0.012367648808661669,0.02659487323012363,0.4448918029230865,0.008003599860521873,10.593,9.873999999999999,9.59,3,17,12,10.606498178413613,9.853339298263176,89.65517241379308,0.5404732917752284,0.3867932164494019,11.508720642479322,8.239279357520676,0.03226016531534742,0.025677085728426644,0.026792709769113795,-251413533.0,1.7324060921533404,0,0,-1,0,0,-0.010714285714285645,0.8455621027412897,0.5235603430389161,0.4076110993818161,0.10469667318982379,0.24476295479603083,0.6259941170779976,0.030115146147032763,0.0
2009-12-18,11.24,11.29,0.018775696842432726,-0.005281702419175893,-0.005444659548231921,-0.3274157078223453,-0.004438533696025574,10.693999999999999,9.9905,9.686,4,18,12,10.721680327792956,9.94280127902039,87.22627737226279,0.5605751771903478,0.4215496085975911,11.667508301143995,8.313491698856007,0.02551272198491801,0.025055458297241866,0.026888538584655924,-262570333.0,1.490153625533799,0,0,-1,0,0,0.0,0.09613638422334188,0.3415027484390184,0.39774306983551105,0.031192660550458662,0.26150392817059487,1.428089692971706,0.030249110320284683,0.0
2009-12-21,11.31,11.24,-0.0053286094112187645,0.005281702419175763,0.018034753908303804,-0.2571987245251505,0.0062084456624841335,10.815000000000001,10.106,9.774666666666667,0,21,12,10.828647540921509,10.03100764811585,86.8421052631579,0.5755202420917627,0.45234373529642546,11.813684181328167,8.398315818671833,0.02433678791618333,0.02508563296798373,0.02649606381993008,-253943733.0,1.4100968002919347,0,0,-1,0,0,-0.0008896797153024721,-0.3534327709511297,0.33825217391707013,0.39822207788356845,0.036663611365719495,0.2566666666666668,1.2270632090357303,0.017683465959328123,0.0
2009-12-22,11.45,11.31,0.008865306289563071,0.03366740076434987,0.012433552716081164,0.05559742106175783,0.012302439872219571,10.95,10.221499999999999,9.854333333333333,1,22,12,10.941620715299416,10.122555541785795,87.22627737226279,0.5918387944550751,0.4802427471281554,11.966161330429276,8.476838669570721,0.023991440119294223,0.025070510741860258,0.025513316944614953,-244823933.0,1.4082962447476564,0,0,-1,0,0,0.001768346595932765,-0.3006177214769168,0.27580193904835065,0.39798201998601407,0.06511627906976747,0.2527352297592995,1.5081681071548396,0.03930131004366806,0.0
2009-12-23,11.61,11.45,0.01402301682074942,-0.010238997301094312,-0.0008830022648780608,-0.3906355903511263,0.013877065709551464,11.088,10.355,9.943000000000001,2,23,12,11.063144221608614,10.21851970038026,87.50000000000001,0.6106429161704323,0.5063227809366108,12.09538713176739,8.61461286823261,0.023993951420536282,0.023798486782993733,0.02524145452764992,-238653233.0,1.4422078594956365,0,0,-1,0,0,0.0034934497816594694,-0.8012481793436333,0.11490220232899062,0.377789265644754,0.03660714285714284,0.29865771812080544,-1.2599326100439174,0.0292850990525409,0.0
2009-12-24,11.55,11.61,0.011250659563100876,0.004278996687279784,0.008795131452827345,-0.9762643024426196,-0.005181358741997518,11.221,10.4775,10.013666666666667,3,24,12,11.15166345404341,10.304421655194437,80.84112149532714,0.6136302717460485,0.5277842790984983,12.190630406441409,8.76436959355859,0.024299556939558938,0.024126323097733035,0.023904869796196604,-240977833.0,1.2520938230590928,0,0,-1,0,0,0.0008613264427217732,-1.383349351293382,0.14373925682848732,0.38299350580197056,0.023029229406554608,0.2692307692307694,-0.20548216818663467,0.025108225108225187,0.0
2009-12-28,11.45,11.55,-0.02527367638385012,-0.009438079497307152,-0.012334958157951397,0.7227945211010443,-0.008695706967554045,11.276,10.6005,10.093666666666667,0,28,12,11.205906462399152,10.378329935504473,81.99052132701425,0.6010006469492115,0.5424275526686411,12.214315028858266,8.986684971141734,0.015939436315965238,0.02395573727522094,0.02239404506654562,-245766933.0,1.0527848418923194,0,0,-1,0,0,-0.0190476190476191,-0.9963318248519146,0.1623946935283717,0.38028553982060814,0.01868327402135228,0.2736373748609564,-0.34807234202202925,0.027947598253275134,0.0
2009-12-29,11.43,11.45,0.014892960329289369,-0.007788875378527673,0.004422828970002267,-0.09167103059121122,-0.0017482521935292823,11.328,10.712,10.169333333333334,1,29,12,11.246650741962942,10.44617961708483,81.22065727699535,0.5826611899494214,0.5504742801247972,12.22328526688216,9.20071473311784,0.016038093935153052,0.024010652782732986,0.022451163752593612,-250136533.0,0.9501846087354003,0,0,-1,0,0,0.004366812227074298,-0.982336828255937,0.16458519270438912,0.3811572964765948,0.010610079575596787,0.24239130434782608,0.3745768213106082,0.015748031496062968,0.0
2009-12-30,11.38,11.43,-0.009611257910113599,-0.009602867333341467,-0.006197452328370661,-0.037090066249393636,-0.004384049108534319,11.391,10.813500000000001,10.237666666666666,2,30,12,11.270896061606042,10.506426093401938,78.04878048780495,0.5576640519587084,0.5519122344915794,12.207778156949924,9.419221843050078,0.014944538817314217,0.02422246360079276,0.02245713745259861,-254347033.0,0.8126068635246443,0,0,-1,0,0,-0.0034995625546805904,-0.9287484562660184,0.1401968664013645,0.38451968897407063,-0.006113537117903856,0.2171122994652408,1.8021014716370336,0.012302284710017623,0.0
2009-12-31,11.43,11.38,-0.0008783487609058467,0.011338978880517806,0.0035461030067507116,0.32120711340344543,0.004384049108534228,11.414,10.9145,10.313333333333334,3,31,12,11.299824050404942,10.566011506730847,78.94736842105269,0.5357128577841195,0.5486723591500875,12.166050196650984,9.662949803349017,0.007972518447573485,0.02424305492998302,0.021959577809489098,-248541633.0,0.8237783852048817,0,0,-1,0,0,0.0,-0.6288077340007708,0.0772723620722009,0.3848465661912808,-0.015503875968992276,0.2146652497343251,0.8804528267000643,0.020122484689413706,0.0
2010-01-04,11.18,11.43,0.001755926702264791,-0.006089622994373988,-0.01875892435601934,0.5055753612824927,-0.022115010079766212,11.403,10.998,10.383666666666668,0,4,1,11.278037859422225,10.605623667586922,58.43373493975904,0.4924666189546354,0.5374312111109971,12.064101604716544,9.931898395283454,0.010645006473458634,0.02526912288814658,0.02239566584761539,-258166633.0,0.3414308714944495,0,0,-1,0,0,-0.0026246719160104427,-0.038595107207399906,0.15609079882276558,0.4011348900645964,-0.03203463203463208,0.17560462670872767,-1.0032590704167967,0.0330948121645797,0.0
2010-01-05,11.77,11.18,-0.01324522675002068,0.028389003262685893,0.009869976938773221,0.3275344541923152,0.051427453545232205,11.456,11.075,10.479000000000001,1,5,1,11.367485521345458,10.680744721290992,69.1964285714286,0.5000376099690875,0.5299524908826152,12.129943251155298,10.0200567488447,0.0199000355290409,0.02241331685891343,0.023367732503622916,-244811533.0,1.317606419565955,0,0,-1,0,0,0.006261180679785356,1.2840041097052854,0.44439006785363205,0.3558003747886578,0.027947598253275086,0.15053763440860202,1.5316336900427099,0.050127442650807125,0.0
2010-01-06,11.42,11.77,0.04433581382005162,0.0,0.015943650397136164,-0.23824947332372182,-0.030187717044321143,11.467,11.141,10.559666666666667,2,6,1,11.377033608373555,10.72843861023996,63.78600823045271,0.472350635863954,0.518432119878883,12.099900686367459,10.182099313632541,0.02266905360103168,0.023508796518188147,0.024444180904869387,-255335433.0,0.581916363115596,0,0,-1,0,0,-0.0008496176720475605,0.47280972543120897,0.5135220540822943,0.37319057525728183,-0.0008748906386701893,0.1306930693069308,1.3200044209947568,0.03590192644483348,0.0
2010-01-07,11.59,11.42,-0.03196816501139004,-0.00424990014932904,-0.009713100646500028,-0.04556889256643474,0.014776453123796282,11.481,11.2155,10.641333333333334,3,7,1,11.415754770487453,10.784023216030931,59.0697674418605,0.4588369024668957,0.5065130763964856,12.05836416461976,10.37263583538024,0.022819868669701794,0.023530580226338967,0.024437587978159578,-245280333.0,0.8886366646491541,0,0,-1,0,0,-0.002626970227670697,0.3345189242277806,0.5207797137250407,0.37353638090368113,0.018453427065026284,0.14752475247524766,0.7133630593888491,0.04055220017256261,0.0
2010-01-08,11.33,11.59,0.013083483620862679,-0.008554372096658632,-0.0035555593013330954,-0.24191365399620018,-0.022688582311745323,11.453,11.2705,10.721,4,8,1,11.400162994035188,10.819247524674097,50.86206896551727,0.4222795682957905,0.4896663747763466,11.974756980609342,10.566243019390658,0.02349353155840265,0.02438828710294315,0.024461207055624858,-253174833.0,0.16897241103245825,0,0,-1,0,0,-0.004314063848145014,-0.2639277064954565,0.5535815826459167,0.38715205546338893,-0.008748906386701671,0.10752688172043001,1.187494914910717,0.036187113857016784,0.0
2010-01-11,11.46,11.33,-0.01660151715254179,-0.0060319010977065365,0.0,-0.27654245738217287,0.011408636246678533,11.443999999999999,11.3325,10.799666666666667,0,11,1,11.411042449665153,10.860586394049964,54.58333333333336,0.3991958498620658,0.47157226979349043,11.837501302760296,10.827498697239703,0.023846211097675676,0.024375946226058254,0.024401535032535625,-247187633.0,0.5049491924202824,0,0,-1,0,0,0.0017652250661959023,-0.7597571501050311,0.5253195986760189,0.38695615011620155,0.025044722719141488,0.1213307240704502,0.48919948007067665,0.02966841186736473,0.0
2010-01-12,11.33,11.46,0.001760563835032959,0.000863930939263878,0.0026678539611924477,0.028907362627849462,-0.011408636246678674,11.431999999999999,11.354,10.877666666666666,1,12,1,11.396307458816944,10.890871142820934,50.40650406504064,0.36619070465202874,0.4504959567651981,11.816278111780878,10.89172188821912,0.023962775417075158,0.020033347055666038,0.024380785304732828,-253350433.0,-0.10383359881583655,0,0,-1,0,0,-0.007853403141361398,-0.635113478848642,0.3168314838189774,0.31801952542524226,-0.03738317757009346,0.03944954128440359,0.1748350566744801,0.028243601059135065,0.0
2010-01-13,11.53,11.33,-0.004407234987407746,0.005597431191455006,0.0,-0.060880220130877474,0.01749825924105272,11.442,11.385,10.955333333333332,2,13,1,11.420615193577499,10.93210526263894,51.58730158730159,0.3521132751609528,0.43081942044434907,11.802939809315445,10.967060190684554,0.024652727162946975,0.020327594712455772,0.024279032668356244,-247551633.0,0.6938798208167756,0,0,-1,0,0,-0.0008826125330979512,-0.6703324828650284,0.28350845941904035,0.322690562167617,0.009632224168126147,0.056828597616865206,-0.7546785150424212,0.03339115351257587,0.0
2010-01-14,11.46,11.53,0.0157759625941674,-0.004734245984643906,0.00928183459296235,-0.19557726852685867,-0.006089622994373988,11.45,11.4205,11.025666666666666,3,14,1,11.427776067472498,10.966162987629977,46.9135802469136,0.3314872175806389,0.41095297987160706,11.71318089323229,11.127819106767712,0.02470070194475058,0.020023931378440718,0.024353324304622653,-252320333.0,0.269918542093903,0,0,-1,0,0,-0.002601908065914949,-0.9067523784717018,0.26193515197407,0.3178700561830616,-0.011216566005176842,0.06604651162790698,0.10141348676726955,0.01963350785340311,0.0
2010-01-15,11.28,11.46,-0.0008699435085399963,-0.004323396271706919,-0.014624679003457776,0.2779519555697963,-0.015831465216680853,11.435,11.4245,11.088,4,15,1,11.400907691568406,10.986410536815141,44.705882352941146,0.2971905944897326,0.3882005027952322,11.706483575483034,11.142516424516966,0.025204059666024896,0.018263190679923266,0.024706660442154867,-258617033.0,-1.0248823872275112,0,0,-1,0,0,0.002617801047120363,-0.3993579808382388,0.23172229318763024,0.28991916411377755,-0.0044130626654899086,0.0071428571428571175,0.4686564079632565,0.030141843971631194,0.0
2010-01-19,11.3,11.28,-0.020220469149120016,-0.003907102864808599,0.0008924587830197916,0.06255933767939667,0.0017714796483822427,11.447,11.425,11.147666666666668,1,19,1,11.382560838555968,11.006642115085132,46.96356275303646,0.26852867503686007,0.36426613724355783,11.706013204409905,11.143986795590097,0.02411804319164466,0.01818091949140673,0.024706659963560047,-251913833.0,-0.8896379105208672,0,0,-1,0,0,-0.0017730496453900331,-0.17469782891511798,0.2084147222002345,0.2886131494844948,-0.013961605584642212,0.0008857395925598865,1.0525041665003751,0.02522123893805295,0.0
2010-01-20,11.33,11.3,-0.001777778245999272,-0.010054729516959899,-0.02712643723908914,0.6516999782061236,0.00265134932162,11.403,11.4295,11.184333333333333,2,20,1,11.373004322454882,11.027503914111898,47.98387096774194,0.24540576178988616,0.3404940621528235,11.700752455725164,11.158247544274838,0.016121065441672588,0.01815498912590989,0.02091332430138861,-239051733.0,-0.7336339111400776,0,0,-1,0,0,-0.00530973451327438,1.9134285196319387,0.19528515360702353,0.2882015176934369,0.0,0.008007117437722311,0.2945994237940792,0.041482789055604645,0.0
2010-01-21,11.68,11.33,0.023737378268246158,0.032846513772295874,0.01906548897745679,0.6124213547562422,0.030423902360166018,11.428999999999998,11.448,11.236999999999998,3,21,1,11.428821718372175,11.0696004357821,55.395683453237396,0.25241310027969455,0.3228778697781977,11.734951307074322,11.161048692925679,0.01662755503924189,0.01935843751842366,0.021251904872225644,-215322533.0,1.6169990815892035,0,0,-1,0,0,0.015887025595763434,3.3406952761951265,0.27625306295241797,0.30730566866718817,0.013009540329575131,0.03271441202475689,1.2225557147473918,0.05479452054794526,0.0
2010-01-22,11.68,11.68,0.02318695548964942,0.017699577099401075,0.03620704545853144,-0.5059015141742473,0.0,11.437999999999999,11.4595,11.289666666666667,4,22,1,11.47449049684996,11.108981052828417,54.57875457875457,0.25502667772578924,0.30930763136771605,11.764647074117029,11.154352925882971,0.016039229265451815,0.019199213513073052,0.021251904872225644,-215322533.0,1.4452047468456748,0,0,-1,0,0,0.008561643835616408,1.2281425526509262,0.26731539473278537,0.30477806594173223,0.019197207678882888,0.02008733624454151,1.045331191014122,0.03767123287671244,0.0
2010-01-25,11.32,11.68,-0.012815211692867432,-0.002509411605425807,-0.03351283637483983,0.06239009532360519,-0.03130690462504402,11.437000000000001,11.445,11.325999999999999,0,25,1,11.446401315604513,11.122595178452391,52.464788732394375,0.2254501167194416,0.2925361284380612,11.747585351160504,11.142414648839496,0.017543394958085642,0.020212847346295377,0.02217597511147786,-230551433.0,-0.826213162802417,0,0,-1,0,0,-0.004280821917808128,1.2697218347643249,0.3469241254923344,0.32086900420085657,0.0035460992907803135,-0.0249784668389319,-0.19704169610370362,0.06978798586572431,0.0
2010-01-26,11.61,11.32,-0.039461498803620036,0.0008371704130635565,-0.004494389587839326,-0.21415680906573484,0.025295722934763214,11.452000000000002,11.448,11.372333333333334,1,26,1,11.476146530949146,11.154040650810302,46.8503937007874,0.22284226844701216,0.2785973564398514,11.756107978338555,11.139892021661446,0.019070510492834526,0.02103983367038545,0.02251510483830014,-218258333.0,1.051579390274601,0,0,-1,0,0,-0.012367491166077788,0.618994089358865,0.38940774457758026,0.33399700510801933,0.02743362831858387,0.0051948051948049745,-0.7003855738119757,0.07321274763135226,0.0
2010-01-27,11.39,11.61,0.03687863038536578,-0.029726180265200734,-0.010869672236903768,0.15916876481471398,-0.019131018250709304,11.458000000000002,11.445,11.388666666666666,2,27,1,11.46048352532203,11.169263834628993,49.37759336099587,0.20070971189799103,0.26301982753147934,11.754192496674941,11.13580750332506,0.019776649876464044,0.021397560628319476,0.019616021836628098,-232672433.0,-0.35576542504407616,0,0,-1,0,0,-0.0008613264427217732,0.9488430776163622,0.42821188156471146,0.33967574451576193,0.005295675198587757,-0.00524017467248894,-0.03338074121533848,0.054433713784021,0.0
2010-01-28,11.45,11.39,-0.012142386825725313,0.011996716287631506,0.03402297721162068,-0.1613919923407623,0.005253952541157729,11.45,11.446,11.406666666666666,3,28,1,11.458577429808933,11.18737584529809,46.956521739130416,0.18586842443767004,0.24758954691271748,11.755117589616976,11.136882410383024,0.01896866613016951,0.021425702302841066,0.019626488090319468,-220406633.0,0.02588011898614965,0,0,-1,0,0,0.006145741878841113,0.44714664995921155,0.34795462625540274,0.34012247974932824,-0.019691780821917804,0.0017497812773403787,0.1155320632080102,0.03318777292576426,0.0
2010-01-29,11.33,11.45,0.002614380574070672,0.0008514261902175236,-0.005295687574710344,-0.11178737345327494,-0.010535654960333643,11.437,11.4435,11.426,4,29,1,11.435199715298218,11.196577403665955,50.0,0.16254982686120556,0.23058160290241508,11.75565886643634,11.13134113356366,0.019161928694166434,0.02153907199057174,0.01952003086452726,-231375133.0,-0.7271938247068616,0,0,-1,0,0,0.0034934497816594694,0.11202453201457542,0.34874150617091376,0.3419221677490187,-0.02996575342465746,-0.004393673110720586,0.5796657815558692,0.03971756398940859,0.0
2010-02-01,11.57,11.33,-0.010498784098219695,-0.00940579828687615,0.000442380011638162,-0.3550807374019089,0.02096146616567023,11.466,11.4505,11.438333333333334,0,1,2,11.459708857971268,11.220669184074604,52.422907488986766,0.1615731498213968,0.21677991228621143,11.767623585406595,11.133376414593405,0.019557578464008234,0.022040705707214406,0.01839426663398635,-223684933.0,0.7536494004177289,0,0,-1,0,0,0.0035304501323918046,-0.6310280206506144,0.30732231790498843,0.34988535612990795,0.022084805653710182,0.012248468941382429,-0.13316972818984615,0.028954191875540262,0.0
2010-02-02,11.55,11.57,0.021749443661320478,0.008554372096658595,0.013617605556660462,0.3865977796753781,-0.0017301042377825693,11.491,11.469,11.447000000000001,1,2,2,11.476125429249219,11.241916333489147,55.092592592592624,0.15737121596033532,0.20489817302103622,11.761927150994147,11.176072849005852,0.019607574588927864,0.021399222844011096,0.018356338704886836,-235004633.0,0.5530385266445957,0,0,-1,0,0,0.004321521175453667,0.15216674751565332,0.24385863747871364,0.3397021313718342,-0.0051679586563306845,0.03309481216457977,0.501252817020702,0.024242424242424187,0.0
2010-02-03,11.47,11.55,-0.009511528689973806,-0.009413847869377285,-0.006126933827502787,-0.3031220293718163,-0.00695050582652319,11.504999999999999,11.453999999999999,11.454666666666666,2,3,2,11.475011714840269,11.256631408747912,48.52941176470591,0.1459039319841704,0.19309932481366307,11.710486380063298,11.1975136199367,0.01982464914187987,0.017778927800959795,0.01838707763281532,-243364333.0,0.12476296009209621,0,0,-1,0,0,-0.003463203463203543,-0.44891611714654156,0.19867805111819842,0.28223172923227247,0.0070237050043897575,-0.02548853016142727,1.1470234946932265,0.02092414995640804,0.0
2010-02-04,11.03,11.47,-0.011358794035606292,-0.008635632249605564,-0.03211694419367974,0.41132927152068666,-0.03911609787586837,11.440000000000001,11.4345,11.445333333333334,3,4,2,11.39410049396022,11.24201002753837,41.07883817427382,0.10015715471527642,0.17451089079398577,11.753542976811461,11.115457023188538,0.020465402450493962,0.018594892387805914,0.019692164780465347,-255977633.0,-2.5357085370917885,0,0,-1,0,0,-0.007846556233652996,0.46946810334841,0.3383667257411016,0.29518476548485484,-0.03668122270742358,-0.034150612959719884,-0.29784303765235776,0.04533091568449683,0.0
2010-02-05,11.29,11.03,-0.030332387849235733,-0.016616035981361615,-0.0009070295406426149,-0.03877334905089471,0.023298544896159568,11.401,11.419500000000001,11.44,4,5,2,11.375173131421997,11.24510615479396,50.2008032128514,0.08391501121725042,0.1563917148786387,11.735959027031253,11.10304097296875,0.022434600427869756,0.019094220195312595,0.02005029981362388,-243844033.0,-0.8184313856669554,0,0,-1,0,0,0.0009066183136899172,0.3396658673962973,0.3989093612675041,0.3031113486930257,-0.003530450132391949,-0.025884383088869756,-0.8076579331346371,0.028343666961913226,0.0
2010-02-08,11.25,11.29,0.024162249279079995,0.004399479159484842,0.007233304593520061,-0.4179379029908423,-0.003549249511141463,11.394,11.4155,11.427999999999999,0,8,2,11.352414380254361,11.245421886742738,49.003984063745,0.0670425054997974,0.13852187300287044,11.738673409536851,11.092326590463149,0.020249820054479756,0.01844138526940169,0.019875323991858627,-251832833.0,-1.0242179283077928,0,0,-1,0,0,0.0017714791851196946,-0.5737294268476669,0.35005561787319367,0.2927479155262005,-0.02765773552290407,-0.007060900264783787,-0.44507571929926104,0.02577777777777786,0.0
2010-02-09,11.65,11.25,0.0035304537993824377,0.03959209012204942,0.022272635609123223,0.5318159739458032,0.03493805136128044,11.398,11.425,11.431333333333333,1,9,2,11.406520856571749,11.271523700501271,55.55555555555557,0.08496812061575554,0.12781112252544746,11.764442267008206,11.085557732991795,0.02185090636415009,0.019966313046512786,0.0209334183125442,-238235733.0,1.3257040850163824,0,0,-1,0,0,0.008888888888888858,0.5887521500072215,0.45807809203522304,0.3169553935196235,0.008658008658008587,0.016579406631762605,-0.3364574123902039,0.04291845493562232,0.0
2010-02-10,11.54,11.65,0.02264905178238849,-0.006773946308954805,0.0013207133770948788,-0.16313646630725137,-0.009486918931756195,11.413,11.435500000000001,11.434333333333333,2,10,2,11.430789791740521,11.288844752081834,47.34848484848484,0.08926917951725244,0.12010273392380846,11.775560366158226,11.095439633841776,0.02110179857937771,0.01990881961754584,0.020945729502470905,-249786133.0,0.6145967622194227,0,0,-1,0,0,-0.0034334763948498646,0.07101706400979386,0.4615222289465884,0.3160427136292221,0.006102877070618851,0.01853486319505726,-0.2559368894730384,0.03509532062391676,0.0
2010-02-11,11.88,11.54,-0.00865057297600882,0.01935272851581499,0.0126777654292847,0.25653867196331986,0.029037052854545557,11.456,11.453,11.449333333333332,3,11,2,11.512464375060425,11.326983800334618,53.355704697986596,0.11874414954529477,0.11983101704810573,11.845514163338258,11.06048583666174,0.022891734923880566,0.02058894917317407,0.02159666476167279,-234857833.0,2.175717667706295,0,0,-1,0,0,-0.002599653379549338,0.7717082309106059,0.32205738861777167,0.3268394356102051,0.0770625566636447,0.0303555941023419,-0.4608369281696318,0.04124579124579126,0.0
2010-02-12,12.04,11.88,0.03248148796889931,0.0033277900926745245,0.025730407475479694,-0.07562353845151441,0.01337812594617605,11.527000000000001,11.482,11.471333333333332,4,12,2,11.608379943231256,11.372984845474322,62.94964028776978,0.1532473978630442,0.12651429321109342,11.95428893921553,11.009711060784468,0.02246549554020675,0.020664360185186206,0.02167450271323506,-221016833.0,2.3629602714255125,0,0,-1,0,0,0.0008417508417508237,0.4356523687632837,0.3132208908103122,0.328036548313604,0.06643046944198416,0.05061082024432784,-0.019607132856849258,0.01910299003322248,0.0
2010-02-16,12.45,12.04,0.01750774190000486,0.03348618303004167,0.01762529889779057,-0.2594590169300575,0.03348618303004167,11.614999999999998,11.5405,11.505333333333333,1,16,2,11.761401771734663,11.442469694153399,64.48275862068965,0.21124000098534879,0.1434594347659445,12.170837420083831,10.910162579916168,0.023743645647804287,0.021319941156311674,0.022445139689014116,-210338933.0,2.8857560126417376,0,0,-1,0,0,0.004983388704318978,-0.4659752439784682,0.30084107455275805,0.3384435735967892,0.10666666666666669,0.10372340425531923,-1.2907393036790293,0.03453815261044175,0.0
2010-02-17,12.29,12.45,0.028515170308021233,8.032096256707913e-06,0.004151106002378609,-0.27927948453391627,-0.012934699332773195,11.689,11.59,11.542333333333334,2,17,2,11.857510540510178,11.497149068724148,65.84507042253519,0.24150497493034173,0.16306854279882396,12.292207046989798,10.887792953010202,0.02447892002142912,0.021689886926302738,0.022157698312216104,-218414933.0,1.9937139708316496,0,0,-1,0,0,0.0,-1.2340837922932526,0.342790140790024,0.3443162806326492,0.05493562231759652,0.08761061946902649,-0.13261241632256687,0.030927583401139186,0.0
2010-02-18,12.44,12.29,-0.012121360532344737,0.0031996691305129447,0.018062888468503156,0.20820337731288138,0.012131163733089883,11.786,11.6455,11.564666666666666,3,18,2,11.963417714962873,11.557978161064527,66.89419795221843,0.27443046762308043,0.18534092776367528,12.431629090778626,10.859370909221374,0.02405706739296908,0.021753754414987392,0.020191020709769882,-208469633.0,2.0212965257730944,0,0,-1,0,0,0.0008136696501221777,-0.6567921814730573,0.2924633381991382,0.3453301455841801,0.07798960138648181,0.09796999117387473,-0.8513794738866501,0.016077170418006517,0.0
2010-02-19,12.43,12.44,0.006483004878078312,0.01588595758880988,0.00406009489929836,0.12150650026729597,-0.0008041817884135768,11.925999999999998,11.683,11.598333333333333,4,19,2,12.048250857696894,11.614237634544237,69.50354609929076,0.29630166027268423,0.20753307426547707,12.544042208146918,10.821957791853082,0.018150172412017086,0.020898991155880477,0.019291625579793793,-219699833.0,1.7351065788229987,0,0,-1,0,0,-0.004823151125401826,-0.1867477872556312,0.2785135097678532,0.33176119950358834,0.04629629629629628,0.06421232876712324,0.28390437779468375,0.028157683024939633,0.0
2010-02-22,12.5,12.43,0.005638355654266358,0.003147130843018863,0.008874604433474856,-0.10052222158979877,0.0056157387856357035,12.047,11.724,11.628666666666668,0,22,2,12.130387065388367,11.6713835936059,67.54716981132074,0.3156445985563039,0.22915537912364245,12.659327693771987,10.788672306228014,0.017780550117928964,0.02088978609825375,0.019168746060850145,-209543633.0,1.6593115015563153,0,0,-1,0,0,0.0016090104585679463,-0.5683815327985343,0.27652242071622946,0.3316150737438823,0.038205980066445155,0.0702054794520548,0.7317798009954163,0.02240000000000009,0.0
2010-02-23,12.4,12.5,0.004807701568103299,-0.009471262592487048,-0.008874604433474842,0.16630549316215038,-0.008032171697264267,12.161999999999999,11.777999999999999,11.664333333333333,1,23,2,12.179407598954118,11.718391103695842,65.56776556776555,0.3192250248633428,0.24716930827158254,12.739459416993913,10.816540583006084,0.018218621452279374,0.019486405877127105,0.01869137342835334,-221537433.0,1.2938663640005492,0,0,-1,0,0,0.0007999999999999829,0.32479942225354724,0.16023931216937054,0.3093371033840747,-0.004016064257028051,0.09540636042402828,0.12060672643177915,0.021774193548387062,0.0
2010-02-24,12.44,12.4,-0.00722024797348702,0.0007927071362389057,0.0,-0.06580108085276806,0.003220614700042157,12.241,11.8195,11.697,2,24,2,12.226788035507914,11.764946516360627,68.02973977695164,0.3215831933390767,0.2620520852850814,12.821234811004835,10.817765188995164,0.01588458988714234,0.018857204359880173,0.018625731677153506,-210307433.0,1.2388508279503216,0,0,-1,0,0,0.0016129032258064171,-0.008974042730111953,0.1192372713046745,0.29934883894899533,0.012205044751830707,0.07149009474590873,-0.21218194538513727,0.022508038585208952,0.0
2010-02-25,12.43,12.44,-0.004033890100936193,-0.009554212804811611,-0.011410066738030899,-0.5503622075194518,-0.0008041817884135768,12.33,11.8715,11.733666666666666,3,25,2,12.263735665415565,11.807853192724458,80.97345132743364,0.31896827469939026,0.27343532316794317,12.887234631734682,10.855765368265317,0.0151263194396244,0.01813658316791726,0.01844621085122619,-216784233.0,1.0996966777556616,0,0,-1,0,0,-0.0056270096463022735,-1.9594865032910205,0.08221853311039667,0.2879093321684945,-0.000803858520900258,0.09130816505706751,-0.7573926519798088,0.02413515687851977,0.0
2010-02-26,12.58,12.43,0.002422286206594717,0.015873349156290163,0.016260520871780326,0.2094008358833271,0.01199534574967474,12.4,11.928,11.768666666666666,4,26,2,12.321238271703644,11.857669115774495,80.00000000000001,0.32525039514180776,0.2837983375627161,12.97037784845385,10.885622151546151,0.0132057832128674,0.01821462562681835,0.018323705329963965,-208798733.0,1.2509859087414517,0,0,-1,0,0,-0.0024135156878519197,-1.156053056251274,0.11853077270974348,0.289148217796232,0.012067578439259874,0.09868995633187772,-0.23630362296915688,0.023847376788553174,0.0
2010-03-01,12.71,12.58,0.01520637544526467,0.014849823486550492,0.01520637544526467,0.3142772403335643,0.010280833929068292,12.466999999999999,11.997,11.810333333333334,0,1,3,12.39192222230298,11.912658205079367,82.58928571428571,0.3368360975380966,0.29440588955779223,13.055282620694038,10.938717379305961,0.013040236654018296,0.01788275236981306,0.01828620734780024,-197864433.0,1.3474661419506333,0,0,-1,0,0,0.000794912559618425,0.12984146500747545,0.130630395292987,0.2838798931672579,0.016800000000000148,0.12180052956751997,-0.4057305414960254,0.023603461841070077,0.0
2010-03-02,12.63,12.71,0.01732326785238706,-0.003108005609867307,0.0023800090568113275,-0.22712290610095012,-0.00631414883896299,12.485000000000001,12.05,11.855333333333334,1,2,3,12.435209090975166,11.958938320880698,75.52083333333331,0.3356928604122462,0.302663283728683,13.124292913109718,10.975707086890283,0.008768170099571348,0.017702619994537965,0.018022040341981325,-206577133.0,1.0797799984011716,0,0,-1,0,0,0.00786782061368998,-0.8832615004231542,0.12152532089184373,0.2810203803589624,0.0185483870967742,0.09161624891961972,-0.20063374540325485,0.01821060965954081,0.0
2010-03-03,12.55,12.63,-0.011778699192612763,-0.008597161197211487,-0.0055621915352740475,0.10754001126990022,-0.006354270784606832,12.511,12.1,11.897,2,3,3,12.456080165343316,11.997071332436784,76.71957671957675,0.3245898357647885,0.30704859413590413,13.169382507509951,11.030617492490048,0.007770799011356738,0.017818046177936423,0.018116066772630345,-216279033.0,0.8416071832852818,0,0,-1,0,0,0.0023752969121139636,-0.4037174904283779,0.14125432405423877,0.2828527142153083,0.008842443729903726,0.08658008658008653,0.3688205433622247,0.015139442231075656,0.0
2010-03-04,12.6,12.55,-0.008726751138237196,-0.003932368417721076,-0.0008370035762373582,0.016296263148688487,0.003976148379639417,12.527,12.1565,11.939333333333334,3,4,3,12.482247408008167,12.03596995615054,72.5,0.3161804593513704,0.3088749671789974,13.204932915806824,11.108067084193175,0.006980302473766344,0.017621836317370902,0.01811514486745346,-206417733.0,0.8460245635433977,0,0,-1,0,0,0.0,-0.3752606466197632,0.13978922930430568,0.2797379792402981,0.013676588897827857,0.0985178727114211,-0.1487504118141852,0.01194444444444438,0.0
2010-03-05,12.68,12.6,0.004769484399035205,0.004716989878138867,0.0008370035762372583,0.01685291920707287,0.00632913505164753,12.552000000000001,12.239,11.972666666666667,4,5,3,12.518202424733953,12.077520281560183,71.0526315789474,0.312370486841127,0.3095740711114233,13.166949635656803,11.311050364343199,0.007106050454310175,0.014390424926435982,0.017384551697537155,-196388833.0,0.9504826190008886,0,0,-1,0,0,0.0007936507936507767,-0.2444421843175646,0.12031903481078562,0.2284409136953674,0.007949125596184325,0.14959202175883957,-0.20083597638882011,0.01577287066246051,0.0
2010-03-08,12.55,12.68,0.0055357990322516554,0.007034026657379982,-0.003992021269537561,-0.028378014139399138,-0.010305283431286907,12.557,12.302,12.001666666666667,0,8,3,12.523983802055053,12.108002844040172,54.0322580645162,0.2954553176454535,0.30675032041822936,13.123669673671458,11.480330326328541,0.007934970774552207,0.01433915985464239,0.017543325484004953,-206137133.0,0.6036489064805458,0,0,-1,0,0,0.0,-0.3237552483629355,0.11489765479393273,0.22762710590990912,-0.012588512981903999,0.11160318866253327,0.4336776371230524,0.027091633466135447,0.0
2010-03-09,12.68,12.55,-0.006329135051647512,0.000832986303891771,0.003992021269537457,0.2269462071040668,0.01030528343128692,12.585,12.3735,12.047,1,9,3,12.552350383499586,12.144905886360162,66.1157024793389,0.28920605041071745,0.303241466416727,13.044846643537621,11.702153356462379,0.007892120670946303,0.014219243120121187,0.016417354183389975,-193905333.0,0.9130901389032547,0,0,-1,0,0,0.003984063745019835,0.7664526596349328,0.1386968856992461,0.22572348676444076,0.003958828186856556,0.12711111111111117,-0.4098232778774228,0.02371451104100939,0.0
2010-03-10,12.82,12.68,0.007905179507113247,0.01768606146334573,0.00872675113823714,-0.10254125137048213,0.010980502483444269,12.623000000000001,12.431999999999999,12.087333333333333,2,10,3,12.601013950136025,12.18846034530467,65.8333333333334,0.29218219658964983,0.30102961245131155,13.038685559759571,11.825314440240426,0.008370462837370503,0.012498575721803924,0.015962378917651315,-182865633.0,1.2790810453895232,0,0,-1,0,0,0.0015772870662460231,0.2672939561126936,0.13706830183065213,0.19840873861441677,0.021513944223107595,0.10042918454935612,-1.6446872860032713,0.03276131045241809,0.0
2010-03-11,12.84,12.82,0.003929278139889557,-0.010761056956298146,0.0,-0.23999258395449496,0.0015588467692910996,12.664,12.497,12.135666666666667,3,11,3,12.6444659592022,12.230495161736627,66.94214876033062,0.2927796650023229,0.2993796229615138,12.963706263983907,12.030293736016093,0.008282608951430934,0.01207028381695028,0.01540001774217889,-174181433.0,1.469875279033439,0,0,-1,0,0,-0.005460218408736371,-0.8540527735400051,0.13848884777689646,0.1916098154017075,0.01904761904761898,0.11265164644714054,-1.3292151212202854,0.021806853582554468,0.0
2010-03-12,13.0,12.84,0.010144449071772456,0.009230834775530522,0.007867861200613738,0.09194208582030403,0.012384059199721622,12.706,12.553,12.187333333333333,4,12,3,12.709108512074527,12.280140635172973,69.23076923076927,0.30267477939968757,0.30003865424914855,12.974580984290661,12.13141901570934,0.008329787640877396,0.010822041322688727,0.015474379346007042,-164660933.0,2.120589004990858,0,0,-1,0,0,0.00311526479750786,-0.3495031038786059,0.1517111353047835,0.17179458010739326,0.025236593059936974,0.09427609427609429,-1.353846079395456,0.02307692307692313,0.0
2010-03-15,13.0,13.0,0.008504110006300478,0.0015302221807675365,0.0007833921278040774,0.05037695639649916,0.0,12.735000000000001,12.601,12.242999999999999,0,15,3,12.76199787351552,12.326583174839232,75.00000000000003,0.3069780766694219,0.30142653873320324,12.994307165349763,12.207692834650238,0.00799744505333669,0.010656983523714185,0.015244472949552933,-164660933.0,2.028948542776604,0,0,-1,0,0,-0.0007692307692307529,0.07050497672274056,0.09256022903385144,0.16917436877916328,0.03585657370517925,0.07973421926910307,-0.5708265098761888,0.023846153846153885,0.0
2010-03-16,13.18,13.0,0.001538461841905641,0.01968269445842508,0.01861962247996597,-0.08137611060911293,0.01375117161282442,12.79,12.6375,12.296666666666665,1,16,3,12.837998260149062,12.381642324849604,77.6119402985075,0.32121025456828,0.3053832819002186,13.101027663399398,12.1739723366006,0.008131090130389084,0.00835719797054866,0.015028349050813258,-155431033.0,2.3407448695572484,0,0,-1,0,0,0.0007692307692307529,-0.43134721806454335,0.1030501140768,0.13266640492443274,0.039432176656151396,0.05863453815261055,-0.5360116489009092,0.025037936267071327,0.0
2010-03-17,13.03,13.18,0.012982236549947316,-0.006769488055246482,-0.0038506016002851457,-0.24349021111837,-0.011446137937607398,12.838,12.6745,12.346,2,17,3,12.872907667394687,12.423471852278663,70.27027027027027,0.3167344936107668,0.3076535242423282,13.139370100701225,12.209629899298776,0.008977155010033527,0.008216740328468124,0.015266865560175607,-162666233.0,1.5294595176749457,0,0,-1,0,0,0.0,-1.7309861226849872,0.1635521111568232,0.13043670898033102,0.016380655226208907,0.060211554109031784,-0.4800874744025216,0.02225633154259395,0.0
2010-03-18,13.06,13.03,-0.012213892293937963,0.002261591616056622,0.004618945856294458,-0.025391524397282633,0.0022997327115313305,12.884,12.705499999999999,12.399000000000001,3,18,3,12.906924455141107,12.464538184389717,67.64705882352943,0.31201149578239473,0.30852511855034154,13.186922235070933,12.224077764929065,0.008988998522307955,0.007923432079295729,0.01512855447439405,-155612433.0,1.4727196800445632,0,0,-1,0,0,-0.0007674597083652945,-1.6231143482414978,0.1631397560255579,0.12578058487156746,0.017133956386292892,0.04983922829581999,-0.5543407918618657,0.01990811638591116,0.0
2010-03-19,12.81,13.06,0.005361943141385373,-0.005285025514053685,-0.022525224211107916,0.3890370860721228,-0.019328007939642167,12.897,12.724499999999999,12.458333333333334,4,19,3,12.889301826933632,12.486826043461349,53.37837837837837,0.28481243485381214,0.3037825818110357,13.18986799247551,12.259132007524489,0.011418065880267279,0.009268509123580378,0.01358110922317486,-166020733.0,0.36745114138678514,0,0,-1,0,0,0.0022970903522204714,0.5072736118423137,0.20261724647474094,0.14713302099196143,-0.014615384615384586,0.03057119871279168,-0.016550163725607327,0.037470725995316194,0.0
2010-03-22,12.93,12.81,-0.026317308317373417,-0.01141999468594894,-0.00157232736795241,-0.38811602125615463,0.009324076875123244,12.934999999999999,12.745999999999999,12.513,0,22,3,12.896701494763882,12.515417911625134,59.868421052631554,0.2698295531023138,0.2969919760692913,13.207412020466744,12.284587979533253,0.010929795318981295,0.009391980477377578,0.01315539569431974,-158960433.0,0.7975518271668516,0,0,-1,0,0,-0.004683840749414559,-1.4417757909291715,0.22106539834621472,0.1490930679690886,-0.005384615384615432,0.034399999999999986,-0.41105930571948857,0.0270688321732405,0.0
2010-03-23,13.03,12.93,0.0163364193196936,0.0015302221807675365,0.007056085724208799,-0.1556697099246983,0.007704198352987574,12.969999999999999,12.7775,12.572333333333335,1,23,3,12.920937586624992,12.548616756036415,65.58441558441557,0.2629930553984092,0.29019219193511486,13.225272263544332,12.329727736455668,0.010764829038921592,0.009190476965076213,0.013075145994252283,-152917933.0,1.1278054518220524,0,0,-1,0,0,0.002320185614849276,-1.8161235758807235,0.19828800884576656,0.14589429887795585,-0.011380880121396042,0.0508064516129032,-0.6356057449739029,0.021488871834228655,0.0
2010-03-24,13.0,13.03,0.005386700212624973,0.0015278841780531714,0.0031201273362434566,-0.04166706256402746,-0.00230503367521698,12.988,12.8055,12.617333333333333,2,24,3,12.935312570874993,12.577738255646969,63.15789473684213,0.25224659075405675,0.28260307169890325,13.234033607353245,12.376966392646755,0.010449275547762087,0.00925110116864999,0.01178687300727187,-158713833.0,0.9077467748739324,0,0,-1,0,0,0.0,-1.718266243430716,0.18165193124551463,0.14685667827448126,-0.002302379125095899,0.045016077170418,-1.4148909631363438,0.019999999999999983,0.0
2010-03-25,13.07,13.0,0.0015337426319487184,0.015151805020602246,0.014689092874938553,0.1547740789990824,0.00537017017459378,13.011,12.8375,12.668333333333333,3,25,3,12.959801194352266,12.609497077863294,62.91390728476824,0.24653643650843549,0.2753897446608097,13.24293024580083,12.432069754199171,0.010523699197784859,0.009247259293735812,0.011523503546997665,-151947733.0,1.146929724203248,0,0,-1,0,0,0.003846153846153901,-1.2001036642045124,0.18581954122437835,0.1467956904009345,0.0007656967840734552,0.05148833467417546,-1.5401037192007236,0.020657995409334457,0.0
2010-03-26,13.05,13.07,0.002296212260350157,-0.006033200804167809,-0.01468909287493857,0.3002102333747451,-0.0015313938674281365,13.016,12.860999999999999,12.707333333333334,4,26,3,12.976200977197308,12.637916621226953,67.85714285714288,0.2376576953016567,0.2678433347889791,13.257983361708359,12.464016638291639,0.009862086699181821,0.009007765912192931,0.010529007362064966,-161082933.0,0.9521809638906175,0,0,-1,0,0,0.0007651109410864412,0.0990230993590516,0.08497399057767763,0.14299385083168425,0.0187353629976581,0.037360890302066796,-0.3189654690512553,0.029118773946360213,0.0
2010-03-29,13.18,13.05,0.0022909517465557624,0.003021150334176251,0.01928328165999342,-0.2422991662323444,0.009912395305658739,13.034,12.8845,12.745333333333333,0,29,3,13.013255344979616,12.672889742438118,67.85714285714288,0.23836343714475916,0.26194735526013513,13.299100632187294,12.469899367812705,0.010307136031678862,0.008989736133815235,0.010429968581669342,-153913433.0,1.4254681592791656,0,0,-1,0,0,0.004597701149425189,-0.9173932287282116,0.08752289625512132,0.1427076369729983,0.01933488012374318,0.036978756884342934,-0.24353043427302312,0.012898330804248856,0.0
2010-03-30,13.09,13.18,0.008355536647931837,0.0,-0.013072081567352775,-0.21201248297374783,-0.006851949152552592,13.025,12.907499999999999,12.766666666666667,1,30,3,13.027208918619685,12.699800081635658,60.0,0.22902048916263418,0.255361982040635,13.313604731111505,12.501395268888492,0.00958694650291893,0.009015984349602862,0.00878331659145573,-159713233.0,0.8987829297161817,0,0,-1,0,0,0.003034901365705685,-1.5122401749163257,0.10592901732853639,0.1431243144809976,0.004604758250191798,0.03642121931908138,0.42865490530981254,0.025974025974025962,0.0
2010-03-31,13.22,13.09,-0.012176710575255231,0.011994146785819242,0.010777625493829336,0.33574288152602305,0.009882254501731831,13.044,12.940999999999999,12.797666666666666,2,31,3,13.062261842507015,12.733361366691422,63.013698630137014,0.22946096593831733,0.25018177882017145,13.333235160397674,12.548764839602324,0.009299315104399845,0.00897439030035381,0.008459886690003077,-151599433.0,1.4226159618996526,0,0,-1,0,0,-0.002291825821237537,-0.23350601099415788,0.11734798142722531,0.14246402941899863,0.01692307692307704,0.05338645418326693,-0.6296051560795429,0.02723146747352492,0.0
2010-04-01,13.21,13.22,0.023459267265566762,0.0007448789916104024,0.0030581063588208724,-0.03607645891246711,-0.0007567158893062838,13.059000000000001,12.9715,12.823333333333332,3,1,4,13.089123325687558,12.764112246259717,58.01526717557256,0.22639340824475518,0.24542410470508821,13.346580342270084,12.596419657729918,0.009319828059588104,0.008999651557296129,0.008274464035097602,-159425733.0,1.2717275373939176,0,0,-1,0,0,0.011346444780635293,-0.3373334284449045,0.11884043781161911,0.1428650394410443,0.010711553175210442,0.04841269841269846,0.144895663904036,0.024981074943224834,0.0
2010-04-05,13.16,13.21,-0.006754247065564032,-0.004477619421294388,-0.0015278841780531757,0.019686621546874845,-0.003792192637062917,13.094,12.995500000000002,12.847666666666667,0,5,4,13.102009993744364,12.789653391662318,55.88235294117648,0.21742146522849204,0.239823576809769,13.353063391508288,12.637936608491716,0.006409536111741277,0.009051052988996864,0.008327489211651586,-167407633.0,0.9201165662183654,0,0,-1,0,0,0.0052990158970475775,-0.20068659685738982,0.12420317123294497,0.1436810118729212,0.008429118773946254,0.03785488958990535,0.27669145895614067,0.022036474164133672,0.0
2010-04-06,13.45,13.16,-0.012883846272679368,0.005965714933996341,0.0015278841780531714,0.20857776722293256,0.02179718015067691,13.145999999999997,13.0405,12.879333333333333,1,6,4,13.165280903972661,12.832256398651847,59.18367346938775,0.2310483307829454,0.2380685276044043,13.388394418344578,12.692605581655421,0.008709403075935337,0.009630748681007493,0.009082783805342049,-157574533.0,2.3541625183213046,0,0,-1,0,0,-0.0037993920972644916,0.8247982245518563,0.18798220185045406,0.1528833956958549,0.020485584218512765,0.0717131474103585,1.010177058447072,0.02602230483271373,0.0
2010-04-07,13.3,13.45,0.022625399517978827,0.001485884374424553,0.006088298867255355,0.4161772745114606,-0.011215070820139957,13.173000000000002,13.0715,12.909333333333334,2,7,4,13.18977528506854,12.862433405190437,59.18367346938782,0.2271258085730956,0.2358799837981426,13.393681707474355,12.749318292525645,0.009787084419997807,0.010019322152034679,0.009225379839564323,-172483033.0,1.4184542120113268,0,0,-1,0,0,-0.002973977695167223,2.9651235848703092,0.20553396002942212,0.15905180831834548,0.016042780748663166,0.0488958990536279,0.675553889828631,0.021804511278195556,0.0
2010-04-08,13.4,13.3,0.0014903132415589992,0.005921556903437259,0.014312862039490525,-0.36161721028998006,0.007490671729157659,13.213,13.1005,12.941333333333334,3,8,4,13.227997960510624,12.897115120984603,61.03896103896106,0.22944148708591605,0.2345922844556973,13.431652691764176,12.769347308235824,0.009789453102457454,0.009890260289184162,0.009272138257954905,-162098533.0,1.8088332509359921,0,0,-1,0,0,0.009774436090225488,0.9083908626576401,0.20126622849993483,0.15700301476127435,0.013615733736762392,0.045241809672387,0.8648442188374155,0.013432835820895633,0.0
2010-04-09,13.3,13.4,0.0007443245598572956,-0.008151212230706535,-0.012039272579617712,0.015631439112279457,-0.007490671729157626,13.236,13.123499999999998,12.970333333333334,4,9,4,13.241089240417782,12.923107693824306,67.62589928057561,0.22066383934426703,0.23180659543341126,13.44213359587549,12.804866404124507,0.010283651268567283,0.010126882517602956,0.009432821278006822,-172646633.0,1.1078555575098312,0,0,-1,0,0,0.002985074626865608,0.9194219557360852,0.21390768880643354,0.1607592761876706,0.00681302043906129,0.03582554517133962,1.0450308275591969,0.017293233082706666,0.0
2010-04-12,13.35,13.3,-0.007468294607525799,0.00297177038915748,0.003777866223482385,-0.20557986889979762,0.003752349618550372,13.266,13.141,12.996,0,12,4,13.260891196705458,12.950649132932416,65.90909090909096,0.2152606812635547,0.22849741259943995,13.469370778877384,12.812629221122616,0.010229604016086033,0.009827708038658994,0.009256494511766758,-164058633.0,1.2729512699913044,0,0,-1,0,0,0.0030075187969924168,0.043004130594549946,0.20896608599107602,0.1560100285682523,0.014437689969604817,0.026923076923076827,0.5729018020530833,0.01647940074906372,0.0
2010-04-13,13.34,13.35,0.0029940142126046996,-0.003716094949014814,-0.009090971701251963,-0.2188299757647166,-0.0007493443587808343,13.282,13.157999999999998,13.017,1,13,4,13.275274615486284,12.97576854371097,62.601626016260234,0.2077766037785107,0.22435325083525412,13.490809412821568,12.825190587178428,0.009896145259043936,0.009834649092914574,0.009133740415052004,-170958733.0,1.0937190655576685,0,0,-1,0,0,0.0022471910112360403,-0.6638310393662715,0.12250605115685509,0.15612021438863355,-0.008178438661709975,0.026153846153846194,-0.13423050442204806,0.021739130434782546,0.0
2010-04-14,13.5,13.34,-0.004494389587839326,0.011107111595403896,0.012103022171243627,0.10913882124791836,0.011922644956906196,13.323000000000002,13.174000000000001,13.046,2,14,4,13.316133776306959,13.009589927987683,68.38235294117652,0.212308718526371,0.22194434437347751,13.540341801858522,12.80765819814148,0.009978315895657622,0.009718700582849352,0.009195044803234461,-163262933.0,1.779758675347114,0,0,-1,0,0,-0.0014992503748125618,-0.2620928786596053,0.11916746277884656,0.15427958885350726,0.015037593984962294,0.02427921092564489,-0.3801379231897678,0.020740740740740695,0.0
2010-04-15,13.54,13.5,0.008224345422903082,-0.0014738396183005527,0.004501132880791442,0.21824057183491555,0.0029585820397450414,13.355,13.1995,13.079,3,15,4,13.356836726069329,13.04380993263364,67.66917293233087,0.21663093129433797,0.22088166175764962,13.593586552074264,12.805413447925737,0.009689995864840175,0.009256180453965441,0.009050814490804297,-153690233.0,1.7280467867162026,0,0,-1,0,0,-0.005185185185185206,0.5509322500554964,0.11251648534836291,0.14693730942917702,0.010447761194029681,0.03914044512663084,0.08847081146615236,0.014771048744460936,0.0
2010-04-16,13.38,13.54,0.005198674909237677,-0.0022148403295528985,-0.011291049574265596,-0.06093544973128392,-0.011887212784046369,13.372,13.2155,13.105,4,16,4,13.36104823042036,13.065499614399211,61.224489795918416,0.20478501900377566,0.21766233320687484,13.611717643539622,12.819282356460379,0.010676017047929313,0.009753917667410466,0.00941820715859655,-162697033.0,0.8303517154381865,0,0,-1,0,0,-0.0029542097488921087,0.24678734701077434,0.13734006391757134,0.1548386427394039,0.006015037593984918,0.024502297090352343,-0.6177666267466895,0.023916292974588825,0.0
2010-04-19,13.75,13.38,0.005908436686166268,0.03057006608467793,0.021715566910149777,0.5698349977974523,0.027277769412497807,13.431000000000001,13.2625,13.140666666666668,0,19,4,13.431766733980295,13.109660929599263,66.66666666666674,0.2226859706963129,0.21866706070476247,13.678692010342733,12.846307989657266,0.013306943772784656,0.010205371488042368,0.01049534651204996,-146773233.0,2.3426687100434536,0,0,-1,0,0,0.014947683109118032,2.6626569362750305,0.23505565461169825,0.16200524996633572,0.029962546816479474,0.07338017174082734,0.5587110628397174,0.032727272727272674,0.0
2010-04-20,13.74,13.75,0.017518696208973707,0.0,0.0,-0.42289849739333646,-0.0007275373183769789,13.459999999999999,13.303,13.180333333333332,1,20,4,13.487809145983876,13.150327966399312,69.93865030674856,0.23337548019108034,0.22160874460202606,13.740076411481002,12.865923588519,0.011834432788651683,0.010154402648107488,0.010228908342254341,-157205633.0,1.9996503518423998,0,0,-1,0,0,0.005090909090909111,0.562342229849431,0.23501623296466276,0.1611961447158488,0.029985007496251992,0.06264501160092806,0.5579025003912366,0.03275109170305671,0.0
2010-04-21,13.58,13.74,0.0,-0.009362689927850684,-0.00743497848751809,0.009834158967241132,-0.011713164663653203,13.488,13.3305,13.210333333333333,2,21,4,13.504571119441351,13.178048742760648,60.843373493975925,0.2263273696221244,0.22255246960604574,13.764452459195153,12.896547540804848,0.011897013419202424,0.010602749199153582,0.01047452617884114,-167741133.0,1.1498955459901974,0,0,-1,0,0,0.005822416302765653,0.5301990607208716,0.25609008949466144,0.16831342556729778,0.00592592592592589,0.04221028396009219,1.3812893138017288,0.030927835051546386,0.0
2010-04-22,13.44,13.58,-0.018992535827274348,-0.010181906145119525,-0.013448232428906052,0.12185511777388872,-0.01036278703554666,13.491999999999999,13.352500000000001,13.231,3,22,4,13.49283091590656,13.194948823872865,56.424581005586575,0.20705802522055272,0.21945358072894713,13.759691924228983,12.945308075771019,0.01233077467777357,0.010924884502611486,0.010587742224977704,-179641933.0,0.42977276705906997,0,0,-1,0,0,-0.0014727540500736062,0.95498287477546,0.26768432810511394,0.1734271649760814,-0.00738552437223039,0.03384615384615386,1.8688114937788927,0.03415178571428569,0.0
2010-04-23,13.96,13.44,-0.005917177028088507,0.0209772610744662,0.017172631519888397,-0.19134982027639003,0.03796076223922301,13.558000000000002,13.397,13.268333333333334,4,23,4,13.577770749378093,13.244306964268164,67.69911504424785,0.23108280638490086,0.2217794258601379,13.864292312436818,12.929707687563182,0.01687503540550899,0.01369882630965566,0.01256495231361657,-169813733.0,2.409626629910045,0,0,-1,0,0,0.002976190476190545,0.09006580906192686,0.3656986756236081,0.21746212601290543,0.0433482810164425,0.06809487375669487,0.5946604821282672,0.03724928366762187,0.0
2010-04-26,13.57,13.96,0.029962051282091392,0.0,0.005930336134848533,0.4210929499902287,-0.02833462348744864,13.580000000000002,13.422999999999998,13.287333333333333,0,26,4,13.576357885854803,13.265319418186348,52.54237288135595,0.21616110722437654,0.22065576213298566,13.866246396962719,12.979753603037278,0.01984538277298256,0.015368559439441173,0.013621631682029175,-184788233.0,0.6632879635674307,0,0,-1,0,0,-0.00501432664756449,1.8421058169434237,0.3961782556762194,0.24396831771645344,-0.013090909090909042,0.03984674329501914,1.3760846952822592,0.032424465733235174,0.0
2010-04-27,13.18,13.57,-0.02109936402424612,-0.026107356605495853,-0.02924842912623209,-0.09034805495839648,-0.029160944772416687,13.564000000000002,13.422999999999998,13.293333333333333,1,27,4,13.504292815699383,13.25981493959368,47.69230769230767,0.17089583173137868,0.21070377605266427,13.866246396962719,12.979753603037278,0.0220933420941404,0.01670093307647787,0.014700184474323795,-198469133.0,-1.0964556132440986,0,0,-1,0,0,0.0022107590272659808,1.2345451735546906,0.4366385767228027,0.2651190934985599,-0.040756914119359555,0.0,1.6973416164181532,0.03566009104704088,0.0
2010-04-28,13.23,13.18,-0.02381064869371856,-0.01704376196329218,-0.0015232295405215258,-0.2220769390946224,0.003786449052503262,13.537,13.429999999999998,13.295,2,28,4,13.454421394663132,13.257891395103766,46.666666666666664,0.13747265769291772,0.19605755238071498,13.855156318001061,13.004843681998935,0.02170677827704153,0.016636709533426365,0.014500161161095376,-187512733.0,-0.9408304265138439,0,0,-1,0,0,0.00758725341426401,0.18310983195287964,0.44221332941500546,0.26409957635918146,-0.02577319587628868,0.010695187165775444,1.1093753651575222,0.019652305366591197,0.0
2010-04-29,13.42,13.23,0.005257240797970698,0.015573173462969887,0.014971211509367578,-0.02403522220569983,0.01425915341667141,13.525,13.440000000000001,13.308,3,29,4,13.448162959269835,13.26835001477449,52.272727272727266,0.12487646540987285,0.18182133498654657,13.85361054654095,13.026389453459053,0.022276889024613427,0.016795337650454288,0.014551106092411767,-176816533.0,-0.09670933281205081,0,0,-1,0,0,0.00907029478458044,0.03438864032500499,0.4576182899394755,0.26661771965077147,-0.0014880952380952328,0.015128593040847127,0.26186437775827237,0.02027570789865872,0.0
2010-04-30,13.18,13.42,0.007462721201589594,-0.007385557943387793,-0.011167479270120817,-0.13039235088097678,-0.018045602469174565,13.505,13.438500000000001,13.312,4,30,4,13.39940605758441,13.262650013821299,46.996466431095406,0.09443926102389888,0.16434492019401706,13.855823552376089,13.021176447623914,0.02269299272121513,0.017312105246451995,0.014954043005336535,-186205133.0,-1.238846925979603,0,0,-1,0,0,0.002235469448584155,-0.5241420732966735,0.30849293558063723,0.27482115091853127,-0.055873925501432775,-0.002271006813020504,0.5709532557028386,0.024279210925644938,0.0
2010-05-03,13.4,13.18,-0.009712440935604909,-0.002969564171816432,0.0022753138371353837,0.2953111209187024,0.016554177882504507,13.469999999999999,13.4505,13.331666666666667,0,3,5,13.399514047114515,13.271511303252185,50.98684210526317,0.08706607512578479,0.14888915118037063,13.84740778459619,13.05359221540381,0.021366424694334078,0.017676403011022742,0.01476819234586398,-173591133.0,-0.25446716824351423,0,0,-1,0,0,0.010622154779969695,0.6987077025632425,0.3192049700811975,0.28060419864791697,-0.012527634487840777,0.01823708206686936,-0.5277321257885036,0.018656716417910446,0.0
2010-05-04,13.01,13.4,-0.0037608167681269355,-0.010463473640827748,-0.025317807984289897,-0.22297510189075065,-0.02953641443245183,13.397,13.4285,13.334333333333332,1,4,5,13.328693311275511,13.254639606268174,42.50764525993883,0.049186045432097814,0.12894853003071607,13.871612199168574,12.985387800831425,0.02294969848519947,0.018173057661305683,0.015711329559635372,-183684033.0,-1.8889121120350298,0,0,-1,0,0,-0.009701492537313491,-0.3463195804338197,0.3211084575513641,0.2884883468007115,-0.012898330804248848,-0.03271375464684012,-0.5392435554077593,0.03382013835511155,0.0
2010-05-05,13.03,13.01,-0.02286685001576352,0.006739074549845519,-0.00467290569939237,0.4007941747163897,0.0015360986123398375,13.341999999999999,13.415000000000001,13.334333333333332,2,5,5,13.274385436498145,13.24014672844442,42.15384615384617,0.020542876350921446,0.10726739929475716,13.889907193148986,12.940092806851016,0.02291746518674326,0.018039538519541015,0.015651181405528777,-168615233.0,-1.6213694193476726,0,0,-1,0,0,-0.003074558032282794,1.6955827063199567,0.31874495951218734,0.286368796134455,-0.01511715797430091,-0.020300751879699375,-0.44811889523174575,0.04528012279355333,0.0
2010-05-06,12.58,13.03,0.019847979798511797,-0.012767728830001417,-0.07368771579115914,0.03605379612100709,-0.035146139864459226,13.256,13.374,13.320333333333334,3,6,5,13.148133538953026,13.197556616931879,38.70056497175141,-0.03802989573661897,0.07820794028848195,13.978314313476922,12.76968568652308,0.024868883817581355,0.019409169118160388,0.016881153416736388,-184237233.0,-2.627771615839188,0,0,-1,0,0,0.015349194167306299,1.6712659839144948,0.3404105161860613,0.30811100784628326,-0.0625931445603577,-0.06119402985074629,0.552935105513046,0.10572337042925278,0.0
2010-05-07,12.39,12.58,-0.05117395552470824,-0.01907726685092034,0.03306086226088821,0.04257695093049019,-0.015218555631243363,13.099,13.3285,13.297666666666666,4,7,5,13.010291077325203,13.145456190033048,29.761904761904788,-0.09864355026974536,0.042837642176836485,14.076276352717594,12.580723647282406,0.019231842859565123,0.019576657626156378,0.017029558676766903,-200538733.0,-2.510108795468784,0,0,-1,0,0,-0.000794912559618425,1.67488442084077,0.33828763455025695,0.31076980548399513,-0.05993930197268582,-0.06842105263157894,0.43841137241901307,0.0548829701372074,0.0
2010-05-10,12.96,12.39,0.020473156025388992,-0.0007707129475914402,0.03593200922606337,-0.6889050486056574,0.04497799528307759,13.038,13.309000000000001,13.294666666666666,0,10,5,13.001147245084255,13.133491274547046,40.05102040816329,-0.09953865225131509,0.01436238329120617,14.074544869598018,12.543455130401984,0.025488691808999032,0.022452570722561963,0.019122822754694603,-192353333.0,-0.9117688952268941,0,0,-1,0,0,0.035512510088781236,-1.1337737767827993,0.5139026319252258,0.3564235105559326,-0.032835820895522394,-0.02921348314606731,1.3236021635099893,0.016975308641975356,0.0
2010-05-11,12.86,12.96,-0.0007797271350210455,-0.00386249997389679,-0.014218249002279025,0.19224116355155482,-0.007745972114655453,13.006,13.285,13.283999999999999,1,11,5,12.975484109614388,13.115846676189173,40.67357512953368,-0.10708280733942566,-0.009926654834920197,14.076121788481368,12.493878211518632,0.024076569699456315,0.02249850166475503,0.019075839420112924,-202273733.0,-1.0744237010987339,0,0,-1,0,0,-0.010802469135802512,-0.6251349450536307,0.47490467329644326,0.357152641659087,-0.011529592621060791,-0.0359820089955023,1.1421088804736226,0.027216174183514748,0.0
2010-05-12,13.14,12.86,0.004669269183683693,0.01992403071990538,0.0228086962073172,-0.09659119026288743,0.021539294246991317,12.997,13.267,13.285666666666666,2,12,5,13.0053960896845,13.11740495514471,46.25000000000002,-0.0894369709288032,-0.025828718053696798,14.05389529832485,12.480104701675149,0.02521776103558895,0.0229117499714045,0.019466805181848314,-193266733.0,-0.3227875430704889,0,0,-1,0,0,0.0015552099533438063,-1.017085482463107,0.5050702256610243,0.36371275515376533,0.008442056792018482,-0.026666666666666616,0.48158741096985613,0.024353120243531222,0.0
2010-05-13,12.89,13.14,0.019223967638497177,0.01281585577189747,0.0,-0.10253953506759089,-0.019209196105368462,12.943999999999999,13.2345,13.274666666666667,3,13,5,12.984414982469135,13.10273366771602,35.65683646112602,-0.09453568062499684,-0.03957011056795681,14.02758790247493,12.44141209752507,0.025256777198509155,0.02323174088796905,0.019689894135312025,-201395933.0,-0.8687561591216938,0,0,-1,0,0,-0.0007610350076103338,-1.2842216471838355,0.4423293897638621,0.3687924534759418,0.024642289348171698,-0.0480059084194977,0.9221011589776263,0.03801396431342127,0.0
2010-05-14,12.78,12.89,-0.019223967638497316,-0.031579569208265976,-0.018046782447073435,0.06270933233850347,-0.00857036800170739,12.904000000000002,13.204500000000001,13.260333333333334,4,14,5,12.9472486220202,13.0819121407666,38.55072463768116,-0.10622799528013616,-0.05290168751039269,14.019503390370405,12.389496609629598,0.024844548521920643,0.02317174823307571,0.019742394819026413,-210051233.0,-1.041713457920892,0,0,-1,0,0,-0.000775795190069805,-1.0763465214570396,0.4254823573573375,0.36784009960391206,0.03147699757869238,-0.04484304932735439,0.9155357903320241,0.023865414710485113,0.0
2010-05-17,12.89,12.78,-0.005449604767564703,0.0034728956379514375,-0.0031720883061439904,-0.0719781555701491,0.008570368001707287,12.853,13.1615,13.251333333333331,0,17,5,12.93683978165289,13.069530712330046,45.42586750788646,-0.10540313644549926,-0.06340197729741401,13.9454783831603,12.3775216168397,0.0242645056464628,0.022260764999597622,0.019809801440269614,-201997033.0,-0.6926211381123917,0,0,-1,0,0,0.002347417840375676,-1.192044877291541,0.25568526478915504,0.353378689097917,-0.005401234567901203,-0.06254545454545446,0.602711385111928,0.030256012412723084,0.0
2010-05-18,12.64,12.89,0.01241288241970965,0.003844679860809683,0.00158730192057241,0.07212834128083878,-0.019585428232384704,12.815999999999999,13.1065,13.224333333333334,1,18,5,12.882868912261456,13.041819053470045,41.24629080118696,-0.12349872412268681,-0.07542132666246858,13.87375827669527,12.339241723304731,0.023306309419239828,0.022550370321948957,0.019627711484671278,-210653633.0,-1.2160181627738345,0,0,-1,0,0,0.006206361520558578,-0.9108301018068046,0.2866407115910644,0.35797603106573095,-0.01710730948678063,-0.08005822416302766,0.6586861659681572,0.03322784810126581,0.0
2010-05-19,12.28,12.64,-0.030530747056058037,-0.031971534023686715,-0.03798436434547585,0.43706699051062065,-0.028894465999715003,12.741,13.0415,13.190333333333333,2,19,5,12.773256382759373,12.99266943711714,33.898305084745786,-0.16498673470597858,-0.09333440827117058,13.858510597109362,12.224489402890637,0.024605625290962534,0.02315979490115042,0.020157730319696403,-224055433.0,-1.8641129079457144,0,0,-1,0,0,-0.004746835443038014,0.7826375686072609,0.22492241096307158,0.3676503463422345,-0.06544901065449016,-0.09572901325478655,1.005979138148306,0.03908794788273605,0.0
2010-05-20,11.67,12.28,-0.04387381139161958,-0.04207740451037163,-0.03948433933288759,-0.15014185256814508,-0.050950476420531694,12.65,12.953,13.132666666666667,3,20,5,12.572664313166758,12.907335925045068,30.69053708439901,-0.2442723642546447,-0.12352199946786542,13.951548420141947,11.954451579858052,0.02693624670607725,0.02523546806704927,0.021817580049795105,-235588833.0,-2.5697301685533005,0,0,-1,0,0,-0.019543973941368097,0.10777532180318626,0.346106981612777,0.40060063634234533,-0.09464701318851831,-0.1316964285714285,-0.1889678619669878,0.036846615252784896,0.0
2010-05-21,11.91,11.67,-0.0458874045114705,-0.011637704080209598,-0.026923033005459406,-0.10615658891932862,0.020356937068744103,12.602,12.8505,13.086333333333332,4,21,5,12.452179892590983,12.842991671816353,31.0432569974555,-0.2844617051915801,-0.15570994061260837,13.834572633177054,11.866427366822947,0.028103058354427255,0.02380316498426543,0.022275749386282746,-225217033.0,-1.9114442741154587,0,0,-1,0,0,-0.014567266495287055,-0.32792753232873945,0.45017555248079094,0.37786352978764215,-0.068075117370892,-0.14684813753581671,0.020568601167518664,0.050377833753148735,0.0
2010-05-24,11.85,11.91,0.03166717325237219,0.006251322712549564,0.03884821691626583,-0.4218591967710529,-0.0050505157860685915,12.491,12.7645,13.036333333333335,0,24,5,12.342692639392622,12.778927692989491,33.8888888888889,-0.31749367652175486,-0.1880666877944377,13.783818141545535,11.745181858454465,0.022086199484767807,0.023321322835811342,0.02223567403117887,-232019133.0,-1.7943367487081037,0,0,-1,0,0,-0.003358522250209985,-1.4730935438628658,0.4168115706773034,0.3702145228116506,-0.0806826997672615,-0.12675018422991902,0.3080971537254028,0.018987341772151868,0.0
2010-05-25,12.16,11.85,-0.028194947541623175,0.010332805302985667,-0.030956900209022434,0.7229966845642949,0.025824008956880747,12.421000000000001,12.7135,12.997000000000002,1,25,5,12.30947579586669,12.738996874086945,38.817480719794375,-0.3150259198542642,-0.21345853420640304,13.74725198084182,11.679748019158179,0.024696288061393453,0.02379143087714364,0.022892947238411572,-218002733.0,-1.0708564728442214,0,0,-1,0,0,-0.02616033755274266,1.1338677134760566,0.5110392444543059,0.37767725661183227,-0.03797468354430378,-0.07738998482549309,-0.33170281743895164,0.05838815789473691,0.0
2010-05-26,12.3,12.16,0.054796682413226626,0.03156878903977197,0.05604182756475232,-0.039904146320909044,0.011447385840350967,12.337,12.667,12.956999999999999,2,26,5,12.307752923890927,12.710674495113594,46.08938547486034,-0.29833436212498476,-0.2304336997901194,13.686496263641322,11.647503736358678,0.023636803897346764,0.023982105604502913,0.022882377141037805,-204534633.0,-0.7199634036699453,0,0,-1,0,0,0.002467105263157842,0.8718005920307033,0.48477600571576474,0.3807041240712183,0.0016286644951140072,-0.07029478458049887,-1.4992000018617726,0.035772357723577335,0.0
2010-05-27,12.64,12.3,0.02990121754687263,0.0071457231409185525,0.022858138076050184,-0.7560827024950552,0.027267126340339506,12.312000000000001,12.628,12.927,3,27,5,12.368161483183485,12.706114850267557,53.351206434316346,-0.2547346019425021,-0.23529388022059594,13.583903540608075,11.672096459391925,0.02539343194083344,0.024672662465807585,0.02353276029778904,-198211333.0,0.025107135793988062,0,0,-1,0,0,0.021138211382113803,-1.4763742120695997,0.21330358014081627,0.3916663743981872,0.08311910882604967,-0.058122205663189264,-1.2099544305990686,0.019778481012658226,0.0
2010-05-28,12.44,12.64,0.0063492276786587445,0.0,-0.0064777554446888925,0.3300672176482597,-0.015949301407678064,12.278,12.591,12.895666666666667,4,28,5,12.381223031695578,12.688946150250297,42.26190476190476,-0.23362670320189594,-0.23496044481685596,13.513648362053333,11.668351637946666,0.02571513213918109,0.024610131519865686,0.023601518169651284,-207007433.0,-0.3273186323421258,0,0,-1,0,0,0.0,-0.6438374600936774,0.3034376224085772,0.39067372640493986,0.04450041981528119,-0.05614567526555392,-0.36008081686221305,0.026527331189710616,0.0
2010-06-01,12.2,12.44,-0.027267126340339586,-0.013941671743190177,-0.0097959967031821,-0.013240830872111186,-0.01948113557182254,12.209,12.531,12.844,1,1,6,12.348273389569108,12.657401237330923,40.57142857142859,-0.23357206227176874,-0.23468276830783855,13.385705858914562,11.676294141085439,0.02590196913440362,0.024440548792806695,0.023108093537899613,-215687833.0,-0.7745354651490428,0,0,-1,0,0,-0.011254019292604405,-0.6170914037541559,0.3568379630223886,0.3879816840702385,0.029535864978902815,-0.08955223880597019,-0.3051125783299309,0.02254098360655741,0.0
2010-06-02,12.62,12.2,0.008097210232619303,0.0123581401375458,0.012230074984061586,-0.21461475165524557,0.03384690537385624,12.206999999999999,12.511500000000002,12.806666666666668,2,2,6,12.39767822782927,12.654988254277317,42.85714285714285,-0.19736318903851569,-0.22721885245397397,13.33750560721924,11.685494392780763,0.028117539740751357,0.025177590638735047,0.02413366291709211,-208684033.0,0.26271008102539295,0,0,-1,0,0,0.016393442622950907,-1.0821441744391882,0.3895281892518629,0.3996818606512849,0.03782894736842102,-0.02997694081475788,-0.15671782635508746,0.022187004754358114,0.0
2010-06-03,12.61,12.62,0.023905520853554386,0.01181581293138093,0.005656580739274039,0.2415852069053595,-0.000792707136238886,12.239999999999998,12.4905,12.774333333333333,3,3,6,12.436282186405766,12.652085786259427,45.882352941176464,-0.16754298135960255,-0.2152836782350997,13.281621123203449,11.699378876796553,0.026282837103076474,0.025169553426404673,0.02407388236988973,-217601733.0,0.3021029182386464,0,0,-1,0,0,0.00633914421553091,-0.39783295292894155,0.3917159081156163,0.39955427386092257,0.025203252032520274,-0.03223330775134303,0.3281593895276306,0.02854877081681201,0.0
2010-06-04,12.02,12.61,-0.028755974987303805,-0.031016402787997797,-0.03526400652921258,0.00128873939918379,-0.04791822086976661,12.275,12.4625,12.727,4,4,6,12.36059451615017,12.611306058113659,40.20618556701032,-0.18933577612558494,-0.21009409781319677,13.279500289892212,11.645499710107789,0.025648755281747388,0.026150180949019802,0.02538389943827259,-226530933.0,-1.0832309497916592,0,0,-1,0,0,-0.021411578112609006,-0.31176924602933065,0.4716829485057096,0.41512125318267257,-0.049050632911392444,-0.044515103338632844,0.5401841082275388,0.03327787021630619,0.0
2010-06-07,11.66,12.02,-0.02544248849065431,-0.028678737269862656,-0.03137179697750326,0.15228667475244526,-0.030407748184715172,12.25,12.426,12.650333333333332,0,7,6,12.233213695031957,12.54993147371923,35.108958837772406,-0.23297017913454177,-0.21466931407746578,13.318386510549262,11.533613489450738,0.026809423909573714,0.02674718304055998,0.02453831212234991,-236928933.0,-1.7167449102934755,0,0,-1,0,0,0.0008319467554076363,0.42978928453479737,0.4934819255112039,0.42459836758107694,-0.06270096463022501,-0.058918482647296266,0.8150244023026154,0.03602058319039451,0.0
2010-06-08,11.89,11.66,-0.024401715586637097,-0.009185868349383718,-0.0017241383581398043,-0.26029869390000776,0.019533529780344207,12.254000000000001,12.372499999999999,12.594333333333335,1,8,6,12.170811205026146,12.507355249608313,40.87591240875913,-0.2461541680545558,-0.2209662848728838,13.258362648258029,11.486637351741969,0.027608298419743743,0.024803987865047956,0.024591245592932843,-228913933.0,-1.0893336590018596,0,0,-1,0,0,0.006861063464837056,-0.6594176929056194,0.5354985154163527,0.393751100481485,-0.025409836065573677,-0.0825617283950617,-0.17862662181061453,0.02775441547518924,0.0
2010-06-09,11.84,11.89,0.016054421709874422,0.024037626485409642,0.016260520871780326,0.1524345659570753,-0.0042140812468308775,12.222,12.3215,12.549666666666667,2,9,6,12.11066371320321,12.464300072214229,44.21052631578948,-0.2576669323872771,-0.2283064143757625,13.206635136872396,11.436364863127604,0.026124710450787125,0.024788759268549232,0.024147603943392947,-238248733.0,-1.08796946351349,0,0,-1,0,0,0.0033641715727501386,-0.04125158170305086,0.4142988464172713,0.39350935400657194,-0.061806656101426216,-0.07931570762052875,-0.2527937260603027,0.036317567567567696,0.0
2010-06-10,12.05,11.84,0.01166679899961538,-0.0016393446294332796,0.015582543136896007,-0.11821699019440206,0.017581030480804515,12.197,12.267,12.510333333333334,3,10,6,12.09963394716626,12.437571035297182,55.58823529411765,-0.24699839239283072,-0.23204480997917615,13.070390185074167,11.463609814925832,0.026562225042871764,0.024584936672632472,0.024421163098373447,-229954733.0,-0.5402107320491243,0,0,-1,0,0,0.019425675675675713,-0.49944878328385256,0.46481313981479405,0.3902737706043438,-0.04440919904837426,-0.08295281582952818,-0.3876275448323773,0.01867219917012445,0.0
2010-06-11,12.07,12.05,-0.013344651742231387,-0.0057589628520117436,-0.010502091904476967,-0.12258869263635194,0.0016583751727761256,12.139999999999999,12.226,12.465333333333332,4,11,6,12.094245956772395,12.41385677495543,52.515723270440255,-0.23422961157219113,-0.23248177029777917,12.977542974223764,11.474457025776237,0.024565352220207996,0.024354953121717458,0.02422231723303364,-222617633.0,-0.4151459207269587,0,0,-1,0,0,-0.011618257261410836,-0.9050683027584044,0.3190927553220093,0.38662289491620366,0.004159733777038266,-0.06361520558572542,-0.9491720939452671,0.023198011599005745,0.0
2010-06-14,12.04,12.07,0.028147553623527187,0.022032714999882706,0.014256006636032555,0.07442529125772894,-0.0024885952287652426,12.1,12.189,12.427333333333335,0,14,6,12.08438305554105,12.389736983022823,53.01587301587301,-0.22394946008511418,-0.23077530825524617,12.897323446783325,11.480676553216675,0.02423186006463795,0.024320108598606772,0.024064014004913897,-230521633.0,-0.42071175442983705,0,0,-1,0,0,0.014913007456503704,-0.6279496950793635,0.18098712719124316,0.38606975525998255,0.032590051457976,-0.0579029733959312,0.4745461966404376,0.03156146179402,0.0
2010-06-15,12.35,12.04,-0.011494379425735134,-0.002424243611506503,0.005811556414776647,0.16089121378662039,0.02542162319331136,12.114999999999998,12.162,12.392333333333333,1,15,6,12.132677045442676,12.38717330669877,53.01587301587301,-0.18861373501592027,-0.22234299360738102,12.794974598309542,11.52902540169046,0.025038748904687665,0.025030941774882607,0.024370876614786024,-221237933.0,0.5940206779295176,0,0,-1,0,0,0.005813953488372117,-0.04034395804862034,0.21125718940160776,0.39735388210846256,0.038687973086627414,-0.04189294026377044,0.6973987242304532,0.022672064777327885,0.0
2010-06-16,12.09,12.35,0.013125701157819115,-0.0016194335523028827,-0.004147662520081485,-0.4733375950561059,-0.02127739844728485,12.062000000000001,12.1345,12.361666666666668,2,16,6,12.124917582634918,12.368000835298849,46.78899082568806,-0.17952034659970373,-0.2137784642058456,12.726498399713233,11.542501600286766,0.022997503891561796,0.02509480498823616,0.024109901494772483,-227020933.0,-0.15033824423023862,0,0,-1,0,0,-0.006477732793522273,-1.4605048303071946,0.2901500516804529,0.39836767919121635,0.021114864864864913,-0.04351265822784811,-0.30157397766282584,0.025641025641025682,0.0
2010-06-17,12.37,12.09,-0.013951806120124673,0.0032362487792083248,-0.005016718994054298,0.44405601452919435,0.022895521777695223,12.038,12.139,12.339666666666668,3,17,6,12.16947802215584,12.368129813666666,45.794392523364465,-0.1480138987340105,-0.20062555111147856,12.736993134971927,11.541006865028072,0.024567125421414728,0.024873816050849377,0.024543524286873186,-218005133.0,0.7725841200864079,0,0,-1,0,0,0.0008271298593879062,0.002523411400526016,0.30795501038827405,0.39485958856628517,0.02655601659751028,0.0073289902280129215,-0.2883805948075867,0.03316087308003245,0.0
2010-06-18,12.26,12.37,0.021259999426849325,0.001614205354541201,0.013294911963425625,-0.22655171280505332,-0.008932255896331105,12.062,12.1685,12.329,4,18,6,12.185936563582048,12.361153696655915,47.11538461538462,-0.1304175205060858,-0.1865839449904,12.725910365699573,11.611089634300427,0.01915700187274471,0.022040440028345102,0.023785969946416203,-225193233.0,0.32830390545451565,0,0,-1,0,0,-0.0008084074373484064,-0.7656017933251987,0.3246982027007361,0.34988113860860726,0.0157415078707539,0.050556983718937465,0.1323867227188403,0.022022838499184304,0.0
2010-06-21,12.2,12.26,0.0008087343748517811,0.004024150299725327,-0.001650165390958018,-0.04882077077851422,-0.004905978768854518,12.116,12.183,12.322666666666667,0,21,6,12.188493552021676,12.350756683968438,50.0,-0.11993126952402378,-0.1732534098971248,12.727023993278799,11.638976006721201,0.015845164596666236,0.021686719868230876,0.023643686846336866,-232038833.0,0.06249724354082808,0,0,-1,0,0,0.008972267536704685,-0.8414615088844141,0.3278346505121362,0.3442660051443741,0.013289036544850585,0.02434928631402178,0.22843055586090227,0.027868852459016383,0.0
2010-06-22,11.87,12.2,-0.014658242911216337,-0.010496664805342854,-0.021703689983860634,-0.1259971161047614,-0.027421743117634203,12.114,12.184000000000001,12.286333333333335,1,22,6,12.130585633472279,12.31974012371241,36.8421052631579,-0.1366735940306807,-0.16593744672383598,12.725514445547573,11.64248555445243,0.017696180294833247,0.022572543677961306,0.02244792383174197,-238074033.0,-1.159710521415506,0,0,-1,0,0,-0.0008196721311475235,-1.1849544156506848,0.30886894194240144,0.3583280221801732,-0.03886639676113368,0.0016877637130801038,1.130865775477078,0.03959561920808767,0.0
2010-06-23,11.84,11.87,-0.02660173487160352,-0.02798536541807045,-0.017021687569430524,-0.11862636239185247,-0.0025305791657170467,12.113999999999999,12.168000000000001,12.252333333333333,2,23,6,12.077751881931864,12.28878914798903,36.585365853658544,-0.1506264283987946,-0.1628752430588277,12.730984528159725,11.605015471840277,0.01766008670079999,0.021740731215319695,0.022427756571546206,-243434133.0,-1.165218522335464,0,0,-1,0,0,0.0,-1.5110807713324284,0.2857198020295137,0.34512340869860975,-0.02067824648469807,-0.02631578947368418,0.559715031568984,0.02787162162162163,0.0
2010-06-24,11.68,11.84,-0.006762494072297113,-0.002507314309783718,0.0,0.1578935964060839,-0.013605652055778598,12.077,12.136999999999999,12.203666666666667,3,24,6,12.00543335794425,12.249512428763932,43.032786885245905,-0.17260512850602083,-0.16482122014826633,12.736476965011015,11.537523034988983,0.01695106624984526,0.02169630123354961,0.022032350543596632,-249711033.0,-1.5246624196531098,0,0,-1,0,0,-0.004222972972973033,-1.0793918242731875,0.15405231944551975,0.3444181046034971,-0.055780113177041235,-0.05040650406504077,-1.3131042611854649,0.025684931506849223,0.0
2010-06-25,11.64,11.68,-0.007662872745569137,-0.017729463977569228,-0.014699789120289151,0.21501424456136728,-0.0034305350967891368,12.034,12.087,12.161999999999999,4,25,6,11.938990929227113,12.210189046263032,49.52830188679247,-0.19104878097172673,-0.17006673231295844,12.676561835513992,11.497438164486008,0.016872346109968378,0.020515330784586436,0.02184099148393503,-257493633.0,-1.5163803797113002,0,0,-1,0,0,0.0017123287671232511,-0.05641397618868611,0.1641629102731185,0.32567077992145993,-0.05057096247960846,-0.07911392405063289,-1.4327368160289835,0.02233676975945015,0.0
2010-06-28,11.61,11.64,-0.010309369658861213,0.00042580371092558727,0.00260983184237095,-0.21708747827157543,-0.002580646593491737,11.991,12.0455,12.123,0,28,6,11.879174396640366,12.171467172310578,42.70833333333331,-0.20571490434546646,-0.17719636671946004,12.647163483492498,11.443836516507503,0.01687176175787942,0.02032348087852623,0.02181753909007248,-263757533.0,-1.4476530883078962,0,0,-1,0,0,-0.005154639175257774,-1.0632880655147254,0.1696839014809076,0.32262525707854145,-0.04836065573770487,-0.06672025723472674,-1.4116219170403064,0.020241171403962054,0.0
2010-06-29,11.11,11.61,-0.00954454100356986,-0.02369268696959663,-0.039881226639602474,0.15263290156284157,-0.044021192058261556,11.867,11.991,12.063666666666668,1,29,6,11.739324506342117,12.102985419258284,34.599156118143455,-0.2547471673380475,-0.19270652684317754,12.718125559272465,11.263874440727534,0.017632418992719324,0.021941995567299304,0.02288612788949437,-271054333.0,-2.423240357226596,0,0,-1,0,0,-0.012058570198104978,-0.2683310109331912,0.2765811568760587,0.34831838123733344,-0.06402695871946085,-0.08934426229508197,-1.8861194461255018,0.036903690369036915,0.0
2010-06-30,11.11,11.11,-0.031889327489740854,-0.012280856101364397,0.0,0.05945662731067494,0.0,11.769,11.915499999999998,12.012666666666666,2,30,6,11.624901868825367,12.038921843822266,28.24074074074072,-0.290259656379666,-0.21221715275047523,12.6802352483049,11.150764751695096,0.017473144537465984,0.019996800533714134,0.022729706228295826,-271054333.0,-2.10661141038145,0,0,-1,0,0,0.0,0.03208395011249896,0.2831272379733643,0.31743936737502765,-0.06165540540540548,-0.11965134706814584,-1.8227669212357296,0.024302430243024264,0.0
2010-07-01,10.99,11.11,-0.005415175687776656,0.0,-0.032157111634531284,0.14114554261540843,-0.01085983523600856,11.630999999999998,11.8345,11.969666666666665,3,1,7,11.509465165402572,11.971249466801474,26.106194690265482,-0.3243476787754691,-0.23464325795547403,12.63198222220739,11.037017777792611,0.01354199133936839,0.01998064638794559,0.02229926998558319,-279972033.0,-2.117915550925935,0,0,-1,0,0,-0.005400540054005286,0.8972119858782629,0.28318023880083176,0.3171829282609501,-0.05907534246575341,-0.12846946867565423,-1.973412531779998,0.056414922656960804,0.0
2010-07-02,10.75,10.99,-0.0018115946983508252,-0.025023647076153052,-0.011267724846342381,-0.44413919293333987,-0.022080013841858266,11.48,11.770999999999999,11.938999999999998,4,2,7,11.371380589874832,11.892459178620735,23.886639676113376,-0.3665038481308631,-0.26101537599055186,12.698018991459362,10.843981008540636,0.013861483459792082,0.018026682760817297,0.020841019335069152,-285691633.0,-2.202759618533136,0,0,-1,0,0,0.003639672429481269,-1.3064531832689432,0.27828829254408993,0.2861647172914669,-0.07646048109965642,-0.10565723793677206,-1.132204878753303,0.04279069767441868,0.0
2010-07-06,10.63,10.75,-0.0018148825308225006,-0.0036264772291733265,-0.0037842996912395067,0.4284864144460188,-0.011225562219815166,11.323,11.7195,11.896333333333335,1,6,7,11.2365841189885,11.81101019935488,12.280701754385944,-0.40492815348758526,-0.2897979314899586,12.77765082001328,10.66134917998672,0.013594897171115894,0.01714886264837412,0.020429977418888124,-294470833.0,-2.059252763205016,0,0,-1,0,0,0.02418604651162789,1.0487382497065165,0.2588641757845081,0.2722297550112145,-0.08440999138673544,-0.08833619210977695,-1.0840218199623708,0.043273753527751556,0.0
2010-07-07,11.29,10.63,-0.0398385243044353,0.025998774983706344,-0.012398823596854772,0.1180361271705637,0.060237185807713894,11.264999999999999,11.689499999999999,11.877666666666666,2,7,7,11.246296097354227,11.777396638106179,35.074626865671604,-0.37776852773017566,-0.307392050738002,12.7612319971356,10.617768002864398,0.026699957167342827,0.022174800905771806,0.023681921505567544,-284591733.0,-0.7455222034384282,0,0,-1,0,0,-0.004703668861712202,1.7026463675420023,0.5328176706318937,0.3520140514142522,0.016201620162016095,-0.05046257359125328,1.9459702068932239,0.07794508414526137,0.0
2010-07-08,11.43,11.29,0.06760564634488356,0.019281929549450284,0.08284403644981597,-0.09805305395809114,0.012324099645148693,11.224,11.669,11.853333333333332,3,8,7,11.279696806926186,11.75498395177675,31.496062992125985,-0.34101647304581917,-0.31411693519956546,12.744289924184493,10.593710075815508,0.027245546219534966,0.02241148808094961,0.023260382059485166,-275635333.0,-0.44453127407710097,0,0,-1,0,0,0.002657218777679463,1.0596402727881542,0.534724490580516,0.35577134383848524,0.02880288028802891,-0.0346283783783784,1.5640816377295732,0.017497812773403263,0.0
2010-07-09,11.59,11.43,0.008795131452827345,0.015504186535965254,0.008795131452827345,-0.3777553671775553,0.013901179544940979,11.215,11.645999999999999,11.829666666666666,4,9,7,11.336115569303242,11.74433982585567,37.065637065637056,-0.2955723678310598,-0.31040802172586435,12.706553976392607,10.58544602360739,0.027475284912287127,0.022257454823415457,0.023313796871823216,-269496633.0,-0.10560518605659053,0,0,-1,0,0,-0.0008748906386701476,-0.9424834093887124,0.5138081020127693,0.35332614168007404,0.05459508644222022,-0.03817427385892125,1.0549734168293574,0.02415875754961168,0.0
2010-07-12,11.86,11.59,0.006980831141340141,0.018628819833493418,0.006980831141340141,0.39083324883214143,0.023028736217919066,11.236999999999998,11.6355,11.803666666666665,0,12,7,11.43136728397538,11.75180177257466,43.92857142857143,-0.2350612042829603,-0.29533865823728356,12.682449956075452,10.588550043924549,0.028435149275551408,0.022945122557550296,0.023137891844798926,-260422333.0,0.4288648157387572,0,0,-1,0,0,-0.007765314926660902,1.1049723744323947,0.4235190563080949,0.36424252853505845,0.10325581395348826,-0.01739850869925441,0.935055266731575,0.03541315345699831,0.0
2010-07-13,12.1,11.86,0.0425596144187959,0.01993421490081733,0.036709200740620285,-0.13504544516194572,0.020034059033116097,11.286,11.6385,11.792333333333334,1,13,7,11.552936868707128,11.774266174344039,54.24354243542437,-0.16582811370501105,-0.26943654933082906,12.690661184369965,10.586338815630036,0.028917338819364428,0.02340627397999256,0.02332356449842836,-252494333.0,0.8772420173936479,0,0,-1,0,0,0.011804384485666152,0.2931851740306672,0.32446639193836857,0.371563080418214,0.1382878645343366,0.004983388704318914,1.9772272014449723,0.019008264462809954,0.0
2010-07-14,12.06,12.1,0.0,0.0057400731610599805,-0.011804521560545289,-0.05720590116677719,-0.00331126130365592,11.381,11.624,11.787666666666667,2,14,7,11.645130165305833,11.79270061470894,54.04411764705883,-0.11288676793932417,-0.2381265930525281,12.642324733647364,10.605675266352637,0.023955973798167777,0.022646517980882946,0.02306439252474214,-259981533.0,0.8563083770701834,0,0,-1,0,0,-0.008264462809917326,0.0470645733895059,0.16364495012232255,0.3595023278338133,0.06820194862710371,-0.02348178137651813,-1.2471005895980112,0.036484245439469425,0.0
2010-07-15,12.03,12.06,0.0016652793190612488,-0.01648841971249354,-0.0008485363258388636,0.028168279938475812,-0.002490661312451919,11.472999999999999,11.621,11.767999999999999,3,15,7,11.71510649888659,11.808010252469654,56.75675675675676,-0.07251520908655884,-0.20500431625933424,12.633883325748345,10.608116674251656,0.024066601477394735,0.02215413636212527,0.02212280869795254,-267682633.0,0.8075954843028328,0,0,-1,0,0,-0.0033167495854063782,0.1401529974619316,0.1992116940815505,0.3516860119535799,0.05249343832021003,-0.00496277915632759,-0.3105171696337556,0.020781379883624274,0.0
2010-07-16,11.76,12.03,-0.008354267469857813,-0.0016638938946952695,-0.004253515558056426,-0.10589304890503128,-0.02269958751610658,11.55,11.5905,11.739666666666666,4,16,7,11.723268953634483,11.80491281682645,52.127659574468076,-0.0615971477735755,-0.1763228825621825,12.54337874083586,10.63762125916414,0.025338267279477092,0.0219892758735676,0.022454376839731536,-274609933.0,0.3557640500013987,0,0,-1,0,0,-0.009143807148794633,-0.38954416188253604,0.2997570472370084,0.3490689328311147,0.014667817083692913,-0.049312853678253776,-0.22646356187086605,0.023809523809523756,0.0
2010-07-19,11.5,11.76,-0.010118130165584554,-0.017640104620273,-0.04623588436433539,0.5436447831018362,-0.022356907101276448,11.625,11.5525,11.722333333333331,0,19,7,11.68267459842821,11.785241022192487,48.196721311475414,-0.07308189007510002,-0.155674684064766,12.452087624824257,10.652912375175744,0.025372727263610218,0.022392760889900765,0.02117564027259724,-286540633.0,-0.11672014721246653,0,0,-1,0,0,0.003401360544217766,2.664054590275685,0.2792540102954302,0.35547405889686506,-0.030354131534569895,-0.06199021207177813,0.7330370949484971,0.05217391304347838,0.0
2010-07-20,11.47,11.5,-0.040645456431704224,-0.027493140580198732,0.0017841217935016136,-0.1843100043211068,-0.002612104227924955,11.709,11.516,11.716000000000001,1,20,7,11.64400648962308,11.764902891728456,56.97674418604655,-0.08364022788883041,-0.1412677928295789,12.362650365915815,10.669349634084185,0.024828808449771134,0.02238819808576584,0.0204749566298603,-296463133.0,-0.10866350940566002,0,0,-1,0,0,-0.014782608695652167,1.2667702429653185,0.16942067506063524,0.3554016266267324,-0.05206611570247921,-0.059836065573770414,-0.6052681664644116,0.022667829119442002,0.0
2010-07-21,11.37,11.47,0.02096146616567023,0.014699789120289256,0.007104825623744582,-0.42605353158965875,-0.00875662337883473,11.717,11.491,11.698666666666666,2,21,7,11.594187127873429,11.739425285810492,54.850746268656714,-0.09893647286666685,-0.1328015288369965,12.323039978796645,10.658960021203354,0.016287563711619213,0.021710103220459347,0.020169728648359236,-302943333.0,-0.2908514087868691,0,0,-1,0,0,0.008718395815169977,-0.817660340208137,0.15878128299336042,0.34463720435326745,-0.057213930348258835,-0.04212299915754003,-0.34975559728487965,0.030782761653474027,0.0
2010-07-22,11.69,11.37,-0.0008646779613538057,0.014486831966242508,0.018413497015496397,-0.03592993913250739,0.027755467721532326,11.742999999999999,11.4835,11.693666666666667,3,22,7,11.611607650078259,11.736236557693687,62.152777777777764,-0.08426616368557838,-0.12309445580671288,12.304930715917518,10.662069284082481,0.018181504933371173,0.022725133226856292,0.02086162733984798,-296691833.0,0.5027812960934742,0,0,-1,0,0,0.016710642040457458,-1.0200635525081216,0.32856689492470953,0.36075030617443515,-0.02826267664172899,-0.01266891891891897,1.3566417486844842,0.02651839178785291,0.0
2010-07-23,11.82,11.69,0.010327114155849524,0.005904698724738323,0.006926434617869162,0.22026329762939964,0.011059236493975104,11.766,11.4905,11.686,4,23,7,11.649497168245848,11.741640650745707,69.31407942238269,-0.061441663174067074,-0.11076389728018374,12.321313805222026,10.659686194777976,0.01799940285170559,0.022644109398250213,0.020699642223934136,-288899933.0,0.7931981821412912,0,0,-1,0,0,-0.0008554319931565259,-0.10144691742360756,0.3054128784102081,0.35946409276986313,0.005102040816326481,0.011986301369863117,0.4092716628335516,0.025380710659898536,0.0
2010-07-26,12.07,11.82,0.020339684237122783,0.018333846862310325,0.0171090571976191,0.14436204228842403,0.02093002313148793,11.787,11.511999999999999,11.686,0,26,7,11.725952228564784,11.762825124891146,74.82758620689654,-0.02291600991662257,-0.0931943198074715,12.380503855701598,10.6434961442984,0.0177296247517818,0.02306357339888291,0.02107027773672681,-279897933.0,1.2849683886532317,0,0,-1,0,0,0.008460236886632796,0.6353558205202143,0.24643815181238635,0.36612287734757326,0.04956521739130437,0.036941580756013614,-0.07512606490579159,0.02651201325600665,0.0
2010-07-27,12.0,12.07,0.01828812399414856,0.007404394174210089,0.012642393415176527,-0.37917521110257546,-0.005816385321439881,11.777,11.5315,11.684666666666665,1,27,7,11.775779096098459,11.778126729736877,65.36796536796537,0.0019450119792843168,-0.07416645345012035,12.42638076241893,10.636619237581069,0.016614012528529183,0.023108924205779972,0.021093586458380026,-286059133.0,1.047066871196583,0,0,-1,0,0,0.005799502899751474,-1.1754248877062905,0.2573729114000034,0.3668427990884077,0.04620749782040101,0.033591731266150004,-0.05381740263349469,0.02166666666666665,0.0
2010-07-28,12.01,12.0,-0.011599135843351918,-0.004930166107858609,-0.002515724597247247,-0.2949799480680872,0.000832986303891771,11.772,11.5765,11.673333333333334,2,28,7,11.818364714989647,11.793086295560306,63.302752293577974,0.0221985760062271,-0.054893447558850866,12.472650245861704,10.680349754138295,0.016593585944006617,0.020556498394777196,0.020532069536718513,-281471833.0,0.9674716979699386,0,0,-1,0,0,0.0,-1.8858880165901022,0.22203296380430299,0.3263242954732735,0.05628847845206697,0.08100810081008114,0.012485145370934923,0.01915070774354708,0.0
2010-07-29,12.01,12.01,0.028749413285985792,0.020383910009698858,-0.00800847272833768,0.2453527460219254,0.0,11.77,11.621500000000001,11.670666666666666,3,29,7,11.853207494082438,11.807080728104804,60.39603960396039,0.037813777725270725,-0.036352002502026554,12.509366158714002,10.733633841286,0.016575647746627484,0.020556498394777196,0.020170037908050675,-281471833.0,0.8751319017783233,0,0,-1,0,0,0.028309741881765185,-1.0639340980761898,0.16953634417285834,0.3263242954732735,0.0273738237810095,0.08100810081008114,0.8051019218033988,0.0478767693588677,0.0
2010-07-30,12.05,12.01,-0.04640434852470672,-0.022032714999882803,-0.008073126490004546,-0.19305283007173324,0.003325023844771916,11.799000000000001,11.6745,11.659999999999998,4,30,7,11.888987949703813,11.822752939194817,55.30726256983243,0.05280786707523255,-0.018520028586574734,12.52958940745217,10.81941059254783,0.014590409697035032,0.02025806805956929,0.019703538141152253,-276638233.0,0.8782707322239983,0,0,-1,0,0,-0.018318068276436356,-1.4481522272070992,0.1620059350466309,0.321586860769447,0.019458544839255465,0.09645131938125573,1.6185533420467066,0.03319502074688785,0.0
2010-08-02,12.31,12.05,0.029254071082072848,0.01636697746420541,0.028597407150172706,0.017005363587803447,0.021347280259698065,11.879999999999999,11.752500000000001,11.661666666666665,0,2,8,11.96553559521221,11.854188233440315,55.80110497237571,0.08469431466195054,0.0021228400631303213,12.53393929285715,10.971060707142852,0.012825323444670968,0.019567007024319925,0.020048282048883335,-271721733.0,1.4268542805459192,0,0,-1,0,0,0.00746887966804978,-1.3478991554741155,0.16486731303280455,0.310616606929227,0.01988400994200501,0.14511627906976754,1.6396877486690398,0.02112103980503654,0.0
2010-08-03,12.07,12.31,0.009020151359383744,-0.0032520353863773432,-0.007490671729157626,0.02206733616760787,-0.019688905086922018,11.940000000000001,11.8245,11.657333333333332,1,3,8,11.984529123355443,11.86811157321836,50.24875621890547,0.0895660976468502,0.019611491579874296,12.411677907228158,11.237322092771842,0.015122949427921095,0.020056237799266435,0.02035436993176781,-276747933.0,0.8362031233733264,0,0,-1,0,0,-0.00487408610885463,-1.1624187846345897,0.2313614826525774,0.31838290471459424,0.005833333333333357,0.13546566321730946,-0.07012359258840142,0.025683512841756313,0.0
2010-08-04,12.15,12.07,-0.010668956349567615,0.0,0.006661140366782222,0.10951208649857691,0.006606134677117269,12.018,11.867500000000001,11.666666666666666,2,4,8,12.014614737290817,11.886297923333306,52.91262135922333,0.09874409175015408,0.03543801161393026,12.414448472508088,11.320551527491915,0.014308751186824556,0.015227468558611082,0.019739555754868948,-271140033.0,1.0330040733254726,0,0,-1,0,0,0.004142502071250947,-0.7863082932533789,0.2343439515325612,0.24172856941884063,0.011656952539550458,0.0761736049601418,-0.440852127456255,0.018930041152263263,0.0
2010-08-05,12.06,12.15,-0.005792320704504322,-0.002445985728260414,-0.004158010148663788,-0.6089035883430418,-0.00743497848751809,12.055,11.899000000000001,11.674000000000001,3,5,8,12.02286660323794,11.897504508924705,57.97872340425533,0.09763005189661733,0.04787641967046768,12.411328019924705,11.386671980075297,0.012731878232719271,0.015281841691119272,0.019789364680860993,-274190433.0,0.6285035904288876,0,0,-1,0,0,-0.00823045267489709,-1.81366166541338,0.24480562907892486,0.242591716138562,0.004163197335553814,0.0551181102362206,-0.01037455128377636,0.020729684908789386,0.0
2010-08-06,11.95,12.06,-0.010008423826839334,-0.011494379425735134,-0.016807118316381174,0.30588189019460776,-0.009162912921519837,12.068,11.917,11.683,4,6,8,12.00961812992195,11.900891314800532,63.005780346820764,0.08686970669061012,0.05567507707449616,12.408489679711709,11.425510320288291,0.012938958134136369,0.0152643398688383,0.019695829025140936,-278332333.0,0.13428562739854927,0,0,-1,0,0,-0.010779436152570545,-1.1960362861809366,0.25292672305863584,0.24231388332308662,-0.008298755186722073,0.03106125970664353,0.6741334806187647,0.025941422594142154,0.0
2010-08-09,12.14,11.95,0.0041823565774785736,0.003297612221556673,0.012623378670050164,0.06920692102333746,0.01577450725383267,12.075,11.931,11.699666666666667,0,9,8,12.033323924481595,11.916317681587595,67.72486772486766,0.09260596378913988,0.06306125441742491,12.43152183295348,11.430478167046518,0.012118505662367194,0.014794443423400402,0.01986318088550614,-273893633.0,0.8351284049558161,0,0,-1,0,0,0.0025104602510461205,-0.9590692028357479,0.22145692065934083,0.23485450850359516,-0.01380991064175463,0.02360876897133224,0.3279916474493254,0.01648270181219117,0.0
2010-08-10,11.9,12.14,0.0016680571006970134,-0.009094729905882622,-0.02284493274158828,0.31851722025628126,-0.019967385513868497,12.065000000000001,11.921,11.709333333333335,1,10,8,12.009083210939487,11.915264927936782,63.05418719211823,0.07689954454965253,0.06582891244387044,12.415257550590528,11.42674244940947,0.013652046360262475,0.014799795559063952,0.02023219057654461,-279997233.0,-0.0849759400737881,0,0,-1,0,0,-0.011532125205930853,-0.14464880832772237,0.222766091886309,0.23493947102328816,-0.014084507042253502,-0.016528925619834656,0.30628657360984707,0.030252100840336086,0.0
2010-08-11,11.43,11.9,-0.025317807984289897,-0.028645598076964564,-0.022511773172216875,-0.2903507239611857,-0.040296922310764496,12.007,11.8895,11.719999999999999,2,11,8,11.903795354405034,11.883957513231184,44.036697247706435,0.026224719851484224,0.057908073925393204,12.42503613077774,11.35396386922226,0.018297790484609777,0.01715620582440893,0.019972751595880096,-284562733.0,-1.7160373449787032,0,0,-1,0,0,-0.01680672268907572,-0.790839212300667,0.31987689180690637,0.2723463243169434,-0.059259259259259345,-0.052238805970149294,0.024333086866772075,0.024496937882764597,0.0
2010-08-12,11.43,11.43,-0.04278260471964174,-0.008583743691391442,-0.026620915405427863,0.10874979348817355,0.0,11.949000000000002,11.8595,11.730666666666666,3,12,8,11.817650744513209,11.8546699317324,40.487804878048784,-0.01377663533769713,0.04357113207277514,12.428098461593327,11.290901538406674,0.018297790484609777,0.01716561027472597,0.019972751595880096,-284562733.0,-1.510732191559067,0,0,-1,0,0,-0.01924759405074356,-0.48889904965697856,0.3306861036126314,0.27249561533748023,-0.052238805970149294,-0.04987531172069826,-0.2594908218488715,0.04199475065616802,0.0
2010-08-13,11.4,11.43,0.015051191614116418,-0.009528006251654583,0.015172089339134347,-0.5363953399562629,-0.002628122406269469,11.883999999999999,11.8415,11.744333333333335,4,13,8,11.741714245510806,11.825336387749665,31.69398907103829,-0.04735289213449079,0.025386327231321955,12.445077928514175,11.237922071485825,0.018100136467638063,0.016507931542604274,0.01985968188586943,-287539633.0,-1.4629428252515382,0,0,-1,0,0,-0.004374453193350738,-1.321744044190389,0.33556947074125715,0.2620552891308586,-0.046025104602510414,-0.030612244897959107,-0.5347210903248933,0.0175438596491229,0.0
2010-08-16,11.34,11.4,-0.00528635592314806,-0.002396254278081042,-0.0053286094112187645,0.11217989941840556,-0.005277057100843781,11.787,11.833499999999999,11.764000000000001,0,16,8,11.668675291781568,11.794024362733559,31.868131868131897,-0.07790576692246809,0.004727908400563946,12.459944436146525,11.207055563853473,0.015455267450157892,0.015812035512025126,0.019416210967532335,-290869933.0,-1.5755587296319071,0,0,-1,0,0,-0.007017543859649129,-1.2004350283689118,0.2612587395220021,0.2510082821192421,-0.06589785831960471,-0.013913043478260834,-1.2837326518853576,0.020502645502645498,0.0
2010-08-17,11.5,11.34,0.012291638511556718,0.009334703623001981,0.013268659947833175,-0.26763591984194307,0.01401073706959837,11.73,11.834999999999999,11.793,1,17,8,11.63800705691219,11.775055049008815,37.05583756345181,-0.08819185666321694,-0.013856044612192232,12.457913358848218,11.21208664115178,0.016322720571398528,0.01613774614869284,0.019375283823301136,-288321633.0,-1.0755909958952277,0,0,-1,0,0,0.01058201058201067,-1.6126166231246681,0.314714465865531,0.2561787781831898,-0.03361344537815125,0.0026155187445509043,-1.3958989083907496,0.01652173913043474,0.0
2010-08-18,11.54,11.5,0.002614380574070672,0.005172425324987914,0.001755926702264791,0.44613169283681886,0.003472225710749057,11.669,11.8435,11.801333333333334,2,18,8,11.620187592019064,11.759890207137278,38.30845771144279,-0.09205484028730027,-0.02949580374721384,12.443930547278578,11.243069452721423,0.016108731307701973,0.01601075801002601,0.015820235590136227,-284340533.0,-1.0109412366695885,0,0,-1,0,0,-0.0008695652173912858,-0.6478572050806357,0.11957218887748587,0.2541629039769853,0.00962379702537186,0.014951627088830355,1.2964546514334623,0.019930675909878723,0.0
2010-08-19,11.2,11.54,-0.0026143805740707093,-0.006902529562770463,-0.030278359306261018,0.46276213027423,-0.02990548277890462,11.583,11.818999999999999,11.793666666666667,3,19,8,11.543789848015596,11.723768258289713,31.601731601731586,-0.12115484352226957,-0.04782761170222499,12.48248045622269,11.155519543777308,0.01788404098714154,0.016026614529611714,0.01659382261163681,-290664333.0,-1.8659178102217897,0,0,-1,0,0,-0.006932409012131569,0.8185818449948468,0.25543900297328664,0.25441461842188207,-0.02012248468941391,-0.041916167664670656,-1.0299021586809411,0.043750000000000025,0.0
2010-08-20,11.27,11.2,-0.0319176029683052,-0.02365419089788983,-0.0036231923694203952,-0.27971239677737364,0.006230549750636163,11.515,11.791500000000001,11.783,4,20,8,11.494009875649123,11.69449288678715,25.471698113207566,-0.13698926379442788,-0.06565994212066557,12.498942391182572,11.08405760881743,0.018357265222317953,0.01585255822455867,0.01641905752831972,-285883533.0,-1.4743249952218855,0,0,-1,0,0,-0.008928571428571397,-0.05878844763489985,0.265901240945482,0.2516515602381232,-0.01140350877192986,-0.04653130287648055,-1.351406628778144,0.023070097604259078,0.0
2010-08-23,11.05,11.27,0.01785761740000647,0.01583146521668088,0.0018132371241807218,0.020229899049561142,-0.01971390008792297,11.406,11.7405,11.756,0,23,8,11.413280807349283,11.652912700542819,25.71428571428575,-0.1653838749615666,-0.08560472868884578,12.50792837828002,10.973071621719981,0.01710352940617067,0.015290189500256067,0.016110131299107384,-290762033.0,-1.7995164618425155,0,0,-1,0,0,0.0026619343389530734,0.20111195215455338,0.29409502118159503,0.24272423350037117,-0.025573192239858877,-0.08450704225352113,-0.5615295958673914,0.038009049773755806,0.0
2010-08-24,11.01,11.05,-0.03603993648319693,-0.029218545999140103,-0.023832475368098148,0.3307015073437634,-0.0036264772291733265,11.316999999999998,11.691,11.719666666666665,1,24,8,11.339957024194867,11.611434461798122,22.33009708737866,-0.18893653185933523,-0.10627108932294368,12.513675993009235,10.868324006990767,0.016756715801841984,0.015286652059136556,0.015541742607566507,-297552633.0,-1.6555728033560273,0,0,-1,0,0,-0.013574660633484194,1.8431439016632258,0.2440913915984346,0.2426680783634926,-0.042608695652173956,-0.08250000000000002,-0.6067078400675368,0.03178928247048151,0.0
2010-08-25,10.94,11.01,0.0,-0.010840214552864946,0.0,0.12257230276951513,-0.006378153740753431,11.268,11.6375,11.682333333333332,2,25,8,11.267237565250344,11.56811610942405,22.54901960784315,-0.2108203908891042,-0.1271809496361758,12.510459274386216,10.764540725613783,0.012483176788957112,0.0152469540041432,0.015553632735637176,-305228733.0,-1.5980126919217785,0,0,-1,0,0,-0.009990917347865525,2.1454778511061874,0.22252750355775547,0.24203789127722028,-0.051993067590987874,-0.0890924229808493,-0.3565260159055571,0.021023765996343733,0.0
2010-08-26,10.82,10.94,0.006401485052040889,0.009041652916949946,-0.0018570107472126599,-0.1359891540204737,-0.01102952357549962,11.206999999999999,11.578,11.642,3,26,8,11.185921644295735,11.519850553977337,22.439024390243944,-0.23513600248349142,-0.14877196020563893,12.504626024604194,10.651373975395805,0.012545006597411298,0.015272184886238303,0.015618570503341348,-311928833.0,-1.6360429771520315,0,0,-1,0,0,0.0027422303473492813,1.327080778252725,0.15055727526651796,0.2424384191135149,-0.03392857142857131,-0.09908409658617812,0.08337769988475398,0.032347504621072054,0.0
2010-08-27,11.13,10.82,-0.008238032859342291,0.0035938942545892623,0.0009289364346588147,-0.21659424745102998,0.028247891869118028,11.180000000000001,11.532,11.621,4,27,8,11.175754072605601,11.494698905333639,26.72811059907835,-0.22677773803483703,-0.16437311577147856,12.451281183717446,10.612718816282554,0.016567043220139282,0.01696298315331706,0.01624458692839967,-306533533.0,-0.874596384915368,0,0,-1,0,0,0.005545286506469547,0.34975297471594047,0.2913997971434241,0.2692790095047311,-0.012422360248447117,-0.07634854771784227,1.621944259567829,0.034141958670260625,0.0
2010-08-30,10.99,11.13,0.021819047394639673,0.008039346559417185,0.010161750259499513,0.029548185249444314,-0.012658396871923465,11.145,11.466,11.604000000000001,0,30,8,11.141980604859127,11.462137685634694,28.019323671497588,-0.22881296972851572,-0.177261086562886,12.338441221063434,10.593558778936565,0.016872567130547637,0.01596065395157095,0.015921809407350353,-312090633.0,-1.0911909903105996,0,0,-1,0,0,-0.0008984725965859445,0.44206037047638036,0.2689513665241273,0.2533675267069025,-0.005429864253393757,-0.10722989439480102,1.9934280928296602,0.032757051865332065,0.0
2010-08-31,11.05,10.99,-0.013581014535297354,-0.006247231384435739,-0.0009195402946786571,-0.0856593947076741,0.005444659548231764,11.1,11.415,11.59,1,31,8,11.125256858521103,11.435548157529231,38.55421686746991,-0.22301364447736738,-0.1864115981457823,12.257515031882232,10.572484968117767,0.01610199275290319,0.01578616087522347,0.01596855267924077,-306989733.0,-0.8664533834715458,0,0,-1,0,0,-0.0018198362147406346,0.10814757812997405,0.27104193568454454,0.2505975349937943,0.0036330608537693543,-0.08450704225352113,1.4372321894673716,0.02714932126696839,0.0
2010-09-01,11.5,11.05,0.02074950401390991,0.03258764799884413,0.02722491194799125,0.1893089227084565,0.03991660740544242,11.096,11.382499999999999,11.594333333333333,2,1,9,11.19339197515363,11.439706340914443,51.65876777251185,-0.18003111165122831,-0.1851355008468715,12.152677696515996,10.612322303484001,0.021419486267845407,0.018614501694064665,0.01762292323553432,-300825733.0,0.30512439020638643,0,0,-1,0,0,0.013574660633484033,0.8475976924200611,0.37746497720138417,0.2954960535713138,0.051188299817184646,-0.053497942386831254,0.40042395793060576,0.03217391304347819,0.0
2010-09-02,11.53,11.5,0.02990548277890454,0.009486918931756209,0.015986130846302245,-0.17914684811178205,0.002605298911763173,11.129000000000001,11.355999999999998,11.589,3,2,9,11.254593434216606,11.445531738274802,53.080568720379134,-0.1419105390763189,-0.176490508492761,12.061807488290174,10.650192511709822,0.01877996266983724,0.01861255296383732,0.01684251825024058,-295672733.0,0.4930522922660331,0,0,-1,0,0,0.0034782608695651434,0.051589324719636016,0.33979068574538984,0.29546511843799034,0.06561922365988893,-0.04394693200663358,0.29766349802920716,0.026019080659150106,0.0
2010-09-03,11.57,11.53,0.01034491984239295,0.004282661792000728,0.01138864696400881,-0.26454790050490723,0.0034632069246175183,11.159,11.337,11.580666666666668,4,3,9,11.311940082540858,11.453561948708685,55.50239234449762,-0.10723589630023511,-0.16263958605425582,11.994270272054422,10.679729727945578,0.01874811698868051,0.018574757276467756,0.016720756609081327,-291717533.0,0.7089929665363234,0,0,-1,0,0,0.011274934952298421,-0.8428664311995226,0.3125269548238661,0.2948651305015267,0.039532794249775405,-0.03179916317991627,1.4392132934924777,0.019014693171996444,0.0
2010-09-07,11.44,11.57,-0.014687089061681983,-0.015504186535965199,-0.015803665173125456,-0.07907188390287057,-0.011299555253933394,11.198,11.302000000000001,11.559666666666667,1,7,9,11.335223703897064,11.452686984275868,48.54368932038834,-0.08921746225857241,-0.14795516129511915,11.843599968903233,10.76040003109677,0.01781252023098142,0.018228543699290646,0.016310006244292307,-295372033.0,0.5096012109434037,0,0,-1,0,0,-0.006914433880726022,-1.015922740451906,0.3070721326000239,0.28936916034717847,0.04094631483166511,-0.05766062602965416,1.5392085998811533,0.01923076923076913,0.0
2010-09-08,11.51,11.44,-0.0043611059090125324,0.01379332213233577,0.007933051740795921,0.05341172207698348,0.0061002367821393535,11.248,11.2825,11.543333333333333,2,8,9,11.367001212279416,11.456384598193553,49.28229665071772,-0.06849968673010665,-0.13206406638211665,11.757423816605513,10.807576183394488,0.0176383813331678,0.017876443220569586,0.016350722132035443,-291517033.0,0.9580483944816294,0,0,-1,0,0,0.0,-0.7858095229687458,0.3067362088320323,0.2837797385279622,0.04162895927601795,-0.032773109243697474,1.510816964483362,0.02519548218940045,0.0
2010-09-09,11.48,11.51,0.016471980578921276,-0.0034305350967891368,0.004380208492560977,-0.06124089468263351,-0.002609831842370897,11.302,11.285,11.525666666666668,3,9,9,11.38754644641043,11.457908172503647,57.86516853932587,-0.053880350498628715,-0.11642732320541907,11.763704391808806,10.806295608191194,0.01741820885129977,0.015495735161998207,0.016347600246048314,-295143033.0,0.8146990223473143,0,0,-1,0,0,0.01042571676802789,-0.9004723390410215,0.1090556691917471,0.2459871697245986,-0.0017391304347825765,0.004374453193350947,-1.2350492325302973,0.01742160278745654,0.0
2010-09-10,11.52,11.48,-0.009503311262827925,-0.00430478495163152,-0.0017497817237875951,-0.25391413269252,0.0034782643763247925,11.372,11.2895,11.509333333333334,4,10,9,11.411628910699442,11.461914096858251,57.14285714285714,-0.0386215503115892,-0.10086616862665311,11.77557883267958,10.80342116732042,0.01652602306079408,0.015511391258886762,0.0163700620451175,-292330133.0,0.9484058325656131,0,0,-1,0,0,0.0034843205574912146,-1.3337409473811632,0.1107064001783916,0.2462357025578129,-0.0008673026886383273,0.007874015748031482,-1.2692348221912777,0.014756944444444439,0.0
2010-09-13,11.48,11.52,0.011221524743964489,0.0077353200484207366,-0.0061484603004524595,0.4914489429275597,-0.003478264376324697,11.407,11.293499999999998,11.490333333333334,0,13,9,11.424060017844997,11.463080929319009,63.69426751592355,-0.029417401443549096,-0.08657641519003231,11.784697248406685,10.802302751593311,0.014748905937543418,0.015521548035937574,0.01635141429622806,-296928333.0,0.7593690746638301,0,0,-1,0,0,0.01128472222222229,-0.1754323005905346,0.10730994993132736,0.24639693639500315,-0.007778738115816752,0.007017543859649145,-0.46214468433549993,0.028745644599303143,0.0
2010-09-14,11.5,11.48,-0.02081601613772534,-0.005150225976315905,-0.005300365765841052,0.09213790619802899,0.0017406444777838966,11.458,11.3015,11.463333333333335,1,14,9,11.437867287327723,11.465462804846815,65.80645161290325,-0.0202754910603975,-0.07331623036410535,11.801027144829233,10.801972855170769,0.013705254951871547,0.015464458262318155,0.015777720491269,-291886333.0,0.7947516048116204,0,0,-1,0,0,-0.006097560975609781,0.08285104746225691,0.0644427160378825,0.2454906643345914,0.005244755244755206,0.014109347442680775,0.0184832288353423,0.02869565217391305,0.0
2010-09-15,11.8,11.5,0.0026258220776675858,0.019600116157375107,0.013198607790081125,0.2903312773832536,0.025752496102414764,11.533,11.316500000000001,11.454333333333333,2,15,9,11.503709598722683,11.48704584969541,74.15730337078656,0.011049657998315254,-0.05644305269162123,11.85742610644317,10.775573893556833,0.01530323942720122,0.016219924384516103,0.016237417028057182,-285145833.0,1.787674857030767,0,0,-1,0,0,-0.005217391304347869,1.240518886312731,0.19233652073727572,0.25748331723421203,0.02519548218940071,0.026086956521739202,1.9227225358826912,0.034745762711864414,0.0
2010-09-16,11.95,11.8,0.026737254638516113,0.009239880941345681,0.019905460346812884,-0.16036135612603905,0.012631746905900564,11.578,11.337,11.447666666666667,3,16,9,11.58485330804583,11.516913859392481,81.21546961325966,0.047432043636927546,-0.03566803342591148,11.940990240423215,10.733009759576785,0.010040446516405831,0.016412092941877454,0.01636860764441366,-279404033.0,2.0298341230496395,0,0,-1,0,0,-0.00423728813559328,0.40592159135078404,0.18452063279071357,0.26053389850971714,0.04094076655052259,0.035528596187174966,1.0599609559778753,0.024267782426778323,0.0
2010-09-17,11.83,11.95,0.018550278979713924,0.005004180584575729,0.008532474973720743,-0.34398234128630095,-0.0100926003872242,11.608,11.368500000000001,11.44,4,17,9,11.629425433855678,11.537112965238128,71.60493827160495,0.06582357604738398,-0.01536971153125239,12.007125992185493,10.729874007814509,0.010973528115634568,0.014971747677341838,0.01641436839213587,-283474633.0,1.445290375421972,0,0,-1,0,0,0.0016736401673641298,-0.8253438273594964,0.2261713451917199,0.23766912627753245,0.02690972222222232,0.05625000000000013,0.6917350898328692,0.021132713440405747,0.0
2010-09-20,12.17,11.83,-0.008389310948305223,0.014044014386118624,0.008460287349391181,0.10226281258988366,0.028335229009140445,11.668,11.413499999999999,11.447333333333335,0,20,9,11.727711718609191,11.57794438683567,82.41758241758247,0.10660527721173274,0.009025286217344637,12.143237515895553,10.683762484104445,0.013748422737354762,0.01604696146988621,0.01716781954124544,-278965733.0,2.0733482478877456,0,0,-1,0,0,0.0033812341504648475,-0.46618656018333293,0.25965176872863766,0.25473761608532647,0.06010452961672463,0.07985803016858917,-0.36304062168081647,0.026294165981922784,0.0
2010-09-21,12.16,12.17,0.025781053660174413,0.007355979225816284,0.008389310948305334,0.2274943381531155,-0.0008220304614148749,11.739999999999998,11.469,11.448,1,21,9,11.806309587952974,11.615496361878531,81.35593220338988,0.13654415673124376,0.03452906032012446,12.249415543830825,10.688584456169174,0.012725430638055066,0.015124505653827454,0.01692880073540305,-284626433.0,1.7708514533375133,0,0,-1,0,0,0.0008216926869350688,0.4082458190712949,0.26648632112666837,0.24009408397690682,0.05739130434782602,0.10045248868778267,-0.27125384665894664,0.025493421052631474,0.0
2010-09-22,12.08,12.16,-0.004938281640582566,-0.006535970979785533,0.005000010416705619,-0.04772284482709887,-0.006600684031352024,11.797,11.522499999999999,11.453999999999999,2,22,9,11.856071481052432,11.64546433853153,70.71428571428577,0.152062718671246,0.05803579199034877,12.317004148576565,10.727995851423433,0.013351881430891369,0.015226413915106238,0.01655971924209171,-290023333.0,1.403391035777014,0,0,-1,0,0,-0.003289473684210602,0.2682460743211033,0.25313603557708725,0.24171182747222675,0.023728813559321882,0.09718437783832878,0.9546769663143435,0.014072847682119199,0.0
2010-09-23,11.87,12.08,-0.00995033085316798,-0.00575422878325204,-0.01755129810396199,-0.22623342447119452,-0.017536983885092283,11.836,11.568999999999999,11.468666666666667,3,23,9,11.858603939042897,11.659950510239174,60.75949367088608,0.14573609091858408,0.07557585177599584,12.328027078083023,10.809972921916975,0.014994720055468374,0.01583738615903877,0.01514357792341002,-294327533.0,0.7931205847364412,0,0,-1,0,0,-0.006622516556291397,-0.5636632523323803,0.28237120888836104,0.25141071116467817,-0.006694560669456062,0.0850091407678244,1.615350485496465,0.026057287278854285,0.0
2010-09-24,12.28,11.87,0.002496880198587146,0.01554223514941489,0.013386360804677805,0.06439766042027006,0.03395771409741986,11.912,11.642,11.497000000000002,4,24,9,11.935221404671461,11.69995370312697,68.2051282051282,0.171825073836942,0.09482569618818507,12.378209352376336,10.905790647623663,0.017931874911625987,0.016783538812033278,0.0163044090329341,-289737033.0,1.7332026493297419,0,0,-1,0,0,0.013479359730412819,-0.2115284689052157,0.3610232631580147,0.26643041889744296,0.03803888419273038,0.1349353049907578,0.3309388987752091,0.027687296416938102,0.0
2010-09-27,13.35,12.28,0.02463178718966542,0.13919713016019997,0.02798536541807032,2.067371385800046,0.08354446212726206,12.099,11.753,11.562,0,27,9,12.192453876549378,11.806408302925231,83.04498269896197,0.2756631650255468,0.1309931899556574,12.77725531356613,10.72874468643387,0.03067004704038817,0.024273005953258146,0.022417196180467083,-253453633.0,3.1183631245997763,0,0,-1,0,0,0.0040716612377850745,4.209401094856071,0.6760178354188878,0.3853220239458681,0.09695973705834016,0.19946091644204844,1.2901640050739207,0.13782771535580524,0.0
2010-09-28,13.24,13.35,0.09139483479585458,-0.04255961441879589,0.05679759839313304,-0.8943576011184775,-0.00827383433739636,12.273,11.8655,11.625333333333334,1,28,9,12.382916808085852,11.898898089833281,79.52218430034134,0.3451014055291495,0.17381483307035583,13.02254660325557,10.708453396744432,0.03132704196873796,0.024084841274552002,0.022473054213186083,-268288833.0,2.3758766433998124,0,0,-1,0,0,0.011985018726591771,1.091423417670291,0.6918478369716362,0.38233500227357115,0.08881578947368429,0.20473157415832577,1.3093615957985913,0.04003021148036262,0.0
2010-09-29,13.19,13.24,-0.02245603343787344,-0.022355625502661645,0.0022979711376237273,-0.7059689996918642,-0.0037835837796390288,12.412,11.9725,11.681666666666667,2,29,9,12.529659206615698,11.982194987263393,78.98305084745763,0.3915832018720966,0.217368506830704,13.205329437129315,10.739670562870685,0.031534625730005844,0.024256782250100604,0.022471665841204445,-275611933.0,1.975131292833158,0,0,-1,0,0,-0.002265861027190284,0.05542979589121069,0.6858624899717294,0.3850644806424718,0.0918874172185431,0.1936651583710407,1.3022214733683377,0.015163002274450287,0.0
2010-09-30,13.07,13.19,0.0015128595926304088,0.017183837100267718,-0.005370170174593862,0.2070016240831601,-0.009139439093092646,12.524,12.051,11.732666666666665,3,30,9,12.627902987231025,12.052375955827046,75.57755775577562,0.41396542747557774,0.25668789095967876,13.355032611797537,10.746967388202464,0.032198566459735935,0.023387365254269325,0.022614363904589197,-284619233.0,1.5628443503347136,0,0,-1,0,0,0.0030326004548901385,0.2648628540585415,0.6606432046317299,0.37126291370297715,0.10109519797809607,0.13652173913043475,1.403068404653955,0.03825554705432287,0.0
2010-10-01,12.94,13.07,0.0,-0.01944713493552155,-0.0061728591070809675,-0.45362958682989735,-0.009996238563376125,12.635,12.121500000000001,11.790666666666665,4,1,10,12.684647898643565,12.109642023193043,73.39743589743588,0.4164134341167607,0.2886329995910952,13.458964608484004,10.784035391515998,0.03219216402751434,0.023668895674084155,0.021875327913428264,-290341733.0,1.223957620722026,0,0,-1,0,0,0.01224177505738333,-0.18549800619847873,0.6747726240369993,0.37573207056695507,0.05374592833876224,0.12228967909800526,2.218827663785824,0.024729520865533254,0.0
2010-10-04,12.82,12.94,-0.023710479772408564,-0.01139397058705358,-0.02365213240583804,0.13317964881273403,-0.009316837580230438,12.7,12.184,11.842333333333334,0,4,10,12.709257371617461,12.155471570083815,70.4968944099379,0.4040132862246182,0.3117090569177998,13.529751990915305,10.838248009084694,0.03190522684390306,0.02391203994433556,0.022029004076568524,-296879433.0,0.9451964467352251,0,0,-1,0,0,-0.001545595054095794,-0.09263738486980033,0.03927893428464955,0.37959186619772806,-0.03970037453183517,0.10803802938634388,1.9108667263838628,0.03681747269890792,0.0
2010-10-05,13.02,12.82,0.0038624999738967676,0.005333345975362603,0.02519892312413666,0.20932813486121812,0.01548018528789908,12.786,12.263,11.908,1,5,10,12.765756031323377,12.211247597820345,69.55128205128204,0.4056483465800671,0.3304969148502533,13.610357647983191,10.915642352016809,0.031957387202421215,0.023680982594449163,0.021636427538177527,-288819433.0,1.12368085954479,0,0,-1,0,0,0.011700468018720777,0.08583770679095018,0.1722464220747999,0.3759239444793698,-0.0166163141993958,0.13811188811188813,1.972774465229128,0.016897081413210495,0.0
2010-10-06,12.94,13.02,-0.0007713074042238699,-0.004569695690065297,-0.01714773116077828,-0.0777603679568791,-0.006163347707668688,12.872,12.3345,11.972333333333333,2,6,10,12.797436752900943,12.258263881831935,66.22950819672133,0.39592483721091476,0.3435824993223856,13.665276979219612,11.003723020780388,0.03193670985353322,0.023856191955540135,0.02167880214152571,-296276433.0,0.9099947015240274,0,0,-1,0,0,-0.004608294930875478,-0.02201151864781982,0.1734761222380416,0.37870530686027315,-0.018953752843062888,0.12423979148566455,2.1406534752796063,0.029366306027820636,0.0
2010-10-07,12.88,12.94,0.0015420203518151968,-0.005357839070352131,0.01016825342925258,-0.7812978557724746,-0.004647568396546851,12.972999999999999,12.4045,12.037,3,7,10,12.812448252373498,12.29837588945568,67.55852842809367,0.37900841434663946,0.35066768232723644,13.692623482148726,11.116376517851275,0.03108315261652556,0.023899618991622212,0.02164827250224408,-299690333.0,0.7382832571405593,0,0,-1,0,0,0.0030911901081917253,-0.579856839915964,0.1676411860049468,0.37939468968617196,-0.014537107880642663,0.12195121951219523,2.0015684729743097,0.013975155279503083,0.0
2010-10-08,13.04,12.88,-0.004633212921488143,0.003829954892299022,0.0023319093349787427,0.25986682096082075,0.012345835822299141,13.049000000000001,12.4805,12.111,4,8,10,12.853821297396498,12.346222606264993,65.48042704626334,0.3741991552438986,0.3553739769105689,13.72760148154147,11.233398518458529,0.02979360151631882,0.023933028593633478,0.021448433602359984,-295263333.0,0.8972806275691914,0,0,-1,0,0,0.0031055900621117347,-0.45384758099444145,0.18277212370835497,0.37992505067611265,0.007727975270479082,0.13194444444444442,0.5540015958724429,0.015337423312883382,0.0
2010-10-11,12.86,13.04,0.0077101384259672615,-0.0011474470564769093,-0.007012105085456345,-0.09880623192516176,-0.013899837689033597,13.0,12.5495,12.168666666666667,0,11,10,12.854944697869861,12.379369534893058,61.74496644295302,0.35180786500392713,0.35466075452924056,13.713458309978572,11.385541690021428,0.00978215043809168,0.024268254222015482,0.021333750331133394,-299273833.0,0.5335242634346855,0,0,-1,0,0,-0.001533742331288311,-0.5067335623052018,0.20160083080230834,0.3852465925508775,0.0031201248049921304,0.12020905923344949,0.2887778529331096,0.021384136858475924,0.0
2010-10-12,12.99,12.86,-0.017823021189671877,-0.0011487652038732596,-0.0015649455463033672,0.29284265218888433,0.010058111873035002,12.975,12.624,12.235333333333333,1,12,10,12.879500207348068,12.418765048770926,65.01650165016503,0.340625995271715,0.35185380267773547,13.69189315452128,11.556106845478721,0.010526373180899743,0.024263802271479507,0.021088361897021995,-293898833.0,0.6854618337994164,0,0,-1,0,0,-0.005443234836702978,-0.3196802019080984,0.17844804837541317,0.3851759200270734,-0.0023041474654377225,0.12956521739130444,0.17930994494490515,0.021555042340261826,0.0
2010-10-13,12.97,12.99,0.019357940907755566,0.0015313938674280428,0.011677828310007913,0.036426114222265445,-0.0015408323541556714,12.953,12.682500000000001,12.299333333333333,2,13,10,12.895954715102963,12.45432859401151,69.36619718309865,0.3263880518032085,0.3467606525028301,13.686615216706109,11.678384783293893,0.010504743785897802,0.023865969597305987,0.021130891347050255,-299473233.0,0.5726434481156701,0,0,-1,0,0,0.0038491147036180855,-0.28333574331866446,0.17200496984232902,0.37886052211139987,0.0023183925811438577,0.0991525423728814,-0.16476322348970399,0.011565150346954538,0.0
2010-10-14,12.86,12.97,-0.005382558170154293,-0.0038328908557074405,-0.012461220437812002,-0.454510040664012,-0.008517279518879312,12.931999999999999,12.728,12.344666666666667,3,14,10,12.88941749417515,12.480500942784962,61.417322834645674,0.30273851715633526,0.3379562254335312,13.673094815627511,11.782905184372488,0.01045774403730556,0.023975711344168694,0.020196594618806386,-303011633.0,0.27933705236200235,0,0,-1,0,0,0.0,-0.547171529041151,0.18117311087716853,0.380602618335243,-0.0015527950310559868,0.07615062761506275,0.030961260565497875,0.020217729393468102,0.0
2010-10-15,12.95,12.86,0.0007707129475913023,0.002301496988279389,0.004691173575880239,0.21081372428382703,0.006974069336073403,12.933000000000002,12.784,12.392,4,15,10,12.900432495234213,12.510791204540773,37.17948717948715,0.2879391550580017,0.32795281135842536,13.632885337244753,11.935114662755248,0.010321494038510577,0.02375448617727211,0.0202026456004038,-298642833.0,0.3911011127575573,0,0,-1,0,0,0.009331259720062286,-0.4351031147772322,0.1601250764153007,0.3770907776831003,-0.006901840490797562,0.09467455621301779,-0.08756851484083514,0.017760617760617794,0.0
2010-10-18,13.02,12.95,0.003844679860809683,0.0007659900795826371,0.004669269183683693,-0.27986917645698595,0.005390848634876373,12.953,12.826500000000001,12.440333333333333,0,18,10,12.922172041555264,12.543643384892981,42.76315789473681,0.27864690093471545,0.3180916292736834,13.62984235999857,12.023157640001433,0.009870259617906345,0.023079738001162555,0.020203755240259372,-295340533.0,0.4817373255416118,0,0,-1,0,0,0.006177606177606184,-0.5715654076497818,0.11865483611575112,0.3663794824536185,0.012441679626749691,0.06984387838948236,-0.831076370197622,0.013824884792626706,0.0
2010-10-19,12.69,13.02,-0.011578670460546137,-0.010003931064518998,-0.022772872619951843,0.6660286954170402,-0.02567235505412695,12.919999999999998,12.853,12.482,1,19,10,12.879958943090669,12.553085747157951,36.111111111111086,0.24186639527191645,0.3028465824733301,13.596508043349871,12.109491956650128,0.011731321952910472,0.023962942556745664,0.020731228267318234,-301768433.0,-0.438461968119685,0,0,-1,0,0,-0.010752688172042918,-0.14726192393529156,0.20841019206659506,0.3803999201188519,-0.023094688221709014,0.04358552631578938,-1.1806502746393515,0.026792750197005506,0.0
2010-10-20,13.16,12.69,0.00155159069141885,0.025201791973950324,0.019662450205559324,0.27780520768443145,0.03636764417087479,12.942000000000002,12.907,12.537,2,20,10,12.930875498892364,12.592241505405827,52.093023255813954,0.2477863250771648,0.291834530994097,13.56622123113456,12.247778768865441,0.01700387838218265,0.02506242852861926,0.021607495451078065,-293282133.0,0.7675723658492366,0,0,-1,0,0,0.016548463356974064,0.11502123816397769,0.36507124650192824,0.3978537188283421,0.014649190439475657,0.08940397350993368,0.4947649950760457,0.031914893617021274,0.0
2010-10-21,13.62,13.16,0.0484209561165025,0.04208816091895046,0.041942861441266056,0.628777544837949,0.03435737482419502,13.016,12.994499999999999,12.608333333333333,3,21,10,13.056170862730115,12.658548505057064,63.70967741935485,0.28629582763025496,0.2907267903213286,13.526446772168638,12.462553227831359,0.019725658863721383,0.025378932139715094,0.022248591127267747,-277367633.0,2.3517390563343885,0,0,-1,0,0,0.02887537993920965,1.0336756023707736,0.40602581155202555,0.4028780578924229,0.059097978227060644,0.14743049705139,-0.578123143613544,0.03230543318649042,0.0
2010-10-22,13.47,13.62,0.009555383251729372,-0.010905233482262468,-0.0067441244753730974,-0.9331143580313617,-0.011074310299093552,13.059000000000001,13.053999999999998,12.673333333333334,4,22,10,13.131412524051912,12.710900214408221,62.94820717131477,0.3012386478341824,0.29282916182389934,13.510273233005677,12.59772676699432,0.020233852297149673,0.02483394610619262,0.02246034576838854,-283627233.0,1.8234687897846737,0,0,-1,0,0,0.0036710719530103314,-0.2780108831414935,0.43832322713154004,0.39422667281619905,0.04015444015444025,0.09690553745928354,-0.03566979133555015,0.028210838901261987,0.0
2010-10-25,13.54,13.47,-0.016224544688010094,-0.00733679006385432,0.011215070820140003,-0.045511787772125986,0.005183277061856152,13.127,13.0635,12.741999999999999,0,25,10,13.205701156042473,12.764390523156079,60.92436974789917,0.31509711212120095,0.2972827518833597,13.552463457895833,12.574536542104166,0.01930635951548818,0.015598229199339826,0.022397103356635337,-277646133.0,1.9490209025047909,0,0,-1,0,0,-0.0014847809948033666,-0.2425506198612596,0.4384097664028391,0.24761421212663595,0.03993855606758823,0.014232209737827572,-0.028197460141417947,0.009601181683899616,0.0
2010-10-26,13.57,13.54,0.004451045924259523,0.0014716706114562507,-0.0014880955127018446,-0.22678243904231674,0.002213206362648883,13.184999999999999,13.079999999999998,12.811,1,26,10,13.271937309489294,12.816365328113752,63.51931330472107,0.3247571953988224,0.30277764058645223,13.61421856358962,12.545781436410376,0.019250640949846628,0.015453099941205736,0.022394346978425992,-272878633.0,1.834455158980256,0,0,-1,0,0,-0.0022156573116690814,-0.5415688560980377,0.3378048501333543,0.24531035657674335,0.06934594168636732,0.024924471299093698,0.22517003384899106,0.012527634487840819,0.0
2010-10-27,13.76,13.57,-0.004451045924259424,0.01242251999855711,-0.0014903132415589736,0.32327595116611885,0.013904358658419783,13.264,13.108500000000001,12.876333333333333,2,27,10,13.36067598049124,12.877244984364477,67.88617886178861,0.3437813951701916,0.3109783915032001,13.722315504597065,12.494684495402938,0.019332189713334415,0.015653074804690525,0.02212328195877472,-266291633.0,2.122787694741185,0,0,-1,0,0,-0.008843036109064185,0.11577826323765271,0.2702913787081435,0.24848485912021243,0.045592705167173175,0.04321455648218353,0.7578835515701255,0.02616279069767438,0.0
2010-10-28,13.76,13.76,0.03290973408879796,0.012987195526811112,0.011123585218662302,-0.5097129390467012,0.0,13.354,13.143,12.936666666666666,3,28,10,13.433280347674652,12.934196920857094,65.6521739130435,0.35476865829396864,0.31973644486135383,13.821825611277182,12.46417438872282,0.01880030306419202,0.015437170012009406,0.02209943269910701,-266291633.0,1.8178453781056958,0,0,-1,0,0,0.010174418604651203,-0.7371782564799968,0.1436648817160476,0.2450574767904052,0.010279001468428861,0.052792654934965544,-0.29745164498082083,0.028343023255813865,0.0
2010-10-29,13.76,13.76,-0.010850016024065818,-0.009362689927850684,0.003680534151125217,-0.02970439237726108,0.0,13.434999999999999,13.184000000000001,13.001,4,29,10,13.492683920824714,12.987474538866316,71.22641509433964,0.3593339652052592,0.32765594893013494,13.908703932287658,12.459296067712344,0.01892791986284818,0.0151665685131181,0.021940144986640115,-266291633.0,1.5896146670040905,0,0,-1,0,0,-0.0007267441860464961,-0.7339925911874448,0.09264707631129615,0.24076181116759893,0.021529324424647278,0.063369397217929,1.57784277935947,0.015261627906976806,0.0
2010-11-01,13.87,13.76,0.007968169649176881,0.012940511275734732,0.010961015841823015,0.34921907794901735,0.007962401821542578,13.52,13.236500000000001,13.057666666666666,0,1,11,13.561286844311129,13.04441166539107,70.95238095238095,0.36759072742686527,0.33564290462948104,14.001202212422392,12.47179778757761,0.018932860720972857,0.014909321670766263,0.02149753646237284,-260845533.0,1.6568541053208796,0,0,-1,0,0,0.00726744186046509,-0.14653113638142876,0.0964367669080193,0.23667814414508134,0.024372230428360453,0.0819032761310452,1.0305183965883715,0.017303532804614292,0.0
2010-11-02,14.08,13.87,0.007189103572469256,0.007826436249463949,0.005797117684325915,0.0739322084007395,0.015027116403156284,13.659,13.2895,13.121666666666666,1,2,11,13.65559832716365,13.111223816011002,74.235807860262,0.38662276931072626,0.3458388775657301,14.133811616207325,12.445188383792676,0.015356332559448658,0.01489090494461141,0.021556580105534868,-254981533.0,1.8725313849191172,0,0,-1,0,0,0.006488824801730472,0.04110356193437612,0.1159397682126946,0.23638578768086302,0.037582903463522443,0.08141321044546856,-0.08149951611459653,0.019176136363636333,0.0
2010-11-03,14.11,14.08,0.010687668530496146,0.006358198742492503,-0.0014461318499996267,0.07607324885279178,0.0021284151348263543,13.754,13.347999999999999,13.189333333333334,2,3,11,13.738216813133896,13.175660989171583,78.28054298642537,0.3995211181449658,0.3565753256815773,14.250478458701643,12.445521541298355,0.012337911584966697,0.014707286288751873,0.021452035429500284,-248654033.0,1.688682965566305,0,0,-1,0,0,0.002130681818181773,0.2305705851815211,0.10349388817672077,0.23347093188400528,0.025436046511627897,0.09041731066460579,1.1561730579994824,0.026931254429482566,0.0
2010-11-04,14.24,14.11,0.0042432878378664204,0.007716628961144593,0.018638532390372414,-0.12222790539653093,0.009171140119107083,13.815999999999999,13.416,13.268333333333334,3,4,11,13.829450119836824,13.244328022128254,78.66666666666671,0.4154440852584589,0.3683490775969536,14.373285636303555,12.458714363696446,0.007676809846539954,0.014582986006431318,0.02102297457370311,-243054533.0,1.7215342396273254,0,0,-1,0,0,0.004252303330970978,-0.07534539530439707,0.0955153320979916,0.23149772607451344,0.03488372093023262,0.10559006211180111,0.2642270573420234,0.016151685393258456,0.0
2010-11-05,14.19,14.24,0.004927852281240695,0.0006985679641400653,0.0021284151348263543,-0.47105785024732216,-0.0035174148118784394,13.888,13.473500000000001,13.331999999999999,4,5,11,13.895004643502856,13.30533911747482,76.23318385650225,0.41919633487434815,0.37851852905243255,14.472916145346044,12.474083854653959,0.0062224829799633445,0.01459895777039336,0.02039855398442829,-246550533.0,1.4338371524944977,0,0,-1,0,0,0.0,-0.827827021667315,0.11311648978720724,0.23175126996716894,0.03125,0.08819018404907975,-0.266582072835503,0.014799154334038115,0.0
2010-11-08,14.26,14.19,0.0035050859579463527,-0.002097169590723648,-0.0021284151348262875,0.2594335527194103,0.004920923814198716,13.959999999999999,13.5435,13.362333333333334,0,8,11,13.961367435593246,13.366930142153864,89.84771573604064,0.42294301095660636,0.38740342543326733,14.557990279063903,12.529009720936097,0.006223236584160555,0.013960942041111467,0.013261115418877378,-242019033.0,1.4125320168885858,0,0,-1,0,0,0.007047216349541906,-0.4606472350925854,0.11212978828068566,0.22162308425380456,0.02811824080749825,0.10886469673405919,0.1517771770987009,0.014726507713884928,0.0
2010-11-09,13.93,14.26,-0.0021015769556260826,0.0,-0.016470118096548855,0.1398530876151617,-0.02341362719443556,13.995999999999999,13.5905,13.385333333333334,1,9,11,13.955664265485384,13.403257229756841,71.03825136612022,0.39473379123807106,0.3888694985942281,14.583898737985372,12.597101262014629,0.010950387615962549,0.015272795897015952,0.01393110476718496,-247230733.0,0.6835120420799219,0,0,-1,0,0,0.0,-0.20700560727494885,0.20081307765314865,0.24244811860891113,-0.01065340909090906,0.0723633564280215,-1.5427347872189172,0.03158650394831296,0.0
2010-11-10,13.69,13.93,-0.022696009653772053,-0.021217203264386118,-0.01968711050279738,0.3389935948904799,-0.017379148491356872,13.989,13.626500000000002,13.402,2,10,11,13.907361671760768,13.421756763320916,52.17391304347827,0.3489888607892109,0.3808933710332247,14.576453461463617,12.676546538536387,0.011783274384316806,0.015939568324998613,0.014327267094359919,-254545533.0,0.13369075976029762,0,0,-1,0,0,0.000717875089734371,0.5309807564772524,0.2212606335745799,0.25303280276201223,-0.029766123316796622,0.05551272166538146,-0.2666271351139482,0.029948867786705635,0.0
2010-11-11,13.69,13.69,-0.025428177169325404,-0.017303964564809544,-0.0014738396183005527,-0.4804589270767428,0.0,13.982,13.668000000000001,13.422666666666666,3,11,11,13.867841367804264,13.439062778590534,57.53424657534242,0.3091717345311107,0.3665490437328019,14.546817387173991,12.78918261282601,0.011783274384316806,0.01573444709565529,0.014194392599752059,-254545533.0,0.05006728433251366,0,0,-1,0,0,-0.007304601899196468,-0.5129457169052157,0.18877253508712072,0.24977660419323858,-0.038623595505618,0.0645412130637637,-0.45808137524218007,0.013878743608473302,0.0
2010-11-12,13.56,13.69,0.002939017545389065,-0.003642991278501092,-0.005917177028088507,-0.2787481369162805,-0.0095413567881079,13.962,13.698500000000001,13.443333333333333,4,12,11,13.81187021002167,13.446865179971791,50.65789473684215,0.2640822853598799,0.3460556920582175,14.512334976159394,12.884665023840608,0.012121041355604812,0.01595826308159637,0.014181943057808706,-257969133.0,-0.340363842934356,0,0,-1,0,0,-0.004382761139517803,-0.8907279713364826,0.18497002196636014,0.2533295728226835,-0.04439746300211411,0.0471042471042471,0.007027631976118521,0.01622418879056039,0.0
2010-11-15,13.51,13.56,0.0,0.0,0.0022230464879464517,0.23584441977077575,-0.003694130540142046,13.925999999999998,13.722999999999999,13.466333333333331,0,15,11,13.756984717290457,13.45093839416716,48.05194805194804,0.22175770512190773,0.32119609467095556,14.47822321552138,12.967776784478618,0.011669958883730213,0.015998335240128753,0.014069693349838874,-262303333.0,-0.5640716429855799,0,0,-1,0,0,0.0051622418879056255,-0.5859365691284683,0.15112903870928135,0.25396569861852897,-0.05259467040673216,0.037634408602150504,-0.29978984589546415,0.014063656550703147,0.0
2010-11-16,13.3,13.51,-0.016272548414854187,-0.014335845589500278,-0.02245603343787344,0.07451495077154217,-0.015666116744399352,13.848000000000003,13.753499999999999,13.475666666666665,1,16,11,13.67389658687401,13.44120043325315,35.25641025641029,0.16931813137281893,0.29082050201132825,14.369506664351611,13.137493335648387,0.01046963562732977,0.01525017603833132,0.014168328901750443,-266972833.0,-1.472386668015473,0,0,-1,0,0,-0.00740192450037007,-0.4272920045752373,0.11768264529237231,0.24208903948428537,-0.045226130653266305,0.04806934594168655,0.17132024932200562,0.022180451127819543,0.0
2010-11-17,13.31,13.3,-0.005233656806109538,-0.006313855701043277,-0.001515151805010875,0.0158708197551639,0.000751597179312122,13.768,13.761000000000001,13.488,2,17,11,13.607733571078734,13.432735889172303,35.66878980891721,0.1271011646876623,0.2580766345465951,14.349625517624986,13.172374482375016,0.010364579937233062,0.012896931127357415,0.014107487769352892,-262228633.0,-1.532383447526086,0,0,-1,0,0,0.0030075187969924168,-0.3387487952919365,0.10924246958556287,0.20473243463349367,-0.027757487216946597,0.011398176291793405,-0.7752345529222296,0.01728024042073632,0.0
2010-11-18,13.56,13.31,0.009697949934794963,0.01991950775682168,0.01728716481431263,-0.22577125770011752,0.018608650105229226,13.7,13.758000000000001,13.510666666666667,3,18,11,13.59905473997351,13.440946476967639,44.505494505494525,0.11251976725983148,0.22896526108924237,14.35025172457532,13.165748275424681,0.012183903206196688,0.011000172750696606,0.014427119414468623,-258443233.0,-0.6686346085086655,0,0,-1,0,0,0.012021036814425255,-1.1271060876196555,0.20725931462757516,0.1746223288625552,-0.009495982468955333,-0.004405286343612258,1.0777502945801438,0.01991150442477873,0.0
2010-11-19,13.57,13.56,0.004444451760423976,-0.006595846558351189,0.0022329745043123913,-0.17163233805105063,0.0007371913345283562,13.638,13.763,13.528333333333332,4,19,11,13.593772059978326,13.449272510711662,41.2790697674419,0.10061103973364105,0.2032944168181221,14.346640119828105,13.179359880171894,0.01230783443685902,0.01069986297753543,0.014287974042227144,-255254833.0,-0.661366460060499,0,0,-1,0,0,-0.002212389380531057,-1.4828591329646021,0.19585923582148654,0.16985505900615505,0.0007374631268437515,0.007423904974016349,0.541576951176865,0.011053795136330166,0.0
2010-11-22,13.64,13.57,0.002952031664081078,0.00513385799385185,0.0007432181687336577,0.1551717186885667,0.005145178568538215,13.576000000000002,13.768,13.554333333333334,0,22,11,13.602177139982267,13.461577510020588,36.075949367088626,0.09571832113353551,0.1817791976812048,14.34527490486661,13.190725095133391,0.012326994154986655,0.010698967394015086,0.014007639544743466,-251531233.0,-0.4434628940940268,0,0,-1,0,0,0.0,-0.9170895085146089,0.1948402779010049,0.16984084205851632,0.009622501850481191,0.007385524372230501,-0.1361664368297571,0.015395894428152423,0.0
2010-11-23,13.42,13.64,-0.0066543683626167464,-0.01251396529147446,-0.011206691809561554,-0.06018663363511385,-0.016260520871780405,13.525,13.760500000000002,13.568666666666667,1,23,11,13.569054023621854,13.45889509001926,30.50847457627121,0.07324432996668762,0.16007222413830138,14.352320563132654,13.16867943686735,0.011296653326649912,0.011306268152836191,0.014303682388614307,-255037333.0,-1.150686614191476,0,0,-1,0,0,-0.011730205278592386,-1.021937829289833,0.19817028254230556,0.1794814427316851,0.009022556390977376,-0.011053795136330202,-0.2018428849803638,0.01415797317436658,0.0
2010-11-24,13.75,13.42,0.0,0.01980262729617973,0.012691473077140749,0.14480498957230128,0.024292692569044483,13.531,13.76,13.594666666666665,2,24,11,13.601953292054244,13.477676051953502,37.56345177664974,0.08112659523520627,0.14428309835768235,14.351839238484411,13.168160761515589,0.013283476629796296,0.012230909808581615,0.014914598168591501,-250984933.0,-0.03379296048571535,0,0,-1,0,0,0.004470938897168443,-0.48046792481292455,0.2541310832537925,0.19415967396940542,0.03305785123966931,-0.0007267441860464574,-0.4470506575054173,0.02109090909090903,0.0
2010-11-26,13.53,13.75,0.01179954693115503,-0.006557400546159052,-0.001484781267579225,-0.4375481922784727,-0.016129381929883644,13.515,13.748499999999998,13.616999999999999,4,26,11,13.58887087531711,13.481051790537148,34.57943925233644,0.06882778203834405,0.1291920350938147,14.349210982261695,13.147789017738301,0.014278900436243348,0.01274572984134994,0.015158936912178459,-253601233.0,-0.7274713013480759,0,0,-1,0,0,-0.007999999999999959,-1.6181757843939255,0.26886506718315517,0.2023321886293601,-0.0022123893805310324,-0.016715116279069853,0.6728883096134808,0.016260162601625935,0.0
2010-11-29,13.55,13.53,-0.016260520871780405,-0.0036616664859630385,-0.009067733829490667,0.3855845050624033,0.0014771051430134449,13.514000000000001,13.738,13.636999999999999,0,29,11,13.58180344344127,13.485500062115397,33.01435406698569,0.0600030391400832,0.1153542359030684,14.345171180232192,13.130828819767807,0.013979085050925542,0.012754683840324315,0.015127190514134678,-249754033.0,-0.6192652290515648,0,0,-1,0,0,-0.008130081300812967,-0.5667265484320807,0.2691014228343154,0.20247432895651443,-0.0014738393515106862,-0.015261627906976716,0.6278198690336454,0.021512915129151364,0.0
2010-11-30,13.32,13.55,-0.0007454342499485086,-0.005886698382731344,-0.0021389579800707974,0.3359559580496054,-0.01711988221346682,13.495,13.7105,13.647,1,30,11,13.534202817361038,13.474822638753114,34.67336683417089,0.034057693118480614,0.09909492734615086,14.34183859461618,13.07916140538382,0.01496653241151115,0.013077656584515004,0.015481780604628667,-255137333.0,-1.2370541048180415,0,0,-1,0,0,-0.010332103321033253,0.7504271013732234,0.2867325225442005,0.2076013623247983,-0.02346041055718473,-0.03965392934390766,1.4293349597404186,0.018018018018018035,0.0
2010-12-01,13.42,13.32,0.00520640819057375,0.004418269337664737,0.005992527296060815,0.1763968832053266,0.007479466431292653,13.507,13.6775,13.671333333333333,2,1,12,13.51343866874994,13.47128569431743,42.70270270270272,0.02131922893496352,0.0835397876639134,14.296391198668061,13.058608801331939,0.014291408878234706,0.012657587202188928,0.014705597253740654,-248715533.0,-0.8321333396053329,0,0,-1,0,0,0.012012012012012022,1.5623867811678345,0.27578661567310625,0.20093296761063445,0.0,-0.046875,0.46668864310014085,0.016393442622950734,0.0
2010-12-02,13.28,13.42,-0.005952398527295273,-0.005156549179245802,-0.01732623380591005,0.011272610154571733,-0.010486987495247962,13.504,13.636,13.675333333333333,3,2,12,13.470995274431768,13.458944681780823,39.69849246231157,-7.209461548463025e-05,0.0668174112080338,14.243995844860597,13.028004155139401,0.014742637052918544,0.012736493958439666,0.01328777395500295,-255210133.0,-1.1710606347371462,0,0,-1,0,0,-0.0014903129657227701,1.5978165527301345,0.1729054682103338,0.2021855735334479,-0.0341818181818182,-0.05882352941176472,0.5598098922795725,0.028614457831325227,0.0
2010-12-03,13.2,13.28,-0.015795740227642536,-0.020142419140012743,-0.003044142381228244,-0.19987376956999145,-0.006042314455962586,13.468,13.583999999999998,13.661333333333333,4,3,12,13.421723406353264,13.442238573278836,40.721649484536066,-0.02321262338446317,0.04881140428953441,14.151001345955315,13.01699865404468,0.01321492748002426,0.012422506230122247,0.01161250276938697,-260528133.0,-1.3544941391735585,0,0,-1,0,0,-0.0067771084337349295,0.6518311453920318,0.15314608565405896,0.1972011728703239,-0.024390243902439046,-0.0730337078651686,0.10499253594219327,0.011363636363636392,0.0
2010-12-06,13.01,13.2,-0.002277040832052003,-0.005289018751790991,-0.010728072239999,0.12016205136554457,-0.014498537067911273,13.412,13.525,13.645999999999999,0,6,12,13.346864605198125,13.41435221371246,37.98076923076924,-0.05623483112785799,0.02780215720605593,14.071703036872572,12.978296963127429,0.013648385011219111,0.012649543837995915,0.011729060728909642,-266525133.0,-1.8840209959178988,0,0,-1,0,0,-0.0030303030303029657,1.0945583562608414,0.1530265991986321,0.20080528316248025,-0.039852398523985255,-0.0831571529245948,1.3066624122881123,0.01691006917755564,0.0
2010-12-07,12.95,13.01,-0.0038066281215627736,0.0,-0.006182399908317539,0.2078665359047294,-0.004622504378867133,13.343,13.4595,13.626333333333331,1,7,12,13.27470740425301,13.384394006376173,40.93264248704661,-0.08625240322165162,0.004991245120514423,13.946011751358514,12.972988248641487,0.013254244703050038,0.01246331186400986,0.011684367065403014,-273907733.0,-2.094502336592264,0,0,-1,0,0,0.007686395080707121,1.888718396954985,0.1313000547909114,0.19784894222646573,-0.0277777777777779,-0.0918653576437588,1.0695660159621745,0.023166023166023085,0.0
2010-12-08,12.82,12.95,-0.011507606851479689,-0.016807118316381174,-0.02353049741019416,0.20286509766724103,-0.010089336653022687,13.283000000000001,13.404,13.601333333333333,2,8,12,13.192033330752462,13.347981489835774,38.04878048780489,-0.11915788103620173,-0.019838580110828806,13.917046627612624,12.890953372387376,0.012824036032358923,0.011769789322842693,0.011766866495191215,-282950733.0,-2.276596194453298,0,0,-1,0,0,0.000772200772200893,2.4337482309377996,0.06162821766790166,0.18683961319119047,-0.04470938897168397,-0.07968413496051685,-0.22804945839867022,0.029641185647425957,0.0
2010-12-09,12.85,12.82,-0.010081512296583677,-0.0023139231303972345,0.009478743954543959,-0.3990113571778247,0.002337359848704772,13.193000000000001,13.362,13.571,3,9,12,13.129845452433832,13.315853651781854,30.601092896174862,-0.1411874390842236,-0.04410835190550777,13.912620702384297,12.811379297615703,0.008377186894953335,0.011427377409566175,0.011413270289793581,-276883033.0,-1.859719395885183,0,0,-1,0,0,0.0007800312012480333,0.715178229474458,0.09937889061095631,0.18140399258033757,-0.032379518072289115,-0.06135865595325052,0.3106752388530843,0.017898832684824798,0.0
2010-12-10,12.9,12.85,0.0031128429804901034,-0.0015455953617805973,0.006269613013595395,-0.668196135607581,0.003883500026397612,13.13,13.3225,13.542333333333334,4,10,12,13.088055370173135,13.28902438392496,32.085561497326225,-0.15284948668214327,-0.06585657886083487,13.887212316139339,12.757787683860661,0.008288568034281773,0.01151570076532985,0.011461319633782403,-273772533.0,-1.496337118653353,0,0,-1,0,0,0.001556420233463002,-1.0604837234328908,0.1244291408613983,0.18280608238619378,-0.022727272727272596,-0.05770635500365229,-0.1569452856570569,0.010077519379844883,0.0
2010-12-13,12.84,12.9,0.006196766537511399,0.004629637898742197,-0.007056085724208733,0.874181942902574,-0.004662013105811301,13.059000000000001,13.2865,13.511666666666667,0,13,12,13.042954393778018,13.260055068833028,28.494623655913998,-0.165030868855073,-0.0856914368596825,13.878597964866854,12.694402035133146,0.008000432896718184,0.011420312501844648,0.011463594880823711,-281228133.0,-1.5081963678101997,0,0,-1,0,0,0.003875968992247979,1.4054077583773819,0.09054209842217444,0.18129184064713688,-0.013066871637202104,-0.053097345132743445,-0.06471499056834783,0.021806853582554468,0.0
2010-12-14,12.88,12.84,-0.006196766537511493,-0.0007701194065641862,0.007837030707280146,-0.10986241049888976,0.003110422414392552,13.015,13.255,13.478666666666667,1,14,12,13.013326322182014,13.235535386972835,33.92857142857149,-0.16950310994377915,-0.10245377147650184,13.863829766199068,12.646170233800934,0.007240247000755723,0.011489273984220696,0.011347410838497338,-274548233.0,-1.231871438681886,0,0,-1,0,0,0.0023364485981307915,0.8678884876274222,0.09623994426380388,0.1823865702415932,-0.005405405405405239,-0.04663212435233155,-0.996376890759778,0.013198757763975149,0.0
2010-12-15,12.6,12.88,-0.0015552102668064743,-0.00540750641739282,-0.017323267852387098,0.38409536181723386,-0.02197890671877534,12.932999999999998,13.220000000000002,13.429333333333336,2,15,12,12.938176081785283,13.19453310394233,14.723926380368184,-0.19341152549825047,-0.12064532228085156,13.894841111903602,12.545158888096402,0.008217262912952883,0.011939198429066012,0.01137891332208483,-284356233.0,-1.837469558578313,0,0,-1,0,0,-0.002329192546583939,2.173094629716971,0.17142364568829158,0.18952889938057021,-0.01716068642745716,-0.052631578947368474,-1.7551080216653216,0.02539682539682542,0.0
2010-12-16,12.64,12.6,-0.019646997383796536,-0.01955478814252101,-0.022490907859893577,-0.08253527592519386,0.0031695747612790395,12.869,13.1865,13.380333333333335,3,16,12,12.883962248733413,13.15875677465573,19.310344827586334,-0.20674818696687325,-0.13786589521805592,13.907472296715408,12.465527703284593,0.00856770348651633,0.011987531995061019,0.01139872397032954,-275325233.0,-1.5160083195699323,0,0,-1,0,0,0.0,1.5673746954157242,0.17327910603668872,0.1902961709541685,-0.01634241245136181,-0.050338091660405704,-1.7452461926687721,0.02768987341772149,0.0
2010-12-17,12.93,12.64,0.02353049741019425,0.025732413966478032,0.02645444852234926,0.055940876475560626,0.02268380406505476,12.842000000000002,13.155000000000001,13.336666666666668,4,17,12,12.892332748963701,13.143998273065039,31.976744186046503,-0.19170713043127208,-0.14863414226069915,13.862181209561891,12.447818790438111,0.012249040828032024,0.01240528479381523,0.012179688995606773,-265774633.0,-0.6363291245800842,0,0,-1,0,0,0.020569620253164538,1.5863164112678665,0.2558177052913097,0.19692779104419764,0.0023255813953488857,-0.04646017699115046,-0.0007840952732149045,0.0270688321732405,0.0
2010-12-20,12.94,12.93,-0.007001195458983588,0.0,0.007095023850603715,-0.6674095917871811,0.0007730962889884549,12.834999999999999,13.123500000000002,13.295,0,20,12,12.900999521879392,13.130837094157616,37.333333333333314,-0.17694040943692357,-0.15429539569594405,13.808628493518638,12.438371506481365,0.011456871300756647,0.012405750887229231,0.012200289347632773,-260874833.0,-0.5356659421872692,0,0,-1,0,0,-0.00928074245939669,-0.5084058554374405,0.2517104187981971,0.1969351900477647,0.007788161993769416,-0.04642593957258667,-0.328734271403541,0.020092735703245733,0.0
2010-12-21,13.1,12.94,0.01164157501548577,0.01376168507268153,0.017134375576231504,0.02106318846073546,0.012288941134351314,12.85,13.0965,13.256333333333334,1,21,12,12.937181426992229,13.128847604211964,39.74358974358975,-0.15059109345061827,-0.1535545352468789,13.737035138113002,12.455964861886999,0.012020563836298868,0.012734116943368118,0.012439958218914013,-255870733.0,0.010928362213850903,0,0,-1,0,0,0.0015455950540959314,-0.5020323281726735,0.2633888482886012,0.2021478395889961,0.017080745341614856,-0.03958944281524934,-0.7354531934571602,0.016793893129771042,0.0
2010-12-22,13.09,13.1,0.009980888997679915,-0.0022805026987252177,0.005390848634876373,-0.464888936407894,-0.0007636502852973333,12.877,13.080000000000002,13.228333333333333,2,22,12,12.96496662208455,13.126341307166031,43.35664335664338,-0.12902862544481586,-0.14864935328646628,13.702186298043634,12.45781370195637,0.011397219461693753,0.012288788933091372,0.011831042981342875,-259014333.0,0.03214471302708358,0,0,-1,0,0,-0.0007633587786259379,-1.34378228347155,0.15758911426652678,0.1950784765867352,0.03888888888888897,-0.024590163934426257,1.1132255399476836,0.009167303284950419,0.0
2010-12-23,12.94,13.09,-0.0015290522856779563,-0.0030487828493587043,-0.008484431921871996,-0.09479180038033003,-0.011525290849054086,12.886000000000001,13.0395,13.203333333333335,3,23,12,12.960427236250993,13.114319287348868,41.33333333333335,-0.1226303542101288,-0.14344555347119878,13.577859105351958,12.501140894648042,0.012179481489738068,0.010873417911888133,0.011620014110596965,-261873633.0,-0.3696417465994249,0,0,-1,0,0,-0.0015278838808250247,-1.3999272247022627,0.20968704995120738,0.17261015817678738,0.023734177215189778,-0.05890909090909091,0.3486496442172459,0.014683153013910318,0.0
2010-12-27,12.99,12.94,-0.011543029281674812,-0.006125593426682731,0.0,-0.17302693607182834,0.0038565416097536376,12.895,13.0125,13.180000000000001,0,27,12,12.965804102387175,13.10629868816507,49.26470588235296,-0.11223136273896372,-0.13720271532475176,13.498942510261033,12.526057489738966,0.01217871266450242,0.010522619206564743,0.011662120454947553,-259468633.0,-0.0925083623465603,0,0,-1,0,0,-0.001545595054095794,-1.585225747846675,0.13649796379696252,0.16704140136961268,0.0046403712296985145,-0.039911308203991025,-0.2681176451764198,0.008468052347959925,0.0
2010-12-28,13.08,12.99,0.005403332328052441,0.006888660995185316,0.0038654860655776596,0.2004854581215542,0.006904515346544486,12.919,12.988999999999999,13.164,1,28,12,12.986566992862233,13.104601998606034,54.67625899280578,-0.09562552768048427,-0.12888727779589826,13.406657628610366,12.571342371389632,0.012157291920799817,0.01068624201331082,0.011668182003252562,-256529733.0,0.43576361960765286,0,0,-1,0,0,0.0,-1.2985760910891968,0.14282679602692985,0.16963883290242368,0.010819165378670892,-0.03468634686346872,-0.801586419894603,0.011467889908256772,0.0
2010-12-29,13.06,13.08,0.008432399524597609,0.006083668953614737,0.004618945856294458,-0.20682568124576206,-0.0015302221807675935,12.937000000000001,12.975999999999999,13.149000000000001,2,29,12,12.999918448705463,13.10172445030887,59.374999999999986,-0.08312095004001563,-0.11973401224472173,13.365515218268499,12.5864847817315,0.012195216558272317,0.010065071210871739,0.011658551562698745,-258919533.0,0.43130535630111844,0,0,-1,0,0,0.0015290519877675516,-1.3919681367386691,0.11095539037862129,0.15977805211273421,-0.003053435114503733,-0.019519519519519468,-0.9401573581053579,0.013016845329249611,0.0
2010-12-30,12.97,13.06,-0.004590673708598951,-0.004559278414518354,-0.004618945856294417,-0.2371757643660778,-0.006915125519932468,12.974,12.9535,13.138,3,30,12,12.994478730759013,13.09322609867604,54.47761194029853,-0.07955615616170064,-0.11169844102811752,13.282279241244474,12.624720758755526,0.009707580602210672,0.009943483271066212,0.011391927909214974,-260804733.0,0.10037130043579318,0,0,-1,0,0,-0.001531393568147117,-1.4211657212664592,0.11973356067517535,0.15784790340583355,-0.009167303284950301,-0.03353204172876301,-0.16951656884548574,0.013107170393215106,0.0
2010-12-31,12.98,12.97,-0.006925768352960154,-0.009942638575061535,-0.010081512296583677,0.4658442377219046,0.0007707129475913023,13.008,12.9385,13.127,4,31,12,12.991846234257373,13.085921189084038,53.07692307692308,-0.0750588828249974,-0.1043705293874935,13.22979655715463,12.647203442845369,0.009730869719317473,0.0097365266828698,0.011392016833213798,-257800933.0,0.28493299340967704,0,0,-1,0,0,-0.0015420200462607054,-0.9048492957151403,0.08376698860267111,0.15456256941850885,0.0030911901081918103,-0.02259036144578308,-0.42931671814625105,0.013104776579352826,0.0
2011-01-03,13.24,12.98,0.006158602991207025,0.02205482298551053,0.014316359818983583,0.48136602427397507,0.01983283923291824,13.039000000000001,12.9405,13.116333333333333,0,3,1,13.036965100756031,13.09586175753023,63.33333333333333,-0.04993926544923255,-0.09348427659984132,13.239795664413062,12.641204335586938,0.009079512871504996,0.010734484607765942,0.011467916902465987,-252939933.0,2.0013654430132766,0,0,-1,0,0,0.0038520801232664816,-0.194314932279595,0.1636468474737258,0.17040466034759646,0.019245573518090753,0.003030303030303161,1.0749165889331236,0.020770392749244606,0.0
2011-01-04,13.32,13.24,0.0159881593721085,0.0030052614654635166,0.009558474609935808,0.0004730417701816618,0.006024114603380876,13.077000000000002,12.956,13.108,1,4,1,13.08842599152766,13.110322289302474,64.28571428571426,-0.02330777872520784,-0.07944897702491463,13.299321239779623,12.612678760220376,0.009126810014814347,0.010232503285443763,0.011532080074730762,-248076633.0,2.1204630405835094,0,0,-1,0,0,0.0,-0.17217252674290948,0.16271907796434246,0.1624359538976134,0.01834862385321112,0.023827824750192184,1.17272061251213,0.014264264264264227,0.0
2011-01-05,13.31,13.32,0.0007550019233690852,0.019317093972435112,0.004555816535860661,0.32773639221119794,-0.0007510327052227691,13.097999999999999,12.974,13.097000000000001,2,5,1,13.128712174886267,13.123204722250703,77.95275590551185,-0.002974758884731088,-0.06415413339687792,13.35199470895715,12.59600529104285,0.008545127727514317,0.010152641784889898,0.011481473466548937,-254826033.0,1.7778026625134071,0,0,-1,0,0,-0.0052552552552552765,0.5568673926429893,0.16123501736666845,0.16116819187884956,0.019142419601837712,0.027799227799227832,1.1504260372407895,0.029301277235161575,0.0
2011-01-06,13.16,13.31,0.005269112680011817,-0.017069060054552727,-0.004555816535860579,-0.05587807419218091,-0.011333706509849176,13.105,12.991,13.088333333333335,3,6,1,13.13440087036149,13.125578611137756,68.84057971014492,0.0010237581855552236,-0.051118555080391294,13.3704122879008,12.6115877120992,0.009467425433741303,0.010229220501925242,0.01128974095087611,-261208633.0,0.8908514847267512,0,0,-1,0,0,0.0007513148009015618,0.49346566858286245,0.18133794957178903,0.162383841324825,0.014649190439475657,0.026521060842433775,0.5740477733613433,0.016717325227963438,0.0
2011-01-07,13.29,13.16,-0.007535830688702848,0.0007482230053521344,0.0022805026987250815,-0.2843139950659368,0.009829946827982649,13.14,13.013,13.073,4,7,1,13.162691621204855,13.136186442677257,64.75409836065573,0.014515203090359918,-0.037991803446241056,13.408665994175582,12.617334005824418,0.008837739596052349,0.010404641817851537,0.010446263716517383,-256405533.0,1.4001708717837222,0,0,-1,0,0,0.004559270516717363,-0.11615870128938525,0.18586690908675554,0.16516856838442903,0.023882896764252592,0.03424124513618665,-0.16406396223964267,0.015048908954100776,0.0
2011-01-10,13.3,13.29,0.00226671800869101,-0.004497758706831407,-0.003803732239246761,0.01257904245541568,0.0007521625025543303,13.171000000000001,13.033000000000001,13.065333333333333,0,10,1,13.18765678098579,13.146755059278725,64.75409836065577,0.025717728835257248,-0.025249896989941397,13.444728065596186,12.621271934403817,0.008847264742388743,0.010394093818395702,0.01006193500857136,-251541633.0,1.296972552081833,0,0,-1,0,0,-0.0030097817908201017,-0.12923599501932823,0.12746632934704547,0.16500112408409273,0.0045317220543807935,0.03100775193798455,-0.7812812722163853,0.01428571428571438,0.0
2011-01-11,13.07,13.3,0.006019581758386129,0.0015015017835969112,-0.004583659667657928,-0.23407917383888915,-0.01744450759157754,13.169999999999998,13.0445,13.049333333333333,1,11,1,13.166264638988373,13.14180311997042,48.837209302325604,0.015853978591685802,-0.01702912187361596,13.446257978992055,12.642742021007944,0.010608873835681067,0.011149859210853862,0.01050705024069886,-255390433.0,0.12694209615438742,0,0,-1,0,0,0.002255639097744313,-0.4804509466860403,0.16930105096694978,0.17699852775181324,-0.018768768768768762,0.01791277258566981,-0.09553123221144343,0.020657995409334322,0.0
2011-01-12,13.16,13.07,-0.015117445875912476,-0.006019581758386039,0.002294456073523404,-0.020898634052642775,0.006862398261040445,13.180000000000001,13.0585,13.044,2,12,1,13.165125613717759,13.142977112230394,52.554744525547456,0.015124784200379437,-0.010598340658816879,13.455609291597728,12.661390708402273,0.010808265731588617,0.011220109302981996,0.01016527702141697,-251621233.0,0.5111942840300967,0,0,-1,0,0,0.004590665646518783,-0.45656208541201876,0.18567502546216133,0.17811371339191576,-0.01126972201352372,0.021739130434782483,-0.42478709511203294,0.012158054711246211,0.0
2011-01-13,13.09,13.16,0.0022822375824662236,-0.006056036677041585,-0.004594188785054846,-0.004147397873444851,-0.005333345975362617,13.192000000000002,13.083000000000002,13.033,3,13,1,13.15146641122362,13.13955923402198,55.8139534883721,0.008797070256189699,-0.006719258475815563,13.416346666399345,12.749653333600659,0.01069454480075186,0.009991716022699057,0.010092757049457458,-255374833.0,0.041998320100864746,0,0,-1,0,0,0.0,-0.38374700731134515,0.17165818060053048,0.15861357460104666,-0.005319148936170248,0.03888888888888897,-0.8554512973665308,0.010695187165775444,0.0
2011-01-14,13.24,13.09,-0.006862398261040529,0.006810469002526659,-0.0007677543563305919,0.15465292854224277,0.01139397058705351,13.218,13.113,13.031666666666666,4,14,1,13.16756342736478,13.146039283439917,58.992805755395686,0.015705020069074038,-0.0022344027668376428,13.379841170972282,12.846158829027717,0.011194532920194065,0.010214115618891016,0.010162001377401367,-250993433.0,0.9518771000535937,0,0,-1,0,0,-0.0015278838808250247,0.035552496358503514,0.1782215360338199,0.16214405874027732,-0.003762227238525151,0.04746835443037978,-0.7141852789905977,0.018126888217522674,0.0
2011-01-18,13.08,13.24,0.006102230987643093,-0.0007544323254852311,0.0030674870678618796,0.14561741696010688,-0.012158204479809519,13.202000000000002,13.120500000000002,13.027666666666667,1,18,1,13.151642804207547,13.14177868450831,50.0,0.008174724109718312,-0.00015257739152645176,13.373771229690652,12.867228770309351,0.010003650195515476,0.009477499055840145,0.010343465666398773,-256061633.0,-0.3198152435195189,0,0,-1,0,0,-0.006797583081570986,0.7400927765407407,0.19420153351048314,0.15045063331561492,-0.016541353383458746,0.011600928074245953,0.18035266385180065,0.014525993883792011,0.0
2011-01-19,12.83,13.08,-0.00840020212526678,-0.007575793808457656,-0.02010895292271351,0.17966422707985888,-0.01929816740150756,13.153,13.115,13.021666666666668,2,19,1,13.093162294351629,13.121663930669065,43.19526627218934,-0.017761259608974456,-0.003674313835016053,13.388726717345998,12.841273282654003,0.011092145144872782,0.010453449797821581,0.010598684001449409,-262127333.0,-2.082368887942731,0,0,-1,0,0,-0.003058103975535239,1.3881045158141097,0.2027233123232503,0.16594337104640597,-0.018362662586074996,-0.008500772797527034,0.057232508612413704,0.027279812938425536,0.0
2011-01-20,12.79,12.83,0.0022979711376237273,0.0022787704505876447,-0.006269613013595374,0.3642986770588425,-0.003122563036793828,13.100999999999999,13.0995,13.016333333333334,3,20,1,13.038041877196786,13.100266257722673,44.51219512195118,-0.04106995044716477,-0.011153441157445798,13.409506791096364,12.789493208903638,0.011047728538664148,0.01002486164927294,0.01058175506688445,-270858933.0,-1.9967304516486901,0,0,-1,0,0,0.01870615744349183,2.566676231114242,0.1813282310066933,0.1591397451108301,-0.028115501519756947,-0.023664122137404653,0.641464907009187,0.03596559812353394,0.0
2011-01-21,12.57,12.79,-0.016975716294901817,-0.019924030719905346,-0.012658396871923465,0.015917806111211543,-0.017350592988595138,13.041999999999998,13.0735,13.008000000000001,4,21,1,12.952943354070097,13.066055531417986,38.91891891891892,-0.07641356918993658,-0.024205466763943955,13.46371046952366,12.683289530476339,0.011629904783825105,0.010646145304854816,0.01088412619318102,-279730633.0,-2.5806585897843006,0,0,-1,0,0,0.00469116497263491,2.1644677784845543,0.19880202581069337,0.1690023173886226,-0.03972498090145149,-0.03972498090145149,1.1215333733638604,0.028639618138424774,0.0
2011-01-24,12.76,12.57,-0.024420276136454193,-0.011677828310007892,-0.00638979809877101,-0.10615361312070382,0.01500225531448775,12.989,13.064499999999999,13.004999999999999,0,24,1,12.91786274423917,13.046310013261987,36.51685393258426,-0.08807693351330848,-0.03697976011381686,13.475428345654958,12.65357165434504,0.012439778437019117,0.011050283047505872,0.01124694941852187,-271752433.0,-1.4820102006575948,0,0,-1,0,0,-0.0023866348448688254,1.5098451804503834,0.22173358338433308,0.17541780516344088,-0.03625377643504535,-0.013910355486862369,1.3088974660360149,0.022727272727272662,0.0
2011-01-25,12.5,12.76,0.016607736399660546,-0.0007833921278040449,-0.0064308903302904025,-0.08604785081958792,-0.020586633608388322,12.909,13.040000000000001,12.991666666666667,1,25,1,12.841887699832048,13.011064205954764,29.081632653061234,-0.1169519120172211,-0.05297419049449771,13.521925960681225,12.558074039318777,0.013308476833272076,0.011831751987516695,0.011803477433146508,-279072833.0,-2.241008138414818,0,0,-1,0,0,-0.0007836990595611118,1.0787907104324954,0.24010442354403472,0.18782323999898023,-0.04434250764525993,-0.03772132409545803,1.32469787889327,0.028799999999999954,0.0
2011-01-26,12.46,12.5,-0.012628423548179377,0.0,0.004827040748315944,0.4535759217729952,-0.0032051309489483358,12.847999999999999,13.009,12.979000000000001,2,26,1,12.772453572589857,12.975511676538328,28.643216080402013,-0.14143285629216962,-0.0706659236540321,13.555525869758583,12.462474130241418,0.012725411576852955,0.011651443764142372,0.011790888998965517,-290594633.0,-2.0090540279182396,0,0,-1,0,0,0.0071999999999999885,2.468238366537213,0.22363392378956984,0.18496093568865019,-0.02883865939204977,-0.04740061162079501,0.6710052012010742,0.024077046548956572,0.0
2011-01-27,12.49,12.46,-0.011182225145539194,-0.015798116876591176,-0.00482704074831598,-0.6748122443189439,0.0024048107781791494,12.781,12.980500000000001,12.966000000000001,3,27,1,12.721098377573519,12.944188342568115,32.085561497326196,-0.1566081504529766,-0.087854369013821,13.573315760852719,12.387684239147283,0.012345701840311918,0.011699384514771977,0.011783215913978295,-284727133.0,-1.6548143028264168,0,0,-1,0,0,-0.0008025682182986808,0.059999653968697615,0.23105747817508182,0.18572197151164038,-0.023455824863174324,-0.043644716692189944,0.2988918828197943,0.012810248198558858,0.0
2011-01-28,11.93,12.49,0.00800004266707637,-0.0007964954622597524,-0.03947881097378746,0.6202328191282255,-0.04587208802766164,12.665000000000001,12.9285,12.943666666666667,4,28,1,12.577262308923785,12.87875683659598,20.43478260869567,-0.2113852823401814,-0.11256055167909308,13.685037124701921,12.171962875298078,0.01761024557220884,0.01509132320560285,0.013774223963709713,-295636933.0,-2.6396589602748524,0,0,-1,0,0,0.004803843074459607,1.9792614637484913,0.3682079053253242,0.23956732894153931,-0.05091487669053307,-0.08018504240555135,-0.8072584516431363,0.052808046940486235,0.0
2011-01-31,11.85,11.93,-0.045647696538369996,-0.033214879946440685,-0.009271031427932681,-0.1627810056275369,-0.006728368528684532,12.526,12.872,12.917333333333334,0,31,1,12.445032798210368,12.812385427783335,19.40928270042191,-0.2582746559573348,-0.14170337253474144,13.768228354359277,11.975771645640723,0.01612913225258994,0.01505789798991156,0.01377110273222813,-304907833.0,-2.280668749273479,0,0,-1,0,0,0.005029337803855867,1.1758518705432144,0.30005505626027235,0.23903672009211224,-0.07131661442006276,-0.0870570107858244,-1.3074250458734356,0.02784810126582279,0.0
2011-02-01,11.85,11.85,-0.004178861074966945,-0.009102255644764762,-0.0008470987376518866,-0.1378970889767754,0.0,12.403,12.8025,12.881333333333334,1,1,2,12.336845016717573,12.750296045345701,21.4953271028037,-0.2920680437661325,-0.17177630678101966,13.789550363989752,11.815449636010248,0.016480331010459842,0.013971977853456986,0.01294732555940373,-304907833.0,-1.9299927030063668,0,0,-1,0,0,0.007594936708860748,0.604014417262381,0.3098063115796458,0.22179827234369548,-0.052000000000000046,-0.10498489425981872,-2.067347590346957,0.019409282700421828,0.0
2011-02-02,11.57,11.85,-0.009255429974160529,-0.016764851996291987,-0.023147197190651562,0.6058735108490108,-0.023912326375554963,12.277,12.715,12.835666666666667,2,2,2,12.19741865004165,12.674147913387914,15.879828326180231,-0.33755211633694415,-0.20493146869220458,13.812931068682664,11.617068931317336,0.016825080063770547,0.014261273626708528,0.013469692136659916,-319711233.0,-2.085741141060542,0,0,-1,0,0,-0.0016877637130801328,2.608126345354174,0.3135420695634035,0.22639070037188977,-0.07142857142857151,-0.13138138138138133,-1.0856408776264352,0.025929127052722618,0.0
2011-02-03,11.68,11.57,-0.03352269203864356,-0.009341893841428837,-0.010462170406983296,-0.30181884313749235,0.009462436194495799,12.166,12.633500000000002,12.788333333333334,3,3,2,12.103342531852258,12.61000933833063,20.25316455696199,-0.36056610919057697,-0.23605839679187907,13.78609478432008,11.480905215679924,0.017853959802398837,0.01467333393509436,0.013362330741995944,-308764533.0,-1.6545277021403086,0,0,-1,0,0,-0.011235955056179843,1.1749335447551559,0.3406184023666891,0.23293195497878671,-0.06485188150520416,-0.12246431254695722,-0.7965867190085154,0.026541095890411003,0.0
2011-02-04,11.72,11.68,0.01733145635163994,0.002556456441301394,0.017376631835815823,-0.35391081021202603,0.0034188067487856823,12.081,12.5615,12.742666666666667,4,4,2,12.0336438896973,12.552589381018977,16.371681415929174,-0.3712971165922472,-0.2631061407519527,13.754801920590085,11.368198079409916,0.017978329074617633,0.014784495743706818,0.013416159712751648,-301080633.0,-1.4103723215058284,0,0,-1,0,0,-0.0034246575342465023,0.08447882450056944,0.20155489106996324,0.23469659398404705,-0.017602682313495266,-0.10942249240121582,-1.1502530571301501,0.011945392491467624,0.0
2011-02-07,12.02,11.72,0.0170361871525678,0.028525424036533336,0.010282866955584056,0.3861090292808426,0.025275144958194794,12.007000000000001,12.498,12.712,0,7,2,12.03116318247961,12.518228775791947,27.91666666666663,-0.35154167092014177,-0.28079324678559053,13.662900718606664,11.333099281393334,0.01962964632802383,0.016020791050497116,0.014340714531502185,-289775733.0,-0.820670796000082,0,0,-1,0,0,0.010238907849829284,1.1480210410941847,0.2829993076423031,0.25432217355686765,0.014345991561181437,-0.09556057185854028,-0.5161600966438897,0.029950083194675493,0.0
2011-02-08,12.18,12.02,0.01342302033214077,0.00823727886647893,0.022756987122616278,-0.019444970274833922,0.013223333174689433,11.975,12.442,12.684999999999999,1,8,2,12.05822442202877,12.49640756445053,35.930735930735906,-0.31929405199276495,-0.2884934078270254,13.550903678603726,11.333096321396274,0.019736912507270415,0.01649260439716034,0.014583652759421946,-278688533.0,-0.4725387877329386,0,0,-1,0,0,-0.0016638935108152725,0.9748710443170223,0.28986298647848985,0.2618119782399396,0.02784810126582271,-0.08421052631578951,-1.1385283532308503,0.015599343185550042,0.0
2011-02-09,12.27,12.18,0.009950330853168092,0.007355979225816284,0.005816385321439847,0.03955125457654725,0.00736199644106904,11.956,12.402000000000001,12.658,2,9,2,12.096729072568992,12.48180062480856,38.983050847457626,-0.28321065765373277,-0.2874368577923669,13.472574857875726,11.331425142124276,0.019972606078951283,0.01638903438526303,0.014593662709308801,-267154033.0,-0.24659648791289712,0,0,-1,0,0,-0.004926108374384277,1.0196337325566336,0.13458170151160348,0.26016785527135394,0.060501296456352494,-0.06120887528691665,1.302642467976868,0.0171149144254278,0.0
2011-02-10,12.31,12.27,0.007398307481445146,0.0056841403549899115,0.004133945531728111,-0.17331975693759716,0.003254681473542088,11.937999999999999,12.3595,12.633000000000001,3,10,2,12.135505604829175,12.47071671353059,44.03669724770642,-0.248521836930518,-0.2796538536199971,13.369126820062409,11.349873179937592,0.019992247231333297,0.01629341156329686,0.014625430385304276,-257455033.0,-0.09805603222176747,0,0,-1,0,0,-0.004889975550122145,0.3375898498861136,0.14805461966496905,0.2586498900318458,0.05393835616438358,-0.06458966565349544,1.3347491717129438,0.018683996750609295,0.0
2011-02-11,12.39,12.31,0.002453988961566566,0.012872261404833558,0.009034969057912675,-0.3605562088186029,0.0064777554446888656,11.983999999999998,12.3245,12.613666666666667,4,11,2,12.181777313042051,12.465509183625391,41.06280193236716,-0.21213006186896344,-0.2661490952697904,13.274258418036636,11.374741581963365,0.012892101784335436,0.01642647522567838,0.014671001202553382,-250692033.0,0.13792981195239812,0,0,-1,0,0,-0.0056864337936637106,-0.8127378835207582,0.1400662174158143,0.2607622101870516,0.05716723549488045,-0.053475935828877,1.4093026810677882,0.022598870056497123,0.0
2011-02-14,12.19,12.39,0.014598799421152631,-0.004004811119512588,-0.004096687417330121,-0.08654638759134194,-0.016273752147870982,12.018,12.272,12.587333333333333,0,14,2,12.183272347034405,12.447734397585045,42.28855721393034,-0.19715496674245792,-0.25235026956432394,13.119227055877243,11.424772944122758,0.01404556148553094,0.01634107272082379,0.014907014698809045,-256894333.0,-0.19357266610211254,0,0,-1,0,0,0.002421307506053217,-1.1197174990844418,0.17822950832534462,0.2594064874519282,0.014143094841930104,-0.07930513595166166,-1.6438833948566536,0.02296964725184587,0.0
2011-02-15,12.37,12.19,-0.019512814223581715,0.0,-0.006176671891729062,-0.010209461856304579,0.014658242911216448,12.07,12.2365,12.558333333333334,1,15,2,12.217222829391787,12.442719275160204,47.90697674418601,-0.16881658774884123,-0.2356435332012274,12.996147425142892,11.476852574857107,0.014473923691699447,0.016739581318499244,0.014668006185389814,-250755033.0,0.3514788455312356,0,0,-1,0,0,-0.0008203445447087603,-1.2046814294208206,0.18381490419255034,0.26573261532055026,0.015599343185550119,-0.05428134556574926,-1.4777179708732417,0.028698464025869074,0.0
2011-02-16,12.38,12.37,0.017094433359300255,0.0024048107781791494,0.013538668332798265,-0.2915281159631441,0.0008080808520535348,12.151,12.214,12.527,2,16,2,12.246818678593279,12.43867287031116,47.41784037558687,-0.14389259750884165,-0.21729334606275028,12.924712022514948,11.503287977485053,0.010817188553574731,0.016295341722413082,0.014598066349507414,-246168233.0,0.46713716594405574,0,0,-1,0,0,0.0016168148746969564,-1.7352857038310703,0.18016440203216613,0.2586805303579196,0.00896495517522422,-0.03507404520654711,-1.011613092843225,0.01777059773828761,0.0
2011-02-17,12.5,12.38,-0.0032336325670649104,0.0023990415344661105,0.002442003655551809,0.18973204172280633,0.009646377051805335,12.233,12.1995,12.5,3,17,2,12.292851646121774,12.442629459323344,66.86390532544378,-0.11315280347455214,-0.19646523754511067,12.8715111214618,11.5274888785382,0.01082243073920307,0.01648553639676944,0.0147607114531253,-240623133.0,0.894330437110425,0,0,-1,0,0,-0.0024232633279483956,-1.2366516683779283,0.18893751025532157,0.2616997772121346,0.015434606011372809,-0.022673964034401806,-1.3012161688661406,0.017599999999999907,0.0
2011-02-18,12.57,12.5,0.01845218819830837,0.004780885600342116,0.008097210232619303,0.02547919872198408,0.0055843782939006634,12.318000000000001,12.199499999999999,12.480333333333332,4,18,2,12.343242255917813,12.450846913560548,71.42857142857143,-0.08219538303772111,-0.17361126664363277,12.871511121461799,11.527488878538199,0.010767414816148351,0.016091005305582766,0.014716046982719094,-234934933.0,1.102660322627003,0,0,-1,0,0,0.0064000000000000055,-1.0848309304448764,0.18803194876383236,0.2554367903015573,0.014527845036319542,0.0,-1.2500478296195852,0.014319809069212387,0.0
2011-02-22,11.88,12.57,-0.013605652055778598,-0.011191163961261104,-0.046212843155131564,0.8849913065941605,-0.0564567086676571,12.303999999999998,12.1555,12.433333333333334,1,22,2,12.259016391205483,12.41401808042761,50.632911392405084,-0.11204702932752575,-0.16129841918041138,12.78700530272387,11.52399469727613,0.020797961106846785,0.0198369566633088,0.017490738689906412,-248717233.0,-0.8725184058207783,0,0,-1,0,0,-0.012728719172633265,1.641652966318248,0.4519196427865713,0.3149019245968844,-0.025430680885972,-0.06896551724137923,-2.0553728506910662,0.05050505050505047,0.0
2011-02-23,11.69,11.88,-0.04196419909903208,-0.03767849462373006,-0.03087723856443923,-0.09880117078020084,-0.01612253845052195,12.255,12.115,12.379666666666667,2,23,2,12.155558865531757,12.367307236529054,52.63157894736839,-0.1493148772260593,-0.15890171078954096,12.757282115420814,11.472717884579186,0.020625827283321865,0.019662708446555405,0.017614440485994608,-261202933.0,-1.3234059918406633,0,0,-1,0,0,0.0016835016835016474,1.0868458642743055,0.41960117147945186,0.3121358199093286,-0.05497170573969279,-0.06480000000000008,-1.5785819810612138,0.0427715996578272,0.0
2011-02-24,11.76,11.69,-0.01694955831377332,-0.0016708441648176058,0.0060790460763821925,-0.14587153605916559,0.005970166986503754,12.203999999999999,12.08,12.336,3,24,2,12.08363907179871,12.328126124494922,51.785714285714285,-0.17122769393031056,-0.1613669074176949,12.719407620585754,11.440592379414246,0.020545209804160733,0.019768693456460158,0.01752757078427084,-250411933.0,-1.0009264503505682,0,0,-1,0,0,0.0008554319931565259,0.5437356038601312,0.43022749334188315,0.31381827978278076,-0.050080775444265035,-0.0561797752808989,-1.5879606120403593,0.0348639455782313,0.0
2011-02-25,11.79,11.76,0.011049836186584935,-0.0025115124126609866,0.008620743043906955,-0.3257047268057862,0.0025477720787985617,12.152000000000001,12.045,12.290333333333333,4,25,2,12.03025014965349,12.293408310011378,51.56950672645736,-0.18405138002133192,-0.16590380193842233,12.666288982680355,11.423711017319645,0.02051842106993504,0.019770667205967422,0.017457891626162434,-242620633.0,-0.8208740444740663,0,0,-1,0,0,0.005952380952380976,-0.5009100745645577,0.4123299139855591,0.3138496120848601,-0.05680000000000007,-0.05604483586869502,-1.6618210552260828,0.02374893977947408,0.0
2011-02-28,11.83,11.79,0.0016891895908447598,-0.0008385744726210274,0.008121438099166465,-0.32552014736789575,0.0033869634410158803,12.096,12.040000000000001,12.248333333333333,0,28,2,11.993841031534673,12.263510999688064,45.17766497461931,-0.18881009271348326,-0.1704850600934345,12.666771174563056,11.413228825436946,0.020362864001160597,0.017123617276223614,0.017499129818819723,-236994133.0,-0.6701010146052093,0,0,-1,0,0,0.005089058524173071,-1.1207490291254472,0.4068753770833637,0.2718289971524214,-0.0588703261734288,-0.008382229673092989,-1.6846369907371246,0.014792899408284084,0.0
2011-03-01,11.71,11.83,0.0033698431215503626,-0.002519950934513165,-0.008121438099166475,0.7143984803630532,-0.010195500380669407,12.048,12.033000000000001,12.197333333333335,1,1,3,11.942233571255642,12.227800612611416,37.82383419689125,-0.19995939647270866,-0.17637992736928934,12.67171911296215,11.394280887037853,0.020065466643557902,0.017208576182915297,0.017317905334754868,-248488833.0,-1.01139920019629,0,0,-1,0,0,0.005071851225697421,0.7837955623029872,0.15312857505973948,0.27317767798501824,-0.014309764309764272,-0.01181434599156106,-0.7321937504882776,0.02049530315969259,0.0
2011-03-02,11.57,11.71,-0.016108868898980087,-0.00675108049341952,-0.009486918931756195,-0.28249027566900986,-0.012027636404040774,11.968,12.019,12.147,2,2,3,11.874554740118251,12.18536186341068,32.323232323232375,-0.21758395757782623,-0.18462073341099675,12.686245713440908,11.351754286559093,0.019069408145068814,0.017398701037231613,0.017315828574576832,-257154733.0,-1.3458310513066027,0,0,-1,0,0,-0.0008539709649873239,-0.15273946750664816,0.1325853364492799,0.2761958164804584,-0.010265183917878451,-0.02362869198312234,-0.5277776591976974,0.02333621434745042,0.0
2011-03-03,11.78,11.57,0.0025608208616736505,0.01345688936061081,0.008628181223338409,-0.031414109307899556,0.017987637017855333,11.908000000000001,12.0295,12.111999999999998,3,3,3,11.857362969187658,12.159209485126121,37.67441860465115,-0.2121606483857903,-0.19012871640595547,12.673189202545515,11.385810797454486,0.02053930843480932,0.0170495116256664,0.01752462771915886,-248756833.0,-0.7752188447882469,0,0,-1,0,0,0.013828867761452044,-0.15074693770408923,0.19320160279333132,0.2706526064197072,0.001700680272108901,0.01815038893690568,0.5946923940097142,0.028013582342954167,0.0
2011-03-04,11.8,11.78,0.004253515558056442,-0.013456889360610843,-0.007762005335489189,0.2768711563475653,0.0016963532481785555,11.838000000000001,12.035499999999999,12.079,4,4,3,11.846933338426265,12.136034679634115,35.88516746411486,-0.20389839020529799,-0.19288265116582398,12.667605087865345,11.403394912134653,0.02006426534435096,0.016934435340031494,0.017542629425293412,-237680033.0,-0.7451292657532452,0,0,-1,0,0,0.0,0.8232528038614384,0.19269714565741086,0.26882582701816116,0.0008481764206955678,0.010273972602739878,0.6678589247143445,0.022033898305084728,0.0
2011-03-07,11.77,11.8,0.004235499766854747,0.005909683725228001,0.012048338516174355,-0.30984556615769765,-0.0025456101994338533,11.758,12.038,12.052333333333333,0,7,3,11.832945458712398,12.11241953901256,39.06250000000002,-0.1974946450188142,-0.19380504993642203,12.665227818931925,11.410772181068076,0.01972335002158208,0.016935543406234915,0.017322686095105573,-245805533.0,-0.8545539337090141,0,0,-1,0,0,0.002542372881355878,-0.26085510587147714,0.1911573855140463,0.26884341702382386,-0.005071851225697421,0.00426621160409546,1.166360558688793,0.016142735768904102,0.0
2011-03-08,12.66,11.77,-0.0025391465186762985,0.06516963507458091,0.00936575598764209,0.8378437802308092,0.07289349544384481,11.836,12.07,12.049000000000001,1,8,3,11.983319011673778,12.14774731068917,55.51330798479088,-0.11922966351921538,-0.1788899726529807,12.755918515952366,11.384081484047634,0.02617536049786827,0.02334153363167006,0.02221878017854277,-227024433.0,1.7203209602260463,0,0,-1,0,0,0.0025488530161428325,2.7365061252280785,0.5549491378303109,0.3705353592494958,0.08112724167378293,0.0532445923460898,1.735089603669714,0.06951026856240118,0.0
2011-03-09,12.31,12.66,0.06241762956843342,-0.009508787969027188,0.02840625415973301,-0.4180943732578497,-0.028035476519667916,11.898,12.0765,12.042666666666667,2,9,3,12.042715555005818,12.15821522612858,48.821548821548824,-0.08447243113612046,-0.16000646434960866,12.769237513895323,11.383762486104676,0.02752146993756005,0.0241580729967793,0.022486427441222364,-239388033.0,0.674137015294611,0,0,-1,0,0,-0.007898894154818297,0.8709970478045216,0.6132105023830253,0.38349751982413754,0.06395851339671577,0.010673234811166,1.2455185287986317,0.03411860276198212,0.0
2011-03-10,12.5,12.31,-0.02580788395587259,0.0071400541334765396,0.000823384155205135,-0.032511894944698895,0.01531670411189324,11.972,12.088,12.044,3,10,3,12.125858181368397,12.18026585670093,50.0,-0.04112163731875462,-0.13622949894343786,12.801585461263253,11.374414538736746,0.027701207271557126,0.02433978597052572,0.02265934120085241,-227419933.0,1.1547320464479234,0,0,-1,0,0,-0.0056864337936637106,0.7499238124369777,0.6120909284156989,0.38638212385529974,0.0611205432937183,0.018744906275468765,1.321941346156899,0.04,0.0
2011-03-11,12.72,12.5,0.03767980811718274,0.012568900735113563,0.030796599121419417,-0.31131854501017253,0.017446913603720703,12.065,12.1085,12.051666666666666,4,11,3,12.233883966574142,12.215087414333128,52.35109717868339,0.010861140028968208,-0.10681137114895665,12.870830913089975,11.346169086910024,0.027873764322290707,0.02461312293444496,0.022875564312475075,-218653533.0,1.604290182911229,0,0,-1,0,0,0.01680000000000007,-0.13642006104544058,0.6047580745347659,0.3907212136392102,0.07796610169491514,0.033306255077173,0.962501955703893,0.02201257861635229,0.0
2011-03-14,12.4,12.72,-0.004731870027833477,-0.01256890073511365,-0.01123607326692573,-0.03463187852939552,-0.0254790853009849,12.122,12.109,12.067333333333332,0,14,3,12.264086881742479,12.227017258569703,59.21985815602835,0.025937548036113256,-0.08026158731194268,12.872121015442827,11.345878984557173,0.029789861451511267,0.02531140151911414,0.021775759158023156,-227121533.0,0.7626575447699802,0,0,-1,0,0,-0.0055031446540880725,-0.24713842673714947,0.6659339457931398,0.40180604252447105,0.05352591333899759,0.0008071025020177647,0.9120540976711285,0.02096774193548385,0.0
2011-03-15,12.38,12.4,-0.03950533863550829,-0.008733679968754666,-0.031150059549159007,0.1111902069909223,-0.0016142053545411135,12.189,12.118500000000001,12.085,1,15,3,12.285161994152936,12.236887112855529,63.01886792452831,0.035858522423065864,-0.05703756536494098,12.890545130941508,11.346454869058494,0.029424566622441584,0.0250202426396544,0.021729254833458167,-236585433.0,0.6774215379898878,0,0,-1,0,0,-0.019354838709677438,-0.010614064753765955,0.3419794465259018,0.3971840386021188,-0.02211690363349128,0.015586546349466879,-0.1550871904217514,0.042810985460419976,0.0
2011-03-16,12.02,12.38,0.013883440638231935,-0.014458083175229888,-0.004180248808375013,-0.05499339006656927,-0.02951033814938868,12.234,12.101,12.090666666666666,2,16,3,12.236950722488766,12.222894395897109,54.42176870748299,0.01450477275560047,-0.042729097740832694,12.864865515857183,11.337134484142819,0.031036977389313262,0.02566925597814195,0.022443880425809415,-245542933.0,-0.21207921635029195,0,0,-1,0,0,-0.00403877221324723,-0.20406618354953013,0.34824292599083884,0.4074868059493299,-0.023558082859463925,-0.02829426030719484,-0.18000628856108256,0.03328618968386025,0.0
2011-03-17,11.85,12.02,-0.011419373683072834,-0.008939515038808642,-0.012612757074246151,-0.2603177972537031,-0.014244061525921316,12.241,12.0745,12.1,3,17,3,12.166596045672625,12.198836692936005,50.97402597402598,-0.015951923112135447,-0.037373662815093245,12.83437464340126,11.314625356598741,0.031109469391865194,0.025827231829841625,0.022154027138656524,-252447433.0,-0.590886936284967,0,0,-1,0,0,0.01414309484193011,-0.8904132468656187,0.3013941571415923,0.40999459484983564,-0.052000000000000046,-0.04281098546042017,0.8028055733127912,0.03713080168776367,0.0
2011-03-18,12.2,11.85,-0.015709293705179837,0.0024459857282604423,0.015126338830151957,0.34655950422809695,0.02910808415807055,12.281,12.0595,12.117333333333333,4,18,3,12.172669491913966,12.19891174500465,55.457227138643056,-0.011711990551390272,-0.032241328362352654,12.795476973323991,11.323523026676009,0.03239611116212751,0.026662504509266348,0.022712953526767703,-242683133.0,0.38180542351872876,0,0,-1,0,0,0.012658227848101297,-0.0669070965111009,0.37449489176837425,0.423254137569942,-0.04088050314465419,-0.02400000000000002,1.2411187858734252,0.02377049180327862,0.0
2011-03-21,12.28,12.2,0.026317308317373358,0.0064935293105483115,0.014078907498598088,-0.3910573511134842,0.006535970979785449,12.332,12.045,12.136000000000001,0,21,3,12.19218412974779,12.204143245326932,58.50746268656714,-0.0018748697069170817,-0.026168036631265542,12.749377291244574,11.340622708755426,0.032325873629958896,0.026675606938987764,0.02272835125186432,-236079133.0,0.667256037129688,0,0,-1,0,0,0.009836065573770574,-1.1421829455860364,0.350347585737404,0.42346213219362344,-0.00967741935483879,-0.023070803500397807,0.34386647985950614,0.016286644951140006,0.0
2011-03-22,12.32,12.28,-0.0032520353863773432,0.004842624475787991,0.0057400731610599805,0.05543069566469739,0.003252035386377316,12.298,12.066999999999998,12.145999999999999,1,22,3,12.215423378884555,12.211617874660678,61.538461538461526,0.009044525481282761,-0.019125524208755885,12.777140089960003,11.356859910039994,0.020697857112316465,0.023446791685338187,0.022283553979316473,-229098733.0,0.7125354661057115,0,0,-1,0,0,0.0,-0.9223182534467745,0.35216759330098335,0.3722062790504511,-0.004846526655896688,0.03703703703703698,0.12363958622045162,0.015422077922077882,0.0
2011-03-23,12.42,12.32,-0.002445985728260414,0.0064205678029227616,-0.010686497096385595,-0.05073248246193079,0.008084118399959058,12.309000000000001,12.1035,12.154,2,23,3,12.25261912817827,12.225061882747086,60.19108280254776,0.025473743643191327,-0.010205670638366443,12.807063112045782,11.399936887954219,0.018885369803309595,0.023085935031855073,0.022205122183949978,-222463633.0,0.8997060663959434,0,0,-1,0,0,-0.0056818181818182045,-0.9415042820230802,0.24717697671725078,0.3664778572660951,0.03327787021630613,0.06244653550042778,0.32203177810118666,0.032206119162640934,0.0
2011-03-24,12.54,12.42,0.01860142595054562,0.00876150566857267,0.02610262390263739,-0.04162235290238007,0.009615458699441973,12.312999999999999,12.1425,12.163,3,24,3,12.30487019578222,12.245380470956952,61.419753086419725,0.047627988714280534,0.0013610612321629523,12.85233689750011,11.43266310249989,0.018480741431047623,0.023123194766847443,0.022231931238218653,-216099033.0,1.1199755927027935,0,0,-1,0,0,0.004830917874396175,-0.9406842428142751,0.16506061354995058,0.36706933722233104,0.05822784810126569,0.06632653061224492,1.9412297934784433,0.015151515151515112,0.0
2011-03-25,12.68,12.54,0.007980888331012832,0.02118557069937951,0.010412589072460232,-0.08969170337985091,0.011102413804305322,12.309000000000001,12.187000000000001,12.175333333333333,4,25,3,12.373075614730908,12.273420440572634,63.5820895522388,0.07561062529459761,0.016210974044649884,12.915143999639124,11.458856000360878,0.017921670544481537,0.023185410445975767,0.022306808733359888,-210280433.0,1.35412775562069,0,0,-1,0,0,0.0031897926634769477,-1.0627962450674902,0.04831527068254547,0.36805698051006625,0.03934426229508192,0.07548770144189998,-0.6755271973596313,0.02602523659305994,0.0
2011-03-28,12.58,12.68,0.009493742192251143,-0.005449604767564703,0.0015923570243632046,-0.5563771305832411,-0.00791769773678535,12.327,12.224499999999999,12.181666666666667,0,28,3,12.41069823023438,12.293199766987305,48.4375,0.08869547588835758,0.030707874413391425,12.952481347360752,11.496518652639246,0.015972288343320602,0.02333497073167512,0.022344139485703414,-213616133.0,0.9766733757364575,0,0,-1,0,0,0.0015772870662460231,-1.739913400177644,0.12256541868565603,0.3704311764418998,0.02442996742671011,0.06339814032121716,-1.5219803680264705,0.019077901430842623,0.0
2011-03-29,12.51,12.58,-0.011881327886752563,-0.00862412244409741,-0.0047846981233362704,0.23851185585752643,-0.005579926793474761,12.34,12.2645,12.192333333333332,1,29,3,12.42875309746449,12.307186878794576,54.385964912280684,0.09235231922092346,0.043036763374897834,12.960669217178745,11.568330782821254,0.016107734402229474,0.023217966642783007,0.022151071883770326,-217850333.0,0.7052882946904742,0,0,-1,0,0,-0.002384737678855275,-1.3061942515319214,0.14397589934792104,0.36857379411238245,0.015422077922077948,0.06831767719897508,-0.5818065481409066,0.015187849720223781,0.0
2011-03-30,12.81,12.51,0.00318218247846277,0.011741817876683195,0.003988836561232968,0.21381387708881455,0.023697791429823176,12.419,12.3265,12.206999999999999,2,30,3,12.49807071610731,12.339626435001378,56.48535564853557,0.11809654326528829,0.058048719352975925,12.981915496981939,11.67108450301806,0.013580056008491832,0.023344211822869852,0.0224094971887364,-212606733.0,1.4753999630049146,0,0,-1,0,0,0.006394884092725825,-0.9286844165820807,0.20843247604521536,0.3705778742167646,0.03140096618357502,0.10717372515125323,0.22359223396656264,0.02263856362217011,0.0
2011-03-31,12.63,12.81,-0.0015898254540997624,-0.00938239877191362,-0.00638979809877101,0.12107475307029418,-0.014151179546243151,12.497,12.369,12.215333333333332,3,31,3,12.522057858633254,12.358360213388385,48.08510638297872,0.12256171545656613,0.07095131857369397,12.984207282141439,11.75379271785856,0.013564635418992327,0.023525203341682063,0.022586697366296985,-218525233.0,0.8484945077096667,0,0,-1,0,0,-0.018735362997658097,-0.6854799399053023,0.24830310421068666,0.3734510255058984,0.0071770334928231705,0.07215619694397302,0.7882432234792711,0.01979414093428345,0.0
2011-04-01,12.67,12.63,0.013433627541861181,0.01093760903872006,0.010362787035546437,-0.17748407464491525,0.0031620579706478796,12.544,12.4125,12.221,4,1,4,12.548956429790842,12.378466006073005,56.521739130434774,0.1278542382223069,0.08233190250341656,12.979444720223508,11.845555279776491,0.01088177779203146,0.023520761114390082,0.022530556706361442,-213569233.0,0.9083778040952045,0,0,-1,0,0,0.008709422011084673,-0.8725313643831644,0.23487945296522555,0.3733805073338076,-0.0007886435331230235,0.07372881355932193,1.3598745358206001,0.020520915548539843,0.0
2011-04-04,12.46,12.67,-0.041672696400567956,-0.03157326191609012,-0.036338273438807224,0.9572638045699057,-0.016713480973740556,12.562,12.447,12.217333333333332,0,4,4,12.532782533465234,12.383726263745716,51.769911504424776,0.1137916365348115,0.08862384930969555,12.926565592901076,11.967434407098922,0.012568015581389853,0.02392633912320236,0.02272692013664977,-226477433.0,0.054215732706592544,0,0,-1,0,0,-0.03551696921862662,1.2875204190924492,0.2598624186766091,0.3798188586251319,-0.009538950715421213,0.05862361937128302,1.1557665706122537,0.024879614767255254,0.0
2011-04-05,12.2,12.46,0.015428645473066443,0.0016025644455411972,-0.0016460909066686805,-0.12048457900122396,-0.021087561620096392,12.55,12.424,12.228000000000002,1,5,4,12.472276618289737,12.371872956407284,54.166666666666664,0.08073641713253288,0.08704636287426303,12.904674964037513,11.943325035962486,0.014383212017225979,0.017367470391748515,0.02064946919329211,-237920433.0,-0.93202274617539,0,0,-1,0,0,-0.004012841091492834,1.2860132943514797,0.29423116191387966,0.2757000453530646,-0.02478017585931258,-0.03633491311216441,1.1816974893039192,0.028688524590163907,0.0
2011-04-06,12.15,12.2,-0.012976662225779902,-0.015329061759114403,-0.008271345750677306,-0.3807319986855987,-0.004106781952653359,12.523,12.416,12.243333333333334,2,6,4,12.413680869509784,12.357558572122944,57.35294117647061,0.049929776095050116,0.07962304551842045,12.909810106268056,11.922189893731945,0.014048545743166168,0.016280481009355172,0.020423125353382858,-245740133.0,-1.077337205632673,0,0,-1,0,0,0.004098360655737763,0.07439038039300634,0.15569006698157495,0.25844462385158173,-0.051522248243559776,-0.012997562956945541,0.6248100059140897,0.02139917695473264,0.0
2011-04-07,11.8,12.15,-0.004089985251525166,-0.008163310639161094,-0.02013490840905581,0.36085561178730996,-0.029229638314938366,12.449,12.381,12.244666666666667,3,7,4,12.302102529598915,12.321587051340819,40.196078431372584,-0.0026957093456569936,0.06315929454560497,12.944107917113264,11.817892082886736,0.01564413239051822,0.01698767915058375,0.02113418875283833,-256957933.0,-2.063547616160177,0,0,-1,0,0,0.0041152263374484715,1.440050047842397,0.20455570400831188,0.2696710463076094,-0.06571654790182102,-0.05599999999999994,0.2566857382443665,0.03389830508474564,0.0
2011-04-08,11.68,11.8,-0.022379715629386076,-0.022379715629386076,-0.017094433359300183,0.04807760704023094,-0.010221554071538139,12.349,12.329,12.241000000000001,4,8,4,12.188992978762748,12.28019433835109,35.57692307692308,-0.05346843202033469,0.03983374923241704,12.949454841649402,11.7085451583506,0.014460240295472762,0.01636100827228097,0.021215441579338037,-268728233.0,-2.092013653321538,0,0,-1,0,0,0.011016949152542288,1.5051168560317685,0.15135302189386787,0.25972295452035593,-0.07813733228097874,-0.08176100628930827,-0.10540505961599396,0.028253424657534252,0.0
2011-04-11,11.78,11.68,-0.015202995519656702,-0.009263224131872534,0.0008616975974811416,-0.35062594679632414,0.008525200823359627,12.269,12.298,12.239333333333333,0,11,4,12.1146306189877,12.247923735876826,37.38317757009342,-0.08466109585923753,0.014934780214086125,12.963814894459482,11.632185105540518,0.0153910904813243,0.015807976322960708,0.021265705311050622,-260439033.0,-1.5559880210265364,0,0,-1,0,0,0.005993150684931532,0.2084864304063174,0.230778867084022,0.25094384449050783,-0.054574638844301915,-0.050000000000000044,0.189951475077282,0.01782682512733454,0.0
2011-04-12,11.84,11.78,-0.0034100629805419547,0.013445580709351118,0.00857638189982603,0.09337589438712961,0.005080451232418914,12.202,12.270999999999999,12.243666666666666,1,12,4,12.064697779171754,12.221606075497677,36.19047619047618,-0.10334866899958328,-0.008721909628647755,12.965971411755753,11.576028588244245,0.01582161534698223,0.015897372939251208,0.021195109192606452,-251338533.0,-1.2403387900838523,0,0,-1,0,0,-0.005942275042444696,0.5207195509954587,0.23494516813331898,0.25236297177903977,-0.02950819672131144,-0.043618739903069526,-1.0000071930011105,0.02280405405405402,0.0
2011-04-13,11.75,11.84,0.015254533093064357,-0.006700192569819562,-0.0017094021256490257,-0.4147049612307577,-0.007630388865691619,12.096,12.257499999999999,12.249666666666666,2,13,4,12.007480001140525,12.191179877078472,30.91787439613529,-0.1239916545767823,-0.031775858618274665,12.98282751223147,11.532172487768527,0.012001249754955133,0.014656482268612492,0.021121076739719826,-257349733.0,-1.3993678481564105,0,0,-1,0,0,0.004222972972973033,-0.5816447106776022,0.23458388582520254,0.23266444306665857,-0.03292181069958855,-0.022462562396006636,-0.7687511529465979,0.01787234042553199,0.0
2011-04-14,11.6,11.75,-0.013548048037306358,-0.01183445764700291,-0.01031823427839176,0.4588982239450507,-0.012848142477849024,11.993,12.245000000000001,12.243666666666666,3,14,4,11.933392728205884,12.153039239847603,24.038461538461533,-0.15071773553240142,-0.05556423400110002,13.007558021951121,11.48244197804888,0.011942328074093098,0.014594755184199731,0.020995475773236256,-266861433.0,-1.691674551792586,0,0,-1,0,0,-0.0017021276595744319,0.6717339801931881,0.15193449427369235,0.23168455597957902,-0.016949152542372947,-0.021097046413502074,0.5190716871394309,0.016379310344827543,0.0
2011-04-15,11.63,11.6,-0.0051282163669195665,-0.005115100666770489,-0.0008646779613538057,-0.26768026072551726,0.0025828684182542384,11.889,12.2165,12.238,4,15,4,11.878230413986632,12.11929477276066,26.36815920398014,-0.16754622932347374,-0.07796063306557477,13.027224821898292,11.405775178101708,0.01188103893867957,0.012759216451555509,0.020999022954732136,-259583533.0,-1.4468534431367832,0,0,-1,0,0,0.006034482758620715,-0.11060014706114743,0.14271130094167073,0.2025462819291593,-0.0042808219178080975,-0.0467213114754097,-0.5387944278940384,0.012037833190025691,0.0
2011-04-18,11.55,11.63,-0.013805223564673402,-0.0034246608813639917,-0.00520382787502711,-0.35014614040890574,-0.006902529562770463,11.798,12.18,12.230666666666668,0,18,4,11.818552156898152,12.082566077743845,26.237623762376273,-0.18520335432418733,-0.09940917731729729,13.042749582500733,11.317250417499267,0.011536251527209324,0.01262061655007362,0.021030074323654117,-264711433.0,-1.4604469541993998,0,0,-1,0,0,-0.01031814273430791,-0.875444533346647,0.11882816178875953,0.20034607670280452,-0.01952461799660432,-0.05944625407166115,0.23361569953425887,0.013852813852813865,0.0
2011-04-19,11.57,11.55,0.00778887537852763,-0.0008580009106367071,0.0,0.34735297702299145,0.001730104237782512,11.735000000000001,12.142500000000002,12.194333333333333,1,19,4,11.773360855643942,12.049497298534565,14.367816091954012,-0.19533126303615056,-0.11859359446106796,13.043957883536116,11.241042116463888,0.010816680734081171,0.012585468638073683,0.015388087602318497,-257453833.0,-1.2701647197410428,0,0,-1,0,0,0.004329004329004236,-0.0940559898792359,0.10428157638081623,0.1997881208972744,-0.022804054054054057,-0.06087662337662336,0.05013143504640955,0.012964563526361309,0.0
2011-04-20,11.63,11.57,0.00772867737165807,0.012793351459909542,0.005203827875027044,-0.07775004279227961,0.005172425324987914,11.683,12.103,12.171666666666665,2,20,4,11.747295245526862,12.022432956693626,19.135802469135825,-0.1962539121633462,-0.13412565800152362,13.022315534858153,11.183684465141846,0.011312151607682383,0.012464956376847912,0.01471907858795481,-250739133.0,-1.0290264486240432,0,0,-1,0,0,0.010371650821088955,-0.29633751060338104,0.11940184120643561,0.19787504805844974,-0.01021276595744669,-0.06360708534621573,-0.8081390221423506,0.020636285468615668,0.0
2011-04-21,11.31,11.63,-0.012914514404023612,-0.014511564941045958,-0.02186357311620238,0.8173317450127469,-0.02790067640254401,11.634,12.041500000000001,12.132,3,21,4,11.667787019067433,11.976469540132749,14.210526315789537,-0.22026733911868845,-0.1513539942249566,13.00139637598626,11.081603624013741,0.01100453594734724,0.013195547812462995,0.015070766981792464,-265944233.0,-1.5241228497157524,0,0,-1,0,0,-0.007738607050731009,2.274859773305333,0.2125451849404898,0.20947282755023677,-0.02499999999999991,-0.09808612440191378,-1.6784769945978768,0.028293545534924868,0.0
2011-04-25,11.51,11.31,-0.02101653536165844,0.0025762143917732456,-0.000884564409734218,-0.10615661808785058,0.017528932605762066,11.616999999999999,11.983,12.091666666666667,0,25,4,11.639098470146081,11.946374731091927,24.867724867724874,-0.22061669255528393,-0.16520653389102208,12.921421967706257,11.044578032293744,0.012711763908893886,0.013688856462813667,0.015074750073709805,-252270533.0,-1.0080752929433954,0,0,-1,0,0,-0.0008841732979663825,1.572037009891932,0.2665560023397125,0.21730385960078552,-0.010318142734307867,-0.0922712933753943,-0.7760453039130858,0.03127715030408336,0.0
2011-04-26,11.68,11.51,0.024476746426554164,0.013628831055605837,0.023612815487290207,-0.147374748332184,0.014661754666289764,11.607000000000001,11.938,12.067666666666666,1,26,4,11.646535111937702,11.929189264569867,35.55555555555557,-0.20481499860896513,-0.1731282268346107,12.841550889837606,11.034449110162395,0.013385617432313876,0.014336835917924123,0.014831405810829179,-240470533.0,-0.5710801746791945,0,0,-1,0,0,0.006081668114682909,0.9303531223539331,0.2850467685028171,0.22759021455819398,0.011255411255411074,-0.07154213036565982,-1.5239670097613358,0.021404109589041095,0.0
2011-04-27,11.77,11.68,0.010309369658861287,0.0,0.0034512545042147446,-0.16124357162692743,0.007675943872104353,11.6,11.901,12.047333333333334,2,27,4,11.668983273403574,11.918918989436328,39.673913043478244,-0.18292119282642005,-0.17508682003297257,12.765697087211242,11.036302912788758,0.013537399648943816,0.014546982978562696,0.014934527329480333,-230427733.0,-0.30299627913051447,0,0,-1,0,0,0.0017123287671232511,0.31758183659495043,0.2873480873160687,0.23092619572539924,0.01728608470181503,-0.05915267785771383,-1.807586990678346,0.017841971112999223,0.0
2011-04-28,11.81,11.77,0.004264398786457518,0.002534855603187894,0.003439384301909473,-0.39338045859924425,0.003392708937085709,11.606,11.850999999999999,12.040333333333335,3,28,4,11.694622678239288,11.911891957859792,50.3267973856209,-0.1604924709987685,-0.1721679502261318,12.60264101173789,11.099358988262107,0.013342652054691227,0.013208477673148363,0.014021220381029424,-223651133.0,-0.10909463256987859,0,0,-1,0,0,-0.001699235344095121,-0.788576991123881,0.2869932306494931,0.20967808272539795,0.015477214101461634,-0.07806401249024197,-1.7157200369044523,0.016934801016088002,0.0
2011-04-29,11.75,11.81,0.0033984739591115514,0.0075662403833158766,0.0,0.6137000957217195,-0.005093389619103012,11.621,11.806999999999999,12.037,4,29,4,11.70469128219578,11.901447315417226,52.380952380952394,-0.14587746135033797,-0.16690985245097303,12.463661412393309,11.150338587606688,0.012693398278937144,0.012998839194941,0.013813050730845244,-236169233.0,-0.17360545000581862,0,0,-1,0,0,-0.0016934801016089203,1.0196518129499241,0.14451337688094146,0.20635017505399764,0.0389036251105217,-0.0696753760886778,-0.4496243295103665,0.024680851063829716,0.0
2011-05-02,11.61,11.75,0.00844599615341109,0.0025094116054259286,-0.005163522660049269,0.5962944435267378,-0.011986444880367923,11.619,11.754000000000001,12.017333333333333,0,2,5,11.68747468543291,11.882644262809663,44.370860927152336,-0.14393262517164906,-0.16231440699510827,12.274339969837614,11.233660030162389,0.01334896293616361,0.013027700165904365,0.012770896277746843,-258894333.0,-0.5534842923750071,0,0,-1,0,0,0.011914893617021326,3.065473025899417,0.16669752960901854,0.20680832876458716,0.008688097306689846,-0.08366219415943177,-0.17327535353395265,0.03273040482342815,0.0
2011-05-03,11.54,11.61,-0.031613055434945414,-0.030536723860081764,-0.019164349589215715,0.014074246515831017,-0.006047534629846625,11.618,11.708,11.992666666666667,1,3,5,11.660661106263289,11.860538181338072,40.13157894736842,-0.14635268087014985,-0.1591220617701166,12.116107313028653,11.299892686971347,0.013303597808661777,0.012713431537235418,0.012701185801074854,-281941533.0,-0.823312862262803,0,0,-1,0,0,-0.007751937984496112,2.479580510055444,0.12465062194266788,0.20181946894662314,-0.011986301369863117,-0.07383627608346721,0.24675500016789703,0.020797227036395166,0.0
2011-05-04,11.64,11.54,-0.0017376198985407374,0.004297385212546173,0.010498784098219789,-0.8389973363487873,0.008628181223338409,11.625,11.680000000000001,11.969999999999999,2,4,5,11.656904541488146,11.846309911574327,46.40522875816996,-0.13860369110834725,-0.15501838763776274,12.016545922416016,11.343454077583987,0.013582040361572494,0.01233006911164438,0.012816111058157222,-271981833.0,-0.23770901583264886,0,0,-1,0,0,-0.0034662045060657844,-0.16942736254659715,0.12963297932642842,0.19573377910590078,-0.011045029736618472,-0.04590163934426217,0.3481516125421082,0.014604810996563567,0.0
2011-05-05,11.91,11.64,0.012959144642505116,0.023729927042109685,0.011250659563100876,0.5263910706970695,0.022930941063916892,11.653,11.668000000000001,11.953000000000001,3,5,5,11.70292189758121,11.850418949537273,59.393939393939384,-0.10941455450171134,-0.14589762101055248,11.946007951420002,11.38999204858,0.0153268986767107,0.013566048585513945,0.013496528086144636,-255121933.0,1.7409573989802738,0,0,-1,0,0,0.0008591065292096037,1.1140301836786317,0.22473082625924495,0.21535434498653674,0.008467400508044065,-0.019753086419753152,1.0003194945988612,0.026868178001679285,0.0
2011-05-06,12.11,11.91,0.02542509836580996,0.018257768573564963,0.01367542679967549,-0.05726762427478278,0.01665317419779208,11.733,11.683499999999999,11.938666666666668,4,6,5,11.776936098020988,11.867166114083256,63.18681318681313,-0.0693442673654392,-0.13058695028152983,12.020750492567393,11.346249507432605,0.011654070945084423,0.012413583865718478,0.013756675822644325,-239200433.0,2.529277254738309,0,0,-1,0,0,0.003358522250209836,0.8628465095822792,0.23610227563452638,0.1970595347264095,0.030638297872340292,0.02627118644067794,-0.19077212070488717,0.03137902559867884,0.0
2011-05-09,12.0,12.11,0.01577450725383267,0.002464066955159057,0.015164570299045063,-0.7352549514563391,-0.009124907777000497,11.782,11.699499999999999,11.916,0,9,5,11.81749317110808,11.875736042206917,62.16216216216213,-0.04593484847103291,-0.11365652991943045,12.06521343397471,11.333786566025287,0.011976340296046033,0.012362714335559676,0.013631833618472373,-246832933.0,1.6433632023524747,0,0,-1,0,0,0.002477291494632629,-0.6975595735619843,0.22294898757381568,0.19625200596974413,0.033591731266150004,0.027397260273972712,-0.07364681906224228,0.019166666666666554,0.0
2011-05-10,12.1,12.0,-0.006611594332312818,0.004909993497555785,0.00832644277655359,0.26869856585714,0.008298802814695064,11.824,11.7155,11.9,1,10,5,11.868858049088427,11.890204684645182,63.7305699481865,-0.019093453628165946,-0.09474391466117756,12.12179131368889,11.309208686311111,0.01151161995026279,0.012355881197065594,0.013701355476219125,-236847633.0,1.8927305952419315,0,0,-1,0,0,0.005000000000000042,-0.2648420911942312,0.19248894567927596,0.19614353325896772,0.048526863084922045,0.02716468590831922,-0.8426279992906954,0.015702479338842935,0.0
2011-05-11,12.14,12.1,0.0024844733276619658,-0.005730674708985095,-0.007490671729157626,-0.2190010412490411,0.0033003330286569214,11.861,11.730500000000001,11.887666666666666,2,11,5,11.918156585617803,11.906320511442267,63.35078534031411,0.005344601631950496,-0.07472621140255195,12.176368755766216,11.284631244233786,0.011420924683123364,0.01233430835985078,0.013699744835832818,-228826233.0,1.8368634029818216,0,0,-1,0,0,-0.000826446280991718,-0.629805542392507,0.1977825231180598,0.19580107508490086,0.04295532646048117,0.02533783783783794,-0.39831939057913607,0.017298187808896134,0.0
2011-05-12,12.14,12.14,0.005773211911319587,0.0016406894574597963,0.007490671729157659,-0.060538917258691885,0.0,11.894,11.75,11.865333333333334,3,12,5,11.958491751869111,11.92139660747825,76.10062893081759,0.024430318982389565,-0.054894905325563646,12.232100666491618,11.267899333508382,0.011463469939215137,0.012160692717126574,0.012871976937958067,-228826233.0,1.6179193562960192,0,0,-1,0,0,0.0016474464579900802,-0.7451987148843462,0.15267635290192708,0.19304501219874753,0.01931150293870698,0.03319148936170224,0.0073457630552794355,0.011532125205930707,0.0
2011-05-13,12.07,12.14,-0.0032948958968526494,-0.004930166107858609,-0.008326442776553668,0.12338599824556953,-0.005782750521912083,11.926,11.7735,11.846666666666668,4,13,5,11.978765978802,11.930983923124817,69.17808219178082,0.033521062559145776,-0.03721171174862176,12.27040727717084,11.276592722829161,0.01151788343767074,0.01181821617747999,0.012685552798494145,-237367933.0,1.1933815970179937,0,0,-1,0,0,-0.0016474464579902264,-0.5404326656657249,0.11057226260241176,0.18760836567607464,-0.003303055326176696,0.040517241379310454,0.06017470838385694,0.014913007456503704,0.0
2011-05-16,12.14,12.07,-0.005792320704504322,0.009020151359383744,0.006666691358189077,0.4044694945816275,0.005782750521912127,11.979000000000001,11.799,11.829,0,16,5,12.008081255383454,11.944468831310314,66.91176470588235,0.04584547917843551,-0.020600273563210307,12.316805084238483,11.281194915761516,0.01031081952218884,0.011847633079529407,0.012727500959608699,-224568133.0,1.3170979211279732,0,0,-1,0,0,-0.0016570008285003788,0.23451599546777438,0.08694994362783465,0.18807534451906285,0.011666666666666714,0.043852106620808184,-0.7248959407283657,0.01729818780889628,0.0
2011-05-17,12.22,12.14,0.008264509849893431,0.004073325387635869,0.004557704181315669,-0.33158568126454485,0.006568168112097169,12.047,11.8325,11.821000000000002,1,17,5,12.046611936222826,11.962245035741908,66.66666666666666,0.061360671923710086,-0.004208084465826227,12.368837482129392,11.296162517870608,0.009625512910158968,0.011685201695749386,0.012471777651185267,-215380633.0,1.4449857148209402,0,0,-1,0,0,0.0008237232289950401,-0.5368740611050556,0.07997276753034835,0.1854968262394987,0.009917355371900971,0.058008658008658065,-1.0372718142490724,0.01677577741407529,0.0
2011-05-18,12.27,12.22,0.004106781952653281,0.0,0.00041330854070465817,0.0849212122570343,0.004083304979370781,12.11,11.8675,11.823333333333332,2,18,5,12.087227947818674,11.982100194726302,66.9117647058823,0.0768057867876859,0.011994689784876198,12.422738213458198,11.312261786541802,0.009581909720859134,0.011684821476279571,0.011890230478353886,-205378833.0,1.4498281647190803,0,0,-1,0,0,-0.0016366612111294067,-0.40638342422786505,0.08097823074030755,0.18549079044253416,0.010708401976935678,0.060501296456352494,-1.1311355270416759,0.016299918500407587,0.0
2011-05-19,12.4,12.27,0.007349971838732488,0.011317824932661437,0.011503824481484713,0.11375566012554593,0.010539213888171105,12.159,11.906,11.831666666666667,3,19,5,12.144095593669824,12.009061472485897,72.72727272727272,0.09840175100547022,0.029276102028995003,12.497497653151928,11.314502346848073,0.007592873972404657,0.011799953750887675,0.012006590950006247,-194172033.0,1.670336297591751,0,0,-1,0,0,0.001629991850040715,-0.2084621667089561,0.09671724766900527,0.18731845864147562,0.021416803953871577,0.06620808254514188,-1.360028460305759,0.016129032258064457,0.0
2011-05-20,12.27,12.4,0.00810377206310774,-0.003220614700042172,0.0016326534238853118,-0.4207325802389528,-0.010539213888171124,12.175,11.953999999999999,11.847333333333333,4,20,5,12.166987303911673,12.025896216196484,73.23943661971829,0.10382990814470006,0.04418686325213601,12.49555332147445,11.412446678525548,0.007410105769140294,0.009926712022822774,0.010862841280905207,-201530033.0,1.1670134314369964,0,0,-1,0,0,-0.0008064516129032086,-0.9418261397052541,0.12820731019626597,0.15758166809366395,0.01657000828500399,0.08488063660477452,-1.7348364055245127,0.011409942950285296,0.0
2011-05-23,12.14,12.27,-0.019560525854493596,-0.009724549891994857,-0.012310372943064531,-0.29273240473542406,-0.010651473091467746,12.189,11.9855,11.862666666666666,0,23,5,12.162080521382277,12.033257750635421,70.27027027027032,0.09652912062535535,0.05465531472677988,12.490359542739101,11.480640457260899,0.007657593458000551,0.009908281971530312,0.010878678520801432,-207020733.0,0.6120514199326211,0,0,-1,0,0,-0.009779951100244435,-1.2062638024723138,0.1576652034784051,0.15728910009944383,0.0,0.05473501303214601,-0.359115661766983,0.014003294892915973,0.0
2011-05-24,11.97,12.14,0.001644737212878245,-0.008176660437245444,-0.014137449600544808,0.08151124669939186,-0.014102266061470406,12.176,12.0,11.869,1,24,5,12.127156790221864,12.029176605433136,60.645161290322584,0.07614782988369839,0.05895381775816359,12.484148737476401,11.515851262523599,0.008547460224810673,0.01015165854810057,0.011139511427305245,-212977733.0,-0.12392885771580348,0,0,-1,0,0,0.0024711696869851203,-1.0201650959035544,0.17098397327891657,0.16115258347870284,-0.020458265139116194,0.024828767123287854,0.7297167418807452,0.020050125313283224,0.0
2011-05-25,11.84,11.97,-0.01824262862191621,-0.011560822401076084,-0.013490929741015402,0.4239051975137807,-0.010919890114022212,12.146,12.0035,11.869,2,25,5,12.07494646472698,12.016971663147128,47.51773049645389,0.04894143024412223,0.05695134025535532,12.48162242431366,11.525377575686342,0.008912107990477432,0.010379084581239467,0.011296985156428498,-222079533.0,-0.6839252529713661,0,0,-1,0,0,-0.0016708437761070467,-0.3833409880341615,0.15846076362385136,0.1647628598307876,-0.035044824775876116,0.005947323704333041,2.111515552231889,0.021959459459459443,0.0
2011-05-26,11.79,11.84,-0.013479563828240105,-0.011696039763191187,-0.005106394074574028,-0.17515313009727412,-0.004231914906580119,12.111,12.002500000000001,11.870333333333331,3,26,5,12.0231380165948,12.002328330040863,37.301587301587304,0.023079533885548287,0.05017697898139392,12.482406789195341,11.522593210804661,0.008882419995050102,0.0104010617508121,0.011234628921756667,-229718933.0,-0.8855886383949712,0,0,-1,0,0,-0.004222972972973033,-0.6870720182784832,0.0565294408522882,0.16511173658204928,-0.049193548387096886,-0.0016934801016089684,1.2246455364103028,0.01526717557251906,0.0
2011-05-27,11.83,11.79,0.005076153031860568,0.0016792615197199939,0.0051063940745740555,-0.20022573334202481,0.0033869634410158803,12.087,12.0065,11.878000000000002,4,27,5,11.988022013577561,11.991210373264034,42.857142857142875,0.005745232933554334,0.04129062977182601,12.47881902688531,11.534180973114692,0.009023474016768266,0.010357142827160059,0.010977237692558393,-223465733.0,-0.7473762010559848,0,0,-1,0,0,0.005089058524173071,-0.8839409933243368,0.11005655426913576,0.1644145452830517,-0.03585982070089644,0.006808510638297793,1.0568407551811858,0.011834319526627267,0.0
2011-05-31,11.83,11.83,0.005889794056063614,0.0008385744726209456,-0.0016992357529598016,0.06332640705045571,0.0,12.056000000000001,12.0175,11.884666666666668,1,31,5,11.95929073838164,11.980809704021194,37.61467889908263,-0.007901244825797349,0.03145225485230133,12.460260479385015,11.574739520614985,0.008647180394000862,0.00994664245310003,0.01097217331139273,-223465733.0,-0.8469590612984844,0,0,-1,0,0,0.007607776838546057,-0.762565163277784,0.11539073127696305,0.15789805386588074,-0.025535420098846795,0.018949181739879473,-0.13715468294375827,0.014370245139475903,0.0
2011-06-01,11.59,11.83,-0.009271031427932681,-0.0008385744726210274,-0.019751608189513197,0.2927054593080818,-0.020496020638635124,11.992999999999999,12.02,11.886,2,1,6,11.892146967766795,11.955596174729505,28.682170542635674,-0.03764818614921417,0.017632166651998234,12.451838176318747,11.588161823681252,0.009613786374844415,0.010937509912328662,0.011546525761846302,-232393133.0,-1.99148673545069,0,0,-1,0,0,-0.0016906170752324238,-0.10726642125035367,0.149412849207535,0.1736275871419531,-0.031746031746031855,0.004332755632582286,-0.779641786712303,0.03364969801553068,0.0
2011-06-02,11.57,11.59,-0.017079834499470876,-0.01777448402757766,0.0008669267989858374,-0.24976502578594909,-0.0017271161460750777,11.923,12.016499999999999,11.886000000000001,3,2,6,11.833574791809195,11.930719002166311,28.24427480916033,-0.06212059674563264,0.0016816139724720597,12.462217635422137,11.57078236457786,0.00915145184028108,0.01076327590089072,0.011547756389173377,-239347433.0,-2.0035105839019334,0,0,-1,0,0,0.0017256255392579442,-0.6993978301653986,0.1462561070911369,0.17086170795678923,-0.022804054054054057,-0.006013745704467333,-1.737272699378038,0.01469317199654293,0.0
2011-06-03,11.56,11.57,-0.00865057297600882,-0.004278996687279728,-0.010015324299685022,0.2290876292711798,-0.0008646779613538057,11.839,11.998999999999999,11.883666666666668,4,3,6,11.783833920571158,11.90680164718784,29.600000000000037,-0.08138393158048274,-0.014931495138118901,12.487731979072796,11.510268020927201,0.007421735146815514,0.009242355670294751,0.01150799575130605,-248092133.0,-1.796485676394046,0,0,-1,0,0,-0.005185825410544555,0.019371713824629933,0.14867980962756389,0.14671784779204555,-0.019508057675996504,-0.029387069689336687,-1.9873042304114257,0.02032871972318334,0.0
2011-06-06,11.23,11.56,-0.0008691873645868512,-0.006884708777497144,-0.019890158479219686,0.1955521881307115,-0.02896209449387965,11.735,11.955000000000002,11.881,0,6,6,11.683136844103675,11.863137024788626,19.867549668874204,-0.12187362204561403,-0.036319920519617924,12.54881017700592,11.361189822994083,0.010091249796313692,0.010056927324585758,0.011593850382763555,-258725533.0,-2.441857779048391,0,0,-1,0,0,-0.005190311418685164,1.1801695110104051,0.2101996875097068,0.15964877192582444,-0.05071851225697377,-0.07266721717588764,-0.8148141013164254,0.03383793410507576,0.0
2011-06-07,11.34,11.23,-0.012248622076199086,-0.013913267916985002,0.006230549750636163,-0.2798694595295444,0.009747529549254043,11.655,11.922,11.875333333333334,1,7,6,11.620748326993915,11.829386248995814,21.428571428571416,-0.14343251204484275,-0.057742438824662894,12.575624711250974,11.268375288749027,0.011625227414015974,0.010406573441963777,0.011259577841027529,-250687933.0,-1.780838422972444,0,0,-1,0,0,0.01157613535173633,-0.22341350950238742,0.2484210682548615,0.16519923196659367,-0.041420118343195256,-0.05500000000000005,-0.3616433282103262,0.01322751322751326,0.0
2011-06-08,11.08,11.34,-0.005295687574710344,0.0017497817237875507,-0.01971390008792297,0.06413720144372105,-0.023194616980468204,11.565999999999999,11.870999999999999,11.855333333333334,2,8,6,11.522430449358659,11.7810387490606,16.000000000000043,-0.17942956247677522,-0.08207986355508537,12.618568690735815,11.123431309264182,0.012551105222330465,0.010982425009472226,0.011602576220335888,-259257933.0,-2.1161934944638556,0,0,-1,0,0,-0.0035273368606701188,0.10315266579328766,0.2569897228824987,0.17434059220487816,-0.04400345125107852,-0.08429752066115703,-0.3011714012933958,0.03519855595667859,0.0
2011-06-09,11.05,11.08,-0.019661044399157234,-0.025676488045524033,-0.007266153676622919,0.38024902130620164,-0.002711253355375855,11.487,11.816500000000001,11.831333333333333,3,9,6,11.436534004020722,11.733874958798626,9.090909090909122,-0.20798076082114392,-0.10726004300829708,12.636879244778427,10.996120755221575,0.012582321980993764,0.01084364982890138,0.011466740986896231,-271792833.0,-1.86864795734081,0,0,-1,0,0,0.0,1.9229148460072505,0.25536320847925353,0.17213760450924692,-0.0449438202247191,-0.0897858319604613,-0.2589299300271087,0.01628959276018097,0.0
2011-06-10,10.93,11.05,-0.0036166404701885504,-0.004494389587839326,-0.008238032859342291,-0.5188541068439707,-0.010919125775314703,11.401,11.755999999999998,11.802,4,10,6,11.34443691238059,11.682012058230974,9.146341463414643,-0.23755243176535323,-0.13331852075970832,12.65100132313932,10.860998676860676,0.012605747448344801,0.010871130102903472,0.011528953110861379,-279253633.0,-1.8458073270835103,0,0,-1,0,0,-0.0009049773755657523,-0.5586300707943999,0.24481875648977486,0.1725738403350636,-0.054498269896193885,-0.09967051070840205,0.295828356242608,0.02012808783165589,0.0
2011-06-13,10.93,10.93,-0.005449604767564591,0.004942719566207444,0.0009186955170725863,0.14034219898603242,0.0,11.311000000000002,11.699,11.774666666666667,0,13,6,11.26908474649321,11.633495151248331,9.933774834437102,-0.2580139696075072,-0.1582576105292681,12.653058367407969,10.744941632592031,0.012323302958721742,0.010931044453967231,0.011527258680359892,-279253633.0,-1.6120607004144956,0,0,-1,0,0,0.004574565416285518,-0.009976282902747841,0.19511983252778703,0.17352495117233474,-0.026714158504007157,-0.09444904722452363,-0.44225227597347544,0.02424519670631279,0.0
2011-06-14,11.09,10.93,0.004996603627315063,0.0022386398424573827,0.011866866779899262,-0.5126405309830124,0.014532499173828388,11.236999999999998,11.6465,11.757333333333333,1,14,6,11.236523883494446,11.598430947941987,20.66666666666667,-0.2583412260979969,-0.17827433364301387,12.613846343027431,10.679153656972568,0.014096331582642955,0.011547339537098085,0.011783623287091378,-274112033.0,-1.150570328840781,0,0,-1,0,0,0.00960658737419949,-1.5946350430846767,0.22020582890353696,0.18330833231751145,-0.022045855379188684,-0.08649093904448113,0.046043135301535254,0.014427412082957633,0.0
2011-06-15,10.77,11.09,-0.002268088974111155,-0.013507634461542031,-0.031338970192719584,0.952570295080506,-0.029279310193978458,11.155000000000001,11.574000000000002,11.731666666666666,2,15,6,11.151701359222729,11.544983790010246,18.343195266272218,-0.28118062960367673,-0.19885559283514645,12.577056381896508,10.570943618103495,0.015250720003112004,0.012448731250703912,0.012783393935574898,-287440933.0,-1.603100313224381,0,0,-1,0,0,-0.007213706041478816,2.188733206523111,0.253218256843953,0.1976174821658437,-0.02797833935018057,-0.11865793780687406,-0.4480147582105556,0.03249767873723302,0.0
2011-06-16,10.77,10.77,-0.018332319083471618,-0.010022862948652024,0.0,-0.3656138071575247,0.0,11.075,11.498999999999999,11.702666666666667,3,16,6,11.082301112091324,11.494984835816037,18.90243902439026,-0.2958704115001076,-0.2182585565681387,12.50723764951271,10.490762350487287,0.015329172506283198,0.012303096830069382,0.012625882665870551,-287440933.0,-1.4460876368826936,0,0,-1,0,0,0.003714020427112435,0.3858961435195661,0.25585339798879264,0.19530560740986408,-0.025339366515837236,-0.12224938875305624,-0.5876121687571679,0.022284122562674116,0.0
2011-06-17,10.94,10.77,0.003693448335351509,0.009115833408009413,0.01579224645441976,0.3439461221682388,0.015661305825538006,11.013,11.425999999999998,11.670333333333334,4,17,6,11.056428182620174,11.459179362537583,24.85875706214688,-0.2904465037380497,-0.2326961460021209,12.368860150371251,10.483139849628746,0.016897444954378827,0.012728351088807743,0.012169866273195579,-274397733.0,-1.0309058025384477,0,0,-1,0,0,0.007428040854224705,1.9221472705033382,0.2856916379033149,0.20205630948542097,0.0009149130832570851,-0.11774193548387102,-1.2991274875332905,0.015539305301645332,0.0
2011-06-20,11.04,10.94,0.00917437627604123,0.016201974576280406,0.005514719858511001,-0.6672794287537888,0.009099243855114089,10.994,11.364500000000001,11.634666666666666,0,20,6,11.053441240325597,11.43213553269645,28.877005347593553,-0.27490986371093307,-0.24113888954388335,12.233097781060595,10.495902218939408,0.015278582891991263,0.013128155158303772,0.011821228570794222,-267705233.0,-0.747181277860909,0,0,-1,0,0,0.0009140767824497064,-0.7344391082470858,0.2923517486095648,0.20840300233164943,0.010064043915827936,-0.10024449877750619,-1.6648411992370002,0.02626811594202891,0.0
2011-06-21,11.16,11.04,0.012704345099765861,-0.0017873105740957515,0.008669915133445562,-0.3871578081934182,0.010810916104215676,10.976,11.3155,11.606666666666666,1,21,6,11.072815560266397,11.414578401554744,37.71428571428573,-0.2500317569807322,-0.24291746303125314,12.10704678686084,10.52395321313916,0.015371105982356,0.013533727720815958,0.012027291720068535,-263161133.0,-0.39290160122231177,0,0,-1,0,0,0.004528985507246441,-1.566533203240887,0.28328571427846355,0.2148412671656401,0.006311992786294018,-0.08072487644151571,-1.7128346665001652,0.015681003584229296,0.0
2011-06-22,11.02,11.16,0.0036003639251779877,0.0026797693571155145,0.0013620887463432938,0.09184113764590407,-0.012624153228396514,10.97,11.267999999999999,11.570666666666666,2,22,6,11.063212731127052,11.389121730486696,35.29411764705881,-0.23885908923506705,-0.24210578827201595,12.006407960269751,10.529592039730247,0.014056732772300441,0.013481452964968742,0.011992051079733407,-268142333.0,-0.6717154021725354,0,0,-1,0,0,-0.0026881720430106952,-1.3367591873827125,0.17750240462964256,0.21401143114272997,0.0232126276694522,-0.07936507936507942,-1.0350401697758105,0.017241379310344945,0.0
2011-06-23,11.41,11.02,-0.01721836829361839,0.022928694057210673,-0.007286006730933319,0.9651611947548359,0.03477836014921586,11.005999999999998,11.246500000000001,11.546333333333335,3,23,6,11.126264961831223,11.390468715616588,46.666666666666664,-0.19627242260544264,-0.2329391151387013,11.938355628383977,10.554644371616025,0.017990303942061494,0.015984232380339417,0.013862462284548589,-255065633.0,0.472641959658258,0,0,-1,0,0,-0.007259528130671513,1.655225132952524,0.2718385170578742,0.25374182265986456,0.059424326833797725,-0.036317567567567544,-0.08328734046606606,0.046450482033304215,0.0
2011-06-24,11.36,11.41,0.03237692872445977,-0.006121575740829613,0.009099243855114089,-0.2315486238429729,-0.004391750580979082,11.049,11.225,11.520333333333332,4,24,6,11.168762241498275,11.388502992028421,53.29949238578677,-0.1646586818260456,-0.21928302847617018,11.87094280339937,10.57905719660063,0.01753234882057728,0.01598558016258843,0.013864052924052779,-265439433.0,0.41799366535099464,0,0,-1,0,0,-0.009640666082383825,0.6117042825494038,0.2899758881390717,0.25376321803977875,0.03839122486288837,-0.03647158608990664,0.7674301095402695,0.03169014084507053,0.0
2011-06-27,11.39,11.36,0.0035335725813110445,0.005249355886143745,0.020619287202735825,-0.4232435270383273,0.0026373641660856714,11.094999999999999,11.203,11.497666666666667,0,27,6,11.208987288498587,11.388599573187879,51.32275132275134,-0.1356204668926022,-0.2025505161594566,11.789411028833129,10.61658897116687,0.017485158847717786,0.015973767794832838,0.013872736932906155,-258645433.0,0.6377779093688032,0,0,-1,0,0,-0.0017605633802816527,-0.7041076856752637,0.29160087011012636,0.2535757025149219,0.031702898550724834,-0.03719357565511405,1.1003796517583457,0.016681299385425924,0.0
2011-06-28,11.43,11.39,0.006153865574378286,-0.002621233479874304,-0.0017761994012557819,0.27325333727154694,0.003505700347628487,11.129000000000001,11.183,11.474,1,28,6,11.24917141786248,11.391270568466082,60.47904191616764,-0.10813331311975993,-0.1836670755515173,11.702882577835743,10.663117422164257,0.017101738239759,0.016013525061632047,0.0138355456766124,-249716533.0,0.950214569714009,0,0,-1,0,0,0.0017559262510974164,0.03679722391451834,0.2891557223881961,0.25420682955947205,0.024193548387096753,-0.03381234150464918,1.5257351065603262,0.015748031496062968,0.0
2011-06-29,11.39,11.43,0.0034995661262643323,0.00871085647424838,0.007968169649176881,-0.3564397802469224,-0.0035057003476283858,11.190999999999999,11.173,11.446333333333333,2,29,6,11.274776614614755,11.39118859630698,60.11904761904759,-0.08855638850434389,-0.16464493814208261,11.66696782337174,10.67903217662826,0.013281397647577629,0.015410873587407373,0.013744026999622837,-255968233.0,0.8785997376055618,0,0,-1,0,0,0.0017497812773402952,-0.8894426776728173,0.2604348196193181,0.24464003399120238,0.03357531760435584,-0.0172562553925798,1.9806523659295903,0.016681299385425768,0.0
2011-06-30,11.42,11.39,-0.0008737440485967723,0.006052763831351252,0.0035211303985789606,0.21526513242401105,0.00263042676877342,11.256,11.1655,11.418000000000001,3,30,6,11.30118086650298,11.39304739654524,65.40880503144655,-0.06981599014748952,-0.14567914854316402,11.638184383406191,10.692815616593808,0.01318173701803606,0.015427275364797809,0.013723392544704865,-248214933.0,1.0768284670885833,0,0,-1,0,0,0.004389815627743541,-0.3603626168743506,0.06020327104550122,0.2449004041354096,0.0008764241893075564,-0.012964563526361328,-0.5979133213470496,0.01926444833625209,0.0
2011-07-01,11.64,11.42,0.0,0.004301081899390702,0.0026327351757993345,-0.24751498130508115,0.01908123807542771,11.326,11.169500000000001,11.392666666666667,4,1,7,11.36278434532062,11.40897982257458,69.61325966850829,-0.036787860493001645,-0.12390089093313156,11.657351357862948,10.681648642137054,0.013511874359845438,0.016048990377129466,0.014090640421732973,-242161633.0,1.9288662106468026,0,0,-1,0,0,0.001751313485113798,-0.9125118718260987,0.1349462700873098,0.2547698239893197,0.02464788732394374,0.006920415224913601,1.5848219798452114,0.020618556701030945,0.0
2011-07-05,11.39,11.64,0.013026671400008514,-0.004301081899390697,-0.0035118561115396593,-0.22038852412474952,-0.021711664844201027,11.361,11.177499999999998,11.363333333333333,1,5,7,11.367732646171415,11.407755317892349,57.894736842105274,-0.030434905800818868,-0.10520769390666902,11.674686822876874,10.680313177123123,0.016031462506733905,0.015442765279494036,0.01445682099295961,-247017633.0,0.8548094608397371,0,0,-1,0,0,-0.004295532646048171,-1.2047927136893395,0.23329166650000246,0.24514629890810452,0.0,0.014247551202137165,-0.38907212442544653,0.020193151887620758,0.0
2011-07-06,11.45,11.39,-0.015652493477676003,-0.004319661144516284,-0.004407234987407746,0.26565374111788975,0.005253952541157729,11.389999999999999,11.183,11.340333333333332,2,6,7,11.382690346867522,11.410480781254133,70.73170731707316,-0.02032435832630597,-0.08823102679059641,11.690090773562163,10.675909226437836,0.015831898819340384,0.015337110183709786,0.014435943277635551,-240684033.0,1.0530658963656658,0,0,-1,0,0,0.0017559262510974164,-0.6524377649244721,0.23524078352189387,0.2434690762589535,0.0017497812773403787,0.00970017636684295,-0.48533854795110437,0.020087336244541523,0.0
2011-07-07,11.61,11.45,0.010462170406983233,0.005181358741997363,0.007919091098947452,0.057312781389389646,0.013877065709551464,11.449,11.2095,11.328333333333335,3,7,7,11.42401937470979,11.423352988915159,73.33333333333331,0.0005921601602913995,-0.07046638940041886,11.748328163215296,10.670671836784704,0.015206895495569512,0.01455831025661437,0.014526995396253701,-233976833.0,1.4865592682094988,0,0,-1,0,0,0.0069868995633187835,-0.488577630680708,0.249113731414623,0.23110601068993528,0.019315188762071944,0.047833935018050555,-1.2711793981260016,0.01722652885443577,0.0
2011-07-08,11.38,11.61,-0.005217403139688178,-0.007782140442054963,-0.007919091098947334,-0.13235637439575443,-0.020009367011615164,11.446000000000002,11.225999999999999,11.312999999999999,4,8,7,11.416015852035283,11.420556021888375,61.827956989247355,-0.0013745807423486411,-0.056648027668804814,11.764473475865621,10.687526524134377,0.012932404774860086,0.015356960647949955,0.01482708078319774,-239852533.0,0.5719873193473051,0,0,-1,0,0,-0.012058570198104978,-0.6955437706636342,0.3018592780912034,0.24378419260968553,-0.003502626970227629,0.029864253393665052,-0.3177148257910381,0.017574692442882185,0.0
2011-07-11,11.04,11.38,-0.016703685071366603,-0.02105340919783238,-0.027676299643582862,-0.08307530937568575,-0.030332387849235733,11.414,11.2315,11.288000000000002,0,11,7,11.347649333483414,11.396004020476223,50.0,-0.030022316996642928,-0.05132288553437244,11.759386550810488,10.703613449189513,0.01600029113681243,0.016698197264335433,0.015719550686277988,-245259833.0,-0.725534680533092,0,0,-1,0,0,-0.008787346221441249,-0.8126954804383256,0.3001693910956962,0.2650756638271838,-0.05154639175257747,0.010064043915827936,0.5348944723075334,0.02436594202898552,0.0
2011-07-12,10.91,11.04,-0.025135973271542274,-0.02150620522096362,-0.011049836186584823,0.2909316460356511,-0.011845241003969685,11.366,11.230500000000001,11.257333333333332,1,12,7,11.26807672739552,11.364648922380983,44.07582938388625,-0.062495360307025294,-0.05355738048890302,11.760861346531792,10.70013865346821,0.016110955111731894,0.016927727941093533,0.01578164254549562,-252493033.0,-1.2086099490313797,0,0,-1,0,0,-0.0036231884057970243,-0.14145475111887212,0.28510529802975787,0.2687193503609575,-0.04214223002633888,-0.0018298261665141702,0.17937808053100343,0.013748854262144691,0.0
2011-07-13,10.88,10.91,-0.0018198367169859828,0.0027137058715963258,-0.004601940933369073,-0.14629209321473707,-0.002753558417182807,11.311,11.22,11.225666666666665,2,13,7,11.197517322414516,11.333381249969307,46.50000000000003,-0.08961816791137522,-0.06076953797339746,11.770023922924954,10.669976077075047,0.015899128853883827,0.01658172977830902,0.01577415899546651,-258741833.0,-1.2363098615490233,0,0,-1,0,0,0.006416131989000942,-0.518579786819559,0.2658434666918741,0.26322679980407915,-0.049781659388646204,-0.018935978358881833,0.48950447838496486,0.02113970588235298,0.0
2011-07-14,10.75,10.88,-0.005479465764625596,-0.010899290458035742,-0.011131840368844181,0.24497494057068575,-0.01202048685412489,11.247,11.219,11.197666666666667,3,14,7,11.116150536520967,11.295743749971287,31.034482758620683,-0.1202173115568197,-0.0726590926900819,11.772530296798617,10.665469703201381,0.01604586532666661,0.015471334833273308,0.015524432043508235,-266725233.0,-1.6945775243468868,0,0,-1,0,0,0.0036764705882352156,0.23146652536920112,0.16149408844862823,0.24559982651431275,-0.07407407407407407,-0.0018570102135561095,-0.4809029803833042,0.021395348837209175,0.0
2011-07-15,10.72,10.75,-0.011049836186584935,-0.011019395249610538,-0.008430963288799408,-0.04473933235475508,-0.0027945989310158,11.177,11.2165,11.169333333333332,4,15,7,11.044123166244427,11.258598991908624,31.395348837209312,-0.14521416413878363,-0.08717010697982225,11.778948594142534,10.654051405857466,0.015824873238324613,0.015484109887160534,0.015524082864196964,-274359333.0,-1.7654946786983252,0,0,-1,0,0,0.00465116279069774,0.12312527036061961,0.17567528841703048,0.24580262420773905,-0.05799648506151145,-0.004642525533890329,-1.3505955623203239,0.01865671641791038,0.0
2011-07-18,10.46,10.72,-0.013986241974739952,-0.011142176553241736,-0.02187438620652958,0.22861707592978203,-0.024552697005879073,11.059000000000001,11.1925,11.132666666666665,0,18,7,10.937918954199986,11.207076476301618,26.153846153846104,-0.1838844712712202,-0.10651297983810185,11.839269299144664,10.545730700855337,0.013914905623892335,0.015902350562531527,0.016022408061047502,-283954333.0,-2.26510442276315,0,0,-1,0,0,-0.0065298507462686825,1.173476581323208,0.1402407440095056,0.2524419890989591,-0.05253623188405787,-0.0438756855575867,-0.9018778889161446,0.02963671128107079,0.0
2011-07-19,10.58,10.46,-0.013232707266574419,-0.008438868645864819,-0.0009620010361909521,-0.01456094341085134,0.01140696779337638,10.978,11.1695,11.111,1,19,7,10.87284278070908,11.16661992944345,29.06403940886696,-0.20251352134624945,-0.12571308813973137,11.869619538665612,10.469380461334387,0.014904264430687176,0.01599751204516841,0.01549693830383243,-274498033.0,-1.6839981387280014,0,0,-1,0,0,0.004780114722753244,1.011282380448052,0.2092054615270096,0.2539526308036554,-0.030247479376718567,-0.04166666666666663,-0.14172691865888729,0.02173913043478248,0.0
2011-07-20,10.49,10.58,0.01041183092493289,0.005633817718256064,0.009578617297069747,-0.7317297927206594,-0.008543004021947485,10.882000000000001,11.136,11.082666666666665,2,20,7,10.803235002398338,11.12296703076968,28.36538461538457,-0.22198057173156904,-0.1449665848580989,11.899300313390057,10.372699686609941,0.014240660049601842,0.015761814495362163,0.01538172917930416,-279047233.0,-1.6926496391201742,0,0,-1,0,0,0.0037807183364838514,-1.295112520764329,0.2074618404702919,0.2502110481951679,-0.03584558823529416,-0.060035842293906794,0.28710637211745715,0.01811248808388937,0.0
2011-07-21,10.47,10.49,-0.004719215931646446,-0.006575880906157085,-0.009578617297069773,0.4233153333418828,-0.0019083975257602518,10.768,11.108500000000001,11.062333333333333,3,21,7,10.742646820144095,11.080840125558733,27.053140096618336,-0.2362982827544684,-0.1632329244373728,11.927029490193304,10.289970509806698,0.012176157180061679,0.0156004752237502,0.01488900306131997,-285993933.0,-1.5601148343457087,0,0,-1,0,0,0.007626310772163972,-0.2215817542797302,0.20523511442524967,0.24764986665880653,-0.026046511627906943,-0.04990925589836648,-0.4387199712481159,0.021012416427889098,0.0
2011-07-22,10.42,10.47,-0.010461341245369349,-0.005671092703816169,-0.005791521979588937,-0.37386802204621405,-0.004786988557224692,10.672,11.059,11.041333333333334,4,22,7,10.683983761936078,11.038205278748492,17.89473684210519,-0.2488116086811889,-0.18034866128613605,11.919425843160978,10.19857415683902,0.011781471063923608,0.012809732389240045,0.014898236781478807,-290773733.0,-1.4853110354112118,0,0,-1,0,0,-0.0009551098376313072,-1.3375662607736478,0.2042503296972501,0.2033481975793104,-0.027985074626865725,-0.08676599474145485,-0.2934820310492416,0.021113243761996223,0.0
2011-07-25,10.24,10.42,-0.007677580899034306,-0.014320053774748558,-0.011684650954972947,0.274816705760529,-0.017425416713859058,10.592,11.003,11.018333333333333,0,25,7,10.603259441584063,10.986708163990524,18.579234972677526,-0.27013901094649917,-0.1983067312182087,11.924557034817383,10.081442965182617,0.009767767687247058,0.01312663412191169,0.015077004810465927,-297065333.0,-1.6558931703043156,0,0,-1,0,0,-0.0038387715930901295,-0.33943328598235184,0.1666256295237296,0.2083788566274783,-0.021032504780114758,-0.09859154929577463,0.5563230863844351,0.01855468749999995,0.0
2011-07-26,10.12,10.24,-0.01162803799511921,-0.0028887839058911206,-0.009842599144194247,0.13039731429810725,-0.011787955752042353,10.513,10.9395,10.991333333333332,1,26,7,10.515394088568778,10.9307915082492,14.814814814814795,-0.2933426564712107,-0.2173139162688091,11.921795378451254,9.957204621548748,0.009764998830663313,0.013073899083877863,0.01517325889293125,-304233233.0,-1.6685408849058718,0,0,-1,0,0,0.0019531249999999584,0.2513653514379295,0.0952902647661907,0.20754171385137604,-0.0434782608695653,-0.11150131694468846,-0.4333619380899345,0.025691699604743063,0.0
2011-07-27,9.94,10.12,-0.014727806710243511,-0.021443316753639505,-0.018972111735598568,0.3426355292225437,-0.017946643190836827,10.419,10.865,10.953,2,27,7,10.410776981556271,10.866869475458929,6.282722513088984,-0.3225381889310732,-0.23835877080126194,11.914380769787783,9.815619230212217,0.010113147383241244,0.013141703676955947,0.015068377223261285,-314330333.0,-1.7629444461557329,0,0,-1,0,0,-0.0009881422924900977,2.0711989822005057,0.11417071139972376,0.2086180783975713,-0.052430886558627376,-0.13035870516185477,0.2710969781456023,0.02313883299798797,0.0
2011-07-28,9.79,9.94,-0.014947961435873026,-0.006920442844573795,-0.013191464754362484,-0.11401307628620312,-0.015205564126063697,10.323,10.785,10.920333333333334,3,28,7,10.29790843945513,10.79739402542932,6.557377049180289,-0.3537023446881591,-0.26142748557864137,11.907281510795805,9.662718489204195,0.010264374194372814,0.013240133966047039,0.014468377239652145,-323339433.0,-1.7731736474825304,0,0,-1,0,0,0.002012072434607782,1.2361476440946282,0.08485591314382823,0.21018061079603864,-0.06494746895893044,-0.14047410008779648,1.2946054868989647,0.029622063329928595,0.0
2011-07-29,9.96,9.79,-0.026451186087169832,-0.005970166986503908,-0.018557233560217812,0.019456294356618935,0.01721561505408807,10.247,10.712,10.893333333333333,4,29,7,10.236470541372379,10.743368604433881,17.469879518072347,-0.360526656524188,-0.2812473197677507,11.850190623198635,9.573809376801364,0.013227660237705597,0.014205532868089014,0.01493540236280339,-314153333.0,-1.3213955284338361,0,0,-1,0,0,-0.009193054136874348,1.2507626897080273,0.23615206987591167,0.22550584326070586,-0.04414587332053732,-0.1278458844133099,2.097500051826861,0.041164658634538165,0.0
2011-08-01,9.72,9.96,0.0364412791622561,0.014859114403749905,0.00829020292047366,0.25504137688087425,-0.024391453124159124,10.172999999999998,10.616,10.852666666666666,0,1,8,10.1425668065774,10.677344823502663,16.384180790960485,-0.3809100728455874,-0.30117987038331806,11.74849421980654,9.48350578019346,0.013205257998806383,0.01331182311134821,0.015026838347629074,-326008133.0,-1.5823480320333267,0,0,-1,0,0,0.010040160642570245,2.269183126566026,0.25555965339935727,0.2113186406970567,-0.05078125,-0.1649484536082474,1.7882824681394216,0.049382716049382755,0.0
2011-08-02,9.39,9.72,-0.04160924932069861,-0.044228313862554866,-0.03464913541317425,-0.13590093046706267,-0.03454032525217621,10.053999999999998,10.516,10.797666666666666,1,2,8,10.005736478108782,10.594290318760557,14.00966183574883,-0.41886391671168965,-0.3247166796489924,11.712141163998234,9.319858836001766,0.0138529325041778,0.01419552238893033,0.015785151409810443,-336356533.0,-1.8827209260756812,0,0,-1,0,0,-0.007201646090535008,1.3595080269957656,0.30707011411467156,0.22534693183055501,-0.07213438735177857,-0.17559262510974538,1.440758277322391,0.03940362087326954,0.0
2011-08-03,9.65,9.39,-0.026248226074936327,-0.008255980847019149,-0.01615544022228503,0.25462453956781655,0.027312622130723007,9.97,10.425999999999998,10.747333333333334,2,3,8,9.941057118452639,10.533368362711489,25.000000000000014,-0.42308571556163876,-0.34439048683152174,11.59684584809468,9.255154151905316,0.01868685341727865,0.016171886081580697,0.01665267379872958,-323007333.0,-1.325537433066501,0,0,-1,0,0,0.0010649627263045567,2.2905271848191355,0.42532705740091603,0.25672073281637603,-0.02917505030181078,-0.1572052401746724,0.41539594799952145,0.04559585492227974,0.0
2011-08-04,8.84,9.65,0.014783796184236912,-0.011464429890699486,-0.042134835651346965,0.5260198848802932,-0.0876710387013425,9.807,10.2875,10.674666666666667,3,4,8,9.740864915097612,10.424118790923652,18.456375838926192,-0.4861872877026343,-0.37274984700574426,11.52222349344449,9.05277650655551,0.03013660919599214,0.022591278692673602,0.022041648965264324,-345596633.0,-2.344654503919628,0,0,-1,0,0,-0.011398963730570073,3.4569932611486434,0.7085048754395509,0.3586254313186004,-0.09703779366700704,-0.23858742463393623,-0.5540314747416114,0.08031674208144786,0.0
2011-08-05,8.47,8.84,-0.06272325847335589,-0.043927790853317855,-0.08752628354546839,0.2770387620608948,-0.042756367985589,9.612,10.142,10.576666666666666,4,5,8,9.509798566898047,10.298046610864063,17.799352750809078,-0.5596009150187697,-0.4101200606083494,11.512971227000703,8.771028772999296,0.030826437459435824,0.023447899253541325,0.021412126771224217,-375396833.0,-2.4391467407494183,0,0,-1,0,0,0.013574660633484276,3.2475790788300753,0.6360089462574764,0.3722238611506044,-0.14959839357429716,-0.2557117750439367,0.3709379973765584,0.12278630460448653,0.0
2011-08-08,8.08,8.47,-0.07651471218428688,-0.0833339887576092,-0.002475248788542877,-0.10966054649639785,-0.04713863613095914,9.396,9.994000000000002,10.467333333333334,0,8,8,9.249835191098402,10.154946829517995,12.79761904761908,-0.6418526069044148,-0.4564665698675625,11.579146846925074,8.40885315307493,0.0318621642599101,0.024274137150908537,0.022387240941855964,-402101933.0,-2.4149182187288836,0,0,-1,0,0,-0.020070838252656424,2.2219299757518374,0.6395766075872871,0.3853399811518677,-0.16872427983539096,-0.2681159420289855,0.8892001943609944,0.04084158415841585,0.0
2011-08-09,8.44,8.08,-0.002412546405384101,0.0059347355198145265,-0.0074627212015896,0.0038756334261723048,0.04359043607486177,9.228,9.8705,10.369,1,9,8,9.102592429080511,10.04430509858135,21.763085399449054,-0.6702623073059382,-0.4992257173552377,11.537902328868634,8.203097671131365,0.0383695479014929,0.027715941968433248,0.02448066799418889,-375293133.0,-1.715842631658819,0,0,-1,0,0,0.024752475247524663,1.8933360823280456,0.8580137974940347,0.43997693880223426,-0.1011714589989351,-0.22639780018331812,0.2246730329857114,0.05213270142180089,0.0
2011-08-10,8.17,8.44,0.012004946096823621,-0.008318526875090647,0.01732716617250353,0.017771820994823176,-0.0325133997359542,9.051,9.735,10.260333333333334,2,10,8,8.93303016924769,9.923382188995458,20.36082474226805,-0.706420764232421,-0.5406647267306743,11.494874397432284,7.975125602567715,0.03865080452317576,0.027951421353142835,0.024679944496387173,-402582633.0,-1.778536016301376,0,0,-1,0,0,-0.007109004739336342,1.6949021660471193,0.7467939519160021,0.4437150581471787,-0.1533678756476684,-0.24908088235294124,1.2044925219415807,0.028151774785801765,0.0
2011-08-11,8.29,8.17,-0.018061899805013323,-0.0005968367828616367,-0.006153865574378335,-0.26516082037474326,0.014581060275291933,8.901,9.612,10.157,3,11,8,8.816115593020838,9.818002692931236,23.037974683544306,-0.7171270109499499,-0.5759571835745295,11.416480972176824,7.807519027823177,0.04008344116603327,0.028671707961414793,0.02508625627615983,-381649333.0,-1.4652412747863062,0,0,-1,0,0,0.007343941248470073,0.8512537880828227,0.6330213731686197,0.4551492535762455,-0.06221719457013586,-0.22883720930232565,0.8431110479729442,0.033172496984318504,0.0
2011-08-12,8.31,8.29,0.01447552417378568,0.015990864874152647,0.017136282242987237,-0.45180429358200436,0.0024096397201533296,8.736,9.491499999999998,10.053333333333333,4,12,8,8.724094576107959,9.720712196613093,24.5382585751979,-0.7157472668004381,-0.6039152002197112,11.306284603719025,7.676715396280972,0.03897412790612347,0.02878791711527295,0.02508237658720793,-368325733.0,-1.3020829001731196,0,0,-1,0,0,0.007237635705669542,-0.08145356799649875,0.5776506660705304,0.4569940167033131,-0.018890200708382543,-0.2248134328358209,0.11673611947858169,0.032490974729241826,0.0
2011-08-15,8.5,8.31,0.004778981616350821,0.012843142090318794,0.010863112257370931,-0.12356675156866596,0.022606554628913905,8.614,9.3935,9.948666666666666,0,15,8,8.683350107724692,9.641956571025153,29.015544041450795,-0.6913529115060868,-0.6214027424769863,11.199738021268129,7.5872619787318705,0.04084234358472094,0.029668408371486505,0.025236474682080724,-356550833.0,-0.9893491217427574,0,0,-1,0,0,0.009626955475330934,-0.28145406488376734,0.44906654220156855,0.4709713820763606,0.051980198019802026,-0.18738049713193128,-0.6596879627003934,0.034117647058823426,0.0
2011-08-16,8.53,8.5,0.008308653139017205,0.00923794098493636,0.002398082684012846,0.12019863122224607,0.003523198007316878,8.528,9.291,9.853333333333333,1,16,8,8.655468269956565,9.570217437410628,30.997304582210248,-0.6619686968281062,-0.6295159333472103,11.045667759825028,7.536332240174973,0.040378063369984486,0.029419455447654706,0.02526106912505138,-343272033.0,-0.8674006754143437,0,0,-1,0,0,-0.004705882352941076,-0.12446399367694584,0.33239021786609213,0.4670193769286325,0.010663507109004655,-0.19376181474480159,-1.349155833464985,0.04103165298944896,0.0
2011-08-17,8.47,8.53,0.010582109330537008,-0.004608303086194107,0.005970166986503975,-0.5553924088211084,-0.0070588528396245765,8.41,9.190000000000001,9.754,2,17,8,8.621746766328098,9.499235667255105,31.76795580110499,-0.6361893981849214,-0.6308506263147526,10.885629055760086,7.4943709442399165,0.03833182620382877,0.029426000197448232,0.025116247763389596,-350892033.0,-0.8492423476162394,0,0,-1,0,0,0.00234466588511153,-0.8468920811126631,0.18451123223846885,0.4671232716107134,0.0367197062423501,-0.1925643469971401,0.28418855973735946,0.030696576151121577,0.0
2011-08-18,8.04,8.47,-0.0369309390272886,-0.04005246774122657,-0.058840500022933465,0.5165102231728054,-0.05210142547308818,8.33,9.0685,9.635,3,18,8,8.515974626995716,9.405091430658002,25.25773195876286,-0.6430439146532549,-0.6332892839824532,10.725755499153562,7.411244500846439,0.03242163777283645,0.03070034041298066,0.025785544627776175,-363664433.0,-1.2412087339885787,0,0,-1,0,0,-0.02715466351829993,-0.25046574026181995,0.4347196319561595,0.4873527953866369,-0.030156815440289475,-0.2320916905444127,-1.3394886754182604,0.04975124378109458,0.0
2011-08-19,7.89,8.04,-0.0333158511192567,-0.004819286435948995,-0.005063301956546762,-0.03725652899233872,-0.01883294833309201,8.272,8.942,9.518666666666666,4,19,8,8.402161058451039,9.307343596422003,25.857519788918182,-0.6530519384999192,-0.6372418148859464,10.550406861332053,7.333593138667946,0.030584638418540925,0.03066958041666944,0.025774113014576418,-375969733.0,-1.308126725011298,0,0,-1,0,0,-0.008706467661691468,-0.3728180094074876,0.4353788824426724,0.4868644955832244,-0.05054151624548742,-0.24280230326295593,-0.6117574221249409,0.05069708491761717,0.0
2011-08-22,7.85,7.89,0.013707379730880286,-0.009708814126960938,-0.005089069507471293,-0.24788162299248925,-0.005082603063465779,8.248999999999999,8.8225,9.412333333333333,0,22,8,8.301768138732667,9.213321428910906,27.99999999999997,-0.6566416786817779,-0.6411217876451127,10.379161407256964,7.265838592743036,0.027286499573423904,0.03070888638421459,0.02557153687720313,-385573433.0,-1.2494688895945192,0,0,-1,0,0,0.02408111533586824,-0.769086678128738,0.33640179543362453,0.48748845847421585,-0.07647058823529418,-0.2333984375,-1.5204898533012339,0.045859872611464896,0.0
2011-08-23,8.01,7.85,-0.023795737675221158,-0.022195732391784323,-0.0038338705107219006,-0.09905532671108558,0.020177229285950785,8.206,8.717,9.315666666666667,1,23,8,8.248719386235818,9.135687788336009,25.88235294117645,-0.6392075243663502,-0.6407389349893603,10.186996061577648,7.247003938422353,0.023451479195662504,0.031591555778827024,0.026203248820905956,-376875433.0,-0.9619073390458271,0,0,-1,0,0,0.00509554140127389,-0.911899626573776,0.41000019830753004,0.5015004007224104,-0.060961313012895646,-0.20849802371541493,-0.5396378092956647,0.02621722846441947,0.0
2011-08-24,8.21,8.01,0.013845406822053135,0.02463178718966564,0.019024036004697143,-0.28460564143756745,0.02466216238406906,8.209999999999999,8.630500000000001,9.226666666666667,2,24,8,8.241679497829304,9.075965995540137,38.709677419354854,-0.6023094544683207,-0.6330530388851525,9.997470911791986,7.263529088208017,0.023072051817813247,0.03255016541936002,0.026942629130806816,-370331833.0,-0.6152288923964889,0,0,-1,0,0,-0.001248439450686615,-1.1544235786841819,0.4905786039389108,0.5167178570018465,-0.030696576151121535,-0.17404426559356123,-0.6444309814670486,0.03166869671132773,0.0
2011-08-25,8.12,8.21,0.02955880224154443,0.010889399799268317,0.011243091574180377,0.23881568586529922,-0.011022769290750434,8.193000000000001,8.547,9.139000000000001,3,25,8,8.21955595276943,9.01429077002142,43.027888446215115,-0.5737162720186575,-0.6211856855118536,9.816282433006176,7.277717566993826,0.022771952535384665,0.03252260144998409,0.026939488967216815,-378640533.0,-0.6728210978051474,0,0,-1,0,0,0.0036540803897684966,-0.9101848269382793,0.3084398866710932,0.5162802925531594,0.00995024875621886,-0.17058222676200208,0.36260097020838367,0.03201970443349751,0.0
2011-08-26,8.2,8.12,-0.02084686163952295,-0.004837191803292607,-0.007468816086053176,0.1072663374061285,0.009804000096620835,8.182,8.459,9.055,4,26,8,8.21600032499317,8.961755881632943,52.7272727272727,-0.5383943624410747,-0.6046274208976978,9.546883507696046,7.371116492303953,0.023045958547329135,0.03224677236844329,0.027137352443874302,-369391033.0,-0.47615392304001086,0,0,-1,0,0,-0.006157635467980165,-0.7858006824628871,0.24783241670333142,0.5119016416284615,0.03929024081115329,-0.17670682730923704,-0.1943784796372588,0.03412195121951218,0.0
2011-08-29,8.68,8.2,0.03050877255125971,0.0507006085964737,0.03322131218846762,0.061723600207761554,0.056887374402051424,8.2,8.407,8.995666666666667,0,29,8,8.300363902267138,8.943578082817915,55.17241379310345,-0.4662943550803913,-0.5769608077342365,9.327665663071661,7.486334336928339,0.029124790409595935,0.0353757372656372,0.02958265002528714,-359552633.0,0.5930491620360353,0,0,-1,0,0,0.014634146341463537,-0.6885833459838184,0.4023802832364709,0.5615724195026167,0.1057324840764331,-0.10699588477366262,0.5715903856392442,0.05069124423963128,0.0
2011-08-30,8.54,8.68,0.03774032798284711,-0.003454234868087446,0.019778888705538764,-0.11388502803497157,-0.016260520871780405,8.201,8.364500000000001,8.927666666666665,1,30,8,8.34393410185493,8.917540787152243,58.44748858447486,-0.4156599407085686,-0.544700634329103,9.164696686348682,7.564303313651322,0.029703624754151427,0.03482940462886515,0.029456842776038963,-368332033.0,0.4386421563448586,0,0,-1,0,0,-0.004608294930875478,-0.8116247315152975,0.47947254520009,0.5528996577625146,0.06616729088639195,-0.09052183173588935,0.8295667697690973,0.028688524590163845,0.0
2011-08-31,8.62,8.54,-0.00347826437632492,0.017719812026909997,0.01939525975773844,-0.18711238439249006,0.009324076875123244,8.216,8.312999999999999,8.865333333333334,2,31,8,8.39412790151767,8.89834460733597,57.67441860465116,-0.36487047143482165,-0.5087346017502468,8.856133210374626,7.769866789625372,0.02969348094915847,0.03418289471756695,0.029599263425509857,-361050833.0,1.1304777322979267,0,0,-1,0,0,0.008196721311475443,-0.9449945320742535,0.46811466060327944,0.5426366310899138,0.04993909866017021,-0.10673575129533686,1.3958714685208053,0.027262180974477895,0.0
2011-09-01,8.43,8.62,-0.001162115180177374,-0.010823232967849528,-0.024750821502172185,-0.06262491805971979,-0.022288312661837575,8.254999999999999,8.2925,8.797333333333334,3,1,9,8.40065010124173,8.86812882621752,52.58620689655171,-0.33607677930941016,-0.47420303726207946,8.779980094061894,7.8050199059381065,0.025028138383556723,0.02908844646616339,0.029729025861564642,-367890033.0,0.5641255988702639,0,0,-1,0,0,-0.002320185614849139,-0.9061632110062867,0.5047451448829,0.4617647722481037,0.03817733990147798,-0.046380090497737614,1.1525947441897153,0.04151838671411621,0.0
2011-09-02,8.25,8.43,-0.04154900291287239,-0.04091745535751913,-0.021713760223784472,-0.23449561275840236,-0.021583571667174402,8.291,8.2815,8.725,4,2,9,8.373259173743232,8.828249547106712,44.58874458874459,-0.32404665836432045,-0.4441717614825277,8.761994263070267,7.801005736929732,0.025324298039808082,0.02794772753571184,0.029844586768852606,-373299633.0,-0.13111498896457321,0,0,-1,0,0,-0.021352313167259752,-1.0327925501960875,0.5442747441314962,0.4436564206133134,0.0060975609756097615,-0.025974025974026094,1.5826461842952289,0.021818181818182,0.0
2011-09-06,8.06,8.25,-0.010969031370573933,-0.014423326961105052,-0.023443393189939484,0.4870082934878547,-0.023299643828052618,8.312000000000001,8.2805,8.652333333333333,1,6,9,8.31630296033537,8.7786850601966,40.4858299595142,-0.3260852056766943,-0.4205544503213611,8.762839692487258,7.798160307512742,0.026698166939454895,0.02642536345886822,0.029929179966569217,-382103433.0,-0.914293405392194,0,0,-1,0,0,-0.010909090909090893,-0.47567190430079104,0.21720022097845762,0.41948964009995354,-0.07142857142857129,-0.0024752475247524774,2.038094262312037,0.031017369727047144,0.0
2011-09-07,8.35,8.06,0.007326040092072881,0.021557721074979056,0.019778147791643712,-0.005170206595116225,0.03534798234422714,8.346,8.276,8.593333333333334,2,7,9,8.322429694819848,8.751027959538757,47.777777777777764,-0.3008323842755427,-0.39661003711219744,8.753731481506493,7.798268518493507,0.028240285168675005,0.02572836508494034,0.030947550446249902,-373345033.0,0.30979746097806227,0,0,-1,0,0,0.01985111662531019,-0.4088507398431496,0.4174147322151426,0.40842513393017604,-0.022248243559718883,-0.010663507109004766,1.1480007934263297,0.03233532934131732,0.0
2011-09-08,8.13,8.35,0.008479760079114773,-0.011919092237210311,-0.008604847193518414,-0.09544605860064784,-0.02670061530304481,8.338,8.274000000000001,8.533,3,8,9,8.287442477579875,8.710961639568515,51.807228915662684,-0.29516897851366686,-0.37632182539249137,8.753929819432264,7.794070180567738,0.028768852302817813,0.025390356706443747,0.031099832834192157,-381306133.0,-0.6000877385378814,0,0,-1,0,0,-0.00718562874251503,-0.5617866687023306,0.42118717477160694,0.403059417266827,-0.05684454756380497,-0.004895960832313251,2.2064318328166297,0.029520295202952053,0.0
2011-09-09,8.06,8.13,-0.024421238076803194,-0.005410292728247543,-0.011160816281547758,0.24784014667755624,-0.008647367041182295,8.331999999999999,8.2625,8.475333333333333,4,9,9,8.24608929983808,8.668964114435063,53.52697095435687,-0.29295213378839335,-0.3596478870716718,8.75174754255497,7.773252457445029,0.028684322793198148,0.025217754770049335,0.031058469645730946,-391506333.0,-0.8278018074142754,0,0,-1,0,0,-0.004920049200492118,0.363018172609977,0.41037873883889786,0.4003194464697802,-0.04389086595492275,-0.0277442702050662,1.8934001947159955,0.035347394540942975,0.0
2011-09-12,7.96,8.06,-0.019975695423643695,-0.033714501763984744,-0.027862385514188393,0.009416127609631699,-0.012484556662245396,8.308,8.245,8.408666666666667,0,12,9,8.194073063503883,8.62322449414893,52.226720647773284,-0.2958540117524855,-0.3468891120078345,8.751816690625008,7.738183309374992,0.028665950629035583,0.02532643422970174,0.030760726291156393,-401803033.0,-1.124666986197856,0,0,-1,0,0,-0.016129032258064613,0.511694122342234,0.3976826361710163,0.402044679406947,-0.035151515151515156,-0.042117930204572884,1.7754109340744022,0.028894472361808986,0.0
2011-09-13,8.31,7.96,0.007537724131426673,0.04985835013534094,0.014021899590318984,0.2728272687623256,0.04303060901106528,8.271,8.235499999999998,8.361666666666666,1,13,9,8.215150688321359,8.603016462268354,55.6390977443609,-0.2668357792542384,-0.3308784454571153,8.729142743181834,7.741857256818162,0.02539768847753705,0.02680670154648289,0.03194240157156452,-388276533.0,0.3018377198044202,0,0,-1,0,0,0.0037688442211055587,1.8727150705078952,0.4980777152219849,0.42554319457154577,0.03101736972704705,-0.022352941176470575,0.43674458080442113,0.0637785800240673,0.0
2011-09-14,8.5,8.31,0.050040946071084585,0.02228831266183768,0.0274673947006107,0.08539842567956879,0.022606554628913905,8.267,8.234,8.332,2,14,9,8.266941472262928,8.596370238896203,55.47169811320752,-0.225903138074651,-0.30988338398062243,8.724044036690673,7.743955963309328,0.0263155620298446,0.027314532695484135,0.03183321750250079,-373544133.0,1.0856167204740648,0,0,-1,0,0,0.010830324909747275,2.224257822001251,0.45613630815163025,0.43360476414116267,0.017964071856287456,-0.003516998827666984,0.6542139295845272,0.058823529411764705,0.0
2011-09-15,8.6,8.5,0.021202207650602906,0.0034742362681862726,0.04338029563022518,-0.8935343386807424,0.011696039763191236,8.265,8.240499999999999,8.297,3,15,9,8.327497568215122,8.596604417031932,59.022556390977456,-0.18328180224364132,-0.2845630676332262,8.746900091462203,7.734099908537795,0.026422696331852076,0.027376754149915212,0.03143726220021934,-367515533.0,1.4198259678901834,0,0,-1,0,0,0.00941176470588236,-1.3105188402919734,0.36884398561418286,0.4345924991089869,0.05781057810578094,0.015348288075560657,0.4583273337019021,0.01976744186046511,0.0
2011-09-16,8.97,8.6,0.005810591595465744,0.03744056137032031,0.016374634871789886,1.1291061083439542,0.04212347281124282,8.318999999999999,8.286999999999999,8.301333333333334,4,16,9,8.444316192176009,8.620694454642775,63.05084745762714,-0.11828466673793692,-0.25130738745416836,8.879376125181917,7.694623874818082,0.028313650302964316,0.02602105780400282,0.02863536202083495,-348869733.0,2.305967343941331,0,0,-1,0,0,0.003488372093023388,2.8503269392534856,0.37346227302819607,0.41307148680136774,0.11290322580645151,0.11567164179104505,-0.6676751689865527,0.04013377926421418,0.0
2011-09-19,8.67,8.97,0.018370206601748814,-0.014582423294270163,-0.011668743834377378,-0.5100464846395264,-0.03401688527825436,8.361,8.326,8.308,0,19,9,8.485349611780372,8.623875457569047,49.81949458483755,-0.08994463559542609,-0.21903483708241994,8.910984030372447,7.741015969627554,0.029855666006667152,0.026946395196507118,0.028240982128287382,-360065933.0,1.1761004818575387,0,0,-1,0,0,-0.020066889632107187,0.529623714005715,0.5025628522941805,0.42776076251773976,0.08919597989949746,0.09885931558935357,-1.2962322667298476,0.03806228373702423,0.0
2011-09-20,8.49,8.67,-0.011441772419784942,-0.0022624444039695043,-0.005295687574710344,0.10865708916663475,-0.02097979046919452,8.404,8.358,8.321666666666665,1,20,9,8.486195136911212,8.61523833127427,49.11032028469752,-0.08107487175903927,-0.1914428440177438,8.90192723971738,7.81407276028262,0.02962350547175325,0.02748018509204755,0.027139394120139406,-372547233.0,0.4853590346700994,0,0,-1,0,0,0.0023068050749711156,0.8743635306811836,0.49896327265100526,0.4362344144134946,0.02166064981949445,0.08152866242038215,-0.1241103015009422,0.041813898704358116,0.0
2011-09-21,8.3,8.49,-0.023283938954044632,-0.027556278619704683,-0.02690745291992427,-0.18589326148311425,-0.022633485520703645,8.399000000000001,8.372499999999999,8.317,2,21,9,8.452341475654627,8.594900374417866,44.52054794520551,-0.08835839158228076,-0.17082595353065122,8.892292468709979,7.852707531290019,0.028708576296283178,0.02782289921463582,0.026257786032922954,-382911233.0,-0.27895748539769494,0,0,-1,0,0,0.0,0.188061992095151,0.4985202440941705,0.4416748324484442,-0.0235294117647058,0.0362047440699127,1.0184919740206964,0.04096385542168673,0.0
2011-09-22,8.03,8.3,-0.05073551804139854,-0.04402852692807537,-0.0370412716803491,0.5930581358491084,-0.03307098684388205,8.389,8.3635,8.312333333333333,3,22,9,8.375552116444695,8.558455188971553,43.33333333333333,-0.11459638128331306,-0.1595800390811836,8.901068600274703,7.825931399725297,0.029391926654239384,0.02830666109897645,0.02628047010415575,-401665033.0,-1.2407718748065981,0,0,-1,0,0,-0.027710843373494026,2.2762664105979313,0.5073631761963329,0.44935431428686795,-0.06627906976744191,-0.02192448233861166,2.0576186730690353,0.03362391033623916,0.0
2011-09-23,8.38,8.03,-0.003724399090982551,0.02166149678117925,0.0050188311119427655,-0.2937543556939946,0.042663386535321535,8.421000000000001,8.3765,8.315333333333333,4,23,9,8.376360822545658,8.54694195097339,52.05047318611989,-0.10592704123388508,-0.1488494395117239,8.90170772832855,7.851292271671451,0.032347108066694344,0.02985469659684423,0.027354346838346387,-387684833.0,0.013328059779848722,0,0,-1,0,0,0.0012453300124532737,0.8904887877772094,0.5112975119332159,0.4739286159752172,-0.06577480490523968,0.032019704433497775,2.0603216026960407,0.04892601431980908,0.0
2011-09-26,8.71,8.38,0.05210142547308829,0.038533664002242986,0.05597568159089915,-0.15009720946897684,0.03862387637041985,8.495999999999999,8.402,8.328666666666667,0,26,9,8.43702249117372,8.55746182510414,59.81873111782477,-0.0716028911526081,-0.13340012983990077,8.940481295185307,7.863518704814691,0.03348826958707303,0.03097281538100149,0.028251176063019526,-375653133.0,1.1439580269691982,0,0,-1,0,0,0.01073985680190929,0.3315027296817648,0.5848822158840404,0.4916782014098773,0.0046136101499423265,0.06219512195121979,0.5457335273811577,0.03214695752009197,0.0
2011-09-27,8.53,8.71,0.04839654086185024,0.02265102503689676,0.0023640672948806916,-0.1396231520036633,-0.020882429360823834,8.518,8.3945,8.329666666666666,1,27,9,8.453927492778497,8.555690094452261,52.81249999999999,-0.058253737770950664,-0.11837085142611076,8.920716885445163,7.868283114554838,0.03232356845616533,0.02852871240779331,0.028257920963170587,-386116933.0,0.514996776986242,0,0,-1,0,0,0.020665901262916155,-0.09746134768896526,0.5846543620615609,0.45287926953542285,0.004711425206124664,-0.017281105990783474,0.5449559003410673,0.05392731535756144,0.0
2011-09-28,8.53,8.53,-0.043685106940530495,-0.026093369227869645,0.001179941139848548,0.296613474651941,0.0,8.521,8.394,8.329666666666666,2,28,9,8.467758857727862,8.55403266900373,56.711409395973114,-0.04713113910701949,-0.10412290896229251,8.919653478014423,7.868346521985576,0.03156877492383861,0.0282902770025105,0.028252222338357492,-386116933.0,0.5174511562777768,0,0,-1,0,0,-0.002344665885111322,0.7943019228145523,0.5475306247106344,0.4490942248186356,0.027710843373493832,-0.0011709601873536313,0.14795387392639375,0.025791324736224957,0.0
2011-09-29,8.63,8.53,0.020930996692017964,0.002296212260350378,0.0,-0.31439326346936114,0.011655143591748952,8.524,8.394499999999999,8.335,3,29,9,8.497257247231886,8.558933787132522,59.46843853820596,-0.029902537428929676,-0.08927883465561995,8.921076830003019,7.867923169996979,0.031567180398348244,0.028334804441936378,0.028289953089183348,-375837533.0,0.8944563702077493,0,0,-1,0,0,0.018757327080890993,-0.26308815731968266,0.42884330141442134,0.4498010760060718,0.07471980074719808,0.0011600928074246841,-0.19481750690907063,0.027809965237543477,0.0
2011-09-30,8.04,8.63,-0.023283938954044632,-0.018519047767237527,-0.053281366612936865,0.011009853577945395,-0.07081542190446176,8.431000000000001,8.375,8.334999999999999,4,30,9,8.414119565916996,8.525454187962684,51.14285714285713,-0.06312910263921445,-0.08404888825233885,8.924430326985894,7.825569673014107,0.03452413834241441,0.03193377856149314,0.02955479040404122,-386230733.0,-1.2194448815294545,0,0,-1,0,0,-0.016222479721900412,-0.2918610994502418,0.6399940126279724,0.5069330189779008,-0.04057279236276867,-0.04626334519572961,-0.7347115978658663,0.06467661691542306,0.0
2011-10-03,7.35,8.04,-0.05695057844483289,-0.0651617682752277,-0.08972876996612966,0.5154621279178222,-0.08972876996612966,8.299,8.330000000000002,8.317,0,3,10,8.220643281204815,8.449618433900575,37.500000000000014,-0.14348462691919117,-0.09593603598570932,9.045011961623354,7.614988038376651,0.041654456316402126,0.03687434628645481,0.03335001814000637,-403633233.0,-2.741212882019557,0,0,-1,0,0,-0.0024875621890546734,1.5565817266233637,0.6772956556433481,0.5853621001922251,-0.15614236509758905,-0.10909090909090913,-0.38900945013592414,0.09115646258503401,0.0
2011-10-04,7.5,7.35,-0.08452071567717777,-0.060390858617489745,-0.02758795651882894,-0.09660393402776336,0.02020270731751947,8.2,8.302000000000001,8.305333333333333,1,4,10,8.089617230076666,8.388352728487636,36.84210526315792,-0.1928402698517182,-0.11531688275891111,9.100514410113695,7.503485589886308,0.04309541879793643,0.03704177444326135,0.03358788976502486,-387833233.0,-2.008730186561847,0,0,-1,0,0,0.002721088435374213,0.9888234225501342,0.778238573819329,0.5880199397845054,-0.1207502930832356,-0.06947890818858571,-0.5826104327284339,0.05333333333333326,0.0
2011-10-05,7.57,7.5,0.024129857059687992,0.007915608612661218,0.02349797126730392,-0.44060706211271594,0.009290046907092734,8.126999999999999,8.263000000000002,8.290666666666667,2,5,10,7.995141370062726,8.335555778262627,36.33952254641913,-0.22372756537034455,-0.13699901928119781,9.125288265392102,7.400711734607901,0.0433691014437576,0.03603402370878032,0.033405792094374755,-377663633.0,-1.6073511093993134,0,0,-1,0,0,0.006666666666666643,-0.6662261479701962,0.7992203370952631,0.5720223928226285,-0.1125439624853457,-0.09341317365269453,-0.6454464573095928,0.03830911492734478,0.0
2011-10-06,7.86,7.57,0.007915608612661218,0.03613296298418827,0.02162246401316571,-0.11207396618843181,0.03759353899175767,8.110000000000001,8.2495,8.279,3,6,10,7.970570211869502,8.3048747603102,34.95934959349596,-0.22224350840778406,-0.15404791710651508,9.12884126062236,7.370158739377638,0.04473468077515659,0.03683986827147961,0.03385380926464094,-368572233.0,-0.8858904214828434,0,0,-1,0,0,0.0052840158520475605,-1.0201373265858107,0.8883504785163835,0.5848147786722839,-0.089223638470452,-0.03321033210332114,-0.5067594378828826,0.05216284987277344,0.0
2011-10-07,7.69,7.86,0.04622132092852915,0.01134227660393451,0.009314771274547388,0.21033333710339236,-0.02186582292356251,8.041,8.231,8.264666666666667,4,7,10,7.919557446075046,8.26520542093535,36.23595505617981,-0.23210934972306685,-0.16966020362982545,9.142121922629507,7.319878077370494,0.04215769256044098,0.03709495475172034,0.034018828000934344,-379791833.0,-1.1875468838213632,0,0,-1,0,0,0.013994910941475754,-0.40118987876797146,0.7733736094678796,0.5888641510094745,-0.0435323383084576,-0.04590570719602982,-1.260500058634805,0.05591677503250983,0.0
2011-10-10,7.97,7.69,-0.026702158606996335,-0.0012539186595938098,0.018373220256619322,-0.3214250472379292,0.0357637092845709,7.9670000000000005,8.2315,8.257,0,10,10,7.928728819515947,8.246159909907265,42.89617486338798,-0.21485769434645796,-0.17869970177315195,9.142006510281233,7.320993489718768,0.041798006301163655,0.03794842402577424,0.03465722024899885,-371656333.0,-0.5744055578893773,0,0,-1,0,0,0.009102730819245695,-1.2587100047239244,0.3882345669058234,0.6024125557141632,0.08435374149659869,0.0012562814070351536,-1.0809881462640287,0.03513174404015049,0.0
2011-10-11,8.15,7.97,0.017880425277848583,0.028449661468083608,0.020592748276764328,0.2614987358616571,0.022333434450647737,7.929,8.2235,8.239333333333333,1,11,10,7.9689599432403195,8.239956044751958,47.945205479452056,-0.18453394504174891,-0.17986655042687136,9.133914018022503,7.313085981977496,0.042575635371312134,0.03695508154518308,0.0331386810109824,-361089333.0,-0.16146500063706723,0,0,-1,0,0,-0.008782936010037566,-0.5020626070942369,0.3898953148430288,0.586643732692002,0.08666666666666667,-0.019253910950661868,-1.1513269825868928,0.04294478527607357,0.0
2011-10-12,8.33,8.15,0.03605113839200222,0.022906366208907618,0.04117861882033862,0.01635087722386275,0.021845528925979858,7.909000000000001,8.215,8.232333333333333,2,12,10,8.034603589923897,8.245765332187316,54.21348314606741,-0.14431409649769655,-0.1727560596410364,9.117686050221511,7.312313949778488,0.04335487822538527,0.03692980018169311,0.03329347520534438,-350348133.0,0.2547951194588199,0,0,-1,0,0,0.004907975460122595,-0.3970764661506021,0.3845682629069867,0.5862424034884074,0.10039630118890353,-0.020000000000000018,-1.711611097041744,0.025210084033613547,0.0
2011-10-13,8.61,8.33,0.007299302481611535,0.02762444243830857,0.0,-0.08584408340458735,0.033060862260887995,7.907000000000001,8.2155,8.232000000000001,3,13,10,8.139221119028642,8.26926434301394,53.295128939828054,-0.08882203172389325,-0.15596925405760778,9.11909457606611,7.311905423933891,0.04463035147143302,0.03762365331204489,0.03382593183791534,-340490533.0,0.8731792121141199,0,0,-1,0,0,-0.009603841536614654,-0.7727832929882206,0.3713577202029316,0.5972569804642944,0.09541984732824416,0.0011627906976743319,-1.8242807324557264,0.051684088269454156,0.0
2011-10-14,8.61,8.61,0.05195973893071096,0.0075079763598771875,0.036018299189156125,-0.5011775965505303,0.0,7.964,8.197500000000002,8.238000000000001,4,14,10,8.224817279205253,8.291247288625945,48.417721518987314,-0.04433312591280725,-0.13364202842864767,9.050750749842406,7.344249250157597,0.03755105147195086,0.036285152754349105,0.03355725089183009,-340490533.0,0.9668904482678434,0,0,-1,0,0,0.009291521486643447,-1.8527223015662884,0.22763285316991713,0.5760089428319886,0.11963589076723014,-0.04013377926421413,-1.1884139041081017,0.024390243902438918,0.0
2011-10-17,8.61,8.61,-0.0011514106050418138,0.003446298643587649,0.005878911699775838,0.4614016245788026,0.0,8.09,8.1945,8.25,0,17,10,8.294850501167932,8.311811979682336,51.34228187919464,-0.008971924768360395,-0.10870800769659023,9.041152230848866,7.347847769151133,0.01913863911806105,0.03549302204552042,0.033286535190560115,-340490533.0,0.9815127979605343,0,0,-1,0,0,0.008130081300813042,-0.6737036568437709,0.2383874341874559,0.5634342576634804,0.08030112923462984,-0.006920415224913601,-0.15845848303314847,0.022067363530778313,0.0
2011-10-18,8.82,8.61,-0.01860518783103447,0.02155500356182969,-0.020130934406977486,-0.14794889202468936,0.024097551579060524,8.222,8.211,8.275333333333332,1,18,10,8.390332228228308,8.344598303573799,54.54545454545455,0.03558710091196993,-0.0798489859748782,9.09398298249161,7.32801701750839,0.019278878802368962,0.03552123661682106,0.033184269934840235,-332320133.0,1.3794150330768962,0,0,-1,0,0,-0.010452961672473851,-0.9980278347106525,0.24201025631738707,0.5638821500975392,0.08220858895705518,0.03886925795053009,-0.23067830010540755,0.06235827664399101,0.0
2011-10-19,8.71,8.82,0.03573867377464442,-0.002247191956904721,0.03756310157564852,0.03293826270432202,-0.012550079154288445,8.336,8.2315,8.287333333333333,2,19,10,8.448453641277705,8.368172606569038,51.24999999999999,0.061317538685310424,-0.05161568104284048,9.141798389483409,7.321201610516592,0.021307168400166658,0.03522352744407845,0.03272734461656385,-340764133.0,1.0513036286300534,0,0,-1,0,0,0.001133786848072538,-0.8657000086227169,0.3038690018601399,0.559156163492941,0.04561824729891972,0.049397590361445864,0.39990300854524763,0.024110218140068983,0.0
2011-10-20,9.1,8.71,-0.013683223751457127,0.0429344972722958,0.0034502621921527494,0.4147773696622507,0.04380262265839284,8.459999999999999,8.285,8.319666666666667,3,20,10,8.56691661559085,8.415387277112972,67.66666666666669,0.11188904932043187,-0.018914734970186014,9.268281295085231,7.301718704914769,0.022195476029457244,0.035358792166553465,0.0331809658986207,-327979633.0,1.6577148453319366,0,0,-1,0,0,0.0,0.6652590388086714,0.36480892456741026,0.5613034243939152,0.05691056910569103,0.1332503113325032,0.7962292434601942,0.06263736263736247,0.0
2011-10-21,8.87,9.1,0.057987257650349316,-0.005402498283348309,-0.004603000071961077,0.06064440660850999,-0.025599617201316257,8.578,8.3095,8.346666666666668,4,21,10,8.622022685483422,8.444717130202458,79.92125984251969,0.13188793600811444,0.011245799225474078,9.32658510227241,7.29241489772759,0.022882927436978638,0.034946901756258975,0.033542154772085137,-341563433.0,1.1021693243715969,0,0,-1,0,0,0.014285714285714372,0.9703483019676994,0.4487670117939657,0.5547648668356058,0.030197444831591147,0.058472553699283836,0.4553633737746112,0.06313416009019172,0.0
2011-10-24,9.06,8.87,-0.04430403389889221,-0.005431843882361729,0.018286223823418147,-0.7889359860549886,0.02119432373340006,8.687000000000001,8.327,8.383333333333333,0,24,10,8.701654924486437,8.484412799221655,80.23255813953489,0.16121027815933964,0.041238695012247195,9.384347226740607,7.269652773259393,0.02175962563341707,0.03419751941150503,0.033548897125095456,-335391933.0,1.3864887171635314,0,0,-1,0,0,-0.004509582863585023,-1.532379309240778,0.4555841114624456,0.5428687909088773,0.052264808362369575,0.04018369690011481,-0.25258135714369057,0.03863134657836641,0.0
2011-10-25,8.72,9.06,0.01684486769823956,-0.019802627296179643,-0.026392811356406618,0.38721098554526917,-0.03824988213399967,8.744,8.3365,8.397,1,25,10,8.70499039276163,8.49961197346542,70.17543859649123,0.1552239618600506,0.06403574838180788,9.404883432058007,7.268116567941991,0.026613852025159156,0.034998244941813146,0.03357378812477422,-344481733.0,0.7179070518929187,0,0,-1,0,0,-0.008830022075055195,-0.5044721826647852,0.541244721318708,0.5555799146385708,-0.0113378684807256,0.022274325908558268,0.5678784562022616,0.04587155963302756,0.0
2011-10-26,8.63,8.72,-0.020248160829947424,-0.017937700686667318,-0.0175957618903796,-0.028386526523800054,-0.010374732825551704,8.774,8.3415,8.401333333333334,2,26,10,8.691355775895879,8.508024104209587,64.52830188679246,0.1415854067895541,0.07954568006335713,9.41462185995678,7.26837814004322,0.02655947203362776,0.03510054850271747,0.03341442889042928,-353317133.0,0.5376835767964322,0,0,-1,0,0,0.009174311926605512,-0.5190133063968736,0.5387870050256716,0.557203933320906,-0.009184845005740572,0.011723329425556983,0.5186561558305882,0.04519119351100817,0.0
2011-10-27,8.85,8.63,0.010175328041652446,0.014598799421152851,0.033743748298361825,0.36521859944695023,0.02517295392450138,8.798,8.352500000000001,8.409666666666668,3,27,10,8.720200180278445,8.530087065228324,71.48148148148148,0.14683627781079522,0.09300379961284476,9.442451713078801,7.2625482869212,0.02565748680233566,0.03545145999349771,0.03365926501077787,-340586833.0,0.9128844774135988,0,0,-1,0,0,0.030127462340672047,0.7952644923399754,0.44370345254077703,0.5627744805417028,-0.027472527472527486,0.025492468134414636,0.11760613528957296,0.025988700564971802,0.0
2011-10-28,8.78,8.85,-0.007905179507113261,-0.008958626544891572,-0.010350868723656162,-0.46396860223958725,-0.007941051372812919,8.815000000000001,8.389500000000002,8.403333333333334,4,28,10,8.731072874773272,8.546210480374885,66.26506024096385,0.14369281461876682,0.10314160261402917,9.485011896690661,7.293988103309342,0.0258828322162146,0.03150522099486066,0.03276588785139579,-348591433.0,0.7129087345917948,0,0,-1,0,0,-0.003389830508474504,-0.7846182878529323,0.41016975258185234,0.5001298785151935,-0.01014656144306647,0.09203980099502496,-0.3345302970392357,0.027334851936218704,0.0
2011-10-31,8.55,8.78,-0.012550079154288445,-0.02045525866140173,-0.011628037995119099,-0.361437104744136,-0.026545124698356244,8.809000000000001,8.449499999999999,8.399333333333333,0,31,10,8.698150533905403,8.54645496551199,57.87401574803151,0.12124488403106604,0.10676225889743655,9.43078755375739,7.468212446242607,0.027416873230587616,0.02451496564164425,0.032538103294999184,-354168033.0,0.2048329250996474,0,0,-1,0,0,-0.007972665148063612,-1.5873932900538505,0.37865883841927317,0.38916301492250205,-0.056291390728476776,0.16326530612244916,0.8733140162842812,0.018713450292397675,0.0
2011-11-01,8.46,8.55,-0.04580953603129422,-0.009806827946988063,-0.0345066954157823,1.2159741640016668,-0.010582109330536972,8.773,8.4975,8.398333333333333,1,1,11,8.654850436831694,8.54087722580154,52.65306122448981,0.09509627876684235,0.10442906287131773,9.371254753018436,7.6237452469815645,0.026106361456035378,0.02465803543870355,0.03236551233505344,-372981133.0,-0.08583644293883096,0,0,-1,0,0,-0.026900584795321685,2.9482493173904087,0.30144826604501096,0.39143417754136234,-0.029816513761467878,0.1280000000000001,1.359891385437846,0.04314420803782508,0.0
2011-11-02,8.48,8.46,0.028437935320533625,-0.0029027596579614626,0.021557721074979056,-0.6513856442378473,0.0023612761856796854,8.75,8.543,8.404333333333334,2,2,11,8.623059448316841,8.536949662846602,47.03196347031965,0.07512120308955339,0.09856749091496486,9.300422221124961,7.785577778875037,0.025983462512517284,0.024662574112356485,0.03207909977938628,-363173433.0,-0.16635371459376522,0,0,-1,0,0,0.011820330969267096,-0.015090493256238607,0.3031535435028696,0.39150622675196883,-0.017381228273464666,0.120211360634082,0.7068004907602358,0.018867924528301903,0.0
2011-11-03,8.59,8.48,0.005824128285988493,0.0034823018358747116,-0.001185536594101587,-0.19952259750995252,0.012888286192352282,8.699000000000002,8.5795,8.423,3,3,11,8.61704863953196,8.540372265243596,49.56521739130436,0.06739006171173934,0.09233200507431977,9.265310315958363,7.893689684041635,0.021049435910508264,0.023539665923158874,0.0314987069562047,-355139733.0,0.03062071174980067,0,0,-1,0,0,0.015330188679245165,-0.5783215707377061,0.2330084031867763,0.37368061186932033,-0.029378531073446346,0.09287531806615767,-0.16964652367764962,0.023282887077997798,0.0
2011-11-04,8.53,8.59,-0.010507977598415093,-0.003482301835874664,-0.0023752980289073944,-0.16037512251014402,-0.007009374492576277,8.665000000000001,8.621500000000001,8.428,4,4,11,8.601221614162512,8.539703086840783,48.30508474576271,0.05577859696602516,0.08502132345266085,9.166342806882628,8.076657193117374,0.01990888876011946,0.022896165026034046,0.030576965875228252,-361983033.0,-0.33587669266858117,0,0,-1,0,0,-0.00814901047729922,-0.8820902395936957,0.2325878528764615,0.36346535181588485,-0.028473804100227817,0.1092327698309492,-0.23273456175981574,0.022274325908557973,0.0
2011-11-07,8.42,8.53,0.0011730206623633479,0.0023228814161397287,-0.004767589483472898,0.10970859583922947,-0.012979533249352306,8.600999999999999,8.644000000000002,8.418333333333333,0,7,11,8.568272229769327,8.531980307044604,41.150442477876084,0.03727071322546749,0.07547120140722219,9.106505760989608,8.181494239010396,0.017955338440840407,0.0220243635945559,0.029797050571727345,-369619833.0,-0.968636583123711,0,0,-1,0,0,0.0,-0.6156466717480025,0.16918011589461018,0.34962593313395707,-0.01520467836257322,0.05646173149309908,0.9601752485640597,0.02969121140142518,0.0
2011-11-08,8.47,8.42,-0.015357655654319645,-0.008153801726932733,-0.004790428322632489,0.0009685230781305052,0.005920680409727796,8.576,8.66,8.416333333333334,1,8,11,8.55040455162945,8.527981577557856,44.54545454545454,0.026334101027304158,0.06564378133123859,9.069672526475195,8.250327473524806,0.014762598484243255,0.021553992750993185,0.02957712034811064,-361975633.0,-0.9275701333196605,0,0,-1,0,0,-0.0023752969121139636,-0.5630571534980962,0.163402322778716,0.34215902747770144,0.0011820330969267712,0.03926380368098159,-0.16598546149593998,0.02597402597402605,0.0
2011-11-09,8.17,8.47,-0.015597196813668042,-0.02606782676991757,-0.02368771550775018,-0.1510224833674792,-0.036061599792051584,8.530000000000001,8.652,8.404333333333334,2,9,11,8.481240087696822,8.504885991908962,27.96208530805687,-0.0064661974302566705,0.05122178557893954,9.093795380120639,8.21020461987936,0.017967631373691482,0.022565997879586457,0.03028371734070056,-368548333.0,-2.1820056147639244,0,0,-1,0,0,-0.023612750885478283,-0.826280814582028,0.29786245501326303,0.3582241108523799,-0.03655660377358494,-0.019207683073229287,-0.7474912423487295,0.023867809057527573,0.0
2011-11-10,8.11,8.17,0.0,-0.0012012013456341253,-0.008022258389143647,0.0958950733890366,-0.007371040744589993,8.456,8.627,8.387,3,10,11,8.413741889933762,8.479409476301932,30.412371134020617,-0.03687707288925601,0.03360201388530044,9.131009189558194,8.122990810441808,0.01434734592506769,0.02109604903003575,0.03020781850048458,-375782533.0,-2.051549895164393,0,0,-1,0,0,0.012239902080783311,-0.572607951701822,0.24018525652410613,0.3348893962769998,-0.05587892898719449,-0.058072009291521454,-1.04144701882534,0.03082614056720099,0.0
2011-11-11,8.21,8.11,-0.0036341651142195734,-0.006027745797517313,0.009864444970914016,-0.31796658098892694,0.012255055337015573,8.399,8.607,8.392666666666667,4,11,11,8.376697909945804,8.462028219766324,27.02702702702703,-0.05230579784557321,0.01642045153912571,9.144483414677932,8.069516585322067,0.015808802287230816,0.02135996712029849,0.027533858376122402,-370518733.0,-1.4772548851126364,0,0,-1,0,0,0.01602959309494461,-1.1614378374032375,0.29511709978527634,0.3390789660769577,-0.03751465416178179,-0.04645760743321703,-0.7642899386808458,0.014616321559074203,0.0
2011-11-14,8.19,8.21,-0.0073081933067247525,0.007228947143151513,-0.00862605471976739,0.45717183323913435,-0.0024390255993589696,8.363,8.586,8.420666666666667,0,14,11,8.342752835410202,8.444478012039465,32.67973856209147,-0.06539319434587298,5.7722362125971205e-05,9.154891812859061,8.01710818714094,0.014240069200346742,0.021353950509783722,0.022140407404988696,-378833433.0,-1.3921803444835565,0,0,-1,0,0,-0.003654080389768713,-0.20403501818028108,0.29234918811261906,0.338983455346012,-0.027315914489311255,-0.04878048780487809,-1.338055016786784,0.030525030525030528,0.0
2011-11-15,8.2,8.19,-0.006131227054936296,-0.010863112257371016,0.0012368585373962004,-0.20332547783468438,0.001220256405229369,8.337,8.555,8.444,1,15,11,8.31679777442653,8.428705237069178,35.1724137931034,-0.07410391018689566,-0.014774604147678356,9.137607568564471,7.972392431435528,0.014144432375167682,0.02043976334407776,0.021921640702576527,-372048533.0,-1.2186590739791132,0,0,-1,0,0,-0.00732600732600717,-0.646953426324488,0.28259281641661627,0.32447118399266217,-0.031877213695395645,-0.07029478458049898,-1.3021415844507305,0.018292682926829312,0.0
2011-11-16,8.05,8.2,-0.001230769386132846,0.0012128564252092296,-0.00619964787952545,0.0881443797088821,-0.018462062839735217,8.294,8.522,8.459999999999999,2,16,11,8.26828908816716,8.40427264112923,21.014492753623244,-0.09204986806590831,-0.03022965693132435,9.141255920228534,7.902744079771466,0.014764662737406875,0.020615829931002284,0.022233583696114976,-379458633.0,-1.5244101334576161,0,0,-1,0,0,-0.009756097560975618,-0.4386240540512704,0.17851727663264702,0.32726615441180357,-0.014687882496939975,-0.07577497129735933,-0.036721890870389726,0.026086956521739233,0.0
2011-11-17,7.78,8.05,-0.00990107098271157,-0.018596082736620154,-0.040614719154190126,0.1289172496983248,-0.03411575324017188,8.213,8.456,8.457333333333333,3,17,11,8.179509253954949,8.36399698686283,18.354430379746873,-0.126599551668372,-0.04950363587873388,9.096867832668044,7.815132167331955,0.015736430365076343,0.018215487413863522,0.0220890872332246,-387888333.0,-2.109639353205458,0,0,-1,0,0,-0.0012422360248449146,-0.06611447652985186,0.28479800263231175,0.28916189824145977,-0.040690505548705236,-0.14505494505494498,-0.5654846235746435,0.04858611825192815,0.0
2011-11-18,7.81,7.78,-0.02391555139655791,-0.020964081963212852,0.005167970158442598,-0.3128243869590657,0.003848625661294235,8.141,8.403,8.461333333333334,4,18,11,8.112325753235867,8.328255245774905,23.18840579710144,-0.14983249977094637,-0.06956940865717638,9.074309795926256,7.731690204073745,0.016310446858889615,0.017893542247366008,0.02171978022886234,-381723033.0,-1.7666955066007797,0,0,-1,0,0,0.008997429305912519,-0.7042153894481623,0.25073447404471405,0.28405117716334954,-0.0487210718635811,-0.11950394588500557,-1.01439262945363,0.021766965428937253,0.0
2011-11-21,7.73,7.81,-0.01799534421907894,-0.01588848167936123,-0.019519162321532845,-0.03626852801657254,-0.010296101252263897,8.072000000000001,8.336500000000001,8.453333333333335,0,21,11,8.042811979920254,8.289658133144266,23.357664233576642,-0.17270922549494827,-0.09019737202473077,8.997194212254485,7.675805787745517,0.016255354717293967,0.016681790860023814,0.02072541500144656,-387668733.0,-1.83594767064916,0,0,-1,0,0,-0.012804097311139519,-0.7717130078379953,0.24219417390431047,0.2648152202328799,-0.05616605616605608,-0.14679911699779247,-0.6591729797022207,0.025226390685640282,0.0
2011-11-22,7.65,7.73,-0.001297858715599952,-0.0019236940847384802,-0.00131492458130914,0.24619025208748302,-0.010403214760886152,7.989999999999999,8.283000000000001,8.436666666666666,1,22,11,7.971391619934753,8.248389866489799,20.979020979021,-0.19504615618475185,-0.11116712885673499,8.984940168391388,7.5810598316086155,0.015456189478657838,0.015168762979352862,0.020311530646109723,-395274133.0,-1.803572522286698,0,0,-1,0,0,-0.0038809831824062413,-0.1929521450823069,0.2168080826464837,0.24079664723910515,-0.06707317073170715,-0.1227064220183487,-0.390199670504589,0.024836601307189593,0.0
2011-11-23,7.4,7.65,-0.01570712920535788,-0.02469261259037152,-0.02666824708216118,0.0919648581548475,-0.03322564762832039,7.912999999999999,8.2215,8.405666666666667,2,23,11,7.86750223449207,8.193655036393682,12.101910828025538,-0.23026687218177866,-0.13498707752174374,9.0060957725588,7.436904227441202,0.014972757838530037,0.016256747187351317,0.02054036450519466,-403612133.0,-2.0940719507596794,0,0,-1,0,0,-0.009150326797385658,0.06033161681572551,0.2563945292704992,0.2580678611074821,-0.08074534161490687,-0.14252607184241028,0.0014567284965376435,0.02702702702702693,0.0
2011-11-25,7.5,7.4,-0.02403319944415622,0.007863736460214672,-0.004062294008878904,-0.808041014275394,0.01342302033214055,7.852000000000001,8.154,8.368666666666666,4,25,11,7.800683646402602,8.148903098561833,18.012422360248493,-0.2472601183654115,-0.1574416856904773,8.943200794942715,7.364799205057285,0.01669816199349602,0.015159632523388917,0.019585748859292477,-399895633.0,-1.657372887079951,0,0,-1,0,0,0.0,-1.3567527679098508,0.27720004901060746,0.24065170574408182,-0.03598971722365041,-0.15254237288135586,-0.503481821485885,0.03866666666666667,0.0
2011-11-28,7.87,7.5,0.04362886238920662,0.035901291506544385,0.041201840958335484,0.7541943118515457,0.048155041887047216,7.8180000000000005,8.1085,8.344,0,28,11,7.813286619783947,8.13090935026752,35.29411764705884,-0.2282404665905915,-0.17160144187050017,8.84917607807527,7.367823921924728,0.024086208421297387,0.01987427319996904,0.02190235597595186,-391994733.0,-0.6440062182641778,0,0,-1,0,0,0.030666666666666724,0.06768079550772041,0.49428488309776497,0.31549430625164365,0.00768245838668391,-0.10364464692482911,0.8714422373590822,0.03303684879288445,0.0
2011-11-29,7.93,7.87,0.028063066066909875,0.008777485821223441,0.012936791030719581,0.23622822383869455,0.007594973217444768,7.792,8.0775,8.321333333333333,1,29,11,7.834507234368683,8.117947456701874,35.63829787234042,-0.20595167427025451,-0.17847148835045104,8.791801278026906,7.363198721973094,0.024365476475336448,0.019433891569224336,0.02197957903035491,-381988533.0,-0.4129910012409215,0,0,-1,0,0,0.010165184243964431,0.708669007498124,0.48273776230397797,0.3085034645901743,0.025873221216041298,-0.07251461988304109,0.373940992346694,0.0290037831021437,0.0
2011-11-30,8.38,7.93,0.0037664827954768648,0.05110601093349615,0.024128154611823292,0.8674969699288682,0.0551948788472351,7.81,8.0735,8.306666666666667,2,30,11,7.933687737210741,8.134854072398527,55.172413793103466,-0.15024448171990112,-0.17282608702434107,8.779631790294529,7.367368209705471,0.03087915100869971,0.02355321949451416,0.024041998167699898,-358164333.0,0.8681099030314435,0,0,-1,0,0,0.006305170239596559,3.9575903832948596,0.5709960218627371,0.3738957681444175,0.0954248366013073,-0.009456264775413725,-0.5061926661466822,0.054892601431980895,0.0
2011-12-01,8.33,8.38,0.03931710334083484,0.007092228309491837,0.03210152188685492,-0.7778830980171328,-0.005984458315240419,7.838000000000001,8.066,8.294,3,1,12,8.005744512263334,8.147444132243784,55.445544554455466,-0.10887566155401451,-0.16003600193027578,8.756976425830892,7.37502357416911,0.03019099510684116,0.02357887041403838,0.02396817688571195,-369108633.0,0.7641360548083604,0,0,-1,0,0,-0.009546539379474948,0.6805620136965935,0.4340117802859636,0.3743029638681848,0.1256756756756756,-0.017688679245283057,0.33998084187582983,0.031212484993997574,0.0
2011-12-02,8.28,8.33,0.01197619104671562,-0.0011785505194442526,0.004848494346621432,-0.5772451254578768,-0.0060204877815831365,7.888,8.050500000000001,8.266666666666667,4,2,12,8.055609146397273,8.155996123711928,51.77664974619286,-0.07921204847186303,-0.14387121123859326,8.704925420946005,7.396074579053998,0.02754349255995328,0.023383668501769744,0.022346767673519185,-375253233.0,0.7013786220842239,0,0,-1,0,0,0.00840336134453785,-0.4961271362021989,0.4836977677200952,0.3712042295763424,0.10399999999999987,-0.0360884749708964,0.5009021273274092,0.025362318840579816,0.0
2011-12-05,8.47,8.28,0.0023781224049674193,0.014051753455650287,0.010823918061010294,0.0479171625780934,0.0226875402667948,7.954000000000001,8.047500000000001,8.253333333333334,0,5,12,8.130952937961405,8.176254438311158,56.542056074766386,-0.03991192940782007,-0.12307935487243862,8.693161635355416,7.401838364644586,0.027991430864941113,0.02396999769364966,0.022416278904821476,-368807033.0,1.308735030438745,0,0,-1,0,0,0.016908212560386545,-0.41525543049940594,0.4155519650121482,0.3805119169451328,0.07623888182973326,-0.007033997655333968,1.249704666908173,0.028335301062573814,0.0
2011-12-06,8.54,8.47,0.0071006215495763685,-0.0023282897595910735,0.0,0.40317690790184246,0.008230499136515223,8.035,8.0535,8.236,1,6,12,8.20532513105933,8.199721893903988,57.72727272727272,-0.0030823554470131853,-0.09907995498735353,8.715753727812388,7.391246272187611,0.027216128422598615,0.023841341488782957,0.022082754761393358,-359159833.0,1.4692254027985514,0,0,-1,0,0,0.0011806375442738827,0.3544954474180618,0.41485316745002904,0.37846956300891677,0.07692307692307687,0.014251781472683911,1.2337978097765012,0.025761124121779937,0.0
2011-12-07,8.58,8.54,0.0,0.0069686693160934355,0.004773278752657812,-0.22333274327074673,0.004672905699392423,8.128,8.059000000000001,8.231333333333334,2,7,12,8.273447834503088,8.224255965265021,62.67942583732055,0.028998733615692274,-0.07346421726674437,8.737447143348097,7.380552856651905,0.02634749170404195,0.023829244387305656,0.02104383038440203,-351443533.0,1.535860251187424,0,0,-1,0,0,-0.007025761124121631,-0.12499475632616537,0.19015226990155476,0.37827752747635485,0.02386634844868718,0.01298701298701288,0.8568201419208723,0.027972027972027996,0.0
2011-12-08,8.27,8.58,0.0011785505194442023,-0.017513582492708357,-0.018018505502678365,-0.13149880581493706,-0.03679940446427102,8.215,8.064,8.219333333333333,3,8,12,8.272820955502526,8.22720719331244,61.50234741784035,0.029073675375753893,-0.05295663873824473,8.74734779616804,7.38065220383196,0.02700973333286189,0.023886793059161762,0.02197351849939392,-358209033.0,0.602914068517293,0,0,-1,0,0,-0.010489510489510473,-0.36342622538637764,0.35054103434885764,0.3791910843204348,-0.007202881152461038,0.012239902080783294,-1.057265355085496,0.02902055622732772,0.0
2011-12-09,8.44,8.27,-0.020226745490138757,0.007626907020900686,0.006042314455962662,-0.4421201994625988,0.02034779957226582,8.309000000000001,8.080499999999999,8.205666666666666,4,9,12,8.303217145411157,8.240935761485831,63.87665198237883,0.04236232005528073,-0.03389284697953964,8.784158858734173,7.376841141265825,0.027159434841290672,0.024194148623497728,0.021784512907269446,-353861033.0,1.0218019585419906,0,0,-1,0,0,0.006045949214026688,-0.9075904551659225,0.3775150877462242,0.38407020264426406,0.019323671497584627,0.040690505548705236,-1.6619864877328332,0.03021327014217998,0.0
2011-12-12,8.43,8.44,0.0024009615375380463,-0.007626907020900813,-0.010902591338215388,0.3325217442567193,-0.001185536594101587,8.364999999999998,8.0915,8.193999999999999,0,12,12,8.326268573518218,8.253133454293197,65.90909090909088,0.051493169077071244,-0.016815643768217467,8.81039608355364,7.37260391644636,0.024000779826569736,0.024086922930429286,0.021749281558304398,-359924233.0,0.9417216416779746,0,0,-1,0,0,-0.011848341232227447,-0.5038912174806982,0.3383089260033009,0.3823680475361702,-0.0047225501770957745,0.026796589524969328,-1.4488736190858347,0.03321470937129293,0.0
2011-12-13,8.16,8.43,0.014285957247476652,0.004700361180331614,-0.011022769290750434,0.06572633796610566,-0.03255260303774834,8.388,8.09,8.181000000000001,1,13,12,8.296037923787633,8.247124844338797,60.66945606694559,0.0365216898881382,-0.006148177036946334,8.808155532195112,7.371844467804887,0.02700232681740313,0.02522945126413779,0.0220056506204787,-366399333.0,0.19494384394989872,0,0,-1,0,0,0.0035587188612100995,-0.3792982618800904,0.3878800990046411,0.40050512255719656,-0.04449648711943788,-0.003663003663003539,-0.1315952785312276,0.0502450980392157,0.0
2011-12-14,8.17,8.16,-0.0348802647462205,-0.018935477002203775,0.0012307693861328883,0.142341751363186,0.0012247398958958697,8.367,8.0885,8.171333333333333,2,14,12,8.273121937644428,8.242149047929843,67.90697674418601,0.025173417704349887,0.00011614191131290984,8.805812968472086,7.3711870315279135,0.019405795023446457,0.025229461628398488,0.02194066360068162,-358933733.0,0.22723693445442475,0,0,-1,0,0,0.0012254901960784053,-0.14684782084976042,0.38101064037047633,0.4005052870847345,-0.04778554778554778,-0.003658536585365746,-0.03836772946787399,0.02937576499387986,0.0
2011-12-15,8.42,8.17,0.01337405952525681,0.012466768765130067,0.009791999904617718,0.16116782428135593,0.030140919382323807,8.376,8.107000000000001,8.169333333333334,3,15,12,8.299827039890895,8.253623302902112,69.99999999999997,0.035938464652044644,0.007280606459459257,8.8390655708346,7.3749344291654015,0.021932105002345055,0.02571584241527617,0.022680030766497973,-350162533.0,0.8551146576751579,0,0,-1,0,0,0.01346389228886162,0.1548876376690938,0.38182632504809144,0.408226342712084,0.01813784764207993,0.045962732919254456,-0.6711289729469154,0.031472684085510544,0.0
2011-12-16,8.71,8.42,0.025046031926087734,0.0273511375978977,0.031177585199626073,0.4957129119208789,0.03386196261017607,8.419,8.153500000000001,8.173333333333334,4,16,12,8.374403941728913,8.283066960779395,68.9189189189189,0.06709696622471739,0.019243878412510886,8.915637575646223,7.39136242435378,0.024062878055718117,0.025180144749617547,0.02342948983137559,-335763133.0,1.4603662587509598,0,0,-1,0,0,0.008313539192399085,1.3761787597536466,0.4298447303384919,0.39972240590458075,0.03199052132701441,0.11953727506426737,-0.4817785812679208,0.027554535017221608,0.0
2011-12-19,8.3,8.71,0.02328393895404467,0.0,-0.02631730831737353,-0.8784650130326048,-0.04821627606185916,8.402,8.178,8.165666666666667,0,19,12,8.360875952323655,8.28415941492266,57.19844357976655,0.05803770715801093,0.027002644161610898,8.924996794188358,7.431003205811644,0.028200916867488244,0.0278389204076146,0.024976509377525016,-341744933.0,0.3266412947128053,0,0,-1,0,0,-0.002296211251435287,-0.5630513668176225,0.5796245077956357,0.44192916100241475,-0.015421115065243018,0.06274007682458405,-0.2268310553324688,0.05542168674698805,0.0
2011-12-20,8.48,8.3,-0.029190630669434895,-0.006912469920623563,0.0168273201325253,0.20892681844512387,0.021454935001259466,8.396,8.2155,8.167666666666667,1,20,12,8.38253487008299,8.296794291379264,52.17391304347825,0.06463757304981677,0.03452962993925207,8.942844846903547,7.488155153096454,0.029033132354347162,0.027929898734923842,0.025187097231950204,-334373233.0,0.7273028773793598,0,0,-1,0,0,0.016867469879517927,-0.261086309332834,0.5310221743098974,0.44337339717495605,0.03921568627450989,0.0970245795601552,-1.5263043994666419,0.03066037735849054,0.0
2011-12-21,8.37,8.48,0.007083854888405042,-0.014087199606815553,-0.013197552081946586,-0.3743667002049771,-0.013056565302427848,8.375,8.251500000000002,8.164333333333333,2,21,12,8.380255802795174,8.301517240322537,50.84745762711862,0.06029686885621821,0.0396830777226453,8.93067209663196,7.572327903368044,0.029231036483582114,0.028011837408321333,0.02528384424397819,-339442933.0,0.3489542653110859,0,0,-1,0,0,0.0023584905660376855,-0.7546773797753334,0.5518850388085125,0.44467413329036587,0.024479804161566587,0.09411764705882342,-1.0406228097225267,0.0297491039426524,0.0
2011-12-22,8.4,8.37,-0.016607736399660636,-0.0034059578407016453,0.0,0.08907380218603606,0.0035778213478841235,8.388,8.3015,8.172,3,22,12,8.383845656832415,8.307870966753342,52.564102564102576,0.05860205082583647,0.04346687234328354,8.851725790974907,7.751274209025095,0.02667836822185487,0.02659030317263764,0.02439147410826783,-333900933.0,0.358034834483038,0,0,-1,0,0,-0.0011947431302269758,-0.6083657048814824,0.5053386573867069,0.42210797688366586,-0.002375296912113911,0.1351351351351351,-0.7049561764006963,0.026190476190476264,0.0
2011-12-23,8.58,8.4,0.004773278752657812,0.009367750003600241,0.007220247973487097,-0.12218190618814423,0.021202207650602906,8.402,8.355500000000001,8.187666666666667,4,23,12,8.419510082862885,8.325427678575707,52.360515021459214,0.07096534666156629,0.048966567206940086,8.769694208200184,7.941305791799818,0.026747545300506527,0.02675555381419582,0.02460814533155128,-328996333.0,1.0840325410416978,0,0,-1,0,0,0.0,-0.7759507176854683,0.4553244719612211,0.4247312494930068,-0.014925373134328401,0.1439999999999999,-1.0586842814509372,0.027972027972027996,0.0
2011-12-27,8.51,8.58,0.014184634991956381,0.002328289759591168,0.0059773041084596025,0.007677502929537627,-0.008191970914588146,8.41,8.3875,8.197666666666667,1,27,12,8.435962795069633,8.337335570280501,49.35622317596568,0.07425892206948426,0.054025038179448925,8.737710463039521,8.037289536960477,0.02692925717084046,0.025009349682884773,0.024600795052967556,-333938733.0,0.6995793268813677,0,0,-1,0,0,-0.006993006993007051,-0.7228401822398373,0.2567567717413313,0.39701111827419117,0.02530120481927689,0.0813214739517154,0.06275139866259151,0.024676850763807177,0.0
2011-12-28,8.4,8.51,-0.0011743982559415578,-0.007001195458983588,-0.0035462088588977055,-0.3939782438565776,-0.013010236736014775,8.434000000000001,8.411,8.204666666666666,2,28,12,8.429424105056972,8.341378436714017,46.250000000000014,0.06721817434555355,0.05666366541266985,8.68720739728886,8.134792602711139,0.02490598981210836,0.0252825152283212,0.024732696234204016,-337271733.0,-0.07965029255530999,0,0,-1,0,0,0.0,-0.9882370116675385,0.2324383503323954,0.40134748687404775,-0.009433962264150941,0.05926860025220693,1.285233492187635,0.02139285714285698,0.0
2011-12-29,8.6,8.4,-0.011820468600426067,0.009324076875123244,0.005332455240361601,0.11266947360382942,0.023530497410194036,8.477,8.422,8.218,3,29,12,8.460437904137523,8.3580636988615,57.20524017467248,0.07689031587984552,0.060708995506104986,8.710268880335208,8.133731119664793,0.025719331658927085,0.022533335830585553,0.02507672786230267,-333541233.0,1.2349581390333555,0,0,-1,0,0,0.001190476190476165,-1.1770407116176413,0.2654757066027683,0.35770561689858266,0.027479091995221028,0.026252983293555854,0.10768779530610098,0.024999999999999984,0.0
2011-12-30,8.56,8.6,0.02001243951501425,0.002317498140362704,0.013589573980645557,0.19106732272546567,-0.00466201310581119,8.491,8.433499999999999,8.235000000000001,4,30,12,8.478540103385246,8.371091847322049,52.77777777777781,0.08040107843942046,0.06464741209276809,8.724651976956194,8.142348023043803,0.0242626089592599,0.02251218406610695,0.024820472631931555,-338057156.0,0.8689619855752112,0,0,-1,0,0,-0.0023255813953487877,-0.7973266056083748,0.27555914417590605,0.3573698430469791,0.01904761904761898,0.027611044417767072,0.48859811105153084,0.014018691588785163,0.0
2012-01-03,8.41,8.56,0.01618532442101735,0.01379332213233577,-0.012994866856367585,0.668108136363535,-0.01767871616879409,8.461,8.44,8.256,1,3,1,8.46607826640611,8.373602050720626,49.56521739130436,0.07026961231442286,0.06577185213709905,8.722395765588546,8.157604234411453,0.021980059708471212,0.02286177825231747,0.02418606872995165,-346865661.0,-0.21246777505658282,0,0,-1,0,0,0.018691588785046745,0.8712801797220674,0.25763457225655273,0.3629194787060213,-0.019813519813519753,0.01570048309178751,1.7449819604481402,0.041617122473246095,0.0
2012-01-04,8.6,8.41,-0.036197763936031614,-0.01727158650866071,-0.022851264916768133,-0.149848395260795,0.02234072927460525,8.491,8.446499999999999,8.282333333333334,2,4,1,8.49042767251409,8.388208370028973,59.90990990990989,0.07668775580834719,0.06795503287134869,8.737651976956187,8.15534802304381,0.01704343834279053,0.022844010932445168,0.024452565469942667,-339282961.0,1.0544321326940473,0,0,-1,0,0,0.0,0.3605724379392625,0.3122416973170659,0.36263743124694386,0.010575793184488758,0.015348288075560657,0.3743163672446873,0.04534883720930219,0.0
2012-01-05,8.62,8.6,0.01884625862483172,0.0034782643763250137,0.02047031141102629,-0.4382272366939945,0.0023228814161397287,8.504999999999999,8.4505,8.312,3,5,1,8.513986277511528,8.403162668736782,60.08968609865469,0.08243772286702544,0.07085157087048405,8.749161928222708,8.151838071777291,0.015827852480551366,0.022783284827153465,0.02431618010233739,-334390761.0,1.135062650995846,0,0,-1,0,0,-0.0034883720930231816,-0.628149732714537,0.28290484380546616,0.3616734342107957,0.026190476190476097,0.00936768149882905,-0.10517224856807073,0.02900232018561485,0.0
2012-01-06,8.52,8.62,0.006976772485648235,0.006920442844573537,0.015375820362109433,-0.47355024054714695,-0.011668743834377378,8.52,8.447500000000002,8.341000000000001,4,6,1,8.51507968160034,8.410700561076345,52.40384615384614,0.07802601360682182,0.07228645941775161,8.741859250614516,8.153140749385487,0.01569152866499405,0.022924513307221176,0.024342573772044514,-337437561.0,0.49259535651517267,0,0,-1,0,0,0.0011600928074247754,-1.238479088998061,0.24636256476573976,0.3639153668285885,-0.009302325581395321,-0.006993006993007089,1.075582908741422,0.02112676056338025,0.0
2012-01-09,8.59,8.52,-0.01282816425411234,-0.002301496988279163,0.0,-0.0470046382562434,0.008182395154939593,8.539,8.4635,8.380666666666666,0,9,1,8.528701557673006,8.422268266813356,46.774193548387075,0.07926440648151178,0.07368204883050364,8.751964172729734,8.175035827270266,0.01581503205450852,0.021346450315559668,0.023349314108445356,-334530661.0,0.8770586572532157,0,0,-1,0,0,0.0,-1.172005137348541,0.2537129879867049,0.3388643934538028,0.003504672897196137,0.0386940749697704,0.2751209991211793,0.018626309662398154,0.0
2012-01-10,8.71,8.59,0.019756598436076318,0.004597709248629549,0.00701757265864654,0.22217297484642834,0.01387305486824747,8.552,8.477,8.421,1,10,1,8.561664910823367,8.440831604438301,63.05732484076433,0.0889040088023485,0.07672644082487262,8.78541530442129,8.16858469557871,0.014968551111361172,0.021096353794166744,0.02335503265153674,-330900561.0,1.5109496620941087,0,0,-1,0,0,0.011641443538998795,-0.8756717122378372,0.20406078704328484,0.3348942342575947,0.03567181926278251,0.03199052132701441,-0.5112298261662332,0.016073478760045987,0.0
2012-01-11,8.88,8.71,0.00115008638323731,0.02155500356182969,0.008125407443917152,0.38529107221583325,0.019329766139667224,8.589,8.499500000000001,8.454666666666666,2,11,1,8.61954401794639,8.46916504931325,62.820512820512825,0.10900450624685298,0.0831820539092687,8.855470134763266,8.143529865236736,0.01551144869821999,0.02144778231822834,0.022010576110192033,-325564161.0,2.1378197935231222,0,0,-1,0,0,-0.0011481056257177454,-0.22367614626367116,0.19004258527405649,0.34047298912728347,0.032558139534883956,0.05338078291814963,-0.8137403399201164,0.029279279279279254,0.0
2012-01-12,8.97,8.88,0.02609336922786973,0.010050335853501506,0.003462207728470791,-0.01310931414161844,0.010084119066626008,8.646,8.540000000000001,8.489333333333333,3,12,1,8.683263287410684,8.501476981615623,69.48051948051955,0.13069002981452016,0.09268364909031898,8.917024360515754,8.162975639484248,0.01432253427354823,0.01985483255046848,0.022028551800061344,-320297261.0,2.281019716666472,0,0,-1,0,0,0.00563063063063051,-0.22700222814077142,0.18734068988131586,0.31518569550821934,0.04060324825986106,0.09926470588235303,-1.4854657494534724,0.03567447045707918,0.0
2012-01-13,8.84,8.97,-0.0033651181503134473,-0.0011117288526904293,0.006888660995185316,-0.40465850722272106,-0.014598799421152749,8.669999999999998,8.5735,8.504666666666667,4,13,1,8.711760871517832,8.5233171763501,63.414634146341456,0.13582039694229842,0.10131099866071487,8.930639218028322,8.216360781971677,0.014353861373414989,0.02031499934618537,0.019924863446520516,-323811361.0,1.4924152069956462,0,0,-1,0,0,-0.007803790412486096,-0.8010233454740165,0.20658490844158442,0.32249061692667746,0.03755868544600949,0.08200734394124853,-1.6163779187079397,0.02828054298642534,0.0
2012-01-17,8.94,8.84,0.002244669853823728,0.005546325920556135,0.01137668698210783,0.21313949260128948,0.011248712535870667,8.708,8.5995,8.525,1,17,1,8.753258894878226,8.550199939166223,61.53846153846153,0.1462693125330965,0.11030266143519121,8.98423367411918,8.214766325880822,0.014314703344136133,0.019431687446119134,0.019937090896724262,-319462461.0,1.7700556145991146,0,0,-1,0,0,0.009049773755656116,-0.42368016559046373,0.2084510537263231,0.3084684752206023,0.04074505238649584,0.061757719714964354,-1.7989981587405472,0.02237136465324377,0.0
2012-01-18,9.02,8.94,0.0,0.014278111864288512,-0.002265006630852125,0.2444513986190464,0.00890874488910943,8.769,8.614999999999998,8.549666666666667,2,18,1,8.801757277627638,8.580509620510337,66.24203821656052,0.159170664491322,0.12007626204641739,9.041219612284527,8.18878038771547,0.012072858306089729,0.01806094561073967,0.019902723821571155,-313909261.0,1.9004287382704368,0,0,-1,0,0,-0.002237136465324337,0.3469570583130611,0.20248856495467651,0.28670862317208445,0.03559127439724441,0.03559127439724441,-1.6086954511939184,0.03880266075388023,0.0
2012-01-19,9.3,9.02,0.02107676467994895,0.021042049627678305,0.025742887693134882,0.3646045965152121,0.030570066084678146,8.839,8.665000000000001,8.577333333333334,3,19,1,8.892346863513522,8.62692835467096,75.86206896551725,0.1898008329544183,0.13402117622801757,9.164030639288404,8.165969360711598,0.013490709093440793,0.015118178339688005,0.020233909428523177,-305912961.0,2.5449339179072616,0,0,-1,0,0,0.009977827050997767,1.71476418370655,0.25641699207567037,0.239993640978827,0.04729729729729737,0.12048192771084332,-0.3421928601966061,0.033870967741935425,0.0
2012-01-20,9.4,9.3,0.046120774188328134,0.020608391167258107,0.032611585588760796,0.3117910131620597,0.01069528911674795,8.917,8.711,8.606,4,20,1,8.98464743378379,8.676803944692189,74.39024390243904,0.21961306371092348,0.15113955372459875,9.29976856323503,8.12223143676497,0.013363822623788331,0.014705989544024597,0.020259959241569328,-294991061.0,2.340478221915388,0,0,-1,0,0,0.025806451612903056,2.7156177498085157,0.2565676299549051,0.23345034669963144,0.047937569676700154,0.10849056603773577,-0.37959176191319616,0.022340425531914985,0.0
2012-01-23,9.28,9.4,-0.013720531862906738,-0.010251108299742757,-0.014891072389824248,-0.8488188986514263,-0.012848142477849137,8.993,8.7565,8.629333333333333,0,23,1,9.038347900368555,8.715719819228177,70.93023255813947,0.2308948620106257,0.16709061538180414,9.374247180445662,8.13875281955434,0.013564808397997225,0.01469262684689157,0.02047130410966935,-299664761.0,1.6948681161841328,0,0,-1,0,0,0.0010638297872340198,-0.28819781372401504,0.2464837597612593,0.23323822045887704,0.04977375565610864,0.10872162485065706,-0.23039799981530895,0.02701508620689657,0.0
2012-01-24,9.16,9.28,-0.0193139050825275,-0.01678472866935316,-0.009467371442216137,0.14596527110100158,-0.013015368112070248,9.05,8.794500000000001,8.658999999999999,1,24,1,9.060466463937908,8.744383056697329,72.18934911242602,0.2275299477210968,0.17917848184966267,9.413411608348522,8.17558839165148,0.015192989662265231,0.015246365356111163,0.019356996686878222,-305072961.0,1.1811056540861626,0,0,-1,0,0,-0.0053879310344826445,0.06864284820512756,0.29314458154790796,0.2420285467794052,0.024608501118568382,0.09047619047619038,0.4302788790331578,0.01965065502183403,0.0
2012-01-25,9.51,9.16,0.005402498283348342,0.034331335715820234,0.015765480109208453,0.5865573225276132,0.03749769787126005,9.13,8.841,8.694666666666668,2,25,1,9.142199834131015,8.793777698200728,74.59459459459458,0.25022091290484383,0.1933869680606989,9.52805013990102,8.15394986009898,0.018153724178441976,0.016628985310285962,0.02014278428047957,-295350161.0,1.9474561204408745,0,0,-1,0,0,0.013100436681222622,1.8332145223585457,0.3789596160198981,0.26397695811817745,0.05432372505543248,0.10839160839160833,0.06168980701940185,0.03785488958990549,0.0
2012-01-26,9.38,9.51,0.030771658666753687,0.015456258236691672,0.00323102058144654,-0.085449262062091,-0.013764113539165545,9.18,8.8845,8.726333333333335,3,26,1,9.185436227925376,8.831598491865197,69.38775510204084,0.25477684388464716,0.2056649432254886,9.59313768487303,8.175862315126968,0.01902446190096602,0.016906901988048905,0.020385031102384023,-304276661.0,1.3984579442420768,0,0,-1,0,0,0.00630914826498428,1.3319881809718137,0.36149160169850075,0.26838874860552553,0.008602150537634357,0.10223266745005888,1.3498048819644701,0.05117270788912565,0.0
2012-01-27,9.62,9.38,-0.022187914975362332,-0.011311174581522906,0.003220614700042157,-0.5393854665926316,0.02526450165948158,9.245,8.9455,8.775,4,27,1,9.264447822848034,8.88246310529325,76.19047619047619,0.27458816480745973,0.21944958754188282,9.687771761838068,8.20322823816193,0.020029736691471588,0.016949275506634182,0.019595101034434726,-299071561.0,1.817393668135114,0,0,-1,0,0,-0.0021321961620470523,-0.25216099876727666,0.39783970165010835,0.2690614073596341,0.023404255319148914,0.14523809523809517,0.7499366469373017,0.03534303534303533,0.0
2012-01-30,9.38,9.62,0.02009586400313835,-0.010395104000340077,0.0,0.35020461260422775,-0.025264501659481704,9.299,8.9845,8.815333333333335,0,30,1,9.285457309602936,8.91456225979046,67.40088105726876,0.26783534598849634,0.22912673923120552,9.732281983426967,8.236718016573034,0.021506291231884037,0.017876175605397032,0.02036803991506256,-306459461.0,1.0577949422838098,0,0,-1,0,0,-0.007276507276507122,0.6034093937269964,0.4391473222050244,0.28377549026880033,0.010775862068965747,0.09069767441860477,0.5850087627245681,0.02558635394456292,0.0
2012-01-31,9.58,9.38,-0.01158517433522965,0.002087683430483895,-0.011859977290749916,-0.04447821895640704,0.021097828964635745,9.363,9.0355,8.854000000000001,1,31,1,9.339010526038765,8.957493726900752,68.51063829787236,0.2754468372729164,0.23839075883954772,9.800317831768183,8.270682168231819,0.022000333383433546,0.01811808537242396,0.020030674333339927,-299392961.0,1.4238684752973656,0,0,-1,0,0,0.006396588486140588,0.4133090313300752,0.430816578438897,0.28761568876842525,0.04585152838427953,0.11915887850467288,-0.460075059268789,0.0386221294363256,0.0
2012-02-01,9.74,9.58,0.027169905351927856,0.021661496781179467,0.035951149019928144,-0.2085160395690078,0.016563525671674642,9.434999999999999,9.102,8.888333333333334,2,1,2,9.411917703122626,9.007978002584576,68.37606837606839,0.29103479383737074,0.24891956583911232,9.869102545811552,8.334897454188448,0.022206217543079436,0.017401357858175693,0.019367305284858565,-293656461.0,1.663402118748105,0,0,-1,0,0,0.012526096033402842,-0.09866523008336762,0.3613477902888732,0.27623799220543477,0.024185068349106276,0.1581450653983354,-0.6600076479585198,0.0248973305954827,0.0
2012-02-02,9.75,9.74,0.007190580545354209,0.004073325387635648,0.01221905232741496,-0.2908189784522755,0.0010261673553119532,9.48,9.159500000000001,8.936666666666667,3,2,2,9.473387211645784,9.055850389514603,67.25663716814161,0.3007286652900092,0.2592813857292917,9.940443424058376,8.378556575941627,0.020713478073349535,0.01708291778114402,0.0168249281113646,-289367561.0,1.5122734421177708,0,0,-1,0,0,0.003080082135523548,-0.6763277728217909,0.32693874295033953,0.2711829126976224,0.03944562899786774,0.13372093023255816,-1.3034208724355172,0.016923076923076836,0.0
2012-02-03,10.04,9.75,0.008154989129306164,0.02111692344092283,0.01385703466142628,0.3442593604266449,0.029309829253827184,9.544,9.230500000000001,8.988666666666665,4,3,2,9.576407718619278,9.119343912771727,74.7933884297521,0.32803037465842877,0.2730311835151191,10.06151649866515,8.399483501334853,0.02212901492376461,0.017820195736776713,0.017153024818546247,-283316161.0,1.9482164344517545,0,0,-1,0,0,0.01025641025641022,0.09129361450724961,0.3420592966533792,0.2828868374040277,0.043659043659043606,0.16473317865429227,-1.1282642472989834,0.023904382470119546,0.0
2012-02-06,9.75,10.04,0.01110561641250945,-0.005988041844622669,-0.01127638806793472,-0.33167824662232587,-0.029309829253827187,9.591,9.292,9.034666666666665,0,6,2,9.60796995159759,9.160031402270326,65.51724137931039,0.32254846177433194,0.2829346391669617,10.08269855857169,8.501301441428309,0.024204451405886382,0.01917807974098343,0.01797921761871474,-287659361.0,1.158469292842336,0,0,-1,0,0,-0.007968127490039672,-0.7329190754983244,0.3667546169410914,0.3044425777104491,0.03944562899786774,0.14436619718309873,-1.253523405937605,0.02974358974358984,0.0
2012-02-07,9.64,9.75,-0.0254207892932733,-0.01716347029408758,-0.010362787035546547,0.3802527743131002,-0.011346176387301454,9.639,9.3445,9.076,1,7,2,9.613793596761663,9.190997118252884,61.74242424242429,0.30580282106144274,0.2875082755458579,10.076173640218432,8.612826359781568,0.02407234315281858,0.019600707026987706,0.01822999913176911,-294011961.0,0.8077371761316499,0,0,-1,0,0,-0.004102564102564015,0.1314257695200841,0.36507896210925084,0.31115157788667397,0.006263048016701411,0.12223515715948796,-0.13187928169840993,0.022821576763485542,0.0
2012-02-08,9.63,9.64,-0.0082730564931994,-0.00715383735661877,-0.0020855064910213707,-0.44711486224745345,-0.0010378828124200546,9.651,9.3905,9.111,2,8,2,9.61674021553227,9.219319884817214,56.96202531645572,0.28840036385263623,0.2876866932072136,10.067878072152165,8.713121927847833,0.021146861873920397,0.019565347695087304,0.017981413469833996,-298074261.0,0.7071383318891976,0,0,-1,0,0,-0.0010373443983402268,-1.0235251836928192,0.33923160841753464,0.3105902658942708,-0.011293634496919891,0.10562571756601602,0.5234395747117928,0.017653167185877457,0.0
2012-02-09,9.78,9.63,0.0,0.004094171532663147,-0.009438979360932716,0.3241374094025962,0.015456258236691672,9.690999999999999,9.4355,9.153333333333332,3,9,2,9.64642381270822,9.255492795474169,57.851239669421496,0.2834451581892967,0.2868383862036302,10.089249509409854,8.781750490590145,0.02084273626800415,0.019433095561755893,0.017949615279145938,-292456761.0,1.0539204849606194,0,0,-1,0,0,0.0,-0.25310511214076775,0.3625672554120419,0.3084908283633548,0.003076923076922977,0.1013513513513511,-0.020946741769684644,0.030674846625766763,0.0
2012-02-10,9.62,9.78,0.008273056493199283,-0.004094171532663115,0.005254872838358597,-0.47138241645226314,-0.0164952193691109,9.690999999999999,9.468,9.193999999999999,4,10,2,9.641619483124906,9.279009389314545,56.910569105691074,0.2635691975335277,0.2821845484696097,10.088071303201184,8.847928696798816,0.02031502030191448,0.01996174066844234,0.01807706503069656,-295962861.0,0.49026619750110323,0,0,-1,0,0,-0.007157464212678785,-1.2205634421265446,0.2656731197396228,0.3168828092679761,-0.041832669322709126,0.0724637681159419,0.44888642399850404,0.02182952182952192,0.0
2012-02-13,9.72,9.62,-0.006198366952339019,0.0030824239335708967,0.006269613013595395,0.25846675532130986,0.010341353794732751,9.725,9.511999999999999,9.231333333333334,0,13,2,9.655870486193104,9.307460396455543,61.47540983606562,0.25297043408489195,0.2763417255926662,10.065785061858671,8.958214938141326,0.018444826525867247,0.01953970366770344,0.01775073352280168,-291422661.0,0.7511939715451695,0,0,-1,0,0,0.003118503118503237,-0.7659237375576078,0.21667673514947003,0.3101831795798398,-0.003076923076922977,0.09954751131221728,0.048859055488299885,0.018528806584362085,0.0
2012-02-14,9.59,9.72,0.0031039859375910123,-0.007193426640093061,-0.00941922191649164,-0.2239037185876073,-0.01346472957700099,9.726,9.5445,9.265666666666666,1,14,2,9.643894034157993,9.325688757974541,51.801801801801815,0.23141333526804253,0.26735604752774145,10.028886752829546,9.060113247170452,0.018024432335820652,0.019892329648278157,0.017971494332744944,-295052061.0,0.18786640936900986,0,0,-1,0,0,-0.0041152263374486546,-1.1769910443846923,0.2236093889077108,0.3157809434823658,-0.005186721991701337,0.0727069351230425,0.06270419729057228,0.020855057351407826,0.0
2012-02-15,9.53,9.59,-0.007257678306284528,-0.001030396793896522,-0.0010520779508037803,0.12811987920347442,-0.006276171229236212,9.705000000000002,9.57,9.303,2,15,2,9.62318602794745,9.338870128427798,53.48837209302324,0.20710035659081782,0.2553049093403567,9.987158306440776,9.152841693559225,0.01713644873690487,0.019971682651458964,0.01762159506339324,-299177561.0,-0.1917737193886122,0,0,-1,0,0,0.002085505735140727,-0.8827634417003916,0.22677048181692744,0.31704063335558097,-0.010384215991692813,0.05654101995565397,0.40505016535928867,0.020986358866736547,0.0
2012-02-16,9.59,9.53,-0.009409374178927144,-0.006204776886882758,-0.007395701961129025,-0.10874630264723441,0.006276171229236204,9.689,9.5845,9.336,3,16,2,9.617152204684276,9.355072055626005,49.23857868020306,0.19047793333554885,0.24233951413939514,9.981831890967614,9.187168109032386,0.01732141636410699,0.018875662546239878,0.017287091535722252,-295477161.0,0.02768466425690413,0,0,-1,0,0,-0.0010493179433368088,-0.981845121781419,0.187639178912078,0.29964185357356166,-0.01942740286298561,0.03118279569892457,0.28157972554639027,0.02189781021897819,0.0
2012-02-17,9.43,9.59,0.015633460661928958,0.008264509849893431,0.0,0.43183225184582746,-0.016824792249980704,9.628,9.586,9.363,4,17,2,9.583124531105316,9.359906116553361,51.322751322751294,0.16252044578984481,0.22637570046948507,9.980616402680008,9.191383597319993,0.013894107274939596,0.019178084629174707,0.017686125290742066,-301176061.0,-0.7906412350857099,0,0,-1,0,0,0.008342022940563094,0.11468313897853574,0.18900860868310254,0.30444265530807996,-0.01975051975051967,0.0031914893617019935,0.2642402373124136,0.03075291622481452,0.0
2012-02-21,9.1,9.43,-0.021955926401415964,-0.026056711274360798,-0.04556102502511961,0.22201638310812374,-0.03562168312256183,9.562999999999999,9.577,9.382333333333332,1,21,2,9.495283707267985,9.343137980001533,38.11881188118811,0.11243956015386836,0.20358847240636174,10.007573668739138,9.146426331260862,0.01508754790398095,0.020570731107020426,0.01883714334296516,-308291661.0,-2.215648724627375,0,0,-1,0,0,0.0031813361611878195,0.857088480868797,0.24013121723743613,0.3265502327757387,-0.06378600823045277,-0.0193965517241379,-0.38419713618306184,0.05054945054945065,0.0
2012-02-22,9.02,9.1,-0.046520015634893046,-0.03437502791055694,-0.006681539333482621,-0.2536762170610751,-0.008830079448272037,9.501,9.57,9.396666666666668,2,22,2,9.408868487764714,9.322290368388531,31.443298969072146,0.0655392701524189,0.1759786319555732,10.032487553176367,9.107512446823634,0.015025252941319565,0.020462552731624048,0.018910882598834795,-313812961.0,-2.3784423871414444,0,0,-1,0,0,-0.007692307692307724,-0.06245134763129129,0.24188232877304447,0.3248329543045359,-0.05943691345151203,-0.015283842794759916,-0.6683584024127225,0.022172949002217415,0.0
2012-02-23,8.87,9.02,-0.0033277900926745796,-0.012094704883344966,-0.02031672590267231,0.20714683229652753,-0.016769537753044253,9.425,9.538,9.402,3,23,2,9.31089239908022,9.29311034462153,28.846153846153825,0.016081330462936805,0.14399917165704593,10.09655452544555,8.979445474554451,0.015200738299397021,0.01858005911998303,0.019056623552924642,-320605061.0,-2.39188823854627,0,0,-1,0,0,-0.0022172949002216822,0.8838462206269877,0.23729906939523446,0.29494929465811626,-0.06925498426023091,-0.06729758149316512,-0.04474965873527925,0.030439684329199503,0.0
2012-02-24,8.68,8.87,-0.012297527810406083,-0.011123585218662316,-0.011468015591641182,-0.47775135529786084,-0.02165326764922921,9.315000000000001,9.503,9.395333333333333,4,24,2,9.196184690156542,9.253554838516916,15.656565656565675,-0.038007725766291856,0.10759779217237839,10.17868600618064,8.82731399381936,0.013169242004709762,0.018885756669379954,0.0191343330327302,-324817361.0,-2.4360427549833767,0,0,-1,0,0,0.0022547914317927117,-0.8198106066685936,0.15358376290171988,0.2998020928107531,-0.0948905109489051,-0.0746268656716419,-1.02320737246954,0.03110599078341009,0.0
2012-02-27,8.82,8.68,-0.021604023865275317,-0.006734032181343956,0.0,0.006200616259753956,0.01600034134644112,9.235,9.463,9.390333333333334,0,27,2,9.127787473764444,9.225583558612598,24.590163934426258,-0.06878396382889207,0.0723214409721243,10.20133667972854,8.724663320271459,0.01568217961828608,0.01822054567340429,0.01928083588162927,-320578861.0,-1.741752828090315,0,0,-1,0,0,0.002304147465437739,-0.7489085198007466,0.30056538434978614,0.2892421956223299,-0.06468716861081647,-0.08316008316008305,0.8663940705981079,0.023809523809523905,0.0
2012-02-28,8.95,8.82,0.012564414287550167,0.007851975282685171,0.00918490957707257,0.3482497912760052,0.014631662268064049,9.158,9.441500000000001,9.394,1,28,2,9.095462478534545,9.20780397418598,31.35135135135134,-0.08174216785139876,0.04150871920741969,10.214253790708026,8.668746209291976,0.016312291664806168,0.01799875121696517,0.019281815531177426,-314574661.0,-1.2720739928035072,0,0,-1,0,0,-0.001133786848072538,0.7326777499832173,0.27939058911695097,0.28572131777886595,-0.016483516483516536,-0.04584221748400863,0.33084459024747265,0.02234636871508372,0.0
2012-02-29,8.98,8.95,0.011286801534629855,0.011111225425070849,0.006833739578565117,0.060849928896242564,0.003346350027344394,9.097,9.4115,9.395333333333333,2,29,2,9.074469300619173,9.193106943593337,32.62032085561499,-0.08856990983084145,0.015492993399767462,10.207840974312775,8.615159025687225,0.01656678068611907,0.017193827441388424,0.019183722623679535,-308193761.0,-1.0837066380324698,0,0,-1,0,0,-0.004469273743016665,1.1240785361228005,0.2773588507634293,0.2729435489716306,-0.0044345898004433115,-0.06263048016701456,-0.3268227306678748,0.02672605790645882,0.0
2012-03-01,8.88,8.98,0.012270092591814183,0.0055096558109694795,0.0056593246689013565,0.12749919353286535,-0.01119832531002945,9.032,9.3685,9.390666666666668,3,1,3,9.039111245961141,9.172906495619573,25.27472527472537,-0.10088714460298753,-0.0077830342007835385,10.182826327968133,8.554173672031865,0.01663295482405027,0.0166248665380212,0.019222862896861065,-315442361.0,-1.1997647213958542,0,0,-1,0,0,0.004454342984409705,1.6830287253675904,0.2597457616491569,0.2639115746354606,0.0011273957158963732,-0.08829568788501019,-0.46065529433084357,0.02702702702702705,0.0
2012-03-02,8.96,8.88,-0.016769537753044253,0.001098297749062592,0.0011280317044984152,-0.3644544052956063,0.008968669982760316,8.969,9.328999999999999,9.379333333333333,4,2,3,9.024727383059115,9.159170592676375,31.034482758620783,-0.10300592233497419,-0.02682761182762167,10.14204884296926,8.515951157030738,0.016892473977277608,0.016858194714244733,0.018385040446943272,-310407661.0,-0.907694545514405,0,0,-1,0,0,-0.001126126126126302,-0.14301769543173162,0.17530353286805278,0.2676155446043709,0.032258064516129226,-0.08102564102564092,-1.2157632082059635,0.02678571428571431,0.0
2012-03-05,8.74,8.96,0.004499445161229971,-0.022198469789148963,-0.027430291226151343,0.4202322898975769,-0.02486003731939509,8.9,9.264,9.357333333333335,0,5,3,8.972958767957458,9.13212732863274,23.655913978494652,-0.12104193426362464,-0.04567047631482227,10.044941402209698,8.4830585977903,0.017581490046686056,0.015436525783025066,0.018728457832545266,-318072061.0,-1.3419700851237344,0,0,-1,0,0,-0.005580357142857222,1.7928491556719404,0.25371577369265225,0.24504724997232555,-0.009070294784580546,-0.1294820717131473,-0.7064214031781797,0.03203661327231114,0.0
2012-03-06,8.6,8.74,-0.03308915680711629,-0.012990863293196446,-0.011655143591748983,-0.20573426233925554,-0.016147986407982103,8.85,9.2065,9.334666666666665,1,6,3,8.905148082874284,9.097796533237078,23.529411764705927,-0.14496140874603292,-0.0655286628010644,10.005901749995454,8.407098250004546,0.015128712018049955,0.014718943361195658,0.01880067708534174,-324311261.0,-1.5173847192690035,0,0,-1,0,0,-0.01372997711670492,0.6470902417198143,0.21971080276249955,0.2336559821722132,-0.03910614525139666,-0.11794871794871797,0.15731432072131418,0.03081395348837216,0.0
2012-03-07,8.49,8.6,-0.001160766235962276,-0.014314587397070956,-0.008240187885455703,0.14992878582171446,-0.012873202936206033,8.797,9.149000000000001,9.312333333333333,2,7,3,8.829666613260777,9.058583853673396,22.916666666666714,-0.1708246846653445,-0.08658786717392042,9.981849262914913,8.316150737085088,0.01527659082647086,0.014750449400928348,0.018797974151663704,-331559661.0,-1.5825192609129477,0,0,-1,0,0,0.0011627906976743939,1.3279317131773547,0.1964242303038042,0.23415612504778852,-0.054565701559020074,-0.11929460580912865,1.2247927152629288,0.02473498233215537,0.0
2012-03-08,8.5,8.49,-0.011682375854356568,-0.012768600638799685,-0.0035524016043679946,-0.42759578397256365,0.0011771631730148311,8.76,9.092500000000001,9.278666666666668,3,8,3,8.769727229031544,9.022546185694468,20.85561497326205,-0.1883434941785893,-0.1069389925748542,9.941124273689969,8.243875726310034,0.014924864100226833,0.014799707884367392,0.01718920911208023,-326833161.0,-1.3963776864965394,0,0,-1,0,0,0.002355712603062376,-0.5478329161690368,0.2148617951507609,0.23493807923062793,-0.04279279279279291,-0.11734164070612674,0.32430858687255176,0.015294117647058916,0.0
2012-03-09,8.48,8.5,-0.0011757790890119504,0.00466201310581115,0.0023696693553183824,0.031857784716076795,-0.0023557136924590365,8.739999999999998,9.0275,9.248666666666667,4,9,3,8.71704955102581,8.987543205972244,22.543352601156087,-0.20151813417695763,-0.1258548208952749,9.85324049702201,8.201759502977989,0.013635781110695204,0.013934242570310106,0.017084288841267226,-331712661.0,-1.32608247257953,0,0,-1,0,0,0.0,-0.4047336077650932,0.1655670755006939,0.22119924329453997,-0.0535714285714286,-0.13292433537832304,-0.10653185075306322,0.01768867924528306,0.0
2012-03-12,8.28,8.48,-0.017804624633506707,-0.023530497410194046,-0.027596232300993822,0.19109533272571938,-0.023867481406643545,8.686,8.9605,9.204,0,12,3,8.637585996293843,8.941895257199842,24.375000000000014,-0.22549805857252458,-0.14578346843072484,9.801138228716772,8.119861771283228,0.013472288009159452,0.01427870907445951,0.016576992194818237,-337619661.0,-1.619007979303483,0,0,-1,0,0,-0.015330188679245375,0.28394275301202115,0.16060579889659352,0.22666747952436672,-0.052631578947368474,-0.13929313929313925,-0.009833259723426331,0.021739130434782577,0.0
2012-03-13,8.41,8.28,0.00239234563861968,0.0023781224049674193,-0.0024360547978813383,0.11975614563496441,0.01557850558768843,8.632,8.895,9.171666666666665,1,13,3,8.596206724240417,8.907579434154693,31.515151515151558,-0.23134559981039082,-0.16289589470665805,9.68933520698366,8.100664793016339,0.01364079162045555,0.014670128588623692,0.016539163672326745,-330961161.0,-1.2211469307565914,0,0,-1,0,0,0.010869565217391288,0.7907987912867024,0.2351614624093831,0.23288107168102362,-0.02209302325581386,-0.1347736625514404,0.07337390967635252,0.026159334126040504,0.0
2012-03-14,8.18,8.41,0.0035778213478841235,0.0011869437595286225,-0.020949626311537142,0.7375545399261665,-0.027729323370201047,8.552000000000001,8.8245,9.125,2,14,3,8.520532774378523,8.860638825499551,30.057803468208135,-0.2516381680188573,-0.1806443493690979,9.60934259233174,8.03965740766826,0.014686861049815347,0.015303333808628125,0.016406985677716434,-344882861.0,-1.6423675429877318,0,0,-1,0,0,-0.0011890606420927215,3.5667764788681584,0.28535551112511703,0.24293289292702164,-0.036513545347467646,-0.14702815432742444,0.03226727411200939,0.04889975550122254,0.0
2012-03-15,8.45,8.18,-0.02776279697735643,0.008269391482506766,0.0037290285598668544,0.0950182449435639,0.0324742907544267,8.509,8.7705,9.081999999999999,3,15,3,8.507708633582428,8.834145998047967,43.646408839779,-0.24313077082584478,-0.1931416336604473,9.497439510986133,8.043560489013867,0.019785735479698613,0.01782376033264858,0.017395202147796857,-329573461.0,-0.8817790067985856,0,0,-1,0,0,-0.0012224938875305363,2.9306041303718895,0.4079405492664822,0.28294342360923613,-0.005882352941176561,-0.11332633788037771,0.331573002266416,0.052071005917159706,0.0
2012-03-16,8.31,8.45,0.03959725462435926,0.003523198007316878,0.025720952517062884,0.10541668871789465,-0.01670683250172556,8.443999999999999,8.7065,9.033999999999999,4,16,3,8.471761609294713,8.800330127206163,35.91160220994476,-0.2448628012777494,-0.20348586718390774,9.350280773409493,8.062719226590508,0.01945626231450685,0.017737115268748632,0.017496028803422412,-346584861.0,-1.2317857767019595,0,0,-1,0,0,0.005917159763313694,2.6479027344753256,0.42328956578322624,0.28156797586077276,-0.02004716981132071,-0.13347236704900933,0.7482123699320341,0.031287605294825487,0.0
2012-03-19,8.41,8.31,-0.019002947125615358,-0.010607052895722004,-0.0012099215027131982,-1.0730818517749063,0.011961865117499885,8.411,8.6555,8.979666666666668,0,19,3,8.460532225786583,8.775147538354153,34.83146067415734,-0.2354521379420298,-0.20987912133553216,9.213899027296272,8.097100972703728,0.019297616338769304,0.01807014154498728,0.0165508203402765,-340767761.0,-0.8792995259633359,0,0,-1,0,0,0.0036101083032490204,-0.43504916022809764,0.3926027222683116,0.2868546041026369,0.01570048309178751,-0.10816542948038177,-0.22911655666416725,0.021403091557669406,0.0
2012-03-20,8.39,8.41,0.0011983224921087163,-0.0017788323694401626,0.0012099215027131511,0.3556464115361503,-0.0023809535057418476,8.39,8.620000000000001,8.934333333333335,1,20,3,8.447708184734477,8.75029931007324,33.33333333333333,-0.226991337460289,-0.21330156456048355,9.148911493940409,8.091088506059593,0.01880391390471524,0.016692387420417662,0.015970851662889984,-349069361.0,-0.8697107271634152,0,0,-1,0,0,-0.00713436385255654,0.23263905470165439,0.37750551333282256,0.26498343541420866,-0.0023781212841854638,-0.07802197802197797,0.4458042511469527,0.01847437425506569,0.0
2012-03-21,8.32,8.39,0.009535233151000005,0.0005932957753384876,0.003621005766952362,-0.3107694564920657,-0.008378265645997578,8.373,8.584999999999999,8.890333333333333,2,21,3,8.424488514782754,8.722538064262064,33.90804597701148,-0.22335975488957693,-0.2153132026263022,9.094757424252142,8.075242575747856,0.01857975372560855,0.016685808328148675,0.015939157150652587,-355153461.0,-1.0397102127105888,0,0,-1,0,0,0.004767580452920041,-0.38652343412231877,0.30955655391929016,0.26487899556223093,0.017114914425427896,-0.07760532150776045,0.9067693519435801,0.01562499999999988,0.0
2012-03-22,8.19,8.32,-0.01674680286656054,-0.014337163146407218,-0.0182375875497809,-0.10367994879643405,-0.015748356968139282,8.341999999999999,8.551,8.842333333333332,3,22,3,8.381854239367707,8.688180769793544,28.49162011173182,-0.2283394579479694,-0.21791845369063567,9.07131973975642,8.03068026024358,0.01902830951762019,0.016646929456468344,0.016043417799650107,-360638361.0,-1.3876083201033158,0,0,-1,0,0,-0.003605769230769367,-0.5302814552224848,0.1858050183894564,0.26426181260790527,-0.03076923076923077,-0.07666290868094694,1.0698212238187512,0.019536019536019553,0.0
2012-03-23,8.23,8.19,-0.013357818532547874,-0.006035021334470249,-0.002457003693052103,0.18848918006740148,0.004872116824000592,8.317,8.5285,8.790666666666668,4,23,3,8.354244377664488,8.658620720129445,34.16149068322983,-0.2264478924473039,-0.21962434144196932,9.064028268457452,7.992971731542546,0.01921542236930537,0.01621917654941368,0.015679206498291378,-354015761.0,-1.1147870899880028,0,0,-1,0,0,-0.001221001221001195,-0.25643733436010346,0.17212854169071298,0.25747144571999586,-0.00962695547533099,-0.0518433179723502,0.047140093294367864,0.01579586877278238,0.0
2012-03-26,8.35,8.23,0.015767458252701236,0.01083695132987742,0.0024570036930520837,0.6028826861122963,0.01447552417378568,8.324000000000002,8.505,8.748333333333333,0,26,3,8.353472672634581,8.638709705927546,42.13836477987421,-0.21281264434909275,-0.21826200202339402,9.027765923265443,7.982234076734558,0.018406539232838408,0.016128859360430545,0.01596317948545075,-341913761.0,-0.5929996317732344,0,0,-1,0,0,0.009720534629404625,1.15051592998886,0.18553290399917186,0.2560377047930131,-0.007134363852556502,-0.05328798185941053,0.28095707188357977,0.023952095808383148,0.0
2012-03-27,8.23,8.35,0.0048019299954072114,0.0011968882338461726,0.007334996211565471,-0.6952647739132107,-0.014475524173785604,8.306000000000001,8.469,8.698666666666666,1,27,3,8.33102309579193,8.612341337803189,41.87500000000001,-0.20927719191489125,-0.21646504000169348,8.960994865186299,7.977005134813699,0.0181922043855088,0.015790702594041566,0.015801354205524566,-347951961.0,-0.9715548551893869,0,0,-1,0,0,0.0,-0.5232450976753146,0.2078115047438308,0.25066963254489905,-0.019070321811680557,-0.08044692737430159,0.7215116400753919,0.018226002430133482,0.0
2012-03-28,8.36,8.23,-0.009627029827164199,0.013072081567352921,0.0060716640685497736,0.31418992426386416,0.015672412407631692,8.324,8.437999999999999,8.657666666666668,2,28,3,8.33629162382976,8.596061251493305,45.930232558139515,-0.19375195491470443,-0.21192242298429567,8.868744765067262,8.007255234932735,0.016558725256198958,0.01633419275340753,0.01618717781635909,-339684761.0,-0.36216342635211907,0,0,-1,0,0,0.004860267314702205,0.06625199600436801,0.24219598923957264,0.25929727135505826,0.004807692307692291,-0.069042316258352,-0.30176772029124965,0.025119617224880486,0.0
2012-03-29,8.4,8.36,0.003621005766952362,-0.003548200056097442,-0.010955678660975184,0.04243864716448404,0.004773278752657812,8.318999999999999,8.414,8.620000000000001,3,29,3,8.347874964951622,8.583412138493738,47.701149425287355,-0.17618942501524693,-0.20477582339048594,8.79121416505358,8.03678583494642,0.012699056435638834,0.01632754656144066,0.01626971569418953,-331059161.0,-0.07422838958346531,0,0,-1,0,0,-0.007177033492822814,0.14666993015131574,0.19173965933262616,0.25919176632839863,0.025641025641025772,-0.05405405405405406,-1.2691462008752679,0.03214285714285709,0.0
2012-03-30,8.24,8.4,0.01197619104671562,-0.003560834623008958,-0.0012247398958958238,0.030113780552896683,-0.019231361927887644,8.312,8.378,8.575,4,30,3,8.328261334960418,8.561256516655433,48.82352941176473,-0.17318528421065338,-0.19845771555451944,8.661630597416362,8.094369402583638,0.013066109837063876,0.016477875969426545,0.016370570608747734,-339948461.0,-0.9730967057649248,0,0,-1,0,0,0.0,0.16966755879214707,0.25765408116587835,0.26157817169802,0.0012150668286754485,-0.0803571428571429,-0.37323990365070986,0.03033980582524272,0.0
2012-04-02,8.26,8.24,-0.021661496781179304,-0.009558017806105356,-0.0012262417232442964,0.023162336206379586,0.0024242436115062545,8.297,8.354,8.536,0,2,4,8.315850183149433,8.541820612355083,45.28301886792451,-0.16726254957217712,-0.192218682358051,8.585006949089438,8.12299305091056,0.012354011664733894,0.015801555359269196,0.016268318159600226,-330850861.0,-0.8138283317494946,0,0,-1,0,0,-0.0024271844660193657,0.20827759909062218,0.22811292660821447,0.2508419148518771,-0.010778443113772407,-0.05491990846681927,-0.08553689557978174,0.021791767554479386,0.0
2012-04-03,8.2,8.26,0.0036429912785010087,0.001199760191904095,0.0,0.08182350159406883,-0.007290433262679344,8.278,8.334,8.506,1,3,4,8.2947865134859,8.519767669622498,50.704225352112665,-0.16550242927625192,-0.1868754317416912,8.543601124949861,8.124398875050138,0.012478509031461365,0.015532217949147708,0.015216643714283579,-340724161.0,-1.2786190916871687,0,0,-1,0,0,-0.0012106537530266086,0.378672419695218,0.20874936908975353,0.24656631601619108,-0.0036452004860269005,-0.04651162790697683,-0.34015516497631515,0.023170731707317014,0.0
2012-04-04,8.38,8.2,0.008449054486527663,0.019002947125615482,0.018237587549781012,0.23446948538809617,0.02171376022378448,8.284,8.3285,8.484666666666667,2,4,4,8.31027987467028,8.510750400614596,47.36842105263164,-0.1478783757193156,-0.1790760205372161,8.526306391257599,8.130693608742401,0.014361470069120669,0.01622047014020983,0.015859395479603137,-328241961.0,0.5207111830166657,0,0,-1,0,0,0.014634146341463537,1.0201750222799053,0.2413487270481239,0.2574919808372652,0.0023923444976077235,-0.012956419316843326,0.21630274614058523,0.023866348448687263,0.0
2012-04-05,8.31,8.38,0.009569451016150672,-0.003535654832307644,-0.002412546405384101,-0.7717182078041233,-0.008388305626634856,8.296000000000001,8.318999999999999,8.466000000000001,3,5,4,8.310228988366593,8.497798761865267,50.0,-0.1379691784799011,-0.17085465212575313,8.499630474788603,8.138369525211395,0.013600697341572548,0.016307521997593586,0.015672933217743587,-334011461.0,-0.09965095879343136,0,0,-1,0,0,0.002386634844868684,-0.869877259062053,0.24489201798793198,0.2588738862320873,-0.010714285714285676,-0.022352941176470575,0.9798356688741326,0.022864019253911103,0.0
2012-04-09,8.22,8.31,-0.026539555234612378,-0.02027499386141078,-0.018282044837448958,-0.14268761498605087,-0.010889399799268206,8.295,8.306000000000001,8.450666666666667,0,9,4,8.293823717754485,8.479876261099767,42.400000000000034,-0.13581275125836534,-0.16384627195227558,8.474884887614213,8.13711511238579,0.01407093442154616,0.016453956802105086,0.015337335270293517,-339013761.0,-1.0184451813883086,0,0,-1,0,0,-0.015643802647412847,-1.0899434071326277,0.21397162549728138,0.26119846668821806,-0.0024271844660194164,-0.030660377358490587,1.5751548462890201,0.02068126520681264,0.0
2012-04-10,7.91,8.22,-0.0024479816386400017,-0.009685305734463655,-0.028698164086743475,0.7248446511265674,-0.03844242728852605,8.251,8.2875,8.420333333333334,1,10,4,8.224037587253669,8.443110050706233,34.41558441558442,-0.1573048638197463,-0.16253799032576974,8.532352264805247,8.042647735194752,0.017367609492868006,0.01771057099963593,0.016299173881615822,-349340561.0,-3.0834920011890183,0,0,-1,0,0,-0.00729927007299276,0.3564726127817514,0.33559033954514106,0.2811465986519357,-0.0423728813559322,-0.04468599033816412,0.1315964834320704,0.04045512010113784,0.0
2012-04-11,7.95,7.91,-0.018553407895747834,-0.024631787189665504,0.0,-0.6398243400146025,0.005044146886678003,8.223,8.2645,8.386999999999999,2,11,4,8.174212571389365,8.411296499047767,37.748344370860934,-0.16915988233570367,-0.16386236872775653,8.544761156407363,7.984238843592638,0.01732198811189627,0.017301660101353696,0.01601912807978759,-343894361.0,-2.2443352766508338,0,0,-1,0,0,0.012642225031605517,-1.0105339775925153,0.349428571378717,0.2746553393805028,-0.030487804878048697,-0.05469678953626633,-0.35005408079193845,0.01509433962264141,0.0
2012-04-12,8.14,7.95,-0.0037523496185503527,0.020975475986554994,0.01007565198874164,0.17769911149303394,0.023618251348208393,8.201,8.2625,8.359,3,12,4,8.167992103864025,8.3937934991092,48.407643312101946,-0.16136355915207012,-0.16336260681261924,8.545853972418826,7.979146027581173,0.018467267575259554,0.01724862315943843,0.016758427261748286,-337389061.0,-0.8646428984516297,0,0,-1,0,0,0.0037735849056604086,-0.6344014673275581,0.35937060522215447,0.27381340402885973,-0.02863961813842486,-0.004889975550122161,-0.23245376690476893,0.025798525798525682,0.0
2012-04-13,7.94,8.14,0.014925650216675574,-0.011049836186584935,-0.007547205635382966,0.4824559440689718,-0.024876904755404557,8.155,8.237,8.327666666666667,4,13,4,8.126538994070566,8.364516499166673,41.6184971098266,-0.16937084373295974,-0.16456425419668735,8.540391357475455,7.933608642524546,0.019484149612127313,0.016204768249739814,0.017154474642437252,-347927961.0,-1.9578672409877604,0,0,-1,0,0,-0.0049140049140050275,0.6983993117031123,0.38477501410382203,0.2572427210534818,-0.044524669073405576,-0.060355029585798636,0.2851543528224592,0.02267002518891684,0.0
2012-04-16,7.99,7.94,-0.016179568876269416,0.001233806448928344,-0.0012634240467719062,-0.3611350552746104,0.00627748451913903,8.13,8.221,8.295333333333334,0,16,4,8.101713722421373,8.340354144381726,39.15662650602413,-0.1697256012395485,-0.16559652360525962,8.541453625844863,7.900546374155138,0.01916381892227891,0.016001152831190205,0.01709288483615484,-340583561.0,-1.4417062649297756,0,0,-1,0,0,0.0037783375314860653,-0.25775116860091357,0.3981494414453749,0.2540104264899982,-0.027980535279805374,-0.038507821901323736,-0.3391692904369955,0.025031289111389146,0.0
2012-04-17,8.08,7.99,0.012468989479733749,-0.0012338064489284325,0.012562979300705398,-0.01992653889970679,0.011201112754820696,8.112,8.2045,8.273333333333333,1,17,4,8.097765772890213,8.323557102808712,45.39877300613497,-0.16088986308956166,-0.16465519150212002,8.517883907827992,7.891116092172006,0.019635214617214413,0.015966923095075723,0.01683286226851584,-333384061.0,-0.794552603947575,0,0,-1,0,0,0.010012515644555704,-0.35922993933069947,0.28293096494626757,0.2534670462747845,0.02149178255372952,-0.03923900118906065,-1.2164354081935005,0.01113861386138612,0.0
2012-04-18,7.89,8.08,-0.0012399257633204362,0.0,-0.020177229285950837,0.3852562589998452,-0.023795737675221158,8.081,8.1795,8.249666666666666,2,18,4,8.059990177819266,8.295585676821053,36.09467455621306,-0.16729046866333697,-0.16518224693436342,8.50988892552052,7.849111074479482,0.020757315486310005,0.01668514498538909,0.01709443257550891,-343967261.0,-1.7524800478339355,0,0,-1,0,0,-0.0024752475247524224,1.0725554877379218,0.34466083609836734,0.2648684653223758,-0.007547169811320864,-0.05959475566150185,-0.20353434860058742,0.031685678073510776,0.0
2012-04-19,8.23,7.89,0.0012399257633205734,0.024391453124159267,0.011399743464727288,0.32652993733304014,0.04218987983119564,8.065999999999999,8.175,8.241,3,19,4,8.0909010545794,8.291354342832598,45.728643216080414,-0.1432762369201317,-0.1608010449315171,8.499734709540402,7.8502652904596,0.024409910920789323,0.01952925279566108,0.018908459364102292,-329297361.0,0.33873804298802257,0,0,-1,0,0,0.022813688212927834,2.291100489064146,0.44537392949569804,0.31001727712939275,0.011056511056511065,-0.01081730769230771,0.5668074878115722,0.043742405832320815,0.0
2012-04-20,7.91,8.23,0.018416726786231068,-0.0012055456553487812,-0.007585371389256612,0.019568827973934746,-0.039658232909415926,8.026,8.161,8.221333333333334,4,20,4,8.058009953746781,8.266750836843398,42.325581395348856,-0.14835595578890093,-0.15831202710299386,8.506491259697928,7.815508740302072,0.027116176580237083,0.02111398174402341,0.02013412269217865,-344257161.0,-1.4530034723278136,0,0,-1,0,0,-0.0012150668286755512,2.027755188081984,0.507466905951122,0.3351740692862626,-0.0037783375314861534,-0.03418803418803407,0.18099247187345965,0.051833122629582715,0.0
2012-04-23,7.88,7.91,-0.047331374705772124,-0.04313669388815911,-0.015345569674660421,-0.341639375536725,-0.003799877909774786,7.992,8.1435,8.201333333333332,0,23,4,8.025644507611002,8.241799169950276,41.203703703703724,-0.1530382887397721,-0.15725727943034953,8.509144348342803,7.777855651657196,0.02702740319911927,0.021064432809715844,0.020136217872342106,-354887661.0,-1.4412912503324664,0,0,-1,0,0,-0.00884955752212393,0.4880384306345749,0.5041870897763104,0.334387504338826,-0.013767209011264159,-0.04252733900364525,0.49841728376939975,0.022842639593908705,0.0
2012-04-24,8.02,7.88,0.005089069507471228,0.019950786419348693,0.01534556967466032,-0.06992055275381988,0.01761051800863537,8.003,8.126999999999999,8.192666666666666,1,24,4,8.024618233499911,8.227489546082516,45.98214285714287,-0.1437946659663556,-0.15456475673755077,8.483066226840021,7.770933773159976,0.024924614735911767,0.0212076474783869,0.020040295861890958,-344975061.0,-0.6010117890123484,0,0,-1,0,0,0.0,0.28520546287727977,0.5172072055138406,0.3366609667232268,-0.007425742574257432,-0.03952095808383238,0.32981252645585474,0.02743142144638401,0.0
2012-04-25,7.98,8.02,0.02506396866321622,0.009828088936262693,0.006325131776968795,-0.39949061762931637,-0.0050000104167056405,8.006,8.1145,8.178333333333333,2,25,4,8.016505827409018,8.211522478593322,40.47619047619048,-0.1381047089106442,-0.15127274717216946,8.472886736128634,7.756113263871365,0.024974928568400816,0.021017844808927367,0.019805043165412053,-351623061.0,-0.7505858138216558,0,0,-1,0,0,0.0074812967581048,-0.893039788342885,0.48207719917065667,0.3336479427538301,0.011406844106463865,-0.03037667071688943,-0.03916649870163942,0.03132832080200501,0.0
2012-04-26,8.09,7.98,-0.0037197811025319006,-0.0049019706002066685,0.011285386231666387,0.290959637600414,0.013690319608682841,8.001000000000001,8.101,8.175333333333333,3,26,4,8.029868404243741,8.203682318684075,44.85981308411214,-0.12329799373695671,-0.1456777964851269,8.44028097345523,7.76171902654477,0.02411919435455448,0.0209362334156464,0.019377220496794238,-342729961.0,-0.06484301131287873,0,0,-1,0,0,0.00877192982456144,-0.09949255827443874,0.35539270418371227,0.3323524020492046,-0.017010935601458166,-0.03229665071770327,-1.1580660617320873,0.014833127317676267,0.0
2012-04-27,8.25,8.09,0.012345835822299362,0.018259789132754473,0.009925639799969998,0.1329464986198835,0.019584469276189394,8.032,8.0935,8.168666666666667,4,27,4,8.069892330744878,8.206670556188328,50.678733031674184,-0.09752865286028545,-0.13604796776015862,8.410875752732334,7.776124247267668,0.023232717755138865,0.021433047139961726,0.018735640326069298,-332572361.0,0.9862127062490988,0,0,-1,0,0,0.0074165636588381335,0.3268604755214459,0.1901628040790877,0.34023907542397747,0.04298356510745882,-0.017857142857142905,-0.47269816447135454,0.02303030303030297,0.0
2012-04-30,8.28,8.25,0.008552281815317158,0.0,0.00738010729762268,-0.49759995736031315,0.003629768050578731,8.061,8.0955,8.167666666666667,0,30,4,8.1080937251549,8.211401488047146,59.58549222797925,-0.07383439829468585,-0.12360525386706409,8.417237061656667,7.773762938343331,0.02321974249150388,0.021005957597588654,0.01850461387990802,-326396661.0,1.146899266438152,0,0,-1,0,0,-0.0036363636363635587,-1.02249956518026,0.1656134330721077,0.3334592391239243,0.050761421319796884,0.004854368932038833,-0.7929607617488913,0.015700483091787322,0.0
2012-05-01,8.28,8.28,0.0036429912785010087,0.007211569715560623,0.00793412767541981,0.1385989267018541,0.0,8.081,8.0965,8.163333333333334,1,1,5,8.139349411490372,8.215827198495717,58.73015873015871,-0.054429105990644544,-0.10977002429178018,8.420506172782806,7.772493827217195,0.023091057610981226,0.021000958149184804,0.01836568689900218,-326396661.0,1.1326944695155912,0,0,-1,0,0,-0.0036231884057970243,-0.6596627098575456,0.16106026447941849,0.3333798753409098,0.032418952618453734,0.002421307506053294,0.39283724091637584,0.015096618357487924,0.0
2012-05-02,8.17,8.28,-0.0036429912785009805,-0.0023980826840127437,-0.016549565581035274,0.026815881792611147,-0.013374059525256755,8.108999999999998,8.095,8.155999999999999,2,2,5,8.14492224576485,8.21287060504438,50.82872928176794,-0.04738018346194295,-0.09729205612581274,8.417261743898202,7.772738256101801,0.022002159710499056,0.02115813186408131,0.018514453620357214,-333683261.0,0.4654601510732911,0,0,-1,0,0,-0.007246376811594049,-0.5455919733296011,0.20337140290671615,0.3358749307144237,0.023809523809523725,-0.003658536585365746,-0.378089547732331,0.029375764993880074,0.0
2012-05-03,8.22,8.17,-0.004878058453432967,0.004790428322632518,0.003701423103186184,0.02290155713463569,0.006101300196177113,8.107999999999999,8.087,8.152666666666667,3,3,5,8.158572746534876,8.21333056600926,58.43373493975905,-0.03732897426182724,-0.08529943975301565,8.386620812995877,7.787379187004121,0.01724031721572396,0.020583177209385746,0.018497385142619747,-326227861.0,0.8877887932426806,0,0,-1,0,0,0.0012239902080783092,-0.4178551294290895,0.18875213375533842,0.32674780852564284,0.016069221260816002,-0.019093078758949944,-0.004062136110722518,0.03041362530413625,0.0
2012-05-04,8.1,8.22,0.009732436918231054,-0.008398369698831494,-0.006176671891729062,0.11157290341094214,-0.014706147389695562,8.126999999999999,8.0765,8.149666666666667,4,4,5,8.147923156255807,8.206018916589308,53.17919075144507,-0.03860134341544885,-0.07595982048550229,8.357346464894025,7.7956535351059735,0.012095530931905078,0.020751098074298518,0.018468867713176646,-334563261.0,0.16735122522455617,0,0,-1,0,0,0.0048661800486616965,-0.15483882270366153,0.15361544530962487,0.32941346961663126,-0.018181818181818188,-0.02527075812274382,-0.3983946445845911,0.028395061728395114,0.0
2012-05-07,8.26,8.1,-0.018326719405565225,0.006006024060211728,0.0037105793965355534,0.0028392603457739764,0.019560525854493572,8.165000000000001,8.0785,8.150666666666668,0,7,5,8.168300764209295,8.209501567131934,54.999999999999986,-0.02639477972195614,-0.06604681233279307,8.364177403636925,7.7928225963630755,0.013004590752409697,0.021117920914003944,0.018806521838777263,-326204161.0,1.2706640265512457,0,0,-1,0,0,0.0012345679012345416,-0.21914404831092354,0.22679430845493945,0.33523660167110564,-0.0024154589371979673,0.0048661800486617945,0.4952281359545078,0.03026634382566586,0.0
2012-05-08,8.27,8.26,0.014688146561657086,-0.006006024060211699,0.012270092591814401,-0.26145907439051586,0.0012099215027131511,8.190000000000001,8.0965,8.148000000000001,1,8,5,8.186791534353059,8.2134046918331,61.728395061728385,-0.015732716660423307,-0.055983993198319114,8.382839879019935,7.810160120980067,0.012198853045886974,0.019113757876799604,0.018613680352579386,-319768261.0,1.2118465691460336,0,0,-1,0,0,-0.0036319612590798257,-0.8753746156828345,0.2270921990140571,0.3034214997714822,-0.0012077294685990392,0.04551201011378003,0.40923073167039037,0.012091898428053376,0.0
2012-05-09,8.2,8.27,0.0012143292324017585,-0.002412546405384101,-0.01227009259181436,0.2126252442798828,-0.008500354765392605,8.212,8.109,8.147,2,9,5,8.189193073561594,8.212539873005158,48.88888888888885,-0.012784003815513145,-0.04734399532175792,8.39019294743213,7.82780705256787,0.012502046990499453,0.019253502900472504,0.018488916566008883,-327728961.0,0.6472424065469383,0,0,-1,0,0,-0.003627569528415884,-0.3565260309304996,0.21158890038019285,0.30563988324906616,0.003671970624234966,0.03144654088050314,0.4405499746621956,0.02195121951219509,0.0
2012-05-10,8.1,8.2,0.0024242436115062545,0.0018099552452396077,0.0,-0.3415878655241078,-0.01227009259181436,8.213,8.107,8.138333333333334,3,10,5,8.172976151095849,8.205279236037084,58.40707964601769,-0.018305280033141358,-0.04153625226403461,8.387833346350483,7.826166653649515,0.012662585991328213,0.018750719866077462,0.01837249533087377,-333386161.0,-0.049851629736758954,0,0,-1,0,0,0.0073170731707317685,-1.2319368709414196,0.22228112374683257,0.2976584500144759,-0.014598540145985495,-0.004914004914005066,1.3690989388056811,0.02407407407407411,0.0
2012-05-11,8.05,8.1,-0.019560525854493596,-0.017634996389636465,-0.00743497848751809,0.25273736288643084,-0.006191970247920995,8.193,8.1125,8.126666666666667,4,11,5,8.150616850896604,8.195261220808884,57.391304347826136,-0.026411063052272254,-0.03851121442168214,8.383705884118145,7.841294115881856,0.010712538125864991,0.017918847305765147,0.018364724587041355,-340670061.0,-0.46090445421732257,0,0,-1,0,0,0.0,-0.5362915191432941,0.20130477446813905,0.2844528825119661,-0.006172839506172756,0.01385390428211597,1.4970691253718469,0.013664596273292074,0.0
2012-05-14,8.08,8.05,-0.00992563979996993,-0.002457003693052103,-0.004987541511038939,0.17121057424526995,0.0037197811025318607,8.172999999999998,8.116999999999999,8.121333333333332,0,14,5,8.137777423460857,8.187825013014763,52.884615384615415,-0.030067604585184426,-0.0368224924543826,8.382575839106545,7.851424160893454,0.010718230739459232,0.017886837901512416,0.018072227745767073,-332025961.0,-0.2786398049195669,0,0,-1,0,0,-0.0037267080745343024,-0.02882328481352683,0.10588019094518429,0.2839447489723577,-0.021791767554479424,0.01126408010012514,0.21870588296605695,0.016089108910891187,0.0
2012-05-15,8.07,8.08,0.0037336695520490304,0.0024570036930520837,0.004987541511038968,-0.5336150882687384,-0.0012383902511465827,8.152,8.1165,8.115,1,15,5,8.125454255558882,8.180223399271876,54.45544554455446,-0.03338748636071287,-0.03613549123564866,8.382406592228982,7.850593407771019,0.01069467978355404,0.01771630073041354,0.018064176128131444,-337095561.0,-0.3497468762260482,0,0,-1,0,0,-0.0037128712871286338,-1.3401452065514057,0.09893637872345121,0.28123755530823713,-0.024183796856106277,-0.0012376237623762387,0.41466953452473665,0.013630731102850211,0.0
2012-05-16,8.21,8.07,0.00619197024792098,0.014616581782828523,0.003724399090982494,0.4998136596727271,0.01719944118247955,8.156,8.132499999999999,8.115333333333332,2,16,5,8.14082620909363,8.182144470286595,55.769230769230816,-0.02443995799269949,-0.033796384587058824,8.378809604063632,7.886190395936365,0.011614440912276917,0.017199912995794736,0.018309144311582974,-328738761.0,0.6292893068025095,0,0,-1,0,0,0.0037174721189590283,-0.05477332990102237,0.1779739396119533,0.2730401541529249,0.0012195121951221743,0.04055766793409399,0.8216118455473974,0.02436053593179041,0.0
2012-05-17,8.35,8.21,0.015921953010585476,0.013213405458391829,-0.002481390851385398,0.9023950926178824,0.016908615398427022,8.169,8.1385,8.114333333333333,3,17,5,8.178857807440242,8.192973859300363,54.901960784313715,-0.005983176986504191,-0.0282337430669479,8.400176779335608,7.876823220664393,0.01266417046208547,0.014746539430238192,0.018129451986509688,-308135061.0,1.6164980365242472,0,0,-1,0,0,0.0024360535931789978,3.355633454367594,0.16959796680182856,0.23409405618731027,0.030864197530864113,0.014580801944106936,0.14369245173736783,0.039520958083832346,0.0
2012-05-18,8.15,8.35,0.016867869812405265,-0.001194029992607912,0.009888832129247196,-0.28004119505877123,-0.02424361160999274,8.174,8.1505,8.109,4,18,5,8.173610933360198,8.190201352248726,44.537815126050454,-0.0074089676285282735,-0.024068787979263977,8.389046034399366,7.911953965600633,0.014243865850222356,0.012891777949813702,0.01859614886084903,-323706361.0,-0.004192062980697047,0,0,-1,0,0,0.0023952095808382726,1.8854180604808606,0.2688598158382026,0.2046506304760391,0.012422360248447228,0.03034134007585343,-1.0725079080258675,0.029447852760736002,0.0
2012-05-21,8.34,8.15,-0.022961733886728182,-0.0011954574047736343,0.003683245416296368,-0.1925682716260387,0.023045289117883918,8.181999999999999,8.1735,8.113,0,21,5,8.20386349093107,8.199865781135905,52.17391304347828,0.006715087767362959,-0.01791201282993859,8.389908483152325,7.957091516847677,0.014806137885730897,0.013697437402639095,0.01898168108956485,-310862561.0,1.538756684346836,0,0,-1,0,0,0.003680981595091946,1.0647191746769131,0.3072968141757017,0.2174400777975453,0.03217821782178221,0.058375634517766395,-1.2360838763697768,0.02398081534772174,0.0
2012-05-22,8.27,8.34,0.01937106575599979,-0.001196888233846064,0.00488998529419177,-0.23982095773530718,-0.008428707335055503,8.181999999999999,8.186,8.125,1,22,5,8.215888310761784,8.204390569449718,53.731343283582085,0.012120372333745522,-0.01190553579720177,8.393785314311296,7.978214685688703,0.015103969897341259,0.013452925526976993,0.01764572947352029,-320967661.0,0.8085268227777986,0,0,-1,0,0,0.0,0.31542452197618587,0.3224788586828215,0.21355857210392207,0.024783147459727317,0.03117206982543652,-0.8578991177015647,0.01813784764207985,0.0
2012-05-23,8.36,8.27,-0.012062872449274984,0.00239234563861968,-0.018462062839735217,0.17066568231381898,0.010823918061010294,8.198,8.205000000000002,8.138666666666667,2,23,5,8.242090436077822,8.214429887549736,55.07246376811591,0.0233966451725518,-0.004845099603251056,8.402723890421568,8.007276109578436,0.015123789938822666,0.013510485525366992,0.017716600129169383,-308982061.0,1.567842911339875,0,0,-1,0,0,-0.003627569528415884,0.7511631063128743,0.3099999120712015,0.21447230875115336,0.018270401948842663,0.04761904761904745,-0.7265429338903863,0.03827751196172231,0.0
2012-05-24,8.74,8.36,0.019231361927887592,0.05576357451845429,0.038981793070911853,0.23702354904780218,0.04445176257083401,8.262,8.2375,8.158666666666667,3,24,5,8.332619447700036,8.248337636740077,69.51219512195127,0.062278093747996977,0.008579539066998551,8.541014501519953,7.933985498480049,0.019461416803087116,0.016449444327934565,0.01903087043219647,-293790661.0,3.311209167822691,0,0,-1,0,0,0.004784688995215422,1.4435766154007104,0.42924634941673256,0.2611268333815012,0.04670658682634743,0.08034610630407912,0.132709482928052,0.05491990846681927,0.0
2012-05-25,8.76,8.74,0.044244701797757205,0.0,0.03751905477591671,-0.6005419449473388,0.002285715280855861,8.333,8.263,8.186,4,25,5,8.410325002663665,8.281348111789104,66.66666666666671,0.09362648686268571,0.025588928626135984,8.646177847949504,7.879822152050495,0.018963893493298578,0.01602590837811864,0.018330013639698335,-285457961.0,2.5940956799021144,0,0,-1,0,0,0.004576659038901504,-0.2811951897080643,0.3293668245897037,0.2544034086144504,0.07484662576687118,0.06181818181818177,0.7183093027627272,0.018264840182648418,0.0
2012-05-29,8.94,8.76,0.009070356969964279,0.01346821705086661,0.014848930741399442,-0.28453877851416864,0.020339684237122565,8.419,8.296000000000001,8.217666666666666,1,29,5,8.506629547633908,8.323841781996258,70.059880239521,0.13147919956664111,0.04676698281423701,8.784538098499516,7.807461901500488,0.019223100226912954,0.016493674332370704,0.018589349700286757,-279188761.0,2.636437166222929,0,0,-1,0,0,0.01141552511415521,-0.8084720952510805,0.3253772885947957,0.2618289629348531,0.07194244604316546,0.07971014492753636,0.8588074935935572,0.016778523489932928,0.0
2012-05-30,8.87,8.94,-0.001129305597151414,-0.0033500868852820854,-0.006825965070399871,0.352389311012119,-0.007860792863934658,8.498999999999999,8.3255,8.244,2,30,5,8.572696902609561,8.359077796061015,70.059880239521,0.15405349926841083,0.06822428610507178,8.87714729387844,7.773852706121558,0.01976917480141326,0.016684686581942307,0.018655917604795617,-288106461.0,1.974087450594775,0,0,-1,0,0,-0.010067114093959717,-0.15831884278847236,0.32293326495856856,0.26486118839325384,0.07255139056831927,0.07125603864734309,0.8922387800947986,0.020293122886133004,0.0
2012-05-31,9.03,8.87,0.005633817718256064,0.02157760064454737,0.009090971701252105,0.395944392168793,0.017877571107405874,8.581,8.3685,8.282,3,31,5,8.655842920316914,8.40236309954095,76.87861271676304,0.18274785374394753,0.09112899963284693,8.99772759667893,7.739272403321069,0.019800132952398995,0.016487398285865686,0.018133041247522477,-274856661.0,2.102577838262034,0,0,-1,0,0,0.0033821871476889674,0.8686871889799762,0.32220129410928944,0.2617293337852393,0.08014354066985652,0.10526315789473673,0.549657259739779,0.032668881506090805,0.0
2012-06-01,8.95,9.03,0.0,-0.0027404785581031555,0.0,0.11696256099347518,-0.008898835142130032,8.641,8.405,8.306000000000001,4,1,6,8.709326025713839,8.437694512473794,75.56818181818181,0.19676482259237105,0.11225616422475176,9.080916531752269,7.72908346824773,0.020422590954760827,0.01677841994639679,0.016765991123157,-289750461.0,1.6126251523605233,0,0,-1,0,0,-0.014396456256921264,1.1585379393979767,0.22105604304811619,0.2663491594246295,0.024027459954233388,0.08880778588807758,0.24075202970722714,0.030167597765363083,0.0
2012-06-04,8.6,8.95,-0.005633817718256131,-0.01771917898510291,-0.027524673390090033,-0.10323809727245407,-0.03989132902730197,8.686,8.43,8.329,0,4,6,8.689448566493141,8.448165834249679,62.5,0.17758421616201936,0.12532177461220528,9.095321449812209,7.76467855018779,0.02334056043868531,0.018988066828698413,0.016785295740455536,-303183361.0,0.5110311716178199,0,0,-1,0,0,-0.01117318435754186,0.7281776868866372,0.3853825309553378,0.30142621623966537,-0.0182648401826484,0.06172839506172845,-0.6374455386882155,0.04069767441860461,0.0
2012-06-05,8.66,8.6,-0.02865525576037606,-0.027181741422352433,-0.0023282897595910735,-0.4244677071140007,0.0069525193148818835,8.718,8.45,8.355,1,5,6,8.684094281676206,8.461832554620669,63.84976525821597,0.16531924854665014,0.13332126939909428,9.117848076011937,7.782151923988062,0.022523064253830674,0.018611999718626444,0.016751744567610236,-294396661.0,0.6288855431133932,0,0,-1,0,0,0.0,-0.41547003734101134,0.3417314659251536,0.29545633594253823,-0.031319910514541305,0.04842615012106544,-0.8090646695303078,0.015011547344110945,0.0
2012-06-06,8.8,8.66,0.017291497110061043,0.02606379832101117,0.018476276167573212,0.1295258622102814,0.016036998909817104,8.771,8.4765,8.381,2,6,6,8.705168048644168,8.483649809161271,63.84976525821597,0.16499405456256788,0.139655826431789,9.15622982248847,7.7967701775115295,0.022359944990048942,0.01885499410462531,0.016706534521338846,-284394861.0,0.9518487766674041,0,0,-1,0,0,0.010392609699769037,-0.16547301201431738,0.37515419723543686,0.29931375223456524,-0.007891770011273835,0.06408706166868217,-1.2930697740618793,0.022727272727272645,0.0
2012-06-07,8.86,8.8,0.018120541113194836,0.0232182901020073,0.012507269352393961,-0.04700957115874164,0.006795043132828586,8.821000000000002,8.5095,8.410333333333334,3,7,6,8.733319312527046,8.507930466634738,62.4390243902439,0.16764532361136197,0.1452537258677036,9.196751581914043,7.822248418085955,0.022307415721146882,0.018662714006185514,0.01664514742097866,-274852361.0,1.0200049275225622,0,0,-1,0,0,0.012499999999999935,-0.3044140057115555,0.3459276285963908,0.29626140029933296,-0.01882613510520481,0.08048780487804885,-1.4038962421747188,0.03386004514672694,0.0
2012-06-08,9.06,8.86,-0.00788736483316595,-0.006578971098042511,-0.0011305823702860267,0.04878766906295958,0.022322355437898487,8.852999999999998,8.557500000000001,8.442666666666666,4,8,6,8.792715801158492,8.54354785588411,72.1951219512195,0.18376645664262448,0.1529562720226878,9.258292784150228,7.856707215849774,0.018697926852338793,0.01868981253907938,0.016905404372401536,-264832761.0,1.4340901087026034,0,0,-1,0,0,-0.0022573363431150763,-0.2498835125803207,0.3855327798323646,0.29669157617292413,0.012290502793296243,0.11851851851851869,-1.8187358806347367,0.02759381898454746,0.0
2012-06-11,8.98,9.06,0.030085834622314782,0.005485477276671278,0.012366655637211892,-0.250765654775887,-0.008869237740779773,8.875,8.604,8.467,0,11,6,8.82676747367513,8.571706058730298,66.49484536082474,0.1879210029589391,0.15994921820993807,9.286176084693343,7.921823915306655,0.019121028976148723,0.018788450368208854,0.01678648036831657,-272630061.0,1.1023546806658375,0,0,-1,0,0,0.005518763796909375,-0.8560189212385598,0.18816812465064459,0.29825740316736343,0.04418604651162794,0.11552795031055907,-0.5957628664377744,0.02115812917594669,0.0
2012-06-12,8.99,8.98,-0.002197803082479427,0.0010934938213712896,0.002232143783940856,0.22417670857290106,0.0011129661694206506,8.88,8.6495,8.490666666666666,1,12,6,8.856446114825106,8.598692764618667,69.14893617021278,0.18983216029555017,0.1659258066270605,9.305403555170592,7.993596444829407,0.01805780946099348,0.01881159263968462,0.01678932548966482,-262873361.0,1.038262400975828,0,0,-1,0,0,0.012249443207126886,-0.3467698931942094,0.1960691626520672,0.2986247753379515,0.038106235565819935,0.11262376237623761,-0.1470274420867549,0.020022246941045575,0.0
2012-06-13,9.19,8.99,-0.012175025875279192,0.010869672236903891,-0.0011154490838656095,-0.05122478780671142,0.022003087884066644,8.912,8.705499999999999,8.520999999999999,2,13,6,8.917092275765995,8.636841618514238,70.85427135678393,0.20512059227955604,0.17376476375755961,9.344099619233685,8.066900380766313,0.01896031392299127,0.01909846430450114,0.01714518153972686,-253603861.0,1.5173826773695764,0,0,-1,0,0,-0.0011123470522802878,-0.5739734394534233,0.21655045609480178,0.30317872183772504,0.0443181818181817,0.1387856257744733,-0.14156208830065162,0.031556039173014055,0.0
2012-06-14,9.2,9.19,0.024203601740886184,0.016086137751624444,0.019890158479219412,0.25772710781710517,0.001087547687398919,8.928999999999998,8.754999999999999,8.555333333333333,3,14,6,8.96853004380854,8.673174417319771,64.19753086419752,0.2155588726968869,0.18212358554542507,9.385304855230784,8.124695144769214,0.018282998185429892,0.01896661894068487,0.016854757292922594,-241609261.0,1.4120151425362732,0,0,-1,0,0,0.0010881392818280508,0.16759665298253731,0.22353632975252855,0.301085741572677,0.038374717832957206,0.12058465286236286,0.21245007473483288,0.02826086956521737,0.0
2012-06-15,8.93,9.2,0.0054200674693393345,-0.015005640617870275,-0.031113620849069157,0.29254118972062654,-0.029787089166586945,8.927,8.783999999999999,8.579,4,15,6,8.961524581297896,8.689743809750754,54.54545454545455,0.19974203971677085,0.18564727637969422,9.388697401490692,8.179302598509306,0.020634287022109607,0.020317739239495224,0.017918720208488774,-257679961.0,0.48288614980015826,0,0,-1,0,0,0.00543478260869573,1.7142935142896372,0.29686991435023036,0.3225341113845778,-0.014348785871964753,0.06946107784431144,-0.21184260365369342,0.04479283314669657,0.0
2012-06-18,9.03,8.93,-0.03632760493241578,-0.021834928603199955,-0.00679504313282869,-0.6221356932834814,0.011135972540486412,8.97,8.828,8.610000000000001,0,18,6,8.97397465742555,8.711695822024899,52.51396648044692,0.19305087952190192,0.18712799700813576,9.362439204361973,8.293560795638026,0.015556515429769368,0.019307875891243543,0.017666217704325776,-249053261.0,0.7559325676384555,0,0,-1,0,0,-0.0011198208286673894,-0.8254006935797311,0.30495066676670074,0.30650302771878,0.0055679287305121505,0.10797546012269921,-1.0843286632108804,0.028792912513842726,0.0
2012-06-19,9.23,9.03,0.015573173462970106,0.019672765598704713,0.022472855852058576,-0.2708424972914076,0.021906681085866807,9.027000000000001,8.8725,8.642333333333333,1,19,6,9.020524719711814,8.7451348012491,59.37500000000003,0.2015629234772387,0.19001498230195635,9.38355154750933,8.361448452490672,0.016482912519491542,0.01925242775866636,0.0177461292395074,-242473361.0,1.399076088282365,0,0,-1,0,0,0.003322259136212751,-1.4063155881921596,0.33898009243822186,0.3056228159020071,0.026696329254727535,0.10671462829736211,-1.4004233913106532,0.02600216684723729,0.0
2012-06-20,9.31,9.23,0.02075443146944586,0.010764366587158484,0.013245226750020505,0.48628026700873217,0.00863004277421497,9.078,8.9245,8.677,2,20,6,9.07315658885512,8.781577717297546,57.60869565217395,0.21231665679293243,0.19447531720015157,9.386735984389247,8.462264015610753,0.016162637680226587,0.018991896873443603,0.017759955509220056,-231772761.0,1.6679791838766596,0,0,-1,0,0,0.0021668472372697264,0.046042859296380995,0.30901490379450247,0.3014870163151015,0.01305767138193703,0.12575574365175335,-1.4103881456368967,0.02363050483351242,0.0
2012-06-21,9.21,9.31,0.008611463334918544,0.0021390382487494423,0.004376374599799003,0.13274958886184346,-0.01079924102176016,9.113,8.966999999999999,8.710666666666667,3,21,6,9.09803720906328,8.809217864568673,56.989247311828,0.21034517541015063,0.1976492888421514,9.362133555037934,8.571866444962064,0.016969517474881353,0.019318699289899825,0.017820298741374,-243992461.0,1.2299638788038285,0,0,-1,0,0,0.0021482277121374405,0.5801369524207008,0.3240695026586162,0.3066748438458902,0.0010869565217392907,0.10167464114832558,-0.7601789861979308,0.021715526601520006,0.0
2012-06-22,9.21,9.21,-0.004296462033505451,0.001067805760830137,0.002181025946360146,-0.10302911743918242,0.0,9.128,8.9905,8.747666666666667,4,22,6,9.118394080142682,8.835074776531984,70.1986754966888,0.20640347147309868,0.1994001253683409,9.384693380276424,8.596306619723578,0.01567830623838345,0.01682563222059521,0.0175747557693524,-243992461.0,1.11366659605536,0,0,-1,0,0,0.00868621064060785,0.248758549917332,0.19617203044229561,0.26709863104278236,0.03135498320268759,0.053775743707093815,-0.22169333860412688,0.020629750271444026,0.0
2012-06-25,8.76,9.21,-0.020664139302942794,-0.023759216962900766,-0.04683129968409897,0.008760973313763087,-0.05009394531891555,9.106,8.9905,8.771333333333333,0,25,6,9.05323152011674,8.830231242562178,52.63157894736841,0.16506562968226746,0.19253322623112623,9.384693380276424,8.596306619723578,0.02236520723873101,0.020406791941365347,0.020021316525564492,-255112861.0,-1.1694767671560893,0,0,-1,0,0,-0.011943539630836178,0.23619545004819686,0.42762736970291415,0.32394777920093815,-0.029900332225913595,0.0,-1.1783234358909331,0.044520547945205546,0.0
2012-06-26,8.87,8.76,-0.03352269203864345,-0.02321829010200722,-0.005724114083888517,0.1072283073154822,0.012478891373188064,9.094,8.986999999999998,8.797666666666666,1,26,6,9.019916698277331,8.83279696884849,51.871657754010656,0.139572270675977,0.1819410351200964,9.384312021094736,8.58968797890526,0.02284399131684145,0.020062768684983256,0.020096887085657492,-242733761.0,-0.5889577651218407,0,0,-1,0,0,0.004566210045662206,0.6513772980126792,0.3921450354534565,0.3184865793112804,-0.03900325027085605,-0.007829977628635354,-1.5696020249378944,0.02593010146561428,0.0
2012-06-27,9.14,8.87,0.01578386770126195,0.028667894869571848,0.01763914866175961,-0.16303558818681643,0.029985589144570602,9.089,9.0005,8.833333333333334,2,27,6,9.041750025863271,8.852616519245363,56.73076923076926,0.1395467356063662,0.17346217521735038,9.399418274180068,8.601581725819933,0.023897144015258494,0.021095091244185984,0.020673575348543045,-232216961.0,0.6993913742694651,0,0,-1,0,0,0.00789177001127399,-0.16239122513145315,0.4717012742543076,0.3348741918979934,-0.018259935553168627,0.030439684329199634,-0.8310541157102064,0.036652078774616965,0.0
2012-06-28,9.21,9.14,0.02212479628063598,0.0010863662122210114,0.007305455362236403,-0.3615306642500627,0.007629464801156942,9.09,9.0095,8.866666666666667,3,28,6,9.072340930251766,8.875673518003726,53.846153846153854,0.14352049889249585,0.16747383995237947,9.419196935488275,8.599803064511724,0.024029057047106218,0.020797938796480134,0.02053902235725261,-224890861.0,0.9787722710742084,0,0,-1,0,0,0.0,-1.3569312038508186,0.471552910096955,0.3301570430293706,0.0,0.019933554817275878,-1.4276811082780665,0.030401737242128243,0.0
2012-06-29,9.22,9.21,0.021645866774692508,0.022545238321056007,0.027610809743991407,0.5914215214019526,0.0010851873012869833,9.119,9.023,8.895666666666667,4,29,6,9.099188033842353,8.897888129745423,56.38297872340426,0.14579600575322438,0.16313827311254847,9.442126912070991,8.603873087929008,0.02165686500062211,0.020663340634772157,0.020396683795768616,-211655861.0,0.9400493947123721,0,0,-1,0,0,0.014115092290987947,1.188317901472977,0.4715638209392305,0.328020363452536,0.0010857763300760048,0.030167597765363263,-1.464127065221407,0.026030368763557504,0.0
2012-07-02,9.31,9.22,-0.00429185208154092,-0.007458745287676058,-0.012054940505353743,-0.11716648983236216,0.00971405372047329,9.147,9.058499999999999,8.934333333333335,0,2,7,9.137517482234651,8.924475992342494,58.163265306122454,0.15309680451016838,0.16112997939207246,9.44584045951856,8.671159540481437,0.021604195222407536,0.01834416392312129,0.019749854319231232,-199884161.0,1.298599171966695,0,0,-1,0,0,0.008676789587852502,0.6061665964828573,0.17441378012958011,0.2912045744998915,0.06278538812785395,0.08255813953488378,1.3953201035361005,0.03007518796992474,0.0
2012-07-03,9.28,9.31,-0.0032310205814466432,-0.005361943141385287,0.01096502214132824,-0.8561804366124314,-0.0032275444908665993,9.152000000000001,9.0895,8.965666666666666,1,3,7,9.163423394555624,8.94741302509459,52.51396648044692,0.1546789482142099,0.15983977315649997,9.440046941073277,8.738953058926722,0.020607841675843185,0.018402708383113926,0.019476831179313082,-204884561.0,1.0868729843526335,0,0,-1,0,0,-0.004296455424275072,-2.1034068007139806,0.20605621718644382,0.29213393899057805,0.04622322435174753,0.07159353348729791,1.3791498094385477,0.014008620689655258,0.0
2012-07-05,9.15,9.28,-0.0032414939241709557,-0.0032310205814466432,-0.012068166213485476,0.35005561221869197,-0.014107667510679113,9.136000000000001,9.107,8.995000000000001,3,5,7,9.160982777363692,8.960483152507843,48.69109947643982,0.1437854260653637,0.15662890373827273,9.43060469712458,8.78339530287542,0.02088370972749976,0.018556789351368203,0.019623989445437477,-211980861.0,0.26575634026379513,0,0,-1,0,0,-0.004310344827586115,-1.159568689686535,0.1508951764033645,0.29457989853319116,0.001094091903719896,0.03977272727272729,-0.8142805490337113,0.022950819672131046,0.0
2012-07-06,9.27,9.15,-0.01967276559870478,0.002155173247983412,0.0,-0.25618999617633464,0.013029500290333678,9.142,9.127500000000001,9.025333333333332,4,6,7,9.180804090570293,8.980451981378305,59.6590909090909,0.14318468448361443,0.15394005988734108,9.436854165966915,8.818145834033087,0.02107662729153204,0.01869364794390677,0.019656899526832482,-206488361.0,0.9212741619599765,0,0,-1,0,0,-0.009836065573770475,-1.5801862050259166,0.17134620724267324,0.2967524613370274,0.006514657980455807,0.046275395033860134,-0.4935936175818192,0.024811218985976123,0.0
2012-07-09,9.24,9.27,0.018589928459872812,0.004296462033505332,0.008791265411170724,0.21131602950807796,-0.0032414939241709557,9.145,9.136500000000002,9.042,0,9,7,9.191566983193875,8.99719701483777,56.21301775147931,0.13868912131291466,0.1508898721724558,9.44805129678337,8.824948703216632,0.021115983003584898,0.018111865292565317,0.018027772853259405,-213273261.0,0.6644170707590752,0,0,-1,0,0,-0.004314994606256651,-1.0274520126628366,0.17447866329762318,0.2875169480617797,0.002169197396963085,0.01986754966887405,-0.10343202059944576,0.02056277056277051,0.0
2012-07-10,9.63,9.24,0.02143704813060526,0.04608145119543882,0.031235711179307454,0.9432006629644957,0.041341340156441544,9.232000000000001,9.169,9.071,1,10,7,9.271282077158626,9.038023013880494,60.63829787234044,0.1646975647397131,0.15365141068590726,9.54146829607367,8.79653170392633,0.016604822228748126,0.02011741866809324,0.019464637081307502,-195848361.0,2.47537846769552,0,0,-1,0,0,0.02056277056277051,2.1795262961248496,0.34848195044090197,0.31935412089805776,0.03437164339419985,0.07238307349665929,1.2850260518232806,0.03530633437175491,0.0
2012-07-11,9.56,9.63,0.023061818705528394,-0.011322817830264663,0.011597388814829013,-0.7071967142494935,-0.007295498746724346,9.300999999999998,9.197500000000002,9.091666666666667,2,11,7,9.323776244947965,9.07169894846885,56.68449197860962,0.17761360942179394,0.15844385043308462,9.59843968571347,8.796560314286532,0.017382655258411647,0.020260809424774782,0.019278578723065327,-204439261.0,1.808252028506146,0,0,-1,0,0,0.002076843198338481,-0.4723057759682444,0.3570186472595528,0.32163037859296617,0.030172413793103647,0.06340378197997776,1.3080877851773764,0.01255230125523023,0.0
2012-07-12,9.31,9.56,-0.01988553228710756,-0.013548930558315929,-0.02440439417121926,0.03722241948496687,-0.02649863577433416,9.318,9.203500000000002,9.106333333333334,3,12,7,9.321271473139243,9.087073209857957,52.47524752475246,0.16576591098841753,0.15990826254415122,9.607546636183987,8.799453363816017,0.01832617290378484,0.02075961633958804,0.01989473497758674,-213355961.0,0.5271668686854426,0,0,-1,0,0,-0.010460251046025068,-0.36835334792869573,0.40712553616805713,0.3295486928859777,0.017486338797814138,0.01305767138193703,0.7266972045715834,0.023630504833512228,0.0
2012-07-13,9.44,9.31,-0.00955928681345631,-0.0010498688628368148,0.00428725201161977,-0.1716238815287033,0.013866888868433437,9.341,9.2155,9.120000000000001,4,13,7,9.342858478023016,9.109842680189702,55.348837209302296,0.16496482633561982,0.16091957530244497,9.63313620532835,8.79786379467165,0.018648326458444782,0.020965851664402912,0.01979375520703279,-205845461.0,1.075098361376474,0,0,-1,0,0,0.006444683136412322,-0.7189813144876687,0.40840023287381955,0.3328225771720784,0.01833872707659112,0.026086956521739202,0.6929178992422076,0.01800847457627118,0.0
2012-07-16,9.42,9.44,0.011671220016599839,0.0010498688628367949,0.0010689471889049637,0.13734211075637587,-0.0021208915691376244,9.361,9.24,9.135666666666667,0,16,7,9.356884209291557,9.129852829854883,69.18604651162792,0.16086181327333549,0.1609080228966231,9.64439688686527,8.83560311313473,0.018705152383571566,0.0197034550834393,0.019708161222831276,-214461661.0,0.8902145681451276,0,0,-1,0,0,0.004237288135593318,-0.3071451974894539,0.40724483513007037,0.3127826527170708,0.01948051948051943,0.054871220604703286,0.658858179382454,0.01804670912951167,0.0
2012-07-17,9.39,9.42,-0.0021119332031435015,-0.0031529190596155305,0.0,0.06605920688429773,-0.003189795368100038,9.369,9.258000000000001,9.162,1,17,7,9.362905262147638,9.146636518251343,65.85365853658541,0.15342085644934222,0.15941058960716692,9.65502048203959,8.860979517960411,0.01857926815607269,0.019645490294765165,0.01816165563886653,-223666261.0,0.6649530992551509,0,0,-1,0,0,0.004246284501061669,-0.12271021458563379,0.22780011046852053,0.31186249022328977,-0.024922118380062308,0.039867109634551534,-0.38674918008371995,0.01490947816826417,0.0
2012-07-18,9.42,9.39,-0.011696039763191411,0.007341406858367855,-0.0010689471889050444,0.01420666904742633,0.003189795368100081,9.383,9.2675,9.187333333333333,2,18,7,9.37328612357534,9.164272871912548,60.0,0.14823582353653464,0.15717563639304047,9.670743429157806,8.864256570842194,0.018527610236402252,0.019078509009916752,0.018146894140886043,-214329961.0,0.7563669435035995,0,0,-1,0,0,-0.004259850905218416,-0.12821485599685287,0.23314452720148585,0.3028619413568691,-0.014644351464435212,0.020585048754062862,-1.0065015967979527,0.02335456475583871,0.0
2012-07-19,9.15,9.42,0.04700604237593079,0.025787916901511724,-0.02930215068739364,0.520183711459465,-0.029081209300841737,9.383,9.2595,9.199000000000002,3,19,7,9.33268864656164,9.163352041466577,48.12499999999998,0.1209457171400441,0.1499296525424412,9.66553214806738,8.853467851932619,0.02038972110299804,0.02010708598829869,0.018854497110027412,-230036761.0,-0.5393661586709013,0,0,-1,0,0,0.04033970276008501,1.7790374658729469,0.24908990701310127,0.3191900946913783,-0.017185821697099923,-0.017185821697099923,-1.1553091775307642,0.08087431693989074,0.0
2012-07-20,8.86,9.15,-0.06535518104412724,-0.05979757084204067,-0.02905232259450199,-0.22391102939038598,-0.0322071146704405,9.342,9.242,9.199000000000002,4,20,7,9.246745256277705,9.143780942017122,40.42553191489357,0.0750523777451857,0.1349541975829901,9.685460079495687,8.798539920504314,0.022085840231666536,0.02117665697054826,0.019767048504496593,-242592561.0,-1.7228157286871064,0,0,-1,0,0,0.003278688524590094,0.7945036542538108,0.2596961576372023,0.3361690076627589,-0.06144067796610175,-0.03800217155266028,-0.5255716803844637,0.04853273137697514,0.0
2012-07-23,8.71,8.86,-0.051407966711510725,-0.05385703315113591,-0.02409755157906064,-0.4375411730693714,-0.017074973752578007,9.289,9.217,9.187333333333333,0,23,7,9.149155209681759,9.115795074790212,34.53608247422679,0.02627494798858443,0.11321834766410897,9.720382244632834,8.713617755367167,0.02243467427912854,0.021440961002761803,0.01953899481467577,-250698861.0,-2.014373790119697,0,0,-1,0,0,-0.015801354401805735,-0.5305421622338371,0.24318257426130102,0.3403647041012508,-0.07537154989384276,-0.05428881650380024,0.2023118979941382,0.017795637198622403,0.0
2012-07-24,8.66,8.71,0.0034344624486346968,0.0017098892738274267,-0.016393809775676272,0.2941100566810711,-0.005757068290067751,9.192,9.212,9.176666666666668,1,24,7,9.06021789883053,9.086388940932778,34.18367346938774,-0.016229020601214117,0.08732887401104436,9.736057047920117,8.687942952079883,0.01493762569925133,0.018508474358176364,0.019505107224176324,-261576961.0,-2.1066408788538697,0,0,-1,0,0,0.004592422502870165,0.32449763633473905,0.235617216587912,0.29381292179370283,-0.07774227902023434,-0.011415525114155223,0.2761159583323925,0.03579676674364881,0.0
2012-07-25,8.47,8.66,-0.013809195274186448,-0.0068571697261369125,-0.0023640672948807293,-0.21774360878597157,-0.02218421391038073,9.083000000000002,9.192,9.159333333333334,2,25,7,8.952905553588614,9.046621912485502,33.16831683168314,-0.06450159974591507,0.05696277925965247,9.795519502149476,8.588480497850524,0.01530541489969796,0.01884072354310387,0.019868723964275796,-270326561.0,-2.392631878269211,0,0,-1,0,0,-0.003464203233256277,-0.27824017324741446,0.16331728500191373,0.2990872140934354,-0.10084925690021229,-0.04509582863585104,0.7417571813760451,0.03187721369539567,0.0
2012-07-26,8.68,8.47,-0.004645769099172681,-0.003446298643587709,0.0070755012162002804,-0.06558139810858224,0.024491020008295696,9.02,9.169,9.142333333333333,3,26,7,8.903286362027048,9.022968885873535,36.01895734597154,-0.08483479879380518,0.028603263648960944,9.814466783360789,8.523533216639212,0.01824150179925837,0.018363151193803842,0.019980091718301472,-262132361.0,-1.515182539537964,0,0,-1,0,0,0.014167650531286801,-0.4142295474510284,0.3450180274524586,0.2915059880777029,-0.051366120218579336,-0.0503282275711161,1.285156138602905,0.02073732718894006,0.0
2012-07-27,8.9,8.68,0.01387305486824747,0.02612300731461742,0.020930996692017964,0.14551508386684725,0.025029748065835515,8.966,9.153500000000001,9.132333333333332,4,27,7,8.902688841658494,9.015035409365566,42.60869565217391,-0.0822487319647287,0.006432864526223013,9.809621779454668,8.497378220545334,0.019957622229926635,0.019277160743143246,0.02057900058092246,-252654661.0,-0.7727224059249985,0,0,-1,0,0,0.003456221198156813,-0.04881269151955944,0.35954452271016574,0.3060154398586446,0.004514672686230403,-0.03365906623235615,0.3265850393375261,0.02584269662921353,0.0
2012-07-30,9.15,8.9,0.018203005457076562,0.03307909097658444,0.018244519742537494,0.40239707538762437,0.02770260254933575,8.939000000000002,9.150000000000002,9.139666666666667,0,30,7,8.947654506811494,9.023742802309723,38.888888888888864,-0.059342283799898254,-0.006722165139001241,9.805374541369103,8.494625458630901,0.022661888235829483,0.020384264970044426,0.02051274697096384,-238481661.0,-5.420890581710353e-15,0,0,-1,0,0,-0.00337078651685406,1.3898797553605275,0.35932547460276604,0.3235901746174983,0.05051664753157281,-0.007592190889370909,-0.8761692639242885,0.040437158469945465,0.0
2012-07-31,9.19,9.15,0.026697914950378855,0.0032485139558313084,0.02455480510720721,-0.504752706875602,0.004362057080165607,8.919,9.144000000000002,9.145000000000001,1,31,7,8.991717323754859,9.034469073128452,41.31455399061029,-0.03752848784398033,-0.012883429679997059,9.795392031689403,8.492607968310601,0.022768647795248797,0.0202812252519309,0.020433605405615566,-229926061.0,0.1412359923430305,0,0,-1,0,0,-0.0043715846994536525,-0.3006065281898579,0.3377473465019475,0.3219544698017548,0.06120092378752884,-0.012889366272824998,-1.3680278095344747,0.019586507072905303,0.0
2012-08-01,9.18,9.19,0.00874322509572871,-0.002164503009573014,-0.002207506415210458,0.21897385284626777,-0.0010887317351965606,8.895,9.139,9.143333333333334,2,1,8,9.02595053761761,9.043858165184682,46.560846560846535,-0.02080795268941138,-0.014468334281879925,9.78752545297696,8.49047454702304,0.022701986592160887,0.020271503991208913,0.02003246739442526,-240576061.0,0.12644068112298726,0,0,-1,0,0,0.0,0.2803376369963965,0.215565767303238,0.3218001495719524,0.08382526564344728,-0.010775862068965525,-0.6603259711229079,0.01960784313725487,0.0
2012-08-02,8.94,9.18,-0.014246816312707614,-0.0097986630487021,-0.01783770818602152,0.06334062084282659,-0.02649161544697634,8.873999999999999,9.128499999999999,9.131,3,2,8,9.010323167141681,9.037157638398574,37.49999999999998,-0.026615989788375316,-0.016897865383179004,9.783047654170439,8.47395234582956,0.02238939615121989,0.02087457942556903,0.020516278712856505,-251922461.0,-0.5759702866520857,0,0,-1,0,0,-0.013071895424836517,0.447681023813329,0.3503438443099563,0.33137367529872713,0.02995391705069128,-0.022950819672131195,-0.628924717491127,0.027964205816554812,0.0
2012-08-03,9.13,8.94,-0.004424785980355807,0.015201161332050338,0.010072832788294944,-0.40650562669770046,0.021030105421454424,8.901,9.121500000000001,9.128333333333334,4,3,8,9.032082591297739,9.043147468179312,43.31797235023043,-0.01570643492530266,-0.016659579291603735,9.772661714897652,8.47033828510235,0.020816926597812674,0.021239376406918822,0.020829511336994774,-244366061.0,0.026107185989384402,0,0,-1,0,0,0.008948545861297548,-0.8999090547205485,0.33714675166194896,0.33716464784879885,0.02584269662921357,-0.015102481121898492,-0.6713253873724226,0.03285870755750262,0.0
2012-08-06,9.26,9.13,0.01430954521289765,0.0,0.0187539969733216,-0.3479373184925307,0.014138354051210911,8.956,9.122499999999999,9.13,0,6,8,9.073522120152695,9.057137954103228,47.13656387665196,0.0033902982001858817,-0.012649603793245813,9.774488860092939,8.470511139907059,0.019775179777017492,0.021480991420187383,0.020992989022940844,-239030161.0,0.42178634763913214,0,0,-1,0,0,0.002190580503833469,-1.595575262985974,0.2890628728214211,0.34100016727756793,0.012021857923497192,0.0021645021645020357,-1.0650334473156389,0.014038876889848706,0.0
2012-08-07,9.09,9.26,0.015184673538317088,0.007514796502486364,-0.009884759232541973,0.7388367111698716,-0.01852914046870049,8.998999999999999,9.0955,9.140999999999998,1,7,8,9.07651809830675,9.059258086096568,43.15352697095435,0.004752236709325786,-0.009169235692731493,9.702146519812885,8.488853480187114,0.02099502694160803,0.0194380792820993,0.01918615229073989,-250200861.0,-0.01813247029487959,0,0,-1,0,0,0.0032397408207342723,0.5973189510103882,0.32297348657570346,0.30856994247115005,-0.01088139281828071,-0.056074766355140304,-0.07410354541536936,0.03190319031903181,0.0
2012-08-08,9.1,9.09,-0.029494218751214798,-0.01508649303338008,-0.012215587768124134,-0.603383872540443,0.0010995053334168679,9.062,9.0725,9.148666666666665,2,8,8,9.08078753497825,9.061886596670984,48.83720930232557,0.006562846803847222,-0.006022819193415751,9.638515621879481,8.506484378120518,0.01885882036803055,0.019424656164330572,0.019070314031119834,-244090961.0,0.09717046292356664,0,0,-1,0,0,-0.007700770077007732,-1.381445194509625,0.3237438511052662,0.30835685708253896,-0.008714596949891074,-0.04811715481171552,-0.17944331023530907,0.028571428571428744,0.0
2012-08-09,9.04,9.1,0.005527930052513011,-0.0076294648011568395,0.007790801787768223,0.061491690442793394,-0.006615239118719317,9.098,9.059,9.145333333333333,3,9,8,9.073371619527657,9.060474558176082,54.6875,0.0031203009029283635,-0.004194195174146929,9.61393574782277,8.504064252177228,0.01823661781206159,0.018636158133669013,0.01828324064584882,-250588361.0,-0.0684763959595124,0,0,-1,0,0,-0.0032967032967032264,-1.1396990468405717,0.25213074444976824,0.29583983889217097,0.01118568232662187,-0.029001074113856218,-0.11403951851676936,0.013274336283185952,0.0
2012-08-10,9.07,9.04,-0.007747686790825938,-0.007688121339013401,-0.011148387482614187,-0.44200035472642724,0.0033130897229601943,9.114999999999998,9.0405,9.140666666666668,4,10,8,9.072758597795355,9.061089102809884,59.999999999999986,0.0027807529645702544,-0.0027992055464034927,9.565835982717669,8.51516401728233,0.016664117574287145,0.018326573921101458,0.018235979187395192,-246412161.0,0.11230907826793472,0,0,-1,0,0,-0.004424778761061853,-1.8041398438232614,0.19239460126174346,0.2909253418744579,-0.0065717415115006395,-0.03919491525423724,-0.309055789496832,0.016538037486218342,0.0
2012-08-13,9.12,9.07,0.0033277900926745245,0.005497539959194562,0.005589729478786812,0.4649895231607991,0.005497539959194562,9.112,9.0255,9.137333333333334,0,13,8,9.081347943650744,9.064889805854408,62.777777777777764,0.006471639873668167,-0.0009450364623891608,9.521525254027129,8.52947474597287,0.014066379466428275,0.018399708261215036,0.01826588500460106,-239763661.0,0.38102898686215464,0,0,-1,0,0,-0.0044101433296583155,-0.8842028080468403,0.15431746266711635,0.29208631353189396,-0.015118790496760348,-0.03184713375796189,-1.2366609994199698,0.016447368421052478,0.0
2012-08-14,9.01,9.12,-0.001108033354361733,-0.0010970928143730994,-0.006711434587986916,0.3747197708217054,-0.012134732465993373,9.094,9.006499999999999,9.127333333333333,1,14,8,9.068375590259699,9.061348528057351,65.69767441860463,0.00051468072981109,-0.0006530930239491107,9.471904182010306,8.541095817989692,0.014423271599814949,0.01855005301755231,0.01828991983096656,-249434461.0,0.015040689943448858,0,0,-1,0,0,-0.010964912280701716,0.1463153395897214,0.11674609686965166,0.29447296254904015,-0.008800880088008833,-0.04046858359957406,-0.7091508290237247,0.02219755826859038,0.0
2012-08-15,9.02,9.01,-0.00667410708769302,-0.007713536867781835,0.004479290804046041,-0.6331090925766771,0.0011092624542857557,9.078,8.9865,9.118666666666666,2,15,8,9.059580028394299,9.05868088108591,61.18421052631579,-0.003360597012296296,-0.0011945938216185478,9.409535397300896,8.563464602699103,0.014453434375007975,0.018525757696033023,0.018288298446962923,-244299861.0,0.1583791815708138,0,0,-1,0,0,-0.005549389567147496,-1.2775199992436919,0.1167611116496834,0.2940872862764658,-0.00879120879120876,-0.0424628450106157,-0.7099561242955068,0.009977827050997767,0.0
2012-08-16,9.07,9.02,0.007782140442054729,0.005515733785302484,0.0055710450494554295,0.31883962988685444,0.005527930052513011,9.091,8.9825,9.115999999999998,3,16,8,9.061474568686243,9.059411146822304,56.2962962962963,-0.002369881887025471,-0.0014296514346999324,9.400509065629533,8.564490934370466,0.01170134748145882,0.01748481221127387,0.018148671876606876,-237237061.0,0.4186512073283517,0,0,-1,0,0,0.0011086474501108411,-0.5825744032520072,0.11678720272019824,0.277562788990176,0.0033185840707965486,-0.008743169398907069,-1.909842823397576,0.009922822491730965,0.0
2012-08-17,9.13,9.07,0.008820343842972886,0.0065789710980425605,0.006644542718668732,-0.20586783115527754,0.006593430479831905,9.091,8.996,9.111333333333333,4,17,8,9.073933738016017,9.063965266382157,49.137931034482776,0.003219651409263946,-0.0004997908659071566,9.414790237659618,8.577209762340383,0.009701339993674082,0.01588946477818411,0.018023424755709557,-231488361.0,0.6399385083513428,0,0,-1,0,0,0.004410143329658119,-0.9882005307531744,0.12361667010881572,0.2522374336139715,0.006615214994487362,0.030474040632054278,-1.8671426310381993,0.009857612267250805,0.0
2012-08-20,9.44,9.13,-0.0010982977490625657,0.03648473333440646,0.0022050725583139755,0.9239603767883685,0.03339028555053216,9.109,9.0325,9.117999999999999,0,20,8,9.140491240194923,9.088225571776857,58.74125874125874,0.0322915689330312,0.0060584810938805155,9.473020027624104,8.591979972375897,0.01397072314467546,0.016809722355703622,0.019066882961706947,-217005961.0,1.85008614567563,0,0,-1,0,0,-0.0032858707557503982,2.036524860042727,0.26643810105761706,0.2668460697674077,0.03508771929824572,0.08381171067738213,1.0875148170486468,0.043432203389830525,0.0
2012-08-21,9.46,9.44,0.03456067506546743,0.00368130839092823,0.03569876098408634,-0.04107405633543337,0.0021164029063776937,9.145999999999999,9.072500000000002,9.112333333333334,1,21,8,9.198583741977664,9.112211018758995,59.72222222222225,0.05629615879999328,0.016106016635103068,9.51587818003078,8.629121819969223,0.012016969113549518,0.01665711889059077,0.01740347865802223,-203106361.0,1.7479434823477296,0,0,-1,0,0,-0.002118644067796565,1.6691884868238285,0.21681589350339395,0.26442356486003576,0.049944506104328656,0.09237875288683606,2.080230793609977,0.012156448202959852,0.0
2012-08-22,9.32,9.46,0.0021208915691376296,-0.0068475379489777105,-0.012834400771541245,-0.5208835174558347,-0.01490975436628715,9.168000000000001,9.115,9.104333333333333,2,22,8,9.220659425254452,9.125616759484222,64.17910447761196,0.06329353081769895,0.02554351947162225,9.469192929884308,8.760807070115693,0.013422004205966639,0.01612733412102781,0.017558871433001517,-211362661.0,1.157561219908941,0,0,-1,0,0,-0.0021141649048627216,-0.14561054895914383,0.27806764416606733,0.2560134923681162,0.03325942350332611,0.10035419126328216,0.7953182788720999,0.018240343347639666,0.0
2012-08-23,9.3,9.32,-0.011720965298156775,-0.008492620045653588,-0.001077006027637949,0.06639673690078358,-0.002148228538289495,9.193999999999999,9.145999999999999,9.104000000000001,3,23,8,9.235084984299096,9.136867291130402,57.26495726495726,0.06645906694760839,0.03372662896681948,9.443950896698064,8.848049103301934,0.013159360474028362,0.015492274803998037,0.016893338625995888,-220185761.0,1.0337273806298406,0,0,-1,0,0,0.001072961373390535,0.027234059549511955,0.28532253071314995,0.24593223824430438,0.02535832414553485,0.07142857142857162,1.1159516394544926,0.010752688172043163,0.0
2012-08-24,9.21,9.3,-0.007530966201164441,-0.00641713432063354,-0.008658062743114541,-0.3927559238907044,-0.009724549891994744,9.208000000000002,9.1615,9.096333333333332,4,24,8,9.230524078062896,9.141585530412312,47.78761061946908,0.06100233238331931,0.03918176965011945,9.436972799308693,8.886027200691307,0.013743994231595382,0.014868049443530006,0.016775425236828477,-226143061.0,0.3521218800673806,0,0,-1,0,0,-0.004301075268817303,-0.8269373933919957,0.30294679408206854,0.23602296784915602,0.008762322015334112,0.03483146067415732,1.6008475001534008,0.013029315960912159,0.0
2012-08-27,9.07,9.21,-0.005414198390872403,-0.008620743043907088,-0.015334364000106574,-0.1074086541460712,-0.01531758614017025,9.203,9.157499999999999,9.084666666666667,0,27,8,9.20133788205146,9.13696710909539,49.090909090909115,0.04486383855222975,0.04031818343054151,9.43598273120612,8.879017268793877,0.014624312516046989,0.013965811666926571,0.016982706288704665,-231493661.0,-0.6284052129267187,0,0,-1,0,0,0.0,-0.9444321804223716,0.12233017831950777,0.2217003871671128,-0.03919491525423724,-0.008743169398907069,0.4572037932024863,0.01984564498346193,0.0
2012-08-28,8.98,9.07,-0.01752509255538073,-0.015267472130788533,-0.014452725166480357,0.38555706651688626,-0.00997238181293695,9.2,9.147,9.071,1,28,8,9.161094630769377,9.126840198831173,44.915254237288174,0.02452896345890032,0.037160339436213274,9.435961844141223,8.858038155858777,0.014450319885841082,0.014076966360039361,0.017055328746340137,-239361361.0,-1.1558619477690082,0,0,-1,0,0,-0.0022050716648290597,-0.07486586028450402,0.08372490956176282,0.22346491321731768,-0.05073995771670192,-0.02285092491838947,0.9943067341234977,0.018930957683741638,0.0
2012-08-29,8.89,8.98,-0.008879081641130047,-0.012161565039275408,-0.013528954940319452,-0.4785636183033836,-0.010072832788294957,9.187000000000001,9.1325,9.053333333333335,2,29,8,9.111804697902217,9.111560186003357,43.80165289256205,0.0011380617366754109,0.029955883896305702,9.442805452232617,8.822194547767383,0.014760202818702531,0.014218898902891913,0.017104608188526663,-244236761.0,-1.5629760821489633,0,0,-1,0,0,-0.0011135857461024262,-0.990425238118092,0.07403762745936522,0.2257180224853269,-0.04613733905579398,-0.031590413943355045,0.7578121974549089,0.02024746906636667,0.0
2012-08-30,8.96,8.89,-0.013468217050866704,0.005546325920556135,0.0022675746677805605,-0.1638929126586712,0.007843177461025879,9.176,9.1335,9.046999999999999,3,30,8,9.084203843738177,9.101782109487013,45.60000000000002,-0.011617067096825195,0.021641293697679524,9.441312314655717,8.825687685344283,0.014898964159011834,0.013108072659133855,0.01641175587796445,-240098361.0,-1.1273103234615918,0,0,-1,0,0,-0.004499437570303816,-1.1241163579503621,0.14032925260037327,0.2080842025405999,-0.03655913978494618,0.0022371364653246406,1.8295889980060627,0.023437499999999896,0.0
2012-08-31,8.94,8.96,0.019026875054694206,0.006615239118719183,0.010140931976049435,0.1327276190761622,-0.002234637801416488,9.157,9.123999999999999,9.049666666666667,4,31,8,9.057984963058507,9.091344554036239,42.62295081967216,-0.023073455019405387,0.012698343954262545,9.443763070184334,8.804236929815664,0.01464914210174204,0.01213821692724728,0.015330961710328125,-244824161.0,-1.1508520974228063,0,0,-1,0,0,0.006696428571428428,-0.8577946523344561,0.1426187963190238,0.19268822009550537,-0.02931596091205224,-0.020810514786418488,0.9903987134344675,0.020134228187919434,0.0
2012-09-04,8.85,8.94,-0.01002793918612464,-0.018858018634396723,-0.01695914020782633,0.22086409214341127,-0.010118130165584554,9.098,9.1035,9.054333333333334,1,4,9,9.020169515229687,9.075773937646805,43.33333333333334,-0.03896579934598954,0.002365515294212128,9.438746963173232,8.768253036826769,0.0075240642203307645,0.011744529845176438,0.015112907524676913,-250717961.0,-1.5123179497319383,0,0,-1,0,0,-0.0011185682326621685,-0.48004694977601126,0.125110625877697,0.18643863141427663,-0.024255788313120252,-0.04427645788336931,1.4341836757530628,0.018079096045197758,0.0
2012-09-05,9.09,8.85,-0.012394524869707721,0.019956316383459256,0.005685063634608259,0.0957142208369493,0.026757449169549332,9.061000000000002,9.1035,9.068666666666667,2,5,9,9.032865967006108,9.076691748121204,52.44755244755246,-0.031827712429828736,-0.004473130250596045,9.438746963173232,8.768253036826769,0.012902675721243203,0.012805271826781183,0.01580911718570416,-244232161.0,-0.08053764229341966,0,0,-1,0,0,-0.003389830508474504,-0.21260628963736486,0.24746986212458089,0.20327738834546868,0.012249443207126953,0.0,1.20121449926387,0.03190319031903181,0.0
2012-09-06,9.21,9.09,0.03454382458817717,0.022789917425633004,0.025742887693134882,0.04145209600470116,0.013114942077828168,9.05,9.109,9.093333333333334,3,6,9,9.065072154823179,9.085292280500482,54.66666666666667,-0.016299835644462135,-0.006838471329369263,9.447597727478664,8.770402272521336,0.013308279035125423,0.01313773353338121,0.015287587979371318,-237471861.0,0.5965781327127494,0,0,-1,0,0,0.0044004400440045026,-0.1278582047551996,0.2273353201006539,0.20855505432216342,0.03599550056242973,0.012087912087912267,0.3097941158221325,0.029315960912052068,0.0
2012-09-07,9.19,9.21,0.0021881846805526933,-0.0064585800394118195,-0.0022123902829408516,0.2766904173949026,-0.0021739138996199076,9.039,9.1165,9.110333333333333,4,7,9,9.08778630849169,9.092047617242388,52.054794520547894,-0.005543808697014541,-0.006579538802898319,9.455307506287674,8.777692493712326,0.013308503716743312,0.01304573484724009,0.014739349660059147,-246387061.0,0.4338746848046048,0,0,-1,0,0,-0.006514657980456079,0.5847882654908384,0.23640559404113987,0.20709462045531893,0.025669642857142794,0.0165929203539823,0.8519760673556526,0.02502720348204575,0.0
2012-09-10,9.15,9.19,0.008705169227330807,0.0021574981400210927,0.011013327177983192,-0.4462219071137077,-0.004362057080165634,9.033,9.1205,9.118666666666666,0,10,9,9.099097888765927,9.095786480646105,37.815126050420254,-0.000244427941071379,-0.005312516630532932,9.458884707880538,8.782115292119462,0.013031264766643416,0.013083699224048824,0.014101476070219722,-252093161.0,0.17435776093295002,0,0,-1,0,0,0.004352557127312397,-0.5781761615610234,0.24102243213805616,0.20769728625361167,0.023489932885906173,0.008820286659316334,0.8891394355008484,0.016393442622950664,0.0
2012-09-11,8.95,9.15,-0.01089335390788365,-0.016295852191232005,-0.019912162320113263,0.22301385712941002,-0.02210034700066608,9.021,9.112,9.112,1,11,9,9.071989181717576,9.086380901249584,31.38686131386862,-0.012044121902187399,-0.006658837684863826,9.458871734220423,8.765128265779577,0.013995658706710525,0.013937553057905797,0.01373906996245394,-259224861.0,-0.9340628481250457,0,0,-1,0,0,-0.002185792349726729,-0.0762732299675771,0.2951358862020085,0.22125179565591935,0.011299435028248483,-0.018640350877192957,0.11262855544701257,0.02011173184357559,0.0
2012-09-12,9.18,8.95,-0.017680018536172334,0.014138354051210911,0.0011166947000753762,0.14971594921745776,0.02537367234563523,9.041,9.1205,9.111666666666666,2,12,9,9.09162751231438,9.092420843104449,45.20547945205479,-0.002804063075116048,-0.0058878827629142705,9.465172231793487,8.775827768206513,0.015939232895159056,0.014865343913934447,0.014536238854388525,-250941361.0,0.34525554722174384,0,0,-1,0,0,0.002234636871508531,0.36760114915738573,0.2877168495670808,0.23598001889830858,0.00990099009900991,0.018867924528301883,0.027830672027276657,0.03267973856209139,0.0
2012-09-13,9.11,9.18,0.019868203216725184,-0.008676844025688971,0.005564844633407286,-0.2789997268592601,-0.00765449336053219,9.062999999999999,9.125,9.109333333333332,3,13,9,9.094967964620857,9.093554982259002,43.70860927152316,-0.0011167911954999,-0.0049336644494313965,9.466482834585971,8.783517165414029,0.015749920333840393,0.014990950029983872,0.014602970799671447,-257208161.0,-0.08785214646696492,0,0,-1,0,0,-0.0032679738562090806,-0.3931119038628134,0.27480818448206845,0.23797395417560158,-0.01085776330076016,0.009977827050997812,1.080291495892128,0.018660812294182212,0.0
2012-09-14,9.07,9.11,-0.004381168015563088,-0.0054615100255219024,0.0011092624542857557,-0.173766945476636,-0.0044004471448215975,9.074000000000002,9.125,9.113666666666665,4,14,9,9.090428334689792,9.09203530598423,45.20547945205479,-0.002973010763373196,-0.004541533712219757,9.466482834585971,8.783517165414029,0.015767536936596032,0.014983199679572885,0.013785049347952726,-262475361.0,-0.3221245370455242,0,0,-1,0,0,0.0,-0.718707137989838,0.27531517748369205,0.2378509211770351,-0.013057671381936808,0.0,1.2013196960261832,0.012127894156560222,0.0
2012-09-17,9.05,9.07,-0.011037639651620327,-0.002192983335010326,-0.013393057336438025,0.4646353576112593,-0.002207506415210458,9.085,9.120999999999999,9.110999999999999,0,17,9,9.083077728382557,9.089323350759441,49.2537313432836,-0.005988874974518055,-0.004831001964679417,9.464106550890884,8.777893449109113,0.015766859310556363,0.014911150022236124,0.013225499255031414,-270857761.0,-0.41386560423078295,0,0,-1,0,0,-0.006615214994487376,0.36887264077305976,0.2748292780657213,0.23670716832487215,-0.010928961748633892,-0.008762322015334112,1.0841373868479656,0.02320441988950266,0.0
2012-09-18,8.92,9.05,0.004429686091588258,-0.00550359121697884,-0.004504512121104653,-0.38668615674017104,-0.014468811119916774,9.092,9.095,9.099666666666668,1,18,9,9.053427232313,9.078399263613672,47.82608695652172,-0.018653852633113033,-0.00759557209836614,9.414308463304575,8.775691536695426,0.01616569279922421,0.012832601936014713,0.013178944387525314,-276551961.0,-1.0961187698496768,0,0,-1,0,0,0.0,-0.567901104701274,0.24430312735812404,0.2037112403794856,-0.003351955307262511,-0.05508474576271183,1.727380061200441,0.02242152466367725,0.0
2012-09-19,9.06,8.92,-0.0066519092283058535,0.008791265411170724,0.011223462369849576,0.27076392212249406,0.015573173462970106,9.089,9.075,9.098666666666668,2,19,9,9.054622280983363,9.077212214348274,55.944055944055926,-0.017195885241605424,-0.009515634727013996,9.344228918445635,8.805771081554363,0.01441646002890831,0.013448091189049664,0.013113158357739275,-269087061.0,-0.1114293374322466,0,0,-1,0,0,0.007847533632287027,0.5857230170027963,0.17778918938217864,0.2134818293684659,-0.013071895424836555,-0.04228329809725162,1.2842066797261777,0.01986754966887414,0.0
2012-09-20,8.94,9.06,0.0011117288526904154,-0.009895627754223849,-0.010095430665351141,-0.6422853312924355,-0.013333530869465256,9.062000000000001,9.056000000000001,9.093333333333334,3,20,9,9.033781866259115,9.068359813422578,49.32432432432429,-0.025430288165734893,-0.012698565414758176,9.305327516586942,8.80667248341306,0.014099535343460853,0.013374974054572407,0.01333036411840209,-273014261.0,-0.9305029913098436,0,0,-1,0,0,-0.006622516556291445,-1.6254415154867161,0.19176688388132904,0.212321130842039,-0.01866081229418226,-0.04077253218884125,1.2337668036068983,0.020134228187919632,0.0
2012-09-21,8.84,8.94,0.00221975673831281,-0.0011055833077497552,-0.007923074837327211,0.6417761526669364,-0.011248712535870653,9.027000000000001,9.033000000000001,9.086666666666666,4,21,9,8.998548799666548,9.053626922234026,46.79487179487182,-0.03956914757164043,-0.018072681846134628,9.272218024318812,8.79378197568119,0.014335248066898213,0.013532172374232699,0.01342868397841134,-280475361.0,-1.6135907864767476,0,0,-1,0,0,0.008948545861297548,0.7912774241709609,0.19922642087124914,0.21481657680406918,-0.02535832414553474,-0.04946236559139794,1.5560976290998525,0.02714932126696815,0.0
2012-09-24,8.89,8.84,-0.022422464055832283,-0.005546325920556149,-0.001137009787075347,-0.3973093161689091,0.005640172876261123,9.001,9.017,9.080666666666666,0,24,9,8.97881265427263,9.043070346606026,51.31578947368424,-0.04620706707687461,-0.023699558892282625,9.24907076960782,8.784929230392178,0.01463730475840158,0.013535314646365723,0.013459305239415529,-275460561.0,-1.0944937202959035,0,0,-1,0,0,-0.0022624434389139788,-0.8668152789593044,0.213622768333793,0.2148664588277632,-0.0176795580110497,-0.034744842562432154,0.8812118253976907,0.02249718785151868,0.0
2012-09-25,8.84,8.89,0.00565292630278801,-0.004459316196764987,0.0034071583216143558,0.07150228309237722,-0.005640172876261197,8.989999999999998,9.005500000000001,9.071333333333333,1,25,9,8.953573989859423,9.029969033921766,40.60150375939853,-0.054869743987506325,-0.029933595911327368,9.249024558366138,8.761975441633865,0.013106855147307486,0.0131969861096315,0.013439008027916921,-280847061.0,-1.3592058321376752,0,0,-1,0,0,-0.0022497187851520076,-0.6140115538597941,0.19366874457873917,0.20949565980995238,-0.008968609865470878,-0.02535832414553474,0.7530175308176839,0.014705882352941064,0.0
2012-09-26,8.92,8.84,-0.0056529263027881,0.00323498525190766,0.0,-0.14462289763513891,0.00900906994236591,8.964,9.0025,9.068333333333333,2,26,9,8.9474696280668,9.022874257539717,38.75968992248063,-0.05464967895751727,-0.03487681252056535,9.248809604063133,8.756190395936866,0.010007155222265213,0.01321893696273493,0.013389872990741571,-276185861.0,-0.6698886169201367,0,0,-1,0,0,-0.0022624434389139788,-1.0061746876778699,0.15853736739711802,0.20984411880021672,-0.015452538631346657,-0.006681514476614803,0.3513222710467306,0.0178251121076232,0.0
2012-09-27,8.88,8.92,0.012394524869707576,-0.0021182905518323377,-0.0022701485345390745,0.12852823001404406,-0.004494389587839215,8.940999999999999,9.002,9.063666666666668,3,27,9,8.935202422963746,9.013656563504897,38.16793893129778,-0.05704535816242462,-0.039310521648937204,9.249309735482177,8.754690264517825,0.009888299039069603,0.013060572395708889,0.013409242139173473,-281486361.0,-0.9866170432970471,0,0,-1,0,0,0.0011210762331838326,-0.5870550342153158,0.13330564407725826,0.20733015923520476,-0.006711409395973034,-0.0011248593925758943,0.26804688740333965,0.018018018018018032,0.0
2012-09-28,8.77,8.88,-0.006741598566919625,-0.010095430665351141,-0.005698021114637779,0.16885200738734846,-0.012464750619987176,8.911,8.9925,9.053666666666667,4,28,9,8.90516561878852,8.997936785214259,36.23188405797103,-0.06704715402766759,-0.04485784812468328,9.260347167736128,8.724652832263871,0.010368964490202815,0.01320466421779858,0.013532627524125306,-287761861.0,-1.661395204441342,0,0,-1,0,0,-0.001126126126126302,0.018639400282936525,0.1390587611306771,0.20961754599844967,-0.007918552036199178,-0.021205357142857317,0.12817939002994094,0.013683010262257609,0.0
2012-10-01,8.86,8.77,-0.010198388674462785,0.007860792863934641,0.0,0.01736097123241239,0.010209958232897946,8.892,8.9885,9.044666666666668,0,1,10,8.896953688099696,8.989037637781083,46.456692913385844,-0.06693976156849679,-0.049274230813445986,9.261978566467096,8.715021433532904,0.011230263687213814,0.01343626873545386,0.013619800939537489,-281376461.0,-0.939744577865929,0,0,-1,0,0,0.0011402508551881171,0.039912918933942304,0.1568233251666698,0.21329415373585933,-0.003374578177727905,-0.008948545861297563,0.17290102215863093,0.021444695259593624,0.0
2012-10-02,8.98,8.86,0.007941051372812905,0.004464293128685528,0.010798627242225578,0.3404510838978415,0.013453117697118676,8.898,8.995000000000001,9.029333333333334,1,2,10,8.912053017536115,8.988454564375854,41.379310344827644,-0.056520126319078656,-0.050723409914572526,9.26068679621938,8.729313203780622,0.011301024194747643,0.013575406523835098,0.012260053888156649,-272401261.0,-0.11291490742818065,0,0,-1,0,0,-0.0011286681715575381,1.7408877267334288,0.17625515218922086,0.21550289765202907,0.015837104072398356,0.014689265536723228,-0.7845121706053649,0.01503340757238305,0.0
2012-10-03,9.14,8.98,0.01680711831638119,0.017660503151950314,0.009564067276658969,0.2842221317254656,0.017660503151950314,8.906,8.9975,9.018666666666666,2,3,10,8.953497923438638,8.998231689254832,51.200000000000045,-0.03494895766133865,-0.047568519463925756,9.267850649500454,8.727149350499547,0.011628514869657993,0.012761875181992892,0.01274914717694418,-260475661.0,1.054186481617907,0,0,-1,0,0,0.0022271714922048524,2.7532395162316385,0.20348456634079382,0.20258848796640214,0.024663677130045025,0.005500550055005604,-0.6205489589998555,0.022975929978118252,0.0
2012-10-04,9.1,9.14,0.01762160134981963,0.0021857932199802256,0.012795723958850725,-0.6258484604053384,-0.0043859719432544405,8.922,8.992,9.011333333333333,3,4,10,8.980134664631613,9.004797386722263,51.19999999999997,-0.020841073867822857,-0.042223030344705176,9.248256450498639,8.735743549501363,0.01072991399331226,0.012431346935716047,0.012501675888479844,-266853561.0,0.8429056110770794,0,0,-1,0,0,0.002188183807439778,-0.19284836397867677,0.20317047790908932,0.1973415147208171,0.024774774774774633,-0.011943539630836164,-0.6262015571506967,0.012637362637362662,0.0
2012-10-05,8.97,9.1,-0.010977058631150907,0.001091107582334557,-0.0229252421977064,0.3758520545635954,-0.014388737452099443,8.934999999999999,8.981,9.000333333333334,4,5,10,8.978291998334957,9.002552394030504,47.058823529411775,-0.019920753814583136,-0.03776257503868077,9.219759954327738,8.742240045672261,0.01118286910888693,0.01280517933217808,0.012743530786159172,-276141261.0,-0.09214275510289172,0,0,-1,0,0,-0.004395604395604302,1.3290691171583036,0.2135697531557917,0.20327592003916414,0.022805017103763037,-0.02393906420021752,-0.7248936160496792,0.03678929765886288,0.0
2012-10-08,8.86,8.97,-0.007756271571359097,-0.015384918839479456,0.002259887967437504,-0.570443820091164,-0.012338911453715313,8.932,8.9665,8.988666666666667,0,8,10,8.956784362274055,8.993355465383376,47.761194029850735,-0.027747616977261913,-0.035759583426397,9.197130714166398,8.735869285833601,0.01186106326287827,0.013030051892975876,0.012811926186145985,-281391361.0,-0.9235543529832008,0,0,-1,0,0,0.0022296544035673993,-0.7744046541883859,0.2347172198163224,0.20684566127448345,0.0,-0.031693989071038375,0.39552929930151004,0.019187358916478547,0.0
2012-10-09,8.75,8.86,-0.015695389463690774,-0.015625317903080756,-0.013636574949545396,-0.17468994530107587,-0.012493064247466445,8.923,8.9565,8.978000000000002,1,9,10,8.919187205496954,8.977655112777997,38.167938931297726,-0.04233849134144485,-0.03707536500940657,9.206659948834972,8.706340051165029,0.012384254027373792,0.01241104183603516,0.012716787524767759,-285799961.0,-1.650943733892648,0,0,-1,0,0,-0.0011286681715575381,-1.1040809130125226,0.21222785568579736,0.19701918125620507,-0.025612472160356448,-0.022346368715083775,1.8331221225893364,0.017142857142857182,0.0
2012-10-10,8.77,8.75,-0.007941051372812919,-0.0022522532043252426,-0.004587164006906154,0.15481798358859758,0.00228310601456855,8.908,8.936,8.971,2,10,10,8.89206225904296,8.964258008727805,42.97520661157027,-0.051692156540260825,-0.039998723315577425,9.176035085157112,8.695964914842888,0.0119544243804485,0.010747306440207301,0.012620309651715943,-280653161.0,-1.3831311359449527,0,0,-1,0,0,0.0034285714285713555,-0.6584715211644806,0.11108856408249633,0.1706082006275483,-0.040481400437636816,-0.04466230936819171,1.0308998078365117,0.019384264538198397,0.0
2012-10-11,8.71,8.77,0.0022753138371356054,-0.005086193502127635,0.0011487652038735803,-0.18767510139159732,-0.006865015519680084,8.891,8.916,8.965,3,11,10,8.858960030126058,8.947854266229237,44.44444444444449,-0.06321776709157945,-0.044642532070777834,9.1615841585862,8.670415841413801,0.012039887879053461,0.010727998607366653,0.012552572758657735,-284919261.0,-1.6776326387330414,0,0,-1,0,0,0.003420752565564554,-1.0241693422704965,0.10703219819274312,0.17030169828323655,-0.042857142857142705,-0.04390779363336972,1.4458814991428244,0.013203214695751829,0.0
2012-10-12,8.84,8.71,-0.013730192811902131,0.006212954184718407,-0.0034502621921527815,0.3395749737296052,0.014815085785140463,8.898,8.9045,8.961000000000002,4,12,10,8.855512751921319,8.940895926472512,47.99999999999997,-0.06115700308373562,-0.04794542627336939,9.141096480823295,8.667903519176706,0.012477902102495227,0.011369549961346028,0.012780774480303169,-278928161.0,-0.5452321165180267,0,0,-1,0,0,-0.003444316877152828,-0.192667907463331,0.18416707982100095,0.18048601029867373,-0.01449275362318847,-0.02535832414553474,1.0668338578625276,0.022624434389140392,0.0
2012-10-15,8.89,8.84,0.021653267649229365,0.004494389587839267,0.014865911275829357,-0.37987359820358224,0.005640172876261123,8.901,8.8965,8.959333333333332,0,15,10,8.861783160662897,8.937612318312997,52.000000000000036,-0.054856894495438624,-0.04932771991778324,9.122985737905967,8.670014262094032,0.012173785418363723,0.011469228572410867,0.012822234766278659,-274830561.0,-0.05739875773279562,0,0,-1,0,0,0.0033936651583709684,-1.024624272579941,0.16992454104596014,0.18206835919413308,0.003386004514672747,-0.0176795580110497,0.09822142807670706,0.012373453318335143,0.0
2012-10-16,8.88,8.89,0.004499445161229971,0.008928630744301398,0.0056593246689013565,0.3200321234372156,-0.0011254925217344803,8.891000000000002,8.894499999999999,8.960333333333333,1,16,10,8.865095313269643,8.933895394550868,48.30508474576275,-0.05009348298614036,-0.04948087253145467,9.120818359841014,8.668181640158984,0.01126443971317643,0.01102015461695476,0.012685944136600022,-280473661.0,-0.12813807956353337,0,0,-1,0,0,0.002249718785151808,-0.25727138412270295,0.1288789503839264,0.17493953115565536,0.014857142857142902,-0.004484304932735328,0.5502263878979714,0.015765765765765827,0.0
2012-10-17,8.95,8.88,-0.002247191956904721,0.0033277900926745245,-0.001129305597151414,-0.22035200200637378,0.007851975282685171,8.872000000000002,8.889,8.955666666666666,2,17,10,8.880532529038799,8.93493440135404,52.89256198347101,-0.04020655393485306,-0.04762600881213434,9.103417202768885,8.674582797231114,0.009750752857321745,0.010557050179926756,0.011727903765382568,-275946561.0,0.5689841972777732,0,0,-1,0,0,0.001126126126126102,-0.7348515272575892,0.1330374849277784,0.16758797612709533,0.020524515393386622,-0.012141280353201056,-0.08895584602738921,0.020111731843575387,0.0
2012-10-18,8.98,8.95,0.010072832788294944,0.0077220460939103185,0.011236073266925752,0.9962359024941542,0.003346350027344394,8.86,8.891,8.948,3,18,10,8.898617523759018,8.9378418593312,59.29203539823013,-0.02960902771022944,-0.044022612591753364,9.108148990814266,8.673851009185734,0.009852122661067195,0.010151792242550499,0.011467514765550543,-263686861.0,0.8197136875125965,0,0,-1,0,0,0.0033519553072626973,2.4319609341810224,0.09425165145349605,0.16115470581229993,0.030998851894374235,0.004474272930648837,0.5551976447264395,0.016703786191536788,0.0
2012-10-19,8.88,8.98,0.005552485114785719,0.0,-0.010106767669774357,-0.8522695370355506,-0.01119832531002945,8.851,8.892999999999999,8.937666666666667,4,19,10,8.895232519439196,8.934110126471124,50.8771929824562,-0.028945905708482655,-0.04100727121509923,9.108904462305048,8.67709553769495,0.009431589950726366,0.010148838195049439,0.011620813328761885,-268914961.0,-0.12042363424272831,0,0,-1,0,0,0.005567928730512131,-0.4555520793178658,0.1194159354612547,0.16110781176200667,0.00452488687782826,0.00452488687782826,-1.2790319359744486,0.02702702702702705,0.0
2012-10-22,8.83,8.88,-0.014501090690799844,-0.016620881236040407,-0.018223738956451612,0.3210603526452492,-0.00564654238821016,8.848,8.89,8.927,0,22,10,8.883372061359342,8.92739334411815,42.99065420560745,-0.032085101795908955,-0.039222837331261175,9.107739583716231,8.67226041628377,0.00875819671242128,0.010147651880634798,0.011635565245372967,-276122361.0,-0.5511170635670503,0,0,-1,0,0,0.002252252252252204,0.3259192322241929,0.11812656800947809,0.16108897960449947,-0.006749156355455588,-0.006749156355455588,-0.13849038582842335,0.028312570781426953,0.0
2012-10-23,8.79,8.83,-0.013574869091068986,-0.01349851767089523,-0.002301496988279163,0.37987949578927577,-0.004540302918783098,8.852,8.8875,8.921666666666665,1,23,10,8.86639532293037,8.918529257400849,31.57894736842097,-0.037369826915163884,-0.03885223524804172,9.108776202732841,8.666223797267158,0.007855078568861786,0.01012028803519041,0.010982407366110574,-286660361.0,-0.8812515652007763,0,0,-1,0,0,-0.005662514156285471,1.516130312568108,0.12020691791409006,0.1606545920247379,-0.01013513513513531,-0.005656108597285159,0.2883602414099611,0.017064846416382295,0.0
2012-10-24,8.75,8.79,0.0034110323010629008,0.0056465423882100406,0.0034502621921527494,-0.7300702885046073,-0.0045610113275624505,8.85,8.879000000000001,8.907333333333334,2,24,10,8.84523253694303,8.907656402084665,31.578947368421012,-0.0442752972859175,-0.03993684765561688,9.107947247431355,8.650052752568648,0.007977377226099489,0.009918493963864964,0.009816834687800742,-291738361.0,-1.12689714724507,0,0,-1,0,0,0.0022753128555177875,-0.6460507477256863,0.08209192550017122,0.15745121045209173,-0.022346368715083775,-0.01905829596412556,0.5728634469685192,0.01942857142857142,0.0
2012-10-25,8.83,8.75,-0.0011357184639273798,0.004494389587839267,0.0034383988030324874,0.12931317405315418,0.009101314246345561,8.862,8.8765,8.898,3,25,10,8.842462984771569,8.902646311627592,42.22222222222218,-0.04279923792071472,-0.04050932570863645,9.106490846502235,8.646509153497766,0.008099158283485501,0.01012628041379115,0.009935720186041982,-285959361.0,-0.4043639188879469,0,0,-1,0,0,0.005714285714285796,-0.3795461781311782,0.11898625166148438,0.16074971808597374,-0.016703786191536785,-0.00563063063063074,1.4410538156346682,0.020385050962627375,0.0
2012-10-26,8.74,8.83,0.0045351551653911425,-0.002244669853823862,-0.005737250390143459,-0.16877810765205187,-0.010244824948424514,8.852,8.875,8.887,4,26,10,8.823833351176738,8.892153001200006,43.1818181818182,-0.04833452772950686,-0.04207436611281053,9.108283202637287,8.641716797362713,0.007292789363926911,0.009998722323732936,0.010059836421133526,-290840861.0,-1.1573915178959557,0,0,-1,0,0,0.001132502831257054,-0.7000410110426601,0.11522180768389222,0.15872479618192323,-0.015765765765765827,-0.0034207525655644,1.6225703261931648,0.024027459954233506,0.0
2012-10-31,8.82,8.74,-0.010233176280028969,0.002244669853823728,0.005737250390143593,-0.20442201823879755,0.009111680351255813,8.844999999999999,8.873000000000001,8.879333333333333,2,31,10,8.823136378235512,8.88749796886452,54.11764705882355,-0.04573870603862318,-0.04280723409797306,9.107507322298597,8.638492677701405,0.0077245416438851255,0.009941003680813031,0.010232413966761417,-286861861.0,-0.45201147222615573,0,0,-1,0,0,0.001144164759725376,-0.9805727100487067,0.14026745611278932,0.157808541130854,-0.0011325028312570984,-0.004514672686230181,0.28277866644301003,0.02040816326530609,0.0
2012-11-01,9.05,8.82,0.007968169649176881,0.01667631753512722,0.009111680351255813,0.4551604102931829,0.025742887693134882,8.862,8.8765,8.883666666666667,3,1,11,8.86438430946542,8.897981970873262,63.20754716981139,-0.02483612544276248,-0.03921301236693095,9.119661198430553,8.633338801569447,0.011466381591804822,0.011170599954197289,0.011018491584845523,-280589261.0,1.4270368884495532,0,0,-1,0,0,0.0,-0.05278578880026865,0.2239933325980165,0.1773277768451732,0.029579067121729308,0.007795100222717233,0.4318807107789248,0.027624309392265192,0.0
2012-11-02,9.03,9.05,0.027950394108345294,0.0033021493957590318,0.014631662268064049,0.02416131895569223,-0.0022123902829408516,8.87,8.870999999999999,8.882666666666667,4,2,11,8.89449625319898,8.906499263074988,65.68627450980384,-0.00977186856061607,-0.03332478360566798,9.093133198545079,8.648866801454918,0.011330190137482404,0.010402810624979896,0.010648035564000869,-287015261.0,1.4315734977159016,0,0,-1,0,0,0.0022099447513811684,0.13372591039366968,0.21762194175593239,0.16513949909878328,0.03200000000000003,-0.012035010940919189,0.3989846357650844,0.016611295681063162,0.0
2012-11-05,9.04,9.03,-0.004419896698151247,-0.0010995053334168876,0.004459316196764897,-0.45752040093484697,0.0011068069751910472,8.876000000000001,8.867999999999999,8.886,0,5,11,8.920951479890075,8.915112213844344,61.11111111111104,0.0029396930258016596,-0.026071888279374053,9.078423132611348,8.657576867388649,0.011299456899244229,0.010368976459272289,0.010353367152098026,-282948561.0,1.6348012489452215,0,0,-1,0,0,0.0,-0.869296209762509,0.2187020578396392,0.1646023983691052,0.02378255945639851,-0.006593406593406681,0.9528082201572637,0.011061946902654829,0.0
2012-11-06,9.15,9.04,0.0011068069751910472,0.007671270496651489,-0.0011129661694206081,0.5960772710290955,0.01209470488334492,8.903,8.876999999999999,8.896333333333335,1,6,11,8.962596665364606,8.930266264564063,63.54166666666662,0.021640321698626508,-0.01652944628377394,9.118843794739004,8.635156205260994,0.010980515831389231,0.010173745282659482,0.010328410271880863,-275567561.0,2.257655610263812,0,0,-1,0,0,0.0,0.68373890614624,0.17557443096327094,0.16150319952020112,0.04691075514874132,0.02006688963210701,0.841074112964208,0.01967213114754095,0.0
2012-11-07,9.01,9.15,0.0022099456508028917,-0.003280484079161724,-0.005583487425700679,-0.39331861008270863,-0.015418807667183508,8.921,8.8845,8.900333333333332,2,7,11,8.97121545348013,8.935410376527672,55.96330275229352,0.024877106878774313,-0.008248135651264293,9.133326720516976,8.635673279483022,0.012189485023508622,0.010402918676335715,0.01071804224568762,-280548361.0,1.0087341081315888,0,0,-1,0,0,-0.009836065573770475,-0.43321496929585773,0.24757102761753622,0.16514121436088122,0.02154195011337867,0.016930022573363512,0.30497877087447534,0.022197558268590573,0.0
2012-11-08,9.18,9.01,-0.005534048434641443,0.009809342961625441,0.006696453595121294,0.14260012937605526,0.018692133012152546,8.96,8.906,8.911666666666667,3,8,11,9.009176280120107,8.951190352235564,59.66386554621846,0.040690803451497004,0.0015396521692879663,9.17902592898086,8.632974071019142,0.012997190761908568,0.010645916980452795,0.011159004569035253,-274804161.0,2.0071353737190845,0,0,-1,0,0,0.0,-0.10916098172822084,0.21021803110631213,0.16899869285110664,0.014364640883977708,0.049142857142857155,-0.2434310986710548,0.025054466230936868,0.0
2012-11-09,9.06,9.18,0.014325313845812258,0.010250966485049138,0.00443951894536512,0.4837466313390352,-0.013158084577511088,8.991000000000001,8.9205,8.916333333333334,4,9,11,9.018416956461905,8.958210329510688,53.12499999999999,0.04304408933096404,0.00984053960162318,9.193916974795615,8.647083025204386,0.013899174041979797,0.011198312714155471,0.011359621822724392,-284122061.0,1.020419453505255,0,0,-1,0,0,-0.004357298474945441,1.4068341271022167,0.2390979201182839,0.17776770327112867,0.0033222591362127574,0.033067274800456126,0.07914783743186715,0.03145695364238412,0.0
2012-11-12,9.07,9.06,-0.0065861928528567265,-0.020060309446674543,-0.006666691358189122,-0.5865146552666869,0.001103144072157168,9.015,8.9385,8.922666666666666,0,12,11,9.027795691650649,8.965422566316452,57.983193277310875,0.045195021694297566,0.016911436020158058,9.200739344274137,8.676260655725862,0.013773216972055623,0.011019329072332934,0.011319436908435702,-278938861.0,1.0029006163356995,0,0,-1,0,0,0.0022075055187637496,-0.4763110744282759,0.2390975802604883,0.17492642604106212,0.0033185840707965486,0.04133180252583224,0.07939147086560425,0.01764057331863287,0.0
2012-11-13,9.03,9.07,-0.007739120992955384,0.008724155660338425,0.0033389012655146303,-0.1651598941433764,-0.004419896698151247,9.044,8.947999999999999,8.931333333333333,1,13,11,9.028196474986894,8.969588852360552,58.474576271186386,0.04317429893970903,0.022164008604068253,9.20897791800328,8.687022081996718,0.013281123520662722,0.010676303775278314,0.011091147492643129,-283332961.0,0.6284056569028924,0,0,-1,0,0,-0.006615214994487376,-0.7857747805974272,0.21720009462933315,0.16948106826459863,-0.013114754098360715,0.02149321266968318,1.0828793290452543,0.02325581395348847,0.0
2012-11-14,8.76,9.03,0.002217295808647531,-0.012015436744411238,-0.028170876966696335,0.6932495853662336,-0.030356462480593954,9.038,8.941500000000001,8.927999999999999,2,14,11,8.97943347953473,8.956066990917936,48.93617021276599,0.019560635255176706,0.021643333934289945,9.214747526114024,8.668252473885978,0.01668920249499961,0.012657420159743372,0.012297130190769194,-292122061.0,-1.3284658242377887,0,0,-1,0,0,0.0,1.0675325152196833,0.28522268846429566,0.20093031589401844,-0.027746947835738056,-0.014623172103487181,-0.01952790803003482,0.03995433789954334,0.0
2012-11-15,8.84,8.76,-0.03264217776144987,-0.016620881236040407,-0.0011435107020789379,-0.24397838675214986,0.009090971701252105,9.017,8.9395,8.923333333333336,3,15,11,8.954081937801142,8.94857879795549,53.10344827586206,0.007218754758689272,0.018758418099169814,9.215217246470218,8.663782753529784,0.014385825650362147,0.012844028511102758,0.012151319162459017,-285235761.0,-0.7217539074817989,0,0,-1,0,0,-0.0022831050228310015,0.19580432461709488,0.23719046691365797,0.2038926316356066,-0.03703703703703698,-0.0045045045045045695,-0.791298726243128,0.02375565610859718,0.0
2012-11-16,8.93,8.84,0.009111680351255813,-0.0011179431013411721,-0.004587164006906154,0.23054245107639623,0.010129518238855576,9.007,8.9385,8.916333333333334,4,16,11,8.949703403655478,8.94738016582933,53.42465753424656,0.004646412435132419,0.015936016966362335,9.214201974872301,8.662798025127698,0.014913733572482341,0.012929643205219532,0.011831176520879037,-276563961.0,-0.06166078428663213,0,0,-1,0,0,-0.0022624434389139788,0.895721298089396,0.25880152165251846,0.20525172277084172,-0.014348785871964753,-0.0022346368715083775,-1.5413908331525457,0.026875699888017943,0.0
2012-11-19,9.1,8.93,0.02020270731751947,0.018837122086444242,0.024972920931380097,-0.48197098404536537,0.018858018634396723,9.013,8.9445,8.916333333333334,0,19,11,8.9770300575363,8.957226606743568,61.68831168831165,0.01613934751000734,0.015976683075091338,9.229084646553094,8.659915353446905,0.01621763428871076,0.013603832842424363,0.012341969113796654,-271208561.0,1.0928207258081226,0,0,-1,0,0,0.007838745800671924,-0.5175764160689503,0.30324823420838093,0.21595415147008676,0.00330760749724357,0.013363028953229383,-1.2935956168196163,0.020879120879120826,0.0
2012-11-20,9.11,9.1,0.013245226750020505,0.004381168015563095,0.007816901891610863,0.3062834310727274,0.001098297749062592,9.008999999999999,8.956,8.921,1,20,11,9.001206410711518,8.967082954695597,59.86394557823125,0.02575758043180265,0.0179328625464336,9.248099478370424,8.663900521629575,0.01572429180487697,0.013313107526208262,0.012040694952548059,-263933961.0,1.0544352962158052,0,0,-1,0,0,0.002197802197802151,0.4711997507161845,0.2997782592074965,0.21133903015085628,0.008859357696566983,0.025900900900900803,-1.6223864829083874,0.017563117453347987,0.0
2012-11-21,9.23,9.11,-0.0010970928143730994,0.01410766751067923,0.007756271571359065,-0.24068229548894185,0.013086337242893918,9.031,8.975999999999999,8.933333333333334,2,21,11,9.042805245127605,8.984045344715236,56.61764705882351,0.04257234889837491,0.02286075981682186,9.286001697790013,8.665998302209985,0.015283211428778691,0.013456333161669309,0.012000141258168302,-258215461.0,1.6387007026784306,0,0,-1,0,0,0.0,-0.3373047355929063,0.10360190731715188,0.21361266662765102,0.05365296803652986,0.04530011325028327,-0.306748866364998,0.023835319609967372,0.0
2012-11-23,9.37,9.23,0.014169174381726,0.009651549452221598,0.01642073021232749,-0.768694165548973,0.01505404773556991,9.05,9.004999999999999,8.954,4,23,11,9.102295200558949,9.00894564505619,61.48648648648648,0.06642924899157698,0.031574457651772886,9.348449988699882,8.661550011300116,0.014883038666534499,0.013649309578575304,0.011959032331561509,-255564261.0,2.125491407827351,0,0,-1,0,0,0.0010834236186348632,-1.9087048771903468,0.10728835001429167,0.21667607227585253,0.05995475113122173,0.0659840728100114,-1.0423094630038163,0.017075773745997693,0.0
2012-11-26,9.4,9.37,0.00647251450561752,0.0031965930256274942,-0.005443671581176692,0.8596469358531144,0.0031965930256274942,9.084,9.0375,8.975,0,26,11,9.156423345911866,9.03417495827837,62.00000000000002,0.08675668639802758,0.04261090340102383,9.40173676510442,8.673263234895579,0.013890144335139274,0.013524474821865811,0.011960021864191138,-249301261.0,1.9904635376172288,0,0,-1,0,0,-0.007470651013873907,0.15307218485924723,0.12381126311553695,0.2146943819484691,0.052631578947368585,0.07428571428571429,-0.31317785955176636,0.025531914893617044,0.0
2012-11-27,9.29,9.4,0.007498696091120384,0.004246290881451004,0.014092374139708146,0.057910344243787486,-0.011771136450211165,9.106,9.0605,8.994333333333335,1,27,11,9.180710010291527,9.050679799679767,54.66666666666662,0.09291913238429927,0.05267254919767892,9.427649761500016,8.693350238499983,0.014729110522556916,0.013879566310638353,0.01212115004512986,-255937661.0,1.2501710422600394,0,0,-1,0,0,-0.0031914893617022485,0.34504887228307485,0.17102685810274493,0.2203312845802761,0.020879120879120805,0.052095130237825416,-0.6641734975481389,0.016146393972012958,0.0
2012-11-28,9.43,9.29,-0.008574543424583683,0.004017343387987214,-0.005937939174543786,0.06215864971913141,0.01495754381961906,9.145999999999999,9.095,9.014,2,28,11,9.226035462965795,9.075152070668171,63.99999999999998,0.10785644325805421,0.06370932800975398,9.465007112308651,8.72499288769135,0.014999666699139184,0.013800124362565147,0.012126403053813323,-248875661.0,1.8107760032491003,0,0,-1,0,0,0.0,0.5319587079557446,0.1834402598466523,0.2190701827506668,0.03512623490669586,0.07894736842105265,-1.4207967327956539,0.025768822905620395,0.0
2012-11-29,9.5,9.43,0.01813383023803986,0.007567830947242442,0.02089548299416297,0.06914767872393254,0.0073957019611289926,9.219999999999999,9.129,9.034333333333333,3,29,11,9.275847196972013,9.102561614496032,61.42857142857142,0.12391437692543406,0.07575033779289,9.517134539887545,8.740865460112454,0.008911964523469493,0.013770832704037875,0.012147905001728757,-241308061.0,1.9117082448137213,0,0,-1,0,0,0.0031813361611878195,0.7457393688402668,0.17559017237781893,0.2186051920869561,0.029252437703141787,0.07709750566893425,-1.1709034171203405,0.012631578947368527,0.0
2012-11-30,9.53,9.5,0.004219415542708068,0.002614380574070672,0.0031762864184209584,-0.08800173311799704,0.003152919059615515,9.289,9.153,9.056000000000001,4,30,11,9.322056797522555,9.130138284528547,67.93893129770984,0.13747641182807513,0.08809555259992703,9.578161269713316,8.727838730286685,0.00904022912321293,0.012735051715387125,0.012131593222249097,-234377961.0,1.7734446990160158,0,0,-1,0,0,0.0,0.34001706311060714,0.15483572215436894,0.20216267863476511,0.01707577374599789,0.05303867403314899,-0.819201794008687,0.012067156348373393,0.0
2012-12-03,9.44,9.53,0.008385793376273964,0.0005220569160595142,-0.004237294475515267,-0.4205931758285309,-0.009488737508701458,9.34,9.1735,9.072333333333335,0,3,12,9.343501016154816,9.15012936294606,63.309352517985566,0.13935576781358705,0.09834759564265903,9.612986542517184,8.734013457482817,0.0104354896953453,0.012981136655162864,0.012274582244316243,-238928661.0,1.2127788872605985,0,0,-1,0,0,0.0052465897166842305,-1.0058300874545627,0.17999308927880747,0.20606915594703457,0.004255319148936065,0.04540420819490598,0.007020212245576416,0.0169491525423729,0.0
2012-12-04,9.63,9.44,-0.011548684784782208,0.01038430930571639,0.005293818609715295,0.5994431552071675,0.019927245652624978,9.393,9.203,9.094,1,4,12,9.395591740490303,9.181088758885025,69.48051948051949,0.15439679295535846,0.10955743510519891,9.682170335608735,8.723829664391264,0.01059571055970963,0.01357216491768737,0.012719347503542122,-230641361.0,1.7822472230362243,0,0,-1,0,0,0.003177966101695036,1.071610333224479,0.1814198195382909,0.2154514387497372,0.03659849300322948,0.0652654867256639,-0.5956361021633849,0.02180685358255442,0.0
2012-12-05,9.79,9.63,0.013634191275803577,0.01435922107788888,0.012591981697359967,0.5038971364515876,0.016478230732384684,9.461,9.235,9.124333333333334,2,5,12,9.46730233312843,9.220373355085991,86.01398601398596,0.17718509706409158,0.12308296749697745,9.780199142758152,8.689800857241847,0.010971994817580854,0.013760983027237635,0.012709304080425159,-216924561.0,2.0359533112699535,0,0,-1,0,0,-0.003115264797507906,2.96493194172025,0.18588232143619032,0.2184488333151093,0.038176033934252285,0.06994535519125678,-0.5970367553048341,0.023493360572012303,0.0
2012-12-06,9.88,9.79,0.019598358068628446,0.006091389393401913,0.018595577159344498,-0.7735581176919883,0.009151055217357614,9.526,9.278500000000001,9.159333333333334,3,6,12,9.542338272559624,9.26292991282238,86.11111111111107,0.20019946527390786,0.13850626705236352,9.883645480552106,8.673354519447896,0.01080539886611401,0.013074766383565783,0.012636651159078248,-210596061.0,1.9879517217949687,0,0,-1,0,0,0.0,-0.23418049822787898,0.18621512715549327,0.20755548180709446,0.040000000000000036,0.09655937846836848,-0.7436897545214566,0.011133603238866517,0.0
2012-12-07,9.81,9.88,0.00813839690297124,0.0010116338748442258,-0.004102569856777578,-0.23684607362210267,-0.007110238182504771,9.569999999999999,9.31,9.193333333333333,4,7,12,9.591004041185146,9.29822475715642,80.9859154929577,0.2103651444665129,0.1528780425351934,9.957651628253956,8.662348371746045,0.011193574087908217,0.01288118325753623,0.012703368346006818,-215589961.0,1.5440399689814133,0,0,-1,0,0,-0.0010121457489880123,-0.7901477855668461,0.21476160990009377,0.2044824449501384,0.029380902413431498,0.06862745098039214,-0.27177393628978985,0.016309887869520912,0.0
2012-12-10,9.84,9.81,-0.012232568435634295,0.0030287756621605686,-0.0030880106885767277,-0.11984015718943239,0.003053437486890248,9.614,9.349,9.229666666666667,0,10,12,9.636276033696937,9.3331779986302,78.90624999999994,0.2183255467459997,0.16596754337735467,10.0265155853721,8.6714844146279,0.01119573853979672,0.012286596384573564,0.012607641275322887,-211160061.0,1.4494131518180098,0,0,-1,0,0,-0.006116207951070387,-0.9352535297917786,0.1727982845652186,0.19504367095804181,0.04237288135593231,0.08609271523178808,-0.5400576080534752,0.02235772357723584,0.0
2012-12-11,10.12,9.84,0.013245226750020723,0.02783479899344384,0.01534556967466032,0.7666341784415635,0.028057952795157312,9.697,9.4015,9.272666666666668,1,11,12,9.724225845752038,9.383940708395993,82.58064516129026,0.24441047107612768,0.18165612891710928,10.147274764926408,8.655725235073593,0.011864220560186833,0.013394883332842226,0.01335055680177034,-201624661.0,1.9268552216858672,0,0,-1,0,0,0.004065040650406598,1.1537293307769463,0.2137289277076779,0.2126371808365473,0.05088265835929362,0.11576626240352805,0.19639804295962957,0.03458498023715412,0.0
2012-12-12,10.02,10.12,0.0249888065008155,-0.002945510229756803,0.01110561641250945,-0.07260700414273326,-0.009930568202600689,9.756,9.451,9.315333333333333,2,12,12,9.778002964706213,9.424976791725285,75.81699346405225,0.25408486511168427,0.1961418761560243,10.223879782304962,8.678120217695039,0.012940588035885003,0.013662786769729542,0.013338752529032279,-210492261.0,1.472415278616988,0,0,-1,0,0,0.0009881422924902731,0.7868338107279449,0.24318196617179996,0.21689001605284727,0.023493360572012234,0.10963455149501655,0.9990254886061046,0.020958083832335238,0.0
2012-12-13,10.14,10.02,-0.009920716286747991,0.005882369903066613,0.004008021397538647,-0.4786383929802375,0.011904902506318458,9.82,9.52,9.359333333333334,3,13,12,9.8438206074869,9.471107321291397,75.49668874172184,0.2683416141126287,0.2105818237473452,10.279418059750162,8.760581940249837,0.013069345318400314,0.01091657865062841,0.013381486087178202,-204997661.0,1.632829222428478,0,0,-1,0,0,0.0009980039920159467,-0.5874746387289749,0.2471568525174745,0.17329531366343903,0.026315789473684292,0.15753424657534265,0.8047476045101589,0.022682445759368876,0.0
2012-12-14,10.19,10.14,0.014844409148532495,0.017442302663342388,0.01291622526654645,0.5624975819371103,0.004918849071596255,9.886,9.587499999999999,9.397333333333334,4,14,12,9.906762315216556,9.517487494111307,75.81699346405225,0.2804420116021138,0.2245538613182989,10.332274780511005,8.842725219488992,0.01302916521283426,0.010921863808708441,0.01276171814661173,-195354361.0,1.6179387803293028,0,0,-1,0,0,0.003944773175542322,1.098227126510893,0.22272269676794118,0.17337921294695557,0.038735983690112,0.15271493212669673,0.519737186027159,0.02747791952894989,0.0
2012-12-17,10.36,10.19,0.006852694462040528,0.0019193863858034481,0.010800301350769646,0.13451863755309038,0.016545389596703656,9.978,9.659,9.441666666666665,0,17,12,9.989169166995362,9.571843139652513,83.64779874213838,0.30028771320667147,0.23970063169597344,10.412515270687258,8.905484729312743,0.01198920494153701,0.01111079000217643,0.012907921090205287,-184322561.0,1.8606125907989604,0,0,-1,0,0,0.0058881256133464675,1.5365061231768566,0.22578588147106896,0.17637832329132982,0.05284552845528445,0.16013437849944,-0.35446508615856825,0.018339768339768293,0.0
2012-12-18,10.5,10.36,0.010674531246919824,0.007640915876178794,0.009718249468921346,-0.58815838684026,0.01342302033214077,10.065,9.729,9.490333333333332,1,18,12,10.082047500268931,9.631724227416868,83.64779874213838,0.3235823487862337,0.2564769751140255,10.522895127636637,8.935104872363361,0.011504783364821133,0.01087541831063087,0.0129882930223225,-178196061.0,1.9423220351413542,0,0,-1,0,0,0.0,-0.4074249285292677,0.1682292698164601,0.17264191352236488,0.03754940711462451,0.15384615384615397,-1.4394828862692752,0.016190476190476182,0.0
2012-12-19,10.56,10.5,0.0067340321813441194,0.009469767737031993,0.004823936030853004,0.0356421942609977,0.005698021114637796,10.142,9.8015,9.537333333333331,2,19,12,10.168947954765489,9.691612986938361,83.54430379746837,0.3429319082997253,0.27376796175116547,10.621776590066728,8.981223409933273,0.011188430425258997,0.010786934300637263,0.012920190942458198,-171847261.0,1.849376196237167,0,0,-1,0,0,-0.006666666666666694,-0.30034239946465746,0.08070541914777835,0.17123727340967185,0.05389221556886237,0.15916575192096616,-0.1112528223408632,0.020833333333333225,0.0
2012-12-20,10.54,10.56,0.01427915741747224,-0.0028315261957383405,0.003842463901545039,0.12484251221685733,-0.001895735164899312,10.207999999999998,9.867,9.588333333333333,3,20,12,10.236411962989944,9.746347632942339,82.16560509554135,0.3525883220689874,0.28953203381472986,10.704165644177086,9.029834355822915,0.011562250087140517,0.010893111761958115,0.0124206877723161,-179040261.0,1.6078060648595807,0,0,-1,0,0,0.0018939393939393534,0.004015118081802918,0.11722058468560857,0.17292278835464278,0.03944773175542382,0.14192849404117003,-0.05109302436601174,0.01423149905123343,0.0
2012-12-21,10.46,10.54,-0.013320843975660678,-0.0028395665080777365,-0.007699749301303003,0.24654070607025155,-0.007619084476439293,10.273,9.9215,9.630999999999998,4,21,12,10.277064333355408,9.792389721139608,82.69230769230772,0.3497540214942614,0.30157643135063616,10.764334191098797,9.078665808901203,0.011629329605093431,0.011149183307217665,0.012364479590253162,-188244361.0,1.2778314066684038,0,0,-1,0,0,-0.009487666034155564,0.7339779210708596,0.16171633455090365,0.17698779811422352,0.026496565260059057,0.11632870864461053,-0.18394518331772575,0.019120458891013485,0.0
2012-12-24,10.43,10.46,0.0028694424279529607,-0.0018975337761914996,0.001930502530057845,-1.5769008139793774,-0.00287218962409585,10.331999999999999,9.973,9.676666666666666,0,24,12,10.304870818199879,9.833525868162859,78.57142857142853,0.3411544524229573,0.3094920355651004,10.80749575067563,9.138504249324372,0.011970023939785693,0.0112988257811073,0.012001313909308095,-190146061.0,1.0952722039147602,0,0,-1,0,0,0.0009560229445506488,-2.060080930730141,0.13168096012786593,0.17936329874313023,0.006756756756756799,0.10957446808510629,0.7579157828545119,0.015340364333652939,0.0
2012-12-26,10.31,10.43,-0.004786988557224692,-0.002853068982406399,-0.0067731270058457105,0.6111569500980517,-0.011571970983812472,10.350999999999999,10.024000000000001,9.717999999999998,2,26,12,10.305803396708992,9.864266134732999,69.11764705882356,0.3209564487070047,0.31178491819348125,10.80574972438747,9.242250275612532,0.01013447064701826,0.011283335452832777,0.012350029068337817,-193650061.0,0.731691975265081,0,0,-1,0,0,-0.0009587727708532873,-1.3213808179311044,0.10306599642706687,0.17911739740508337,-0.018095238095238053,0.109795479009688,0.41159897578045396,0.019398642095053275,0.0
2012-12-27,10.26,10.31,-0.009643276271804117,-0.012458234922041839,-0.016642576974998043,0.27010556140957914,-0.0048614582862452,10.375,10.0655,9.758999999999999,3,27,12,10.297475506398266,9.889797351847,64.39393939393935,0.2974855745853109,0.3089250494718472,10.801248097625011,9.329751902374989,0.009594628616750193,0.011253034459774871,0.012361040405170201,-198240661.0,0.5287135654929839,0,0,-1,0,0,0.0009699321047526466,-0.8627459577915636,0.0617344039865346,0.1786363840524263,-0.02840909090909094,0.088016967126193,-0.8247709387754733,0.023391812865496926,0.0
2012-12-28,10.16,10.26,-0.012676912818783252,-0.010673929135004675,0.0029571238897438627,-0.29451639292771037,-0.009794397592287585,10.376999999999999,10.0985,9.805666666666667,4,28,12,10.2724799597804,9.907229780760098,62.962962962962955,0.26772935611862536,0.3006859108012028,10.785009861163411,9.411990138836588,0.009647365326479114,0.011649110624940527,0.010896966050670661,-201660161.0,0.17916712775480906,0,0,-1,0,0,-0.006822612085770009,-1.1613888816677143,0.0557869600047523,0.18492389825203712,-0.03605313092979123,0.06947368421052635,0.13918633537509056,0.009832677165354319,0.0
2012-12-31,10.24,10.16,-0.005905528974041298,-0.0009653875220140102,-0.0059230183031221675,0.47821300413323786,0.007843177461025879,10.382000000000001,10.134,9.852333333333332,0,31,12,10.2665745125476,9.928698827162671,64.28571428571429,0.2477467991305513,0.2900980884670725,10.768164182627205,9.499835817372796,0.009849189395258588,0.01169101266417259,0.010882968667440639,-196143861.0,0.334298287111911,0,0,-1,0,0,-0.002952755905511748,-0.4158301335718139,0.12092473240419502,0.1855890725034442,-0.021032504780114758,0.07450157397691504,1.1453709717776648,0.014648437500000035,0.0
2013-01-02,10.47,10.24,0.031100660150227787,0.024097551579060524,0.025416812984123256,0.08693130803964602,0.02221240527108376,10.393,10.185500000000001,9.903666666666664,2,2,1,10.303560964811671,9.963621483474759,62.962962962963005,0.24761520263983172,0.28160151130162436,10.745292254699866,9.625707745300137,0.011003687325789133,0.011981435059180742,0.011308367764361784,-190126561.0,1.016448504284989,0,0,-1,0,0,0.02050781249999991,-0.2734956530047644,0.2264269099457615,0.1901993850975762,0.003835091083413289,0.10911016949152552,1.0318725195480811,0.01337153772683864,0.0
2013-01-03,10.72,10.47,0.0009564802259570362,0.025389234004819378,0.007213303697827194,0.40101802843515966,0.02359713076021054,10.415000000000001,10.24,9.957666666666666,3,3,1,10.379277153027731,10.01242009744413,73.33333333333334,0.2646332942480729,0.2782078678909141,10.78409751448068,9.695902485519321,0.012664441687184613,0.012252677371079584,0.011542098421146752,-181140661.0,1.764389607470059,0,0,-1,0,0,-0.0009551098376313072,0.7359687436690933,0.2435150496653835,0.19450522331151152,0.039767216294859464,0.11318795430944961,-0.05393978282050938,0.031249999999999913,0.0
2013-01-04,10.88,10.72,0.027347295936894937,0.013831479148461799,0.027878016113443062,-0.2663260744171679,0.014815085785140682,10.447,10.294500000000001,10.016666666666667,4,4,1,10.470317670659052,10.068392994383219,74.02597402597402,0.2877143256306205,0.2801091594388554,10.866457856379794,9.722542143620208,0.013273044990903706,0.012177223892949823,0.011634322425814194,-174255761.0,2.0473536414235864,0,0,-1,0,0,0.002798507462686507,0.158473917299129,0.21721607140760193,0.1933074364793943,0.060428849902534276,0.11133810010214518,-1.1767522134128392,0.0174632352941176,0.0
2013-01-07,10.91,10.88,0.01385703466142628,0.009115833408009413,0.006502577487566847,-0.0004067698174777306,0.0027535584171828166,10.484,10.346,10.072666666666665,0,7,1,10.550259912357406,10.122690220552043,73.68421052631578,0.30491212143597046,0.28506975183827843,10.94562795482816,9.74637204517184,0.01316084941390167,0.012155675727656683,0.011568155552577468,-167373661.0,1.8811664648344513,0,0,-1,0,0,0.0018382352941176078,0.14583017638062146,0.1448891109485438,0.19296536995994215,0.07381889763779537,0.10425101214574894,-0.25202664845222583,0.020164986251145635,0.0
2013-01-08,11.03,10.91,0.02982597951525377,0.022432524326916566,0.0183491386681964,0.420554382902693,0.010939033420431577,10.541,10.407,10.127999999999998,1,8,1,10.637485382837877,10.181226335355136,72.7891156462585,0.3244840455406077,0.29295261057874433,11.024979730548894,9.789020269451106,0.012720555723738666,0.011875626479971547,0.01147458827717987,-156893561.0,2.0162473595910537,0,0,-1,0,0,0.029330889092575644,1.4427698573290015,0.13756321015520753,0.18851972597458855,0.0771484375,0.12436289500509679,-0.5043529100267957,0.024478694469628248,0.0
2013-01-09,11.0,11.03,-0.01706372790140264,-0.00980837109852004,-0.005469475804535433,-0.21219238946783064,-0.0027235604670404925,10.597999999999999,10.465,10.181333333333333,2,9,1,10.703397131412808,10.23405044275158,68.38235294117648,0.3337271878386492,0.3011075260307253,11.076624239649776,9.853375760350223,0.012709943405043046,0.012018955378481817,0.011566316588950359,-165369961.0,1.7494401474550703,0,0,-1,0,0,0.0009066183136899172,0.5859575309428598,0.16499082663565048,0.19079500170147048,0.050620821394460336,0.11788617886178865,0.1472804199475184,0.02000000000000006,0.0
2013-01-10,11.07,11.0,0.00451876051332638,-0.0062921555908892444,0.0,0.031962135848509786,0.0063434739221749515,10.674000000000001,10.5125,10.240666666666666,3,10,1,10.770052198428662,10.287982672251479,68.61313868613138,0.3427498527406634,0.30943599137271294,11.157933350956672,9.867066649043327,0.011238985399733843,0.010762815257647636,0.011110972361844468,-156618261.0,1.7275215145720795,0,0,-1,0,0,0.008181818181818169,0.7214717586867936,0.10948068948340428,0.1708543954720033,0.0326492537313432,0.09387351778656128,-0.16144138832852503,0.013550135501355046,0.0
2013-01-11,11.05,11.07,0.0,0.006292155590889272,0.005469475804535476,-0.20174407877381234,-0.00180831875678366,10.753,10.564,10.294666666666668,4,11,1,10.82095179871436,10.33714508049332,68.61313868613148,0.3443174693705515,0.31641228697228063,11.208340544155758,9.919659455844242,0.010913134237464697,0.010335910998860196,0.011058829479313588,-163771061.0,1.5085190724317319,0,0,-1,0,0,0.0018066847335139634,0.1119172039233348,0.09088372897469388,0.16407750045768774,0.015625,0.10279441117764487,0.45513219801167776,0.014479638009049786,0.0
2013-01-14,11.02,11.05,-0.003613373398513815,-0.0026917916657114146,0.0009086779362181122,0.11505778057710822,-0.0027186242389934958,10.839,10.608,10.345333333333334,0,14,1,10.857142380766295,10.381200236590526,71.21212121212116,0.33922865083988896,0.32097555974580233,11.250613086505554,9.965386913494447,0.00985362403077166,0.010332690497128682,0.011148060071563565,-171796061.0,1.282264580823904,0,0,-1,0,0,0.0,0.41987444310771244,0.10009136806817959,0.1640263765776171,0.010082493125572745,0.08678500986193294,0.8896030800242039,0.010889292196007351,0.0
2013-01-15,11.08,11.02,-0.006354991882377228,0.0,-0.006378153740753431,0.3458804437907941,0.00542987759436946,10.922999999999998,10.6525,10.396999999999998,1,15,1,10.897661947899696,10.426284092294365,74.07407407407409,0.33616215597011134,0.32401287899066417,11.296496567497208,10.008503432502792,0.009892470681461426,0.010335188257964359,0.011142710905744074,-160454861.0,1.3276468278749147,0,0,-1,0,0,-0.003629764065335676,1.6672908731144451,0.07274676787123159,0.1640660273016514,0.004533091568449832,0.08734052993130526,0.6022177264549726,0.01714801444043333,0.0
2013-01-16,11.28,11.08,0.00635499188237722,0.019573578639958122,0.010004630969926747,0.15235030867640922,0.017889564750775123,11.004,10.6985,10.458333333333334,2,16,1,10.967177957372478,10.481362537952794,83.91608391608388,0.3458831396935622,0.3283869311312438,11.384580400383424,10.012419599616575,0.009251632089340534,0.010425926057691623,0.011035811515711098,-147247261.0,1.6951366040336409,0,0,-1,0,0,-0.0027075812274367653,2.173975304121664,0.1323885991915721,0.16550644521720054,0.025454545454545396,0.08880308880308885,1.0017465819624707,0.02659574468085097,0.0
2013-01-17,11.4,11.28,0.0259058703358441,0.007023733879307705,0.01080118511734748,-0.47414922237830187,0.010582109330537008,11.072,10.743500000000001,10.517333333333333,3,17,1,11.045872874213844,10.5406294709881,88.00000000000001,0.35913025640346063,0.3345355961856872,11.490149357569331,9.99685064243067,0.007415395033840559,0.010311600071435272,0.01074957642895579,-139026661.0,1.758522908630615,0,0,-1,0,0,0.005319148936170257,0.3316697784119894,0.13836844640635723,0.1636915764490416,0.02981029810298108,0.08571428571428585,0.4924280503399629,0.02280701754385963,0.0
2013-01-18,11.26,11.4,0.0035211303985789606,0.0017482521935294133,-0.0017921151749815767,-0.1157323698387098,-0.012356732688905492,11.110000000000001,10.7785,10.566333333333334,4,18,1,11.084805078902235,10.587040472859835,85.71428571428568,0.354248307883827,0.33847813852531516,11.554000517493296,10.002999482506702,0.008730149581052938,0.010935990836676845,0.01102839376830771,-146348861.0,1.241778668456304,0,0,-1,0,0,-0.0017543859649122432,-0.011505537796163146,0.18674903245544205,0.17360347256356867,0.01900452488687776,0.06628787878787867,-0.3230828737729717,0.026642984014209496,0.0
2013-01-22,11.48,11.26,-0.008826182628272184,0.013015368112070446,0.003581024417706021,0.248926138873824,0.01934976817987609,11.166999999999998,10.825500000000002,10.619666666666665,1,22,1,11.15665870092001,10.644650764933393,86.90476190476188,0.363936259238713,0.3435697626679947,11.65237681256562,9.998623187434383,0.010084936172744209,0.011441634595753978,0.011330282917042257,-136957061.0,1.5830653128831302,0,0,-1,0,0,0.0017761989342806016,0.6915950382704059,0.20368817374007,0.1816303183946284,0.04174228675136127,0.08918406072106277,-1.250162627164066,0.035714285714285726,0.0
2013-01-23,11.36,11.48,0.025384295135672443,-0.0008624407606585953,0.010666767804195228,0.382713440225884,-0.010507977598415206,11.2,10.8705,10.671333333333333,2,23,1,11.19362984620728,10.690802328486077,78.34394904458591,0.3578064631864031,0.3464171027716764,11.711463732868888,10.029536267131112,0.01094748819283924,0.011615363278057561,0.01147076171930666,-150727861.0,1.16414057079514,0,0,-1,0,0,0.007839721254355388,1.9566941363943933,0.24474995182246348,0.18438817572847377,0.025270758122743597,0.08604206500956013,-0.4157876162287231,0.02464788732394361,0.0
2013-01-24,11.45,11.36,-0.00868061006430588,0.0021547088707121083,0.006170138570155777,-0.21776077456786544,0.007891316707243272,11.245000000000001,10.921499999999998,10.725,3,24,1,11.24024260144232,10.739782823422459,75.88652482269495,0.3561058370692205,0.34835484963118524,11.773624898184547,10.06937510181545,0.010845828507793255,0.011520029510338495,0.011477255765659491,-139651761.0,1.2404284891239998,0,0,-1,0,0,0.009683098591549403,1.017364179175462,0.22032735317698643,0.1828747990828851,0.01507092198581561,0.09779482262703731,-0.1688377392409826,0.02052401746724886,0.0
2013-01-25,11.44,11.45,-0.0008722198546857468,-0.005611929254569874,0.0035087755296792705,-0.37316060934026296,-0.0008737440485967723,11.282,10.978,10.769,4,25,1,11.276562128452808,10.78495812513714,72.22222222222214,0.3499175307145119,0.34866738584785056,11.80899433147773,10.147005668522269,0.01091701183251277,0.010962820940563715,0.010640242478257015,-147278261.0,1.111920942176439,0,0,-1,0,0,0.0008733624454149838,-0.2741256178218829,0.21035669310083355,0.17402938725877679,0.0035087719298245723,0.10960232783705126,0.5971100969132139,0.011363636363636432,0.0
2013-01-28,11.43,11.44,0.006956549793359931,-0.0008661758878491927,-0.004387896465419602,-0.22209512713063131,-0.000874508144932509,11.32,11.0365,10.816,0,28,1,11.30445992327957,10.826573729967002,70.96774193548382,0.3402837575794635,0.34699066019417313,11.81792312818594,10.25507687181406,0.010871990637613124,0.010804567509156046,0.01035389767399088,-153385861.0,1.007136814374826,0,0,-1,0,0,0.00874125874125871,-0.9041044971401819,0.17902395600031917,0.17151719191701292,0.015097690941385356,0.11403508771929816,0.5845627297525923,0.01487314085739282,0.0
2013-01-29,11.33,11.43,-0.01660151715254179,-0.010453056852089256,-0.0150645294613958,0.22612554387170178,-0.00878740276680435,11.351,11.095,10.855666666666666,1,29,1,11.309103573592376,10.85905284416268,62.295081967213115,0.32088084406819206,0.34176869696897694,11.767763350901728,10.422236649098274,0.011405869473819068,0.01073268383296014,0.010524415890886686,-161043161.0,0.6986111823273996,0,0,-1,0,0,-0.006999125109361336,-0.42987829925919013,0.11669695571054463,0.17037607393377616,-0.013066202090592394,0.11515748031496065,0.48466340784194284,0.019417475728155397,0.0
2013-01-30,11.24,11.33,0.0008806693655934832,-0.0017528488274143605,0.002674990449303055,0.35464344588010077,-0.007975230574369947,11.367,11.145,10.890666666666666,2,30,1,11.29653928748467,10.883630080023153,59.374999999999986,0.29484288226798583,0.33238353402877874,11.685934863284398,10.604065136715601,0.011843068400935464,0.011125608883609845,0.010735352313833754,-171959961.0,0.3512437686977258,0,0,-1,0,0,0.0026478375992938534,0.8993307883196305,0.10702443119928076,0.17661356574121564,-0.010563380281690127,0.09765625,0.7055280758579353,0.015124555160142342,0.0
2013-01-31,11.21,11.24,-0.012400513198454961,-0.00175592670226492,-0.0017825316662831905,-0.11898144876192089,-0.002672607381476437,11.360000000000001,11.181999999999999,10.919000000000002,3,31,1,11.280804871578367,10.904686203892627,55.6451612903226,0.26868957450693465,0.31964474212440996,11.619966593295446,10.74403340670455,0.010342766101205783,0.010413796260859462,0.010483781569415748,-181652161.0,0.12786363356765768,0,0,-1,0,0,-0.0017793594306049442,0.279563559454401,0.06105799888833451,0.16531389066197072,-0.020960698689956203,0.07067812798471818,-0.4798447547933927,0.015165031222123097,0.0
2013-02-01,11.23,11.21,0.00621947806702027,0.006132301302063693,0.000891663010481642,0.013109867296812823,0.0017825316662831252,11.343,11.2075,10.943333333333333,4,1,2,11.271567622200482,10.925674190738265,57.258064516129004,0.2467325433607339,0.30506230237167475,11.587797667347807,10.827202332652192,0.009630705575480205,0.00924101040352664,0.010282800487112845,-171832061.0,0.11832836186935174,0,0,-1,0,0,0.007136485280998956,0.3192672528405253,0.07214715701500723,0.14669649234415277,-0.018356643356643332,0.0475746268656716,-0.08399605505261439,0.02048085485307201,0.0
2013-02-04,11.18,11.23,-0.006219478067020308,-0.0061323013020637175,-0.00625840218842248,0.11144374609313769,-0.004462301023398792,11.334999999999999,11.2225,10.964,0,4,2,11.254918963618577,10.942082307464828,56.34920634920635,0.22272937031615214,0.2885957159605702,11.570721042927548,10.874278957072452,0.008947310251645274,0.008863124983174734,0.010333588547101839,-182809861.0,-0.24409782730357943,0,0,-1,0,0,-0.0008904719501335518,0.7783867260769693,0.06768184292601648,0.14069774726618328,-0.02187226596675418,0.027573529411764497,0.6249178761550926,0.020572450805008982,0.0
2013-02-05,11.27,11.18,0.005333345975362382,-0.0017590154051796698,0.006258402188422466,-0.27757343882050134,0.00801786032473183,11.314,11.2405,10.988333333333333,1,5,2,11.25766097023338,10.963238287628387,57.36434108527129,0.20856472624627997,0.2725895180177122,11.556426373835604,10.924573626164397,0.006453260876018197,0.00898403691748278,0.010365311145479842,-174492861.0,0.1867523729775687,0,0,-1,0,0,0.008944543828264727,-0.5409312776188946,0.0980376677127087,0.1426171647184965,-0.005295675198587868,0.03299725022914757,0.7135471611143298,0.012422360248447098,0.0
2013-02-06,11.47,11.27,-0.006225008985844207,0.012248622076199239,-0.0008916630104816811,0.1167645218765442,0.017590603089594484,11.325,11.2625,11.022,2,6,2,11.296268066554584,10.995932591652362,57.364341085271356,0.2110446805932895,0.26028055053282767,11.577986257938546,10.947013742061452,0.008191563755431288,0.00946678583093323,0.010563136918996342,-165145761.0,1.3154297201776706,0,0,-1,0,0,-0.005323868677905832,-0.006360038014796944,0.14334348283661863,0.15028056614255572,0.020462633451957313,0.03989120580235728,0.9409694991668125,0.02528334786399295,0.0
2013-02-07,11.61,11.47,0.022928694057210673,0.012959144642505116,0.017683926789915615,-0.16258626941680995,0.01213186456852072,11.341,11.293000000000001,11.061333333333334,3,7,2,11.353310236271932,11.035549843803825,58.01526717557249,0.2217506883512801,0.2525745780965182,11.61939014433111,10.966609855668892,0.0086908525079269,0.009661425171702504,0.010626264747279967,-157201261.0,1.9424606135068574,0,0,-1,0,0,0.0,-0.6831490570967855,0.13794016695308067,0.15337036988870603,0.035682426404995304,0.05545454545454542,-0.20399882292531646,0.020671834625323016,0.0
2013-02-08,11.64,11.61,0.01127016697103951,0.0068434826536745725,0.010462170406983233,-0.19532282060600123,0.002580646593491713,11.361,11.3215,11.105666666666668,4,8,2,11.405435647858853,11.074546628074547,65.83333333333334,0.23000467518900614,0.24806059751501577,11.664997490990075,10.978002509009926,0.008658079478570661,0.009623838480500357,0.010238389314420228,-150666361.0,1.8544531378204663,0,0,-1,0,0,-0.0008613264427217732,-1.2649109314807998,0.13611516467909926,0.15277369966354606,0.0365093499554765,0.051490514905149,-0.2677159237387362,0.01718213058419253,0.0
2013-02-11,11.65,11.64,0.006016348186145694,0.0025542798050967007,0.008635632249605545,-0.3780698561452706,0.0008587377084178045,11.383,11.3515,11.152,0,11,2,11.449901893702698,11.111672652069739,58.585858585858574,0.23464805889162577,0.2453780897903378,11.699926538358172,11.003073461641828,0.008616554727312035,0.00957856920532931,0.010118607474556757,-146188761.0,1.7134171318095797,0,0,-1,0,0,0.002577319587628811,-1.9742622551275661,0.1101500398474454,0.15205507219873762,0.042039355992844474,0.05429864253393668,0.38671145981267424,0.011158798283261717,0.0
2013-02-12,11.55,11.65,-0.0017152662867550243,-0.008539761548134496,-0.010371743796781824,-0.17469482729156358,-0.008620743043906975,11.405,11.378,11.198333333333332,1,12,2,11.468101549393115,11.139951835807176,59.79381443298976,0.22763477764562268,0.24182942736139476,11.699876079457592,11.056123920542408,0.008593907726185119,0.00983923255128888,0.010065053359726787,-149948661.0,1.068734279911978,0,0,-1,0,0,0.0,-1.9556668063815046,0.16302952338886811,0.15619297453465172,0.024844720496894457,0.048094373865698925,-0.038005938544208764,0.012987012987013017,0.0
2013-02-13,11.61,11.55,-0.006890638806124416,-0.00042890843462590003,0.002603038346162208,0.04967758519371841,0.005181358741997363,11.442,11.4045,11.244,2,13,2,11.493901267685276,11.170277523819617,58.51063829787237,0.2243322378928223,0.2383299894676803,11.709922916454229,11.099077083545772,0.007887196962436206,0.009835317706942747,0.010044406966487295,-145997261.0,1.3456750553345993,0,0,-1,0,0,0.0017316017316016945,-1.646209251666086,0.11958676325443592,0.15613082830728334,0.012205754141237923,0.047833935018050555,-0.38933249376286017,0.009905254091300622,0.0
2013-02-14,11.47,11.61,0.0025895569067336767,-0.004730174375401434,-0.013961832381768522,0.7154209310356696,-0.012131864568520691,11.468,11.414,11.277333333333333,3,14,2,11.489555582651588,11.189614457766739,51.40186915887856,0.20802019406492533,0.23226803038712934,11.71490390142935,11.113096098570649,0.0091334738623844,0.009613040809062766,0.00986097069769895,-154078061.0,0.37221185723408906,0,0,-1,0,0,-0.0008613264427217732,-0.06657953274972392,0.11897117590386178,0.15260229194337135,-0.012058570198104968,0.01684397163120588,-0.5349040525057398,0.01918047079337392,0.0
2013-02-15,11.6,11.47,-0.006052763831351344,0.01327358387971402,0.010489606671019443,-0.14997254123033912,0.01127016697103951,11.504999999999999,11.424,11.306666666666667,4,15,2,11.509636385805845,11.216090944362433,57.14285714285716,0.20323987261497933,0.22646239883269936,11.736032386984078,11.11196761301592,0.009559053108630386,0.009651390025351366,0.009192506083683508,-147122661.0,1.128088027663493,0,0,-1,0,0,0.0052310374891018935,-0.4822582569123234,0.15332512420839492,0.15321106687901453,-0.003436426116838587,0.01754385964912264,-0.027331145153682332,0.021982758620689723,0.0
2013-02-19,11.7,11.6,0.009495108022324245,-0.004689840188322476,0.005203827875027044,-0.34460540248496146,0.008583743691391435,11.556999999999999,11.446000000000002,11.334,1,19,2,11.544247952022962,11.247310883435825,65.54621848739498,0.2051556905944807,0.22220105718505564,11.771116982995723,11.12088301700428,0.009272512286773605,0.009271585464817265,0.008972187755595051,-142194761.0,1.5625144996091478,0,0,-1,0,0,0.0034482758620690453,-1.184657138934745,0.16739627137943552,0.1471818563951261,0.0042918454935620964,0.03907637655417395,-0.4817043153303194,0.011965811965811863,0.0
2013-02-20,11.43,11.7,0.0017167386190545491,-0.0008550663197333875,-0.013060699370247173,-0.07162131811745844,-0.023347363996991062,11.573,11.443499999999998,11.351333333333335,2,20,2,11.523475597109696,11.25909727805287,56.934306569343065,0.18278026946053494,0.2143168996401515,11.768284949094868,11.118715050905129,0.012608367192284354,0.009894876741839153,0.010110595790809033,-146782061.0,-0.08313193106775042,0,0,-1,0,0,-0.003418803418803346,-1.182458013271499,0.2364940779330556,0.1570762986752608,-0.010389610389610504,-0.004355400696864131,-0.8124440601443176,0.024496937882764597,0.0
2013-02-21,11.45,11.43,-0.020797976694482186,-0.018127384592556604,-0.008802873745955165,0.3387709773704004,0.0017482521935294133,11.571000000000002,11.448,11.365333333333332,3,21,2,11.510116397635205,11.27141358269462,58.823529411764675,0.16476214441872017,0.20440594859586522,11.770398902963766,11.125601097036235,0.011258148540673987,0.009599351317548821,0.009953993492912379,-140345061.0,0.012406990108298654,0,0,-1,0,0,-0.0008748906386701476,-0.4320298904154143,0.23109682605661871,0.15238497800264642,-0.013781223083548677,0.007922535211267512,-0.6769774466754944,0.014847161572052396,0.0
2013-02-22,11.6,11.45,0.004368726913415168,0.012981575639152646,0.012302439872219571,-0.3136281241967104,0.013015368112070446,11.57,11.4555,11.385333333333334,4,22,2,11.52645887079244,11.292612706391742,62.41610738255034,0.16073356047520448,0.1956714709717331,11.784995627318045,11.126004372681956,0.01136995895919434,0.009877610051625026,0.010151107511448145,-135640961.0,0.8770981343586731,0,0,-1,0,0,0.0017467248908298123,-1.0678196408149254,0.23579025137724657,0.15680219846563015,0.011333914559720881,0.013100436681222849,-1.8072440778395362,0.015517241379310475,0.0
2013-02-25,11.32,11.6,0.013853035389293729,0.007708817618293449,-0.012302439872219417,0.26549410637533205,-0.024434025337282023,11.538,11.4495,11.393666666666666,0,25,2,11.488920894284725,11.294379628560018,54.06976744186049,0.13340935869067927,0.18321904851552234,11.784508248131969,11.114491751868032,0.013607852511884705,0.011334720204996197,0.011158059136155375,-141775461.0,-0.7731152932627918,0,0,-1,0,0,0.002586206896551822,-0.4070221544221421,0.2807846136983922,0.17993310505751398,-0.024137931034482696,-0.010489510489510412,-0.3836394606737562,0.03621908127208482,0.0
2013-02-26,11.4,11.32,-0.024370222603161438,-0.02680662027488229,-0.007098521377677291,-0.03867118612055181,0.007042282625412951,11.513,11.448,11.405333333333333,1,26,2,11.472753458960229,11.301193846072277,53.80116959064331,0.11686294009949272,0.16994782683231643,11.783643921598358,11.112356078401643,0.01392614095330558,0.011458086365025119,0.011203963618399787,-135873661.0,-0.28601739469269155,0,0,-1,0,0,0.002650176678445173,-0.5030497646591169,0.27630526297656016,0.18189148213533912,-0.02564102564102555,-0.002624671916010457,-0.37180735472960114,0.015789473684210503,0.0
2013-02-27,11.82,11.4,0.0026396847707732454,0.03530284810396794,0.013268659947833175,0.07149518839354604,0.03617965657750226,11.540000000000001,11.4725,11.432,2,27,2,11.535889193694732,11.334665210841807,59.067357512953386,0.1360717239371727,0.1631726062532877,11.841731064440717,11.103268935559283,0.01829277614287852,0.013912519382349617,0.012933596568009308,-129534461.0,1.8822901617249734,0,0,-1,0,0,-0.0017543859649122432,-0.28364556386663553,0.3482345656482955,0.22085439837637819,0.034120734908136496,0.04324801412180057,-0.12216499712508702,0.03722504230118439,0.0
2013-02-28,11.7,11.82,0.037935583279767225,0.006325131776968795,0.02259001360510685,0.2270229425311144,-0.010204170174241736,11.549000000000001,11.4955,11.452666666666666,3,28,2,11.565727522113871,11.35823519723911,52.35602094240838,0.13999801641470278,0.15853768828557074,11.861040695409761,11.129959304590239,0.018677904264802137,0.014005821333834802,0.013119929843719883,-137489261.0,1.11889046865636,0,0,-1,0,0,0.0,0.5253486048960404,0.3690080807597309,0.22233552093917905,0.02183406113537112,0.040925266903914403,0.25098984754634956,0.02179487179487171,0.0
2013-03-01,11.82,11.7,-0.013628831055605787,0.004613134622598731,0.0017167386190545491,-0.34107627195469903,0.010204170174241889,11.584,11.526,11.470666666666666,4,1,3,11.611958881729532,11.388026474836586,54.50000000000001,0.1510514020718574,0.15704043104282808,11.893030760220466,11.158969239779534,0.018282693914261378,0.014072216043052756,0.012863742431427749,-131833361.0,1.6020455605595658,0,0,-1,0,0,-0.003418803418803346,-0.4869232314155354,0.36538802492495687,0.223389504272946,0.018965517241379404,0.05441570026761822,0.3670801485901326,0.024534686971235124,0.0
2013-03-04,12.04,11.82,0.008539761548134581,0.011647386249181596,0.007263437188529619,0.3993110242541073,0.018441427902722712,11.628,11.5665,11.491999999999999,0,4,3,11.68978453959689,11.430089282911647,58.823529411764696,0.17553993611012153,0.1607403320562868,11.972677301188332,11.160322698811667,0.01878231121805197,0.014507997815191824,0.013135610256491324,-123401561.0,2.33149414610174,0,0,-1,0,0,-0.0050761421319797375,0.9647466729573182,0.2723731460134713,0.23030732544279592,0.06360424028268552,0.07212822796081908,0.2283244255879498,0.028654485049833943,0.0
2013-03-05,12.11,12.04,0.03097778048547807,0.004950505159856205,0.019810974576427293,-0.019847458586435274,0.005797117684325915,11.669,11.613000000000001,11.520333333333332,1,5,3,11.766187350579273,11.473954490465735,62.8440366972477,0.1983096999736027,0.16825420563974997,12.044989278620122,11.18101072137988,0.01872461597886176,0.014389679055808399,0.012874592913708599,-115135461.0,2.3009830317434607,0,0,-1,0,0,0.007475083056478542,1.0882266340783333,0.2740950813871514,0.2284290733662225,0.062280701754385825,0.0831842576028623,0.285327728096493,0.014037985136251027,0.0
2013-03-06,12.05,12.11,0.0032921840434768767,0.00451653405836583,0.0,-0.3980406142652795,-0.0049668976283368,11.731,11.652,11.539333333333333,2,6,3,11.81778965047395,11.511118716887301,60.091743119266106,0.20910299416894063,0.1764239633455881,12.0943192464613,11.209680753538699,0.016612944581067258,0.014495292113621994,0.012529406763915524,-120687261.0,1.7996051638454902,0,0,-1,0,0,0.004954582989265112,-0.45663734883959595,0.1838283476037393,0.23010562868327766,0.019458544839255465,0.06921029281277735,-0.012093856413247405,0.01867219917012445,0.0
2013-03-07,12.09,12.05,-0.01657038742955395,-0.0069887232037550455,-0.00334448472284736,0.18390237611938368,0.0033140046900372914,11.794999999999998,11.683,11.563666666666666,3,7,3,11.867282441296869,11.54846589644296,64.90384615384616,0.2183672218813104,0.18481261505273258,12.157357182767077,11.208642817232922,0.016581801612715087,0.01410005165098651,0.012319617205468147,-114014561.0,1.7160064811323779,0,0,-1,0,0,-0.006639004149377599,0.34620072242715494,0.13806201660433276,0.22383138085005602,0.03333333333333344,0.054054054054053946,0.12363488849640529,0.014888337468982608,0.0
2013-03-08,12.26,12.09,0.023122417420854212,0.014742281737203431,0.016611677666896175,0.029168642271737016,0.013963265881364057,11.861,11.715499999999999,11.590666666666667,4,8,3,11.938685633788346,11.594371322478898,65.56603773584908,0.2366982581587358,0.19518974367393324,12.253585299440793,11.177414700559204,0.01663294321045868,0.014171603574321848,0.012468856660159306,-107144361.0,2.023842690242131,0,0,-1,0,0,0.013234077750206795,0.5350637913992248,0.14676188567491308,0.22496723241989802,0.0372250423011844,0.05598621877691645,-0.11718065770733636,0.01305057096247962,0.0
2013-03-11,12.33,12.26,-0.004909993497555894,0.002436054797881121,-0.005782750521912083,0.17309207559240292,0.005693386668187594,11.962,11.75,11.620333333333333,0,11,3,12.009833700372283,11.641831237157678,65.07177033492826,0.25394681070476643,0.20694115708009989,12.352346289630955,11.147653710369045,0.012962025630214062,0.014186061049274208,0.01246799247565541,-98975861.0,1.9258025158762206,0,0,-1,0,0,-0.005709624796084852,1.32500628712493,0.10794920470997306,0.22519673771975734,0.024086378737541603,0.05927835051546393,-0.17186083294816967,0.021086780210867784,0.0
2013-03-12,12.34,12.33,0.012230074984061586,0.01048819618305418,0.018062888468503156,-0.07083526230163809,0.0008107013009888613,12.056000000000001,11.7845,11.650666666666666,1,12,3,12.06986393666823,11.686874383147506,74.8633879781421,0.26536437397354184,0.2186258004587883,12.43947207654466,11.129527923455338,0.01319617651535378,0.014186443214296084,0.012455705874939124,-91365961.0,1.696255519565261,0,0,-1,0,0,0.0008110300081102828,0.860194318648724,0.1107655162419407,0.2252028044014034,0.018992568125516085,0.05922746781115884,0.4854823881310885,0.013776337115073072,0.0
2013-03-13,12.45,12.34,0.0008100445967443455,0.0056022555486697516,0.00487013949604273,-0.29846727867034417,0.008874604433474856,12.119,11.8295,11.688,2,13,3,12.138979584546734,11.736108293912183,76.04166666666669,0.28006059164595953,0.23091275869622258,12.538107975652602,11.120892024347397,0.008563536388647036,0.013973957372853838,0.012315888468644901,-85719761.0,1.7513209597409396,0,0,-1,0,0,0.0008103727714748612,-0.5908210052994087,0.08175158769421818,0.22182969623993248,0.03319502074688785,0.07792207792207773,0.6390942771440793,0.014457831325301183,0.0
2013-03-14,12.55,12.45,0.008867450285320943,0.0015948966698159737,0.0016181233304102998,-0.09521454483231372,0.00800004266707637,12.204,11.8765,11.731666666666666,3,14,3,12.213710569174602,11.78861743624043,75.40106951871662,0.2963603565842252,0.2440022782738231,12.645895524866622,11.107104475133378,0.006648681205970864,0.014002687233954597,0.0121609454689591,-80586361.0,1.7507250256407565,0,0,-1,0,0,0.0008032128514057481,-1.0898105149913515,0.07665920136599033,0.22228576864597668,0.03804797353184464,0.08096468561584858,-0.07827786215747602,0.014342629482071831,0.0
2013-03-15,12.38,12.55,0.004803852312645237,0.0,-0.000808734374851841,0.49166556085419744,-0.013638398321342882,12.26,11.922,11.770666666666665,4,15,3,12.243945011142856,11.826771150031371,80.11363636363639,0.29219224812748834,0.25364027224455615,12.697780761216887,11.146219238783114,0.009161865112729997,0.014096055755746236,0.012515958567189223,-88979661.0,1.1807459604478554,0,0,-1,0,0,-0.0023904382470120427,1.4683579393942952,0.14657886049621976,0.22376794797963104,0.00978792822185981,0.07933740191804706,-1.6626736535362638,0.015347334410339359,0.0
2013-03-18,12.56,12.38,-0.01854144209400906,0.003976148379639417,-0.017959666398192464,-0.6049054200911582,0.014434893783602484,12.312000000000001,11.97,11.815,0,18,3,12.301409554571427,11.874076237126122,81.18279569892475,0.29995578425822167,0.2629033746472893,12.779938269253009,11.160061730746992,0.008543183040862637,0.014202631105067408,0.012675162709527317,-84395861.0,1.4569011550575257,0,0,-1,0,0,-0.007269789983845042,-1.3509263702070837,0.17192949763483506,0.225459779200793,0.018653690186536842,0.08275862068965534,-1.222464474835608,0.03662420382165597,0.0
2013-03-19,12.64,12.56,0.024910890379488904,0.007117467768863955,0.028422538506134163,-0.09526000435385333,0.0063492276786587445,12.364999999999998,12.017,11.863666666666667,1,19,3,12.362971453740258,11.923490673440567,76.97368421052633,0.30900179365685254,0.272123058449202,12.868972324729983,11.165027675270016,0.00855613264593198,0.01417363411719145,0.01258542711285671,-80228561.0,1.4624888201561004,0,0,-1,0,0,0.0031847133757961104,-1.570108610462895,0.17046531870779263,0.22499946628865455,0.024311183144246407,0.0803418803418805,-1.759580565415304,0.015822784810126524,0.0
2013-03-20,12.79,12.64,0.00632913505164753,0.01175101653551895,0.010354532975580798,0.2939613589482115,0.011797226872039912,12.439,12.085,11.914333333333333,2,20,3,12.440613007605663,11.97939450096053,85.16129032258071,0.3245335469616837,0.28260515615169834,12.956574497827749,11.213425502172253,0.008173951640323177,0.0127464332026981,0.012645094418930887,-74637161.0,1.6177618821043793,0,0,-1,0,0,0.0031645569620252488,-0.6082747710182895,0.17608422557439676,0.20234335414461435,0.027309236947791193,0.11898512685914264,-1.778349631172388,0.017200938232994577,0.0
2013-03-21,12.76,12.79,0.0031496089028962013,0.004274341071493055,0.007892700798909203,0.05421405253882297,-0.0023483376741073965,12.506,12.1505,11.957333333333333,3,21,3,12.498683369859178,12.02975614605985,82.19178082191789,0.33061074915821287,0.29220627475300126,13.018030675932977,11.282969324067022,0.008567794729564699,0.012845972115373413,0.012438948202658704,-80540061.0,1.4051376323829,0,0,-1,0,0,-0.005473025801407233,-0.3559240199761214,0.18182533568686166,0.20392348539689029,0.01673306772908356,0.11441048034934509,-0.8329708736627045,0.013714733542319666,0.0
2013-03-22,12.87,12.76,0.0054880576787750416,0.002710553450458002,-0.008685407935148033,0.2597062379703603,0.008583743691391435,12.567,12.214,11.999333333333333,4,22,3,12.566195484430235,12.083965426959214,80.74074074074083,0.3403793748203583,0.3018408947664727,13.097638411402407,11.330361588597594,0.008120683573945178,0.01274529905538309,0.012370789522141388,-72886661.0,1.4847702216993337,0,0,-1,0,0,0.0023510971786833354,0.8504743319764616,0.10276078506976756,0.2023253501141406,0.03957996768982208,0.10948275862068968,-1.0421204759578675,0.02486402486402489,0.0
2013-03-25,12.86,12.87,0.012432172554795402,0.004629637898742197,0.011276388067934537,-0.057782706533550415,-0.0007773027985619028,12.620000000000001,12.291,12.04,0,25,3,12.619614487261101,12.134032173607007,79.06976744186056,0.3433561684323472,0.31014394949964763,13.112856691311277,11.469143308688723,0.008305545365499881,0.01083406401891967,0.012394699420781903,-80110361.0,1.3846696291835408,0,0,-1,0,0,0.006216006216006222,0.48156056316938245,0.09693616922745686,0.17198543449328657,0.023885350318471277,0.13604240282685498,-0.1865865687343203,0.01842923794712287,0.0
2013-03-26,12.95,12.86,-0.006196766537511493,0.005374293165776941,0.005239913447761146,0.23836278040409986,0.006974069336073403,12.681000000000001,12.368500000000001,12.083333333333334,1,26,3,12.679684580486356,12.18667525918075,84.09090909090912,0.3489550105108883,0.3179061617018958,13.126427228835988,11.610572771164014,0.008251299854962337,0.010833869983336812,0.012401945334057972,-70942261.0,1.5344481049798337,0,0,-1,0,0,0.0007776049766718341,1.6884513753599943,0.09769931344499011,0.17198235427390013,0.024525316455696,0.13596491228070162,-0.2717047346927085,0.01853281853281855,0.0
2013-03-27,13.19,12.95,-0.0007773027985619028,0.01444342858394612,0.0015588467692910996,-0.07624054073227932,0.01836317858367657,12.754999999999999,12.437000000000001,12.138,2,27,3,12.772469202216108,12.251405887620704,86.18421052631584,0.3685101715637522,0.3280269636742671,13.232886794383562,11.64111320561644,0.00927285919892683,0.008692469010316905,0.012470807628407111,-62447161.0,1.892228908216074,0,0,-1,0,0,-0.006949806949806939,1.1064866223706193,0.13288703400632804,0.13798866768260565,0.03127443315089917,0.11590524534686963,0.6548027668420381,0.031084154662623213,0.0
2013-03-28,13.48,13.19,0.029875833622757926,0.024232313387767806,0.02840882027241892,0.32916917045826943,0.02174813875493792,12.847999999999999,12.526,12.200333333333333,3,28,3,12.901111165449542,12.33067002390324,87.19512195121956,0.4027655237098582,0.34297467568138534,13.371431064138859,11.68056893586114,0.010596658551350691,0.008610234640824199,0.012872912933916413,-50640561.0,2.256836874031185,0,0,-1,0,0,0.0045489006823351405,2.587994430119936,0.14587897868113417,0.13668323753720626,0.056426332288401326,0.15213675213675226,-0.01649786130958872,0.027077151335311456,0.0
2013-04-01,13.23,13.48,0.016467437990041352,-0.004799713847891657,-0.0022735894598728554,-0.6226635997735213,-0.01872012735729666,12.933000000000002,12.5965,12.259000000000002,0,1,4,12.960909135367807,12.388691312683676,74.72527472527474,0.40507082212962686,0.3553939049710336,13.429105928143304,11.763894071856697,0.011741737915888138,0.010303880446755277,0.01322037812998747,-56974961.0,1.5217282956721054,0,0,-1,0,0,-0.0007418397626112602,-0.412251760429793,0.2585905207929943,0.16356903120633345,0.027972027972028135,0.11928934010152292,-0.7610623334976284,0.024943310657596376,0.0
2013-04-02,12.68,13.23,-0.021006023693049502,-0.021699317548567194,-0.043417671961294126,0.7209599396787977,-0.042461029117784474,12.944999999999999,12.628499999999999,12.295,1,2,4,12.909834747119113,12.407485421542795,57.20338983050847,0.35838613203537584,0.3559923503839021,13.41918990528285,11.837810094717147,0.01884871400109408,0.014334651957383173,0.01563449213396187,-70001061.0,0.13026598583316362,0,0,-1,0,0,-0.003023431594860236,2.552440081166438,0.42863294444568023,0.2275555452594068,-0.013996889580093264,0.05315614617940212,-0.8204137061109077,0.04731861198738182,0.0
2013-04-03,12.54,12.68,-0.039038773677978,-0.027220388689832776,-0.011155494171785399,-0.0883012289262922,-0.01110241380430527,12.934999999999999,12.65,12.323,2,3,4,12.842592065824727,12.416034749185195,51.88284518828452,0.3065575442745221,0.3461053891620261,13.403853259489217,11.896146740510783,0.019111537839252988,0.014633771986067572,0.01580584323938721,-81926261.0,-0.29183398390963533,0,0,-1,0,0,0.0003943217665615758,1.8012444591217,0.4224832051965976,0.23230392850775133,-0.031660231660231686,0.035507844756399676,-0.20649090150112157,0.030701754385964897,0.0
2013-04-04,12.8,12.54,-0.011496657846470661,-0.0011666343924787194,0.004764273828108542,-0.4541569559086489,0.020521635720796988,12.935999999999998,12.6875,12.368666666666666,3,4,4,12.834848053856595,12.440806700850668,54.90196078431373,0.2831983083447973,0.33352397299858033,13.388442973880176,11.986557026119824,0.01994320501480857,0.01512430233245669,0.015385735234117215,-74353961.0,0.32099615572787626,0,0,-1,0,0,0.0,-0.010317087478156696,0.43078387872825186,0.24009085635020722,-0.029567854435178065,0.06224066390041494,-0.18447822640723938,0.024249999999999966,0.0
2013-04-05,12.81,12.8,0.004773278752657812,-0.0015576327136837397,-0.007572700949834878,-0.1057230134328748,0.000780944983071351,12.940999999999999,12.7235,12.414,4,5,4,12.830330225882669,12.464625623376433,58.99581589958159,0.262467302321852,0.3193126388632347,13.366822788751271,12.080177211248728,0.01992233226581523,0.015133305469755826,0.015391408067975312,-67541361.0,0.2689163247827815,0,0,-1,0,0,-0.015625000000000083,-0.32802681092275543,0.36646465366696124,0.2402337767240845,-0.04970326409495551,0.05955334987593064,-0.07683440444958452,0.03005464480874315,0.0
2013-04-08,12.93,12.81,0.018089364670112684,0.009309609518001744,0.01554745289915608,0.06619217467623953,0.009324076875123244,12.947,12.757000000000001,12.458333333333334,0,8,4,12.848452002994911,12.494649776706986,57.93991416309011,0.25280663034009265,0.3060114371586063,13.367645904803288,12.146354095196715,0.01995723527834527,0.014988554008991328,0.015329120834504816,-60262561.0,0.566613150564659,0,0,-1,0,0,0.0015612802498048066,-0.14359786099414878,0.3784958973621643,0.2379359185215074,-0.02267573696145131,0.05464926590538344,-1.0266661618562716,0.02397525135344151,0.0
2013-04-09,12.9,12.93,0.007764014156220944,0.006925768352960036,0.011797226872039912,-0.08733116113805652,-0.0023228814161396385,12.950999999999999,12.7855,12.511,1,9,4,12.857824366086744,12.520801404016213,55.7017543859649,0.23996357815677527,0.2928018653582401,13.364627292616243,12.206372707383759,0.01997542262576425,0.015013243470149623,0.014453502134394747,-66932661.0,0.39542256584986396,0,0,-1,0,0,0.0,-0.3643939707140358,0.1918346568281874,0.23832785156688163,0.01735015772870674,0.04622871046228716,0.4771911890715555,0.01937984496124031,0.0
2013-04-10,13.04,12.9,-0.0023228814161396385,0.007639456557957626,0.008563695776875211,-0.017452502740942264,0.010794245130880394,12.959999999999999,12.8205,12.565666666666667,2,10,4,12.890947208616426,12.554298087628071,55.506607929515425,0.23833482128202021,0.2819084565429961,13.370120921995438,12.27087907800456,0.020151321874451678,0.015125840347155677,0.014493463418927467,-60377961.0,0.7987323306510583,0,0,-1,0,0,0.0,-0.3887125720618357,0.14434078833737493,0.2401152715766449,0.03987240829346095,0.05672609400324147,0.4052886738267886,0.01840490797546014,0.0
2013-04-11,13.09,13.04,0.01232681248065868,0.008336539375766623,0.0077220460939103185,0.048944893942909094,0.003827023423301811,12.95,12.852500000000001,12.607999999999999,3,11,4,12.92713862523162,12.588859501329486,57.20524017467248,0.23833126736268895,0.2731930187069347,13.385569561966458,12.319430438033544,0.019235703155253782,0.015061563104989089,0.013151581095338741,-53494461.0,0.8910656955309105,0,0,-1,0,0,0.0015337423312884472,-0.282577913480279,0.08868379934204788,0.2390949019902417,0.022656249999999822,0.051405622489959946,0.0037416243141916287,0.019098548510313215,0.0
2013-04-12,13.15,13.09,0.0,-0.002266718008690921,0.00230503367521705,-0.34187359222264413,0.004573178701965141,12.916999999999998,12.882499999999999,12.656333333333333,4,12,4,12.967658875189507,12.625062114146939,56.250000000000014,0.24039878190038877,0.2666341713456255,13.41140651845437,12.353593481545627,0.017691236663352043,0.01501599547022079,0.01289713350940795,-48604161.0,1.0115209046079432,0,0,-1,0,0,-0.002291825821237537,-1.1052261612587038,0.0825247494447603,0.23837153821365967,0.02654176424668231,0.047808764940239,-0.5803991190310814,0.014448669201521009,0.0
2013-04-15,12.67,13.15,0.0038211739273234352,-0.0015140048312151828,-0.03276424115992554,0.6559423063515722,-0.037184764290725876,12.861,12.897,12.684666666666665,0,15,4,12.913539079700506,12.627961332589074,46.49446494464946,0.20098844392394,0.2535050258612884,13.3819785670797,12.4120214329203,0.020246382330757078,0.01704324813769551,0.01479813274739488,-58027561.0,-0.9361238430262238,0,0,-1,0,0,-0.0030418250950571043,0.7500616525938404,0.29855201706883233,0.27055317663064227,-0.02010827532869297,0.02342487883683364,-1.8991735585356015,0.046566692975532745,0.0
2013-04-16,13.18,12.67,-0.019253578966135197,-0.0015163005179639638,0.01573596593181485,-0.13853755058019543,0.03946353474131355,12.910999999999998,12.928,12.722666666666667,1,16,4,12.961986519754959,12.663576730486552,53.6741214057508,0.2085046925871339,0.24450495920645754,13.401402021208792,12.45459797879121,0.019964732700102402,0.018957049463620503,0.016085819827094148,-49823261.0,1.064634237752255,0,0,-1,0,0,0.01499605367008678,0.18245490307123371,0.4347524957805371,0.3009338308337415,0.021705426356589008,0.0493630573248407,-0.4850516390906215,0.028072837632776876,0.0
2013-04-17,13.15,13.18,0.020016064706469536,0.001516300517964008,0.007001195458983561,-0.19399060963844372,-0.0022787704505876005,12.972,12.9535,12.757333333333333,2,17,4,12.996170788890419,12.694958876906774,49.315068493150704,0.20962420715131813,0.23752880879542967,13.416409562612664,12.490590437387336,0.019413167615321823,0.018964754786352685,0.016107348305783826,-56580861.0,0.8489779251521764,0,0,-1,0,0,-0.004552352048558459,-0.5265793216660838,0.432851767732785,0.3010561490400665,0.008435582822085896,0.04034810126582267,-0.019825753324955904,0.022813688212927674,0.0
2013-04-18,12.98,13.15,0.003044142381228273,-0.003034903695153936,0.0019361090268664007,-0.5853184219387002,-0.013012047347829599,12.99,12.963,12.788333333333332,3,18,4,12.993230645455796,12.713348626783757,41.07142857142858,0.1945511862867768,0.22893328429369914,13.419536157558461,12.506463842441537,0.019286511993178306,0.019106118764458065,0.01630557235852629,-60344361.0,0.07447383835232924,0,0,-1,0,0,0.0007604562737642424,-1.7458292845029248,0.44452428833760116,0.3033002326225242,-0.008403361344537785,0.01485535574667729,0.5208939637579029,0.018104776579352805,0.0
2013-04-19,13.34,12.98,-0.01069528911674803,0.0180727810596946,0.002704270529635801,0.2687312146206087,0.02735732921153371,13.043000000000001,12.991999999999999,12.83,4,19,4,13.056279619009286,12.75377774763642,51.89003436426116,0.20924268063749984,0.2249951635624593,13.467531835228867,12.516468164771132,0.02097445400487579,0.019999290549213677,0.016939187740993466,-55420561.0,1.4636244062714037,0,0,-1,0,0,0.0030816640986131853,-1.1981049440163067,0.4919289328501303,0.3174788951456626,0.01444866920152088,0.045454545454545414,-0.027299941506811816,0.03298350824587702,0.0
2013-04-22,13.17,13.34,0.03323568743615856,0.005952398527295352,0.011507606851479725,0.3993399930417276,-0.012825524732287957,13.066999999999998,13.007,12.860333333333333,0,22,4,13.076956051916689,12.780630796176006,59.68379446640317,0.20480732515003375,0.2209575958799742,13.485246798212327,12.528753201787673,0.021534192743149067,0.020219777640017512,0.01706524577847646,-62761161.0,0.6816564192767827,0,0,-1,0,0,0.008995502248875636,-0.17345344753685424,0.3891332017202244,0.320979019203065,0.03946329913180735,0.02331002331002341,0.6223725218602829,0.028094153378891495,0.0
2013-04-23,13.34,13.17,-0.02026335748735867,-0.0022279994363129116,0.0022857152808560825,0.04135042202494514,0.012825524732287936,13.110999999999999,13.031,12.894,1,23,4,13.124782224295473,12.816719131906588,65.62500000000003,0.21255959848435246,0.21927799640084986,13.52606618377357,12.53593381622643,0.02172847080467791,0.02037505641820071,0.01716181810364896,-55110661.0,1.248317942642302,0,0,-1,0,0,0.0015186028853454497,-0.05207612293156715,0.2793102855800727,0.3234439933888172,0.012139605462822445,0.03732503888024885,0.7441985222503834,0.023238380809595106,0.0
2013-04-24,13.42,13.34,0.01430208797085918,0.0,0.003797953672758694,-0.06427974800827886,0.0059790910560580095,13.149000000000001,13.054499999999999,12.930000000000001,2,24,4,13.178458183514476,12.855640478235195,63.02521008403361,0.22259275168378423,0.21994094745743675,13.577224643222328,12.53177535677767,0.0216015664549982,0.020363435821065257,0.0171675148603083,-47936461.0,1.398441817270682,0,0,-1,0,0,0.0029985007496252567,-0.21256027144802564,0.2764856901817754,0.3232595221281783,0.020532319391634912,0.0362934362934364,0.3025132777051978,0.01937406855439641,0.0
2013-04-25,13.42,13.42,0.010409015914735524,0.011825710615526541,0.01055816746139412,0.11193333079835965,0.0,13.181999999999999,13.065999999999999,12.962333333333332,3,25,4,13.222374877420933,12.892050769961957,62.869198312236286,0.22791681471258407,0.22153612090846625,13.610924910327162,12.521075089672836,0.02162083131681716,0.019988864625275042,0.017137731551514216,-47936461.0,1.2992615800495018,0,0,-1,0,0,0.007451564828613983,0.15897246270785226,0.2387014160423554,0.3173133887340844,0.03389830508474567,0.01743745261561802,0.20584065681139146,0.020864381520119178,0.0
2013-04-26,13.39,13.42,-0.0022214003951535025,-0.005895374480678006,-0.0022530989629092027,-0.345473355236752,-0.002237971840454497,13.206,13.0615,12.990333333333334,4,26,4,13.252852172435308,12.924176526738604,60.087719298245645,0.22709758415437697,0.2226484135576484,13.59335969657649,12.52964030342351,0.02166241092698895,0.019378391015321874,0.017128991489807902,-53616461.0,1.2352881863939353,0,0,-1,0,0,0.0052160953800298275,-0.7674252256163012,0.1520348512163194,0.3076224206106608,0.0037481259370315545,-0.00667655786350152,-0.2755755955642332,0.01717699775952193,0.0
2013-04-29,13.54,13.39,-0.002969564171816432,0.005160350559309611,0.007490671729157659,-0.13740205304932976,0.011140107781047605,13.293000000000001,13.076999999999998,13.029,0,29,4,13.305060868356161,12.96390707340063,63.33333333333332,0.23583354215972108,0.22528543927806294,13.646287643509813,12.507712356490183,0.016983901164507213,0.019031119375403246,0.016934156812548062,-48665661.0,1.6265942367745023,0,0,-1,0,0,0.004480955937266521,-1.045098117948374,0.1058082015567111,0.3021096542309992,0.02809415337889143,0.023431594860166216,-0.10807778636960931,0.014771048744460806,0.0
2013-04-30,13.7,13.54,0.007407441277861818,0.01242251999855711,0.005952398527295352,0.3151651136031023,0.011747565349950235,13.344999999999999,13.128,13.067000000000002,1,30,4,13.376867983200494,13.01139693963285,63.63636363636365,0.25275392473188774,0.2307791363688279,13.729387868535246,12.526612131464754,0.012564550156043606,0.016235411459312156,0.016878097936564068,-41880661.0,1.9022665069489175,0,0,-1,0,0,0.0007385524372231584,-0.10097177807998711,0.10122745053075496,0.2577291669248893,0.026986506746626615,0.08044164037854884,-0.19513511300705105,0.02116788321167877,0.0
2013-05-01,13.48,13.7,0.011738946248513177,0.0036245055989605193,-0.005952398527295273,-0.14781120005764395,-0.016188727349918167,13.378,13.175,13.094999999999999,2,1,5,13.395619258982222,13.041629395140408,57.528957528957555,0.24558039056783798,0.23373938720862994,13.727868119803485,12.622131880196516,0.013997307587089024,0.016516405231293538,0.017218736895723875,-47733361.0,1.1033372664295096,0,0,-1,0,0,0.0007299270072993842,-0.6033549732698867,0.1816113693154906,0.26218980476861364,0.0044709388971684305,0.07496012759170667,-0.7192721409031717,0.031157270029673584,0.0
2013-05-02,13.76,13.48,-0.016176823354558563,0.0007233273371430259,0.005952398527295352,-0.11711049544675772,0.020558727021036567,13.456,13.222999999999999,13.127333333333333,3,2,5,13.461870302803636,13.087975885776512,60.8540925266904,0.2594976456750029,0.23889103890190455,13.804725201900869,12.64127479809913,0.013908079194825512,0.016518456322685535,0.017464495838173076,-42527461.0,1.8462325450067365,0,0,-1,0,0,0.0007418397626112602,-0.9841287916566264,0.22859266140642334,0.2622223648350506,0.0253353204172877,0.07499999999999996,-0.7655445942844309,0.025436046511627883,0.0
2013-05-03,14.07,13.76,0.02922048654658797,0.020043620188055805,0.02563304019250574,0.3324908076729068,0.02227903862110007,13.529,13.286000000000001,13.171,4,3,5,13.572439338657519,13.151332280242544,76.51515151515157,0.2921735846259157,0.2495475480467068,13.94692120718399,12.625078792816012,0.013074024938879096,0.017020783228994755,0.017809284610184637,-35268161.0,2.3724461901908582,0,0,-1,0,0,0.009447674418604708,0.5095263671108902,0.24551351548618494,0.2701965572607544,0.05078416728902169,0.0983606557377048,-1.6467389413106985,0.019900497512437765,0.0
2013-05-06,14.25,14.07,0.013586193963643987,0.014773395667776986,0.014357748437702768,-0.48668630944499686,0.012712035588361724,13.637,13.352,13.217,0,6,5,13.695632186174333,13.222214068613994,73.16017316017322,0.3288037523552525,0.26539878890841595,14.118443598364516,12.585556401635484,0.011535783833058361,0.01708585891463683,0.017867523494218836,-30806161.0,2.3432904963032035,0,0,-1,0,0,0.0007107320540156209,-1.3699174584129477,0.24624165990087904,0.2712296017443901,0.052437223042836045,0.10208816705336421,-1.732616406781715,0.020350877192982522,0.0
2013-05-07,14.23,14.25,0.013404080758848648,0.0020927806731305776,0.012748047994639883,0.32988724261933505,-0.001404494612898447,13.725999999999999,13.4185,13.262666666666666,1,7,5,13.792789970506272,13.287232515800188,73.47826086956526,0.3521601088115105,0.2827510528890349,14.248015394356205,12.588984605643795,0.011741349066769997,0.017066376918764285,0.017873127677264785,-37011961.0,1.956564050579948,0,0,-1,0,0,0.0014035087719297948,-0.13543471117210365,0.25891000056186797,0.27092033464765847,0.03868613138686139,0.10310077519379846,-0.8281173354873538,0.009838369641602163,0.0
2013-05-08,14.33,14.23,0.0,0.009708814126960903,0.0014064699927516034,-0.25038945461812157,0.007002829738319499,13.817000000000002,13.483,13.308666666666666,2,8,5,13.890464521323313,13.354507837361465,80.26905829596419,0.37442323584918924,0.3010854894810658,14.385956547302262,12.580043452697739,0.011740563328353174,0.017019369406864025,0.017873321983877564,-32180761.0,1.8760592689217617,0,0,-1,0,0,0.00281096275474344,-1.0067075736374091,0.1571938115977424,0.2701741135302185,0.06305637982195833,0.0989263803680982,-0.46891828341480596,0.0181437543614794,0.0
2013-05-09,14.09,14.33,0.0069832686021884405,-0.004842624475788015,-0.012018525719242163,0.060322617381493776,-0.0168899159294916,13.884,13.533000000000001,13.338666666666667,3,9,5,13.926743699264529,13.401958944628468,67.77251184834127,0.36845362613968646,0.3145591168127899,14.45487680419104,12.611123195808963,0.013806497932084758,0.017693902742990705,0.018012696605369242,-37312361.0,1.2084044147065287,0,0,-1,0,0,0.002791346824842927,-0.7350365370383732,0.23625401358951298,0.2808819982807021,0.023982558139534982,0.07639419404125292,-0.5378227667789175,0.025550035486160357,0.0
2013-05-10,14.16,14.09,-0.018258934226210926,-0.010456700368057964,0.0028409110016036497,-0.03312505711981907,0.00495576235498485,13.961000000000002,13.5835,13.361333333333333,4,10,5,13.969153935761886,13.450864819168569,74.62686567164184,0.36516172535714553,0.32467963852166104,14.527428520933544,12.639571479066458,0.013574788229645241,0.017694966301675757,0.017637354876956637,-32347961.0,1.22149079557389,0,0,-1,0,0,0.0014194464158977696,-0.8517925158306405,0.17949243243164448,0.2808988817514143,0.006396588486140775,0.07680608365019004,-1.2063546691198297,0.01200564971751412,0.0
2013-05-13,13.95,14.16,0.002830858224524135,-0.007385298206265224,-0.011412392051744786,0.30912977432341104,-0.01494157999819914,14.002,13.647499999999999,13.385333333333334,0,13,5,13.965671401986995,13.48306708889963,64.8780487804878,0.341669076876725,0.32807752619267383,14.49976324077666,12.795236759223338,0.014837638262616658,0.01563750156745966,0.017502138745938083,-39110661.0,0.709874568154163,0,0,-1,0,0,-0.0007062146892655217,0.5162380815292702,0.17540979362990541,0.24823764164328593,-0.021052631578947434,0.10102604577742702,-0.3005760421792186,0.01612903225806449,0.0
2013-05-14,13.98,13.95,-0.01208688728358243,-0.0038903674177571913,0.001433692001848616,0.3896817781156073,0.002148228538289605,14.029999999999998,13.6875,13.428666666666665,1,14,5,13.968276601625721,13.515127276712557,64.00000000000003,0.3217626534020166,0.32681455163454237,14.522292757137125,12.852707242862875,0.01451709400436688,0.013247100846467103,0.015456820482712188,-29125461.0,0.7007727307148972,0,0,-1,0,0,0.0021505376344086837,2.550667447565668,0.1807105676373986,0.2102912065940711,-0.017568517217146917,0.060698027314112446,-0.5215181530115452,0.010729613733905477,0.0
2013-05-15,14.34,13.98,0.0,0.025193774778670002,0.0014316394714376703,0.5240890351589227,0.02542509836580996,14.116,13.747,13.488666666666667,2,15,5,14.035862674057407,13.56834487176336,69.49152542372883,0.3312175905269381,0.3276951594130216,14.590079567950085,12.903920432049915,0.014719188801237158,0.014110152065577712,0.01573082710131574,-12261261.0,1.4067474116158594,0,0,-1,0,0,0.0,3.611543374873867,0.2740977582577021,0.22399171996093786,0.0006978367062107083,0.09049429657794672,0.6738400521258227,0.034170153417015355,0.0
2013-05-16,14.14,14.34,0.027514963285269367,0.0013812156891984332,0.003570157308705261,-0.597644033911361,-0.014045174703047527,14.154,13.805000000000001,13.533333333333333,3,16,5,14.054796733319698,13.605225847778629,64.82213438735178,0.31889632940797874,0.32593539341201305,14.583000135299775,13.026999864700228,0.015018248941891734,0.014177841192227408,0.015778573171957137,-21538361.0,0.8611823695144188,0,0,-1,0,0,0.0020920502092049765,0.8296600977979348,0.2636719301563684,0.22506625153440735,0.0035486160397446564,0.08936825885978439,0.7748405100043975,0.03253182461103259,0.0
2013-05-17,14.38,14.14,-0.0013927578853034689,-0.0027643417741499356,0.019061643151492082,0.21475455820331857,0.016830691824473852,14.185000000000002,13.857,13.585666666666667,4,17,5,14.113924599988843,13.655211276954201,66.03053435114506,0.32475407264061396,0.32569912925773326,14.64311904816947,13.070880951830528,0.0142937716070878,0.013429432301378937,0.015960225341100424,-10038861.0,1.3305872722912406,0,0,-1,0,0,0.014851485148514785,1.4416837533408593,0.28820739144701296,0.21318562870935892,0.015536723163841915,0.07796101949025491,0.21582711114810207,0.01043115438108474,0.0
2013-05-20,14.25,14.38,0.0020884100872706744,0.006896579059060459,-0.011959340569425532,-0.37475748589635866,-0.00908144557824115,14.185000000000002,13.910999999999998,13.629666666666667,0,20,5,14.138665581809054,13.693584742957157,60.61776061776063,0.31527220112611865,0.3236137436314103,14.645070124285509,13.176929875714487,0.014175381802029272,0.013212432068792782,0.01609935863141997,-17944261.0,0.9236174822669962,0,0,-1,0,0,0.0,0.1993014055798548,0.2675530910165798,0.20974085681016208,0.021505376344086002,0.08200455580865595,0.2769703613759853,0.02947368421052631,0.0
2013-05-21,14.31,14.25,-0.010485940191139673,0.0006870491510383883,0.007052215405325001,0.48473881485117915,0.004201686853699977,14.193000000000001,13.9595,13.676666666666668,1,21,5,14.169817294207407,13.733353469217986,67.07818930041151,0.3090368636019267,0.3206983676255136,14.662230763746615,13.256769236253385,0.014220754025464353,0.013046979305344857,0.01606387225481401,-5107861.0,0.9975370884044028,0,0,-1,0,0,-0.0014035087719297948,1.657527862683049,0.2668717099111587,0.20711437561529245,0.023605150214592197,0.07271364317841078,0.15749904609644494,0.02306079664570231,0.0
2013-05-22,14.03,14.31,0.004907125164100696,-0.01174452186926342,-0.019156314767534502,-0.5125721856671094,-0.019760699453990015,14.163,13.99,13.709666666666667,2,22,5,14.144395967987878,13.752491955074891,55.555555555555536,0.27829365769434844,0.3122174256392806,14.645503020989544,13.334496979010456,0.01533864993224149,0.014015669829208747,0.01654244445607081,-12796261.0,0.12204367857714925,0,0,-1,0,0,-0.0006988120195667217,0.025196521551817452,0.23459657818105195,0.2224918609564648,-0.021617852161785245,0.045454545454545414,0.7246321345745995,0.030648610121168905,0.0
2013-05-23,14.37,14.03,-0.028370697129215576,0.0006946856826784135,-0.006467863007486347,0.24619408049039315,0.0239448059765639,14.190999999999999,14.0375,13.752333333333333,3,23,5,14.185414882899172,13.792331183779739,56.09756097560973,0.27815816978733565,0.30540557446889166,14.655710490469392,13.419289509530607,0.01640078636769772,0.014828664913311347,0.017008721372220103,-2961661.0,1.075685402062783,0,0,-1,0,0,-0.009265858873841697,0.6660434562723707,0.2863093015451811,0.23539775781438596,0.016265912305516217,0.07078986587183311,-0.16672692616826576,0.03688239387613091,0.0
2013-05-24,14.28,14.37,0.025569574849503823,-0.00347826437632492,0.013605652055778678,-0.3121869302466518,-0.00628274317949518,14.203,14.081999999999999,13.79,4,24,5,14.202612176917503,13.823793688052016,50.63291139240504,0.26770263744096034,0.29786498706330544,14.627859052561407,13.536140947438591,0.016565540562643397,0.014938026049914817,0.01709455362233882,-10159061.0,0.7254620000195957,0,0,-1,0,0,-0.007654836464857303,-0.18198790773530743,0.26331560172664903,0.2371338120376748,-0.006954102920723293,0.06646751306945475,0.9206993473484906,0.02030812324929966,0.0
2013-05-28,14.27,14.28,0.00976979159580503,0.006252191259050092,0.006380737706727674,0.08347608303793577,-0.0007005254226932762,14.235,14.118500000000001,13.843333333333334,1,28,5,14.214864508387048,13.85258119204866,50.84745762711862,0.255662517939486,0.2894244932385416,14.606299570574539,13.630700429425463,0.01564538416048836,0.014844628564065297,0.01541690394519765,-17983061.0,0.6211567583856619,0,0,-1,0,0,0.008403361344537886,-0.03049547989837484,0.2543447576167048,0.2356511729138558,0.00140350877192974,0.053914327917282234,0.5459843988860288,0.020322354590048993,0.0
2013-05-29,14.13,14.27,-0.014690715410003706,-0.011142176553241848,-0.006380737706727764,-0.08670467556106395,-0.009859234792308855,14.25,14.139999999999997,13.875,2,29,5,14.19943459777122,13.870479179658425,45.83333333333335,0.23214775174386482,0.2779691449396062,14.586271100046716,13.693728899953278,0.016115078393130908,0.014935572924214192,0.014012679143573053,-25157261.0,-0.04481580814419478,0,0,-1,0,0,-0.005606166783461813,-0.24664674623573352,0.26045625174005277,0.237094869874443,-0.012578616352201255,0.03138686131386881,1.2682151266834176,0.015569709837225679,0.0
2013-05-30,14.27,14.13,-0.0007049700679698213,0.006282743179495209,0.00849863472146252,-0.023453173045563568,0.0098592347923089,14.243,14.1795,13.912333333333333,3,30,5,14.212264670903725,13.896254716454655,53.91304347826087,0.2222470346191585,0.26682472287551673,14.502673409536794,13.856326590463208,0.014082019742949394,0.014435240584749738,0.014048482562543462,-18149361.0,0.560070830887438,0,0,-1,0,0,0.0035385704175512336,-0.3221440183125415,0.21897118502912105,0.22915234021580647,0.017106200997861754,0.0586053412462908,0.9324893401376854,0.01331464611072176,0.0
2013-05-31,14.17,14.27,0.0028169032711133734,-0.000696136470855392,-0.000705467401392371,0.2201853709374806,-0.007032377786155911,14.246,14.2,13.952,4,31,5,14.204580185284865,13.913915702489838,50.214592274678104,0.2039801247964501,0.25425580325970343,14.456207153028966,13.943792846971032,0.013499212049029112,0.013958828991399214,0.013859915279800144,-26883361.0,-0.2341854990801715,0,0,-1,0,0,-0.0035038542396635553,0.1873317085461101,0.12417365038475354,0.22158954062952532,-0.013917884481558729,0.029796511627907085,1.3775540214747835,0.013408609738884933,0.0
2013-06-03,14.0,14.17,-0.002816903271113492,-0.005586606708639823,-0.023556878105642873,-0.1305980824487888,-0.012069724087330399,14.207999999999998,14.196499999999997,13.973999999999998,0,3,6,14.167383787960343,13.919469528135656,51.09170305676857,0.17378262992343174,0.2381611685924491,14.461931128940403,13.93106887105959,0.012600663157933933,0.013350958389724594,0.013304053874987714,-34548061.0,-1.4806100609556976,0,0,-1,0,0,0.0007057163020465622,-0.17632816296049358,0.13998765619660666,0.21193989398149585,-0.019607843137254832,-0.00497512437810943,1.1654716254743018,0.03142142857142855,0.0
2013-06-04,13.92,14.0,-0.013489732426591612,-0.005617992304223261,-0.0029015834337870745,0.09620289569366851,-0.005730674708984983,14.175,14.179999999999998,13.998999999999999,1,4,6,14.122404917422099,13.919503752126905,48.71794871794871,0.14176142875598252,0.21888122062515578,14.471204395571315,13.888795604428681,0.012454929801771117,0.013043386255748062,0.013101324389178525,-42986761.0,-1.7856873313323554,0,0,-1,0,0,-0.0007142857142856991,0.01653840661557874,0.13721698650574554,0.2070573377212038,-0.02452697967764539,-0.023157894736842155,1.7955419975131215,0.028735632183907945,0.0
2013-06-05,13.63,13.92,-0.007893833598731283,-0.019915309700941432,-0.016070470032609033,0.031494257685372506,-0.021053409197832267,14.107,14.15,14.008666666666667,2,5,6,14.03287675061808,13.900826090699363,34.36123348017621,0.0919241750919575,0.19348981151851613,14.529695168592774,13.770304831407227,0.013482373076101497,0.013771213485206319,0.013566484869801734,-51695461.0,-2.739039329508589,0,0,-1,0,0,-0.0028735632183907434,0.06825790558826672,0.17815259747155265,0.21861123680060993,-0.03538570417551312,-0.04216444132115249,0.6658324908873772,0.024944974321349952,0.0
2013-06-06,13.5,13.63,-0.022587481231880674,-0.01702631241363118,-0.029139155401326847,0.3889045470164437,-0.009583560264057503,14.053999999999998,14.108499999999998,14.011333333333333,3,6,6,13.93599006868752,13.874966342912309,35.45454545454544,0.041459954413966216,0.16308384009760618,14.576520467388775,13.64047953261122,0.0126042465395166,0.013693708119645716,0.013657680163765703,-64543961.0,-2.6003136289957456,0,0,-1,0,0,-0.004402054292002971,1.3871617250261392,0.09514858034269454,0.2173808772653309,-0.053959355290819855,-0.057920446615492005,-1.4117852086401,0.03666666666666674,0.0
2013-06-07,13.88,13.5,0.005878047784190969,0.018462062839735352,0.032814278979218105,-0.4128903578808943,0.02775926963427478,14.005,14.097999999999999,14.026666666666667,4,7,6,13.925810056198879,13.875291094982483,39.31623931623932,0.031763371781195815,0.1368197464343241,14.57706048403985,13.618939515960149,0.01359266545900665,0.01492680505827752,0.014573389671348264,-56041661.0,-0.9101147235590568,0,0,-1,0,0,0.011111111111111138,-0.2166594055358175,0.2985108611979048,0.23695568431765987,-0.020465772759350687,-0.01490418736692678,1.7365930104309428,0.022334293948126707,0.0
2013-06-10,13.98,13.88,0.021022883701409013,0.008571481050141183,0.018895911057811195,-0.5141203514562528,0.00717878172700577,13.975,14.088999999999999,14.046333333333333,0,10,6,13.935662773253629,13.88204650820942,44.15584415584416,0.03178156633635787,0.11581211041473086,14.569915793044974,13.608084206955024,0.013938162983619804,0.014979357326890498,0.014597959975281594,-50957061.0,-0.45330181115430607,0,0,-1,0,0,0.004322766570605095,-1.4929667567539777,0.2971722583129702,0.2377899257191531,-0.0014285714285714457,-0.012711864406779627,0.8381210974312874,0.012160228898426318,0.0
2013-06-11,13.95,13.98,-0.00864558699285393,-0.0007114906027640492,-0.011585936986372747,0.24868868664180574,-0.0021482285382896063,13.943000000000001,14.088999999999999,14.06,1,11,6,13.93826954175297,13.886430604453976,42.105263157894704,0.029040475844405833,0.09845778350066586,14.569915793044974,13.608084206955024,0.013930286912142511,0.014606039232765745,0.014496401090130494,-57477261.0,-0.5780637775270576,0,0,-1,0,0,-0.011444921316165962,-0.9495003299076733,0.2940234091981507,0.23186368469730492,0.0021551724137931494,0.0,0.6833550563591998,0.022939068100358444,0.0
2013-06-12,13.87,13.95,0.01792805278677396,0.0035524016043677006,0.0025459188146910077,-0.23553947163893488,-0.00575127394063438,13.916999999999998,14.0835,14.065666666666665,2,12,6,13.925856897797884,13.885370565456945,46.153846153846146,0.02018018584821135,0.08280226397017496,14.572118891420205,13.594881108579797,0.013740494961162215,0.01465414312375244,0.014402680779203725,-62629161.0,-0.8738917129440041,0,0,-1,0,0,0.00860215053763448,-1.3053727474676469,0.23922082951106646,0.23262731029317704,0.01760821716801164,-0.007868383404864177,1.4129774248772735,0.024152847873107362,0.0
2013-06-13,13.98,13.87,-0.015759638492950204,-0.002840911001603641,0.003263828826630057,0.11441507259448407,0.007899502478924032,13.888,14.0655,14.082333333333334,3,13,6,13.935701098198269,13.891475690266176,39.45945945945949,0.021783318348647995,0.07059847484586956,14.54067199102295,13.59032800897705,0.013566893797205156,0.013482104004534536,0.014114074547475885,-56852761.0,-0.3598696960901899,0,0,-1,0,0,-0.001441961067051159,-1.1499852823459282,0.20908934554871625,0.2140217660754385,0.03555555555555556,-0.025104602510460206,1.1781628336581,0.017882689556509297,0.0
2013-06-14,13.87,13.98,0.005041422272926153,-0.0035625260336033093,0.0014471782554660718,-0.11857753095014625,-0.007899502478924063,13.858,14.052000000000001,14.086000000000002,4,14,6,13.9237554439804,13.890090161861908,39.037433155080215,0.014016162121370357,0.05928201230096972,14.533558872172975,13.570441127827028,0.013605088805973437,0.013245696285004613,0.013715322531566331,-61983261.0,-0.7558785042366674,0,0,-1,0,0,-0.004291845493562267,-1.294365666756669,0.1161479439276396,0.210268909872086,-0.0007204610951009327,-0.019094766619519143,0.28298633831952186,0.012977649603460687,0.0
2013-06-17,13.78,13.87,0.0007181328854408335,-0.005008955016537885,-0.012368291534022803,0.4323176504640155,-0.0065099687412276536,13.836000000000002,14.022,14.076333333333332,0,17,6,13.897618090529418,13.882987570774043,37.43589743589744,0.0005915677880743431,0.04754392339839065,14.492144434694039,13.551855565305962,0.01326508202770799,0.012604709715635747,0.013107418472269322,-69888461.0,-1.0294708695530554,0,0,-1,0,0,0.004325883201153605,0.003993297990687797,0.10148129606424729,0.20009356353439117,-0.014306151645207543,-0.041724617524339425,1.691190736581574,0.020319303338171217,0.0
2013-06-18,13.86,13.78,-0.009376195628555222,-0.002873565195731696,0.0029239786914350605,-0.5075042216837601,0.005788728176244745,13.830000000000002,14.002500000000001,14.063333333333333,1,18,6,13.890778437705887,13.881504501691849,42.857142857142826,-0.0035512519065381554,0.03732488833740489,14.465118405896028,13.539881594103974,0.013358696606882237,0.01260874587328269,0.012921775224154114,-65129561.0,-0.6160584973872757,0,0,-1,0,0,0.001451378809869474,-1.3298621825637613,0.11917154678481229,0.20015763555070756,-0.006451612903225823,-0.027368421052631597,0.6061276262503441,0.014430014430014508,0.0
2013-06-19,13.69,13.86,0.004338401598598141,-0.002160605809905928,-0.0007301935337216764,0.23926456152651893,-0.0123413544613997,13.836000000000002,13.9715,14.045333333333334,2,19,6,13.854273267213905,13.869149372550439,34.89583333333336,-0.0203178342666277,0.02579634381659837,14.430435840029153,13.512564159970848,0.012116099952351467,0.012766233062999467,0.013089079544904039,-71174861.0,-1.2267509984930367,0,0,-1,0,0,0.0,-0.7055876236192894,0.14150779457128712,0.2026576671827218,-0.012977649603460706,-0.04332634521313772,0.37178415231177314,0.01314828341855367,0.0
2013-06-20,13.53,13.69,-0.021882711249507594,-0.012332401492660933,-0.013235487328250018,0.23827015779274904,-0.011756197117660886,13.838999999999999,13.946499999999997,14.018666666666666,3,20,6,13.79531449135683,13.847268767869766,33.83838383838386,-0.04598603601010076,0.011439867851258546,14.444803437465147,13.448196562534847,0.012331225567741947,0.01231353197880712,0.013129041529927573,-78846661.0,-1.671672192825785,0,0,-1,0,0,-0.00949598246895537,0.14211984345555922,0.11596221137488583,0.1954712602605882,-0.032188841201716833,-0.03563791874554523,1.6355957731797144,0.014042867701404251,0.0
2013-06-21,13.48,13.53,0.005148963196191725,0.000729660740143868,-0.011906276517199534,0.07565139840985738,-0.0037023366985356656,13.798999999999998,13.901999999999997,13.998333333333333,4,21,6,13.737984583837406,13.823574008652361,36.02150537634412,-0.06956099707965713,-0.00476030513492459,14.400021348094652,13.403978651905343,0.00750501455740181,0.01068928281582314,0.012830506922036218,-87121361.0,-1.6947064683652493,0,0,-1,0,0,0.007390983000739204,0.516724434057598,0.11664414595290516,0.16968710414582563,-0.02811824080749814,-0.06193458594293655,1.0619960837383784,0.026698813056379927,0.0
2013-06-24,13.31,13.48,-0.020756860862182782,-0.026609108727964535,-0.017386091938964995,0.2598129304287635,-0.012691473077140731,13.732,13.8535,13.97,0,24,6,13.660169204957876,13.790440201642532,34.35897435897439,-0.10079994381985458,-0.02396823287191059,14.384369197885217,13.322630802114784,0.00714984498178,0.01087953332053241,0.012930916218225981,-97851061.0,-2.0475853643989845,0,0,-1,0,0,-0.009643916913946645,1.6192023847935848,0.1270022169430702,0.17270723727941714,-0.0341074020319303,-0.06792717086834721,1.3234009454515552,0.01728024042073632,0.0
2013-06-25,13.35,13.31,0.0014970062675931887,0.006718950248745009,0.012874089209210963,-0.5309433141566268,0.003000752439238242,13.672,13.807500000000001,13.95,1,25,6,13.603774804056444,13.76202470476237,41.76470588235293,-0.12093530159271815,-0.04336164661607211,14.345796533422691,13.269203466577311,0.007543144671157129,0.010960170138500824,0.012728191396984213,-91541461.0,-1.699806599500263,0,0,-1,0,0,0.00450788880540937,-0.5529023460194847,0.10975013790333558,0.1739873070805772,-0.03679653679653683,-0.06447091800981075,1.0983250624331242,0.011235955056179803,0.0
2013-06-26,12.97,13.35,-0.014312862039490656,-0.013483350337286988,-0.028235374370698087,0.4122570029287246,-0.028877386517905956,13.581999999999999,13.749500000000001,13.916333333333334,2,26,6,13.488543021500725,13.710926336713184,36.41025641025644,-0.16564607703763734,-0.06781853270038515,14.383035609434243,13.11596439056576,0.010747169684508572,0.012262409558920792,0.013630164441350267,-101070361.0,-2.4607930111335254,0,0,-1,0,0,-0.01273408239700374,0.9634797605646979,0.187342615288137,0.19465971700395393,-0.0525931336742147,-0.0820948336871904,-0.6873880751719491,0.026214340786430212,0.0
2013-06-27,13.04,12.97,-0.012213892293937963,-0.0020156046275414522,-0.010112882763704475,-0.1358232934055545,0.005382558170154208,13.488,13.687999999999999,13.873,3,27,6,13.406989744864228,13.667640766602657,24.390243902438954,-0.1932041366934829,-0.09289565349900472,14.347077505225991,13.028922494774006,0.010389560696747105,0.012028464704575593,0.012651669571296823,-92751661.0,-1.966384817754647,0,0,-1,0,0,0.0038550501156514212,0.3450841914422748,0.21831709540676483,0.19094595757335017,-0.03621581670362162,-0.08619481429572529,-1.0414365824944907,0.03399539877300619,0.0
2013-06-28,12.89,13.04,-0.002306806097914948,-0.013948246361472488,0.003122563036793896,-0.10290987899373179,-0.011569739547410751,13.39,13.624,13.831333333333333,4,28,6,13.312991609434368,13.617470394563778,17.75147928994079,-0.22455926449571528,-0.11922837569834685,14.332724577192007,12.915275422807994,0.010490779685399895,0.01212085237764796,0.012587023224612555,-100256861.0,-2.0713265029079038,0,0,-1,0,0,-0.0038343558282207773,-0.018787270241291867,0.2172889786665944,0.1924125664162947,-0.04376854599406532,-0.0903316866619619,-0.5025321238441331,0.017067494181536122,0.0
2013-07-01,13.11,12.89,-0.0023121397583795024,0.015209418663528708,0.008537110445209306,-0.47073938991146813,0.01692348082451246,13.322999999999999,13.579500000000001,13.789,0,1,7,13.276084044082666,13.584730369108051,27.659574468085054,-0.22901631032942404,-0.1411859626245623,14.30047813675896,12.858521863241043,0.013020571129527553,0.012910583924488557,0.012592198566362827,-95569561.0,-1.3023973295794051,0,0,-1,0,0,0.005430566330488773,-1.2609995411216615,0.27836647701017964,0.20494916606895017,-0.015026296018031626,-0.06357142857142861,-0.6651560467516,0.023646071700991648,0.0
2013-07-02,12.71,13.11,0.009980888997679915,-0.009859768916288276,-0.021086294739706767,0.2721317995542162,-0.030986212574245692,13.208000000000002,13.519,13.737666666666666,1,2,7,13.17315967243127,13.528296151746243,23.636363636363598,-0.2618072572324195,-0.16531022154613373,14.318470877650181,12.719529122349819,0.014665138541202528,0.014282543092452506,0.013523046283637263,-101722861.0,-2.023838572776598,0,0,-1,0,0,-0.0015255530129671682,-0.5244440394323423,0.33040603537819796,0.2267283426731564,-0.04794007490636698,-0.08692528735632177,0.2998335647766357,0.035405192761604976,0.0
2013-07-03,12.71,12.71,-0.03261158558876089,-0.01846206283973533,-0.0071287430607531515,-0.5951266861121546,0.0,13.11,13.473000000000003,13.684333333333335,2,3,7,13.08894882289831,13.475502851633584,19.61722488038268,-0.2845146115611783,-0.18915109954914266,14.347891873018561,12.598108126981444,0.014829705790649144,0.013774645301407002,0.013459638291908738,-101722861.0,-1.7442155391556966,0,0,-1,0,0,-0.0031471282454760756,-1.5829147973756728,0.28697712080273274,0.21866571519388367,-0.02004626060138781,-0.06749816581071166,-0.6463148714990277,0.023603461841070077,0.0
2013-07-05,12.79,12.71,0.007861675711400314,-0.0015540018667343138,0.00988736549983299,0.09446596430504273,0.006274530389388468,13.036000000000001,13.4375,13.642999999999999,4,5,7,13.03459449146225,13.43127686120561,23.786407766990152,-0.29268117564711815,-0.20985711476873778,14.363882324165656,12.511117675834344,0.015320693413716748,0.013857884863799883,0.013245229801185811,-97993161.0,-1.3979109555726243,0,0,-1,0,0,0.004720692368213904,-1.452896645285157,0.28887462561824334,0.21998710228188412,-0.01917177914110435,-0.052592592592592635,-0.6652425660527809,0.012118842845973367,0.0
2013-07-08,12.91,12.79,0.007023048765025345,0.003880486049077814,0.00431966114451638,0.3824388009121715,0.009338589267799841,12.979,13.389,13.594333333333335,0,8,7,13.011940947560023,13.39764609596654,29.18660287081333,-0.2861714332569285,-0.22511997846637594,14.319396633021155,12.458603366978844,0.016033620624505196,0.012202388858754,0.012445870428495093,-92525961.0,-1.029668386577464,0,0,-1,0,0,0.005473025801407372,-0.4932286872529355,0.29151153933590807,0.1937069179270101,0.0015515903801395226,-0.06988472622478392,-1.6259008017682228,0.011618900077459362,0.0
2013-07-09,13.1,12.91,0.008517279518879253,0.018419553765222335,0.013234914867122331,-0.0839233252862393,0.014610025348554703,12.957999999999998,13.344999999999999,13.555,1,9,7,13.027951684367292,13.378443122033216,32.72727272727266,-0.26265329966624584,-0.23262664270634995,14.240285899646327,12.44971410035367,0.016752486831878712,0.012657832262180861,0.012866997913433988,-87498861.0,-0.5473111999123036,0,0,-1,0,0,0.004647560030983772,-0.7218511675165858,0.283435100148638,0.2009368578174041,-0.0007627765064835978,-0.06294706723891275,-1.7605917851784123,0.016793893129771042,0.0
2013-07-10,13.14,13.1,0.009209581593455942,0.007198364100259344,0.002317498140362704,0.056348031616931346,0.0030487828493587312,12.937000000000001,13.3045,13.517333333333335,2,10,7,13.04832410539142,13.363059694805267,36.71497584541059,-0.23804332833831943,-0.23370997983274386,14.156802763107269,12.452197236892733,0.0167539209452975,0.012733114626196779,0.012906217067025183,-82180361.0,-0.38601306277660585,0,0,-1,0,0,-0.0007633587786259379,-0.5334167352447152,0.09043701520415941,0.20213192829717505,0.033831628638866906,-0.058064516129032184,0.42682526445466407,0.02168949771689485,0.0
2013-07-11,13.29,13.14,0.012156519651754304,0.0062094469907460655,0.009980888997679915,0.11071982446365822,0.01135085966868948,12.969,13.2755,13.489333333333333,3,11,7,13.092265177138433,13.358346166108154,44.17475728155337,-0.20408345532255368,-0.22778467493070584,14.085190649179495,12.465809350820503,0.014155794196814005,0.01310485407580733,0.013081628881325283,-76239161.0,0.03581614784533724,0,0,-1,0,0,0.008378995433789893,-0.23223836013351734,0.07158816593664402,0.20803310911426434,0.04563335955940184,-0.0418168709444845,-0.10159536643184161,0.017870579382994786,0.0
2013-07-12,13.46,13.29,0.00300677315159107,0.011377535769381926,0.01101625575725601,-0.1263341867594517,0.012710451491427816,13.011,13.249500000000001,13.462333333333333,4,12,7,13.159126054022353,13.364904477972145,49.54128440366973,-0.16158972626094403,-0.2145456851967535,13.9947721156169,12.504227884383102,0.014510803995029126,0.013342639393454873,0.01318203009970024,-71003061.0,0.5648943401720006,0,0,-1,0,0,0.0,-0.5842304951926871,0.07113282815702658,0.2118078340097717,0.052384675527756164,-0.03719599427753928,-1.2574342921102732,0.01820208023774153,0.0
2013-07-15,13.48,13.46,0.012710451491427816,0.006654368362616834,0.010896219021017856,-0.46861806144711277,0.001484781267579224,13.069999999999999,13.23,13.439333333333334,0,15,7,13.217466771472834,13.372329995522328,54.18719211822662,-0.12485999863420005,-0.1966085478842428,13.92567082354886,12.534329176451141,0.013593785332165535,0.013282846286419481,0.013158887137875837,-67725961.0,0.7187307316545575,0,0,-1,0,0,0.0,-1.4769990013280765,0.09532953317786198,0.21085864786178263,0.04415182029434539,-0.02811824080749814,-0.47320258327781367,0.014094955489614206,0.0
2013-07-16,13.4,13.48,0.00444774639823627,0.0029433428165969323,0.0,0.23586025083558684,-0.005952398527295273,13.099,13.211000000000002,13.419333333333334,1,16,7,13.250654631205045,13.374115157101535,51.207729468599055,-0.10104200691941045,-0.17749523969127634,13.862795899601368,12.559204100398636,0.013183977773508148,0.013272116440546973,0.013039380038269837,-71874761.0,0.5799361429416464,0,0,-1,0,0,0.0029673590504450406,-0.9465426433373411,0.12209344458071322,0.21068831683907438,0.022900763358778775,-0.027576197387518042,-0.2839528124645552,0.01716417910447751,0.0
2013-07-17,13.65,13.4,-0.006679060079671777,0.01350139100587478,-0.016579128802911333,0.6651608493976281,0.01848481467410316,13.193000000000001,13.2005,13.410333333333334,2,17,7,13.323262880076854,13.391914179224017,67.52577319587633,-0.06128669139449805,-0.1542535300319207,13.813910654928051,12.587089345071949,0.007576198593122535,0.013929687320249323,0.01351047618315878,-63806161.0,1.4655761075839906,0,0,-1,0,0,0.002238805970149206,0.887804781858879,0.15559815777015565,0.2211269309416167,0.038812785388127935,-0.015151515151515138,-0.5559483876429802,0.0465201465201465,0.0
2013-07-18,13.78,13.65,0.015515641880169968,0.007582632467396749,0.0284663415869577,0.05832549673345211,0.009478743954543739,13.3,13.205000000000002,13.415333333333335,3,18,7,13.406305992790152,13.41695197411279,68.50000000000006,-0.01907057021236369,-0.1272169380680093,13.834636486604353,12.57536351339565,0.007159618201449761,0.013826785563249167,0.013069664483175569,-55252961.0,1.826450697293578,0,0,-1,0,0,-0.000732600732600717,1.0308692782268378,0.1533019119713795,0.21949341619065263,0.036869826937547145,0.006574141709276837,-0.40646477760888405,0.026124818577648857,0.0
2013-07-19,13.81,13.78,0.013110165924207785,0.0,0.013206354813610273,-0.6611164638392378,0.002174701835688298,13.402000000000001,13.219,13.425666666666666,4,19,7,13.479704903191942,13.442309911266804,74.46808510638301,0.01661522923474834,-0.09845050460745777,13.890146701353103,12.547853298646896,0.007392070820476875,0.013532283343887388,0.012935348404081422,-50837161.0,1.7611648803711093,0,0,-1,0,0,0.002902757619738819,-0.8356371210546327,0.14778894031985057,0.2148183383927255,0.026002971768201988,0.020694752402069527,0.5562563703550691,0.013034033309196214,0.0
2013-07-22,13.87,13.81,-0.0028985527540114154,-0.0014398850579876432,0.0014566644964641641,-0.30333913085594,0.0043352669055394125,13.498000000000001,13.238499999999998,13.425333333333333,0,22,7,13.550667648066133,13.469902820217333,72.09302325581399,0.049171166360153507,-0.06892617041393552,13.962182832534781,12.514817167465216,0.007438230671442155,0.013501327444035186,0.011890229412037608,-47576761.0,1.7452396868061637,0,0,-1,0,0,-0.002172338884866121,-1.2363715456646978,0.1446450615112649,0.2143269287170106,0.028931750741839624,0.028931750741839624,0.3065419645533262,0.010093727469358368,0.0
2013-07-23,13.89,13.87,0.006509968741227666,0.002877699827614974,-0.0006552364545886072,0.3997850805338461,0.001440922439512287,13.577000000000002,13.267500000000002,13.422333333333334,1,23,7,13.612364439326836,13.49700586407428,94.02985074626865,0.07571304112951438,-0.03999832810524554,14.047537111128143,12.48746288887186,0.0071303862148636545,0.013086809554841903,0.0118168943239625,-42713861.0,1.5960779073695548,0,0,-1,0,0,0.0,-0.42517716658948335,0.11314137237349178,0.20774666122425348,0.03656716417910455,0.043576258452291405,1.3324934017115078,0.013606911447084237,0.0
2013-07-24,13.76,13.89,0.0057512739406344136,0.007158226700170449,0.0013827737729655626,0.23138032072313108,-0.009403324261054813,13.639,13.288,13.416,2,24,7,13.639207268540138,13.513973227682392,85.71428571428567,0.08527476020944746,-0.014943710442306943,14.09813579108708,12.477864208912921,0.00860753291763524,0.013337269916022642,0.011931790828035452,-48842761.0,1.1652367546103517,0,0,-1,0,0,0.004319654427645696,0.2551900553008295,0.10963180834028599,0.21172259619803538,0.00805860805860803,0.030711610486891416,-1.0278762542117614,0.019622093023255783,0.0
2013-07-25,13.81,13.76,-0.02394020754600835,-0.015091914185243192,-0.03779627360371812,0.5800958311982737,0.0036271349160032097,13.690999999999999,13.330000000000002,13.414,3,25,7,13.670260492441932,13.533071729122238,85.41666666666664,0.09578294740643756,0.007201621127441956,14.157628190102846,12.502371809897157,0.008273644617656903,0.011305797359715864,0.011909599115534715,-37895261.0,1.1599411565242899,0,0,-1,0,0,-0.010174418604651203,2.5543232470276993,0.08891592567255796,0.179473969122593,0.002177068214804123,0.06476484194294518,-2.0047587132214724,0.04127443881245476,0.0
2013-07-26,13.79,13.81,0.002200220909602559,-0.0007243752580417329,0.016851175754700118,-0.6811888237069907,-0.001449275615990398,13.724,13.367499999999998,13.407666666666666,4,26,7,13.692031311997944,13.549647746598222,82.83582089552226,0.10132887244788158,0.026027071391529884,14.207672288096003,12.527327711903993,0.007779357460588164,0.011339467964928664,0.011814908089478687,-43434861.0,1.005746097523566,0,0,-1,0,0,-0.011585807385952218,-0.0222786142441167,0.08819554558963674,0.18000847340990964,-0.0014482259232441175,0.05751533742331283,-1.4262547651683009,0.024292965917331464,0.0
2013-07-29,13.7,13.79,0.008752791109594708,0.0,0.013645795367406607,-0.22551114353176227,-0.0065478589711312485,13.746,13.408000000000001,13.402,0,29,7,13.693480164361953,13.559347891978984,74.19354838709668,0.09733973825017728,0.040289604763259365,14.22913144021254,12.586868559787462,0.008286052481029153,0.011058795652249868,0.01178812163136441,-47856061.0,0.7112137855162818,0,0,-1,0,0,-0.0014503263234227394,-0.5265053171038124,0.0860443382230508,0.1755529385744129,-0.012256669069935056,0.06283941039565555,-0.29269260375137457,0.010948905109489078,0.0
2013-07-30,13.82,13.7,0.0,0.012959144642505116,0.0007323325116752631,0.4225830539935082,0.00872098550544464,13.788,13.4435,13.403333333333334,1,30,7,13.716483770841595,13.576164157012599,75.75757575757567,0.1026777130155061,0.05276722641370872,14.271745450525406,12.615254549474594,0.0080919815356678,0.010655605785630956,0.011842609142394852,-41109761.0,0.9091507831673884,0,0,-1,0,0,0.005109489051094911,0.6301420927561688,0.11701219718625536,0.16915249786512324,-0.005039596832253412,0.05415713196033578,0.279112801409727,0.023154848046309715,0.0
2013-07-31,13.83,13.82,0.006514681021193672,-0.0021482285382896063,0.008746411442868453,-0.47110409668463066,0.0007233273371430259,13.806000000000001,13.499500000000001,13.402333333333333,2,31,7,13.737123085234032,13.592540663011787,72.88135593220333,0.10648749138702662,0.06351127940837231,14.268244020088146,12.730755979911857,0.0059770509631008155,0.0072901087141590505,0.011795394603847436,-36897961.0,0.8598440868837031,0,0,-1,0,0,0.00289435600578865,-0.6293741936805699,0.09044793062256647,0.11572688812973823,0.005087209302325535,0.0881195908733281,0.07502010098622125,0.012292118582791028,0.0
2013-08-01,14.2,13.83,0.003601012173594375,0.01916991610772034,0.009389740349839137,0.20768684928643255,0.026401818930548104,13.847999999999999,13.573999999999998,13.419333333333332,3,1,8,13.821282524282388,13.63173158797877,76.81159420289845,0.1377744973318098,0.07836392299305982,14.308629158147298,12.839370841852698,0.00983845130742607,0.008771871538996858,0.012525445651678714,-31713961.0,1.7042612399941888,0,0,-1,0,0,0.005784526391901668,-0.1805739701778629,0.2066648609010795,0.13924914374874664,0.028240405503258348,0.11723052714398108,1.348558993081252,0.021830985915492995,0.0
2013-08-02,14.19,14.2,0.016399654533075216,0.0,0.010725880447167229,-0.017808089931149684,-0.0007044734352637549,13.886,13.644,13.441333333333334,4,2,8,13.888322065321953,13.667748904883366,75.91240875912399,0.15991930828761802,0.09467500005197146,14.329224511805538,12.958775488194462,0.009908794728643963,0.008881385682092116,0.01229118970772895,-36806461.0,1.5936382618926241,0,0,-1,0,0,-0.004225352112675967,-0.2716543798756493,0.2051161418598036,0.140987626874793,0.029006526468455363,0.10946051602814699,1.34129078302609,0.0112755461592671,0.0
2013-08-05,14.09,14.19,-0.000707463771990594,0.0014054816087349464,0.0021314395280700397,-0.5553294547547375,-0.007072165261362374,13.908000000000001,13.703,13.461666666666668,0,5,8,13.92499078071796,13.694990911019923,74.82014388489202,0.16746958116424615,0.10923391627442641,14.322136920491713,13.083863079508285,0.0103515562857267,0.009231424675513349,0.012356628256743822,-39728961.0,1.2501273537124802,0,0,-1,0,0,-0.0042283298097250685,-1.314069516672578,0.2071114733784763,0.14654432362940073,0.028467153284671642,0.0914020139426801,1.296360436388873,0.010645848119233524,0.0
2013-08-06,13.84,14.09,-0.005677800916681336,-0.010589580073240927,-0.021521634105378457,0.2092163926432345,-0.017902375721065348,13.903,13.74,13.479333333333333,1,6,8,13.909537911496514,13.704346336115412,56.83453237410069,0.1515335319232669,0.11769383940419452,14.29223945988384,13.18776054011616,0.012030445236377352,0.010135494269296878,0.012592704287678714,-43331561.0,0.3621617333213894,0,0,-1,0,0,-0.002838892831795539,-0.9057861606330008,0.260900309607862,0.16089598350767917,0.0014471780028944004,0.05648854961832073,1.1194650283150949,0.021676300578034734,0.0
2013-08-07,13.77,13.84,-0.01795380361659582,-0.011413359393744351,-0.0065478589711312485,0.569127002670195,-0.005070637448960104,13.904,13.771499999999998,13.493333333333332,2,7,8,13.88416738213351,13.708582056366032,49.624060150375946,0.13173709981796122,0.12050249148694786,14.246042438898717,13.296957561101278,0.01174386511959901,0.010285978475136792,0.012642753355992775,-49696361.0,-0.006321879254801164,0,0,-1,0,0,-0.0028901734104045626,0.4617010288736021,0.2636575369180496,0.16328484621705197,-0.004338394793926281,0.047945205479452024,1.4187441840077752,0.016710239651416138,0.0
2013-08-08,13.86,13.77,0.004338401598598141,-0.0014439605814929666,0.005822432751433229,-0.1557361701740781,0.006514681021193672,13.909,13.8,13.523,3,8,8,13.87977331265469,13.718350955955321,51.79856115107909,0.12190528435291625,0.12078305006014155,14.21786424388303,13.382135756116972,0.011875082473756684,0.010117223423117437,0.011370336951405036,-44249461.0,0.28717460696060015,0,0,-1,0,0,0.0065359477124182904,0.012751763888428986,0.14152344024192437,0.16060594281627807,-0.023943661971830954,0.04288939051918739,-0.3828647196699112,0.009379509379509435,0.0
2013-08-09,13.74,13.86,-0.0028901754222332744,0.0,-0.006552626285154946,-0.03569538437731311,-0.008695706967553821,13.904,13.813999999999998,13.546333333333333,4,9,8,13.854359983081109,13.719747668474334,45.517241379310384,0.10324041144608032,0.11727452233732931,14.201564595634864,13.426435404365133,0.012215405243169903,0.010066582865620495,0.011525857290801569,-49505361.0,-0.38187182644369005,0,0,-1,0,0,-0.0028860028860028244,-0.0839238540096119,0.1382365728808521,0.15980204888793462,-0.031712473572938604,0.02080237741456159,0.43565020128781806,0.016011644832605577,0.0
2013-08-12,13.72,13.74,-0.010181906145119525,-0.005767860258684726,-0.003658986885041352,-0.5201089903721197,-0.0014566644964640444,13.906,13.826000000000002,13.574000000000002,0,12,8,13.829930895248179,13.719763947927603,44.13793103448277,0.08584496502111172,0.11098861087408579,14.183735568321415,13.46826443167859,0.012031922719757778,0.010081783943989647,0.011268817525572442,-52629761.0,-0.592616498814366,0,0,-1,0,0,-0.004366812227074272,-1.1482140329764532,0.14221450876304478,0.16004335852608328,-0.026259758694109236,0.017804154302670572,-0.158146466474006,0.013848396501457689,0.0
2013-08-13,13.47,13.72,0.0065574005461590396,-0.000723327337143028,-0.031275817991775784,1.4381600016080642,-0.018389631875466498,13.871,13.8295,13.586,1,13,8,13.764488914293963,13.703650144835501,40.76433121019111,0.05129474386170685,0.09904983747161002,14.170672899522454,13.488327100477544,0.012896068762743905,0.010866011871548592,0.011496803279033277,-65792661.0,-2.1074358514594596,0,0,-1,0,0,0.003644314868804587,2.790014096336086,0.14487293381827943,0.17249259093115857,-0.026734104046242768,0.0052238805970148405,-0.22423388855271978,0.04454342984409797,0.0
2013-08-14,13.5,13.47,-0.022769988523981585,-0.016782590176471563,0.00226671800869101,-0.38454275764667656,0.0022246950221111086,13.838,13.822,13.612333333333334,2,14,8,13.71640002078597,13.690511425813858,39.99999999999998,0.026034089177137787,0.08444668781271558,14.185642392294715,13.458357607705283,0.012946334215163993,0.009992424449610314,0.009840246133772906,-56831861.0,-1.7709706394134155,0,0,-1,0,0,-0.0007423904974016174,1.145861785362726,0.1547604554542796,0.15862482052962215,-0.019607843137254832,-0.010989010989011061,-0.7408743861409338,0.025185185185185175,0.0
2013-08-15,13.32,13.5,-0.005961269516499334,-0.011098893068048916,0.0,-0.6065060027286663,-0.013423020332140661,13.75,13.798999999999998,13.632666666666665,3,15,8,13.644327289733974,13.666607462858126,36.257309941520475,-0.008412681178885606,0.06587481401439535,14.22642312328176,13.371576876718235,0.008316192425577924,0.010091650712530343,0.010229830752355396,-61717761.0,-2.2413387292771016,0,0,-1,0,0,-0.008888888888888832,-0.32394076455537874,0.1329862531324638,0.1601999886208984,-0.03896103896103886,-0.03338171262699563,0.02548230477942616,0.014264264264264227,0.0
2013-08-16,13.34,13.32,-0.002244669853823973,0.006674107087693218,0.005269112680011817,0.04429780284657144,0.001500375375234492,13.665000000000001,13.7755,13.651000000000002,4,16,8,13.588995055236888,13.645536013641474,39.024390243902445,-0.03370957896575533,0.045957935418365216,14.249518653863621,13.301481346136377,0.008509456444094664,0.01007929715046516,0.01019157597285175,-56610561.0,-1.8374804301490435,0,0,-1,0,0,0.002252252252252204,-0.2533612582643122,0.14799348197101914,0.16000388190271675,-0.02911208151382827,-0.03403330919623471,-0.6668814469788141,0.015742128935532163,0.0
2013-08-19,13.11,13.34,-0.006010536502142387,-0.019403593838580483,-0.025086834429734875,0.33445904520194536,-0.01739174271186922,13.567000000000002,13.7375,13.657666666666666,0,19,8,13.501905045193816,13.61098530308396,29.71428571428565,-0.07149250938035934,0.022467846458620308,14.294252803505014,13.180747196494988,0.00921366662323652,0.010544995358040493,0.010627285695337888,-63746261.0,-2.254142219130654,0,0,-1,0,0,-0.005247376311844099,0.4666703519306098,0.16033754777308828,0.16739661176223394,-0.04446064139941697,-0.0547945205479452,0.47091348345736234,0.02135774218154076,0.0
2013-08-20,13.15,13.11,-0.013657268422307583,-0.0007538635863997109,0.003841725815998707,-0.42530122952581356,0.0030464608481650737,13.498,13.7005,13.659333333333334,1,20,8,13.43792230970403,13.58124431578822,30.89887640449436,-0.09708890774644097,-0.0014435043823919462,14.310399905506648,13.090600094493352,0.00889700555827694,0.010584814836347507,0.010300053426774008,-59082561.0,-1.805214249189613,0,0,-1,0,0,-0.0015255530129671682,-0.5056430405307835,0.15438463135217667,0.16802872638385408,-0.02375649591685225,-0.05327573794096474,-0.6851416739996726,0.016730038022813736,0.0
2013-08-21,13.05,13.15,0.003051108392896428,-0.006051455683355267,-0.0007671653617530845,0.08290033011791069,-0.007633624855071095,13.425999999999998,13.665000000000001,13.656333333333333,2,21,8,13.367390980666933,13.546970488963174,11.920529801324491,-0.12401384768856971,-0.025957573043627502,14.339544680741,12.990455319259002,0.008933147344173878,0.010533691878181723,0.010380949807403454,-64149361.0,-1.8234522265431334,0,0,-1,0,0,-0.0015209125475284847,-0.3247399506736902,0.1416050390512573,0.16721717458229834,-0.033333333333333326,-0.05159883720930225,0.022926908760283315,0.011494252873563244,0.0
2013-08-22,13.19,13.05,-0.004580160678574261,0.006051455683355282,0.0022997327115313305,-0.3351586606463085,0.01067083296052064,13.359,13.634,13.653,3,22,8,13.335138075091127,13.523940134836518,19.512195121951166,-0.1325275317151533,-0.047271564777932665,14.33687829297613,12.931121707023872,0.009623036901095125,0.01086852399308748,0.010355200737900182,-60525461.0,-1.2633766170812162,0,0,-1,0,0,0.0015325670498083964,-0.8305943973158497,0.1708720209792918,0.17253246962428898,-0.009759759759759845,-0.044895003620564866,-0.5358049791804639,0.015163002274450287,0.0
2013-08-23,13.27,13.19,0.012923022872731569,0.0018835944540603715,0.0061068892081794805,0.06707228518239353,0.006046881614892907,13.312000000000001,13.608,13.646666666666667,4,23,8,13.323294788710921,13.507556900330936,24.691358024691297,-0.131305745334668,-0.06407840088927973,14.32491150448529,12.891088495514712,0.010098850513862324,0.011025972963752392,0.010134677319213794,-56650161.0,-0.9429336755940895,0,0,-1,0,0,0.0037907505686126395,-0.6757617846770099,0.17947260424455636,0.17503189454766374,-0.005247376311844132,-0.037708484408991993,-0.7322189579382529,0.010926902788244128,0.0
2013-08-26,13.27,13.27,0.0030165935394255057,0.005629588896722818,0.004555816535860661,0.03027030104083708,0.0,13.267,13.586499999999997,13.639666666666667,0,26,8,13.313604827127117,13.492230648696683,29.19708029197075,-0.12885214352278318,-0.07703314941598043,14.317448194578864,12.85555180542113,0.0101408470802595,0.010977141114620934,0.01012864956708791,-56650161.0,-0.8659984451629942,0,0,-1,0,0,0.0007535795026375122,-0.612094459429876,0.10913435333314528,0.17425671297449616,0.012204424103737566,-0.031386861313868586,-0.5325388283941699,0.012057272042200463,0.0
2013-08-27,12.8,13.27,-0.01364691384118188,-0.01698474497099641,-0.035470179448307826,0.47365208270184306,-0.03606067741854453,13.2,13.535499999999999,13.619666666666665,1,27,8,13.220222131285823,13.447570606845286,22.598870056497148,-0.16295428291776837,-0.09421737611633801,14.336800915945414,12.734199084054584,0.013765811703459538,0.01304623686761713,0.011944434363866663,-63064561.0,-1.8357647804064194,0,0,-1,0,0,-0.012810851544837975,0.4346763323711238,0.28909023516717675,0.20710258978174334,-0.026615969581749055,-0.07380607814761209,-1.504925945578087,0.030859374999999967,0.0
2013-08-28,12.77,12.8,-0.024730781257717112,-0.022715124875688063,-0.0055096558109695845,-0.2311890499696602,-0.002346500881123648,13.126999999999999,13.482499999999998,13.590333333333332,2,28,8,13.138363561961127,13.40385637414559,18.12865497076018,-0.19020861682645673,-0.11341562425836177,14.340033181804047,12.624966818195949,0.013573626453090591,0.013008917370808152,0.011324309495034882,-68154961.0,-1.6617432773879734,0,0,-1,0,0,-0.0015625000000001055,-0.15532443257314507,0.28879852894900443,0.20651016113607956,-0.0214559386973181,-0.07664497469269704,-1.796467548395212,0.013312451057165225,0.0
2013-08-29,12.79,12.77,-0.001566171032744835,0.003110422414392552,-0.0019751142111192324,0.19480292868269297,0.0015649455463032868,13.074000000000002,13.412,13.557333333333332,3,29,8,13.075024732513647,13.36425273710394,20.49689440993781,-0.20779866627826138,-0.1322922326623417,14.252841683578048,12.571158316421954,0.013430292187760373,0.010940069450307338,0.01113286012751648,-61969761.0,-1.479469945764807,0,0,-1,0,0,-0.0007830853563038204,0.29689219735347916,0.26534815780386395,0.1736682185477299,-0.030326004548900665,-0.0992957746478873,-2.0446080463564282,0.01837372947615334,0.0
2013-08-30,12.81,12.79,0.0054709007109012935,0.0038744721075584933,0.008269391482506766,-0.47476174612919436,0.0015625003178916343,13.021,13.343,13.524,4,30,8,13.026838417511165,13.32849449600046,21.739130434782595,-0.2176165264894685,-0.14935709142776707,14.140393121035016,12.545606878964984,0.013433122594633915,0.011000249037713768,0.011124683513566842,-58122361.0,-1.3368562781383548,0,0,-1,0,0,0.0031274433150899864,-0.6791183573479623,0.25411194706491247,0.17462353988140922,-0.03466465712132627,-0.09725158562367853,-2.1815775214229713,0.014051522248243537,0.0
2013-09-03,12.82,12.81,0.010852819700807436,0.008471363714740778,-0.0015698590351200178,0.3312864896809707,0.0007803355838811049,12.991999999999999,13.279500000000002,13.489,1,3,9,12.989231432509133,13.295688399484302,26.277372262773696,-0.222030900996943,-0.16389185334160228,14.027141202998708,12.531858797001297,0.012639268801267941,0.011064305808784975,0.011068595140767525,-52763861.0,-1.2291992419813114,0,0,-1,0,0,0.01249024199843873,-0.08825730113862268,0.2555090653010732,0.1756404095976745,-0.03391107761868872,-0.09013484740951028,-2.181948857438892,0.024180967238689448,0.0
2013-09-04,13.01,12.82,-0.007739976720317354,-0.0015349197180837017,0.007045038923208838,-0.08698253622711194,0.01471184103188982,12.978,13.238,13.459666666666665,2,4,9,12.993007535689289,13.277256889840155,33.98692810457514,-0.20780249468801948,-0.1726739816108857,13.945719837521432,12.530280162478567,0.013683406428081763,0.011426659841776802,0.011496673084810772,-47851761.0,-0.6443227613867619,0,0,-1,0,0,0.0039001560062401665,-0.3200952746805983,0.10558082459779038,0.18139260154482048,0.016406249999999956,-0.05997109826589597,1.8904080181600156,0.015372790161414242,0.0
2013-09-05,13.09,13.01,0.012355369528718551,0.00917437627604145,0.011632546835828496,-0.1576175239880636,0.006130287397394633,12.982,13.203999999999999,13.437333333333333,3,5,9,13.010642529200325,13.265175800173049,41.958041958041946,-0.18790499692817342,-0.17572018467434328,13.868098914636494,12.539901085363503,0.01363516625257418,0.011595254121922964,0.011508368244298479,-43655961.0,-0.34332234999178884,0,0,-1,0,0,0.001537279016141397,-0.5895460696676882,0.09363397605644033,0.1840689527712287,0.025058731401722767,-0.04938271604938271,1.6293695516724476,0.012987012987012981,0.0
2013-09-06,13.1,13.09,0.006883392379189245,0.008713826684524504,-0.0023157092555980926,0.19641063000397135,0.000763650285297175,12.972999999999999,13.166,13.413666666666666,4,6,9,13.026889342072991,13.25451929693608,41.54929577464789,-0.16937670099748914,-0.17445148793897247,13.754750684433896,12.577249315566105,0.013151343972545667,0.01143010561482427,0.011475259956329819,-38549561.0,-0.22420356101483593,0,0,-1,0,0,0.002291825821237537,-0.17496890887262376,0.09562651666259483,0.18144730149616833,0.024237685691946842,-0.05483405483405479,1.5959656183478104,0.024045801526717654,0.0
2013-09-09,13.27,13.1,-0.006116227017436094,0.004891825371254158,0.003086422203189586,0.20327010841337456,0.012893618137010204,12.972999999999999,13.142500000000002,13.396333333333335,0,9,9,13.0710912798779,13.255518051972462,55.88235294117648,-0.13936875745068633,-0.16743494184131524,13.669012857843017,12.615987142156987,0.013710614856536811,0.011857621342670929,0.011783982432015975,-32292161.0,0.4843186566129906,0,0,-1,0,0,-0.0045801526717557635,0.3157119861108043,0.10503957915599701,0.1882339032808745,0.03590944574551114,-0.03420669577874824,0.22511728505360493,0.02562170308967595,0.0
2013-09-10,13.9,13.27,0.024243611609992853,0.04262217502440307,0.028855456832555755,0.34158904954491787,0.04638299179252989,13.035999999999998,13.151500000000002,13.402999999999999,1,10,9,13.221801956263736,13.297097532490369,69.23076923076924,-0.06401360216529106,-0.1467506739061104,13.723744886850595,12.57925511314941,0.020309278301536157,0.01616868532275744,0.014706475144992053,-23486861.0,2.616012889584538,0,0,-1,0,0,0.006782215523737744,1.302804916036903,0.28940603767068684,0.2566699223452578,0.0842433697347893,0.013119533527696792,1.713389755261418,0.03884892086330942,0.0
2013-09-11,13.85,13.9,0.03746306621824059,0.00430725719758027,0.025860325465723515,-0.20159228237368276,-0.0036036075032986558,13.141,13.1705,13.404,2,11,9,13.336019782397601,13.332768659426474,71.05263157894734,-0.008233767087956423,-0.11904729254247962,13.808703894164431,12.53229610583557,0.015135745289451843,0.015584477949233285,0.014642602564742346,-30684561.0,2.1294135188242196,0,0,-1,0,0,-0.002158273381295046,1.0775532259874416,0.32342514072857126,0.247395917798647,0.06456571867794003,0.02821083890126208,1.747926768215833,0.018050541516245487,0.0
2013-09-12,13.75,13.85,-0.0007212405649829921,-0.004667034139759503,-0.001459854273865628,-0.3149621885724957,-0.007246408520767198,13.238999999999999,13.183000000000002,13.401333333333334,3,12,9,13.411288912870765,13.359686810431217,65.05376344086022,0.027585007027767006,-0.0897208326284303,13.857157563966286,12.508842436033717,0.015578664087355323,0.015704203167742316,0.014704042261327675,-35937561.0,1.6820993497845105,0,0,-1,0,0,0.0007220216606498042,-0.07278690214775808,0.3531825924722029,0.2492964967216736,0.050420168067226934,0.0185185185185186,1.65622304226977,0.014909090909090914,0.0
2013-09-13,13.9,13.75,-0.0072411612565595855,0.0050251362026729795,0.005100193204840125,-0.23868343237642314,0.010850016024065844,13.35,13.212,13.391333333333334,4,13,9,13.500145474166988,13.394545725887268,66.32124352331607,0.06729960205258934,-0.05831674569222636,13.957134392682427,12.466865607317573,0.015461110164300304,0.015470720601395389,0.01397301902777253,-31799961.0,1.846646743879993,0,0,-1,0,0,0.0007272727272727117,-0.8754727596824089,0.34353588598022683,0.24559007588553494,0.06106870229007644,0.04354354354354362,1.3624473851322303,0.014748201438848925,0.0
2013-09-16,14.1,13.9,0.02156805387732139,0.02370533786872155,0.018719049101246353,0.6926999614695324,0.014285957247476434,13.479,13.25,13.388333333333334,0,16,9,13.609209933409353,13.440058904862283,69.48356807511736,0.11360249442756576,-0.023932897668267936,14.093626257982882,12.406373742017118,0.015356854518063495,0.01570466663524571,0.014238968052616178,-23528461.0,2.0151103452667707,0,0,-1,0,0,0.011510791366906485,1.8761514039477536,0.3439065340468104,0.24930385404020203,0.06254709871891495,0.05697151424287861,1.2933521288627163,0.019858156028368875,0.0
2013-09-17,14.22,14.1,0.01272101960131086,0.0,0.004980444304144752,-0.3819393903604502,0.008474626990972236,13.619,13.3055,13.392666666666665,1,17,9,13.72026267278947,13.49037768519375,89.88764044943814,0.15815772355978197,0.012485226577342044,14.25032468437844,12.360675315621561,0.015046926084473408,0.01500740324925695,0.014261068424721001,-17882861.0,1.9358088651157794,0,0,-1,0,0,0.009929078014184438,0.17367730955441263,0.15014266954298722,0.23823514093437942,0.02302158273381294,0.0846681922196797,-0.4685847467428704,0.014767932489451536,0.0
2013-09-18,14.25,14.22,-0.00422238487984825,0.0020957045742187375,-0.004980444304144815,0.16714809491580282,0.0021074823395645778,13.743,13.360499999999998,13.406333333333333,2,18,9,13.816578550464111,13.539385576471574,91.57303370786515,0.19365646178519746,0.04871947361891313,14.39136014161923,12.329639858380766,0.015179346509910483,0.015012600050764276,0.013844481357977417,-11210161.0,1.7257433168437621,0,0,-1,0,0,-0.002812939521800346,0.8071035868455524,0.1352454410758417,0.23831763760078753,0.028880866425992746,0.08365019011406849,-0.9554790874244102,0.021754385964912314,0.0
2013-09-19,14.54,14.25,0.0056258938821684285,0.017295484740431535,0.01416454276865085,0.5725295679433136,0.02014656539071366,13.888,13.434999999999999,13.432,3,19,9,13.948109723106999,13.603941345731473,92.68292682926828,0.24239585541724296,0.0874547499785791,14.580379734778976,12.289620265221021,0.01551792475135166,0.015163077603780656,0.014228818813671183,618839.0,1.9294910961790883,0,0,-1,0,0,0.0007017543859648974,2.9578936388600576,0.1076197184922373,0.24070639469986083,0.057454545454545425,0.11417624521072778,-0.002129414263885402,0.024759284731774377,0.0
2013-09-20,14.41,14.54,0.02561580004588324,0.0054719698779933925,0.00979713924498326,-0.4413012434670509,-0.008981062093942546,14.019,13.496,13.450333333333333,4,20,9,14.03208977345118,13.65594512987783,87.03703703703705,0.2674492737281948,0.12345365472850225,14.714081321284993,12.277918678715007,0.016479715026615504,0.015443381561602096,0.014335583605504788,-6989561.0,1.5007208205701605,0,0,-1,0,0,0.0061898211829437165,0.7901949754803989,0.17972944878711217,0.24515608208327683,0.03669064748201434,0.0924943138741472,-0.5218856142655889,0.02081887578070789,0.0
2013-09-23,14.43,14.41,-0.013764842246253477,-0.010284629562409008,-0.003487970051718531,-0.4134353806984095,0.001386962774348806,14.135,13.553999999999998,13.473333333333333,0,23,9,14.104437087369146,13.705884153756681,87.09677419354841,0.2856256068922942,0.15588804516126065,14.835584545540652,12.272415454459345,0.01663017379036058,0.01545456818432021,0.014209390659472663,-1957561.0,1.3670576834717523,0,0,-1,0,0,0.00138792505204716,-0.5445965567875787,0.1708302698319328,0.24533366421361386,0.023404255319148914,0.08741522230595322,0.44127537354808627,0.013860013860013811,0.0
2013-09-24,14.7,14.43,0.0020768439448392907,0.021139552971844427,0.008350779217419889,0.44302582860649087,0.01853812099891106,14.214999999999998,13.625499999999999,13.505999999999998,1,24,9,14.212721253302028,13.77002065996593,87.55555555555557,0.318149792626075,0.18834039465422353,14.996791745994182,12.254208254005816,0.010507410023513682,0.015743462514967374,0.014526883766158554,5879339.0,1.5671355174984887,0,0,-1,0,0,0.0020790020790021576,0.8112241832022555,0.19835726891093933,0.24991971953802702,0.033755274261603185,0.10776186887716643,0.0339899836167727,0.026530612244898,0.0
2013-09-25,14.59,14.7,0.01782089657011149,-0.006091389393401928,0.004149383546811618,-0.1293239390720896,-0.0075111312499962805,14.288999999999998,13.714999999999998,13.543333333333333,2,25,9,14.281317389065295,13.822922552871354,82.8947368421053,0.33123113708842844,0.2169185431410645,15.093076462625449,12.336923537374547,0.010950354484441014,0.012934319549631576,0.01412795853283159,-1006861.0,1.2698859950528287,0,0,-1,0,0,0.0013605442176871667,0.3019079212905375,0.22262140958274662,0.20532595743699666,0.023859649122806914,0.13984374999999982,0.29506321673721525,0.016449623029472255,0.0
2013-09-26,14.7,14.59,-0.009556386720218104,0.0013568523112898034,0.004132237284910591,-0.6323841841324682,0.007511131249996271,14.384,13.8115,13.583333333333334,3,26,9,14.357441500144333,13.879508194621591,83.6134453781513,0.34648026865194304,0.24283088824324023,15.18122183115295,12.441778168847051,0.010035949372763888,0.01276049513128576,0.014154292466484343,2651939.0,1.2973437084697899,0,0,-1,0,0,-0.0006854009595613288,-1.2923795319029894,0.18093670921209998,0.20256658034059577,0.011004126547455195,0.1511354737666406,0.6458666361872009,0.013605442176870701,0.0
2013-09-27,14.64,14.7,-0.0013726838119721356,0.000677736386497595,-0.007588860152821434,0.07381704602054819,-0.004089985251525055,14.457999999999998,13.904,13.627333333333333,4,27,9,14.408815772845363,13.928572182065361,80.17621145374457,0.34969277607461535,0.26420326580951525,15.232511632577921,12.575488367422079,0.010456186496168446,0.012951358462215509,0.013885771506809346,-1287161.0,1.1080068581286315,0,0,-1,0,0,-0.009523809523809441,-1.0607420290244074,0.16456230914527287,0.20559644178884498,0.015961138098542715,0.14464425332290864,0.8165938400254193,0.021857923497267777,0.0
2013-09-30,14.56,14.64,-0.006891826037921258,-0.00816331063916087,-0.023104193355975952,0.4212071184287615,-0.005479465764625596,14.504,13.991499999999998,13.668,0,30,9,14.436303814146207,13.96930946064179,69.18604651162796,0.34184282860150184,0.2797311783679126,15.245030173046077,12.73796982695392,0.010412765432997599,0.013195550980158689,0.013973934683843798,-7289561.0,0.9070383979965104,0,0,-1,0,0,-0.012295081967213095,-0.11463174290676309,0.17613799084069218,0.20947287783584698,0.009009009009009139,0.13661202185792343,1.0898835703747098,0.03638736263736263,0.0
2013-10-01,14.73,14.56,0.008264509849893431,0.012894647616675213,0.03138010265983574,-0.15308500768697528,0.011608187705998951,14.555000000000001,14.086999999999998,13.722000000000001,1,1,10,14.489703120665077,14.018386269632645,73.91304347826096,0.3453581936456267,0.29285658142345544,15.252686605892833,12.921313394107163,0.01063569008268636,0.013171694238891779,0.013518396630398877,-2139161.0,1.103212470229096,0,0,-1,0,0,0.0013736263736263442,-0.5364688815419923,0.13626376806946927,0.20909416380893905,0.0020408163265306367,0.14898595943837756,0.6476440898180488,0.018329938900203638,0.0
2013-10-02,14.67,14.73,0.01023550389402693,-0.003377240629785045,-0.0055096558109695845,0.049599759582323356,-0.004081638319648619,14.597,14.169999999999998,13.772666666666668,2,2,10,14.522484371453244,14.060425865140218,75.55555555555563,0.3393903663309601,0.30216333840495635,15.24572252340855,13.094277476591447,0.010906958147377946,0.013262213957442485,0.013597605547276253,-7551461.0,0.9296077550104545,0,0,-1,0,0,0.0,-0.42063732048346364,0.1255033193414642,0.2105311197931354,0.005483207676490798,0.12759415833973864,0.737850582530503,0.020449897750511176,0.0
2013-10-03,14.72,14.67,-0.008864701760248214,-0.0013540963477292579,0.0006903693750206325,0.10365183425506477,0.003402521145839934,14.615,14.251500000000002,13.828333333333331,3,3,10,14.55839630391629,14.102979035131172,74.1176470588236,0.33483562565615266,0.30869779585519563,15.224812845254217,13.278187154745787,0.00906631589258519,0.013275881054952905,0.01342833589573712,-1548061.0,0.9626914969515962,0,0,-1,0,0,-0.004771642808452644,-0.17274430718912243,0.11519267117765586,0.21074807824007527,0.0013605442176871652,0.12452253628724219,1.251116390611939,0.018342391304347797,0.0
2013-10-04,14.89,14.72,0.005464494472078745,0.011451792378772615,0.010298752200574473,-0.15488386655609696,0.011482733395187447,14.663000000000002,14.341,13.884999999999998,4,4,10,14.618687885022418,14.153754581251743,73.65269461077852,0.3410125595929152,0.31516074860273957,15.189699314431074,13.492300685568924,0.008814630617317649,0.013272436225710973,0.01344311854460685,3593939.0,1.293744417286405,0,0,-1,0,0,-0.002717391304347889,-0.622380622831427,0.13025849495473918,0.21069339327117584,0.017076502732240373,0.13664122137404577,-0.01614780105635857,0.019476158495634596,0.0
2013-10-07,14.87,14.89,0.00746525353633877,0.005344034094271511,0.006128721941373326,0.25479597895057626,-0.0013440862238540388,14.706999999999999,14.421000000000001,13.938333333333333,0,7,10,14.664380996836522,14.19996396310647,70.70063694267516,0.34037041313774985,0.3202026815097417,15.13568506129768,13.706314938702322,0.00892268608791312,0.013291255931878293,0.01347446577810318,-3040261.0,1.2564975100633342,0,0,-1,0,0,-0.006715916722632735,0.1448437094149721,0.1149358647575571,0.21099214684477208,0.021291208791208716,0.1205727204220044,0.05526434653833048,0.01882985877605914,0.0
2013-10-08,14.82,14.87,0.006738569973209269,0.0,0.006091389393401913,0.08501844651571494,-0.0033681406041227656,14.719000000000003,14.466999999999999,13.99,1,8,10,14.692675361048064,14.239966288067345,67.92452830188685,0.3319998378450997,0.3225621127768133,15.158545941694138,13.77545405830586,0.007175444897353464,0.009100069140680862,0.013521832377608631,-10263161.0,1.0209010818145423,0,0,-1,0,0,0.0013449899125757465,0.5124703842870144,0.10259101554819094,0.14445911915840887,0.006109979633401208,0.06618705035971217,1.301656460461381,0.012820512820512787,0.0
2013-10-09,14.95,14.82,-0.003363608956683267,0.003989366993033515,-0.0006749915882333652,0.12176702209756914,0.008733679968754631,14.755,14.522,14.061666666666667,2,9,10,14.739461659039325,14.285774914643646,64.33566433566438,0.33202859124435946,0.3244554084703225,15.18114138727665,13.86285861272335,0.006917931047783198,0.009030373034028082,0.011334951571800951,-2104961.0,1.2986591595115924,0,0,-1,0,0,0.00134952766531711,0.9733960341753415,0.10123419769104156,0.14335272776509275,0.019086571233810412,0.07942238267148016,0.13230282087834233,0.017391304347826073,0.0
2013-10-10,15.12,14.95,0.016043124840575684,0.004634235370898751,0.012080683834798803,-0.2812552679984525,0.011307070914691542,14.797,14.5905,14.140000000000002,3,10,10,14.808650448304903,14.339595887892443,74.1496598639456,0.3418285707880049,0.327930040933859,15.194259275835831,13.98674072416417,0.007324590157589612,0.008782472549666798,0.011294625163168443,4053139.0,1.7540103189867209,0,0,-1,0,0,0.008695652173913096,-0.11353263928718062,0.11422096390536063,0.13941742957601824,0.02717391304347827,0.09963636363636352,-0.5525462483531047,0.009920634920634944,0.0
2013-10-11,15.23,15.12,0.0013253812410687102,0.011818916303142605,0.003994679080378443,-0.18696035023881297,0.007248796155683551,14.856,14.657,14.221333333333332,4,11,10,14.885259457704011,14.397041314480028,75.64102564102569,0.3543860639257552,0.3332212455322383,15.232869137181172,14.081130862818828,0.007004714639754608,0.008686425701605353,0.011270518227952154,9161139.0,1.9900354542519278,0,0,-1,0,0,-0.0013227513227512947,-0.7208776031359703,0.10321998384349575,0.13789273313092512,0.022834116856951026,0.09568345323741001,-0.4294979439248712,0.017728168089297412,0.0
2013-10-14,15.31,15.23,0.002645504188424175,0.0006525285712774368,0.003978785089763359,-0.30039633429807594,0.0052390427625219945,14.931000000000001,14.717500000000001,14.304666666666666,0,14,10,14.962485010848734,14.455941874836157,72.2627737226278,0.3665677344590268,0.339890543317596,15.301168074381758,14.133831925618244,0.006169036568748003,0.008380236498863785,0.011241692343415103,12943739.0,2.0302635213604856,0,0,-1,0,0,-0.005909389363099137,-1.3007246979559053,0.0891938302841306,0.13303213022340116,0.02958977807666452,0.0858156028368795,-1.3867701978997506,0.014369693011103895,0.0
2013-10-15,15.2,15.31,0.010512580389086987,0.0039062549670652105,0.005938651567582547,0.23787092514039057,-0.007210781817361712,14.977999999999998,14.766499999999999,14.383999999999999,1,15,10,15.005669554330781,14.503945624846727,72.2627737226277,0.36315943946989115,0.34454432254805506,15.338744886850181,14.194255113149817,0.006772702327459465,0.008680721864660184,0.011461633450540808,8145339.0,1.5150856214238015,0,0,-1,0,0,-0.0006531678641410703,-0.7211423560989888,0.11460565994649297,0.13780218752647044,0.02564102564102555,0.06891701828410679,-1.7117277660838741,0.012500000000000084,0.0
2013-10-16,15.6,15.2,-0.003273325344969249,0.014193786676552729,0.0032840752011900187,0.1921754537147122,0.025975486403260736,15.071000000000002,14.834,14.470333333333334,2,16,10,15.113729635361548,14.574658810340487,77.10843373493974,0.38825938568102636,0.3532873351746494,15.465169340860237,14.202830659139762,0.009451357088949222,0.010071324991721121,0.01195661895904076,13960439.0,2.427240838270116,0,0,-1,0,0,0.0032894736842105734,-0.1567866266851615,0.19175479642159632,0.1598773278060224,0.04347826086956519,0.09473684210526323,0.37777623504678154,0.02307692307692304,0.0
2013-10-17,16.01,15.6,0.027806511868841078,0.03152846266154222,0.02589141393274171,0.31897105887439037,0.02594261275313208,15.2,14.907500000000002,14.567666666666666,3,17,10,15.276687883477628,14.667261467737877,84.0796019900497,0.43620653002671794,0.3698711741450631,15.712847260829848,14.102152739170156,0.011288551929143202,0.010631767111156081,0.012509487008704261,21960339.0,2.737949338435598,0,0,-1,0,0,0.0051282051282051325,1.495306495373667,0.23058759529358291,0.16877407063964758,0.05886243386243395,0.10110041265474567,-0.07934523296549559,0.028732042473454032,0.0
2013-10-18,16.07,16.01,0.0258119460820301,0.00433571444146256,0.023991049635299366,-0.47528511762871956,0.003740652740797926,15.317999999999998,14.9905,14.666666666666666,4,18,10,15.420926450118058,14.757760727883822,87.93969849246224,0.4735872667075114,0.39061439265755277,15.913526486476222,14.06747351352378,0.011323388778775619,0.01013036851984561,0.01247157059604345,26933939.0,2.3390444712396876,0,0,-1,0,0,0.004996876951904952,-0.6023844894590255,0.23603973526268054,0.16081461475769387,0.0551543007222588,0.11519777931991682,0.11256394965137166,0.009334163036714286,0.0
2013-10-21,16.09,16.07,-0.002489111428266867,-0.0018558619616801562,-0.004376374599798888,0.0593464727806919,0.0012437812548705546,15.440000000000001,15.0735,14.760666666666667,0,21,10,15.542576186460229,14.843711648665511,86.95652173913035,0.4990726043724365,0.41230603500052954,16.07915296933714,14.067847030662858,0.011121205528561273,0.010133492706897137,0.012458660806142118,32211639.0,2.0215721148220895,0,0,-1,0,0,-0.0012445550715618901,-0.38769512362180264,0.24365506587906124,0.16086420968961943,0.05094709340300452,0.11503811503811501,0.2811702690436984,0.01180857675574877,0.0
2013-10-22,16.36,16.09,0.007448824012990695,0.025673781769806205,0.013072081567352921,0.3377733638621294,0.016641370170309235,15.594,15.1565,14.842666666666666,1,22,10,15.691198698012913,14.941536703590318,91.2195121951219,0.5348907737182031,0.4368229827440643,16.297289661870813,14.015710338129187,0.010654694800146938,0.010009547808838422,0.009996028851602043,39610039.0,2.109941981813452,0,0,-1,0,0,0.004972032318210183,1.2382181181036245,0.19020459461671113,0.15889664543038773,0.07631578947368411,0.11292517006802716,-0.22283548487149443,0.024449877750611162,0.0
2013-10-23,16.41,16.36,0.011070223754246893,0.0006033182686771588,0.0037037079374842106,0.19986429932062322,0.003051573927398671,15.74,15.247500000000002,14.927999999999999,2,23,10,15.821889843828746,15.03627627110062,91.2195121951219,0.5608464246447351,0.46162767112419845,16.484335946233152,14.010664053766853,0.010878010021937647,0.009562439231636374,0.009860249361873697,48645239.0,1.8797965947552757,0,0,-1,0,0,-0.0006112469437651596,2.1255008629544094,0.1729520925008191,0.15179901680446448,0.05192307692307696,0.12474297464016448,0.9862979156152606,0.02132845825716014,0.0
2013-10-24,17.02,16.41,0.019382799419440308,0.027953054022376984,0.022541313835997695,-0.07938162377617256,0.036498218043228614,15.929999999999998,15.363499999999998,15.036999999999999,3,24,10,16.0397280540417,15.164258447158645,92.77108433734935,0.6234516050043286,0.4939924579002245,16.802743587883175,13.924256412116822,0.014004382142978285,0.011846571703053232,0.011104474389052292,56990939.0,2.301903602622768,0,0,-1,0,0,0.01584399756246201,1.5021945733359512,0.24068042203310328,0.18805849568984262,0.06308557151780114,0.15782312925170072,1.4865117929982696,0.02643948296122205,0.0
2013-10-25,17.17,17.02,0.022539506966823147,0.01686576762286985,0.013165959182304303,0.06178481404395415,0.008774551764156131,16.124000000000002,15.49,15.145999999999999,4,25,10,16.245232044215935,15.29366112798712,93.89312977099237,0.6773621981065254,0.5306664059414847,17.096513059556617,13.883486940443383,0.013955155146755835,0.011534460555042904,0.01108688645911307,65868539.0,2.0914862658678506,0,0,-1,0,0,0.001762632197414873,1.6618681055148714,0.23172767508825165,0.18310388481556542,0.06845052893590542,0.17281420765027322,1.3984318991099278,0.030285381479324375,0.0
2013-10-28,17.1,17.17,0.008759180089881554,-0.006363920812557451,0.01123275186296856,-0.08980472645468485,-0.00408521140077006,16.303,15.616999999999999,15.246,0,28,10,16.40064439981304,15.410199119729887,93.18181818181813,0.7062965693620207,0.5657924386255919,17.313052382507724,13.920947617492272,0.014756228594798002,0.011452684183483688,0.011181957011661532,57753439.0,1.7487667424602633,0,0,-1,0,0,0.0017472335468839593,1.0553070602022223,0.2515634016621707,0.181805725161964,0.06277190801740229,0.1744505494505495,1.0579370926253397,0.012865497076023325,0.0
2013-10-29,17.16,17.1,-0.0017457089100230648,0.00636392081255741,0.0023487973217553287,-0.01695103282681535,0.0035026305512020745,16.499,15.738500000000002,15.344,1,29,10,16.538709054392484,15.523089499102154,92.9961089494163,0.7257033095837073,0.597774612817215,17.513333127811887,13.963666872188117,0.013618252069981346,0.011465337694930347,0.011188394184497689,65732139.0,1.6018407338976186,0,0,-1,0,0,0.004093567251462004,0.8757899674920524,0.25446240332149933,0.18200659342896142,0.0488997555012225,0.16496945010183306,1.7809101609813234,0.01689976689976685,0.0
2013-10-30,17.13,17.16,0.0023269353140638245,-0.0034662079764861725,-0.007653849551448525,-0.006740552942452457,-0.0017497817237877064,16.651999999999997,15.861500000000001,15.44,2,30,10,16.646216499048396,15.626761144321371,91.35802469135794,0.7302447350043035,0.6242686372546328,17.665277031383567,14.057722968616437,0.013293230430063804,0.01135062062600271,0.011260676623549487,57807039.0,1.4064931285071423,0,0,-1,0,0,0.002913752913752955,0.7611910146008374,0.26444891496801926,0.18018551641586072,0.04387568555758681,0.16768916155419222,1.7668011865533373,0.021015761821365993,0.0
2013-10-31,17.22,17.13,-0.004075697053814357,0.0017346058122081499,0.009411834182346378,-0.19159331261648482,0.00524018666355625,16.773,15.986499999999998,15.529333333333334,3,31,10,16.750540771948685,15.729550747913542,91.28630705394181,0.7326604417013005,0.6459469981439663,17.803649589763715,14.16935041023628,0.011933332002418504,0.01132014152929369,0.010939948068395896,64350339.0,1.357620756098998,0,0,-1,0,0,0.0005837711617047031,-0.14256806651408885,0.08311351130698845,0.179701675755393,0.011750881316098694,0.16983695652173902,-0.11123815185159627,0.013356562137049968,0.0
2013-11-01,17.47,17.22,0.006976772485648235,0.01034491984239273,0.007001195458983561,-0.12142889246555934,0.014413625146380447,16.913,16.1155,15.631333333333334,4,1,11,16.881351540685287,15.84183779643525,91.86046511627897,0.7461467025983666,0.6659869390348463,17.970807890464684,14.260192109535318,0.01205496528826899,0.011389300880958724,0.010692067572682465,70145439.0,1.4601350071989914,0,0,-1,0,0,0.0023228803716610165,-0.658322907796395,0.11486432221813679,0.18079954642743384,0.01747233546884086,0.17327065144392195,0.8457660815781933,0.016599885518030863,0.0
2013-11-04,17.87,17.47,0.015522013277861185,0.03593873573624896,0.019004315113735893,0.48205731502789356,0.02263820502537162,17.091,16.2655,15.746,0,4,11,17.061105806015235,15.972686970858783,96.51567944250867,0.7801185970037778,0.6888132706286326,18.18093838599046,14.35006161400954,0.012550792231223505,0.01162085374679274,0.011052910920860363,79530039.0,1.6753344944273185,0,0,-1,0,0,0.0034344590726961806,1.505579099060585,0.1553765522860415,0.1844753342176005,0.04502923976608186,0.2017484868863484,0.6767708200274681,0.03357582540570777,0.0
2013-11-05,17.87,17.87,0.022561588683898244,-0.003591660167156005,0.007614971161541746,0.21940706502490612,0.0,17.241999999999997,16.418,15.851666666666667,1,5,11,17.208177477648828,16.095094263061444,95.95141700404854,0.7978445131675151,0.7106195191364091,18.3345275616949,14.501472438305095,0.012755339173766946,0.011451188370098451,0.010908572316547405,79530039.0,1.515240405638527,0,0,-1,0,0,0.003357582540570717,2.3296086135079235,0.1647409219391687,0.18178197986061342,0.04137529137529139,0.2058029689608638,0.7029460351328523,0.02243984331281476,0.0
2013-11-06,17.8,17.87,0.003340760345400206,0.0013829348076001232,0.0014708380770090189,-0.27874915712060516,-0.003924871873297245,17.381,16.5605,15.958666666666666,2,6,11,17.31578157262177,16.205088181573608,92.01877934272294,0.7970560484733795,0.7279068250038032,18.440919606028448,14.680080393971556,0.013292040288113408,0.011836504164300248,0.010768503850862195,70686139.0,1.3183227786248144,0,0,-1,0,0,0.006715165081141434,0.8390367467263913,0.173467589661192,0.1878986784667132,0.03911266783420908,0.19063545150501682,0.5477267670482242,0.02247191011235947,0.0
2013-11-07,17.57,17.8,-0.0072524725140887215,-0.0060992703637295234,-0.009656422663448638,0.16088483126028832,-0.013005555099033684,17.436,16.683,16.054333333333332,3,7,11,17.362003104872358,16.29314700856886,82.60869565217385,0.7690074673201579,0.7361269534670742,18.485911096269565,14.880088903730433,0.01027448996546352,0.0127713028368158,0.01134634123248112,60298539.0,0.9839642141371333,0,0,-1,0,0,0.0033707865168538607,1.437406433081148,0.2290347552114514,0.20273814734704998,0.020325203252032686,0.1620370370370372,0.307700282675801,0.02618099032441667,0.0
2013-11-08,17.69,17.57,-0.012394524869707721,-0.011748386876914261,0.0028498166907604356,-0.08603166739513836,0.006806605972688205,17.488,16.806,16.156,4,8,11,17.421638903986473,16.38326655640313,83.33333333333329,0.7478411149372057,0.7384697857611007,18.525245856702508,15.086754143297494,0.010173443275565127,0.012772311840332649,0.011184966935870488,69829839.0,1.0283578658092591,0,0,-1,0,0,0.003984063745019937,0.928188919533026,0.21297567312086324,0.20275416478131542,0.012593016599885765,0.16152330925804348,0.7680785075569287,0.011305822498586731,0.0
2013-11-11,17.81,17.69,0.006216465342779473,0.00784757390606048,0.009065217887110785,-0.5585252409810137,0.006760589129876284,17.559,16.931,16.264333333333333,0,11,11,17.492250012352567,16.475313875344863,82.22222222222216,0.7323080341250687,0.7372374354338943,18.55305717337073,15.308942826629272,0.00990613034233102,0.012762144194947079,0.010958672515092135,75282239.0,1.0838088995018407,0,0,-1,0,0,0.003391746749575959,-1.1754802332428909,0.13111791323907618,0.20259275841465954,-0.003357582540570947,0.16329196603527096,-0.7818271886764278,0.01010668163952834,0.0
2013-11-12,18.03,17.81,-0.0005635390399914589,0.03457134406508872,0.0005638567953167516,1.063897097670656,0.012276939913655706,17.646,17.072499999999998,16.374333333333333,1,12,11,17.59002273737937,16.575616205967776,83.47107438016523,0.7293427083135633,0.7356584900098282,18.545668800846887,15.59933119915311,0.010234784099606202,0.012304979639237264,0.010969755578515946,91081339.0,1.2999189223252072,0,0,-1,0,0,-0.003930376193149932,2.9891203591438114,0.16089205728101647,0.1953354960788105,0.008953553441522155,0.18618421052631584,-0.7934260481503957,0.04437049362174158,0.0
2013-11-13,18.0,18.03,0.013994071081008363,-0.024571260730505317,0.010095430665351155,-0.7213855139153433,-0.00166527931906132,17.733,17.1925,16.485333333333333,2,13,11,17.66456405785585,16.667511934615018,76.6304347826086,0.7163146871414305,0.7317897294361487,18.546836116253505,15.838163883746494,0.010228632537998819,0.011769024066802119,0.010895832980987076,83401739.0,1.1924661689356482,0,0,-1,0,0,-0.002218524681087227,-0.2729920643316289,0.15656221821362293,0.18682746512815457,0.011235955056179803,0.15384615384615397,-1.0259577585840622,0.009444444444444342,0.0
2013-11-14,18.18,18.0,0.011055944567589331,0.0164477392090261,0.009441891860419197,-0.23864143057541515,0.009950330853168092,17.829,17.301,16.600666666666665,3,14,11,17.758279683700238,16.765091809801145,77.00534759358277,0.7123033920676356,0.7278924619624462,18.60314236427559,15.998857635724406,0.010350427642619264,0.010915064302543435,0.010889477582845542,89450939.0,1.3500827929655843,0,0,-1,0,0,0.010555555555555627,-0.8769570047769898,0.08425906228021356,0.17327127413285165,0.03471826977803061,0.13554028732042456,-1.178057554384701,0.016501650165016542,0.0
2013-11-15,18.16,18.18,0.0027449921161542302,-0.0027171192400716553,-0.005543251444762117,0.15609002289890306,-0.0011007155761855161,17.898000000000003,17.4055,16.709666666666667,4,15,11,17.831319741209285,16.855085886588167,79.12087912087902,0.699447780348077,0.7222035256395724,18.624481023987332,16.186518976012668,0.010009136539416576,0.011031011596431755,0.010956696545142986,82379839.0,1.2379191884907317,0,0,-1,0,0,0.00330033003300323,-0.5339557077205201,0.10148641993320201,0.1751118803617681,0.026568682871678906,0.13005600497822023,-0.20643011275176726,0.019278634361233546,0.0
2013-11-18,18.14,18.16,-0.0010970928143730994,0.003804075868828312,0.0027754666720358535,-0.12835869456831217,-0.0011019284861566439,17.925,17.508000000000003,16.818666666666665,0,18,11,17.887443424625776,16.937983571324416,77.52808988764039,0.6798093634128364,0.7137246931942253,18.59929763415618,16.416702365843825,0.007523691530416726,0.011098619584866366,0.010950663847494211,76160539.0,1.1582541374950923,0,0,-1,0,0,0.0033039647577091805,-0.9277170918385704,0.10924116770603107,0.176185123906004,0.018528916339135337,0.12740832815413294,0.6695752570728206,0.020396912899669294,0.0
2013-11-19,18.17,18.14,-0.0038493311209525376,0.0005430355821742871,0.004976510132281992,0.20861568605341782,0.0016524377210892275,17.955000000000002,17.5985,16.930333333333333,1,19,11,17.93881734742109,17.017468502206714,79.21348314606742,0.6590691864588685,0.702793591847154,18.58402203638964,16.612977963610362,0.007504568038660541,0.010842915809415751,0.010829263955295824,83822539.0,1.1597914179446125,0,0,-1,0,0,0.000551267916207167,-0.32193739145300354,0.077685679687735,0.17212595231114822,0.007764836383804763,0.11063569682151608,1.8867365630215998,0.015960374243258264,0.0
2013-11-20,18.01,18.17,0.0027510333718900187,-0.00380745632658151,-0.009420961892705996,-0.18305792808368193,-0.008844723220215159,17.976,17.6785,17.032333333333334,2,20,11,17.951759647889983,17.081502792386928,71.35135135135137,0.6225454673472548,0.6867439669471741,18.504683998876178,16.85231600112382,0.008049930050707563,0.011288272146549646,0.011192370686265326,77442239.0,0.8024846776285346,0,0,-1,0,0,0.0016510731975782928,-0.797579695469194,0.107260279336208,0.17919576498832576,0.0005555555555556424,0.09750152346130414,0.33524080593855826,0.021654636313159385,0.0
2013-11-21,18.45,18.01,-0.0044052934679162685,0.009221654717453853,0.008317209021268323,0.07355589768915667,0.02413721129867146,18.064,17.75,17.14333333333333,3,21,11,18.042348802819074,17.16979293481358,74.01960784313724,0.6219351977601235,0.6737822131097639,18.583710791707496,16.916289208292504,0.009331846621367792,0.009592696487441701,0.011641912212762591,84309539.0,1.6792393884367294,0,0,-1,0,0,0.006107717934480812,-0.5580044518342198,0.1998707333206302,0.15227933584976144,0.014851485148514865,0.08401880141010576,1.6758103296892712,0.02222222222222223,0.0
2013-11-22,18.56,18.45,0.019131493596315146,0.0026961461465811443,0.013710113297022474,0.019624729536094454,0.005944356871518377,18.151,17.819499999999998,17.25433333333333,4,22,11,18.136467202306513,17.259483713212703,69.71428571428565,0.6231444144908842,0.6636546533859881,18.68091804754171,16.958081952458286,0.009316321253417761,0.009539777823978648,0.01164222778017,91312939.0,1.719258151400974,0,0,-1,0,0,0.001084010840108378,-0.46091729174830437,0.19697654936432923,0.1514392781103385,0.022026431718061623,0.08095515433896305,1.1993334154994826,0.01131465517241384,0.0
2013-11-25,18.55,18.56,0.00701378650800716,0.012309494471289067,0.009216655104924048,-0.4101954148084651,-0.0005389383046102703,18.225,17.892000000000003,17.362333333333332,0,25,11,18.21165498370533,17.342742828489303,69.31818181818183,0.6161927248697907,0.6541622676827487,18.742451273395506,17.0415487266045,0.009434575584269982,0.00941522765281045,0.011714467379542792,86666039.0,1.547413756870216,0,0,-1,0,0,0.002155172413793249,-1.2978986618789807,0.1960199055601217,0.14946210543836902,0.022601984564498245,0.08479532163742687,1.1817169761476944,0.014555256064690004,0.0
2013-11-26,18.54,18.55,0.0,0.0010632643213300838,-0.006497045052281957,0.18162551023837153,-0.0005392289157350825,18.276,17.961,17.473666666666666,1,26,11,18.271354077577087,17.419985226651285,71.7647058823529,0.6029263842849488,0.6439150910031888,18.784903417946683,17.137096582053314,0.009057749812154492,0.009472384109605827,0.01150807386686585,81093639.0,1.4055045467415908,0,0,-1,0,0,0.0026954177897574507,-0.8677053516015808,0.19865486199007562,0.15036943606138206,0.02036323610346713,0.08041958041958042,1.2878872861972517,0.022114347357065814,0.0
2013-11-27,18.95,18.54,0.003220614700042157,0.00820218912446018,0.01134227660393451,-0.1546413129332944,0.0218733713907262,18.371000000000002,18.052,17.58533333333333,2,27,11,18.39474424529034,17.51869585718991,86.70212765957446,0.6183681244616679,0.6388056976948846,18.89133808507155,17.21266191492845,0.01071627216406394,0.010196386644153354,0.0112846016512769,85867639.0,2.1397813728980264,0,0,-1,0,0,0.006472491909385167,-1.0781162233042674,0.1932916474666855,0.1618626199913413,0.05219322598556353,0.10624635143023942,0.4310158625634822,0.01873350923482852,0.0
2013-11-29,18.59,18.95,0.01594930140767804,-0.000790826454817873,-0.0032275444908665993,-0.24444657049773755,-0.01918012979508273,18.412,18.1205,17.671333333333333,4,29,11,18.430245291601185,17.58781225350024,71.22641509433961,0.5947014750336095,0.6299848531626295,18.895055220415312,17.345944779584688,0.01296308887976623,0.011532828955428093,0.011580857665742836,82128939.0,1.2123086582471354,0,0,-1,0,0,0.0005277044854882091,-1.3455129092972054,0.23455457320692175,0.1830779839746453,0.007588075880758938,0.07955865272938456,-0.005478810419724816,0.021516944593867784,0.0
2013-12-02,18.61,18.59,-0.01809522497795468,-0.006880154157814814,0.0002693602709889491,0.38586466969453154,0.001075268920806807,18.457,18.177500000000002,17.755999999999997,0,2,12,18.462927965855513,17.653759850048612,69.80198019801982,0.570977445139448,0.6181833715579932,18.917510668485665,17.43748933151434,0.012917710228321642,0.01127002934958872,0.011601528892157664,87628139.0,1.1689020670068277,0,0,-1,0,0,0.0016137708445401364,-0.7123982905477599,0.2313735889609371,0.17890616956446465,0.0026939655172413257,0.06525472238122498,0.31897552595205064,0.014239656098871414,0.0
2013-12-03,18.28,18.61,-0.00430571171121198,-0.015520782531351935,-0.02371006286228388,0.21628271132271085,-0.0178915046281554,18.471,18.198,17.829,1,3,12,18.429668335699965,17.694162440368057,55.86854460093898,0.5195585904344568,0.5984584153332859,18.924740379328323,17.471259620671677,0.014419791313970035,0.011199225377672636,0.01230741996597121,80801139.0,0.22566518204420602,0,0,-1,0,0,-0.003761418592154771,-0.19952545837376418,0.2663641840422498,0.1777821913553113,-0.014555256064689992,0.022943480693900398,0.7063700597443875,0.02242888402625821,0.0
2013-12-04,17.9,18.28,-0.02236253537094946,-0.017959666398192464,-0.022309904680643054,-1.0525540958373605,-0.021006853179294772,18.444,18.1995,17.880333333333336,2,4,12,18.333365001936333,17.70744228292496,47.98387096774191,0.44303887702815814,0.5673745076722604,18.92350857802345,17.47549142197655,0.015948220654882238,0.012232844200118956,0.012894724117747437,78418208.0,-0.8273382639129482,0,0,-1,0,0,-0.008205689277899459,-1.6115357871940967,0.292926300939818,0.1941903814830816,-0.034519956850053934,0.0016787912702853625,1.264732098910516,0.026815642458100586,0.0
2013-12-05,18.0,17.9,-0.011092737149718122,0.001646090906668717,0.01010109598650392,-0.3637015741818216,0.0055710450494554295,18.443,18.2095,17.933333333333334,3,5,12,18.272753183402454,17.726316974349153,46.25000000000001,0.38601586650153763,0.5311027794381159,18.915578123006494,17.503421876993503,0.015852940852191102,0.012250913029088565,0.012902815697741132,80074580.0,-0.5934187540266581,0,0,-1,0,0,0.0016759776536313486,-1.6299221530890533,0.19804809131770093,0.19447721525069608,-0.05013192612137196,0.011235955056179803,0.6477328351222679,0.01833333333333324,0.0
2013-12-06,18.31,18.0,0.013846801132291186,0.007646132281355657,0.007232298561857159,1.054987549033183,0.017075600790254677,18.429,18.2465,17.976333333333333,4,6,12,18.279525331874733,17.76397394374598,52.78810408921931,0.3616700221686955,0.4972162279842319,18.88588374936048,17.60711625063952,0.014746791048398015,0.012349810487625096,0.011530954127913579,84831580.0,0.1986287579673751,0,0,-1,0,0,0.009999999999999985,-0.5259708480786055,0.2550689839349994,0.19604716373419998,-0.015061861215707406,0.04211724530449623,-0.008147145712157161,0.018569087930092838,0.0
2013-12-09,18.5,18.31,0.007125269937086526,0.011360684805811616,0.01430954521289765,0.18387944852926086,0.010323373397859855,18.423000000000002,18.287,18.020666666666667,0,9,12,18.319611635170236,17.81145949576237,56.29370629370628,0.3536307421681073,0.46849913082100697,18.87880722323453,17.695192776765467,0.015030532336907092,0.012445840694784641,0.01156395090374958,90548880.0,0.7198289971381066,0,0,-1,0,0,0.0,-0.13274406726331234,0.2722340336729866,0.197571596013165,-0.00591080064481464,0.04578858111927642,-0.3624813502071708,0.01567567567567563,0.0
2013-12-10,18.58,18.5,0.009782686712614161,0.012296332423880911,0.008705169227330807,0.013326233367753335,0.0043150013014132795,18.426,18.325499999999998,18.07,1,10,12,18.366954974230193,17.861042754100286,57.04467353951885,0.34968394738510256,0.44473609413382614,18.886006350026406,17.76499364997359,0.015097664954172063,0.012411466963680442,0.0114993672751509,96342880.0,0.9081074638601656,0,0,-1,0,0,-0.000540540540540625,-0.11150360153763521,0.22872479955709998,0.1970259299483543,0.01641137855579844,0.043234138124649046,-1.535211791277443,0.019375672766415473,0.0
2013-12-11,17.97,18.58,0.0043173299655811185,-0.010146949543736529,-0.027737601396660094,0.5401162854600614,-0.03338203259022474,18.369,18.322499999999998,18.096999999999998,2,11,12,18.294781342551975,17.868072253835752,49.40476190476186,0.2939457583399019,0.4145780269750413,18.89026106909317,17.754738930906825,0.018384280380876132,0.01441510382893591,0.013212306442683902,86399180.0,-1.241719516144393,0,0,-1,0,0,-0.0005382131324003235,2.20489700224463,0.3102328947538317,0.22883267912723632,0.003910614525139744,-0.0033277870216307237,-1.8533692532026202,0.03756260434056766,0.0
2013-12-12,18.79,17.97,-0.014100016678195118,0.010943656530507351,0.014102266061470478,0.14194097833406985,0.04462111262990638,18.352999999999998,18.362000000000002,18.152333333333335,3,12,12,18.384821098451614,17.927551463265704,54.54545454545455,0.3123395332094461,0.3941303282219223,18.945008531127367,17.778991468872636,0.022898759216367914,0.01765477187194007,0.015439456963500279,97859380.0,1.4682460964074517,0,0,-1,0,0,0.01892042292710072,2.4489560760201914,0.4478084937954865,0.2802608149603902,0.043888888888888866,0.043888888888888866,-0.42800633980177527,0.03326237360298031,0.0
2013-12-13,18.63,18.79,0.030655802030935257,0.0050311240772271,0.010923101505469863,-0.5781700455398887,-0.00855162881187683,18.357,18.3845,18.199333333333335,4,13,12,18.42939908055132,17.972870723700176,50.923482849604234,0.3104276527430301,0.37738979312614385,18.9726451664691,17.7963548335309,0.02219272323312401,0.017714941405704367,0.015580387201674888,91431080.0,0.8348279098299721,0,0,-1,0,0,0.004789781798829157,0.1829651611947703,0.45505508204790146,0.2812159766974484,0.017476788640087504,0.024752475247524774,0.3978404794345421,0.027911969940955426,0.0
2013-12-16,18.73,18.63,-0.007442883907078536,-0.006359321908292504,0.0005430355821742871,-0.19196609926989316,0.00535333184250008,18.369,18.413,18.241333333333333,0,16,12,18.48405379317835,18.021717773784037,52.319587628865975,0.31336931160560155,0.3645856968220354,19.010507101916755,17.815492898083246,0.022247922353333976,0.017726478834279035,0.01543078389537778,96736580.0,1.061075254111926,0,0,-1,0,0,0.0059044551798174685,-0.28181735284529535,0.451870619812226,0.28139912769811487,0.012432432432432527,0.03138766519823788,0.5773011590730187,0.020822210357714737,0.0
2013-12-17,18.32,18.73,-0.0005337603542788527,-0.004262126856941772,-0.005443671581176692,0.07035279831324108,-0.02213315721001289,18.372999999999998,18.422,18.25633333333333,1,17,12,18.454225830782285,18.040961788378617,47.42990654205608,0.2793963171349034,0.347547820884609,19.007494842441133,17.836505157558868,0.022668929806413107,0.01849203681278636,0.015549322342896596,91044380.0,-0.3484232229091093,0,0,-1,0,0,0.0,-0.09597134090847345,0.4834994990993434,0.2935519838501051,-0.01399354144241105,0.009922822491730932,1.1206784240571415,0.022379912663755466,0.0
2013-12-18,18.66,18.32,-0.015604298327549306,-0.0032085589023658004,-0.006571765163234614,0.04929030594244734,0.018388836173213574,18.448999999999998,18.446499999999997,18.282666666666664,2,18,12,18.491639316094595,18.08089973751548,46.55581947743469,0.2767178021833878,0.33338181714436477,19.028593318616345,17.86440668138365,0.021977551019022684,0.018921448014062058,0.015876150504713017,97024180.0,0.7335593561097694,0,0,-1,0,0,0.006550218340611408,0.0725825442207186,0.412476019702691,0.3003686753426711,0.038397328881469184,0.026967528893780957,0.5846284348218774,0.025187566988210203,0.0
2013-12-19,18.62,18.66,0.015070252920998173,0.005874516226485515,0.008752791109594708,-0.23515983799001364,-0.0021459235702766598,18.511,18.476999999999997,18.31,3,19,12,18.514977622259213,18.115680399611257,50.38560411311055,0.268274888165152,0.3203604313485222,19.025763202693486,17.928236797306507,0.02206629014532537,0.018788633465898125,0.015858327086467047,92297480.0,0.5211719710728353,0,0,-1,0,0,0.0032154340836012176,-0.46157305793371306,0.24004838518212107,0.29826030975307205,-0.009047365620010517,0.033870072182121014,0.022660820715553465,0.022556390977443698,0.0
2013-12-20,18.86,18.62,-0.0032102756302480988,0.008483613977815298,0.01137299017226998,0.7817281884273134,0.012807005356390393,18.566,18.4975,18.352999999999998,4,20,12,18.577708963666627,18.163701018991176,53.04136253041363,0.2777481049524013,0.31183796606929803,19.072043296887912,17.922956703112085,0.021810366323659607,0.0182269031431816,0.01574174429247332,102626480.0,1.2618718274620133,0,0,-1,0,0,0.0021482277121374405,1.8314919313938924,0.24979947511402364,0.2893431173263202,0.012345679012345734,0.022222222222222143,-1.0148504290702247,0.019618239660657528,0.0
2013-12-23,18.89,18.86,0.015421736109237617,0.0018778555772019036,0.008045095684831438,-0.7861809331576316,0.0015894043081068363,18.604999999999997,18.514,18.392999999999997,0,23,12,18.634489152090875,18.21055901776594,58.005249343832006,0.2843980827207311,0.3063499893995847,19.114469991361055,17.913530008638944,0.021664579198738446,0.018193688790761,0.015720914870477415,107332180.0,1.25235234203042,0,0,-1,0,0,0.004772004241781541,-0.4524139357010027,0.2485576572054938,0.2888158558275424,0.008542445274960064,0.01778017241379315,-0.7911878212458888,0.013530968766543205,0.0
2013-12-24,18.93,18.89,-0.004230572147976387,-0.001350011806698844,0.004269717921247254,-1.1601165500750819,0.00211528370781322,18.64,18.532999999999998,18.430333333333333,1,24,12,18.68821839716526,18.25697456500685,64.84149855907783,0.2895580586620632,0.3029916032520804,19.161652694677386,17.90434730532261,0.02165288470917708,0.018191266483476427,0.015698187025719176,108807180.0,1.2630185263223446,0,0,-1,0,0,-0.0010587612493382515,-1.6079339978467626,0.13843844587841167,0.2887774028914986,0.033296943231440945,0.020485175202156203,0.6737996802219212,0.007918647649233957,0.0
2013-12-26,18.93,18.93,0.003702728377473456,0.0010548524184874532,-5.3191347895160806e-06,0.50026154528624,0.0,18.736,18.552500000000002,18.46033333333333,3,26,12,18.73217868858976,18.300395560812863,63.798219584569736,0.290300967919098,0.30045347618548396,19.205779177847685,17.89922082215232,0.017942950646124202,0.018188998549616045,0.015583027935899276,108807180.0,1.1557080427504896,0,0,-1,0,0,0.0005282620179609912,-1.1347368969183176,0.09255047930863054,0.28874140055759157,0.014469453376205754,0.021035598705501757,1.7770167530055874,0.00898045430533535,0.0
2013-12-27,18.74,18.93,0.0021097054238496567,0.0015801952195177915,-0.010695289116747919,0.16539249469350667,-0.010087688410955474,18.730999999999998,18.541999999999998,18.485,4,27,12,18.733600745209802,18.328757137534616,56.615384615384606,0.2724180510359311,0.2948463911555734,19.174808277275428,17.909191722724568,0.011561375181626114,0.0176560637602133,0.015720508600878202,105937180.0,0.6257819535878838,0,0,-1,0,0,0.0026413100898045805,-0.9161936726619928,0.12927800620605154,0.2802813230509461,0.0064446831364122215,-0.011081794195250683,0.06806648933504365,0.02134471718249726,0.0
2013-12-30,18.83,18.74,-0.00952892334587828,-0.004219415542708099,0.007498696091120384,0.034855800068580314,0.004791065858784845,18.750999999999998,18.554,18.506666666666668,0,30,12,18.751127882444383,18.361095386725932,55.238095238095205,0.26248222668546006,0.2883735582615507,19.199613539281884,17.908386460718113,0.011261044098280416,0.01713159081399338,0.015651668296973804,108908980.0,0.85500065660641,0,0,-1,0,0,0.003201707577374721,-0.8559945754740019,0.09062167691634579,0.2719555731404705,-0.0015906680805939377,0.012910166756320507,-1.7186117645756942,0.009559214020180737,0.0
2013-12-31,18.84,18.83,0.0021253993123135366,0.001056524134199868,0.0010666667678026682,-0.03412436031879336,0.0005309264791560056,18.762,18.5655,18.52933333333333,1,31,12,18.767286449272675,18.391992458550067,54.22077922077924,0.2525042192691558,0.2811996904630717,19.22339056840695,17.907609431593052,0.011162034089610284,0.01713152936708475,0.015645912855366637,111781080.0,0.8344852873166718,0,0,-1,0,0,0.00053106744556567,-0.8284455623053159,0.08953073392876297,0.2719545977010361,-0.0026469031233457008,0.012358946802794257,-1.6086883105901983,0.00955414012738852,0.0
2014-01-02,18.88,18.84,0.0005306447458029365,0.007888549979724028,0.0010655302020383163,0.4615113154327278,0.0021208915691376296,18.818,18.5955,18.554,3,2,1,18.787779822132187,18.42347681606297,68.12749003984064,0.24500003432169848,0.2739597592347971,19.253294560793364,17.93770543920664,0.007875138145972177,0.016570021787794674,0.01563960996257311,116337580.0,0.8650117132524282,0,0,-1,0,0,0.0005307855626327793,-0.19462162263406782,0.08954116093930344,0.2630409412165596,-0.002641310089804616,0.03282275711159732,-1.6088503965271486,0.01641949152542366,0.0
2014-01-03,19.42,18.88,0.005291017634415459,0.021762516897363714,0.009011457748318383,0.6476988420454751,0.02820030214582431,18.894,18.671499999999998,18.595666666666666,4,3,1,18.90272894538088,18.48776863438149,64.12556053811662,0.279405587034411,0.2750489247947199,19.3420622150176,18.000937784982398,0.010331028122572021,0.016714710450441952,0.01640670235346526,125045680.0,2.2324550451455303,0,0,-1,0,0,0.003707627118644083,1.1578230920430364,0.2260694740120575,0.26533780252993083,0.025884838880084526,0.08491620111731857,1.3181231537236613,0.028836251287332762,0.0
2014-01-06,19.15,19.42,0.02758436668595379,0.006361068339374041,0.0063124880838923885,-0.06925866922628227,-0.014000747236523989,18.947,18.729,18.633666666666667,0,6,1,18.94768731894799,18.53049323861494,61.111111111111065,0.28163893360950354,0.27636692655767664,19.352703708332925,18.105296291667074,0.011693497176551534,0.017191887569582107,0.016551969322097886,116920280.0,1.3499999899800954,0,0,-1,0,0,0.003089598352214146,0.8643719192789043,0.24348603147565434,0.2729127544613814,0.02187833511205972,0.06388888888888888,0.9106445991341935,0.029477806788511692,0.0
2014-01-07,19.53,19.15,-0.012396852976828682,0.0018064094265738536,0.008875025625232675,-0.1170325850432553,0.019649029261932623,19.014,18.79,18.669666666666664,1,7,1,19.05356235186654,18.594977545801076,65.26717557251905,0.31049253638361307,0.28319204852286395,19.47662408316174,18.103375916838257,0.012532135140866544,0.01731363813900489,0.016359381328945915,124148280.0,2.1554734771098536,0,0,-1,0,0,0.0046997389033942485,0.4924435106281712,0.26719140759426735,0.27484548483342053,0.0371747211895912,0.06663025669033318,0.1035328143554133,0.022017409114183473,0.0
2014-01-08,20.18,19.53,0.015472201377076278,0.027082899014561946,0.008796951943358444,0.4660701978480459,0.032740270036875255,19.143,18.874,18.723666666666666,2,8,1,19.25836919698171,18.6972370589752,82.51748251748243,0.3814121107920023,0.30283606097669163,19.785479999491166,17.96252000050883,0.015606761295419977,0.018517129248024223,0.01731829840884106,135667680.0,2.865669023410444,0,0,-1,0,0,0.0005120327700971843,1.76427126806488,0.31135916192017005,0.2939503139106754,0.07112526539278141,0.09081081081081077,-0.7106821741075114,0.03964321110009914,0.0
2014-01-09,20.76,20.18,0.0435613302071167,0.031991432335718016,0.04680099343949499,0.04954471371314247,0.028336043372225037,19.326,18.982999999999997,18.79733333333333,3,9,1,19.53139297934867,18.83031853904132,83.87096774193542,0.4788971094220287,0.33804827066575904,20.212396086231287,17.753603913768707,0.016944856781175424,0.019292429517956594,0.017929898567544338,147772180.0,2.8908502636402464,0,0,-1,0,0,0.011397423191278514,1.6990029665486004,0.30472300765109356,0.30625782414452923,0.09957627118644075,0.11733046286329407,-1.9017029285192788,0.025385356454720665,0.0
2014-01-10,21.03,20.76,0.01748466106626739,0.013470941741039274,0.012701685175121645,-0.5480957985274109,0.012921931416920586,19.535999999999998,19.136000000000003,18.880333333333333,4,10,1,19.803866983103457,18.972233472006394,86.18618618618609,0.571355189722798,0.3847096544771669,20.57786137007862,17.694138629921387,0.016639707968224657,0.01706328183980084,0.017984366321216243,154769180.0,2.6271596414247913,0,0,-1,0,0,0.00048169556840067486,0.20908511382700135,0.2947237242125245,0.27087120179230617,0.08290422245108142,0.17028380634390672,-1.3205097230563498,0.02615311459819292,0.0
2014-01-13,20.72,21.03,0.01907544725875304,0.002361276185679907,0.0019398648178264545,-0.04418025448465545,-0.01485057232332618,19.734,19.232499999999998,18.939333333333334,0,13,1,19.97043662253919,19.084992602844693,77.35294117647048,0.6125533416425135,0.43027839191023626,20.82710768974979,17.637892310250205,0.017342664492205014,0.015311385775968342,0.017988886977117303,148074580.0,1.8656626448771252,0,0,-1,0,0,0.006657156443176442,0.20387716013602405,0.30012333155659593,0.2430607139459038,0.08198433420365547,0.1027142096860032,-1.3505000384652224,0.027027027027026966,0.0
2014-01-14,21.43,20.72,-0.017632098439501576,0.011723463696059234,0.0077220460939103185,0.5479350620406341,0.03369239209420341,19.994,19.3725,19.034,1,14,1,20.23581178207752,19.236283402661165,81.12745098039204,0.6944886077717207,0.48312043508253316,21.216533051421653,17.528466948578345,0.018763050907381614,0.01627998055070947,0.018353802289931297,159654080.0,2.231521824854251,0,0,-1,0,0,0.0038610038610039504,1.621987232135397,0.32786448057497636,0.2584366793168737,0.09728622631848438,0.15029522275899088,-1.455521421629562,0.030331311245916873,0.0
2014-01-15,21.16,21.43,0.052446475372542524,0.024408303601449396,0.005752652489449841,-0.16256719039109338,-0.012679202495387011,20.226,19.494,19.119000000000003,2,15,1,20.40384600351797,19.360394150876573,75.87006960556837,0.7292300429695722,0.532342356659941,21.474923761119292,17.513076238880707,0.020154042795828272,0.01686859810495216,0.01862024214578948,149811980.0,1.6820435321131693,0,0,-1,0,0,0.02286514232384517,0.9885176644248904,0.3612636844703061,0.2677806933119931,0.04856293359762143,0.12973838761345435,-0.14628132304049374,0.050094517958412035,0.0
2014-01-16,21.46,21.16,-0.034342121906554446,-0.02277793174851694,0.010461341245369331,-0.2059533733710783,0.014078130212453804,20.484,19.651,19.225,3,16,1,20.59587400287834,19.495852592755504,77.44034707158345,0.7720704261819087,0.5802879705643346,21.735185060981774,17.566814939018226,0.0198652497300355,0.015580422051681739,0.018216066079778482,157822180.0,1.7359303008801483,0,0,-1,0,0,0.0009451795841209628,0.39899986533155346,0.3260732474726667,0.24733153242105974,0.033718689788053924,0.1713973799126638,0.19012345613439932,0.016076421248834988,0.0
2014-01-17,21.22,21.46,0.01824612022780455,0.01179886446610492,0.0014181047046821727,-0.2744946683885076,-0.01124660401671541,20.664,19.779000000000003,19.335666666666665,4,17,1,20.70935145690046,19.60708790935192,76.60944206008575,0.7776910064630087,0.6197685777440695,21.920577382260344,17.637422617739663,0.020385649400876588,0.01594038979200441,0.01781782253035305,151734780.0,1.3457370365754278,0,0,-1,0,0,0.00512581547064303,-0.18222238540451233,0.34200399298585765,0.2530458431464577,0.009034712315739268,0.13719185423365476,1.0580587373071302,0.026861451460885803,0.0
2014-01-21,21.3,21.22,0.004625355147202788,0.004516006426730702,0.0037718102236520704,0.2937336396331475,0.0037629395295425104,20.879,19.913,19.445666666666664,1,21,1,20.816742101100374,19.716308044232445,76.55913978494617,0.7796137858118648,0.6517376193576285,22.084403620750646,17.741596379249355,0.01888146939726766,0.015824712652494247,0.017821799361523498,159900580.0,1.2775146792106016,0,0,-1,0,0,0.021206409048067996,0.394740346918433,0.30858977608133636,0.2512095254853424,0.027992277992278103,0.1439312567132116,0.7393752227949769,0.027624413145539907,0.0
2014-01-22,21.77,21.3,0.0,-0.001759918324750638,0.007968169649176881,-0.0020840236540033714,0.021825802531076542,21.103,20.058500000000002,19.561,2,22,1,20.99006171908212,19.84880429944326,78.66927592954983,0.8097286267739392,0.6833358208408906,22.32089067778884,17.796109322211166,0.01901163204288357,0.01613852409692593,0.01795051064275559,168049380.0,1.513001283821364,0,0,-1,0,0,0.01737089201877939,0.4338988369511786,0.2424751264663563,0.25619112772853564,0.0158656089594027,0.1542948038176033,0.11564097256968933,0.01745521359669265,0.0
2014-01-23,21.24,21.77,0.01374907084825092,0.013667638728663835,-0.028411001832779895,0.6148817843119022,-0.024646678872718045,21.209,20.176000000000002,19.65233333333333,3,23,1,21.035505042885372,19.9385588607695,71.0714285714285,0.7818159964533535,0.7030318559633832,22.42693571186425,17.925064288135754,0.02022854170687995,0.017599298498245278,0.018755959201976903,152978680.0,0.9453846188426067,0,0,-1,0,0,0.009186954524575072,2.1255117215281802,0.29866308027760485,0.27938020245329714,0.003780718336483746,0.12440444679724716,-0.3750508611071242,0.06026365348399253,0.0
2014-01-24,20.84,21.24,-0.030970813681139336,-0.031252543504104426,-0.004814645795540563,-0.2937808630598186,-0.01901197948857189,21.217000000000002,20.2715,19.727666666666664,4,24,1,20.999958671451665,19.996716353623082,63.00366300366296,0.7191287106300663,0.7062512268967199,22.461085637319606,18.081914362680394,0.019694326273594295,0.018447204488773027,0.01924561267807374,141744380.0,0.5192763327548425,0,0,-1,0,0,0.002824858757062254,0.9917883518398628,0.2981280052357957,0.29284029276988705,-0.028890959925442772,0.10089804543053349,0.8407036775427263,0.03358925143953948,0.0
2014-01-27,20.61,20.84,-0.021832855830213306,-0.02027893118706124,-0.02442720379895696,-0.2995283985840981,-0.011097821982798534,21.175,20.3555,19.81566666666667,0,27,1,20.92905709482409,20.036283040486108,63.468634686346846,0.6434719629265793,0.6936953741026919,22.455459648734752,18.255540351265246,0.019472202804932563,0.01876627787475483,0.018189284687606753,133417880.0,0.2423856097933491,0,0,-1,0,0,0.0,0.08282150111400526,0.2979594557952255,0.2979054257456101,-0.02874646559849192,0.08874801901743257,0.8351050581442288,0.037360504609412884,0.0
2014-01-28,21.31,20.61,0.004309319572742259,0.021212202370059715,0.03020200329284094,0.17101870337554648,0.03340005120815802,21.234,20.484,19.89966666666667,1,28,1,20.998319441219707,20.118458328196684,65.5052264808362,0.6327041752622904,0.6814971343346116,22.479662665302577,18.488337334697427,0.021836131388223455,0.019544484501480164,0.017392023404523636,143297380.0,0.8277952124486547,0,0,-1,0,0,0.01552644347404174,0.48245853861802934,0.4131155321027946,0.3102590729632363,0.0004694835680749687,0.13713980789754543,0.5796724973365541,0.02815579540122015,0.0
2014-01-29,20.61,21.31,0.007141187215253082,0.0060451241984637695,-0.015961644800876865,0.22602415974958778,-0.033400051208158074,21.151999999999997,20.573,19.965666666666664,2,29,1,20.927715906452484,20.150170694119478,53.71329879101899,0.56121711455366,0.6574411303784212,22.410585372165972,18.73541462783403,0.021478012617458565,0.02144985423704878,0.01854204965487344,130912380.0,0.040270237846296054,0,0,-1,0,0,-0.010793054903801053,1.2124631232011607,0.41531250085617083,0.3405058798188971,-0.05328433624253559,0.09453000531067457,1.7334093135217494,0.05143134400776316,0.0
2014-01-30,21.22,20.61,-0.013371736965889195,-0.011188927917805852,0.013559529785632294,-0.07735288212670763,0.02916773828346942,21.157999999999998,20.692,20.048666666666666,3,30,1,20.980858468915667,20.219191939660156,53.95189003436423,0.5474740656844652,0.63544771743963,22.35721817758085,19.02678182241915,0.023575153293878427,0.022123475042623776,0.01914247076883711,142375480.0,0.6341511366000722,0,0,-1,0,0,0.009218825812712338,0.8374764543159531,0.47523529886255483,0.3511992785959596,-0.0009416195856873921,0.1263269639065816,0.3078572590638695,0.025447690857681393,0.0
2014-01-31,20.95,21.22,0.008139858206556152,-0.0032871595694571295,0.00431966114451638,-0.18678930425731632,-0.012805486817690375,21.107,20.795499999999997,20.136333333333333,4,31,1,20.975247838203725,20.266340846778856,49.31271477663229,0.5089292374743053,0.6101440214465651,22.227502278739138,19.363497721260856,0.023379192258045668,0.022513047450960607,0.018778976524156884,132865480.0,0.21578177953185612,0,0,-1,0,0,-0.011781338360037702,-0.018963119994348524,0.46163236565179583,0.3573835488566302,0.00527831094049902,0.1096398305084747,0.20559506259390234,0.01813842482100251,0.0
2014-02-03,20.43,20.95,0.0004767580543225214,-0.011353007464996949,-0.026202372394024072,0.17896858820928388,-0.025134237538616076,21.028,20.846,20.195333333333334,0,3,2,20.87611186762123,20.27689950182538,47.59535655058044,0.43144905312190573,0.5744050277816333,22.138169126945026,19.553830873054974,0.0243421241737139,0.02278975752469548,0.019333108319927208,121491680.0,-0.643878562527673,0,0,-1,0,0,0.0014319809069212955,0.719103355044636,0.4942316851871751,0.36177618509884313,-0.008733624454148492,0.05200823892893913,0.38959114324062827,0.03328438570729318,0.0
2014-02-04,20.65,20.43,-0.01682327588499073,-0.012687183943802994,-0.002466165331060509,-0.3919770280837331,0.010710910577511083,20.963,20.921,20.262999999999998,1,4,2,20.835000618962823,20.300970501707614,42.960288808664245,0.3833782642062502,0.5361996750665567,21.944983963689378,19.89701603631062,0.024673386333275173,0.02250490493666228,0.019353641787290803,129177180.0,-0.5293051641621367,0,0,-1,0,0,0.009789525208027377,-0.8379239391848653,0.4100286245193451,0.35725429044934925,-0.030971374941342056,0.07832898172323755,0.569243413631619,0.02252300242130749,0.0
2014-02-05,20.61,20.65,-0.0014552512876249831,-0.004103807811325003,-0.002956574109699186,0.17561990635022176,-0.0019389245046740526,20.847,20.975,20.32133333333333,2,5,2,20.794091415515034,20.32090788869422,44.821092278719384,0.3381560989394927,0.496590959841144,21.78078173876341,20.169218261236594,0.02310072935015341,0.02222401108718218,0.01929841321760266,120016180.0,-0.9059525239679662,0,0,-1,0,0,-0.0024213075060531314,-0.26168756507268826,0.33426428912011846,0.35279523882615754,0.0,0.055299539170506895,0.3961450088011996,0.02134885977680744,0.0
2014-02-06,20.96,20.61,0.0,0.020589666788343796,0.0161807894073101,-0.2465431322029904,0.016839464550473922,20.819,21.014000000000003,20.390333333333334,3,6,2,20.824256612694118,20.36213963781072,45.33582089552239,0.32679222473973013,0.4626312128208612,21.728051450304857,20.29994854969515,0.022995816183422696,0.021333322855172393,0.019459682077617786,127175480.0,-0.1512496052684931,0,0,-1,0,0,-0.00048520135856370747,-1.0245416803397387,0.27016476963119973,0.33865600148061936,-0.012252591894439169,0.038652130822596664,-0.25302567156935907,0.02576335877862608,0.0
2014-02-07,21.43,20.96,0.018755058037005976,0.01994200983177348,0.01735819860975795,0.37294157009231255,0.0221759500326442,20.877999999999997,21.0475,20.473666666666663,4,7,2,20.93439177402246,20.43103385472616,51.878354203935615,0.3516576540733638,0.44043650107136173,21.774132463381832,20.320867536618167,0.02315900787737726,0.02096183113634478,0.019755292858283164,137570780.0,1.052801847635047,0,0,-1,0,0,0.0014312977099235488,0.4147263644788766,0.29881857732802036,0.3327587532677926,0.022911694510739933,0.032273603082851654,-1.1434747662738869,0.028231451236584083,0.0
2014-02-10,21.02,21.43,0.02027893118706124,0.00023226106247720737,0.0009555662456686359,-0.20972309624722443,-0.019317444036680575,20.919,21.047,20.543333333333337,0,10,2,20.94995690601837,20.46903167055028,47.63513513513512,0.3344250684621315,0.4192342145495157,21.773696925169553,20.32030307483045,0.0238371922090646,0.021286711141385133,0.020203655295182275,129142180.0,-0.07430883237520643,0,0,-1,0,0,-0.0004666355576293985,-0.500958159020076,0.26414930053187663,0.33791606346343767,0.028879099363680938,-0.0004755111745127216,-0.8967829225889761,0.028068506184586103,0.0
2014-02-11,21.32,21.02,-0.013631233391637555,-0.0060563893484659286,0.000954654010450542,0.02301108956760202,0.01417123384883881,20.919999999999998,21.077,20.62933333333333,1,11,2,21.017237468560484,20.523932853095424,46.08695652173913,0.34104426698937473,0.40359622503748754,21.796359364111627,20.357640635888377,0.021635830668588797,0.02120402364022893,0.020121291453043654,137766980.0,0.6756011310149317,0,0,-1,0,0,0.0052331113225499255,-0.47517872209343287,0.269402377557667,0.3366034400758816,0.03244552058111383,0.02895752895752901,-1.0108074388822006,0.020637898686679066,0.0
2014-02-12,21.21,21.32,0.009889414245642077,-0.000935016430906643,0.0,-0.10290550365515735,-0.0051728307210526904,20.979999999999997,21.066,20.708666666666666,2,12,2,21.052285201549484,20.568195249669913,49.71857410881804,0.33356877561340426,0.3895907351526709,21.769177749482065,20.362822250517933,0.01846805481808278,0.01979731890643254,0.02019824763582176,129985580.0,0.4095692735046482,0,0,-1,0,0,0.0009380863039399424,-0.7904698072061428,0.2766504771894529,0.31427269471354624,0.02911208151382838,-0.010265982267848806,-0.8262414690195291,0.019801980198019715,0.0
2014-02-13,21.2,21.21,-0.012258522200445779,-0.0030448553797254516,0.0019065782705814474,-0.09846754807997478,-0.0004715868986243637,20.977999999999998,21.067999999999998,20.787333333333333,3,13,2,21.079142437631397,20.608956846465404,53.64372469635627,0.3231128347847836,0.37629515507909345,21.772529705024137,20.36347029497586,0.015935525733184363,0.01958634575227207,0.020205307028476546,122933880.0,0.3747180539264235,0,0,-1,0,0,-0.0061291843470062495,-1.0407225013319519,0.2597452303629823,0.31092359971822925,0.011450381679389166,0.001890359168241984,-0.06597121229230607,0.014858490566037797,0.0
2014-02-14,21.3,21.2,0.0033151818191254874,0.005380759268311913,0.004276556767260172,-0.2746966152398683,0.004705891037412714,21.012999999999998,21.06,20.868,4,14,2,21.119298358062053,20.653540275725703,57.172557172557184,0.3192158687819031,0.36487929781965545,21.749255891675052,20.370744108324946,0.01532862862836326,0.01934570973147152,0.020201935728150665,128291780.0,0.6964031875498263,0,0,-1,0,0,-0.0023584905660377696,-1.643266081779353,0.19638150246264252,0.3071036213130947,-0.006066262249183385,-0.00745573159366264,-0.44015963374141776,0.015962441314553984,0.0
2014-02-18,21.03,21.3,0.01268515952731586,0.006511650915579359,-0.0057061495768546714,0.3287556264367572,-0.012757083000770999,21.073,21.0505,20.921666666666667,1,18,2,21.103062292959862,20.67782799987243,46.80365296803656,0.29098644107273586,0.3501007264702715,21.73569609179327,20.36530390820673,0.013340411345889635,0.01939314141229009,0.019887649888891763,120848380.0,-0.05983688536911102,0,0,-1,0,0,0.005633802816901455,-0.7985236246143723,0.16137731299263855,0.30785657590336507,0.0004757373929591413,-0.00895381715362853,0.26518458860257804,0.02853067047075613,0.0
2014-02-19,20.95,21.03,-0.019326550162693704,-0.01871837525429114,-0.0043010818993905854,0.03277508785947919,-0.003811343346461753,21.103,21.033,20.98166666666667,2,19,2,21.075232785148977,20.69538748375163,54.52127659574468,0.2591715169009099,0.33191488455639917,21.7091843411054,20.356815658894604,0.013190018647129514,0.019384023168605175,0.019678686266007796,113156980.0,-0.24549518512752566,0,0,-1,0,0,-0.0009510223490251817,-0.6729244549275996,0.10156423799835304,0.3077118282722613,-0.017354596622889407,-0.016431924882629123,-0.3262264655085471,0.013842482100238793,0.0
2014-02-20,21.7,20.95,0.0014268730126000286,0.027488336840968065,0.004301081899390702,0.14026943869426967,0.035173614178267094,21.212,21.0295,21.054,3,20,2,21.188826824212796,20.760201194477332,56.15384615384615,0.2911208325280974,0.3237560741507388,21.690168720231995,20.368831279768003,0.016952248858630777,0.020445300162681274,0.02034866210175748,122006580.0,2.0297616020463347,0,0,-1,0,0,0.004295942720763717,-0.1756979132056818,0.293589440656865,0.3245590782631384,0.02310231023102305,-0.003215434083601254,1.582519265327223,0.03640552995391717,0.0
2014-02-21,21.76,21.7,0.03088687267690472,0.007326040092072881,0.030063325604965954,0.005330641197453579,0.0027611614413280655,21.291999999999998,21.0555,21.106666666666666,4,21,2,21.29267649253774,20.82470434322073,60.975609756097576,0.31762105608184044,0.3225290705369592,21.788065068062636,20.32293493193736,0.016451995702566627,0.0196259705015467,0.019567534596742046,130903480.0,1.9233786341004353,0,0,-1,0,0,0.0,-0.021443174479997853,0.29087539824961695,0.311552623112293,0.026415094339622858,0.024482109227872195,1.459447675711495,0.014246323529411868,0.0
2014-02-24,22.16,21.76,0.0027611614413280655,0.01628995297926855,0.005537623749543778,0.07920109257062664,0.01821543989134112,21.365000000000002,21.1215,21.153333333333332,0,24,2,21.450371675712695,20.91085245010972,74.22969187675068,0.3666725582270054,0.3313577680749684,21.996347956714,20.246652043286,0.015988807721855198,0.01937003847965722,0.019179708809328753,140533680.0,2.374126822906895,0,0,-1,0,0,0.0,0.45622067493959567,0.3048158136880016,0.30748982821754794,0.040375586854459966,0.06333973128598847,0.6805187147885386,0.02481949458483758,0.0
2014-02-25,22.3,22.16,0.019117559934479084,0.012045650889604033,0.019143702222806355,-0.07412235010369808,0.006297816586990104,21.493000000000002,21.206,21.195666666666668,1,25,2,21.60484955285584,21.000474872683284,73.63896848137536,0.4120927088167825,0.34750475622333127,22.192208048936788,20.21979195106321,0.01387764686689099,0.01908279986155663,0.019090299542671763,149475880.0,2.21859880616351,0,0,-1,0,0,0.0009025270758122551,0.033428985189207276,0.24776911215457817,0.30293005651497984,0.060389919163100325,0.081999029597283,1.0013190406632382,0.017937219730941797,0.0
2014-02-26,22.42,22.3,0.01343504310326935,0.0033204236373023262,0.004504512121104729,-0.20741057099355634,0.005366739177940881,21.603,21.261499999999998,21.252333333333333,2,26,2,21.75305872506387,21.09205713896178,75.35014005602238,0.4525547332524553,0.3685147516291561,22.387391927130295,20.1356080728697,0.01357123293079845,0.017754210880185892,0.018828735618861964,156743080.0,2.0579239837926866,0,0,-1,0,0,0.008071748878923753,-0.8674011004791858,0.21788959433356722,0.2818393602790143,0.070167064439141,0.052088221492257336,1.3767663233151333,0.016726137377341656,0.0
2014-02-27,22.46,22.42,-0.0049052495234520556,-0.00022101889801542644,0.0022446698538239494,-0.23796972767919683,0.0017825316662831252,21.728,21.354000000000003,21.28666666666667,3,27,2,21.881593502324982,21.18031151709328,73.00613496932512,0.4822893138416333,0.3912696640716516,22.55593528155673,20.152064718443274,0.013157899003333296,0.015672276117369766,0.017866378572518826,162471280.0,1.840365312460958,0,0,-1,0,0,-0.002230151650312253,-1.666286311486907,0.10582404813329051,0.24878967050938397,0.035023041474654404,0.08976225133430371,1.8167468251514527,0.014247551202137144,0.0
2014-02-28,22.44,22.46,-0.0017897096499718322,-0.002877699827615169,-0.006424178360916436,0.19957980098731617,-0.0008908686558015713,21.852,21.415,21.329333333333334,4,28,2,21.98312195644771,21.26158174179694,67.97153024911032,0.4984940215529008,0.41271453556790144,22.70863624595182,20.12136375404818,0.013180804914586638,0.014536368497968983,0.017669597368892568,155477780.0,1.5846803971480206,0,0,-1,0,0,-0.005788067675868324,-0.8158544599220279,0.117425418759845,0.23075769606971672,0.03125,0.057492931196984065,1.4084378441739267,0.017727272727272734,0.0
2014-03-03,22.3,22.44,-0.008093569360921874,-0.007346806539258656,-0.015335519700231889,0.12423327628709813,-0.00625840218842248,21.952,21.4825,21.357333333333333,0,3,3,22.04073614618449,21.328576468132624,75.19685039370074,0.49434108290443746,0.4290398450352087,22.81429538494719,20.150704615052813,0.013722934256008176,0.014238827840201192,0.017581743551194795,147559180.0,1.22766606528287,0,0,-1,0,0,-0.012923351158645395,-0.13867808463626963,0.08082594893725306,0.2260343845574118,0.00631768953068601,0.06443914081145596,-0.7432528709747364,0.025556053811659214,0.0
2014-03-04,22.83,22.3,0.02452742799621242,0.02688425160804905,0.03423757831659108,0.2761044363899356,0.023488782075630956,22.131999999999998,21.6025,21.411,1,4,3,22.184238665060036,21.42544250244665,77.25631768953062,0.5277330417080144,0.44877848436976986,22.967087849864637,20.23791215013536,0.013437044748720508,0.01331732365659095,0.017872682494375423,157995780.0,1.7990780148332177,0,0,-1,0,0,0.01793721973094164,1.7567026597842177,0.18158860163159474,0.21140595914578197,0.023766816143497627,0.11747430249632895,1.4832732288111103,0.018396846254927803,0.0
2014-03-05,23.03,22.83,0.009644967359181987,0.009950330853168092,0.011010901820188108,-0.33340697402801855,0.00872225329088974,22.34,21.7215,21.468666666666667,2,5,3,22.33801345323094,21.52896234099848,81.81818181818176,0.563835196990496,0.47178982689391513,23.149951867176586,20.29304813282341,0.012746426211738595,0.013284251408837818,0.017907189190453265,165473380.0,1.832053329996092,0,0,-1,0,0,0.003942181340341805,-0.43275342537836065,0.18388636830247523,0.21088095348866576,0.02720785013380911,0.11525423728813577,1.1533163109901485,0.017368649587494664,0.0
2014-03-06,23.12,23.03,0.008688151957637823,0.005152437332588607,0.00872225329088974,-0.019922726515933263,0.0039003299715828724,22.482,21.847,21.513666666666666,3,6,3,22.480192825370768,21.631609931901806,82.65306122448978,0.5928743762347111,0.49600673676207435,23.305017399361294,20.38898260063871,0.00885325289101312,0.013174662519723358,0.017535194704415176,172803480.0,1.7462068704497726,0,0,-1,0,0,0.0039079461571862725,-0.48006844635577617,0.1818355712646875,0.2091412838063496,0.029385574354407806,0.12178554099951477,1.0197778561234134,0.013840830449827002,0.0
2014-03-07,23.1,23.12,0.006037103286341572,-0.00343200680070598,-0.00697170579790401,-0.036567247037632575,-0.0008654262764288219,22.616000000000003,21.954,21.57566666666667,4,7,3,22.592885038939716,21.726344775004918,81.46853146853145,0.6072740252011499,0.5182601944498895,23.451498264649988,20.456501735350013,0.00908982516837923,0.012983603658637247,0.016821008584838072,165736580.0,1.530552691849504,0,0,-1,0,0,0.006055363321799332,-0.6724228516492758,0.1817761880601678,0.20610831841309507,0.02941176470588225,0.10209923664122145,1.0195187607751026,0.017316017316017254,0.0
2014-03-10,23.6,23.1,-0.005172425324987928,0.017043446211692303,0.010006609493057999,0.11762422325830472,0.021414094503816573,22.76,22.062500000000004,21.667666666666666,0,10,3,22.775996850041587,21.847225757262667,91.58576051779932,0.6515213396312554,0.5449124234861626,23.707343617586165,20.417656382413842,0.009625221978109413,0.012929511211215036,0.016636890147929045,173685580.0,1.869478634396027,0,0,-1,0,0,0.0017316017316016945,0.08749103286589544,0.17233516551739944,0.20524962743097905,0.058295964125560484,0.1012599160055998,0.20251376903193882,0.024152542372881367,0.0
2014-03-11,23.78,23.6,0.019683990266034002,0.014886531330463451,0.013757740641823358,-0.0646844620921331,0.007598179231071323,22.908,22.200499999999998,21.773333333333333,1,11,3,22.95854287730675,21.971920869697335,94.35736677115989,0.6931222687188736,0.5745543925327049,23.937605578101632,20.463394421898364,0.00963353285880562,0.01162951704054611,0.016391238930170336,181136680.0,1.8185423153452007,0,0,-1,0,0,0.0,-0.2853646000252404,0.13329072043331924,0.1846128597424372,0.04161191414805088,0.1313035204567079,1.1217313125441184,0.025441547518923333,0.0
2014-03-12,23.9,23.78,0.01346821705086661,0.0051894252422254004,0.0127282159599532,0.07279090452477924,0.005033567674829123,23.056,22.329500000000003,21.859666666666666,2,12,3,23.129716899614614,22.096313071652347,92.96875000000001,0.727389409528616,0.6051213959318871,24.171323752925407,20.4876762470746,0.009638388534908704,0.011476579232299632,0.015446794599454968,189150380.0,1.7053749008346115,0,0,-1,0,0,0.005887300252312892,0.2102061019996398,0.1349313898719469,0.18218504730236043,0.037776812852800656,0.12101313320825513,1.497963808831722,0.01799163179916317,0.0
2014-03-13,23.6,23.9,0.0012533947744931152,-0.007064230499213424,-0.009743775458703275,0.009933404250930358,-0.012631746905900462,23.17,22.449,21.959333333333337,3,13,3,23.215222917866498,22.193325131545745,82.85714285714293,0.7220159225900566,0.6285003012635211,24.295121396475437,20.602878603524566,0.011328306173104463,0.011956804047422075,0.014171533665623815,181056680.0,1.2469385839928584,0,0,-1,0,0,0.0020920502092050507,0.2638684422748351,0.1981267150258697,0.18980837990765614,0.02076124567474058,0.11268269684111276,0.11906978550605639,0.02076271186440686,0.0
2014-03-14,23.92,23.6,-0.015145430437340571,0.006442919513088064,-0.002130833962009453,0.012816438830294439,0.01346821705086661,23.318,22.585,22.049333333333333,4,14,3,23.34336420552713,22.304723510155696,82.35294117647067,0.735104889545994,0.6498212189200157,24.444411338653683,20.72558866134632,0.011411794557914948,0.012004453360474282,0.01348266934370373,189254780.0,1.4359383233261498,0,0,-1,0,0,-0.00042372881355938827,0.30579700158366074,0.20142227440649316,0.19056478930253137,0.03549783549783547,0.12830188679245302,-0.8534977710745518,0.029055183946488303,0.0
2014-03-17,23.98,23.92,0.0209739232071964,-0.0010363769193766467,0.013138565771838298,-0.23205409042215716,0.002505220516937142,23.486,22.719,22.150333333333332,0,17,3,23.45911616815856,22.4128058643392,81.8181818181819,0.7417688392744779,0.6682107429909082,24.57476654611573,20.863233453884273,0.010638845948059243,0.012028190441543225,0.013109377702240807,195755080.0,1.3590071473584615,0,0,-1,0,0,0.00710702341137116,-1.2921870680115835,0.15450753835288886,0.1909416037826854,0.01610169491525415,0.12582159624413136,-1.241438971046398,0.015012510425354439,0.0
2014-03-18,23.9,23.98,-0.003326406393618083,0.002485502522312029,0.005458758043751104,0.04544186199257492,-0.0033416906619033247,23.593,22.8625,22.266000000000002,1,18,3,23.539276864857,22.508753873091514,78.46153846153847,0.7321549099817091,0.6809995763890685,24.608989712476873,21.116010287523128,0.009365235480903499,0.011430952217962642,0.01198563623686848,188952580.0,1.188097464975749,0,0,-1,0,0,0.0012510425354462526,-0.9614446694664318,0.1544893246034215,0.1814607409043481,0.005046257359125228,0.13647170708511647,-0.2581838456703989,0.012133891213389234,0.0
2014-03-19,23.77,23.9,-0.004173628762928519,-0.0053930850483848705,-0.012218395104817608,-0.13004087792509533,-0.0054541775653623465,23.667,23.0035,22.37,2,19,3,23.58122652579209,22.59012459095658,74.3494423791822,0.7059086131286065,0.6859813837369761,24.542936328830905,21.464063671169093,0.009738465554740578,0.011513916277235643,0.01209596827046776,182979580.0,0.9958190353765447,0,0,-1,0,0,0.0004184100418410696,-1.5278366610176095,0.1553127476460339,0.1827777545159048,-0.005439330543932974,0.13460620525059674,0.6883436129173347,0.01893142616743792,0.0
2014-03-20,23.88,23.77,-0.009243763299539269,-0.006259148329288659,-4.239093342703481e-06,-0.06612692412155464,0.004617007152298725,23.743000000000002,23.1125,22.479,3,20,3,23.63554897564807,22.673342359281964,75.89928057553959,0.6860756613134562,0.6860002392522722,24.569849793649652,21.65515020635035,0.009746852007601,0.009201940880517193,0.012029620347393015,188570380.0,1.0532817904724752,0,0,-1,0,0,-0.0033655868742111187,-1.6215334365348923,0.1187572335063747,0.1460762828938033,0.011864406779660941,0.10046082949308754,0.7374272041794788,0.012567001675041897,0.0
2014-03-21,23.18,23.88,0.01674379845608578,0.009166730855361557,-0.017528816414635273,0.7971626194382355,-0.029751450612795684,23.750999999999998,23.183500000000002,22.553,4,21,3,23.5527218891666,22.70602994900571,63.173652694610794,0.6068780419561328,0.6701757997930444,24.49441410453612,21.872585895463885,0.014217895121011686,0.011963514762170464,0.013336658841592098,176163080.0,-0.0053397854030123836,0,0,-1,0,0,0.008793969849246267,2.839531031587382,0.21534338932294594,0.18991490920171852,-0.030936454849498363,0.0652573529411764,-1.738376237649385,0.04012079378774805,0.0
2014-03-24,23.37,23.18,-0.029915860582857688,-0.022736832472805103,-0.0056197300835649795,-0.8047573881083685,0.008163310639161056,23.728,23.244,22.61766666666667,0,24,3,23.519499727499948,22.748866726489215,59.00000000000005,0.5530693311553136,0.6467545060654983,24.464602094739416,22.023397905260584,0.01252416233486812,0.0114922297581922,0.012883870783914989,181711580.0,0.20645548707976086,0,0,-1,0,0,0.008628127696289874,-1.2419032225928277,0.23289133438470258,0.1824334916987551,-0.02543786488740618,0.05460288808664271,-1.4568828890293268,0.02216089002995297,0.0
2014-03-25,23.7,23.37,0.005119465106190995,0.010635704206879511,0.018478887131855047,-0.3351394314096881,0.014021899590318765,23.72,23.314,22.706999999999997,1,25,3,23.552317958863593,22.810230163489912,60.70287539936103,0.5309335112269729,0.6235903070977933,24.465262922093608,22.162737077906392,0.013167645260026757,0.011750185449039496,0.012335283242997175,185680080.0,0.6705679347304031,0,0,-1,0,0,0.005562687205819383,-1.8783724531935344,0.27087505460060035,0.18652841134228995,-0.008368200836820106,0.06278026905829592,-1.3761083684502189,0.014345991561181428,0.0
2014-03-26,23.44,23.7,0.013525142777040831,0.0020968764235847837,-0.003412972596240069,0.25661999899683713,-0.011031083432273546,23.674,23.365000000000002,22.77766666666667,2,26,3,23.531896511797484,22.850860475522822,54.84848484848487,0.4867993672805291,0.5962321191343405,24.43716455924606,22.292835440753944,0.013422385283459773,0.012146388161786266,0.012476294719454491,180550580.0,0.13990389694048258,0,0,-1,0,0,0.005063291139240548,-1.1290387640081785,0.27859963065315957,0.19281793442247264,-0.013883045856121101,0.04549509366636939,-1.0088160449238843,0.020051194539249247,0.0
2014-03-27,23.16,23.44,-0.01821698333106636,-0.020313859754651085,-0.026853064344619565,0.1569845867977696,-0.01201731200401744,23.63,23.4,22.842666666666666,3,27,3,23.46427896419794,22.87080496097296,50.84269662921347,0.4243375808007741,0.5618532114676272,24.3903534722502,22.409646527749796,0.013369935937667488,0.012557916809959725,0.01269345237930014,174549180.0,-0.48467543503369476,0,0,-1,0,0,-0.0021331058020478116,-0.6713177225944754,0.2760917195696599,0.19935074918514603,-0.03015075376884413,0.03116651825467498,-0.16323088910613223,0.02633851468048357,0.0
2014-03-28,23.16,23.16,-0.010745858830557122,0.011477277954153061,0.011782811423621484,-0.050369375609142224,0.0,23.554000000000002,23.436,22.908,4,28,3,23.40895551616195,22.889462705426318,42.81045751633983,0.37056452779468785,0.5235954747330394,24.32675721779319,22.54524278220681,0.012282619523318874,0.012550158241776537,0.01268927977696564,174549180.0,-0.6196974764544204,0,0,-1,0,0,-0.0008635578583764929,-0.7827365568632004,0.1826519495280729,0.19922758573349011,-0.0008628127696289623,0.03208556149732611,0.14541489875091124,0.02633851468048357,0.0
2014-03-31,23.61,23.16,0.00689063880612445,0.00211104152707342,0.009928853420579462,-0.2262764106997529,0.019243698392627125,23.517,23.5015,22.985,0,31,3,23.445509058677956,22.93594898249559,47.447447447447416,0.3601091212765901,0.49089820404174955,24.215695167191807,22.787304832808193,0.0141701758509269,0.013004662058772171,0.01303633474359206,179100180.0,0.3038385163725425,0,0,-1,0,0,0.006044905008635603,-1.2548885311060467,0.22691991120334687,0.20644261015169046,0.010269576379974277,0.05874439461883396,0.2656991562556773,0.018212621770436244,0.0
2014-04-01,23.94,23.61,0.018286709876017312,0.009653800052512958,0.016613800662655432,0.2119450676388149,0.01388034903240552,23.521,23.557,23.082,1,1,4,23.53541650255469,23.000726467495873,50.56497175141247,0.37413854213817643,0.46754627166103496,24.222324614081945,22.891675385918052,0.014951986444735851,0.012347061275529644,0.012800597253574866,184725580.0,1.1513176933292593,0,0,-1,0,0,0.005082592121982253,-0.6334128877882383,0.22644373980807642,0.19600352134516436,0.010126582278481067,0.048620236530880545,0.26865531590005404,0.011278195488721787,0.0
2014-04-02,24.07,23.94,0.0117303397854896,0.021079515791053913,0.01134227660393451,0.49190055775738334,0.005415551665153521,23.551,23.609,23.185999999999996,2,2,4,23.6326135020902,23.06971185668969,56.97329376854598,0.39123693691989914,0.45228440471280784,24.26337475179556,22.954625248204444,0.014885896090257398,0.012279742875557957,0.012706993203794531,193925480.0,1.4089785668993071,0,0,-1,0,0,0.002923976608187146,1.2464870168630755,0.19449199112808743,0.1949348748752612,0.026877133105801976,0.04515848892748586,-0.44053446972845167,0.02118820108018272,0.0
2014-04-03,24.01,24.07,0.003326406393618035,-0.0061538655743782235,-0.005445039631055816,-0.7224755720607214,-0.0024958415618186345,23.564,23.6535,23.263,3,3,4,23.701229228982893,23.130375607871002,51.44694533762058,0.39538824978967924,0.44090517372818216,24.28862203551603,23.01837796448397,0.014882273267117494,0.012318503181531134,0.0113250903337723,189458480.0,1.1226188986195311,0,0,-1,0,0,0.0008309098462816608,-1.1510674321751666,0.1472998915687603,0.19555017565733598,0.03670120898100171,0.03849480968858132,0.4067582834385889,0.020408163265306204,0.0
2014-04-04,23.81,24.01,0.0029015564398342875,-0.002059732963010616,-0.004626392957304903,0.25084669211537847,-0.008364749734390612,23.627000000000002,23.689,23.331333333333337,4,4,4,23.721005732804183,23.174222342847067,47.38461538461536,0.3781804379379139,0.4283602265701285,24.271007415396895,23.106992584603105,0.011217209769378032,0.012520129799903664,0.011527233067922669,183717880.0,0.4158022623044548,0,0,-1,0,0,0.006247396917950794,-0.4617971644860134,0.18117270732812873,0.19875089899676382,0.02806563039723664,0.030735930735930728,-0.0012510293411457391,0.023095338093238178,0.0
2014-04-07,23.43,23.81,-0.015012792389185209,-0.006619800756712161,-0.018314290227266126,0.2408310261761085,-0.016088407979067132,23.633,23.6805,23.373666666666665,0,7,4,23.66809559956706,23.190724127179514,43.380281690140855,0.33007539517156914,0.4087032602904167,24.27285391270149,23.088146087298508,0.012445705575896459,0.012168467151696082,0.011658611142976795,176414080.0,-0.845778156026922,0,0,-1,0,0,-0.0004199916001679131,0.3551998149192007,0.18517488108439834,0.1931684275214779,-0.007623888182973326,-0.0072033898305085,0.17235611644803078,0.03499786598378149,0.0
2014-04-08,23.51,23.43,-0.0126851595273158,-0.019703005857563755,-0.01646484334972501,0.22403583910609723,0.0034086100322740036,23.614,23.667,23.414,1,8,4,23.63935094510032,23.21132257058729,46.28571428571432,0.2950064825179233,0.385963904735918,24.26210635935553,23.071893640644472,0.011555870863402592,0.0120601745115235,0.01163291336550806,185551980.0,-0.5276367746095764,0,0,-1,0,0,0.0029876227059325773,1.2099699514474296,0.13909593671954448,0.19144933515318638,-0.017961570593149512,-0.011354079058031985,-0.5713894310653924,0.031050616758826047,0.0
2014-04-09,24.15,23.51,0.004246290881451224,0.024878465085976225,0.02501861513096478,-0.2654067853535006,0.02685851754660336,23.685000000000002,23.6795,23.47166666666667,2,9,4,23.73219622780935,23.27188240474295,53.34987593052109,0.3152230725184211,0.37181573829241865,24.30494215938396,23.054057840616043,0.013878695270147732,0.01352727373615836,0.012513100936092064,192559780.0,1.5045356087393478,0,0,-1,0,0,0.0038281582305401893,0.18056588399381437,0.2608521078097905,0.2147388133354235,0.0033236393851265866,0.010460251046025215,1.2259368672457622,0.030853002070393407,0.0
2014-04-10,23.13,24.15,0.026757449169549117,0.0014443415282997386,-0.016319125729036037,0.2996044954337836,-0.04315390385523382,23.682000000000002,23.656,23.494000000000003,3,10,4,23.622706004571285,23.26272870121115,49.42528735632183,0.24610247411404274,0.34667308545674347,24.32763273171713,22.984367268282867,0.019633496989905512,0.01637565677976133,0.014950404717444998,183103980.0,-1.5663322383207887,0,0,-1,0,0,0.0037267080745341558,1.3247902710197321,0.4049633974215641,0.25995549236758375,-0.03665139525197847,-0.019915254237288238,-0.04697695575227404,0.050151318633808915,0.0
2014-04-11,22.75,23.13,-0.04817154367336577,-0.033972652674680304,-0.017916144506852666,-0.13340147324988658,-0.01656533084638833,23.641000000000002,23.5975,23.50433333333333,4,11,4,23.464032185558324,23.22964943016527,43.17180616740087,0.1588301822118794,0.30910450480777063,24.368743015833342,22.82625698416666,0.020313332993741683,0.01635716842704503,0.015286724386186007,174829080.0,-2.1977508582927263,0,0,-1,0,0,-0.0012970168612190915,0.7508946307561742,0.4104595135472866,0.2596619988669523,-0.044519109617807584,-0.048913043478260976,0.2495794688189166,0.03340659340659347,0.0
2014-04-14,22.51,22.75,0.0,-0.012449184176568888,-0.014657157799973355,-0.10509334436251713,-0.010605490478318443,23.531,23.523999999999997,23.511333333333333,0,14,4,23.29057178818408,23.18322043467074,36.629213483146074,0.06949912522628665,0.26118342889147383,24.41295917850633,22.635040821493664,0.01903738622273468,0.016412447169808515,0.015372956519492838,167379680.0,-2.2813196027825704,0,0,-1,0,0,0.015384615384615448,0.3285431287439939,0.40628794908275745,0.26053952170379524,-0.03926589842082795,-0.06130108423686398,0.05479738570768476,0.035539760106619155,0.0
2014-04-15,22.9,22.51,-0.009132483563272587,0.0028038409396420215,0.00357302747253912,0.14603279563960728,0.017177255641553067,23.427,23.474,23.513666666666666,1,15,4,23.219558735786975,23.164948148562953,44.10480349344974,0.029829503653797218,0.21491264384393852,24.386103410571945,22.561896589428056,0.019425839639663114,0.01703073859729156,0.015077895435420544,176000380.0,-1.258629215387032,0,0,-1,0,0,0.016881386050644112,0.8323201811217058,0.44083108908550417,0.27035459383309485,-0.025946405784772586,-0.04184100418410042,-0.18145384102341286,0.03427947598253276,0.0
2014-04-16,23.54,22.9,0.009565290321814057,0.014751737311500935,0.02270069931468,-0.1578618198180739,0.027564191271936673,23.374000000000002,23.4625,23.530666666666665,2,16,4,23.277820783825707,23.189145042204053,53.84615384615384,0.0494635095026581,0.18182281697568245,24.364634894801814,22.560365105198183,0.0218301832129714,0.018266886078109074,0.015840623057563494,183362180.0,0.17181465975113672,0,0,-1,0,0,0.009170305676855933,0.20585903410880735,0.444180752802021,0.28997782674134764,-0.025258799171842594,-0.009676062263357155,-0.1595406421468278,0.026125743415462976,0.0
2014-04-17,23.49,23.54,0.023942999239603274,0.005924689357699656,0.0034805342945736072,-0.1613578036023876,-0.00212630316130931,23.322,23.443,23.543,3,17,4,23.316398823130122,23.20855503948121,53.306613226452896,0.06029398691128307,0.15751705096280258,24.32374370487801,22.562256295121994,0.02182958614886164,0.01823286400934715,0.01583878183902616,177097380.0,0.10672798395194229,0,0,-1,0,0,0.00552251486830937,-0.3327141825346248,0.2985354169715,0.2894377431431557,0.015564202334630295,-0.01633165829145733,0.47091587773546817,0.028735632183908077,0.0
2014-04-21,23.59,23.49,-0.005507321693762041,-0.0038046970436639714,0.010154564949148005,-0.23094349351053603,0.004248094748762248,23.3,23.4635,23.55933333333333,0,21,4,23.366144491651916,23.23316439177275,49.78448275862069,0.07606950069967766,0.1412275409101776,24.337529386473406,22.589470613526593,0.021785082629484438,0.016957246582554965,0.01584947775431046,182070280.0,0.2894639515735526,0,0,-1,0,0,0.002128565346956182,-0.9522648401033493,0.24380237818990086,0.26918794426704207,0.036923076923076836,0.017687661777394226,0.35152679185800484,0.01483679525222543,0.0
2014-04-22,23.93,23.59,0.00508475671811002,0.01846464545434876,0.015781944108297998,0.050541941388810324,0.014310008500698346,23.35,23.4915,23.570333333333334,1,22,4,23.46866367498793,23.278121527787413,49.892473118279554,0.11468485195041822,0.13591900311822575,24.388495570016712,22.594504429983285,0.021539099804676602,0.017151675124322033,0.01557445090529599,187300980.0,0.9777082845388669,0,0,-1,0,0,0.002967359050445116,-0.7856213243005872,0.18568577968892405,0.27227440168277367,0.06308307418924919,0.023962344886606646,0.08892862279695275,0.017551190973673286,0.0
2014-04-23,24.08,23.93,0.029977265502884775,0.014038215676058619,0.005486403295627909,0.39939911807344236,0.006248718520338279,23.407,23.5105,23.580333333333332,2,23,4,23.579815734081034,23.32985562276887,50.107066381156294,0.15559790661181694,0.139854783816944,24.441542991826697,22.579457008173303,0.021574028316065898,0.016931820710451396,0.015555216010833664,195099580.0,1.2233591896388052,0,0,-1,0,0,0.018804847471792698,0.640412149348531,0.1836531138015337,0.26878432106032424,0.051528384279476036,0.01603375527426154,0.9684195531079055,0.02616279069767438,0.0
2014-04-24,24.27,24.08,-0.00204885711406517,0.0024570036930520837,-0.010577631942466002,0.06972948451899988,0.007859399297889707,23.419,23.552,23.592666666666666,3,24,4,23.705303782429937,23.39051009871927,52.708333333333314,0.20103579380679548,0.15209098581491431,24.541940987075876,22.562059012924124,0.01992671961458406,0.016758329577234204,0.015592277760647798,203461380.0,1.4505915188355893,0,0,-1,0,0,0.010386212624584857,0.8951138702629625,0.095035320646823,0.2660302347013194,0.031011045029736728,0.03540955631399312,0.00020554415630076375,0.038730943551709834,0.0
2014-04-25,23.95,24.27,-0.011579270387290081,-0.00081833065123189,0.01435835478237198,-0.5145358475002089,-0.013272695881585802,23.500999999999998,23.5915,23.604333333333333,4,25,4,23.74979400380631,23.426606221382546,51.42276422764228,0.20881720635206946,0.16343622992234536,24.57862287935464,22.60437712064536,0.014298159876991727,0.016814335100827665,0.015611139923945671,198462880.0,0.7263533395849952,0,0,-1,0,0,-0.009064688916357597,-1.1389900358246752,0.16345218408171489,0.266919294826165,0.019582801191996735,0.03411053540587217,-1.4446653353602519,0.024217118997912245,0.0
2014-04-28,23.84,23.95,-0.00041588688476341246,-0.010286040083002464,-0.01478379618423698,-0.02284576449831046,-0.004603481659775194,23.61,23.6255,23.601666666666667,0,28,4,23.766195094023345,23.453276787744965,54.40860215053764,0.20375914260432282,0.17150081245874085,24.596760168949338,22.65423983105066,0.012876913061689758,0.016871673771339035,0.015442774330274314,193577280.0,0.44169421717774426,0,0,-1,0,0,0.003757828810020871,-1.154294352391018,0.17406292414871583,0.2678295180022459,0.010597710894446832,0.029360967184801412,-0.5759596106360201,0.028523489932885893,0.0
2014-04-29,24.19,23.84,-0.006259148329288659,0.0016528929382995943,0.004881682197967116,-0.07523909241408862,0.01457448242478693,23.778,23.654500000000002,23.608666666666668,1,29,4,23.843250531473647,23.500807317567872,56.91056910569106,0.22539445855575835,0.18227954167814436,24.6579146962396,22.651085303760404,0.011983654004771149,0.01663911171053971,0.01566910328363233,198108780.0,1.0673553058507945,0,0,-1,0,0,0.0020973154362416407,-1.3622184752599065,0.17525930694562636,0.2641377097386637,0.010865022983702621,0.0245658619229141,-0.5502959554227693,0.02501033484911122,0.0
2014-04-30,24.17,24.19,0.013718776787227872,0.0053531114036527,0.014294966987004975,0.08048566203356923,-0.0008271299065442379,23.904999999999998,23.666,23.617666666666665,2,30,4,23.902659525751165,23.543981039015108,50.232558139534916,0.23818116525781363,0.19345986639407822,24.688286395137016,22.643713604862985,0.011664859556208718,0.016374838756858308,0.015655107822132003,193197480.0,0.986025055987272,0,0,-1,0,0,0.0012401818933442572,-1.0943862444282977,0.17212518718557634,0.25994250665657487,0.003737541528239241,0.009607351712614953,0.047133379003985815,0.01634257343814659,0.0
2014-05-01,24.33,24.17,-0.0020665434095544413,0.011433362603847653,0.008935124380306279,0.15797417675336495,0.006597962080039467,23.984,23.679000000000002,23.636333333333333,3,1,5,23.980357793796408,23.594691939723813,67.44186046511629,0.258248457799219,0.2064175846751064,24.729150866353635,22.62884913364637,0.008662403281098949,0.01639543005759246,0.015652334890498734,198949280.0,1.2398218596160733,0,0,-1,0,0,0.0,-0.5324891636078883,0.16903330692520457,0.2602693834220583,0.0024721878862792313,0.01080182800166174,0.11401641694712863,0.01890669954788316,0.0
2014-05-02,24.18,24.33,0.008650929337733813,-0.009791999904617538,-0.007475117863788621,0.04434441801056746,-0.006184311608784545,24.052999999999997,23.6875,23.646333333333335,4,2,5,24.016656376742517,23.63245375006421,72.27414330218073,0.25906188121144424,0.21694644398237398,24.751590914199646,22.623409085800354,0.009032018847327487,0.01645312975428527,0.015687592130734968,192936680.0,0.925672784962051,0,0,-1,0,0,0.0020550760378134285,-0.4400900260858896,0.1375384999183317,0.2611853377110965,0.009603340292275497,0.007080383173677651,0.8555888314026934,0.016542597187758565,0.0
2014-05-05,24.26,24.18,-0.013212413506592665,-0.0032854238997969895,-0.004595788327201891,-0.3200329137049479,0.0033030583292574887,24.12,23.71,23.682333333333336,0,5,5,24.06090067188024,23.67294060489878,78.68852459016396,0.26312867298784326,0.22618288978346784,24.80361784915848,22.61638215084152,0.009021576771585351,0.016330419749499208,0.01464306885667567,197302580.0,1.0058358144450827,0,0,-1,0,0,-0.004962779156327585,-1.3810128953847916,0.12472455759202632,0.2592373767748357,0.017617449664429685,0.018899622007559902,0.36676202363228777,0.01772464962901895,0.0
2014-05-06,24.2,24.26,0.011570377012848384,0.003285423899797072,0.009585403668678322,0.35814892523610414,-0.0024762703532634008,24.147,23.7485,23.709999999999997,1,6,5,24.086191458811108,23.706944436840796,73.8970588235294,0.25852996371878234,0.23265230457053077,24.854755419254342,22.642244580745658,0.008153537883568401,0.015862204443737704,0.014607437189455234,191056380.0,0.8162671877428217,0,0,-1,0,0,0.0032976092333057826,-0.20510290348782034,0.0791878722551857,0.25180468922036164,0.00041339396444795007,0.032863849765258246,0.16317380920574284,0.011570247933884345,0.0
2014-05-07,24.2,24.2,-0.002468121368083546,0.00040992007132726314,-0.010842474858729377,-0.06370422846157339,0.0,24.159,23.782999999999998,23.72666666666667,2,7,5,24.106883920845448,23.73875447317365,65.86538461538461,0.2519807759584758,0.23651799884811978,24.90091346995812,22.665086530041876,0.007955079026527603,0.015861589982953273,0.014405096360471516,191056380.0,0.746032696100571,0,0,-1,0,0,0.0033057851239670184,-0.36472120374184724,0.07879969823219814,0.2517949349578056,0.0012412081092261218,0.029349213100807958,0.0016052288090063068,0.02272727272727261,0.0
2014-05-08,24.46,24.2,-0.007856149564517549,0.009382079833290466,0.01001259929242977,0.1141991189737331,0.010686497096385701,24.178,23.798499999999997,23.760666666666665,3,8,5,24.171086844328094,23.78528644264632,71.17903930131007,0.2647188108931786,0.24215816125713155,24.946042454207486,22.650957545792508,0.00829261238930779,0.014854850087186044,0.014338820735463628,197626080.0,1.1528985225332613,0,0,-1,0,0,-0.004545454545454522,0.11390276751729717,0.10184469034808767,0.23581343456304255,0.005343197698314928,0.012836438923395477,0.7664449893170033,0.022076860179885492,0.0
2014-05-09,24.36,24.46,0.012376395601048968,-0.0077440778290518665,-0.0029099999749424886,-0.4972243598698056,-0.004096687417330121,24.219,23.86,23.800666666666665,4,9,5,24.205434690813895,23.82236473666914,66.81222707423578,0.2637048062306988,0.246467490251845,24.98837097296483,22.73162902703517,0.006982093058116997,0.010992809178520873,0.014154954664030042,193630280.0,0.8862333611546817,0,0,-1,0,0,-0.002861815208503691,-1.4856028970489112,0.09323626613180372,0.1745054357781268,0.007444168734491274,0.05317769130998706,1.1432734732432628,0.017241379310344897,0.0
2014-05-12,24.94,24.36,0.002865918031197343,0.021453969988287108,0.01815231360718885,0.21523408157887772,0.02353049741019425,24.329,23.9695,23.860000000000003,0,12,5,24.338992019756823,23.894470237529198,69.96047430830039,0.3061729814241403,0.2584085884863041,25.069001801055517,22.869998198944483,0.009464155302318544,0.010999221156451123,0.014708233344851376,198585680.0,1.7653449936477124,0,0,-1,0,0,0.004105090311986922,-0.7366209137205071,0.1858818465124207,0.17460722277221966,0.028029678483099785,0.09626373626373641,1.1848994701393256,0.02044907778668797,0.0
2014-05-13,24.98,24.94,0.017828673211635535,0.003992819039292348,0.010977951274298431,0.06647392757211774,0.0016025644455411972,24.407999999999998,24.093,23.90566666666667,1,13,5,24.45553892525558,23.964504415753122,68.59504132231405,0.3391475006620297,0.27455637092144924,25.04757017056072,23.13842982943928,0.00878985959555632,0.010435842382086395,0.014359826037993262,203881680.0,1.8584280702569438,0,0,-1,0,0,-0.00160384923817172,-0.41926926873142106,0.17675800076383572,0.165663861986811,0.03223140495867782,0.10972900932918694,1.1505240624344035,0.013606885508406729,0.0
2014-05-14,24.91,24.98,0.0016051367812286584,-0.003992819039292341,-0.0012138378993934214,0.30911334878735297,-0.002806175423342617,24.482,24.1935,23.938,2,14,5,24.538168211572746,24.025504130865823,63.91304347826085,0.3555332635901536,0.2907517494551901,25.035859468209512,23.351140531790488,0.008913077120607451,0.010179499294197609,0.014202422423055482,196667380.0,1.7011739691677397,0,0,-1,0,0,-0.0016012810248198217,1.1990929443373257,0.184129711773285,0.1615945416216264,0.029338842975206614,0.08777292576419216,1.1210699035647476,0.010839020473705323,0.0
2014-05-15,24.76,24.91,-0.0032128541693253938,-0.001202164039791337,-0.009355366179351272,-0.2850104023156373,-0.00603988145769362,24.525,24.2545,23.961000000000002,3,15,5,24.578501264014065,24.072890961132547,69.01408450704228,0.3523536389487667,0.30307212735390543,25.073985718059355,23.435014281940646,0.009241817450677137,0.008754025873728281,0.014244832538785593,191242180.0,1.2337005730791455,0,0,-1,0,0,-0.0020072260136491655,-0.22588713521405912,0.19426620751580667,0.1389658525950597,0.0122649223221587,0.05182667799490237,1.9601247440682017,0.01898222940226181,0.0
2014-05-16,24.61,24.76,-0.0040306382661695955,-0.005629287080953916,-0.0024549930497115464,-0.09845786986834888,-0.0060765834134309865,24.567999999999998,24.310499999999998,23.980999999999998,4,16,5,24.5842283069206,24.107543157188513,67.74193548387092,0.3338812419909978,0.3092339502813239,25.06010972301598,23.560890276984015,0.009231631458780509,0.008907804223581896,0.014290133194265852,186325680.0,0.7990824846694696,0,0,-1,0,0,0.0,-0.6114093120629845,0.19892262287641976,0.141407008219491,0.01026272577996723,0.047679863771817876,1.9107556477287087,0.0158472165786266,0.0
2014-05-19,25.12,24.61,-0.006483004878078266,0.01639708802889203,0.0057189698356610134,-0.22880379946469676,0.020511477197033494,24.654,24.387,24.02466666666667,0,19,5,24.681641342025944,24.17286295349893,69.95708154506433,0.3562874125569522,0.31864464273644955,25.139290537378724,23.634709462621277,0.011017248157795475,0.009807047668505736,0.014622112705301294,190236680.0,1.9487151933455424,0,0,-1,0,0,-0.0004063388866313698,-1.3789007922870755,0.17779368741967058,0.15568205535973192,0.0072173215717723505,0.06485799067401454,1.8338289030660715,0.026273885350318476,0.0
2014-05-20,24.95,25.12,0.01972291744001367,-0.0007936508353095643,0.009728491806569484,-0.04435995116070299,-0.006790519402470324,24.729000000000003,24.438000000000002,24.075333333333333,1,20,5,24.73043382529395,24.223000827466745,65.72580645161281,0.356220595620794,0.32615983331331844,25.198099716448677,23.677900283551327,0.011356308051432402,0.009674316485861263,0.014328526714570855,186495380.0,1.3471916616208055,0,0,-1,0,0,-0.0011942675159236122,-1.3820483920488094,0.18714027978598835,0.15357501315672734,-0.0012009607686149781,0.0426243209360635,2.1454930336662077,0.0160320641282566,0.0
2014-05-21,25.11,24.95,-0.0039936155314699885,0.0007936508353095939,0.006433476150428602,-0.06279199171965433,0.0063923509719658895,24.82,24.4895,24.128666666666668,2,21,5,24.799445857058686,24.28022658053341,65.72580645161285,0.3648722849657382,0.3339023236438024,25.286163436826953,23.692836563173046,0.011341963065809707,0.009677621450951124,0.014347756250607704,190008980.0,1.5577469011792513,0,0,-1,0,0,0.0016032064128256173,-1.4503369887696942,0.19042781729097502,0.15362747785104447,0.008028904054596442,0.042774086378737586,1.3341975133826487,0.010354440461967407,0.0
2014-05-22,25.27,25.11,0.004790428322632739,0.005537988837363681,0.0059940239402106466,-0.1856398979330923,0.006351748230609249,24.901000000000003,24.5395,24.166,3,22,5,24.885001155775285,24.344082930176416,71.8875502008031,0.38025611809963067,0.34317308253496803,25.401040236405333,23.677959763594668,0.011124845533275314,0.009636007463447357,0.013583353658793257,192927280.0,1.6958000778882234,0,0,-1,0,0,0.0,-1.9142276801754432,0.17891932287829435,0.15296687627906416,0.020597738287560396,0.04120313143798926,0.6490758492255485,0.009893153937475268,0.0
2014-05-23,25.79,25.27,0.009512556867698689,0.01875787707055679,0.009121617875845511,0.42264413942250945,0.020368898493150607,25.044,24.6315,24.254666666666665,4,23,5,25.04954640017978,24.4373679024231,76.10921501706471,0.4294570572432832,0.3604298774766311,25.612654529380716,23.650345470619282,0.012000215987875595,0.009780175631987477,0.011230372986356181,197380580.0,2.361503647608333,0,0,-1,0,0,0.0031658092599921588,-0.475378281553019,0.1831803320749179,0.15525547500463696,0.04794798862251115,0.07682672233820464,-0.4159150853330013,0.019387359441644048,0.0
2014-05-27,25.87,25.79,0.020691739595507488,0.006175241545649864,0.01675579445689474,-0.16604002961122585,0.0030971763046844067,25.137,24.732999999999997,24.358666666666668,1,27,5,25.19871978196527,24.52979577968613,78.30508474576264,0.46949247044992504,0.3822423960712899,25.786717229619963,23.67928277038003,0.010195205562297742,0.009583968991599221,0.010570217869894085,201152580.0,2.158074230996632,0,0,-1,0,0,0.0034897246994959235,-1.016541509012971,0.15558020172808612,0.15214079114835613,0.029856687898089262,0.0851510067114094,0.4702082925487971,0.008967916505604922,0.0
2014-05-28,26.43,25.87,0.002315709255598125,0.020564319496249588,0.005883736103540149,0.38536339048978147,0.02141573241826011,25.282000000000004,24.845,24.48933333333333,2,28,5,25.422588912517035,24.65238960035154,81.7663817663817,0.5401812703075493,0.4138301709185418,26.11058494900811,23.579415050991887,0.011606649998015412,0.010099953232909329,0.010639865316219101,206697980.0,2.5047706220625137,0,0,-1,0,0,0.002705836876691159,0.5093702621016128,0.13929582509983449,0.16033178704596546,0.05931863727454911,0.09260024803637856,0.5062929570520315,0.023458191449110898,0.0
2014-05-29,26.44,26.43,0.019469979416010398,0.00225903710528016,0.008455084958502508,-0.3002272241262537,0.00037828636728771416,25.435000000000002,24.9585,24.607333333333333,3,29,5,25.60757274660485,24.76771930355467,80.36809815950913,0.5902060420443505,0.4491053451437036,26.368155052989568,23.548844947010434,0.01138874409953848,0.010070140382939406,0.010433853090340972,210805180.0,2.10193266339601,0,0,-1,0,0,0.0007567158531971084,-0.7153460604126903,0.1587437480256406,0.15985852272459847,0.05296694544006386,0.09391808026479098,0.41579035503040607,0.017397881996974313,0.0
2014-05-30,26.45,26.44,-0.0018921481520379265,0.0018786404172599306,0.008763630101785437,0.5386251326021537,0.0003781433208228552,25.604000000000003,25.0645,24.704333333333334,4,30,5,25.760741338131236,24.876253542035016,82.96529968454253,0.6234709652906254,0.48397846917308796,26.589291271305875,23.539708728694123,0.010800470393636966,0.010099166445686692,0.009502327447055777,217843480.0,1.8172979162104173,0,0,-1,0,0,-0.001512859304084822,1.6629786115235399,0.17338919981106823,0.16031929718601054,0.04669568658488332,0.0871352240032881,0.5683885337205229,0.010586011342155052,0.0
2014-06-02,26.71,26.45,0.0030257209165371114,0.005241494590838192,-0.006851949152552592,-0.3472227397639019,0.009781868817561162,25.814,25.191000000000003,24.811666666666667,0,2,6,25.93333382210737,24.994559765129534,81.05263157894731,0.6631688856084672,0.5198165524601639,26.822852676528335,23.55914732347167,0.009845356675807843,0.009862867721218787,0.00949007075575835,222817080.0,1.8616876656189052,0,0,-1,0,0,0.0011342155009452226,0.02703674542980524,0.14317893715688823,0.15656817122562744,0.035672741372625216,0.10463192721257242,1.3966359078126076,0.022463496817671336,0.0
2014-06-03,27.2,26.71,0.010144742273208161,0.01629665696029349,0.021164811192043116,0.489471689262727,0.018178946180082086,26.022000000000002,25.338,24.932000000000002,1,3,6,26.163636763542392,25.136846231895372,83.63636363636357,0.7258020837422912,0.5610136587165894,27.137773085111753,23.53822691488825,0.009534830427282816,0.010288366330789387,0.009828633824375124,230931280.0,2.0691497338225617,0,0,-1,0,0,0.001497566454511387,2.148783783779753,0.15682946958302296,0.1633227522503929,0.05141090065713172,0.12118713932399006,0.10544303545706343,0.01764705882352943,0.0
2014-06-04,27.36,27.2,0.010042859190037143,0.006225986051666778,0.006708933102730061,-0.452524006999823,0.005865119452398058,26.262999999999998,25.496000000000002,25.046333333333337,2,4,6,26.38115735198923,25.280275507256963,86.13569321533917,0.7793659616677431,0.6046841193068202,27.425291116064205,23.5667088839358,0.008082376676676934,0.010103333701917827,0.009663060846663303,236092080.0,1.9323159521955404,0,0,-1,0,0,-0.006617647058823519,0.06351560512516491,0.11923273617838223,0.16038545032783294,0.03518728717366626,0.13057851239669427,0.9106138217958347,0.017178362573099373,0.0
2014-06-05,27.28,27.36,0.01724496964510142,0.009447744693357012,0.011082492446792918,0.512088196405759,-0.002928259779088334,26.48,25.65,25.153000000000002,3,5,6,26.544583287991188,25.409289990659744,87.95180722891561,0.8060685331287907,0.6449610020712143,27.63462511374395,23.665374886256046,0.008945240103974766,0.010218324525784058,0.009751043958779385,227479880.0,1.6426276063039875,0,0,-1,0,0,0.004751461988304057,2.1644104063998726,0.132309578588095,0.1622108730658598,0.03177004538577921,0.12727272727272743,0.5736313821596465,0.015762463343108494,0.0
2014-06-06,27.59,27.28,-0.006203267474565013,-0.002172339739149006,0.001835199634177274,-0.741534509086094,0.011299555253933247,26.712,25.8065,25.263666666666666,4,6,6,26.73465905381097,25.54998095900428,92.816091954023,0.8425327297648941,0.6844753476099503,27.887322458851568,23.725677541148432,0.00896130772470832,0.010234214549957727,0.00981660612090136,231582580.0,1.7142260190562701,0,0,-1,0,0,0.0014662756598240157,-0.6336036848017521,0.12404889993139032,0.1624631193796018,0.043100189035916836,0.12796402289452158,-0.4613185707397811,0.011598405219282359,0.0
2014-06-09,27.45,27.59,0.011644964196879834,0.003979024964098017,-0.0014678901718289325,0.32759205641338496,-0.005087220273655134,26.877999999999997,25.961000000000002,25.380333333333333,0,9,6,26.864721044027156,25.672562832616908,87.45980707395496,0.8503319410351757,0.7176466662949954,28.048455262678015,23.87354473732199,0.008905049420439768,0.010288049552457544,0.009421351222508803,225889580.0,1.426617400259633,0,0,-1,0,0,0.0018122508155128927,0.3377198991326357,0.1551940862744629,0.16331772355027213,0.027704979408461172,0.12684729064039413,0.23171470207183503,0.017122040072859702,0.0
2014-06-10,27.29,27.45,-0.005077994226943583,-0.006882838256809518,-0.0062626839430263434,-0.01251430358872573,-0.005845833235292548,27.02,26.078500000000002,25.495333333333335,1,10,6,26.94204449056767,25.776913617609367,87.74193548387099,0.8339885089416939,0.7409150348243351,28.18840920233625,23.968590797663754,0.009675138071929934,0.009712063823172256,0.009465530415633479,220267380.0,1.1483906498521692,0,0,-1,0,0,0.0018214936247723393,0.26966213242682485,0.12028785765526123,0.15417423355980586,0.003308823529411864,0.09422614274258212,0.8088012313470612,0.01648955661414448,0.0
2014-06-11,26.94,27.29,-0.016868753497762356,-0.011700316292103788,-0.010363941877307227,0.47062374570969523,-0.012908163738029062,27.070999999999998,26.176499999999997,25.587,2,11,6,26.941672765009912,25.851951448731345,77.81155015197575,0.7837594552052991,0.7494839189005279,28.25339317567269,24.099606824327303,0.009379811212196052,0.010450809010946548,0.009778202521740786,211266280.0,0.7352328072942033,0,0,-1,0,0,-0.009160864785635764,2.050915980681647,0.1409041779667478,0.1659014498543848,-0.015350877192982337,0.07846277021617287,1.2142667194379573,0.015181885671863491,0.0
2014-06-12,25.72,26.94,-0.013777912980840357,-0.018935037596956476,-0.050191391873969086,0.41086097403837457,-0.046343271612799414,26.999000000000002,26.217000000000002,25.63866666666667,3,12,6,26.719550444099017,25.843438452039003,55.17241379310344,0.6381525389707399,0.7272176429145704,28.22018798550238,24.213812014497623,0.017677010135706387,0.01513756507386138,0.013236321530533444,197691580.0,-0.4962090463770042,0,0,-1,0,0,-0.010022271714922032,3.123546935616756,0.3310350210646381,0.2403013958429658,-0.05718475073313789,0.03251706142111588,-1.195183530193537,0.047045101088647005,0.0
2014-06-13,26.3,25.72,-0.03704834629274885,-0.009036206063937333,0.008211189830394844,-0.3349176101912676,0.02230003981430025,26.984,26.294,25.704333333333334,4,13,6,26.64326854517192,25.872894035778423,55.78231292517008,0.5630684588556782,0.6943878061027919,28.17610855998714,24.411891440012862,0.01940052895520984,0.015706898019612735,0.013731726344312243,207402880.0,0.006375827757822031,0,0,-1,0,0,-0.0007776049766718341,1.4182960850672657,0.3849174692432031,0.24933927616888932,-0.04675607104023194,0.06219709208400648,-0.4170076749131387,0.028897338403041883,0.0
2014-06-16,26.1,26.3,0.019268418865876987,-0.004169041475267655,0.00930239266231363,-0.39932109765030677,-0.007633624855071095,26.923000000000002,26.3685,25.768333333333334,0,16,6,26.544492446049752,25.887546033470137,52.53863134657837,0.4818707498327015,0.6518843948487738,28.080184611873413,24.65681538812659,0.01916130685203355,0.01575828276235051,0.013766205724697184,200888780.0,-0.3137260195453071,0,0,-1,0,0,-0.0038022813688213465,0.19159011751934293,0.38358733852894483,0.2501549836716924,-0.0491803278688524,0.060544494108086155,-0.3187033123871502,0.015708812260536265,0.0
2014-06-17,26.63,26.1,0.01063032030175633,0.013954591897985792,0.01379332213233577,0.13483540379368078,0.020103085497193043,26.866000000000003,26.444,25.84733333333333,1,17,6,26.560039274040705,25.935446289375292,52.222222222222214,0.45504210886218743,0.6125159376514566,28.054000326903534,24.833999673096464,0.01940280564174861,0.015733956223942424,0.014139315889733358,208343180.0,0.23105585370622642,0,0,-1,0,0,0.014559386973180037,0.4834674692424314,0.4411785302952186,0.24976881184637126,-0.02418468303407839,0.060111464968152895,-0.6353214561078336,0.015771686068343903,0.0
2014-06-18,26.67,26.63,0.005273081898158041,0.0011229647446237235,-0.0034305350967892482,-0.23763893315408907,0.0015009383680820733,26.796999999999997,26.53,25.929666666666666,2,18,6,26.580032133306027,25.98283685135108,52.53863134657837,0.432027736490852,0.5764182974193357,27.979762230958478,25.080237769041524,0.019255374490147976,0.015570415975119885,0.014102807331139436,214220880.0,0.1931351183117013,0,0,-1,0,0,-0.0003755163349604961,-0.15953129304926525,0.43598694681281985,0.2471726908799669,-0.010022271714921982,0.06893787575150312,-1.1665033220972043,0.02024746906636667,0.0
2014-06-19,27.08,26.67,0.005619044565295538,0.013008917893246442,0.020408871631207033,0.1546439484220043,0.01525610985015118,26.776999999999997,26.628500000000003,26.025666666666666,3,19,6,26.670935381795836,26.053621570618755,56.38945233265719,0.44177969276412554,0.5494905764882937,27.93239336018508,25.324606639814924,0.02005103343325967,0.015787390059527905,0.014255668760740218,221081580.0,0.6925412979109087,0,0,-1,0,0,0.0037495313085863465,0.16282081644447288,0.20603871451070357,0.2506170476897043,0.05287713841368591,0.07845479888490647,-0.7057493335084044,0.012924667651403172,0.0
2014-06-20,27.29,27.08,0.016302695262893938,0.011017371816228584,0.014484932921367231,0.24013080994814257,0.007724886676172792,26.746999999999996,26.7295,26.12,4,20,6,26.78349258510568,26.13338792090142,55.94262295081966,0.4611377246846189,0.5318200061275588,27.896023850906932,25.56297614909307,0.01984414720304066,0.015801792402158957,0.014216246079720767,229804380.0,0.960974779151287,0,0,-1,0,0,0.004800590841949873,0.82664261259402,0.17572987997819495,0.2508456777910953,0.03764258555133071,0.07993668381480012,-0.3145299855248559,0.009527299377061121,0.0
2014-06-23,26.92,27.29,0.002569280180106526,-0.0003652968077149982,-0.012242779515677553,-0.6618406685448666,-0.01365082994371994,26.694,26.786,26.205333333333336,0,23,6,26.808312115086466,26.18413708729488,47.05882352941179,0.4415334736287768,0.5137626996278024,27.86727410225549,25.704725897744513,0.0202196079874897,0.015757294965702034,0.014498718814616602,225304280.0,0.2478557466982378,0,0,-1,0,0,-0.00036643459142535764,-0.9407002701719259,0.2096968064666118,0.25013930288602576,0.031417624521072884,0.04381543233811569,-0.7940285583493303,0.02154531946508179,0.0
2014-06-24,26.64,26.92,-0.014027546367468028,-0.009176059980392918,-0.005990283730676469,-0.06704085308172136,-0.010455659104338743,26.629,26.8245,26.262,1,24,6,26.77770991234347,26.213547597791983,42.622950819672134,0.3988061148399673,0.49077138267023546,27.819867691912464,25.829132308087537,0.02037292123541984,0.01600688427521872,0.014183203851651826,221095980.0,-0.37071727663876286,0,0,-1,0,0,-0.0007429420505201755,-1.0840851574115407,0.19289992452260296,0.2541014103433146,0.00037551633496057946,0.029764205643602715,0.0575145422939181,0.018393393393393468,0.0
2014-06-25,26.97,26.64,-0.010463473640827748,-0.0022148403295528985,-0.0071603848423552685,-0.04914072343387684,0.012311291479450249,26.631999999999998,26.851499999999998,26.32833333333333,2,25,6,26.812671746462836,26.262350978579597,46.97855750487327,0.3871102512323219,0.47003915638265276,27.83097945358638,25.872020546413616,0.020474319482848,0.015522854219962925,0.01430115062988738,225102480.0,0.2419652593346615,0,0,-1,0,0,-0.0007507507507507347,-1.1059858271718532,0.21226981470249448,0.24641767142358856,0.011248593925759165,0.020431328036322416,-0.4597171232024288,0.022988505747126343,0.0
2014-06-26,27.06,26.97,0.014544354837558733,0.0014771051430134449,0.011656458358529912,-0.21191270699410603,0.0033314855910034193,26.766000000000002,26.8825,26.4,3,26,6,26.857640519833225,26.313812205768013,44.60285132382891,0.38071479967382515,0.4521742850408873,27.846261818139286,25.918738181860714,0.012768353227627023,0.015529435889132519,0.014264202740196569,228343880.0,0.36834827165635986,0,0,-1,0,0,0.0014831294030405154,-1.37177025632067,0.18041856780081364,0.2465221521825952,-0.0007385524372229835,0.02344931921331317,-0.3020924916555232,0.012934220251293475,0.0
2014-06-27,27.14,27.06,-0.0007407407746110242,0.004050824909499766,0.005216278077249947,1.0551374602977979,0.002952031664081078,26.85,26.917,26.479333333333333,4,27,6,26.908978607136273,26.367114644105563,46.80412371134022,0.3777472544394058,0.43728887892059104,27.864841869999523,25.96915813000048,0.011212571842501885,0.01553229648812321,0.014165220499921154,237654380.0,0.4705426233177722,0,0,-1,0,0,-0.0025868440502586952,0.9973526364176634,0.17019022183841578,0.2465675627837755,-0.005496518871381362,0.026086956521739202,-0.06483296965588795,0.01179439941046426,0.0
2014-06-30,26.86,27.14,0.005910619350031113,0.001101928486156513,-0.003722067862748209,-0.6467970755173359,-0.010370463311631573,26.926,26.924500000000002,26.554333333333332,0,30,6,26.900073405838768,26.398913699324563,45.674044265593565,0.34878126025928324,0.4195873551883295,27.86780828805522,25.981191711944785,0.011531389921756958,0.015610211843429325,0.014281665023892567,232778280.0,-0.13675274736105555,0,0,-1,0,0,0.000368459837877598,-0.7358339567577903,0.15616757296630773,0.24780443070449484,-0.0022288261515602814,0.00561587420441767,0.09364778746341193,0.01675353685778106,0.0
2014-07-01,27.73,26.86,0.0011043623430532275,0.021428094256487687,0.009658321735973207,0.3952892984345901,0.03187666853259512,27.036,26.951,26.641333333333332,1,1,7,27.05096915023172,26.484790234852014,57.194899817850626,0.39151409945993265,0.4139727040426502,27.954738275803837,25.947261724196164,0.013936419762285763,0.01673549287430887,0.014924732059104547,240018380.0,1.5521974578007245,0,0,-1,0,0,0.011913626209977672,0.20684568146582227,0.250584143119392,0.26566771328108885,0.04091591591591581,0.0194852941176471,0.8228351451836858,0.028128380815001717,0.0
2014-07-02,27.47,27.73,0.010613091384184713,-0.006525014588754513,0.0007390983337192519,0.0406799974500184,-0.009420359520504247,27.115999999999996,26.9565,26.725333333333335,2,2,7,27.127156577462316,26.548352155184144,69.31567328918322,0.3997918042529207,0.41113652408470436,27.97082425003467,25.942175749965326,0.01457532764898603,0.016853349484210873,0.014993505148018395,232477680.0,1.012496743487003,0,0,-1,0,0,-0.00937612693833399,0.28063388649963406,0.273946862444126,0.26753862896208397,0.01853911753800519,0.004020467836257202,1.4816379172934329,0.021077539133600314,0.0
2014-07-03,27.71,27.47,0.004358888122012228,0.00472677637715303,0.017576431972713677,-0.9050095042971824,0.008698858767704565,27.179000000000002,26.978,26.812,3,3,7,27.2331281088328,26.62329717743033,66.82577565632457,0.4208664526889905,0.4130825098055616,28.038379276732712,25.91762072326729,0.014095314031896452,0.016936121367446804,0.015016013088121422,235528180.0,1.380638071795352,0,0,-1,0,0,0.00436840189297419,-1.3386601905927022,0.2760483898663393,0.2688525918736285,0.024020694752402205,0.0157624633431086,1.1465896690385775,0.008300252616383992,0.0
2014-07-07,27.17,27.71,0.0032567425202740725,-0.0025229784513106568,-0.017207087554849385,0.7372040617575623,-0.0196799354366306,27.167,26.957,26.875333333333334,0,7,7,27.2216502708632,26.65856832727354,61.81015452538632,0.3895048074159533,0.40836696932763994,27.982405696348103,25.9315943036519,0.015505514035289153,0.017335060442454177,0.01557143066949975,229152380.0,0.41544532229259706,0,0,-1,0,0,-0.0010826416456153423,-0.11480619943836538,0.327146945174577,0.2751855533580424,0.001105379513633098,-0.015222906850308027,1.1111629727572587,0.023187338976812754,0.0
2014-07-08,26.7,27.17,-0.029327615094520063,-0.030410843219938276,-0.04609807470036275,0.6376001834188494,-0.01744985803205266,27.145,26.9195,26.905666666666665,1,8,7,27.126804767069892,26.661241338417184,50.782997762863545,0.3230020390975774,0.39129398328162746,27.9236277964367,25.915372203563297,0.01590008125193041,0.017711673133421483,0.015593751590019623,217089780.0,-0.4371953466061373,0,0,-1,0,0,-0.010673536989326562,1.8055165287407031,0.3448185053608948,0.28116409448338425,-0.005956813104988856,-0.02732240437158473,1.0958130631223915,0.03820224719101122,0.0
2014-07-09,27.21,26.7,0.022803489017576898,0.02824321231339494,0.037009632285080904,-0.36723762592954146,0.018920987388951104,27.201999999999998,26.9155,26.950333333333333,2,9,7,27.14193117305718,26.69664512303543,55.46558704453441,0.3079015563513039,0.3746154978955628,27.914035243031925,25.916964756968078,0.01662218545627061,0.018240662855906864,0.015928394203753686,225444880.0,0.5898640074150769,0,0,-1,0,0,0.02996254681647943,0.4384398721537618,0.26810338378403187,0.28956154599421663,-0.0187522538766679,-0.0029314767314033707,0.607611118485738,0.029952223447261953,0.0
2014-07-10,27.27,27.21,-0.017978836868001318,-0.007623925110659259,0.003533901194715303,0.05962226587927771,0.0022026440623420965,27.232,26.932,26.978333333333335,3,10,7,27.16521641431951,26.733635760258952,52.06971677559914,0.29734816894209715,0.35916203210486974,27.943067179817017,25.92093282018298,0.016239177873696595,0.01799185624363202,0.015482673513251551,234313280.0,0.6686004782811206,0,0,-1,0,0,-0.007350238882763664,0.6246464777950365,0.2651512903014771,0.28561186347045037,-0.007280669821623564,0.012249443207126953,-0.03604305073399664,0.01870187018701876,0.0
2014-07-11,27.44,27.27,0.012143663491279143,0.006538345123461584,0.011445574457804017,-0.6139201463568189,0.0062146060001874795,27.27,27.018,27.011666666666667,4,11,7,27.215177066261415,26.77920764669386,51.64835164835167,0.2992525159127517,0.34718012886644617,27.87601729831536,26.15998270168464,0.016306744387036082,0.014376681971506823,0.015509367858969982,239113080.0,0.9836631518468427,0,0,-1,0,0,0.0025669233590025773,-0.7841735700769383,0.25969289915814525,0.22822275104923706,-0.009743774810537675,0.06687402799377917,0.05854963775298641,0.013848396501457819,0.0
2014-07-14,27.6,27.44,0.008377393739901843,0.007574427556653359,0.008043919058513547,-0.15107196213501517,0.005813969865419816,27.316000000000003,27.083000000000006,27.05,0,14,7,27.2851448723957,26.83216199206845,57.834101382488456,0.3100977733295025,0.3397636577590575,27.908338208186564,26.257661791813447,0.016360234709138773,0.013669519930257506,0.01552946211564371,243239880.0,1.252819740736235,0,0,-1,0,0,0.004737609329446028,-0.9675033051465566,0.20851715090561226,0.2169969016626141,0.01582627898417366,0.049429657794676896,-0.8415905401514725,0.013405797101449181,0.0
2014-07-15,27.9,27.6,0.006507615156738215,0.005732727989562806,0.0014556043327005853,0.5242420530131165,0.010810916104215456,27.419999999999998,27.173000000000002,27.08966666666667,1,15,7,27.396936713778302,26.901054766773715,64.44954128440362,0.3389925160539704,0.33960942941804007,27.937311868007296,26.408688131992708,0.01598397418325751,0.013574373440779988,0.015549754386537723,250210780.0,1.902364807955743,0,0,-1,0,0,0.0054347826086956,0.2331257806785809,0.10326909048935855,0.21548649796694408,0.04494382022471899,0.06896551724137923,1.131489883551566,0.017562724014336863,0.0
2014-07-16,28.03,27.9,0.010039524984253511,0.0060552277624795646,0.01264696170076739,-0.409662748071329,0.004648676349377021,27.45,27.243000000000002,27.11733333333333,2,16,7,27.512039129454973,26.973889943110898,62.74038461538461,0.3681380550426141,0.3453151545429549,28.052992852468762,26.433007147531242,0.01252780980565769,0.012988615596311995,0.015238322129736552,254838580.0,1.9432270237973523,0,0,-1,0,0,0.004659498207885396,-0.6969853523861274,0.050191029439046964,0.2061878804571387,0.030135979419331216,0.052572286894480014,0.8336835841343684,0.011059579022475872,0.0
2014-07-17,27.51,28.03,-0.007879696930823552,-0.0021329549501415196,-0.019580030887679487,-1.1053841613304816,-0.01872579024021376,27.454,27.284999999999997,27.122333333333337,3,17,7,27.511668378644977,27.008477688716646,54.901960784313744,0.34529609208451006,0.345311342051266,28.056068977730845,26.513931022269148,0.01366829582888193,0.013828380041711632,0.015622870792425494,253306391.0,0.583605375130378,0,0,-1,0,0,-0.007848733499821705,-1.7435099867277657,0.18453512953864162,0.21951872775154782,0.008800880088008833,0.03149606299212593,-1.9949262270338652,0.028716830243547896,0.0
2014-07-18,27.81,27.51,-0.007579895522769107,-0.004279607102364995,0.010562837237490675,-0.04564046013812142,0.010846093309390166,27.464,27.321500000000004,27.139999999999997,4,18,7,27.565910491618617,27.060188805573638,56.96465696465694,0.3473965929910179,0.34572839223921636,28.12032215924642,26.522677840753587,0.01383443175606163,0.013629544719999323,0.015728104116348198,254770222.0,1.2230506986957665,0,0,-1,0,0,0.0032715376226826556,-1.5545168174740103,0.19431321822962197,0.21636231487291008,0.01348396501457727,0.026957163958641006,-1.939883312707961,0.013664149586479648,0.0
2014-07-21,27.66,27.81,0.006860471031307865,-0.003580383345012087,-0.0018132371241808313,1.0857569064614179,-0.005408342009261224,27.512999999999998,27.339999999999996,27.142333333333337,0,21,7,27.583017674960686,27.098886301988244,58.54700854700855,0.3331175370859576,0.34320622120856464,28.15276655546476,26.527233444535234,0.01219924684247405,0.013624956841127432,0.015635897293269977,250434822.0,0.7874339755946763,0,0,-1,0,0,-0.0007191657677094417,-0.45650723437963353,0.19934895723741525,0.2162894845536682,0.0021739130434781373,0.013558079882741048,-1.0103441521521208,0.011930585683297119,0.0
2014-07-22,28.05,27.66,-0.0021613841267255894,0.006791804481468007,0.006512324028763165,0.0035458580588720837,0.014001305732093143,27.648000000000003,27.396499999999996,27.162333333333333,1,22,7,27.667923552240563,27.16024847605352,53.80952380952382,0.34924514243571636,0.34441400545399503,28.242749310034977,26.550250689965015,0.010665708243170743,0.013498075206861884,0.015803713148429162,254785622.0,1.5444621159525462,0,0,-1,0,0,0.002530730296456988,-0.44753800234911034,0.21092010388514215,0.21427530105241965,0.005376344086021501,0.04197622585438321,-0.84753080563641,0.012121212121212116,0.0
2014-07-23,28.87,28.05,0.016097646842847414,0.031559421407467876,0.01574272226059458,0.48917150876972026,0.02881436170613846,27.814,27.508,27.215,2,23,7,27.886482906378642,27.270555025985555,64.70588235294119,0.4233138344626113,0.36019397125571834,28.50820208484293,26.507797915157067,0.012481330327075607,0.014436153687677419,0.016571199839241248,261881622.0,2.7234496321088635,0,0,-1,0,0,0.004634581105169305,0.5092390806776862,0.29293109659109956,0.22916683527541473,0.029967891544773417,0.08370870870870872,-0.22062276845268572,0.027710426047800385,0.0
2014-07-24,28.68,28.87,0.037267067207331354,0.018129451564515172,0.006722119775645471,0.34500194920478316,-0.006602977943424209,27.955000000000002,27.5935,27.273,3,24,7,28.030758741582524,27.36148695979294,60.29723991507429,0.4613640765410949,0.3804279923127937,28.687969830796693,26.499030169203305,0.013074063418993694,0.014487845501671415,0.016416924784213218,251862122.0,1.9854361800162328,0,0,-1,0,0,0.013162452372705195,1.4063163895667954,0.23645677555905503,0.2299874173832903,0.04252998909487449,0.06340378197997776,0.3928849610104743,0.03974895397489542,0.0
2014-07-25,29.24,28.68,-0.015504186535965199,0.006756782462879687,0.01365806557943273,-0.21786780744290604,0.019337619150158088,28.135,27.702500000000004,27.39033333333333,4,25,7,28.250620788567517,27.48268134948372,71.88160676532766,0.5305901741633683,0.41046042868290866,28.99038484284073,26.41461515715928,0.013851264716464914,0.014942324070744322,0.014042682833157929,259920122.0,2.3876358333539938,0,0,-1,0,0,0.004184100418410076,0.6432037916799991,0.24964211263870853,0.23720204100314268,0.05142035239122622,0.08056171470805618,-0.07318386913944859,0.03248974008207932,0.0
2014-07-28,29.21,29.24,0.01925781660441452,-0.010832875062922683,-0.00045227617449515074,-0.2550603996189772,-0.0010265184819280232,28.296000000000003,27.806,27.487333333333332,0,28,7,28.425053372464333,27.594121262420256,79.2540792540793,0.5763873711704086,0.4436458171804087,29.229152911855973,26.38284708814403,0.014054090821502828,0.01498326038786072,0.013644782765752426,253676222.0,1.9730838314050234,0,0,-1,0,0,0.0041039671682626885,0.05315593194871349,0.23390943288826935,0.23785188489122788,0.0560375994215474,0.07627118644067798,-0.07728497040707316,0.022013009243409813,0.0
2014-07-29,28.71,29.21,-0.0017044490235138072,-0.0006809669994163469,-0.0019854753374446395,-0.05729691153587928,-0.017265622266677032,28.377,27.898500000000002,27.574333333333335,1,29,7,28.47686185019809,27.666113439038305,67.52336448598133,0.5658138090400797,0.4680794155523429,29.30312806464837,26.493871935351635,0.015625431391240435,0.015391796367890164,0.014019392176474368,247780022.0,1.155466020399,0,0,-1,0,0,0.0034234851078397076,-0.09433860681370938,0.3030423930233268,0.24433719251990763,0.0235294117647058,0.06887565152643349,0.3323573159052196,0.023685127133402983,0.0
2014-07-30,28.84,28.71,-0.015818761768692426,-0.008895029568867938,0.0,-0.30525930220206005,0.004517818283775678,28.458,27.954,27.648,2,30,7,28.542886968343893,27.741848055874545,68.04597701149427,0.5614520289204172,0.4867539382259578,29.41709549279958,26.490904507200423,0.01562391230948345,0.013814448192994551,0.01364956648776437,252125122.0,1.2111307899728003,0,0,-1,0,0,0.004876349703935931,-0.6119650367755232,0.21577677566052464,0.2192975665094952,-0.0010391409767925852,0.04002884962134878,0.42025396822946987,0.014563106796116564,0.0
2014-07-31,28.28,28.84,-0.0087032751283017,-0.012796301186248712,-0.016523490717514664,0.3801616594514924,-0.019608471388376313,28.535000000000004,27.9945,27.701666666666668,3,31,7,28.495089337735912,27.776567536140703,58.860759493670905,0.5069640014315624,0.4907959508670787,29.445981638659692,26.543018361340305,0.01575821888067132,0.014420914601483259,0.01423726516494267,245770322.0,0.39339112861756176,0,0,-1,0,0,-0.00832177531206652,0.1516331711421722,0.25552155265664583,0.228924922281749,-0.013947001394700065,0.02948671277757553,0.3693661648622753,0.01838755304101837,0.0
2014-08-01,28.43,28.28,-0.01373019281190202,-0.0066352609425078795,-0.013202689547686051,-1.600656477852347,0.005290084634536287,28.597,28.030499999999996,27.746666666666666,4,1,8,28.483254912693017,27.81872446929292,58.77378435517971,0.4704623958328078,0.48672923986022454,29.487974022517584,26.57302597748241,0.015539129117046586,0.014351170630514441,0.014029606426327671,247052492.0,0.5482087417378755,0,0,-1,0,0,-0.0024752475247524853,-1.6240007810914263,0.18882611562397833,0.2278177710659714,-0.027701778385772924,0.025983399494767134,-0.4522875137749788,0.024621878297572963,0.0
2014-08-04,28.43,28.43,0.016174754881373512,0.008026565514766139,0.009651549452221598,-0.21459900476143223,0.0,28.674,28.0935,27.78466666666667,0,4,8,28.473572201294285,27.858161600306282,55.98194130925509,0.43650287696389967,0.47668396728095963,29.502482835799196,26.684517164200802,0.01533405889936067,0.013495774270502747,0.013985912123543985,247052492.0,0.47764953759586803,0,0,-1,0,0,0.008441786844882237,-1.5125633440344253,0.19050629283061632,0.2142387748200865,-0.026703183841150335,0.046374677953625154,-0.5070701879464445,0.023214913823425963,0.0
2014-08-05,28.13,28.43,-0.015466037629880518,-0.00942909028885169,-0.005350467552830914,1.794007863938316,-0.010608303161142911,28.682000000000006,28.165000000000003,27.825,1,5,8,28.411104528331684,27.875699561576848,51.086956521739104,0.38099040061971934,0.4575452539487116,29.412068140626737,26.91793185937327,0.015306979113127504,0.013055825026930333,0.013885021151462822,240831292.0,-0.05613165609765944,0,0,-1,0,0,-0.007034822370735114,0.35354092174866814,0.1694785495580811,0.20725479709218494,-0.02020202020202022,0.05355805243445699,-0.8281966883859796,0.019196587273373592,0.0
2014-08-06,28.12,28.13,-0.012834400771541132,-0.008456710018223398,-0.015135424065100803,-0.2560398705169268,-0.0003555555593012329,28.607000000000006,28.210500000000003,27.874333333333333,2,6,8,28.358176432271378,27.891460880184795,57.45721271393645,0.3323582279783288,0.43250784875463505,29.374494483617745,27.04650551638226,0.01149769066994357,0.01248107916704913,0.013706613323868294,236015392.0,-0.15549901872167762,0,0,-1,0,0,-0.009242801279772414,-0.12211333582759183,0.15703667465538976,0.19813098941832713,-0.02496532593619971,0.033443586916574786,-0.7936193468576319,0.02560455192034148,0.0
2014-08-07,28.06,28.12,0.0146039995345151,0.00809173114083349,0.011911348193348157,0.08181889431928342,-0.002135992268149311,28.545000000000005,28.25,27.910666666666668,3,7,8,28.30396253549476,27.902334371785777,53.24675324675326,0.285682215476065,0.40314272209892105,29.33021440366833,27.16978559633167,0.011410945950017369,0.012509878318310212,0.013579089571636603,230788892.0,-0.3517820154124495,0,0,-1,0,0,0.005689900426742537,0.12194590848078199,0.09125735230147217,0.19858816177156643,-0.007779349363507881,0.028969563623028938,-0.8845793928403912,0.022081254454739786,0.0
2014-08-08,28.28,28.06,-0.010307537501009963,-0.006677303748022969,-0.016252638874456275,-0.1851534591446543,0.00780976635405724,28.449,28.292,27.95133333333333,4,8,8,28.299605710859346,27.926699896186697,57.90816326530614,0.2634069097779843,0.3751955596347337,29.30269231092663,27.281307689073373,0.009361838152876825,0.012546953404236292,0.013625933255189395,235131992.0,-0.023746099322747505,0,0,-1,0,0,-0.0024946543121881783,-0.2440505320627185,0.1041231652574665,0.199176710514747,-0.005276116778051287,0.030612244897959107,-0.23644401071895282,0.031092644978783612,0.0
2014-08-11,28.64,28.28,0.017354783016412866,0.019421483513737767,0.03368149904452606,-0.13164183735641916,0.012649501064072744,28.392000000000003,28.344,28.00133333333333,0,11,8,28.36149558161219,27.972719257723043,57.583547557840625,0.27167090776634595,0.3544906292610562,29.31084837977393,27.377151620226073,0.010653458593026214,0.012762851201547404,0.013776465616839338,238939392.0,0.6122986937604664,0,0,-1,0,0,0.007072135785007047,-0.4636512589722146,0.14379628159922855,0.202603981796498,0.0073865634892720244,0.03768115942028971,-0.07827058780203443,0.01728351955307266,0.0
2014-08-12,28.7,28.64,0.006997929187644637,-0.0019079010210295345,0.0038711996260194876,0.11614160823934618,0.0020927806731305776,28.391,28.383999999999997,28.062666666666665,1,12,8,28.423041839500883,28.01964059593446,47.28434504792329,0.27983591009037667,0.3395596854269203,29.3396348124334,27.428365187566595,0.009247296294518138,0.012588945847444924,0.013582357666657385,243215692.0,0.6613404951109912,0,0,-1,0,0,0.0013966480446927076,-0.21210440339628883,0.0975908192487711,0.19984331988479126,0.02026306434411662,0.028673835125448077,0.691650879532012,0.01149825783972132,0.0
2014-08-13,29.26,28.7,0.004175371410480592,0.019598358068628446,0.010134631562899848,-0.05617536414839863,0.019324272826402842,28.433,28.4455,28.113666666666667,2,13,8,28.57521605050072,28.09966378329353,58.28571428571432,0.3277163431352399,0.3371910169685842,29.461611784151977,27.42938821584802,0.01109187637047781,0.013208619386492806,0.01277827340892377,247258392.0,1.6031700698752638,0,0,-1,0,0,0.0034843205574913386,-0.299797469212939,0.13574529708331162,0.20968033235499908,0.04054054054054057,0.04388155547627548,0.2514292979453391,0.020847573479152406,0.0
2014-08-14,29.75,29.26,0.018235495847459413,0.013191464754362503,0.015867873469707493,0.314738696065555,0.016607736399660546,28.580000000000002,28.557499999999997,28.189666666666664,3,14,8,28.78881313222786,28.206137087597174,57.43440233236154,0.4005831628355132,0.3498694461419701,29.63159447785853,27.483405522141464,0.009257033693802302,0.012630961392022773,0.012875123990226191,252796492.0,2.2204750598430403,0,0,-1,0,0,0.0023923444976075435,0.27357530326324037,0.11074527215860538,0.20051029597770287,0.060228082679971484,0.08142493638676829,-0.4746034802500572,0.018151260504201773,0.0
2014-08-15,29.76,29.75,0.018578477275256914,0.007031671363680526,0.004098366392282185,0.1491053035035205,0.00033607797325239307,28.713,28.655,28.258,4,15,8,28.965392562731886,28.3063863077522,58.06451612903226,0.4539052219985713,0.3706766013132904,29.795369284600795,27.514630715399207,0.009378485880984559,0.012547551820982732,0.01283151275020055,259225092.0,1.9379687175401683,0,0,-1,0,0,0.004369747899159631,0.6038686077622399,0.13723066970680542,0.19918621008609574,0.05233380480905225,0.07011866235167208,-0.29870289961434604,0.02116935483870964,0.0
2014-08-18,30.82,29.76,0.004341299187659243,0.02893986902282498,0.017902859513182767,0.001399014700211746,0.034998619927078596,28.951999999999998,28.813,28.379666666666665,0,18,8,29.30259391496245,28.46855493305851,76.57430730478589,0.57506745955369,0.41155477296137033,30.217880215908245,27.408119784091753,0.013350635518234507,0.01425765540420659,0.0135075793167946,265662692.0,2.857183092584858,0,0,-1,0,0,0.008400537634408602,0.5550253903018689,0.2286695492503146,0.22633326287032038,0.0761173184357542,0.11424439624005789,0.5443004080796584,0.031797534068786514,0.0
2014-08-19,30.75,30.82,0.02890184747821445,0.002266473367824329,0.02185517451876797,-0.27326759370589593,-0.0022738356394428703,29.214,28.948,28.514666666666667,1,19,8,29.56575865769655,28.61574493737732,74.42455242966753,0.6578576176432662,0.46081534189774953,30.549336284087325,27.346663715912676,0.012272684246448414,0.01420896911144947,0.01294603964450908,260764392.0,2.250620332414489,0,0,-1,0,0,0.0022712524334847595,-0.20422946700303138,0.24550778146344462,0.22556039193296223,0.0714285714285714,0.09625668449197855,0.39041085032394,0.012682926829268311,0.0
2014-08-20,31.57,30.75,0.0009707167887309609,0.02507117343277352,0.011398918409788909,0.1706063024968893,0.026317308317373358,29.559000000000005,29.083000000000006,28.66,2,20,8,29.93016617447899,28.806342038191683,89.44844124700236,0.7806378541220766,0.5247798443426149,31.066331593688783,27.099668406311228,0.012937881306084125,0.01398555059782303,0.013303010063003244,266573892.0,2.507901359423663,0,0,-1,0,0,0.005528455284552901,0.27532665404391865,0.2604484776373075,0.2220137329809027,0.07894736842105265,0.09352268791132667,0.06591833210209722,0.026132404181184645,0.0
2014-08-21,31.24,31.57,0.02301891918023178,0.0007882084431093861,0.009668138473055074,-0.23382958607308046,-0.010507977598415093,29.877,29.211000000000002,28.792333333333332,3,21,8,30.16831777911917,28.963352229276094,82.29885057471259,0.8416122518861329,0.5881463258513185,31.40415586121386,27.017844138786145,0.014138964323823784,0.01417359568114212,0.013593955815559776,261975692.0,1.8503016916244115,0,0,-1,0,0,0.0022172949002217386,-0.22904122609622998,0.31712974761354185,0.2249988561352871,0.05008403361344538,0.0892608089260809,0.5349068446937632,0.017605633802816927,0.0
2014-08-22,31.87,31.24,-0.010165271776850835,0.012216283483456526,0.003521694051160225,0.33701888499705474,0.01996580345775997,30.236,29.3425,28.939999999999998,4,22,8,30.47771454655205,29.15087789190344,84.53815261044173,0.9300496033891825,0.6565269813588914,31.8375804227093,26.8474195772907,0.014379566289440364,0.014210306241954433,0.013885527426760119,268416692.0,2.025986799459953,0,0,-1,0,0,0.0025608194622279722,0.9875401137267543,0.3103157416524954,0.22558161822168166,0.07090053763440851,0.08994528043775651,-0.35192560085329333,0.026043300909946603,0.0
2014-08-25,32.14,31.87,0.027398974188114347,0.004039154163220699,0.016796465228850074,-0.4401539538627676,0.008436231880121478,30.586000000000002,29.489000000000004,29.091333333333335,0,25,8,30.779948265360765,29.343724479522578,90.50505050505046,1.0102777323059406,0.7272771315483013,32.278075681635855,26.699924318364154,0.014422303679592857,0.014177717637632491,0.013898727356606891,272564292.0,1.9009882144504098,0,0,-1,0,0,0.010040790712268488,-0.423587745540622,0.24352861370599033,0.22506429016601842,0.0428293316028554,0.10030811365970549,-0.06002801633778971,0.013378967019290594,0.0
2014-08-26,31.92,32.14,-0.0009324009999512452,0.0,0.0009423591085315753,-0.05455222436799321,-0.006868587727758467,30.907999999999998,29.6495,29.22533333333333,1,26,8,30.987230398931533,29.509935803424348,86.82170542635654,1.0440715343654432,0.7906360121117297,32.61376772709424,26.685232272905758,0.015331510084829362,0.013508948289141608,0.014024486177077399,268636892.0,1.5319129100566669,0,0,-1,0,0,0.0006222775357808345,-0.5066482811584219,0.2580257975511402,0.21444790588260101,0.03804878048780491,0.11180773249738762,0.001394879027040316,0.01253132832080196,0.0
2014-08-27,32.23,31.92,-0.005925481239015423,0.0055658770774451765,-0.0006281407241709874,0.08830910360593278,0.00966492324573836,31.205000000000002,29.819,29.365333333333336,2,27,8,31.213188508216707,29.68542381610665,88.53974121996302,1.0833792535360978,0.8491846603966033,32.9701662001631,26.6678337998369,0.015022477618859815,0.013541041336751011,0.014055632459628764,272926892.0,1.5302271266270926,0,0,-1,0,0,0.0015664160401001614,-0.2665600269686499,0.20083896266985263,0.21495736721933284,0.020905923344947563,0.1175450762829402,-0.04071445849757906,0.018616196090598867,0.0
2014-08-28,32.05,32.23,0.00374649205001563,-0.00804957906829154,0.002209307603135524,-0.15896020688078086,-0.005600512460667418,31.435000000000002,30.0075,29.516666666666666,3,28,8,31.365336052177305,29.837977118293317,85.10242085661078,1.0874707229315028,0.8968418729035833,33.22144903834058,26.793550961659417,0.015528857975564163,0.012506580238895098,0.013502556978305606,269267392.0,1.2710220203457707,0,0,-1,0,0,-0.004343779087806189,-0.6061921961525532,0.18037861881331638,0.19853580638394724,0.025928297055057614,0.1333097595473831,0.14258321518373973,0.008411856474258987,0.0
2014-08-29,32.01,32.05,0.00031157501420467425,-0.0009329809415684809,-0.004410912518201957,-0.0606929394936604,-0.0012488293849073737,31.660000000000004,30.186500000000002,29.65666666666667,4,29,8,31.482547679054157,29.978107626790525,83.36633663366337,1.0750925781793939,0.9324920139587455,33.42916475862674,26.94383524137326,0.015618807050048235,0.012620719547844925,0.013507550081635268,265823392.0,1.1246922736300637,0,0,-1,0,0,0.001560062402496233,-0.9396860693953857,0.12338147518430395,0.2003477117417353,0.004392845936617373,0.12592332043615895,0.32861365861207453,0.011871290221805655,0.0
2014-09-02,32.91,32.01,-0.0006232471376564792,0.023979015499502532,0.008465327242131764,0.577604664422997,0.02772820897347692,31.869,30.410500000000003,29.831666666666663,1,2,9,31.742084464680673,30.1672619734492,85.73853989813242,1.12493770604393,0.9709811523757825,33.759476120044646,27.061523879955356,0.014232731400278269,0.013453037998799308,0.014012734008216805,271959792.0,1.4926950270201824,0,0,-1,0,0,0.0021868166198063194,1.1827947615365277,0.23110884075836574,0.21356035753875016,0.023957685127566686,0.1575800211044669,1.3229993475177588,0.027043451838347027,0.0
2014-09-03,32.58,32.91,0.02128067971240954,-0.00456691309814574,0.006845079620714621,0.006513517006249999,-0.010077959781349488,32.052,30.633,29.982666666666667,2,3,9,31.89443274382964,30.322922491291187,79.32862190812722,1.1248455674073803,1.0017540353821022,33.93500003187826,27.33099996812174,0.014966716263576117,0.013416577674886633,0.014217003479521635,265783292.0,1.179285270262398,0,0,-1,0,0,-0.004254026131874612,1.2276256931149667,0.24208063718545356,0.21298156783998737,0.020676691729323293,0.1581940988268753,1.1616194836010465,0.015960712093308876,0.0
2014-09-04,32.62,32.58,-0.0009158907677343692,0.011227549287693529,0.008029691074032482,-0.10675566167685803,0.0012269940189687377,32.157,30.857999999999997,30.107666666666667,3,4,9,32.02635406313334,30.471121040240146,77.54318618042228,1.1151455093028808,1.024432330166258,34.05044898570259,27.66555101429741,0.013088402770077917,0.013372669142028113,0.013477921751369897,271334392.0,1.1038547572043491,0,0,-1,0,0,0.004910988336402815,0.5743834896440128,0.23734330077847499,0.21228454148972326,0.012100527458889232,0.16002844950213357,1.7788659649813028,0.019313304721030124,0.0
2014-09-05,32.83,32.62,-0.0030590418470826217,-0.006508764369072208,-0.005861500662919304,-0.3970518233327759,0.006417134320633509,32.316,31.096500000000002,30.246,4,5,9,32.172471506200004,30.62330677957949,78.37338262476895,1.111589674499605,1.0418637990329274,34.116888786406534,28.07611121359347,0.012166065724462457,0.013182533358678427,0.01332871130461643,275066392.0,1.147865472022498,0,0,-1,0,0,0.0006131207847947005,-1.082873079988345,0.22665925605025725,0.2092662295012569,0.02433697347893915,0.16999287241625094,1.2748001573539964,0.018428266829119612,0.0
2014-09-08,32.86,32.83,0.010969031370573937,0.005301034753672509,0.013827229057828582,0.4356238059927959,0.0009133810956207902,32.415,31.325499999999998,30.366666666666667,0,8,9,32.29747668689091,30.76760956799372,73.28767123287673,1.0985292378360754,1.053196886793557,34.13381453479012,28.517185465209877,0.010971529746358627,0.01327655831465322,0.013040053582801591,280835792.0,1.0928263063059505,0,0,-1,0,0,0.00517819067925683,0.7579896559948334,0.22346126554380014,0.21075882940451549,0.026554201811933797,0.16195190947666194,1.2019466047226548,0.010042604990870308,0.0
2014-09-09,32.91,32.86,-0.008215472953391202,0.010219505833483595,-0.007504438312154403,0.3231916832993171,0.0015204503461264795,32.492000000000004,31.538999999999998,30.490000000000002,1,9,9,32.40884456200165,30.905828305542514,74.77064220183487,1.0797664542639502,1.0585108002876358,34.12839456447332,28.949605435526678,0.010813649230329824,0.013285890308515808,0.013014601730683705,288806392.0,1.058934794109957,0,0,-1,0,0,-0.00395617772367628,2.27953046658059,0.09611917805506603,0.21090697021449623,0.0,0.1490921787709496,-1.3922515837814828,0.027803099361896056,0.0
2014-09-10,33.62,32.91,0.014257787409353821,0.009820046180975513,0.0068939376826920385,0.047937860657162885,0.02134456502522095,32.662,31.785000000000004,30.653666666666663,2,10,9,32.62905464163771,31.080936156797836,74.11764705882354,1.1093994135249474,1.0686885229350982,34.16513268095395,29.40486731904606,0.011797131665196539,0.013613047395475916,0.01275770828897969,297168392.0,1.5419308466992978,0,0,-1,0,0,0.00881191127316944,2.133572478299515,0.13994789602744798,0.2161004279649889,0.031921424186617475,0.17142857142857126,1.9063735212680997,0.03033908387864376,0.0
2014-09-11,33.64,33.62,0.014947961435873148,0.004137121740070616,0.015753127949124486,-0.20297343242531946,0.0005947071242779351,32.803,32.004000000000005,30.81366666666667,3,11,9,32.81286288861267,31.246037049907656,80.45685279187825,1.121568832734848,1.0792645848950482,34.20519967290513,29.802800327094875,0.011767477736938663,0.013429184329787897,0.012786669237057532,303994292.0,1.4864621507423845,0,0,-1,0,0,0.002379535990482017,0.9399764593457205,0.14146679586642952,0.21318169228238631,0.031269160024524956,0.14969241285030765,1.8837291382224493,0.01902497027348375,0.0
2014-09-12,33.87,33.64,-0.0029717703891574817,0.012746491528297755,0.005395696543852055,0.030585629707413225,0.006813831724932937,32.985,32.21,31.0,4,12,9,33.00506963613764,31.41532498217168,78.24858757062151,1.1366694451330872,1.090745556942656,34.2908803804862,30.129119619513805,0.011245994596658941,0.0132353197010454,0.011910488334316183,311032192.0,1.595478544145953,0,0,-1,0,0,-0.0011890606420927215,1.008020992171768,0.14153597314626962,0.21010418670839923,0.03167834297898264,0.138487394957983,1.8363174663806627,0.026424564511366877,0.0
2014-09-15,33.86,33.87,0.011540296738866158,0.004502876371469079,0.011000556896196653,0.2359990823323759,-0.0002952901246910427,33.17,32.415,31.180999999999997,0,15,9,33.16051152047625,31.57304595106383,76.21951219512204,1.1347491905148104,1.0995462836570868,34.275803448428086,30.554196551571913,0.011185451241372808,0.013251759954689555,0.011967102423549068,302120992.0,1.5530925646345564,0,0,-1,0,0,0.0035429583702392842,1.9819194817919052,0.14465424945538843,0.2103651676441988,0.03043213633597075,0.137768817204301,1.7811783273965915,0.02008269344359125,0.0
2014-09-16,34.53,33.86,-0.001472103901944475,0.0028943580263645565,-0.008313587075371498,-0.2834417412057193,0.0195941346969118,33.332,32.6005,31.384333333333334,1,16,9,33.4095094258442,31.763817180027452,84.98659517426282,1.1737603962638516,1.11438910617844,34.53022836921288,30.67077163078711,0.009515444984416246,0.011819958248183805,0.012173555154734159,308832792.0,1.9997633146545157,0,0,-1,0,0,0.002362669816893039,0.6104280802274399,0.1653066764576692,0.18763602019116615,0.049225159525980056,0.12037637897469189,0.3410186241537973,0.030697943816970816,0.0
2014-09-17,34.43,34.53,0.018391994127453005,0.002886004889135073,0.017438006523553012,-0.18763976472750551,-0.0029002340514686525,33.517,32.784499999999994,31.59433333333333,2,17,9,33.5950531665998,31.935828974864393,81.25000000000009,1.1829713364232006,1.1281055522273922,34.67262884261467,30.896371157385317,0.008487710235460853,0.01184311840152932,0.011878884260016197,303269292.0,1.742995459696829,0,0,-1,0,0,0.0011584129742252865,-0.11759496777941356,0.14454609343495597,0.18800367622763628,0.024092801903628835,0.11967479674796744,1.4939602074300484,0.016555329654371197,0.0
2014-09-18,35.23,34.43,0.0020228297607012623,0.01728491001549647,0.01338786003046164,0.14216214491019985,0.022969715002713754,33.778000000000006,32.967499999999994,31.83133333333333,3,18,9,33.89231622721801,32.14835613777637,88.40579710144934,1.2405243939677248,1.1505893205754587,35.05856243456784,30.876437565432145,0.009961816581849596,0.011545032977595836,0.012164466070082924,309682692.0,2.163971732835978,0,0,-1,0,0,0.006099331977926252,0.3887149185512945,0.18632379109647698,0.1832717168205487,0.04726516052318663,0.11593284764016465,0.2812602666753014,0.02029520295202942,0.0
2014-09-19,34.56,35.23,0.024241882964170722,0.005226369690094907,-0.0008676790132224698,0.9770918068756518,-0.019201048417291255,33.951,33.1335,32.047999999999995,4,19,9,34.013713276814734,32.303946064371445,76.72955974842777,1.2180314972408652,1.16407775590854,35.17363699230372,31.093363007696272,0.013098819982549564,0.012304251174254295,0.01299330312138976,292644092.0,1.3984355024994664,0,0,-1,0,0,0.007380073800738153,3.5819357748909035,0.27666106799144763,0.195323932055708,0.02037201062887517,0.10627400768245843,-0.1687346142594674,0.026909722222222213,0.0
2014-09-22,34.15,34.56,-0.022223136784710235,-0.019059032318362118,-0.012813221312376645,-0.9376844526782039,-0.011934357919055918,34.08,33.247499999999995,32.24366666666667,0,22,9,34.038492681030235,32.42304631828297,64.48598130841125,1.1538216038253424,1.1620265254919007,35.24471780168465,31.25028219831534,0.014147347450919851,0.01232913740474991,0.013442222041662365,285972911.0,0.9037572159017843,0,0,-1,0,0,0.004340277777777736,0.08560827202457665,0.29963969670414614,0.19571898871747534,0.008564678086237398,0.0715406338249136,0.2343523329228547,0.020497803806735077,0.0
2014-09-23,33.26,34.15,-0.022728251077556175,-0.0255976745339628,-0.03186215632578308,0.43047113858213015,-0.02640711225201753,34.114999999999995,33.3035,32.397666666666666,1,23,9,33.89694855720656,32.47704333000665,57.024793388429764,1.0193685921314142,1.1334949388198035,35.23157812682878,31.375421873171224,0.017061701601315243,0.01391691513391755,0.014625330437140255,275712755.0,-0.04512265285800285,0,0,-1,0,0,-0.006442166910688107,1.1647896224854224,0.3034834648386312,0.22092417876922202,-0.03677961193165369,0.03484754200373352,1.2129313417782879,0.02675886951292846,0.0
2014-09-24,34.33,33.26,-0.016342660562449682,0.014914737653587543,0.00963572646558744,-0.20924095218734168,0.031664133704819006,34.18599999999999,33.424,32.58533333333333,2,24,9,33.975685183169,32.59658892161913,64.56558773424192,0.9877673027172946,1.1043494115993018,35.288193348905345,31.559806651094654,0.018717188214829275,0.015305663505063792,0.015421367673322918,284035791.0,0.9720021804948517,0,0,-1,0,0,0.003607937462417455,0.46288015016690204,0.41668690470796327,0.24296987571141593,-0.002904443799012557,0.07550125313283207,0.5098923953378581,0.03145936498689209,0.0
2014-09-25,33.64,34.33,0.02280566778311002,-0.007575793808457768,0.006868774205875953,-0.20062160934400453,-0.020303772364853312,34.186,33.4945,32.73133333333333,3,25,9,33.9146515135019,32.66390576538564,56.37795275590554,0.8967091152536071,1.0628213523301628,35.27325740187765,31.715742598122358,0.020019101087729075,0.0161248470042436,0.01592131415464119,277225700.0,0.16359735155160507,0,0,-1,0,0,-0.005243227497815314,-0.08854982346081887,0.37379914410476933,0.25597401061316066,-0.04513198978143618,0.043748060812907275,1.9866675112830683,0.017538644470867903,0.0
2014-09-26,33.91,33.64,-0.010597685290600447,-0.005866839943185194,-0.0023837913552762504,-0.3585179634101574,0.007994121032799882,34.19,33.5875,32.87,4,26,9,33.91380578377428,32.744298941812374,57.966616084977225,0.8366867847307304,1.0175944388102764,35.23814421235684,31.936855787643157,0.02006651189675532,0.016063163051554804,0.015774279163607106,281983986.0,0.39075652716162546,0,0,-1,0,0,0.0044589774078477576,-0.8271056836837051,0.37731030120507847,0.2549948082209725,-0.018807870370370572,0.05803432137285491,0.9532533907749151,0.013860218224712442,0.0
2014-09-29,33.67,33.91,-0.01041211250969774,-0.0029463780890647464,-0.005084503252249658,-0.06107909036198035,-0.007102722964563947,34.171,33.6705,33.00033333333333,0,29,9,33.86947745945168,32.80402159072771,55.60471976401185,0.7609805510193013,0.9662716612520814,35.14466309888116,32.19633690111883,0.02020297052717129,0.01619562946043392,0.015899203834069623,277507634.0,-0.0006783509916572503,0,0,-1,0,0,-0.013860218224712442,-0.9644132333434328,0.37217413188099513,0.2570976472707561,-0.01405563689604672,0.05185879412683558,0.8060648067808619,0.016038016038016013,0.0
2014-09-30,33.77,33.67,0.008041741029468492,0.01144210811061917,-0.0015003753752346762,0.4144647379306279,0.0029656012244932916,34.095,33.713499999999996,33.09866666666667,1,30,9,33.85139064864228,32.8663427784227,51.21555915721237,0.7009716151938861,0.9132116520404424,35.14377822100154,32.28322177899845,0.019001967097916714,0.01505060145029725,0.014753774451898675,284282863.0,0.07900560767882364,0,0,-1,0,0,0.0011880011880011625,-0.1547609969928487,0.30854628301838904,0.23892089111660747,0.015333734215273731,0.026131874810088274,0.6073502587256234,0.029019840094758775,0.0
2014-10-01,32.55,33.77,-0.022196472162329693,-0.03623800133670094,-0.02678188067886801,0.48164668368429103,-0.03679546574289822,33.907,33.712,33.15866666666667,2,1,10,33.614774167070955,32.845933566911555,42.605156037991826,0.5486458493455544,0.8402984915014649,35.14733748094592,32.276662519054085,0.021855593171721737,0.017087078435536647,0.016387585356013232,273315544.0,-1.6191314104529906,0,0,-1,0,0,-0.023689665383476582,1.2142047865780585,0.2845521103807382,0.2712489610385075,-0.051849694145062686,-0.0009208103130755596,-0.6525735078520921,0.019662058371735812,0.0
2014-10-02,32.46,32.55,-0.0021253993123134776,0.005128989973624579,-0.026251507480034166,-0.08845041147271468,-0.002768806568132927,33.629999999999995,33.704,33.18833333333333,3,2,10,33.40481522760351,32.82103462711081,40.24896265560166,0.4158704390729753,0.755412881015767,35.16649102561269,32.24150897438731,0.01949119878247769,0.017096444319085514,0.015729457022793387,263276625.0,-1.7012070203697063,0,0,-1,0,0,0.010752688172043055,0.8112848448376783,0.27397840220303044,0.27139763983057963,-0.03507728894173601,-0.004904966278356682,-1.6428131849069558,0.05083179297597038,0.0
2014-10-03,33.43,32.46,-0.004569695690065186,0.008987478111634395,0.036378953253764876,-0.46232721920162895,0.029445138345561988,33.516999999999996,33.733999999999995,33.26133333333333,4,3,10,33.40939427713014,32.86032271568431,47.37484737484737,0.38448377359932806,0.6812270595324792,35.14470195292898,32.323298047071006,0.022341370176193358,0.01832821032343315,0.016421294155906655,269599299.0,-0.43099110959449866,0,0,-1,0,0,0.008934072704867502,-0.5297297892342007,0.37484358589667865,0.2909513189561449,-0.014155116484812602,0.018275967103259294,-0.100407480993118,0.023332336224947688,0.0
2014-10-06,33.04,33.43,0.022642476749759752,0.007132273919339289,0.0057877984863332595,-0.09337177307194905,-0.011734751779229996,33.406,33.742999999999995,33.300333333333334,0,6,10,33.34223168128829,32.871914798543386,40.58154235145383,0.32440038870004173,0.6098617253659917,35.13235956469074,32.35364043530925,0.022332852902301813,0.018548236375839935,0.01626079045542411,263840261.0,-1.011977054559632,0,0,-1,0,0,0.002093927609931208,-0.7314929811436836,0.3796632944815594,0.2944441242558866,-0.018711018711018768,0.005477784540474762,0.07551428271953077,0.02511803874092016,0.0
2014-10-07,32.23,33.04,-0.022642476749759777,-0.029449243540919563,-0.02210338281876581,0.24031845509246974,-0.024821252825430896,33.303,33.708999999999996,33.303333333333335,1,7,10,33.14000773923587,32.83050094057285,37.23897911832944,0.20901425650031058,0.5296922315928555,35.21276229924454,32.205237700755454,0.02216075890358691,0.0193638956533323,0.01686530903249365,256516757.0,-1.9670662055339667,0,0,-1,0,0,-0.008777239709443073,-0.15904828038609026,0.3995883010468927,0.3073923138727312,-0.045602605863192314,-0.02066241264053481,0.9301209389673812,0.01768538628606889,0.0
2014-10-08,32.11,32.23,0.0051774137276081504,0.005171114184714109,-0.01658620404599884,0.4914324051558635,-0.0037301877259238317,33.081,33.6335,33.309666666666665,2,8,10,32.95273360482935,32.78401700892299,30.352644836272034,0.10665743775123815,0.44508527282453203,35.299004823105335,31.96799517689466,0.018440098912409667,0.018633442477889405,0.016829739610717133,244545347.0,-1.829475338485578,0,0,-1,0,0,0.021408625504188795,1.3664041174612485,0.31936138192317987,0.29579672919313516,-0.01351766513056829,-0.04491374182034502,1.1664730642752312,0.039551541575833064,0.0
2014-10-09,31.32,32.11,-0.01932279103868524,-0.013285680642702092,-0.01943664820338278,0.0429220164893038,-0.02491063697882016,32.849,33.5175,33.27933333333333,3,9,10,32.655872949405826,32.68956429866989,29.900744416873422,-0.037772063408304746,0.3485138055779647,35.47812154484309,31.5568784551569,0.018859138237509735,0.019280140295144545,0.01732913334765695,232048913.0,-2.2416360829859783,0,0,-1,0,0,0.005605730302086569,1.3759053308969045,0.35580656991252996,0.3060627387803276,-0.03512014787430684,-0.06896551724137934,1.4367509006909824,0.04613665389527459,0.0
2014-10-10,30.57,31.32,-0.036264418364331474,-0.0298017218286686,-0.025416812984123183,-0.058170404873188815,-0.024237735219859193,32.515,33.3525,33.23,4,10,10,32.27662332224113,32.55281821488474,28.690476190476176,-0.21032768895030785,0.2367455066723102,35.7045729938543,31.0004270061457,0.01874608784660952,0.019645998526732197,0.017820901661069217,220258663.0,-2.365998000291961,0,0,-1,0,0,-0.0057471264367816004,1.0429348397426634,0.15161573420297444,0.31187055815564835,-0.08555189949147468,-0.09743135518157653,0.9807966142983136,0.04154399738305527,0.0
2014-10-13,28.88,30.57,-0.012278021768409008,-0.02599215793245707,-0.060542116969228364,0.6050837652272925,-0.056869821878117684,32.036,33.1035,33.12566666666667,0,13,10,31.659055445470013,32.315862201021204,26.195652173913018,-0.4779387609396224,0.0938086531499237,36.17403415548462,30.03296584451537,0.023469194552839946,0.022590385197903733,0.020353499676787366,198665933.0,-2.7509871482497137,0,0,-1,0,0,0.006215243702976816,2.882670391471361,0.2928470182773531,0.35861124752884754,-0.12590799031476996,-0.14707619610159484,-0.8195451710695918,0.07756232686980617,0.0
2014-10-14,30.0,28.88,-0.0462413994269145,0.015807431539847205,0.00855377476916172,-0.24680164886114134,0.038048067637529964,31.659000000000002,32.876999999999995,33.028666666666666,1,14,10,31.357409000839098,32.16645173643919,26.594594594594582,-0.5928142303222508,-0.0435159235445112,36.16508438872333,29.588915611276658,0.028668359129717116,0.02415114310265732,0.02100253042935059,215536239.0,-1.7499550862300384,0,0,-1,0,0,0.016966759002770154,1.570154403620159,0.550298308147571,0.3833875111653849,-0.06919019547005889,-0.13119026933101652,0.720727353925314,0.08283666666666664,0.0
2014-10-15,30.02,30.0,-0.009923092545210184,-0.020042655332606678,-0.012770225148096481,0.22231659732688572,0.0006664445431604468,31.406,32.6565,32.943333333333335,2,15,10,31.11424372795926,32.02797097924957,28.904428904428883,-0.6744652193790444,-0.16970578271141784,36.094150819657585,29.218849180342417,0.02747813914128627,0.02419400254628817,0.0209675313605125,236606690.0,-1.5338963369540934,0,0,-1,0,0,-0.030666666666666724,2.0641548966080676,0.5561908612811794,0.3840678837404518,-0.0650887573964497,-0.12808597153645074,0.5920120636443383,0.07428381079280481,0.0
2014-10-16,30.94,30.02,-0.014897209504570057,0.020998994832426607,0.00701757265864654,-0.13731992191767006,0.030186018939604167,31.254,32.442,32.88733333333333,3,16,10,31.082563050148483,31.95777930316895,33.91115926327197,-0.6573602652853161,-0.26723667922619754,35.735889717899184,29.14811028210082,0.030057404922853786,0.024725111638864303,0.021819024305743784,254973619.0,-0.9119916746684306,0,0,-1,0,0,-0.045636242504996705,1.3724704262027008,0.6177079744748829,0.3924989792084616,-0.012132822477650018,-0.12177121771217703,-0.4409450290616975,0.08661926308985131,0.0
2014-10-17,31.05,30.94,0.0891034279618539,0.01774444529907191,0.07345841058492633,-0.4105697661473973,0.003548963234567696,31.016000000000002,32.26649999999999,32.828,4,17,10,31.076642495576028,31.899212896512893,35.60439560439562,-0.6276927341260077,-0.3393278902061596,35.457667250560576,29.075332749439415,0.027790770246354332,0.024623254888106964,0.021789054261923613,267155893.0,-0.76241694933808,0,0,-1,0,0,0.012281835811247543,0.27720781185710397,0.5856916497974554,0.3908820534173195,0.015701668302257055,-0.1015625,-1.1785074534477835,0.03413848631239932,0.0
2014-10-20,32.84,31.05,0.0019138761822841976,0.03850776095733871,0.019305618894153255,0.10932513111358469,0.056048476204739774,30.996,32.201,32.827333333333335,0,20,10,31.39725295092584,31.959908838673353,45.69045412418907,-0.45450372556386043,-0.3623630572776998,35.281238541685035,29.120761458314966,0.03436635686551184,0.028249960196336875,0.024330967387102397,280745524.0,0.4149029312843022,0,0,-1,0,0,0.010628019323671443,0.48657315935945106,0.3832804953755007,0.44845421536188473,0.13711911357340734,-0.03836017569546102,0.1334459642652573,0.05207064555420232,0.0
2014-10-21,34.59,32.84,0.07073344206923945,0.04894845007728034,0.06895038067558304,0.05408538123597666,0.05191733836484987,31.232000000000006,32.2675,32.88333333333333,1,21,10,31.977752414393866,32.12959213940411,59.0106007067138,-0.17403366215404859,-0.32469717825296956,35.49777699643265,29.037223003567348,0.03693049694211548,0.03013907028186508,0.026187951818295925,295090395.0,1.4379571798733373,0,0,-1,0,0,0.025578562728379908,0.5884126613782271,0.4247353932025648,0.4784429082750743,0.15300000000000002,0.039987973541792066,-0.05996037144406436,0.03266840127204401,0.0
2014-10-22,34.2,34.59,0.036441869444614555,0.007168489478612497,0.0156414580363295,-0.11759180962820882,-0.011338978880517894,31.441000000000003,32.260999999999996,32.90266666666667,2,22,10,32.38179742995862,32.26316684008771,57.48709122203098,0.01658001900354833,-0.256441738801666,35.47428099251214,29.04771900748785,0.037265797440927485,0.02943726798297335,0.02602715427268558,282336960.0,1.2068661312337294,0,0,-1,0,0,0.009829430471234354,0.24084970135737413,0.48006384181293865,0.4673021421606687,0.139240506329114,-0.003786775415088761,-0.29315661761661926,0.024853801169590684,0.0
2014-10-23,33.25,34.2,0.0020020026706731903,0.009950330853168092,-0.05229556886334317,0.6100139648889447,-0.02817087696669645,31.634000000000004,32.241499999999995,32.88966666666666,3,23,10,32.53965244269341,32.32683349556593,49.224137931034484,0.0899488003207054,-0.18716363097719171,35.424132310061964,29.058867689938026,0.037576688168270825,0.029764474633868537,0.026548735681301047,258864810.0,0.633752128269174,0,0,-1,0,0,0.02339181286549699,1.9620021322326358,0.6115400095850586,0.4724963867142386,0.07466063348416285,-0.011593341260404344,0.24940360008812723,0.0884210526315791,0.0
2014-10-24,33.87,33.25,-0.04799048399886763,-0.03161182763434754,0.028890560337089997,-0.8689309437153477,0.01847489972781706,31.964,32.2395,32.88966666666666,4,24,10,32.78153381674915,32.42639262488426,53.50803043110734,0.1958650956510084,-0.1105578856515517,35.41776483610457,29.061235163895432,0.03611108563950231,0.030012006442519383,0.02674122783764781,268709022.0,1.02603155122744,0,0,-1,0,0,0.003308270676691712,-0.5084171868524802,0.6029345322661442,0.4764258323578476,0.09082125603864721,-0.0011795930404010502,-0.1261384561528042,0.026276941245940377,0.0
2014-10-27,34.05,33.87,0.01458142186773801,-0.003509801789618592,0.0018029300992497576,-0.10939388051889448,0.005300365765840961,32.481,32.258500000000005,32.896,0,27,10,33.01216403188567,32.531141487794955,58.12499999999999,0.29097484161462717,-0.03025134019831592,35.47705982831123,29.03994017168878,0.027930751950914084,0.02997813557621963,0.026756214024983484,277533150.0,1.1132308209662765,0,0,-1,0,0,-0.0005904930617064075,-0.7741101836613161,0.49073473435196735,0.4758881490243308,0.036845310596832936,0.011286011286011144,0.6382784179034414,0.02084581497797361,0.0
2014-10-28,34.53,34.05,0.010871269105763253,0.012520181017239089,0.009034416124215558,-0.009484293688688738,0.01399847880637979,32.934,32.2965,32.896,1,28,10,33.28813420790645,32.660100101485604,60.46712802768166,0.4004656700292628,0.05589206184719983,35.60683644338741,28.986163556612595,0.026857087059219457,0.030119808184700503,0.02663488738495359,286273983.0,1.3494096676859222,0,0,-1,0,0,0.00499265785609403,-0.8258718979604582,0.30464932181319065,0.47813713196211205,-0.0017346053772767656,0.022505182114302524,-0.739986834648376,0.024225311323486848,0.0
2014-10-29,34.13,34.53,0.009307804254485227,0.00028930999767830213,-0.0033712819769971328,-0.1647233349207412,-0.011651748483285271,33.345,32.3755,32.886,2,29,10,33.44120071555982,32.754932353002665,62.57833482542524,0.44977653935662687,0.13466895734908524,35.78522895974814,28.96577104025187,0.027819413070361135,0.028982829372841627,0.026718400987923607,278860635.0,1.0291140561093746,0,0,-1,0,0,0.0002896032435562702,-1.0263386762782665,0.305364588474815,0.4600881528693424,-0.0020467836257309635,0.048540706605222805,-0.7255742909235481,0.02812774685027837,0.0
2014-10-30,34.13,34.13,-0.005516054050174114,-0.0017371168236211716,0.008001228046839462,-0.09715615049431427,0.0,33.664,32.458999999999996,32.849333333333334,3,30,10,33.566436949094395,32.84364639474443,67.08253358925143,0.48328475276859706,0.2043921164329876,35.95806393497608,28.959936065023907,0.027375295691548066,0.028961627410685555,0.026357503474872777,278860635.0,0.9551125849956358,0,0,-1,0,0,0.006445941986522087,-1.0967758109059824,0.18928009548732486,0.459751582154313,0.02646616541353386,0.051447935921133725,-0.46577281052494324,0.01845883387049503,0.0
2014-10-31,34.48,34.13,0.008407065025875985,0.009517014874390075,0.011883070952474043,-0.04397455824193851,0.010202682876876513,34.007,32.5115,32.84666666666667,4,31,10,33.73253932198632,32.9492175950835,80.83700440528632,0.5319503358945639,0.26990376032530283,36.102214780037066,28.92078521996293,0.027276645628004546,0.028324989861888885,0.026198230583780475,285298207.0,1.096439077224439,0,0,-1,0,0,0.014942865514210313,-1.1536738351934526,0.15892927313312652,0.4496452743779025,0.018010038382048954,0.03140891414896796,-0.8764693111695693,0.01609628770301644,0.0
2014-11-03,35.31,34.48,-0.0026015334805555646,0.013683223751457172,0.005381439792446398,0.11603820696487059,0.02378676414480284,34.254000000000005,32.625,32.88533333333333,0,3,11,34.01935035435245,33.10152613733619,80.20477815699658,0.6302273558833491,0.3419684794369121,36.423545427978816,28.826454572021188,0.022531058723248086,0.028548767470654043,0.026445505669474623,292527850.0,1.4136990334369528,0,0,-1,0,0,0.002030162412993048,-1.036157378638071,0.2168053802751364,0.4531976337885664,0.037004405286343856,0.06870460048426152,-0.3627165300354249,0.024072500708014765,0.0
2014-11-04,36.43,35.31,0.02740679674131763,0.035052267226960296,0.029443315952596097,0.45300639274767246,0.03122640108017741,34.438,32.835,32.991,1,4,11,34.45765028992473,33.316266386540306,82.40647118301314,0.7893876723317419,0.4314523180158781,36.989325583368405,28.680674416631597,0.018295205871417065,0.028391019370320354,0.026476767862435423,303900326.0,1.7307261685951463,0,0,-1,0,0,0.005664117813650403,-0.2910137023280481,0.27856197444352515,0.4506934603289116,0.05502461627570221,0.13031337263419185,-0.10214167174327791,0.029645896239363114,0.0
2014-11-05,36.75,36.43,0.036498383501977406,0.008167755725673576,0.018420839042605438,-0.14809066055352615,0.008745614638373233,34.693,33.067,33.07166666666667,2,5,11,34.87444114630205,33.537797587408676,81.27018299246501,0.9306171205766987,0.5312852785280422,37.55564344763511,28.578356552364887,0.01734528768453957,0.028290975442663735,0.025938562525478354,313707414.0,1.641030321506345,0,0,-1,0,0,0.010979961570134466,-0.5723623012460761,0.2020457487374905,0.4491053122123423,0.07676530911221802,0.14450327000934293,0.35651783833372824,0.01959183673469404,0.0
2014-11-06,37.94,36.75,0.0002714809301323162,0.03411844789169253,0.014823219536548905,0.0015505321304226094,0.03186773884802248,35.162,33.397999999999996,33.215,3,6,11,35.431815483338035,33.821810646285535,83.22082931533268,1.1255904248076263,0.6501463077839591,38.301393454376125,28.494606545623867,0.013896840730441406,0.02778978272626381,0.02612412395562345,323529720.0,1.8525945520225007,0,0,-1,0,0,0.0024489795918368274,-0.5390063482035181,0.18057417060890837,0.44114912449327554,0.11163199531204193,0.2113665389527457,-0.28758344087440657,0.0384818133895623,0.0
2014-11-07,38.24,37.94,0.03126507161405118,0.005143979726085186,0.028208720634508938,-0.023083674753308046,0.007876123676332567,35.599000000000004,33.7815,33.35933333333333,4,7,11,35.942394486367476,34.10685512071873,80.40540540540539,1.289451669720087,0.7780073801711846,38.946390685142454,28.61660931485755,0.013858541228885387,0.026630506297686842,0.026123555276495243,333127888.0,1.7264644197893735,0,0,-1,0,0,0.0018450184501845094,-0.556682680598686,0.1902474739272169,0.4227461817085128,0.10904872389791209,0.2508995747464835,-0.311172757864296,0.015868200836820077,0.0
2014-11-10,39.12,38.24,0.0060328051820433505,0.021234586210223696,0.005810898548677118,0.006624279264564486,0.022751756983416027,36.106,34.2935,33.541000000000004,0,10,11,36.52014094339157,34.43028382260785,78.2771535580524,1.4733378112358864,0.917073466384125,39.442714656522384,29.14428534347762,0.013997478377306553,0.02155302937516968,0.02624732625136095,342789848.0,1.8746548054221783,0,0,-1,0,0,0.0,-0.468721344196144,0.18930653983530518,0.3421437343606129,0.10790144435004234,0.3545706371191135,-0.23221808926686055,0.030930470347648287,0.0
2014-11-11,39.37,39.12,0.03140541241126864,0.02221191772127754,0.03404639238407396,-0.05077963714987504,0.006370259789029511,36.589999999999996,34.762,33.72766666666667,1,11,11,37.03829713550219,34.748975188891215,82.84625158831001,1.620560995486322,1.0577709722045645,39.97110781329431,29.552892186705694,0.014206067405008934,0.020919757575854583,0.026244080917327692,351973426.0,1.7692089183640214,0,0,-1,0,0,0.008691206543967368,-0.5000804829704608,0.1822030137811835,0.332090856200824,0.08070271754048863,0.31233333333333335,0.9450601504389388,0.019685039370078886,0.0
2014-11-12,39.37,39.37,-0.009676673419887396,-0.014080189979370434,-0.010105618460128944,-0.35304067804152744,0.0,37.114,35.2295,33.955,2,12,11,37.46224311086543,35.047105821865976,94.21965317919077,1.717438863540238,1.1897045504716992,40.32369266885007,30.135307331149928,0.012295924706458785,0.020942450916465974,0.02507278535331272,351973426.0,1.6255765217983569,0,0,-1,0,0,-0.007366014732029443,-1.0267788449364346,0.21150830410247626,0.33245110181487414,0.07129251700680261,0.3114590273151232,0.6452677923230935,0.015491490982981868,0.0
2014-11-13,39.46,39.37,0.012207679579929407,0.011831032464930332,0.007684464043884001,0.036840321562231486,0.0022833956388232184,37.647000000000006,35.6555,34.18833333333334,3,13,11,37.82547163616262,35.33180867206818,93.74021909233178,1.780947861433873,1.307953212664134,40.66357968239929,30.64742031760072,0.012015434047157405,0.02070439444640749,0.025024199764875778,358667459.0,1.519344835255228,0,0,-1,0,0,0.004826009652019427,-0.8963650869517839,0.143001186010962,0.3286720725082863,0.04006325777543496,0.27537168713639293,1.572820781131725,0.01976685250886977,0.0
2014-11-14,38.95,39.46,-0.0058309203107933215,-0.013069777210158886,-0.009228468467964093,0.0938370515857031,-0.013008728277711918,38.094,36.0505,34.37233333333334,4,14,11,38.02993133867851,35.56524037064443,86.45833333333339,1.769726160507986,1.4003078022329045,40.76680307940864,31.33419692059136,0.014862580575145863,0.021392911391703958,0.024884560718015886,351314862.0,1.2295647464469404,0,0,-1,0,0,-0.0032944754181450215,-0.6632493186246036,0.20579735077942082,0.3396019401725362,0.018566945606694585,0.25442834138486314,0.4719271407107481,0.015943517329910197,0.0
2014-11-17,39.07,38.95,-0.010222424821353809,0.002000481795520953,0.001801106880824667,-0.15750511641553355,0.003076136750221821,38.47,36.362,34.57333333333334,0,17,11,38.21903473164605,35.79135389511899,85.6918238993711,1.7503390596628208,1.470314053718888,41.007906404113925,31.716093595886083,0.014503080059275327,0.018496058974975783,0.024680526853842616,357595983.0,1.165757449440687,0,0,-1,0,0,-0.0005134788189987966,-0.8456243272993039,0.1183495100357502,0.293615833695421,-0.001278118609406853,0.18970767356881835,-1.7104037932530949,0.01612490401842853,0.0
2014-11-18,39.67,39.07,0.0056352608144476695,0.008815067785043524,0.004104674824132262,-0.08126454688648593,0.015240325459259525,38.794,36.616,34.821333333333335,1,18,11,38.48284659861949,36.041589127691964,92.22560975609758,1.7630660996312812,1.5288644629013666,41.407191039704486,31.824808960295513,0.012613446897235333,0.015386493935199861,0.02405189248598115,363386861.0,1.2748395856861374,0,0,-1,0,0,0.0020476068594829358,-0.8792306382241807,0.15981942953211262,0.24425301901045443,0.007620015240030531,0.14686325527609134,-0.16831793414916946,0.02067053188807664,0.0
2014-11-19,39.27,39.67,0.009153381986487201,-0.002510671667811478,-0.001024590253567669,0.10867396415507767,-0.010134365936320531,39.046,36.8695,35.059999999999995,2,19,11,38.62596539887049,36.24987370009893,86.92528735632187,1.7210366739697491,1.5672989051150432,41.658964204732946,32.08003579526706,0.01392981907627821,0.015314185865251843,0.02417941797655934,356931197.0,1.0024085774053089,0,0,-1,0,0,-0.004033274514746753,-0.6329527983301202,0.18068829942095554,0.24310516398526133,-0.002540005080010066,0.14824561403508763,0.3360840120826766,0.019353195823784006,0.0
2014-11-20,38.87,39.27,-0.013505110343884623,-0.014177452657625983,-0.013156387368147763,-0.09900557424149921,-0.010238123725786584,39.138999999999996,37.1505,35.311666666666675,3,20,11,38.670335326348585,36.418914106544165,81.31241084165475,1.6365858513121978,1.5811562943544741,41.69923250130387,32.601767498696134,0.011519341478478494,0.013620237698643775,0.023667209710011947,351084059.0,0.756034785297712,0,0,-1,0,0,-0.007384772090654602,-1.267113204380612,0.19020454536519799,0.2162145704891888,-0.014951849974657927,0.1690225563909773,1.1197520885883463,0.01826601492153334,0.0
2014-11-21,38.02,38.87,0.007157494768900306,0.0010193680801147801,-0.01940281110245193,0.6207751976842963,-0.02211040780384852,39.117,37.358000000000004,35.56000000000001,4,21,11,38.552092539739746,36.522209970638094,69.27453769559035,1.4839638580470265,1.5617178070929847,41.647898048107315,33.06810195189269,0.013618629197043477,0.014895061868279987,0.023574854486663594,340206221.0,0.30863204326828764,0,0,-1,0,0,0.010033444816053528,1.6232211747841137,0.22682016942957317,0.2364517767983398,-0.023876765083440277,0.12252731030410402,0.46511062656705754,0.039189900052603754,0.0
2014-11-24,38.51,38.02,-0.020067563050809256,-0.01230153903380921,0.010796681573236043,-0.6483656513935171,0.012805610766534196,39.056,37.581,35.881,0,24,11,38.54443935069615,36.650454488661445,66.25,1.3865652723487045,1.5266873001441288,41.60212788576553,33.55987211423447,0.011951211606241558,0.014975430509329188,0.020376782663644386,345894239.0,0.46205941536382383,0,0,-1,0,0,0.012098895318253386,-1.2001520852214747,0.25682431110896686,0.23772758942288622,-0.014333248016380917,0.13098384728340684,0.20241606946122348,0.015580368735393441,0.0
2014-11-25,38.51,38.51,0.0005196154962327853,0.0030896008098948748,0.00026188293982330995,0.5170586697710413,0.0,38.970000000000006,37.78,36.16466666666667,1,25,11,38.53817765056958,36.77042516681232,64.47368421052632,1.2944545254642819,1.4802407452081594,41.551566755271686,34.008433244728316,0.011649093853406449,0.014919755740477518,0.019695944117782232,345894239.0,0.38710702865308894,0,0,-1,0,0,-0.0002596728122565051,0.8807645565934906,0.2067684377862475,0.2368437798667911,-0.029241240231913324,0.11526209093541828,0.47361459972712155,0.018436769670215552,0.0
2014-11-26,39.28,38.51,0.002594035177046749,0.012517726358414014,0.010678575233360535,-0.7735719247759686,0.019797535659447706,38.961,38.0375,36.473333333333336,2,26,11,38.67305444137511,36.93233322056636,61.83745583038873,1.2689608687831608,1.4379847699231598,41.44550219298129,34.629497807018716,0.013609233111749879,0.014677329213730278,0.019745466297776064,350295313.0,0.7291661974624922,0,0,-1,0,0,0.0023370553103090994,-1.6742910327926548,0.2688967421062707,0.232995378060921,0.0002546473134708016,0.15089364195722244,-0.16721375917801187,0.020112016293279,0.0
2014-11-28,41.82,39.28,0.06275584503140376,0.07410797215372183,0.06202565149768196,0.6414136335555468,0.06265921051422244,39.196999999999996,38.422000000000004,36.836,4,28,11,39.245226361125084,37.24766656117499,72.65822784810128,1.4371471962405877,1.4378172551866455,41.70675649982684,35.13724350017317,0.024657990346314024,0.019385678769021662,0.021881500163253697,358653673.0,2.0689509253907445,0,0,-1,0,0,0.046334012219959274,0.25847536197722293,0.5069946486674655,0.3077381101140964,0.07589400565989202,0.22531497216525054,0.8628666314921147,0.03228120516499286,0.0
2014-12-01,40.5,41.82,0.027359517895817143,0.002354604337210835,-0.014964096228867843,0.240391239554307,-0.03207271988799411,39.352,38.723,37.150999999999996,0,1,12,39.47336702273871,37.45749452497015,58.27338129496405,1.4472402197899683,1.43970184810731,41.559507118195825,35.88649288180417,0.026861277961430213,0.02153658099779077,0.023158143582006626,348023957.0,1.25294943813169,0,0,-1,0,0,0.010043041606886698,1.251587832069791,0.5540661948895639,0.34188262446452206,0.06522882693319287,0.17459396751740153,0.4377460974219004,0.050864197530864255,0.0
2014-12-02,40.46,40.5,-0.046024106871940265,-0.026210697506309104,-0.004707056876236585,-0.15894353871020428,-0.0009881423728940802,39.491,38.9805,37.405,1,2,12,39.652754836786215,37.65120455561724,56.70356703567038,1.4354642100945796,1.4388543205047641,41.419649765583074,36.541350234416925,0.02691135521106081,0.02129807094399711,0.021325719701409684,338956336.0,1.2131276405213534,0,0,-1,0,0,-0.003950617283950533,0.44794456428068025,0.5632340135419949,0.3380963947393621,0.05063619839002853,0.14585103370150088,0.7821696443911755,0.028423133959466104,0.0
2014-12-03,41.05,40.46,0.007409270744160631,-0.006296945001589383,-0.006227445707775475,-0.10206616053237313,0.014477004158837745,39.629,39.2115,37.62033333333333,2,3,12,39.90679941191599,37.87048168106129,59.633027522935784,1.4569449522409954,1.4424724468520105,41.50430132037936,36.91869867962064,0.026875547209634195,0.020585872799373534,0.019536799592994546,347144124.0,1.6037150569119534,0,0,-1,0,0,0.004448838358872954,0.10586931360086872,0.5556993117371665,0.32679059969010854,0.06595689431316543,0.12681855613505344,0.4083394822504263,0.02777101096224101,0.0
2014-12-04,41.39,41.05,0.036481881177638,0.026137442837334,0.026872071754199513,0.2816693115507574,0.008248469862203924,39.841,39.4435,37.86,3,4,12,40.17647224611308,38.09754737905734,60.75808249721294,1.484293739367203,1.450836705355049,41.623835802238446,37.263164197761554,0.026449806496649738,0.0205828472692347,0.01926818010925252,357995730.0,1.7855047814209393,0,0,-1,0,0,0.026796589524969584,1.4196136692756645,0.5530746411574604,0.3267425708881196,0.05371690427698583,0.12625850340136058,0.7468021014132195,0.027542884754771697,0.0
2014-12-05,41.12,41.39,-0.009774782798809719,-0.007841313790396098,-0.0029232663935407637,-0.20865518577807834,-0.006544684613731448,40.066,39.602500000000006,38.12233333333333,4,5,12,40.34802274681979,38.292544322343964,62.4284077892325,1.467267361880694,1.4541228366601782,41.784984098934444,37.42001590106557,0.02623168370430092,0.019797825528043916,0.01833005540715135,349187752.0,1.3906172335834084,0,0,-1,0,0,0.008456148828219412,0.42196633450463167,0.28269305147567897,0.31428073708230125,-0.016738402678144526,0.08381655245123887,-1.1471540030920908,0.022616731517509724,0.0
2014-12-08,42.13,41.12,-0.00938748017935435,0.012092619201446787,0.004624567083397196,0.13511458295614717,0.02426545484401563,40.477,39.797000000000004,38.397666666666666,0,8,12,40.672018611034375,38.540122107999196,65.9043659043659,1.517776412432518,1.4668535518146462,42.154546449840225,37.43945355015978,0.024833248696506324,0.0203050636890515,0.01848784026823597,359269962.0,1.9791762746885537,0,0,-1,0,0,0.005593385214007879,1.0509968110568024,0.19594218944637756,0.32233289325934816,0.04024691358024701,0.10172594142259417,0.23700396434438697,0.029670068834559693,0.0
2014-12-09,40.73,42.13,-0.0119208320802244,-0.03501556765545383,-0.046473762165874316,0.129641727503453,-0.033795154330604045,40.699,39.877500000000005,38.620333333333335,1,9,12,40.6825606817554,38.68140455264441,55.08637236084449,1.4283715214126431,1.4591571457342456,42.24762879951958,37.50737120048043,0.02838713708262337,0.021543097943214826,0.01992579120274402,347792168.0,0.7193701879600748,0,0,-1,0,0,-0.030144789935912724,1.6159268089274685,0.3566991130975499,0.3419860777659211,0.006673257538309274,0.04115541922290378,-1.0210638240884162,0.04075619936164981,0.0
2014-12-10,41.48,40.73,0.01914977922337559,0.04696370089185531,0.050835290766404584,0.24763047307801136,0.01824646170100545,40.995999999999995,39.983,38.852000000000004,2,10,12,40.82754964870896,38.86195909763509,60.25998142989783,1.4018762760675756,1.4477009718009115,42.44410886433362,37.52189113566637,0.0285530162654036,0.021830967165700394,0.020000394965351304,362495067.0,1.216524812611513,0,0,-1,0,0,0.022587773140191548,2.4776958061565124,0.3664333912683699,0.3465558600027591,0.010475030450669998,0.053594107188214446,-1.020234292565202,0.038090646094503335,0.0
2014-12-11,41.92,41.48,0.00860631656843906,-0.012183843314098471,0.00914567144888101,-0.4252231887192642,0.010551656651460363,41.260000000000005,40.1105,39.111666666666665,3,11,12,41.02617698530733,39.05925205907799,64.10730804810362,1.4002418100443208,1.4382091394495933,42.69881768163201,37.522182318367996,0.02826107387277413,0.021887189787362475,0.019723734991744287,372105233.0,1.3982054929664258,0,0,-1,0,0,0.012777242044358756,0.4257009299725316,0.3691857511929636,0.34744836645260274,0.01280502536844641,0.06477012954025918,-1.0856760211802037,0.01622137404580152,0.0
2014-12-12,41.41,41.92,0.01018362856449161,0.0004713646092458284,-0.008299801058285457,0.04074121845965161,-0.012240642455310972,41.219,40.208,39.35433333333334,4,12,12,41.09596298797872,39.21091321655683,66.18911174785094,1.3423203131879902,1.4190313741972727,42.83969027132882,37.57630972867118,0.0200604310249119,0.022161624180212898,0.01999712799755551,362095452.0,0.9134813569022857,0,0,-1,0,0,0.01240458015267166,0.5221163434614592,0.3801412825089879,0.3518048773807141,0.007052529182879352,0.049417131272174286,-0.8353322075393863,0.025235450374305596,0.0
2014-12-15,41.58,41.41,-0.018069916300670882,-0.0080435730574466,-0.016440728348502,0.0024886635132579,0.004096884872390982,41.327,40.3395,39.591,0,15,12,41.18396971743714,39.36375752516607,65.12315270935957,1.29520437903345,1.3942659751645081,42.96934870487306,37.70965129512694,0.016906175875471042,0.021856994769117115,0.019990492142124745,372130175.0,0.9434002782756085,0,0,-1,0,0,0.006520164211543182,0.47936939405385093,0.3263566640832977,0.34696903539794105,-0.013054830287206332,0.06752246469833101,-0.8856656046408319,0.033189033189033254,0.0
2014-12-16,39.58,41.58,0.003114147923362225,-0.005955943752851427,-0.029606372135252763,0.07269582548014894,-0.04929534225544718,41.239,40.364999999999995,39.733333333333334,1,16,12,40.89233885972129,39.37770865257472,54.40329218106995,1.0839858621997323,1.332209952571553,42.95256947529334,37.77743052470665,0.023389333432340297,0.02471723750900908,0.02203508362289385,361338800.0,-0.6067469936520282,0,0,-1,0,0,0.005531505531505628,0.7026589099792164,0.4187053538793119,0.3923739812721339,-0.028234716425239337,0.013053493729203947,-1.3503144685922095,0.058562405255179424,0.0
2014-12-17,40.12,39.58,-0.05254031084223489,-0.038485022072121525,-0.020498506580353744,0.1561106024521381,0.013551022919315108,41.146,40.3875,39.85633333333333,2,17,12,40.75191361249924,39.425598416924736,53.52348993288587,0.9492250770770241,1.2556129774726472,42.957389409866416,37.81761059013359,0.023317373092237942,0.024667537315370944,0.021492763621476493,373953437.0,-0.20818016446389434,0,0,-1,0,0,0.0022738756947954376,1.3065500247316422,0.4026534123471124,0.39158501515726435,-0.032786885245901676,0.011343584572724774,-1.4990635894460638,0.03838484546360933,0.0
2014-12-18,40.62,40.12,0.01625238923687443,0.012209735970169586,0.025743743597010187,-0.3767086016798666,0.012385593058503785,41.068999999999996,40.455,39.98533333333333,3,18,12,40.72792931931755,39.502656583574755,43.927125506072876,0.8727119254614948,1.1790327670704168,42.97166864180164,37.938331358198354,0.023559206693579488,0.024656677025530982,0.021534734672519994,382608541.0,0.13112572490423532,0,0,-1,0,0,0.00498504486540386,-0.3617871631617403,0.4077675444171683,0.3914126134007686,-0.031011450381679517,0.034377387318563546,-1.4716305105247414,0.025226489414081628,0.0
2014-12-19,40.26,40.62,0.0049480556173694375,0.003558021107774751,0.006521216990265552,0.7054972023499143,-0.008902135940593154,40.983,40.5245,40.062666666666665,4,19,12,40.642851261259814,39.55151744915057,48.65470852017937,0.7741023402873708,1.0980466817138077,42.931240315730925,38.11775968426908,0.02362479918949142,0.024624069619688334,0.020940055824389143,365083226.0,-0.21979936785965828,0,0,-1,0,0,-0.002461841457410003,2.6398798516618993,0.40529304510180686,0.390894986880217,-0.027771069789905733,0.035760226395677996,-1.6229164177908955,0.022603079980129077,0.0
2014-12-22,41.26,40.26,-0.0074312950359767494,0.01600422132323902,0.005484930230569745,-0.8886650919969028,0.024535087431460306,40.896,40.686499999999995,40.163333333333334,0,22,12,40.75506012284893,39.66174212985054,54.04858299595139,0.7677945189653315,1.0319962491641126,42.801979540011345,38.571020459988645,0.023659265300975812,0.02445100459395366,0.021324063953756276,372289711.0,0.5421938517041159,0,0,-1,0,0,-0.0009935419771485135,-0.9395592018852482,0.45894390713172967,0.38814766476779533,-0.007696007696007756,0.0852183061546552,-1.3811638927258654,0.032719340765874974,0.0
2014-12-23,40.98,41.26,0.028674921416135195,-0.00313215531331853,0.008664492873849816,-0.5370384976546332,-0.0068093648323520484,40.921,40.809999999999995,40.22533333333333,1,23,12,40.79595828233094,39.74679102469889,49.63427377220481,0.7317665162889142,0.971950302589073,42.662531695870975,38.957468304129016,0.02109878512852753,0.02448646070118335,0.021040090131020244,368077689.0,0.18353262227999326,0,0,-1,0,0,0.0031507513330102416,-1.8694456944317122,0.22920015791939885,0.3887105130209245,0.035371399696816574,0.06413918462736956,-0.08677399945332806,0.021229868228404038,0.0
2014-12-24,41.66,40.98,-0.005815378637562264,0.011516442061559301,0.011518323644158168,-0.4575504098213124,0.016457293022072186,40.939,40.967499999999994,40.30166666666666,2,24,12,40.953056776452584,39.87022386181509,51.36226034308776,0.7494452433511114,0.9274492907414806,42.50563112848582,39.42936887151417,0.020937304244641068,0.02464590651224025,0.02119933517212925,370743191.0,0.9004433850600454,0,0,-1,0,0,0.004148365056124981,-2.0019504582322876,0.2354121423871156,0.3912416368028098,0.038384845463609096,0.08179693586081527,-0.2048906397164305,0.021123379740758584,0.0
2014-12-26,41.91,41.66,0.013516981085775039,0.00404476690562036,0.010664182498812347,0.1849288575537377,0.005983026104154238,40.937999999999995,41.099000000000004,40.38633333333334,4,26,12,41.1270464534612,40.00182232234315,53.993933265925165,0.7746984312961231,0.8968991188524091,42.47032897507883,39.72767102492118,0.020743254716734917,0.02437180391760652,0.021207120874726954,373950144.0,1.1827942306161474,0,0,-1,0,0,0.0012001920307250183,-1.7723385596444803,0.2315259362371512,0.38689039300809946,0.03175775480059073,0.06695519348268819,0.21352883780847978,0.014552612741589198,0.0
2014-12-29,41.92,41.91,-0.005047480972201331,-0.0011862609096568281,-0.006530438010600536,0.39810349363674524,0.00023857807580671012,40.989,41.104,40.468333333333334,0,29,12,41.271219825559164,40.12557572090166,48.81889763779528,0.7864529411528025,0.8748098833124879,42.48707666187654,39.720923338123455,0.02028932587518229,0.019669966864635336,0.02121047064531825,378725291.0,1.1799779759031725,0,0,-1,0,0,-0.009782868050584505,-1.2241867087136924,0.20081340814712592,0.312251043724236,0.04123199205166417,0.002391200382592107,0.2800582712880423,0.019799618320610647,0.0
2014-12-30,42.17,41.92,0.010069612776134242,0.009234113205483178,0.015410851584758384,-0.13120719646630452,0.005946027745681789,41.047999999999995,41.18749999999999,40.57566666666666,1,30,12,41.434634402730225,40.25747406148865,59.302325581395365,0.8066429082353466,0.8611764882970596,42.61787536479292,39.75712463520706,0.020325202518764646,0.018205240311744537,0.02102450048353444,382913267.0,1.3737652705480483,0,0,-1,0,0,0.0,-1.2445965500632856,0.1365894690535962,0.28899923053826426,0.022055259331071442,0.0412345679012347,0.22707897643415978,0.013753853450320092,0.0
2014-12-31,42.32,42.17,0.013741035917584328,0.01768849583511457,0.009512556867698469,0.1595438370215929,0.0035507197915754097,41.321999999999996,41.2805,40.684,2,31,12,41.59560996587018,40.390540251070036,55.882352941176485,0.8252345587047571,0.8539881023785991,42.75296267042171,39.8080373295783,0.010461539950219104,0.018191953988806454,0.021024849512506633,387825661.0,1.4119203438988235,0,0,-1,0,0,0.007825468342423482,-0.9735455536206469,0.09730063102957756,0.28878831670026833,0.03269887750122025,0.045971329708353936,1.3936933797362174,0.022145557655954565,0.0
2015-01-02,42.69,42.32,0.004460624839499434,-0.003181924175608277,-0.0011841327612166937,0.33825279000325537,0.008704913219826641,41.57899999999999,41.3625,40.784666666666666,4,2,1,41.7945899720756,40.53889249293648,55.44554455445541,0.8599119537026709,0.8551728726434136,42.95840099943446,39.766599000565535,0.010215424847664321,0.01803246015977836,0.020923936771302776,394715269.0,1.6636370307060697,0,0,-1,0,0,0.008742911153119032,-0.4499058418144834,0.05060195513525974,0.28625643065672157,0.024723955832933298,0.039951278928136436,-0.572421364385587,0.01991098617943299,0.0
2015-01-05,41.64,42.69,0.003274090857408911,-0.003490404939768491,-0.017932339460662184,0.13402357090166583,-0.024903457023102506,41.681,41.375,40.86366666666667,0,5,1,41.766482704425485,40.609931686940584,51.51116951379767,0.7935206027329116,0.8428424186613133,42.97571694463388,39.77428305536612,0.013810546263524733,0.018917761047328115,0.021391251738884197,386837555.0,0.33110163653651087,0,0,-1,0,0,0.003279456547200763,-0.1624548873861066,0.21331096445160705,0.30031014656025,-0.006442376521116566,0.00604010630587104,-1.941321736825098,0.03482228626320835,0.0
2015-01-06,40.46,41.64,-0.021952964699187578,-0.020012439515014278,-0.04389264705506527,0.2945826160996614,-0.028747412007168707,41.701,41.342,40.91666666666666,1,6,1,41.52894039452994,40.6002586748799,43.50348027842229,0.6383305630530955,0.8019400475396697,42.99132649731118,39.69267350268882,0.016677402966040044,0.019943476405132145,0.02200100841695679,376261205.0,-1.0695274725021164,0,0,-1,0,0,0.006243996157540778,0.502308060202083,0.2853285036829233,0.3165928730763846,-0.03482824427480913,-0.01605058365758749,-0.5856806668543637,0.058823529411764594,0.0
2015-01-07,40.8,40.46,-0.02733931009692987,-0.022364765272047372,0.01773937835845269,-0.31838169799177446,0.00836824967051658,41.654999999999994,41.2755,41.00933333333333,2,7,1,41.39640577734268,40.61314521198443,58.76436781609195,0.5365910098788476,0.7488702400075054,42.89808370962265,39.652916290377355,0.01472074180635574,0.019182508654284072,0.021579099392621513,383953650.0,-0.5861022727888575,0,0,-1,0,0,0.007661888284725711,-0.20111349134198497,0.2927063574121642,0.30451288452947967,-0.03248755039127349,-0.031568953239971664,-0.5776541197087708,0.01813725490196066,0.0
2015-01-08,41.88,40.8,0.005625549873145749,0.02331556163556973,0.014017197414386943,-0.05230035965631982,0.026126304592220213,41.745000000000005,41.333,41.12166666666666,3,8,1,41.48433199964401,40.69487777895318,61.73333333333336,0.5369193826354461,0.7064800685330935,42.955695613054864,39.71030438694513,0.016873114831125472,0.018609304280947588,0.021942270191140395,391254117.0,0.674186822962107,0,0,-1,0,0,0.004901960784313796,-0.25146666622054575,0.3755247652901898,0.2954135471959019,-0.010396975425330801,0.028234716425239448,-0.16623333100471752,0.027220630372492848,0.0
2015-01-09,40.79,41.88,0.02123631929802832,-0.0012124239262889733,-0.007599007028852064,-0.025500647565470342,-0.026371432672869063,41.658,41.298500000000004,41.19766666666666,4,9,1,41.35808981789055,40.701014696440076,51.05067985166873,0.4441063483833787,0.6540053245031505,42.937296413288266,39.65970358671174,0.018193659458871456,0.01913664191991913,0.022571796975324337,384137463.0,-0.6205773894509514,0,0,-1,0,0,0.0,-0.21803412740240172,0.394312933342839,0.30378477269399784,-0.04450691028343867,-0.016634522661523543,0.8859049950840175,0.0342976219661682,0.0
2015-01-12,40.25,40.79,-0.034741742497835355,-0.028421695953173304,-0.022872788176535357,-0.002957019300740093,-0.013326949464894678,41.492000000000004,41.214999999999996,41.23,0,12,1,41.15661894191045,40.6719169740891,49.939540507859746,0.3232516195718276,0.587854583516886,42.8902376107966,39.53976238920339,0.01827554227262416,0.019140377481894857,0.022481900039152614,377041822.0,-1.1520753757923563,0,0,-1,0,0,-0.008335376317724841,-0.18966495446108098,0.3733687236411641,0.3038440729019669,-0.033381364073006736,-0.03983778625954204,0.681782813121475,0.02832298136645964,0.0
2015-01-13,40.48,40.25,0.004193912647737739,0.02176288067136617,0.005498312893978042,0.16472127868900716,0.005698021114637575,41.348,41.1685,41.18533333333333,1,13,1,41.03359731610855,40.65953523382529,44.79999999999999,0.24322866543660382,0.5189293999008296,42.87233190423548,39.46466809576452,0.018493462515085306,0.019050773616710356,0.019044107476816664,385408040.0,-0.8081783165211233,0,0,-1,0,0,0.009192546583850868,0.19429043166700166,0.3230239836482048,0.30242165563923684,0.0004943153732079875,-0.02245834339531516,-0.09581426732091206,0.044960474308300406,0.0
2015-01-14,39.44,40.48,-0.02240571697526678,-0.037325957612686436,-0.03334915130947907,0.020603338582291852,-0.0260274952447754,41.075,41.061499999999995,41.15,2,14,1,40.74385234954335,40.58085554132043,40.67796610169491,0.09479781914334495,0.4341030837493327,42.91842756993803,39.20457243006196,0.01941144697396062,0.019784728012171262,0.01874599998093066,376867662.0,-1.746433222545243,0,0,-1,0,0,-0.018774703557312204,0.26811584711302505,0.35772778085219004,0.3140728204635507,-0.033333333333333326,-0.05146705146705144,0.8438136278290918,0.04056795131845828,0.0
2015-01-15,38.9,39.44,-0.012668018408771648,-0.01175160417332349,0.0031015791211659108,-0.13262100771898286,-0.013786279110034083,40.733,41.027499999999996,41.098,3,15,1,40.40860646780819,40.47241324833202,33.00492610837439,-0.06565139455243951,0.3341521880889783,43.018689805644165,39.03631019435583,0.019183480172528116,0.01689061093118443,0.01889533409455269,369388025.0,-2.136913310794832,0,0,-1,0,0,-0.005578093306288004,0.01027676641978072,0.20528878580038645,0.26813013609517866,-0.07115568290353402,-0.017180394138453736,1.0603052309970833,0.025964010282776298,0.0
2015-01-16,39.48,38.9,-0.013864150183106671,-0.004790126391040271,-0.012725791787249276,0.19719448717823587,0.01479996394088013,40.412,40.9955,41.04566666666666,4,16,1,40.2397689282067,40.40838658714931,35.62130177514793,-0.14434349765252108,0.2384530509406784,43.06704633318261,38.92395366681739,0.019876203602754557,0.016949618890871997,0.018904826881985574,378498080.0,-1.463158198032358,0,0,-1,0,0,-0.005655526992287889,0.5769215130036441,0.2599952963375734,0.26906685841541844,-0.03211571463594021,-0.015952143569292088,0.33822634984741795,0.033181357649442814,0.0
2015-01-20,40.79,39.48,0.03953885520639024,0.030978405505986274,0.037449875164865094,0.09935699035607212,0.032642738764186344,40.327,41.004000000000005,41.025666666666666,1,20,1,40.339810941260026,40.43300680733323,44.20512820512818,-0.0998504901366033,0.17079234272522206,43.07044775297744,38.93755224702257,0.02260035280213963,0.01836809862622551,0.019854752495022433,388559776.0,-0.20711871344597504,0,0,-1,0,0,0.019250253292806614,0.8407168148552278,0.3690515463160369,0.29158452613259905,0.013416149068322891,0.004185130477597276,0.055761141796844695,0.026844814905614092,0.0
2015-01-21,41.83,40.79,0.005205117713016872,0.02647480103366079,0.011265609194219086,0.026912687865255944,0.025176832124640013,40.464,41.082499999999996,41.04933333333334,2,21,1,40.61075440648547,40.523135400408506,48.38709677419353,0.019109564072579133,0.1404557869946935,43.149227644826645,39.01577235517335,0.021988122936519545,0.019053222988402802,0.02036252324113036,398895936.0,0.7233657534616267,0,0,-1,0,0,-0.008335376317724841,1.449794838645053,0.4037025688904834,0.3024605382094363,0.033349802371541504,0.03899652260307995,-0.4507975622862931,0.04159693999521862,0.0
2015-01-22,45.35,41.83,0.07154420820690034,0.08657383596317897,0.07595554773702215,0.7024221950319773,0.08079639110703861,40.919,41.287,41.15666666666666,3,22,1,41.47243542348811,40.83454601973699,60.89144500359455,0.3928918337342182,0.19094299634259845,44.10172145017961,38.47227854982039,0.03374734827345232,0.02609526893904734,0.025114802494685735,419760884.0,2.886964178811184,0,0,-1,0,0,0.038728185512789975,3.407494054257964,0.5664008475833291,0.4142495520484056,0.14984787018255585,0.09912748424624351,0.8263069754455783,0.05203969128996691,0.0
2015-01-23,45.78,45.35,0.04500196891208684,0.006543098588935887,0.02865786291780531,-0.5590536991486771,0.009437137963274961,41.309,41.527,41.325,4,23,1,42.25562898285391,41.15360756685074,61.059413027916975,0.7155657847940944,0.29586755403289766,44.97811484656863,38.07588515343137,0.03331396920160513,0.025960012202517896,0.02419817589775841,431690415.0,2.4647107900385667,0,0,-1,0,0,0.002205071664829138,0.9957837311597443,0.4730522918370236,0.412102417920387,0.17686375321336767,0.1171303074670571,1.7280009005085932,0.03058103975535165,0.0
2015-01-26,46.4,45.78,-0.0026437556707300243,0.008873556763989295,0.013584442280495405,-0.34541561138093513,0.013452144707788822,41.87,41.763999999999996,41.489,0,26,1,43.009150985971374,41.49208449802166,67.57754800590841,1.0096771050285298,0.4386294642320241,45.84678748947412,37.681212510525874,0.03089706965733268,0.025902566631568324,0.024115594816918717,440135641.0,2.2709974555139727,0,0,-1,0,0,-0.009829619921363102,0.029027692392316326,0.47651333481647934,0.41119049775245886,0.17527862208713274,0.11377820451272203,1.7128210391911158,0.02586206896551715,0.0
2015-01-27,45.88,46.4,0.005938651567582547,0.0,-0.007548881318621888,-0.08629809221448433,-0.011270166971039521,42.433,41.9625,41.621,1,27,1,43.531123533976576,41.77517582072994,71.04037267080747,1.187118428801618,0.5883272571459429,46.441940167088084,37.48305983291191,0.03070865589186404,0.02617685855906978,0.024238688617888613,432388660.0,1.7491025011487642,0,0,-1,0,0,-0.01724137931034477,-0.23468366130303966,0.5712342090760333,0.41554474711326733,0.12478548663888223,0.09472679551419727,1.4775642400084055,0.03356582388840451,0.0
2015-01-28,45.8,45.88,0.022121917087270692,0.014333329138991473,0.018766418938717954,0.18674090030138987,-0.0017452011410307498,42.964999999999996,42.1565,41.76733333333333,2,28,1,43.94364652779902,42.03484189681188,69.80982567353406,1.3062292274409089,0.7319076512049362,46.953043821500515,37.35995617849949,0.03101022583559046,0.026198993920482465,0.02408366910665198,423051108.0,1.5192188940995413,0,0,-1,0,0,0.016129032258064405,0.16132582402208287,0.5996463033753995,0.41589613508213835,0.09490796079368868,0.09255725190839681,1.8682544067629703,0.029694323144104792,0.0
2015-01-29,46.99,45.8,-0.014475784805914937,0.001990371337099087,-0.004823512969705191,-0.12595159031634504,0.025650721994585228,43.72,42.3975,41.94766666666667,3,29,1,44.49752897729011,42.35452951637241,70.07069913589945,1.4795926254923089,0.8814446460624108,47.658746100146956,37.136253899853045,0.02803850636303201,0.02662656475152606,0.024426996562687913,431283631.0,1.7457841403281735,0,0,-1,0,0,0.003275109170305801,-0.23852136328854195,0.2268759360451136,0.42268361160297774,0.03616317530319746,0.11429926488024655,-0.012346241714563312,0.03562034475420302,0.0
2015-01-30,45.18,46.99,0.00845167020253403,-0.008382892573142004,-0.008830079448272037,0.3763546818592752,-0.03928030207486724,44.348,42.540499999999994,42.13433333333332,4,30,1,44.62161461778281,42.536817934670964,66.31970260223048,1.4541697307976378,0.9959896630094562,47.94635832320104,37.13464167679895,0.03197969734996702,0.028411754711195062,0.023771148552372567,419289143.0,0.9765331764880741,0,0,-1,0,0,-0.013832730368163407,0.8492323781484522,0.39225698052119806,0.45102262366073936,-0.013106159895150737,0.06758034026465021,-0.5790791921102042,0.03718459495351925,0.0
2015-02-02,44.53,45.18,-0.03067725224704712,-0.03834892567744669,-0.05726276257351055,0.10026125855333631,-0.01449139170624615,44.852999999999994,42.63250000000001,42.281333333333336,0,2,2,44.604957414549574,42.66541032598252,65.78171091445428,1.3658279217827456,1.0699573147641142,48.11120854932226,37.15379145067776,0.0333549491433693,0.02866322338403219,0.023957207564782118,406029720.0,0.6926814897772672,0,0,-1,0,0,-0.005312084993359938,1.131231513528398,0.3702902715348918,0.4550145650858424,-0.04030172413793098,0.04310142890606716,0.3481479391603571,0.05456995284078149,0.0
2015-02-03,43.25,44.53,-0.040182457189796884,-0.024281768522122146,-0.0011746741630311009,-0.09504034021743457,-0.02916588595572266,45.099000000000004,42.713,42.36900000000001,1,3,2,44.35860152099511,42.70312578882236,59.47980835044491,1.1789410010812489,1.0917540520275413,48.17760033690488,37.24839966309512,0.034824990278892375,0.028883762371370053,0.02461305568001155,393972446.0,0.1965377033608108,0,0,-1,0,0,-0.030541208174264527,0.6838260076067282,0.39969843364332575,0.45851551297518245,-0.05732345248474291,0.03866474543707965,0.7459830777401704,0.03236994219653176,0.0
2015-02-04,44.64,43.25,0.007844987165202502,0.025391769746092894,0.021626235228609646,-0.3036624715446631,0.0316330846951671,45.379999999999995,42.922000000000004,42.515,2,4,2,44.40976488081418,42.82808541534995,67.37967914438502,1.1299675902629076,1.0993967596746146,48.34335193859437,37.50064806140564,0.03528982396270305,0.028673738170368987,0.025100708749821368,402872040.0,0.6337902499078247,0,0,-1,0,0,0.006011560693641572,-0.2801048445071576,0.5091118902572161,0.4551814821442593,-0.02532751091703045,0.10331191300049425,0.32160915822766123,0.03584229390681007,0.0
2015-02-05,44.47,44.64,0.018219588478809588,-0.013177186760230063,-0.002533687869309896,-0.11282781712158388,-0.0038155135504504335,45.292,43.10549999999999,42.622,3,5,2,44.42071672066614,42.934015388553185,69.08841672378341,1.0651597317555073,1.0925493540907931,48.472602423193365,37.73839757680662,0.022636213926750994,0.028734379684839186,0.024813961721002434,394921993.0,0.5084680307584448,0,0,-1,0,0,-0.007392473118279531,-0.5832720217034685,0.43443232152957756,0.4561441363427461,-0.053628431581187574,0.08995098039215699,1.0401529761450459,0.02518551832696194,0.0
2015-02-06,44.14,44.47,-0.004070561929942309,0.0056047675024299085,0.008295753192771992,0.0736854055983473,-0.007448403694014655,45.128,43.21849999999999,42.72733333333334,4,6,2,44.36967731690866,43.011820847356205,66.24825662482567,0.975920985269596,1.0692236803265538,48.572110783485115,37.86488921651487,0.022335369378827363,0.028380114404145097,0.024822676947374632,386364021.0,0.3442536401199214,0,0,-1,0,0,-0.007645603777827666,-0.41723613667681353,0.3582283040977505,0.4505203493575798,-0.02301903497122615,0.05396370582616994,1.218342276838874,0.022854553692795508,0.0
2015-02-09,43.26,44.14,-0.014378885186817498,-0.023525174481412184,-0.01872821132072956,0.0038546910764510416,-0.020137980303677746,44.814,43.342,42.78066666666667,0,9,2,44.167917804743446,43.02783240559129,58.878504672897186,0.824683551580982,1.0203156545774394,48.57226657265652,38.11173342734348,0.02201770153390783,0.028083328795301815,0.025016511275512354,377772997.0,-0.0313559543709268,0,0,-1,0,0,-0.01449932034435887,-0.43728683603972185,0.3699083368824829,0.44580902387536653,-0.028520098809791228,0.06055405736700159,1.2548464527598726,0.01803051317614427,0.0
2015-02-10,43.78,43.26,0.005044725213699427,0.011379276179304043,0.007198452075306671,-0.37891171668419854,0.011948671569804312,44.604,43.5185,42.842999999999996,1,10,2,44.09738729479009,43.076359347166054,57.28155339805825,0.7382760630604892,0.9639077362740494,48.54365472398567,38.49334527601434,0.022711227650445028,0.02786705667382175,0.02507747156504442,383654464.0,0.10407639739004536,0,0,-1,0,0,0.01063337956541842,-1.265501995892337,0.3185457212888099,0.44237581038165086,0.012254335260115656,0.0877018633540374,0.716796556954262,0.022156235724074894,0.0
2015-02-11,43.5,43.78,0.01678424522771272,0.007215363885114426,-0.000231401134898065,-0.10621125106091912,-0.00641615400007852,44.374,43.6695,42.89566666666667,2,11,2,43.988771423010064,43.1036910021876,40.88669950738917,0.639828303529498,0.8990918497251392,48.48744223381897,38.85155776618103,0.02269746002135269,0.027972326772672498,0.025120517706548467,378365645.0,-0.07036198931992768,0,0,-1,0,0,0.01553220648698035,-1.3410711503481108,0.18133846276182733,0.44404692139395247,-0.025537634408602128,0.07460474308300413,0.48985580457465777,0.0298850574712643,0.0
2015-02-12,43.5,43.5,-0.031995416599833515,-0.02258519646892673,-0.023888723807594547,0.32288837123475855,0.0,44.025,43.8725,42.940000000000005,3,12,2,43.899903891553684,43.129259324627114,38.27160493827161,0.555405377361005,0.8303545552523125,48.26329359809227,39.481706401907736,0.020107982642674306,0.027115364802269285,0.02510784566763128,378365645.0,-0.16967319992533836,0,0,-1,0,0,-0.01011494252873558,-0.7061168183265406,0.18503601467592376,0.4304430718535917,-0.021812457836743793,0.10294117647058831,0.16826694367346948,0.03048275862068967,0.0
2015-02-13,43.3,43.5,0.0011604968228261113,0.0026163005766820175,0.017154691626250444,-0.13288465735538738,-0.00460830308619433,43.837,44.0925,42.97266666666667,4,13,2,43.79083045672574,43.14027485207053,33.33333333333336,0.4669782371735991,0.7576792916365699,47.825977989051516,40.359022010948486,0.01690011741526195,0.026855976466999307,0.025127094276869148,371970119.0,-0.4245371218601115,0,0,-1,0,0,-0.008965517241379324,-0.948652323290195,0.18315699307111055,0.4263254096848993,-0.019030357951971055,0.11311053984575836,-0.0635442899722983,0.016397228637413417,0.0
2015-02-17,42.59,43.3,0.00808598606924046,-0.000687836780529604,-0.008658062743114654,0.3211780318466704,-0.016533151073321865,43.643,44.248000000000005,42.96933333333333,1,17,2,43.57249764641197,43.10477324871115,32.66596417281352,0.3357378482840545,0.6732910029660668,47.38381417279645,41.11218582720356,0.017047223129808747,0.027201523095962795,0.02528088493413788,363152281.0,-1.057460620200868,0,0,-1,0,0,0.0036951501154735265,-0.22977347110158372,0.16423631292268223,0.43181079236458386,-0.015487748497457154,0.07877406281661625,0.3999630720770309,0.024653674571495754,0.0
2015-02-18,43.55,42.59,-0.012037182377648628,0.0018331810816609117,-0.007548986073530931,-0.06423422979965028,0.022290219363389548,43.673,44.385999999999996,43.033,2,18,2,43.56840716524616,43.13349755524592,39.15139826422372,0.3056693060112323,0.5997666635751,47.09492792933127,41.67707207066872,0.016589078022209356,0.026703134719119045,0.025149486958923918,371421520.0,-0.6172183401028118,0,0,-1,0,0,0.008217891523831752,-0.3638632769458875,0.22925910142487785,0.4238991221558616,-0.005253540429419945,0.06766364304976702,1.2611478129849507,0.03329506314580948,0.0
2015-02-19,43.76,43.55,0.045079337419607644,0.029105269345966325,0.034217233155692466,-0.09299652671705363,0.004810454815213937,43.585,44.4825,43.14300000000001,3,19,2,43.60324222611049,43.1739170678107,32.800851970181014,0.2953800571534799,0.538889342290776,46.93325176436161,42.031748235638396,0.012635937800741714,0.0262068335625536,0.024499698190173783,378956423.0,-0.5896149993699638,0,0,-1,0,0,0.031458094144661414,-0.5350110260835764,0.22634746679541914,0.4160205855418662,0.005977011494252782,0.046139134592397824,0.5664832099606637,0.029021937842778702,0.0
2015-02-20,44.78,43.76,-0.028679847584631254,-0.0004448398649866661,-0.00688866099518538,-0.05706866301381015,0.023041453056883116,43.616,44.454,43.275666666666666,4,20,2,43.817198184999484,43.27753532150034,47.67441860465117,0.36532004671331464,0.5041754831752837,46.87535586201648,42.032644137983525,0.014893166038180639,0.018693667830667178,0.02476482813694235,386073359.0,0.2692706223929529,0,0,-1,0,0,-0.002513711151736733,-0.7329464862993944,0.2736341129240214,0.2967527770295619,0.029425287356321883,-0.012568908489525965,-0.2022005472480534,0.034613666815542746,0.0
2015-02-23,44.69,44.78,0.03290066913469345,0.011939562376529657,0.02007366673407691,0.025827507716720724,-0.00201184822524873,43.67100000000001,44.3995,43.36933333333333,0,23,2,43.97588942409048,43.36866207495193,50.99502487562187,0.4087736562349775,0.4850951177872225,46.74300592062304,42.055994079376966,0.014657971010431465,0.018547852437841846,0.024392972212794975,378770216.0,0.24791915176622453,0,0,-1,0,0,0.00736936132201872,-0.5702672350248577,0.2679153539123902,0.2944380294291158,0.03210161662817557,-0.023809523809523836,-0.31100769431037295,0.027073170731707265,0.0
2015-02-24,45.35,44.69,-0.016315033915856675,-0.00285966387466237,-0.005434795985956945,-0.042573527524769644,0.01466041361578545,43.88,44.347,43.52133333333334,1,24,2,44.22572771061948,43.49649032818084,64.15094339622641,0.49080969040453937,0.4862380323106859,46.54429115527458,42.149708844725424,0.013086058350820317,0.018600510528758413,0.02388254886173267,385768964.0,0.9129422813106116,0,0,-1,0,0,-0.006936674871335762,-0.6769798943904581,0.17607541020004372,0.29527395070759976,0.06480394458793137,-0.022629310344827513,-0.45660931726116233,0.029106945975744217,0.0
2015-02-25,44.12,45.35,0.014317917974138328,-0.0019860979716292914,-0.0013633267278641645,0.10518038150497995,-0.027496982175843968,43.914,44.259,43.650333333333336,2,25,2,44.206504490506845,43.536716758620784,46.41873278236913,0.4513700056040051,0.4792644269693498,46.33543317658849,42.18256682341151,0.016177360397808486,0.019385010064527385,0.024354150166265645,377993978.0,-0.13388343199984437,0,0,-1,0,0,-0.007276736493936015,-0.2964260495537447,0.3060139491014895,0.3077274947593417,0.013088404133180243,-0.03836094158674819,-0.9507475510927597,0.029238440616500598,0.0
2015-02-26,44.08,44.12,-0.010270239859557573,-0.014238282806688677,-0.005700619701785864,-0.14210453397392353,-0.0009070295406426149,43.971999999999994,44.173,43.77033333333334,3,26,2,44.18350367405105,43.57176729032267,47.265077138849925,0.41213526673629985,0.4658385949227398,46.11908486859765,42.22691513140235,0.015994717258915974,0.019385984944224974,0.02436194862087132,371248940.0,-0.09557651004914215,0,0,-1,0,0,0.009972801450589411,-0.732246946093692,0.3062766732838703,0.30774297049476984,0.007312614259597838,-0.03755458515283838,-0.6543047346598797,0.020417422867513742,0.0
2015-02-27,43.24,44.08,-0.009017193650188857,-0.010586876672338815,-0.012193870174764494,-0.3417192473943729,-0.01924017207365145,43.946,43.985499999999995,43.897000000000006,4,27,2,44.01195755149631,43.55036294901153,44.109947643979076,0.3096905537574841,0.4346089866896887,45.45241907716228,42.51858092283771,0.01726979152097769,0.01859685133046478,0.024120218709155775,366456269.0,-1.0164159858662971,0,0,-1,0,0,0.001814882032667838,-1.4967347873452543,0.26157648490288504,0.2952158627355028,-0.03439035283608749,-0.07980421366248136,0.03043589847814678,0.02220166512488422,0.0
2015-03-02,44.22,43.24,-0.012074414833321504,0.0026007817000574403,0.005574710166195497,0.28919073912563503,0.022411182658292714,44.038,43.9375,44.07433333333333,0,2,3,44.04978345122425,43.593565339397884,56.20155038759691,0.30407500309023305,0.40850218996979765,45.29887507882966,42.57612492117034,0.01864216076834346,0.017623931933141327,0.024147938988787167,372856145.0,0.4150215534176777,0,0,-1,0,0,0.009019426456984286,-0.6923414566672706,0.33793725278399,0.27977124610933063,-0.01051689415976731,-0.021248339973439556,-0.06371723751872273,0.018848937132519242,0.0
2015-03-03,43.96,44.22,-0.00045850528084326905,0.0032696347973841912,0.0015755913163285925,-0.02171703315840697,-0.005897045893879596,44.175,43.909000000000006,44.22366666666667,1,3,3,44.033459187365295,43.617206285243185,51.20320855614973,0.27546937219036494,0.38189562641391117,45.241712311513055,42.57628768848696,0.017747760962509563,0.017382963349152132,0.02413893860685884,366593757.0,0.07653564773044477,0,0,-1,0,0,-0.01379466304839438,-0.749793177831836,0.3037175703633559,0.2759459884272419,-0.030650496141124584,-0.012800359308331455,0.7316922069169834,0.02070063694267524,0.0
2015-03-04,44.01,43.96,0.004118998958631972,-0.005191299323632868,-0.0006897344795800598,-0.05876670477692366,0.0011367512875793395,44.221,43.947,44.330999999999996,2,4,3,44.029193880571604,43.642547815227495,53.51724137931033,0.25390690499314417,0.35629788212975777,45.24344209483434,42.65055790516566,0.016411619885611718,0.016061544122819082,0.02349744059980514,372498730.0,0.09718906883850516,0,0,-1,0,0,-0.0038671519563239698,-1.0420520788407797,0.23978657571809506,0.25496910852402216,-0.00249320036264733,0.017572254335260107,0.6815132786565419,0.016132697114292226,0.0
2015-03-05,44.1,44.01,0.008640344795128211,0.0020345886977876783,0.005275846622214525,-0.103466488451003,0.002042901629800331,44.255,43.92,44.406666666666666,3,5,3,44.04206772046767,43.672060859406365,54.08719346049047,0.24129919530879107,0.33329814476556446,45.17758331313237,42.66241668686764,0.016366439076034026,0.014303640777035968,0.02310303003788388,377823281.0,0.2862633403613772,0,0,-1,0,0,0.0036355373778687505,-1.3927213392421736,0.24031504581419458,0.22706325803303912,0.00045372050816694376,-0.012096774193548376,0.4837169406276605,0.012925170068027217,0.0
2015-03-06,43.3,44.1,-0.010240162300097326,-0.005321269278677122,-0.010579675497334868,-0.00039729550300381957,-0.018307147444356242,44.10699999999999,43.8615,44.33833333333334,4,6,3,43.90714631674628,43.64805693299306,50.0,0.16485384788875734,0.29960928539020304,45.12020902954096,42.60279097045904,0.015271242890116428,0.014826971658028354,0.017410047579659776,372500845.0,-0.8921839548648942,0,0,-1,0,0,-0.00861678004535153,-1.2506677221295532,0.2357412929588363,0.23537087822007627,0.0013876040703051373,-0.02630987182370137,0.5740525613208509,0.0183602771362587,0.0
2015-03-09,43.4,43.3,-0.009653028299893703,-0.006720225758135655,-0.0032422446188450768,-0.27896851423360314,0.002306806097915092,43.978,43.82449999999999,44.259,0,9,3,43.81493789551968,43.63205325989673,55.52523874488401,0.11105930107375173,0.2618992885269128,45.09221198787651,42.55678801212348,0.015370975865307659,0.014772608106807118,0.017304475122893983,376527607.0,-0.6697104769215807,0,0,-1,0,0,0.0,-2.0031013516035925,0.13879998380829794,0.23450788359857,-0.018543645409317078,-0.016764839148164956,-1.5562244946692787,0.014746543778801857,0.0
2015-03-10,42.94,43.4,-0.0025436480358344313,-0.009877190670833553,-0.012840143725654228,0.34180705035901315,-0.010655648655724194,43.737,43.808499999999995,44.14366666666667,1,10,3,43.65585827815246,43.58740466248404,45.53440702781846,0.030951786605321274,0.2157097881425945,45.11373278826968,42.50326721173031,0.014194322945556089,0.0142731388494412,0.017134909459405,370859985.0,-1.3307970927566795,0,0,-1,0,0,-0.004838709677419375,-0.6509024887126729,0.14724378460210016,0.226579054943496,-0.023202911737943643,-0.0073971336107258034,-0.9582256441591014,0.017699115044247742,0.0
2015-03-11,43.84,42.94,0.0013882464052787195,0.016483889721689415,0.014694141939220784,0.17020423287566155,0.020742850189125247,43.708999999999996,43.8115,44.07566666666666,2,11,3,43.689338591215645,43.60370113587217,50.53191489361706,0.03963163382685764,0.18049415727944715,45.11673278826969,42.50626721173032,0.014145049347471761,0.014808335969783693,0.017568187159904207,377579217.0,0.04367037091947833,0,0,-1,0,0,0.0072193758733116505,0.1830690530346108,0.23651014834690956,0.23507504584044087,-0.0038627584639853163,0.0013704888076748745,0.49067848437325445,0.019388686131386893,0.0
2015-03-12,44.97,43.84,0.015144851195737632,0.022452671976955732,0.014024830409790665,-0.1537602104445017,0.025448958142855912,43.798,43.885,44.048,3,12,3,43.92218612008553,43.69184944968687,51.245085190039305,0.1361228915209196,0.17161990412774164,45.278919124738266,42.49108087526173,0.01640554645671019,0.01577318635108889,0.0182528687861854,383340808.0,1.556761767227679,0,0,-1,0,0,0.0015967153284669976,-0.6417154914734271,0.3041093852009467,0.2503915708083572,0.01972789115646245,0.03379310344827591,0.057193952597893866,0.027573938181009606,0.0
2015-03-13,44.51,44.97,0.027405129265283965,0.013233541162439905,0.010447517240503093,0.046673835997475654,-0.010281717754853086,43.925,43.9355,43.965333333333334,4,13,3,44.029061370979065,43.744633356158694,48.875,0.17347504052315088,0.17199093140682348,45.34379833860642,42.527201661393576,0.015342472274990174,0.015998213500933157,0.0176314918726965,377303927.0,0.8158782613753494,0,0,-1,0,0,0.0035579275072271225,-0.3590514236682787,0.2711188904070976,0.2539637660687108,0.027944572748267893,0.023218390804597755,0.2870511556553666,0.031004268703662158,0.0
2015-03-16,45.5,44.51,0.0035390437292126572,0.00021908204710256702,0.01702550085568263,0.13442723219661906,0.021998442929141774,44.053,44.0455,43.976000000000006,0,16,3,44.29650475807378,43.85788281705169,50.90036014405762,0.27973698016280935,0.19354014115802068,45.58258507451964,42.50841492548035,0.015282852122178203,0.016594732461420736,0.01671704269967144,384209403.0,1.8925432614125774,0,0,-1,0,0,0.01752415187598295,0.35723653958671164,0.2918169303887466,0.2634332109994202,0.048387096774193505,0.05080831408775999,-0.5661200492025058,0.013846153846153746,0.0
2015-03-17,46.21,45.5,0.009449581358487379,0.016509191501748545,0.008625509631273454,0.12202578503147277,0.015483898925270315,44.278,44.2265,44.032,1,17,3,44.64441298387854,44.00963231272578,63.38028169014086,0.4164409274000036,0.23812029840641727,45.88933556170128,42.56366443829872,0.015411342385693015,0.016203619230771682,0.016700879566002597,392011094.0,2.385683883222513,0,0,-1,0,0,0.00483516483516481,1.2530693253330842,0.23016163708955983,0.25722448094283357,0.07615277130880305,0.0849964780464898,-1.8987033992585718,0.021638173555507546,0.0
2015-03-18,45.74,46.21,0.01584062633323776,0.000863666717121518,-0.005077834070002465,-0.23615383096674558,-0.010223036287539894,44.451,44.336,44.114999999999995,2,18,3,44.84361062317335,44.121268937711214,60.0728155339806,0.48130651651860745,0.28675754202885534,46.09680603552239,42.575193964477606,0.016133244733718268,0.015904323191713293,0.01586958980674456,385850417.0,1.5947242020708643,0,0,-1,0,0,0.0051936810214239775,-0.16676098310904458,0.27916600981445217,0.2524733036164225,0.0433394160583942,0.05028702640642946,-0.42175027774606466,0.027765631832094514,0.0
2015-03-19,46.35,45.74,-0.00821448631202198,0.0,0.016463987297844852,-0.04142917379427535,0.01324810341722898,44.676,44.465500000000006,44.172000000000004,3,19,3,45.117499600778196,44.265058038504044,69.41323345817726,0.5753031288876684,0.344466659400618,46.418424662355754,42.51257533764426,0.016376094558292403,0.016080576446234115,0.014984402412805768,391761077.0,1.9299259580518413,0,0,-1,0,0,0.00721469173589852,-0.3480797559483128,0.2426558741779244,0.25527123729178974,0.03068712474983326,0.0591864716636199,-0.3939015744858131,0.011218985976267597,0.0
2015-03-20,46.36,46.35,0.004331823971082565,0.00107584733346311,0.0019575862695178506,0.4033599137011285,0.00021572645968675986,44.982000000000006,44.5445,44.235,4,20,3,45.343408764273065,44.400215584407015,65.19886363636363,0.6431887581923377,0.40421107915896193,46.67109822251294,42.41790177748706,0.014388659885686642,0.015358577856305056,0.014954504451015033,400608422.0,1.707421722430177,0,0,-1,0,0,-0.00172599784250266,2.2568509192430746,0.2069203145945636,0.24380986499644017,0.04156369355201073,0.0352836087539079,-0.6568942696641913,0.01035375323554782,0.0
2015-03-23,45.44,46.36,0.00302115033417603,-0.0019373593402263105,-0.014224990931347438,-0.34622353186044147,-0.020044244058655066,45.186,44.582,44.27833333333333,0,23,3,45.3609708071325,44.467298449929146,59.610389610389575,0.6156554049901004,0.4464999443251897,46.74553122658681,42.41846877341319,0.01670127764023833,0.01609444031485266,0.015376041748174196,394350214.0,0.7931477849326696,0,0,-1,0,0,0.0010785159620361768,-0.020987066559557843,0.24055403867138617,0.2554913193832334,-0.0013186813186814028,0.01678227791452236,-0.26608360778759904,0.022887323943661955,0.0
2015-03-24,44.92,45.44,-0.028189346063281,-0.02112217884018846,-0.013759648955008056,-0.247894518972897,-0.011509644542653378,45.384,44.560500000000005,44.333666666666666,1,24,3,45.28079429674477,44.49650500154662,55.56915544675644,0.5455861920255103,0.46631719386525383,46.700312829983886,42.42068717001612,0.016789307853474173,0.01597724562641928,0.015050447190258158,389466044.0,0.3360106967885647,0,0,-1,0,0,-0.007042253521126767,-1.1536655720887428,0.20241648346670793,0.2536309113797988,-0.027916035490153646,-0.009481808158765204,0.7567409254269767,0.015360641139804045,0.0
2015-03-25,43.72,44.92,-0.006225008985844207,-0.010397173630279833,-0.025117283755994316,0.32378207612280274,-0.027077466561904653,45.372,44.540499999999994,44.33166666666667,2,25,3,44.99701351551845,44.44640790467265,47.95258620689655,0.3887446583122198,0.450802686754647,46.704983407431854,42.376016592568135,0.018338906872895258,0.01594147108545682,0.015750063605032862,382714431.0,-0.7581485699384608,0,0,-1,0,0,-0.0017809439002671036,0.5895299281305149,0.2536381659471276,0.2530630081478739,-0.04416265850459122,-0.00906618313689933,0.4843216579346732,0.030420860018298225,0.0
2015-03-26,43.18,43.72,-0.045628352624411186,-0.03323466268797757,-0.03331700117046267,0.1100361515997947,-0.012428238221676442,45.193,44.49550000000001,44.321,3,26,3,44.666647421787815,44.36470416888732,49.33481152993349,0.218356053171469,0.40431336003801144,46.73636895739259,42.25463104260742,0.016194248829560803,0.016166895059420632,0.01587149027842749,375177481.0,-1.1740981065940483,0,0,-1,0,0,-0.02012808783165589,1.2453558808593603,0.16015698575816123,0.25664150279583475,-0.06839266450916937,-0.02041742286751358,0.2730038305139334,0.02987494210282536,0.0
2015-03-27,44.24,43.18,0.014828816673460622,0.01910371283965524,0.025957262338382442,-0.27559619503442606,0.024251932127418215,45.166000000000004,44.545500000000004,44.345666666666666,4,27,3,44.58907516328094,44.356658738636526,54.20841683366735,0.16693072375154117,0.3568368327807174,46.71180148069431,42.379198519305696,0.018291048139437854,0.01652671521047048,0.01649855668612586,380898926.0,-0.2820475383713332,0,0,-1,0,0,0.006947660954145372,-0.4608558359849433,0.31489670305693207,0.2623534706141603,-0.04572907679033644,0.023126734505087843,1.6885970522307157,0.02303345388788423,0.0
2015-03-30,44.58,44.24,0.026553245069499496,0.010120249284915025,0.02124094932114873,-0.2773747646135537,0.007655970743643447,45.074,44.5635,44.388333333333335,0,30,3,44.5874251335935,44.37106785227288,58.316430020283974,0.15186038618605835,0.3158415434617856,46.72438943675745,42.40261056324255,0.016802425857457694,0.015831078418334775,0.016515114181098033,385234468.0,0.015271489340759517,0,0,-1,0,0,0.009267631103074063,-1.555638796542559,0.31670037338837836,0.2513105788852535,-0.01892605633802813,0.008141112618724522,0.5510494832759809,0.012113055181695809,0.0
2015-03-31,44.3,44.58,-0.0006721183181216059,-0.0038027112148223247,-0.00839673604690893,0.05957656145259527,-0.006300650906632838,44.883,44.5805,44.44533333333334,1,31,3,44.535166018394676,44.3664828295456,52.48917748917745,0.11598635662693368,0.2758705060948152,46.726698352533205,42.434301647466796,0.015653170828272205,0.015839870823566478,0.016246556549843087,380632780.0,-0.2613924287742772,0,0,-1,0,0,0.0008972633467922644,-1.1988608068455426,0.3107666837029812,0.2514501539912686,-0.013802315227070427,0.007734303912647844,0.3444236375589409,0.016704288939051803,0.0
2015-04-01,43.45,44.3,-0.012402910150490807,-0.011949189634540084,-0.015039603837675289,0.4045741685646321,-0.019373825339688733,44.654,44.552499999999995,44.442,2,1,4,44.33786310595928,44.307354905058794,41.51785714285716,0.01875187356349528,0.22444677958855125,46.744167233672364,42.360832766327626,0.016288381196091068,0.01643781292772597,0.01616384123956082,373736395.0,-1.006083389906448,0,0,-1,0,0,-0.005191873589164715,0.6847035195236708,0.27673683104279245,0.26094219062739277,-0.006175663311985269,-0.012724380822540238,0.7969008469876011,0.019907940161104764,0.0
2015-04-02,42.86,43.45,-0.010263518080412731,-0.006142665202525823,-0.012454330799483585,0.22721353925787008,-0.0136718616659702,44.305,44.4905,44.412,3,2,4,44.06916072305759,44.21397716924855,40.92409240924092,-0.10470821286585874,0.15861578109766927,46.802896569520904,42.17810343047909,0.015101666713694973,0.01667937732552105,0.016324819785358855,365080757.0,-1.4102252368743249,0,0,-1,0,0,0.003912543153049358,1.8331279280790418,0.2799941905659458,0.26477690656042996,-0.007410838351088467,-0.028117913832199637,0.7997224582602048,0.026364909006066323,0.0
2015-04-06,41.09,42.86,-0.043337382264398934,-0.04480450723922851,-0.039173864871433435,0.27401719760165233,-0.04217420715011244,43.778,44.38,44.288999999999994,0,6,4,43.52749513704712,44.01243025510348,27.65957446808511,-0.34143952601858985,0.058604719674417466,47.10613086143704,41.65386913856297,0.018094596640923298,0.01860321040793218,0.017299255778336294,353696538.0,-2.4136772350434623,0,0,-1,0,0,-0.025431637890807195,2.800537011512455,0.2862534826647911,0.295316809960782,-0.07120253164556956,-0.051039260969976796,-0.5504770570269931,0.020686298369432986,0.0
2015-04-07,41.34,41.09,-0.012769719360324802,0.00035793116172864065,0.004375310820371347,-0.39141239657436055,0.006065771358303744,43.368,44.277,44.17733333333334,1,7,4,43.12976874849309,43.84001539993552,24.123273113708805,-0.5030787083915911,-0.05373196593878424,47.29867677396359,41.25532322603641,0.018669746324867655,0.01867306628296293,0.017373628847437844,361393423.0,-1.9439537844065806,0,0,-1,0,0,0.003650523241664604,0.5916000957697094,0.27854636793959686,0.2964257375984711,-0.07267833109017485,-0.04746543778801837,-0.6761846177403208,0.016569908079342097,0.0
2015-04-08,42.85,41.34,0.006043775196017256,0.022528522520065,0.002422481804832466,-0.15948628405141918,0.035875090790166576,43.161,44.2725,44.094,2,8,4,43.078901703312525,43.776143438649356,36.172248803827735,-0.5035301622919022,-0.14369160520940782,47.302816120385614,41.24218387961439,0.02356533779657472,0.02045405804372371,0.01853258406649117,367955646.0,-0.9388459444415872,0,0,-1,0,0,0.003628447024673405,-0.12900767458893142,0.4649455015499359,0.32469810531463944,-0.03273137697516926,-0.002095947834187206,0.5797543145606459,0.03593932322053674,0.0
2015-04-09,42.82,42.85,0.03388548341772112,0.00789966933395617,0.020120439234827554,0.08184498584222681,-0.000700361882252066,43.071,44.2215,44.050666666666665,3,9,4,43.03182866634661,43.71445676518811,32.11752786220869,-0.5005387924156111,-0.21506104265064846,47.31611518736821,41.126884812631786,0.022233514697988666,0.01985580448917777,0.017900927116717542,360833747.0,-0.9057668983986938,0,0,-1,0,0,0.0016336056009334955,0.20348026648745143,0.4509526115726435,0.31520112455690563,-0.014499424626006951,-0.023266423357664268,0.022194822052723995,0.024287716020551124,0.0
2015-04-10,42.82,42.82,-0.002799815174746716,0.0018520215096894325,0.012489852476110428,-0.4499584462565527,0.0,43.035000000000004,44.114000000000004,44.00866666666666,4,10,4,42.9933143633745,43.656749877111466,32.04868154158214,-0.4924909807755924,-0.27054703027563726,47.24825488500949,40.97974511499052,0.02192659127993532,0.018837567771699686,0.017901578749621505,360833747.0,-0.8257145940420796,0,0,-1,0,0,-0.00046707146193374885,-1.2985365073344837,0.4402901842270121,0.29903711777545516,-0.0009332711152589823,-0.04780965087836331,-0.4414569823084392,0.013780943484353098,0.0
2015-04-13,42.76,42.82,-0.006563549114003784,0.010110393971297881,-0.004694844304207841,0.12280487773482214,-0.0014021970046923316,42.887,44.026500000000006,43.992666666666665,0,13,4,42.95089357003368,43.598895046330085,35.1111111111111,-0.48535960720263915,-0.31350954566103767,47.21150615549195,40.84149384450806,0.020074311619097875,0.018744647325980583,0.017568201587868478,355699050.0,-0.7952888868463662,0,0,-1,0,0,-0.007006071929005072,-0.9030420515722603,0.25663817413850964,0.297562051428939,0.040642492090532834,-0.0393170074140643,2.0595451326823375,0.02876520112254436,0.0
2015-04-14,42.5,42.76,0.0025836773033716624,-0.0205621198452811,-0.004244288380327148,-0.19237189854907608,-0.006099010226473314,42.679,43.87650000000001,43.93533333333334,1,14,4,42.868912920936644,43.52799859172815,36.15560640732264,-0.4949819258311976,-0.3498040216950697,47.05187415946955,40.701125840530466,0.019712506296178454,0.01787971567750136,0.01705322642126718,351462925.0,-0.8669844439560201,0,0,-1,0,0,-0.003040224508886704,-1.2859143241165567,0.27643049700344857,0.28383168717126805,0.028059990324141193,-0.06593406593406592,2.1278847303968282,0.012235294117647132,0.0
2015-04-15,41.87,42.5,0.022498919577869633,0.018501915385321987,-0.011167990614559581,0.6519447050771636,-0.01493449589931927,42.436,43.6595,43.86566666666667,2,15,4,42.68729238985725,43.42103094064892,38.678090575275384,-0.5471363700463883,-0.3892704913653334,46.75561964273034,40.563380357269665,0.01997717617311241,0.01748083656152699,0.01721560861701699,343332659.0,-1.155963080562301,0,0,-1,0,0,0.025882352941176506,0.8608275553600702,0.09827897325001578,0.2774996775069952,-0.022870478413068884,-0.09391906513741621,-1.5486354337217478,0.04275137329830426,0.0
2015-04-16,42.25,41.87,-0.03477190818115231,-0.021072911308936612,-0.0011954574047737456,-0.1382872482979897,0.009034773772130907,42.315999999999995,43.485,43.807,3,16,4,42.60778468261047,43.34548055738125,44.19475655430711,-0.5514495514680178,-0.42170630338587034,46.47911703881138,40.49088296118862,0.019815686225733754,0.017696528296744517,0.017317915563768115,350412889.0,-0.8249510516731668,0,0,-1,0,0,0.005732027704800621,0.2566474198260319,0.13885362422186326,0.2809236776544206,-0.013311536665109758,-0.07630083078268479,-0.13413511109740453,0.02201183431952662,0.0
2015-04-17,41.79,42.25,-0.006432422417168819,-0.007752887418021439,-0.00023926307088654577,-0.042219140584902975,-0.010947277343358808,42.208999999999996,43.257,43.73,4,17,4,42.459096558499475,43.245126973034075,33.468286099865026,-0.585239655983905,-0.4544129739054773,46.01791594259961,40.49608405740039,0.01966803037869436,0.017285311172078544,0.017394772146867927,343625358.0,-1.0626908102234411,0,0,-1,0,0,-0.009704142011834239,0.07152875686989879,0.14705433160193895,0.27439580817411735,-0.02405418028958428,-0.09838187702265377,0.7863114334152524,0.014596793491265839,0.0
2015-04-20,42.57,41.79,0.009278049189184663,0.004705891037412714,-0.0014367818563628609,-0.19102756256039843,0.018492703380236977,42.357,43.067499999999995,43.705666666666666,0,20,4,42.479260820590476,43.20157039412866,37.19745222929937,-0.5428217645820084,-0.47209473204078356,45.422015259083835,40.712984740916156,0.015080217200563085,0.018054734994677156,0.01748894727714356,349232604.0,-0.42259229204874715,0,0,-1,0,0,0.01052883464943761,-0.5093084601339355,0.2248790016965321,0.286610032698545,-0.004443405051449911,-0.08175150992234681,0.6494369728203108,0.020436927413671705,0.0
2015-04-21,43.03,42.57,0.011302215907522927,0.012596387685685566,0.016873375407217173,-0.2385509620681465,0.010747767010447213,42.525999999999996,42.947,43.693333333333335,1,21,4,42.57939521684675,43.19050133644294,42.092154420921574,-0.46670721417217464,-0.47101722846706184,45.020137464656884,40.87386253534312,0.01523813175604208,0.017948504882421366,0.01760307032345957,353649816.0,0.08007187310537137,0,0,-1,0,0,0.003288700963119581,-1.1001083448530458,0.2317941418474742,0.28492368194589324,0.012470588235294233,-0.05303697183098588,-0.3598409237086512,0.016265396235184745,0.0
2015-04-22,42.85,43.03,0.007232038986208834,0.0002317765684265922,0.004229956659792553,0.25974090030434377,-0.00419190180671943,42.525999999999996,42.8435,43.690333333333335,2,22,4,42.628596086510974,43.168533508285336,45.92391304347825,-0.4161136807835959,-0.4600365189303687,44.69694373645549,40.99005626354451,0.010234383817898788,0.017832584247173093,0.017510292084342637,347922485.0,0.007013970666768843,0,0,-1,0,0,-0.0002323960027887058,-0.4042855531685768,0.1900509806085491,0.28308349890976786,0.023405779794602344,-0.04608192341941231,-0.35090931891586025,0.012368728121353586,0.0
2015-04-23,43.26,42.85,0.0076415793869668595,0.02381610161321153,0.013053798416190246,0.4569362880376711,0.00952277548112391,42.57000000000001,42.8205,43.671,3,23,4,42.743396798054434,43.174434572266925,52.78551532033425,-0.3390262836183737,-0.43583447186796975,44.63923842915351,41.0017615708465,0.010657472127053917,0.017035710263330714,0.01716191727463862,356967248.0,0.4833020438288656,0,0,-1,0,0,0.011668611435239206,1.327750355377187,0.19079693271116746,0.27043351658474246,0.023905325443786873,-0.01052150045745659,-0.3801928430421346,0.0233472029588534,0.0
2015-04-24,43.49,43.26,-0.0011540682181067506,-0.011837151645178944,-0.008372141925124529,-0.3539097019025969,0.0053026060846343955,42.63699999999999,42.836,43.62166666666666,4,24,4,42.879142834771805,43.19479363212067,71.2765957446808,-0.25641904898899526,-0.3999513872921749,44.672832513923375,40.99916748607662,0.010730316143232894,0.0168398036654627,0.0164830272058869,363316114.0,0.7120954088547718,0,0,-1,0,0,0.0009246417013407108,-0.08224052307382884,0.13274243675151196,0.26732359575580944,0.04067958841828201,0.00717924965261707,-0.44014516464777026,0.019544722924810333,0.0
2015-04-27,42.29,43.49,0.003228040617235901,-0.004360305244461042,-0.01340092935835388,-0.19706239444488943,-0.02798037512514989,42.589999999999996,42.7385,43.547666666666665,0,27,4,42.772025955722384,43.13641984940321,57.2078907435508,-0.28450262243904234,-0.3768616343215484,44.46525875253877,41.01174124746123,0.01418585235029232,0.01695532437374625,0.017111735121695434,358102810.0,-0.5194703653195257,0,0,-1,0,0,-0.0011496895838124686,-0.6747817531194308,0.2520030746760824,0.2691574301481873,-0.006577401926239124,-0.044077757685352714,-1.573070618943299,0.029084890044927807,0.0
2015-04-28,41.89,42.29,-0.030383267249636973,-0.023974149495652197,-0.02177379954956062,0.12598465072827256,-0.009503516525453674,42.528999999999996,42.604,43.42733333333333,1,28,4,42.611657600136496,43.05600566557075,41.24087591240877,-0.33517205893193847,-0.3685237192436264,44.13474319754742,41.073256802452576,0.014359077162139914,0.016866950519736548,0.016561008069295835,352189543.0,-0.9328801867536989,0,0,-1,0,0,-0.003546937810357025,-0.35482667612330354,0.23130975640345125,0.2677545387075273,-0.026493144317917716,-0.060340960071781025,-0.9080624721709082,0.026497970876104067,0.0
2015-04-29,40.95,41.89,-0.011696039763191298,-0.01519136738888265,-0.030454219941098728,0.27886338376277214,-0.022695324659864975,42.437,42.4365,43.252,2,29,4,42.30953803647531,42.92013433230812,35.36776212832554,-0.44603646576902634,-0.3840262685487064,43.91819568577992,40.954804314220084,0.015322699659217924,0.017412021675307067,0.016574056316612348,344374411.0,-2.0064848865609752,0,0,-1,0,0,-0.005729291000238768,0.6217095489005575,0.2603898575376083,0.27640727505437246,-0.04434072345390894,-0.07562076749435653,0.021440573701476912,0.041758241758241776,0.0
2015-04-30,40.56,40.95,-0.026519009329923928,-0.00792416200714716,0.0069582785721678565,-0.18555266682099936,-0.009569451016150672,42.267999999999994,42.292,43.07933333333334,3,30,4,41.99144021166161,42.767867601191476,33.33333333333337,-0.5589241182394602,-0.4190058384868572,43.91452045644258,40.66947954355742,0.014937661334047536,0.01709311310044016,0.01656601464604908,337882810.0,-2.1349499701192753,0,0,-1,0,0,-0.009523809523809537,-0.11528782420626218,0.20419563919144051,0.2713447583739893,-0.06241331484049917,-0.06651323360184125,0.3457334968206828,0.0271203155818539,0.0
2015-05-01,42.6,40.56,0.0066347460485565125,0.028882144902852038,0.011082492446792918,0.17770029657219943,0.04907189399239694,42.349000000000004,42.279,42.95433333333333,4,1,5,42.10208744590496,42.75703743337267,49.0867579908676,-0.4782643118474752,-0.43085753315898084,43.88645500059662,40.67154499940339,0.022437959112494556,0.020664868962931297,0.01907386904274721,345636815.0,0.3993890962805892,0,0,-1,0,0,0.006656804733727712,0.6390621857565407,0.4959768504638471,0.3280446249099207,-0.020464474591860182,-0.006066262249183385,1.876185709734919,0.043791079812206674,0.0
2015-05-04,41.83,42.6,0.04173267450857672,0.000573666387760874,0.02228234596538014,-0.3364467791334558,-0.018240467821217732,42.275,42.316,42.803333333333335,0,4,5,42.05261700119496,42.697228566703465,46.38619201725997,-0.4710435027158866,-0.43889472707036203,43.84012736033509,40.791872639664916,0.022440423662435094,0.018796338439148408,0.019270971109954006,340098099.0,-0.6377419796376526,0,0,-1,0,0,-0.0007042253521127028,-0.614539354672223,0.4711251864599727,0.29838262241154395,-0.010877275951761689,0.01800924799221204,2.0370821979103613,0.023189098732966745,0.0
2015-05-05,40.53,41.83,-0.034655158693151396,-0.028732832586992066,-0.030644421252794686,0.12647743823643365,-0.03157134481388984,42.025,42.2755,42.63966666666667,1,5,5,41.77577754643224,42.557407368851635,43.25955734406441,-0.563721860202925,-0.46386015369687467,43.94494648879294,40.606053511207065,0.023752816256102836,0.020067264929376143,0.01970883917894923,333812632.0,-2.0911122479427915,0,0,-1,0,0,-0.016973464021037554,-0.0016151836324380358,0.5160127031774921,0.3185579549782645,-0.032465982334686116,-0.019593613933236664,1.9225312176326492,0.02516654330125823,0.0
2015-05-06,40.88,40.53,-0.018655425661501395,-0.007132094299756424,-0.01920019086709802,0.06669532112708693,0.00859850525523177,41.828,42.17700000000001,42.504999999999995,2,6,5,41.61290890162637,42.44918753860315,43.087790110999,-0.6019887002830515,-0.49148586301411007,43.93390038060334,40.42009961939667,0.02418672464448669,0.018221028127326497,0.01977473409521675,340531606.0,-1.4764639069115597,0,0,-1,0,0,-0.004194423883543096,0.32637250060314915,0.5012109893098086,0.28924985434091316,-0.0017094017094017033,-0.045974329054842444,1.1978087509326887,0.036570450097847464,0.0
2015-05-07,42.1,40.88,0.01841220542437881,0.023025360666841074,0.0343965617328153,-0.034333391858223206,0.029406794792886777,41.712,42.141000000000005,42.451,3,7,5,41.70147091951248,42.42665931030618,51.45267104029992,-0.5277876353853372,-0.4987462174883555,43.871736381153525,40.410263618846486,0.026252612515778335,0.019581995120973132,0.020123765038987083,347023810.0,-0.04737867701455248,0,0,-1,0,0,0.00562622309197644,0.17775645501742018,0.530875109230295,0.3108545355874505,0.03796844181459558,-0.01681457262961228,0.10803996988613872,0.0252969121140142,0.0
2015-05-08,43.23,42.1,0.036306829867331934,0.029783223279369157,0.03513325855554642,0.13269263154125668,0.026486957991204485,41.686,42.161500000000004,42.45266666666667,4,8,5,41.97938529778293,42.47848774189933,52.99455535390199,-0.3734957738798954,-0.47369612876666356,43.93527711766547,40.387722882334536,0.02779343804874727,0.020527062618265462,0.02063141838114452,354437251.0,1.204773688146663,0,0,-1,0,0,0.012589073634204303,0.8103124516972025,0.4293406523248917,0.32585701700748476,0.014788732394366066,0.009574964969640165,-0.377251586373522,0.020124913254684355,0.0
2015-05-11,43.02,43.23,0.007478417653145471,-0.00368919025751192,0.0032591266729285876,-0.37761008690869885,-0.004869574839956276,41.759,42.1745,42.412000000000006,0,11,5,42.16858797091331,42.5134240166155,49.953574744661104,-0.26510761145961226,-0.4319784253052533,43.970419058074064,40.37858094192594,0.02619254112455214,0.0205599891373069,0.020129300831836405,349355354.0,0.9415791833143231,0,0,-1,0,0,-0.00647698357622008,-1.0632318908280989,0.3970533728541135,0.32637970929302085,0.028448481950753113,0.006080449017773715,-0.7643439254191843,0.013272896327289584,0.0
2015-05-12,42.25,43.02,-0.007243868572675347,-0.01512888159630009,-0.016974167854893626,-0.1377429256515744,-0.018060770036401233,41.795,42.162,42.33433333333333,1,12,5,42.183390158019975,42.49642891876935,47.35915492957746,-0.2385914430510212,-0.3933010288544069,43.951849743765905,40.37215025623409,0.026733846090365422,0.020925720204905657,0.02030139609126854,344927382.0,0.09833227655730004,0,0,-1,0,0,-0.008833100883310147,-1.6185573278814018,0.32409520652009793,0.3321855100025996,0.042437700468788586,-0.00588235294117645,-0.242436053517809,0.015147928994082854,0.0
2015-05-13,41.27,42.25,-0.0011732959224669303,0.0072438685726753434,-0.02020270731751958,0.6773715363719846,-0.023468510038692318,41.827,42.132,42.233333333333334,2,13,5,42.01731922019816,42.417304472397134,41.659681475272436,-0.29327431460495745,-0.373295686004517,43.96211762635944,40.30188237364055,0.026808960480644548,0.021316074317412788,0.020667745395931324,336210050.0,-0.9420159530562253,0,0,-1,0,0,0.00804733727810659,1.7809702418137923,0.39447469048834194,0.33838218943227083,0.009540117416829696,-0.01433006926200131,0.31588237036058464,0.04337291010419206,0.0
2015-05-14,42.12,41.27,-0.02496266548715603,-0.01643229462708158,0.005582058918183943,-0.5255564137254104,0.02038684350128419,41.983000000000004,42.1255,42.18899999999999,3,14,5,42.0359884528894,42.398123538694094,44.54183266932268,-0.264968595000731,-0.35163026780375983,43.954776244568635,40.29622375543137,0.027172438134315864,0.02174009732211723,0.02081291001274997,341363966.0,-0.006013307193306854,0,0,-1,0,0,0.006542282529682481,-0.9192138123737664,0.357279447747118,0.34511334595598075,0.00047505938242276,-0.003076923076923088,0.290186398890267,0.020408357075023753,0.0
2015-05-15,41.89,42.12,0.01883923608486602,0.005429023130500365,0.009809091402113543,-0.090700740432923,-0.005475552306831204,41.912,42.1305,42.156666666666666,4,15,5,42.0094450978186,42.36534137490738,48.27288428324699,-0.25811974237632285,-0.33292816271827247,43.956458724383886,40.30454127561611,0.021839652124717793,0.02162973544308027,0.020693833883076017,336656941.0,-0.26342326010807987,0,0,-1,0,0,0.0049857549857550065,-1.1432588898280762,0.2687049187297589,0.34336140543905924,-0.03099699282905377,0.0023929169657812555,1.0831003180755256,0.01627118644067787,0.0
2015-05-18,42.14,41.89,-0.009494493350160988,-0.005192364745772751,-0.0028366638410347975,-0.12674323644765811,0.005950273417099527,41.943,42.108999999999995,42.19166666666667,0,18,5,42.03318235276067,42.35080322168755,51.0936132983377,-0.22986927673182578,-0.3123163855209832,43.9232581490997,40.29474185090029,0.021119443633919432,0.021246530778178365,0.019232800032774448,340803641.0,0.03417374756220785,0,0,-1,0,0,0.0009548818333730997,-1.4272272871829537,0.28264785372588636,0.33727821997163754,-0.020455602045560295,-0.010101010101010055,0.45045303264614395,0.013763644992880833,0.0
2015-05-19,40.91,42.14,0.008785524869560996,0.0033073500500014714,-0.0201145761390995,0.8310419897981853,-0.029622876434735917,41.981,42.003,42.17733333333333,1,19,5,41.828967379531456,42.257848175127066,49.829351535836146,-0.30323578624987846,-0.31050026566676225,43.83829260538046,40.16770739461954,0.02080726807761503,0.022014997520922723,0.019976250101838212,331284022.0,-1.19109072503828,0,0,-1,0,0,0.0037968675842429186,2.0095044767908763,0.32571067267966364,0.34947725132439006,-0.03171597633136103,-0.049267952591215525,0.2058791462401579,0.03788804693229033,0.0
2015-05-20,37.19,40.91,-0.044720442547731484,-0.046587403350137876,-0.09494305014224377,1.1590315899572958,-0.09533462400432845,41.612,41.72,41.98866666666667,2,20,5,40.98551876507119,41.93089022834467,38.803986710963436,-0.6540131280517727,-0.3792028381437644,44.50511834766894,38.93488165233106,0.03547102742690752,0.02963392829061448,0.02486188139129876,300946466.0,-3.2530035959092873,0,0,-1,0,0,-0.011244194573453771,4.083934072698666,0.6941925185151864,0.47042402776132397,-0.09886115822631458,-0.13208868144690789,-1.368577552256097,0.08927130949179889,0.0
2015-05-21,37.23,37.19,-0.07679294648855829,-0.06825185626223229,-0.0026954194216723226,-0.7050141122356048,0.0010749799476467913,41.125,41.4185,41.80233333333334,3,21,5,40.302697171421876,41.6276069878063,29.42528735632179,-0.9181946564942649,-0.4870012018138645,44.75302924161026,38.083970758389746,0.03307157918968381,0.029449850569819188,0.02487311819997713,315936301.0,-2.5121986922372095,0,0,-1,0,0,0.00726001613336927,1.2160616409765819,0.6338317063696818,0.4675018845345324,-0.11609686609686609,-0.13938973647711517,-1.6791759042628618,0.020145044319097503,0.0
2015-05-22,36.86,37.23,-0.0037443210367994113,-0.007168489478612404,-0.01194692460995099,-0.2880771959897419,-0.0099879356429482,40.488,41.087,41.60366666666666,4,22,5,39.67675223116335,41.3200194402059,30.35573122529641,-1.1442263992170822,-0.6184462412945081,44.84568454032528,37.32831545967473,0.030231737904998602,0.029309740195856505,0.024879416160484776,304698366.0,-2.249191149004592,0,0,-1,0,0,0.002417405318291792,0.5225285941088661,0.6264651797342398,0.4652777013008993,-0.12007639054666985,-0.15244883881352045,-1.6491130017918814,0.02495930548019538,0.0
2015-05-26,36.0,36.86,-0.0034894680421644958,-0.009100705209950868,-0.02966260440563954,0.37682604115471285,-0.02360801378556724,39.785999999999994,40.7725,41.37833333333333,1,26,5,39.00825182549728,40.976792379547454,31.44963144963141,-1.3768811674561263,-0.7701332265268317,45.11467444920912,36.43032555079088,0.030081167159446903,0.029173613717508214,0.025101022675745988,288317382.0,-2.1982073985393464,0,0,-1,0,0,0.00895279435702654,1.2607185680118786,0.5682123972996382,0.4631167604495357,-0.14570479354532517,-0.148734925514306,-1.6419525013854899,0.045833333333333295,0.0
2015-05-27,36.99,36.0,-0.028916362777429736,-0.005392302092615946,0.015911012562861006,-0.3109067141302962,0.027128667388252696,39.26,40.527499999999996,41.19466666666666,2,27,5,38.64129694813414,40.71957996796375,34.86381322957196,-1.4644952318319469,-0.9090056275878549,45.14820340965487,35.906796590345124,0.03323009182730177,0.03020247821004598,0.025808789362046367,300321076.0,-1.5311521586122383,0,0,-1,0,0,0.003611111111111182,0.4863941856608492,0.7028030029316784,0.47944947792977327,-0.09582009288682458,-0.11697302458820713,-1.24813522437967,0.023790213571235536,0.0
2015-05-28,36.81,36.99,0.02108800588693259,-0.0008113590708792473,0.007036938317137816,-0.25252136836121364,-0.004878058453432855,38.814,40.320499999999996,41.025999999999996,3,28,5,38.308333866655204,40.46734900228868,27.603725656223503,-1.5308082995699124,-1.0333661619842665,45.223798460166364,35.41720153983363,0.03309150257213617,0.029946165436708423,0.02573255777289512,290996131.0,-1.4318932565572933,0,0,-1,0,0,-0.0024330900243309922,0.031231590783699456,0.29761365256561745,0.47538063879317066,-0.010217800484001005,-0.10109890109890107,0.9548069410134085,0.016164085846237405,0.0
2015-05-29,37.05,36.81,-0.004073325387635786,0.009425140459583113,0.0015113006929578531,0.03387648240215121,0.006498804351165943,38.307,40.144999999999996,40.85266666666667,4,29,5,38.07954589089971,40.246874873108766,21.703296703296644,-1.5461725742982821,-1.1359274444470697,45.25894172825583,35.031058271744165,0.03188217667307014,0.0300299772740773,0.025692120914301127,300642384.0,-1.2104166079559857,0,0,-1,0,0,-0.0016299918500408115,0.0586031835700688,0.3035083601898128,0.47671111046477926,-0.00483481063658342,-0.08653846153846168,0.6492540659903472,0.024021592442645092,0.0
2015-06-01,37.85,37.05,0.009748249413660436,0.024882173039478348,0.0038366722864873726,0.5143266942334185,0.021362628141362087,37.903,39.9075,40.721333333333334,0,1,6,38.03781027437249,40.09223778452111,27.541268462206745,-1.476772247384062,-1.2040964050344682,44.982428570925535,34.83257142907446,0.03362392192619044,0.027905378354626708,0.026075222049033224,316775858.0,-0.8108488508734859,0,0,-1,0,0,0.0016194331983806283,1.0374935960651195,0.3255938664702818,0.4429841482050424,0.026858383071079794,-0.11150234741784038,-0.4914874103134334,0.04464993394980179,0.0
2015-06-02,37.82,37.85,0.005106851577263483,0.001306335914055457,0.01708516135102927,-0.24459932121842573,-0.000792916653146419,37.471000000000004,39.707,40.562999999999995,1,2,6,37.99820840630476,39.945641798422976,29.433611884865357,-1.4079626209141267,-1.2448696482104,44.77897501239036,34.63502498760964,0.03334381684497041,0.027763109959952573,0.025758863638553557,304143054.0,-0.7440888393141671,0,0,-1,0,0,-0.014531043593130892,0.41779788842181853,0.22312417039192176,0.4407257074546495,0.050555555555555465,-0.09586421228783171,0.3532984107512683,0.029349550502379678,0.0
2015-06-03,37.72,37.82,0.014637653233688045,-0.003924138456134258,0.007500704868617307,-0.598068920308673,-0.0026476054650546826,37.152,39.5665,40.385999999999996,2,3,6,37.947625059703896,39.80205200497633,32.05257836198177,-1.345983994809039,-1.2650925175301277,44.697816749036626,34.43518325096337,0.03271811469904661,0.027057512929978725,0.02561598667877834,297196623.0,-0.7196983114896068,0,0,-1,0,0,0.0007932310946589407,-0.5153837945841873,0.17052342063041317,0.42952470185182995,0.019735063530683883,-0.06933135948679992,1.483500590112146,0.01802757158006362,0.0
2015-06-04,37.32,37.72,-0.007691325543395581,0.00130975788206351,-0.009923643192206488,0.29625393024187435,-0.01066108178611359,37.165,39.3885,40.20166666666667,3,4,6,37.833511412485,39.64191961755851,24.576271186440692,-1.3139952251277336,-1.274873059049649,44.57466083538901,34.20233916461099,0.015095980056781548,0.026955404022651102,0.025643891711136783,287854982.0,-0.7976999039000473,0,0,-1,0,0,-0.0042417815482501744,-0.14660335425706186,0.19266733352555676,0.4279037731992294,0.013854930725346382,-0.08708414872798442,0.9431241233305977,0.029474812433011827,0.0
2015-06-05,37.17,37.32,-0.007482664522671747,-0.01902805824230826,-0.006218757367336453,-0.2656584534266588,-0.004027391669982321,37.159,39.141999999999996,39.998666666666665,4,5,6,37.71287297385136,39.48244093255474,24.786324786324784,-1.2859243061451977,-1.2770833084687587,44.2536280236954,34.03037197630459,0.015158408433814592,0.02574142094621925,0.025510684499117624,280692737.0,-0.7715741407076628,0,0,-1,0,0,-0.001071811361200406,-0.5127409785593716,0.19441691413767065,0.4086323893027506,0.0032388663967612974,-0.11710213776722089,1.7051387697069924,0.01641108420769436,0.0
2015-06-08,36.11,37.17,-0.010516478208806202,-0.010460065868721778,-0.0294503188393985,0.4306805895878976,-0.02893214901979447,37.084,38.785999999999994,39.75266666666666,0,8,6,37.4214415240602,39.26486409819637,20.35398230088495,-1.3338354174136384,-1.2884337302577347,43.68622727722069,33.8857727227793,0.017466772401376358,0.025003344595374583,0.025797778966745993,269675026.0,-1.0921942385977512,0,0,-1,0,0,-0.007532956685499088,0.09511460604480278,0.18022635892815836,0.3969157904652723,-0.045970937912813814,-0.16470043950959978,-1.7134002827240669,0.03572417612849643,0.0
2015-06-09,34.59,36.11,-0.04774706512269312,-0.05173328843343953,-0.05689554993622029,1.1054041384286613,-0.04300521234028886,36.943,38.3645,39.496,1,9,6,36.90663397423107,38.963259962828865,19.789674952198865,-1.4774257704881961,-1.3262321383038271,43.18079897218502,33.548201027814976,0.020726242407961056,0.026069712252685284,0.026349143136419964,236396637.0,-1.5673860870342144,0,0,-1,0,0,-0.026031570202160004,2.7651228463748576,0.2722119668619668,0.4138438522297123,-0.085404547858276,-0.19595536959553694,-0.8171713954530977,0.04047412546978891,0.0
2015-06-10,34.45,34.59,-0.021555655702497695,-0.0028433343011441733,0.014967263999166282,-0.6274869462870521,-0.0040556254894098115,36.689,37.9745,39.248000000000005,2,10,6,36.4599732516436,38.67208190071088,30.087209302325604,-1.584256665113692,-1.3778370436658003,42.728859661349844,33.220140338650154,0.017598963979549367,0.026047112500570985,0.026345543848121062,218628243.0,-1.482639198987032,0,0,-1,0,0,-0.004914715235617279,0.685926625511513,0.26750406947691113,0.4134850922869954,-0.08669141039236472,-0.18461538461538451,-0.8520852791487915,0.022931785195936114,0.0
2015-06-11,34.7,34.45,0.009829509613797797,-0.0007120985845310708,0.005229529640311396,-0.7242414584007004,0.007230689493145981,36.478,37.646,39.03966666666667,3,11,6,36.139978114981126,38.415818552277926,32.15796897038085,-1.6299588570269563,-1.4282614063380314,42.34924591162956,32.94275408837044,0.01816664414040425,0.02611400094349984,0.026270348742430425,227240443.0,-1.2527518464282383,0,0,-1,0,0,0.00899854862118999,-0.5103821381193195,0.3224256807208051,0.41454691340044,-0.07020364415862801,-0.15919554155560944,-0.6086941229121243,0.016858789625360252,0.0
2015-06-12,35.0,34.7,-0.006349227678658668,0.005540967504794004,-0.004356039993857364,0.13002306267590735,0.008608374536600101,36.273,37.29,38.85433333333334,4,12,6,35.93270936680274,38.195443161808385,36.75213675213674,-1.6232587640014273,-1.4672608778707106,41.63129255552177,32.94870744447823,0.018337594193456912,0.025548709949452228,0.026375615749138076,237048487.0,-1.054985339371938,0,0,-1,0,0,-0.004610951008645639,-0.39306511716105275,0.3583612588818325,0.4055731970686331,-0.05838041431261776,-0.16904083570750228,-0.609823937006919,0.026571428571428562,0.0
2015-06-15,34.19,35.0,0.004909757155162404,-0.015420065676377562,-0.007009374492576277,0.03617011914136418,-0.02341485783820386,35.907,36.905,38.574,0,15,6,35.61585311829315,37.937027473949776,37.01578192252509,-1.6641261126110436,-1.5066339248187772,40.878806341796555,32.93119365820345,0.016335188309416167,0.025728960679794365,0.024446316430439822,226879191.0,-1.3664480684142022,0,0,-1,0,0,-0.00828571428571426,-0.3924196481028384,0.3442734646391931,0.40843458870537147,-0.05317086679590144,-0.1838147529243257,-0.8037332890570285,0.018426440479672495,0.0
2015-06-16,33.91,34.19,-0.01538715218625007,-0.010413747566626283,-0.01654884102447278,-0.20304855636829788,-0.008223247513662752,35.516,36.4935,38.309999999999995,1,16,6,35.305698005876216,37.677219249823985,25.39936102236416,-1.6995164727740004,-1.545210434409822,39.83970145994285,33.14729854005714,0.016036886167075524,0.0254663603033102,0.02435844828198072,218578619.0,-1.544138947356818,0,0,-1,0,0,-0.00029248318221696435,-0.6981810172863179,0.20553900679349973,0.40426593696315727,-0.01965886094246916,-0.1953013763644994,-0.7390605105579348,0.024476555588321982,0.0
2015-06-17,33.84,33.91,-0.010588334217010546,-0.005569420569187592,-0.0010434524312633035,-0.09937137696438188,-0.002066421399524528,35.128,36.14,38.086999999999996,2,17,6,35.039207459353264,37.429656717577274,25.853658536585343,-1.7134602994227706,-1.578860407412412,38.976691920640846,33.303308079359155,0.016070404946332467,0.025138065708621007,0.023928421461385303,211063228.0,-1.6216071849497138,0,0,-1,0,0,-0.00265408434090228,-0.7874547999497921,0.20592845903831097,0.39905442183727113,-0.017706821480406365,-0.17281838181373732,-0.886636251855706,0.019917257683215114,0.0
2015-06-18,33.86,33.84,-0.023333394817656977,-0.008486447737440145,-0.01517799067576017,0.4582812216758309,0.0005908419669666447,34.782000000000004,35.9735,37.853,3,18,6,34.824806103107214,37.1993562841852,23.102866779089354,-1.703262895236783,-1.6037409049772864,38.93869654092495,33.00830345907505,0.01646128508823213,0.016207021748466652,0.0238068783759577,222947719.0,-1.425537883125093,0,0,-1,0,0,-0.023640661938534403,-0.05507521891154782,0.18871206896635054,0.25727849423674787,-0.02420749279538914,-0.08954019897821996,-0.8800843001800697,0.026284701712935423,0.0
2015-06-19,34.22,33.86,0.02628586227092506,0.012018318482214446,0.02038439886633412,0.19770647499111893,0.01057589175905804,34.487,35.82299999999999,37.590333333333334,4,19,6,34.714841357087714,37.007139749721645,16.93989071038243,-1.6471451239202821,-1.6124217487658856,38.82499302218721,32.82100697781278,0.017620259406485546,0.016519575383300223,0.023056641340902226,237430215.0,-1.067957179215606,0,0,-1,0,0,0.001772002362669884,0.39267448620646966,0.19795079148411723,0.2622401293715814,-0.022285714285714353,-0.08084877786731126,-0.6533021618536277,0.018118059614260593,0.0
2015-06-22,34.79,34.22,0.023023018949992525,0.019905460346812665,0.026355844705362456,-0.639884302278865,0.01651972069980323,34.355000000000004,35.7195,37.309,0,22,6,34.72850656488995,36.86409847554606,24.875621890547208,-1.5389372389980025,-1.597724846812309,38.71368014435332,32.725319855646674,0.017592865432364064,0.017083599535416612,0.02261781836112212,245067609.0,-0.6208711267776762,0,0,-1,0,0,0.014319111630625424,-0.7344869366133631,0.1587521653032461,0.2711937352111856,0.017548990933021313,-0.05615843733043946,0.3398765726956058,0.011784995688416114,0.0
2015-06-23,34.58,34.79,0.0028768719496527445,0.0005711022428213171,-0.003184255114928962,0.05046675485175242,-0.0060545089087062605,34.354,35.6485,37.02766666666666,1,23,6,34.70150537127359,36.71673728357535,24.429967426710036,-1.4533733720190298,-1.5688545518536534,38.681763137803166,32.61523686219683,0.011440570144559965,0.01641123029626814,0.022615067511323878,237034889.0,-0.7045217981146591,0,0,-1,0,0,0.0005748778384594172,-0.6008245511716094,0.14918956460589808,0.2605202044352062,0.019758183426717757,-0.039444444444444504,0.5484098428532322,0.015615962984384012,0.0
2015-06-24,34.35,34.58,-0.00807619042144665,-0.010041685297054388,-0.009028749261304826,-0.1290991122534673,-0.006673461586786007,34.34400000000001,35.5165,36.764333333333326,2,24,6,34.6375953037693,36.56404455560275,25.12562814070347,-1.388121073137853,-1.5327078561104934,38.533687780908046,32.499312219091955,0.011572556704684569,0.014900417350856976,0.02252115257486107,229975037.0,-0.7732365929500958,0,0,-1,0,0,-0.0014459224985539955,-0.7133917447898844,0.16369896431459563,0.2365367924486365,0.01507092198581561,-0.07137064071370647,0.4908476065407,0.01455604075691412,0.0
2015-06-25,34.49,34.35,0.0005790388117779071,0.009756174945364874,0.00786831977222274,-0.17287136427579358,0.004067408280391217,34.32299999999999,35.4005,36.53833333333333,3,25,6,34.61075979399306,36.430235229434835,27.516778523489876,-1.310010342411715,-1.4881683533707377,38.386526932581646,32.414473067418356,0.011386097248581696,0.014993928491845448,0.02237908604112116,235914108.0,-0.6098404472278504,0,0,-1,0,0,0.005822416302765523,-0.8568238348103274,0.16227982694110088,0.2380212357918529,0.018606024808033084,-0.06302635153490899,0.1684538780689325,0.016526529428819953,0.0
2015-06-26,34.32,34.49,0.0014461318499997134,-0.004866189651172899,-0.004946903730088553,0.22068428706568852,-0.004941152328988039,34.254999999999995,35.264,36.278333333333336,4,26,6,34.55789437690341,36.2940910210842,32.347140039447694,-1.2474448372284286,-1.4400236501422758,38.18134125532097,32.34665874467903,0.010969786678378338,0.014823228536032795,0.02182262197711952,228508504.0,-0.647164604605807,0,0,-1,0,0,0.0031893302406494468,-0.5933395903773668,0.15816698001556756,0.23531145800051292,0.0029222676797195923,-0.07368421052631569,1.3950323126863515,0.016608391608391615,0.0
2015-06-29,33.18,34.32,-0.025762548930023967,-0.018242868742485575,-0.03321776346248497,-0.1426654781780501,-0.03378098985746311,34.153999999999996,35.0305,35.98799999999999,0,29,6,34.307368126557336,36.09318192294974,34.96801705756923,-1.2751505543956156,-1.4070490309929438,37.82115715709023,32.23984284290978,0.013342679047769417,0.01496420366310293,0.022356071906176535,222087519.0,-1.32621092153756,0,0,-1,0,0,-0.017482517482517525,-0.6786996900423914,0.22276444586310018,0.23754936876415278,-0.046277665995975825,-0.12338177014531049,-1.662998704748811,0.031946955997588976,0.0
2015-06-30,33.09,33.18,-0.004756251534649153,-0.013829851145508556,-0.0021132083335732525,0.501432551470155,-0.002716162828777478,34.072,34.794,35.68633333333334,1,30,6,34.086028467183276,35.899428250501366,35.34482758620686,-1.2895051697898978,-1.3835402587523347,37.383756338873354,32.20424366112664,0.013213813930756744,0.014932094742013877,0.022231714677751063,211485928.0,-1.3159539176888735,0,0,-1,0,0,0.011452682338758366,0.021716543888291504,0.22708851218936954,0.2370396554437434,-0.04308849045691132,-0.12506610259122153,-1.7658886060485615,0.0199456029011785,0.0
2015-07-01,32.62,33.09,0.008899495105983767,0.0065003086235390795,-0.05369792645131381,0.5260393632383685,-0.014305524740653133,33.95,34.539,35.41,2,1,7,33.81947783678631,35.687852234339985,28.600823045267404,-1.3235493252151613,-1.3715420720449,36.91084272133184,32.167157278668164,0.013730586225222004,0.014996509875487143,0.02189997218424958,193545738.0,-1.6181511385564773,0,0,-1,0,0,0.023269870051374916,1.1066324303439468,0.2291439917215633,0.23806221398677915,-0.05036390101892296,-0.13520678685047727,-1.2176220271401135,0.08001532801961996,0.0
2015-07-02,32.51,32.62,-0.033636804762000344,-0.02806448653937956,0.027984847759574383,-0.6413410298276401,-0.0033778628770538433,33.815,34.298500000000004,35.254,3,2,7,33.581390957370616,35.482829509543855,23.34047109207704,-1.3439138421413404,-1.366016426064188,36.44805833896865,32.14894166103136,0.013653819541680658,0.014995479353303972,0.015166604060406942,184098689.0,-1.6640627682225397,0,0,-1,0,0,0.003678724708767767,-0.2522239970102996,0.20471574556692082,0.2380458549542759,-0.0574079443316905,-0.12888531618435162,-1.6299820790992938,0.02399261765610585,0.0
2015-07-06,33.03,32.51,-0.008280985828234303,0.0039280908643957385,0.004331689941456539,0.04092451863634887,0.015868505086884324,33.696,34.0915,35.114000000000004,0,6,7,33.4811380560305,35.324582444411995,36.757990867579935,-1.3030722090534042,-1.3534275826620312,35.83593204450414,32.347067955495866,0.014377495625671827,0.015832932560640587,0.01558971999217233,193940374.0,-1.2170150202689465,0,0,-1,0,0,-0.0012303906490310412,-0.21253134731711934,0.2859913254378406,0.2513400124818725,-0.037587412587412605,-0.11138014527845042,-0.29582759031533706,0.02331214047835289,0.0
2015-07-07,33.41,33.03,0.024940465472178985,0.013776797713375418,0.008791130296385043,-0.1754040639672154,0.011439016965966756,33.558,33.9565,34.999,1,7,7,33.46820386402496,35.201060996385415,44.41964285714284,-1.2259105625138034,-1.3279241786323857,35.44187112144382,32.47112887855618,0.01365129474370456,0.015327167756469416,0.015791855172667485,202198708.0,-0.7358430389689962,0,0,-1,0,0,0.007871631849833425,-0.44344499674657434,0.19414225480390693,0.24331124511951527,0.006931886678722021,-0.07477153143173643,0.01992849199106449,0.02825501346902112,0.0
2015-07-08,32.36,33.41,-0.009962346545662583,-0.015890006046948617,-0.011264083643215976,-0.20901893261501742,-0.03193216417837411,33.336,33.845,34.87766666666666,2,8,7,33.26671225238405,35.0177667385541,36.446886446886396,-1.2352464740567015,-1.3093886377172488,35.459337080824376,32.23066291917562,0.01620420527332333,0.014056234512756886,0.016212242483567642,195498062.0,-1.8397644675815414,0,0,-1,0,0,-0.013469021251122293,-0.8692081191902286,0.3070533018866109,0.22313580534454727,-0.022061045633121945,-0.0644694998554497,-0.49652260556389916,0.024103831891223768,0.0
2015-07-09,32.52,32.36,-0.005171114184714161,-0.006062461732555317,0.00463486296001855,0.17834511350306198,0.004932192489319093,33.153,33.74849999999999,34.72866666666667,3,9,7,33.13094638831422,34.85662049735707,38.03571428571433,-1.215720519008464,-1.290655013975492,35.43948258573571,32.057517414264275,0.01660169558522737,0.014172097128978586,0.015221676874757511,203506927.0,-1.45300136188628,0,0,-1,0,0,0.013288009888751536,-0.41453159589183514,0.2981081145432103,0.2249750673571789,-0.003065603923972815,-0.05602322206095789,-1.4690731798143832,0.013219557195572062,0.0
2015-07-10,33.83,32.52,0.011220739410537202,0.03377992676675016,0.020427573515379126,0.128116602496414,0.03949269811300712,33.087,33.705,34.62933333333333,4,10,7,33.25804704498436,34.79038691688242,47.02290076335877,-1.0820666166885218,-1.248937334518098,35.33664108540366,32.073358914596334,0.021964173194058217,0.01703773094874734,0.01724765024927785,212610488.0,0.15321997112995606,0,0,-1,0,0,0.019680196801967816,-0.04319662414384374,0.41104968006681286,0.27046559397128417,0.0406028914180252,-0.025072046109510193,-0.7010977921468743,0.026308010641442524,0.0
2015-07-13,33.93,33.83,0.050282530420465696,0.02553824224066563,0.02238565347204916,0.08815173607858123,0.0029515960035217223,33.047999999999995,33.6515,34.525333333333336,0,13,7,33.38022030953265,34.734878083535165,42.92763157894737,-0.9570435693815753,-1.1905585814907935,35.17064484254462,32.13235515745538,0.021977440809709033,0.016912945211634868,0.01719439132474318,222552977.0,0.3666536490799713,0,0,-1,0,0,0.030741945019213693,0.24580383344448853,0.40598322082113986,0.26848468180587926,0.027247956403269713,-0.030571428571428583,-0.23086347319401448,0.03006189213085753,0.0
2015-07-14,33.86,33.93,-0.03442580326909825,-0.024363153973839164,-0.019371787417350884,-0.28980958990541406,-0.0020652020911495214,33.116,33.635,34.39233333333333,1,14,7,33.467452980526716,34.67843433621032,43.939393939393945,-0.8537686056011253,-1.12320058631286,35.1365851273688,32.1334148726312,0.01888135646167813,0.01612618707696745,0.016568981797826846,215111958.0,0.29968330918975544,0,0,-1,0,0,-0.00707338638373127,-0.5718769820280923,0.40508627504256184,0.25599528360815693,0.013469021251122593,-0.009651945013161689,0.28525559822064334,0.02451269935026596,0.0
2015-07-15,33.92,33.86,-0.005357155669242456,0.00410196883401733,0.0012030076638826568,0.13281774448288086,0.001770434218713193,33.199,33.6355,34.26233333333334,2,15,7,33.54973425679458,34.62950308871289,46.273830155979205,-0.7583392908944973,-1.0502283272291875,35.13747729326113,32.13352270673887,0.01880507168301377,0.01602520049625597,0.016590423353544995,223609913.0,0.37883395611432774,0,0,-1,0,0,-0.010336680448907308,-0.21072807075626762,0.2754765889000031,0.254392171338253,0.04820766378244756,0.00029489826010031805,2.113205776819857,0.02741745283018867,0.0
2015-07-16,34.57,33.92,0.01833286116939669,0.017966290271483498,0.016987444707637144,-0.02687391707154537,0.01898144300983072,33.394,33.672,34.157333333333334,3,16,7,33.73523711919557,34.625664179763675,50.636942675159226,-0.6230788387352391,-0.9647984295303978,35.22936079043273,32.114639209567265,0.018441237891157092,0.016565579789432898,0.017098587439358517,231882536.0,1.1532330921860203,0,0,-1,0,0,0.006191037735849081,-0.3034167162257398,0.2788804905266994,0.2629704266786231,0.06303813038130368,0.02157210401891252,1.2938957735268624,0.02834827885449803,0.0
2015-07-17,34.76,34.57,0.013098717336528563,0.011138198826918244,0.016994256045370883,0.05031622248125228,0.005481046463658023,33.619,33.717,34.071999999999996,4,17,7,33.921557642978186,34.6343310068757,53.49206349206347,-0.4948482413029325,-0.8708083918849049,35.34752590805556,32.08647409194444,0.018152747148831385,0.016592407773861687,0.017096574076187202,240582056.0,1.279341830567784,0,0,-1,0,0,0.0002892681515764539,-0.1023404292571984,0.129022331884834,0.26339630772847716,0.02749039314218149,0.026580035440047167,1.6122559714562974,0.022727272727272704,0.0
2015-07-20,34.31,34.76,0.009211348953237155,-0.007411664487141863,-0.0049512260751591085,-0.5923859613999173,-0.013030443526832827,33.747,33.721500000000006,33.97666666666667,0,20,7,33.99218352607306,34.61340642578694,60.07130124777187,-0.42464081321434577,-0.7815748761507931,35.3583554577213,32.08464454227871,0.01882935056834783,0.016742120473533337,0.017206229531102995,235771167.0,0.7190616584060042,0,0,-1,0,0,0.004027617951668601,-1.400004272759835,0.18552110745628472,0.26577292315711293,0.01119952844090788,0.0026300409117476775,0.3201108448259556,0.020402215097639252,0.0
2015-07-21,34.71,34.31,-0.01704997233802305,-0.00631460192383677,-0.0008762962441869252,0.23633433867358936,0.011590973003336615,33.876999999999995,33.717499999999994,33.93,1,21,7,34.12269561224159,34.619638269284565,63.68243243243243,-0.33288695003138,-0.6918372909269106,35.343717762332155,32.09128223766783,0.018836248173351295,0.016520374568786515,0.0166681964150271,241864628.0,1.2206237356264775,0,0,-1,0,0,0.0,-0.8683368259151824,0.19076431871613486,0.26225281604787026,0.025103366804489102,-0.0022995113538372136,-0.6547072546484469,0.014693171996542725,0.0
2015-07-22,35.12,34.71,0.011014604111299968,0.013442215848069023,0.008728597751179944,0.2160897872774332,0.011742938893220974,34.153,33.7445,33.94766666666666,2,22,7,34.30402368274312,34.65191967126621,71.33105802047787,-0.22449988400448717,-0.5983698095424259,35.447147783213694,32.04185221678631,0.014195447181120872,0.01665782352171912,0.01491964960051282,249427916.0,1.6157187805498832,0,0,-1,0,0,-0.0005762028233939247,-0.3117453280105049,0.19326590628682863,0.26443475053242566,0.03537735849056589,0.015615962984383946,-1.3835894087499898,0.019362186788154892,0.0
2015-07-23,36.48,35.12,0.08028659659442847,0.0946643101183709,0.04972775903170849,0.7316567779381384,0.0379933964392148,34.549,33.851,34.01533333333334,3,23,7,34.69965574042619,34.76986033763613,77.91842475386784,-0.028532810803881148,-0.484402409794717,35.936528079029216,31.76547192097078,0.01704034060913029,0.018556126396374644,0.016426341191738705,265148372.0,2.5211839883007054,0,0,-1,0,0,0.07033029612756282,2.2024832665738443,0.29415219015632565,0.29456937444893083,0.05525021695111354,0.062008733624453916,0.4992586225715481,0.06620065789473682,0.0
2015-07-24,35.0,36.48,-0.019339845330033655,-0.0483121804763694,-0.03763432054102549,-0.3860149387727597,-0.04141610371671689,34.666000000000004,33.8765,34.025333333333336,4,24,7,34.754263787621426,34.78470805778864,62.20570012391576,0.007265127581824515,-0.3860689023194087,36.00691409367394,31.74608590632606,0.020743115231381892,0.020970523542738814,0.018134666158450996,254462229.0,1.0547245282840787,0,0,-1,0,0,0.010690789473684226,0.5247761863293013,0.4744787920809519,0.3328967409414725,0.0069044879171462625,0.014786894752101931,-0.41003368097716764,0.05514285714285713,0.0
2015-07-27,35.09,35.0,-0.05720627790601013,-0.04323200230575796,-0.017612697236309777,-0.20360296707729084,0.002568128105710165,34.782,33.915,34.028333333333336,0,27,7,34.81530673532662,34.80440431212486,60.79691516709517,0.04240863910814596,-0.3003733940338978,36.10612564198076,31.723874358019238,0.020744798661898014,0.020927000236449878,0.01807377089268246,263179837.0,1.0725081003915538,0,0,-1,0,0,-0.005142857142857135,-0.13793555797720114,0.45668416085175484,0.33220582987341757,0.022733896823083688,0.022435897435897578,-0.9464679531112393,0.02792818466799669,0.0
2015-07-28,36.06,35.09,0.01482353255150754,0.0254452425149721,0.02104127202348791,0.1201015737424406,0.02726802818004752,35.001999999999995,34.059000000000005,34.09066666666667,1,28,7,35.04161460163087,34.88541048553616,74.02597402597408,0.14683835737967854,-0.21093104375118252,36.418793924989906,31.699206075010107,0.021942217897278876,0.020047267298019634,0.01818582530073696,273009911.0,1.695910798658881,0,0,-1,0,0,0.0071245369051011675,0.17457832621981145,0.48494607230352044,0.3182405024219864,0.038893690579083984,0.08679927667269438,-1.1474094238450003,0.03216860787576252,0.0
2015-07-29,35.52,36.06,0.019613965848586684,-0.0013814064912606192,0.0039852031109630865,-0.6201752467373954,-0.015088299651201884,35.162,34.1805,34.14433333333333,2,29,7,35.12859376497071,34.92635174453383,68.5643564356436,0.18390621804962848,-0.13196359139102032,36.58011817138044,31.780881828619563,0.022961348441892442,0.020458308768277682,0.018357496675693075,267722804.0,1.1164276183401474,0,0,-1,0,0,-0.000554631170271856,-1.2121206561545275,0.5085202500914882,0.32476558347500933,0.011389521640091216,0.07343608340888474,-0.3042847638384211,0.027308558558558522,0.0
2015-07-30,36.31,35.52,-0.003892137245904021,0.010177504985854076,0.017320717462363015,0.53770976205966,0.021997267302274973,35.336,34.364999999999995,34.22666666666667,3,30,7,35.343394898612395,35.01561937391875,66.40211640211646,0.27387213489304685,-0.05079644613420689,36.826069515046825,31.903930484953168,0.023193889816403645,0.020398144812542637,0.018717960486551787,276774761.0,1.5806136219301388,0,0,-1,0,0,0.01069819819819807,0.19821567622509956,0.44432337008221096,0.3238105102864204,-0.004660087719298045,0.11312078479460475,-0.6115062856835018,0.01996695125309836,0.0
2015-07-31,36.2,36.31,0.015478473756283952,-0.0008213552823152149,0.0012556681105722206,-0.5338154100384623,-0.003034066594518997,35.480000000000004,34.5495,34.30466666666667,4,31,7,35.49914128068287,35.09203102721432,64.99339498018499,0.33246227333283684,0.02585529775920186,36.9780796152003,32.1209203847997,0.023336640984838897,0.020390379895897183,0.018742485387227604,271467024.0,1.3592307121987206,0,0,-1,0,0,0.004131093362709958,-1.290044946463842,0.2819093514944632,0.32368724605605026,0.034285714285714475,0.11350353737311614,0.07775760559007014,0.017955801104972333,0.0
2015-08-03,37.53,36.2,0.005470473161041852,0.03564840447893949,0.01878508277287373,0.6237114544035108,0.036081494315204125,35.802,34.7745,34.415,0,3,8,35.86838832055871,35.2493193480392,70.78142695356743,0.4806743501921247,0.11681910824578642,37.433249013311986,32.11575098668802,0.024513440901302773,0.02144790622250069,0.019718641281283672,281370413.0,2.072779330582615,0,0,-1,0,0,0.012707182320441815,0.6304864615682201,0.3460086118074637,0.3404749560466296,0.0695354801937873,0.1362397820163488,-0.5163402466178192,0.034505728750333114,0.0
2015-08-04,37.93,37.53,0.031416196233378914,0.014041304112375997,0.025399906420360715,-0.07321885851221521,0.010601742553877991,36.124,35.0005,34.51966666666667,1,4,8,36.24322680772985,35.42226648687538,71.86477644492915,0.6232259847663073,0.21810048354989062,37.92593456061128,32.07506543938872,0.024504704072249053,0.021438602400245265,0.01960831693192622,290574597.0,2.002779374690826,0,0,-1,0,0,0.007993605115907198,0.31762757603748676,0.3232232121826111,0.34032726244704836,0.05185801442041038,0.13528883567794092,0.0759118151133417,0.02346427629844452,0.0
2015-08-05,37.89,37.93,0.005272883295230389,-0.005488057678775292,0.005056564333728459,-0.24714628439376535,-0.001055130670298063,36.400999999999996,35.277,34.63,2,5,8,36.542640115415324,35.581475100625354,69.39252336448602,0.7246185647344987,0.3194040997868123,38.196957461838295,32.35704253816171,0.024688343380502225,0.019601391668364384,0.019549544940848956,283385886.0,1.7897521002617296,0,0,-1,0,0,0.002636435539151105,-0.5362480005047358,0.26431136385641185,0.31116244623159367,0.0667229729729728,0.1708899876390606,0.6221381614013055,0.012932172077065053,0.0
2015-08-06,37.81,37.89,-0.0010523547406340737,0.008870394713652889,-0.006391499787612205,-0.013185418094134604,-0.0021136071276679027,36.534000000000006,35.5415,34.74533333333333,3,6,8,36.77306918533981,35.72525090058501,68.04733727810657,0.7894176679604641,0.4134068134215427,38.36676403051165,32.716235969488345,0.022282388794096726,0.01972430923957503,0.019487842481153293,276291339.0,1.6058676113107773,0,0,-1,0,0,0.002639218791237831,-0.5524190996992734,0.26783466773193054,0.3131137021826943,0.04131093362710003,0.16266912669126676,1.7193453753479062,0.028299391695318706,0.0
2015-08-07,37.58,37.81,-0.00952136259418827,-0.006514681021193642,-0.004015532098947141,0.03970134605738017,-0.006101623917522328,36.792,35.729,34.848333333333336,4,7,8,36.91978387891439,35.844912132805334,69.86634264884569,0.8128424050410885,0.4932939317454519,38.57368775457874,32.884312245421256,0.01659245817836206,0.01837797485423064,0.0195635861957407,268909463.0,1.3013730572156281,0,0,-1,0,0,-0.0047606453319227636,-0.3960468290722051,0.27666139743045426,0.29174130639175677,0.03812154696132586,0.11084835944428018,1.616634255444647,0.02581160191591269,0.0
2015-08-10,37.79,37.58,0.008467899236293047,0.006384802457468059,0.011203104636574677,-0.06518503372241176,0.005572523376078303,37.062,35.922000000000004,34.964000000000006,0,10,8,37.07800499183904,35.97040167262435,69.1542288557214,0.83868409471917,0.5623719643401955,38.77652623039228,33.06747376960773,0.01652502903482735,0.01836874647944068,0.0195098528683715,275825499.0,1.3087986231209294,0,0,-1,0,0,0.009845662586482293,-0.5292548384260433,0.10577826775035842,0.29159481048355956,0.006927791100452829,0.1137636310050103,0.549518898878554,0.021037311458057546,0.0
2015-08-11,38.36,37.79,-0.008467899236293071,0.01020878543764314,-0.0018584898486191698,0.3014281100659283,0.014970732653839858,37.292,36.147000000000006,35.13666666666666,1,11,8,37.31109499332285,36.12456930664859,69.75609756097563,0.8948428647550557,0.6288661444231676,39.02647436723726,33.26752563276275,0.01525787014421983,0.018394262113818494,0.01834195470749415,285174513.0,1.537086091253022,0,0,-1,0,0,-0.0042339243186027145,0.44562510205751693,0.1316755035729647,0.29199985862220607,0.011336672818349491,0.13290017720023628,1.0400961721803343,0.0328467153284671,0.0
2015-08-12,38.68,38.36,0.008994769638364975,-0.0007717042183618952,-0.02126625434677882,-0.040929681014119826,0.008307420569856096,37.608,36.385,35.323,2,12,8,37.55998681271869,36.28943580299384,65.36312849162013,0.9541713271506396,0.693927180968662,39.276282723891086,33.49371727610891,0.013300499942730167,0.018365546614871282,0.018292446819287014,294148600.0,1.5875306700628646,0,0,-1,0,0,-0.010166840458811277,0.2790530526860364,0.13354851319769886,0.2915440142082813,0.02084982845077854,0.14033018867924518,0.03837452686903362,0.05226990692864527,0.0
2015-08-13,38.97,38.68,0.02471188307409353,0.010495424640624418,0.03969752913389644,-0.22302830946211924,0.007469448765524185,37.874,36.605000000000004,35.534666666666666,3,13,8,37.81635284676983,36.462375428607146,83.24958123953098,1.012913896524374,0.7577245240798044,39.583084866769504,33.626915133230504,0.012412518793695579,0.018134287188786555,0.017916613460709486,301328697.0,1.5882690425578403,0,0,-1,0,0,0.0062047569803516545,-0.4414205161663908,0.12202937706501694,0.28787288462972305,0.03067971436128003,0.12727798669366508,-0.9715937425425674,0.024121118809340644,0.0
2015-08-14,39.36,38.97,-0.0005140066934037328,0.0035587226169939328,0.009865085197093056,-0.2278011847865954,0.009957952833434857,38.19,36.835,35.763000000000005,4,14,8,38.09701596553895,36.649318949342174,84.05103668261562,1.0785052098909844,0.8218806612420404,39.921667424500235,33.74833257549977,0.011896976444172588,0.018153587967950347,0.017839021740119233,307046083.0,1.6360687127858127,0,0,-1,0,0,-0.0017962535283551524,-0.9598712017011728,0.0571776329335889,0.28817927500038604,0.04736562001064404,0.13233601841196774,1.2067409831329237,0.017784552845528347,0.0
2015-08-17,40.45,39.36,0.010230268250814823,0.03220850124163712,0.009256944477422471,0.4900521917458784,0.027316571320448145,38.482000000000006,37.142,36.01033333333334,0,17,8,38.52483124453187,36.89452417841687,84.35054773082942,1.2045553248090854,0.8984155939554495,40.38848214468933,33.89551785531068,0.009637397542257118,0.018149783301666424,0.018177298309172144,316379152.0,2.0378981633466284,0,0,-1,0,0,-0.0015243902439024968,0.4254846441780828,0.13246661999169865,0.2881188777955329,0.07038899179677172,0.17895657242786367,1.6343448762315342,0.040296662546353584,0.0
2015-08-18,40.19,40.45,0.03377431711860405,0.004168205127636433,0.022774263656252895,-0.3129670164922134,-0.0064484350433910275,38.708000000000006,37.416000000000004,36.23633333333333,1,18,8,38.82758920007152,37.10713552174482,88.21603927986898,1.2688446704023733,0.9725014092448343,40.7226911430895,34.10930885691051,0.010503176105739614,0.018428462258390777,0.018316239221432464,309554121.0,1.6778101612527383,0,0,-1,0,0,0.004944375772558609,-0.6571042882208498,0.192837500393641,0.2925427690862504,0.047705943691345176,0.15787957360991056,0.49016483998294474,0.022393630256282625,0.0
2015-08-19,40.45,40.19,-0.0186225120980018,-0.000489476270173968,-0.005016313503632788,0.25451545508704176,0.006448435043391008,38.964000000000006,37.682500000000005,36.506,2,19,8,39.1225729818767,37.322804197761286,87.09677419354831,1.3254947882272816,1.0431000850413237,41.0682464387289,34.29675356127111,0.010218976206990577,0.018401636179748944,0.016871554497894323,318357295.0,1.6347946014758263,0,0,-1,0,0,-0.007215725304802169,0.1627374513582598,0.1939536615577252,0.2921169182898262,0.04576008273009324,0.15176537585421435,0.6294939850743606,0.026699629171817015,0.0
2015-08-20,39.06,40.45,-0.002509411605425807,-0.017284380913241283,-0.02109085927554575,-0.016502471079608075,-0.03496771805596778,39.089000000000006,37.8115,36.724,3,20,8,39.11119607608094,37.43488134629282,70.84548104956264,1.243890239078965,1.083258115848852,41.20093420212331,34.4220657978767,0.016459783770251306,0.019067458310736623,0.018529959553591775,309698203.0,0.7367011280041257,0,0,-1,0,0,-0.01606922126081596,0.3715014876179405,0.36621533676015977,0.30268651694580506,0.002309468822170979,0.07072368421052655,-0.7686743677606518,0.030977982590885838,0.0
2015-08-21,37.91,39.06,-0.030096635290023644,-0.028035678847878918,-0.029183936713742125,0.513707313014053,-0.029883995920289584,39.122,37.95700000000001,36.86,4,21,8,38.89279678952076,37.46553416266103,52.84431137724546,1.0740417719219764,1.0814148470634768,41.07742574692976,34.83657425307025,0.019354917062850138,0.017833218402626867,0.018492285408741906,295224735.0,-0.030124094474130943,0,0,-1,0,0,-0.01126472094214042,3.006960595012218,0.40763223844562657,0.2830935658155073,-0.03683943089430897,0.08314285714285696,0.34707677301256007,0.03218148245845421,0.0
2015-08-24,37.21,37.91,-0.12037572572682695,-0.022274943247290187,-0.12668024593166946,-1.7105709809463423,-0.018637387169712236,39.06400000000001,38.063,36.96933333333333,0,24,8,38.58683373688062,37.44904808765064,44.84240687679085,0.8728893629309198,1.0397097502369654,40.9049644799434,35.2210355200566,0.02020352986424568,0.01853781695339838,0.018940833918933187,292608474.0,-0.6002889944753912,0,0,-1,0,0,-0.09680823001846466,-2.2096085989155125,0.2655694559785304,0.29427872105237496,-0.08009888751545124,0.06041607295525786,0.45228767480383564,0.13061005106154258,0.0
2015-08-25,36.52,37.21,0.11309918634395705,0.0041819193198970196,0.09170223842812575,1.256398245950004,-0.018717486631763404,38.88,38.086,37.058,1,25,8,38.21104578472051,37.3891095013506,41.022280471821794,0.650301129528458,0.9618280260952641,40.866491437062116,35.30550856293788,0.019959458889016415,0.018193155609934012,0.01933525813415914,283418212.0,-1.1264195811763693,0,0,-1,0,0,0.03036818059661388,0.5294089092038152,0.25026402717067503,0.28880739184431015,-0.09131624782284142,0.012756516916250682,1.2086284917221717,0.04983570646221249,0.0
2015-08-26,37.39,36.52,-0.020820359407354837,-0.018957913744614273,-0.017401350567251853,0.49778079951177256,0.023543233262254645,38.751,38.1795,37.17366666666667,2,26,8,38.061764732953144,37.38916695287637,47.50593824228028,0.5378995092897441,0.8770423227341602,40.711322518099294,35.6476774819007,0.021616903902922507,0.01848958064473719,0.01971397838567816,298536804.0,-0.6236614094045532,0,0,-1,0,0,0.02820372398685635,2.3948509553557336,0.36498155435671226,0.2935129933910874,-0.07564894932014843,0.052646396396396344,1.7374833186658336,0.046269055897298655,0.0
2015-08-27,37.31,37.39,0.005576963067156221,0.012415956617628477,0.01904293780320358,-0.36115603923686734,-0.0021419017559558572,38.584999999999994,38.2295,37.265,3,27,8,37.92508023605257,37.38405940752951,48.367593712212845,0.43732388648972886,0.7890986354852739,40.64258254488275,35.816417455117254,0.021300748540210687,0.01793085807422443,0.019510730467326143,288001107.0,-0.7620957699519365,0,0,-1,0,0,0.009895694035838391,0.7216732916026427,0.3294585804606461,0.2846435475503543,-0.04480286738351258,0.02754062241806654,1.1738221884675346,0.0404717233985528,0.0
2015-08-28,37.1,37.31,-0.006642777183503969,-0.009496246514293793,0.0059962022121656765,-0.41452866978486724,-0.00564441761967707,38.359,38.2745,37.342999999999996,4,28,8,37.77506564767938,37.36573299414051,45.82829504232167,0.3367894368715909,0.6986367957625373,40.55833311216194,35.99066688783807,0.0207126993194581,0.017974869543645168,0.019561993853229334,281040682.0,-1.0285339972921135,0,0,-1,0,0,0.0053604931653711,-0.5831618962644409,0.27504237125609116,0.2853422079678851,-0.021366394091268615,0.024861878453038555,1.2917097647221223,0.025067385444743927,0.0
2015-08-31,36.7,37.1,-0.013149256948444333,-0.0034514835803701135,-0.006269613013595262,0.011446466589453813,-0.010840214552864833,37.983999999999995,38.233,37.42266666666667,0,31,8,37.579599166283124,37.322782478389506,39.75308641975312,0.22227624202123764,0.6033646850142774,40.60235789658338,35.863642103416616,0.017073858796383415,0.01609783650146341,0.019507519917154055,274000127.0,-1.2940214749410237,0,0,-1,0,0,-0.0021563342318058837,-0.5020556934985865,0.2545685207753417,0.2555452321743014,-0.01370599301263098,-0.02211564082067674,1.4130824386371146,0.028065395095367877,0.0
2015-09-01,36.36,36.7,-0.015516848690684244,-0.022049831219673844,-0.015709293705179837,0.2176647108122838,-0.009307485751246642,37.601,38.1545,37.47766666666667,1,1,9,37.35785386332255,37.260667479783734,35.71428571428574,0.10290235725789643,0.5032722194630013,40.66590116060148,35.64309883939852,0.017039752641758648,0.01595462343188086,0.019540242072153793,265247519.0,-1.4290827193615017,0,0,-1,0,0,-0.006811989100817438,0.12581641434206944,0.2248720770063436,0.2532717951746437,-0.004381161007667167,-0.041392037964671724,1.9360583265661313,0.021452145214521483,0.0
2015-09-02,37.72,36.36,0.013894788318816215,0.025501314800044018,0.018985299911080566,0.1722381081836401,0.03672118845597874,37.327999999999996,38.146,37.56433333333333,2,2,9,37.42369861544572,37.290301835926726,43.19912948857454,0.11669316142043584,0.4259564078544882,40.66231643897373,35.62968356102627,0.022318566229011762,0.018228798531077575,0.0205289947541815,275645273.0,-0.33859016568976885,0,0,-1,0,0,0.016501650165016542,0.6594883136446422,0.3193674718017331,0.2893732056763847,0.008825889275207333,-0.004486671945104326,2.0847913271460827,0.027571580063626703,0.0
2015-09-03,37.43,37.72,0.025114865314897185,0.011594332780919446,0.017025137611952543,-0.5165022870163293,-0.007717935848919129,37.165,38.126999999999995,37.596,3,3,9,37.424844321728315,37.29931462070565,39.3839383938394,0.10303418278515153,0.3613719628406209,40.65968403498135,35.59431596501864,0.02013775383829189,0.01830421298354883,0.01943122736552263,269441935.0,-0.5504042275886395,0,0,-1,0,0,0.004772004241781541,-0.8250984951055795,0.32616558006254326,0.2905703729953789,0.0032162958992225654,-0.01005025125628145,2.188139764455835,0.022709056906224993,0.0
2015-09-04,37.23,37.43,-0.028095493453034942,-0.0118594089918817,-0.0156632961921634,-0.09311964851400778,-0.005357634031712147,37.097,38.1095,37.67033333333334,4,4,9,37.38941808141407,37.29484270969238,30.36585365853658,0.07520410912178477,0.30413839209685367,40.66285053358626,35.556149466413736,0.018103721612579886,0.018292753829959676,0.017828294612780467,263790170.0,-0.6888987535641772,0,0,-1,0,0,-0.015495591771306393,-0.9689544903858814,0.32581708391256714,0.29038846457158574,0.0035040431266846195,-0.009313464608834532,2.182906318451495,0.02632285791028732,0.0
2015-09-08,38.11,37.23,0.024924243438017794,0.01569798454358436,0.025263369921182666,0.08689851502039132,0.02336182700114348,37.187,38.1255,37.770999999999994,1,8,9,37.52043297570242,37.34743350261546,38.20861678004537,0.12274232366904414,0.26785917841129175,40.674427328566395,35.57657267143361,0.018649425152606605,0.019029356308861083,0.01825264482859633,269955036.0,-0.012161978747915676,0,0,-1,0,0,0.014773032500671617,-0.7703468828459781,0.33963625306337863,0.3020816664173067,0.03841961852861031,0.008467848637205622,0.818637763331969,0.016709525059039648,0.0
2015-09-09,38.3,38.11,0.017318722028728063,0.01587671931352326,0.0015910902322419035,0.17512168608676976,0.004973181300831307,37.364999999999995,38.1225,37.84566666666667,2,9,9,37.662172434665614,37.408889405672525,37.71428571428568,0.17374528579388482,0.24903639988781037,40.67040626118511,35.5745937388149,0.01711390101833587,0.01875667867557934,0.017653131230712965,277299803.0,0.13933008659230206,0,0,-1,0,0,0.008659144581474635,-0.3286216517733385,0.30828545883665154,0.2977530431827878,0.053355335533553205,-0.0015641293013556323,0.6332479881959362,0.031070496083550857,0.0
2015-09-10,38.36,38.3,-0.0010411245084105038,0.0015400413721417584,0.011591278357197423,-0.2425906485098919,0.0015653538286372396,37.462,38.1065,37.940333333333335,3,10,9,37.789050173817316,37.470251379500105,45.28301886792451,0.21651119303364652,0.2425313585169776,40.64366190384307,35.569338096156926,0.015774450575729775,0.018660705414131187,0.017355261671773474,283062453.0,0.19982958093137276,0,0,-1,0,0,0.0026109660574412906,-0.8055076808819467,0.1968046756266579,0.29622951488896615,0.016967126193001114,-0.008273009307135482,1.3547887523900057,0.021115745568300374,0.0
2015-09-11,38.54,38.36,-0.005745641296079625,-0.005658451311668167,-0.0020975361649462334,0.2252227224475432,0.004681412970982911,37.585,38.085,38.01466666666667,4,11,9,37.925586505850525,37.53926741953236,54.88372093023258,0.26190885605016234,0.24640685802361456,40.59852970520426,35.571470294795745,0.01569049730703968,0.018609882529749853,0.016965721672913048,290280758.0,0.3620406785389664,0,0,-1,0,0,-0.004692387904066729,-0.31229192067094924,0.1706196945044609,0.29542272661106217,0.02965535666577601,-0.01103412881703869,1.3638811325735125,0.01738453554748318,0.0
2015-09-14,38.87,38.54,0.009125340340464786,0.007196124602857013,0.00940445802797842,-0.2791440820385348,0.008526081877911465,37.762,38.060500000000005,38.10366666666667,0,14,9,38.097298050241335,37.62512113440124,63.651315789473664,0.3208168956665176,0.2612888655521952,40.530884372393345,35.590115627606664,0.01542695684796434,0.018570146955868328,0.01697622503218599,295740907.0,0.6553636017505549,0,0,-1,0,0,-0.0002594706798131295,-0.9010658684066823,0.13836149052196828,0.29479194393090447,0.044050496911093306,-0.01244918699186992,1.8023667191393884,0.015178801131978295,0.0
2015-09-15,38.9,38.87,0.011611535441348327,0.0017909688809216314,0.0012992076661838211,0.08296238233074024,0.0007715057602687793,37.982,37.983,38.14933333333333,1,15,9,38.24324385928836,37.70737138379471,71.95571955719552,0.3657070475520783,0.28217250195217186,40.22439148509816,35.741608514901834,0.014539370730011447,0.01735798606644519,0.01569760406699085,301673364.0,0.81824170931018,0,0,-1,0,0,0.0028299459737586683,-0.6782857038370638,0.04927699934522047,0.2755494863564295,0.020729467331409124,-0.038318912237330194,0.4850489467997266,0.01568123393316194,0.0
2015-09-16,39.14,38.9,-0.005659907056849264,0.008602969906161198,-0.000259706533078899,0.07319003183329514,0.006150711343529668,38.26,37.9305,38.18966666666667,2,16,9,38.40629043032684,37.799799036453116,68.2672233820459,0.415855091934759,0.3089090199486893,39.9965613431554,35.864438656844605,0.013531184468808176,0.017410040104259387,0.015626711200924258,308056302.0,1.1708268043511092,0,0,-1,0,0,-0.0035989717223650535,-0.5180288993114561,0.05127043880883165,0.27637581858918825,0.02193211488250668,-0.026125901965663,0.16221634491659725,0.02447623914154314,0.0
2015-09-17,39.49,39.14,0.013835731852650008,0.013642639041158686,0.01801850550267843,-0.14758251603142808,0.008902513330627838,38.437,37.8825,38.243,3,17,9,38.60332853390378,37.90884425990775,71.54150197628454,0.47832600885070775,0.342792417729093,39.73574608528616,36.02925391471384,0.008649325941096785,0.017475875130333687,0.015684224957106006,313563445.0,1.7347938978668191,0,0,-1,0,0,0.004087889626979984,-0.7455919292992675,0.052738108586096,0.27742091722848855,0.029457768508863502,-0.023733003708281797,-0.9090789403193958,0.020258293238794557,0.0
2015-09-18,39.47,39.49,0.0012714559881968875,-0.005515180688110111,-0.009483603052841053,0.5805492569563686,-0.0005065856238024283,38.641000000000005,37.903000000000006,38.29833333333333,4,18,9,38.76090516410309,38.009563985075,74.33264887063646,0.5202240091825701,0.37827873601978845,39.8190936137984,35.98690638620161,0.007765949759209372,0.015620956703376763,0.015674221539021885,303722072.0,1.6356194590029745,0,0,-1,0,0,-0.0035452013167890746,0.6574349183952906,0.06990872327220905,0.24797500006825368,0.024130773222625912,0.010496671786994316,-0.4150445347304508,0.02406891309855594,0.0
2015-09-21,39.38,39.47,0.003551500435145879,0.002259887967437504,0.006164324828702142,-0.45438423871744427,-0.002282816463776201,38.856,37.9765,38.358333333333334,0,21,9,38.87346786153889,38.097979211844354,79.38596491228063,0.539942111902036,0.410611411196238,40.00330225192739,35.949697748072616,0.007346491207467954,0.013960701436667455,0.01562564827031913,297474387.0,1.3849402413731742,0,0,-1,0,0,0.0005067139599696763,-0.4414566266936901,0.07520468751195311,0.2216192647766654,0.013120658605608515,0.03877604853600647,0.5606010030544698,0.020312341289994942,0.0
2015-09-22,38.24,39.38,-0.012229451779992987,-0.015902042821021853,-0.0259308981778719,0.11056954752300008,-0.02937598502777898,38.869,38.028000000000006,38.373333333333335,1,22,9,38.758291886713636,38.10714184333827,67.53731343283582,0.4582974104782309,0.4201486110526366,40.02491973325156,36.031080266748454,0.010970611361731084,0.014932393354917717,0.01657133128338571,290496260.0,0.21232701191729894,0,0,-1,0,0,-0.009395632300660348,-0.273589953944469,0.23894223709922213,0.2370443957766344,-0.016966580976863654,0.02768073098629409,-1.7226823614614264,0.030622384937238477,0.0
2015-09-23,38.58,38.24,-0.015239866178154439,-0.01259136277288572,0.0007877117382494081,-0.3798744364027775,0.00885191929438239,38.897000000000006,38.131,38.38066666666667,2,23,9,38.72587518003843,38.13764882118742,59.90783410138248,0.4162305086735074,0.4193649905768108,40.009408060593344,36.252591939406656,0.011218890361689198,0.014241110356763006,0.01642166580262648,295268931.0,0.478064388052264,0,0,-1,0,0,0.004707112970711289,-1.07735268690604,0.24641926362078517,0.22607061838452747,-0.014307613694430343,0.05640744797371289,-1.6382624501983323,0.016848107827890063,0.0
2015-09-24,38.17,38.58,-0.006790310760324995,-0.0067322885037012095,-0.00922880643762159,0.09779072997748008,-0.010684140720444548,38.878,38.17,38.36366666666666,3,24,9,38.62480696548599,38.13973599401404,58.295964125560566,0.3458221894968858,0.4046564303608258,40.01573477024789,36.324265229752115,0.011773598046564158,0.013640798071968241,0.016467311977913544,290005954.0,0.0,0,0,-1,0,0,-0.010886469673405955,-0.9781881466120484,0.22609453701532678,0.2165409562972639,-0.03342618384401119,0.02086119283230814,-1.0057431140218414,0.019386953104532405,0.0
2015-09-25,38.09,38.17,0.008870394713652889,0.003630709382535106,0.0021169629499041645,0.011809392118432573,-0.0020980862666256806,38.833,38.208999999999996,38.33433333333334,4,25,9,38.52756933539763,38.13652722020669,59.90783410138257,0.28033621647249873,0.3797923875831604,40.010658884705656,36.40734111529434,0.011640171086541634,0.013640251549614263,0.016403469940164124,284680456.0,-0.1321004780762746,0,0,-1,0,0,0.00864553314121033,-0.8904291411207035,0.22362209128558228,0.2165322805238565,-0.03496326323790211,0.020905923344947785,-0.947440199287247,0.02100288789708596,0.0
2015-09-28,37.45,38.09,-0.018084623390897024,-0.012765576505916986,-0.023536791250727017,0.4532727100187553,-0.016945070527284164,38.690999999999995,38.2265,38.27066666666666,0,28,9,38.33164763805261,38.09223514148368,41.95121951219515,0.1747806966787877,0.3387900494022859,39.989180673829345,36.46381932617066,0.012053992529623355,0.014150621467825735,0.01653367608639693,276301034.0,-0.8810444359307443,0,0,-1,0,0,-0.007351010763980076,1.065378776892228,0.2279853016650714,0.2246341518052721,-0.04900964956830878,0.009433962264151052,-0.012571899358355293,0.031775700934579376,0.0
2015-09-29,37.68,37.45,-0.009566907939613008,-0.004467225928562133,0.004859620794777992,-0.3993182792241017,0.006122739744933677,38.569,38.2755,38.17833333333333,1,29,9,38.21316624931577,38.06563932590409,42.51207729468601,0.10843627864463912,0.2927192952507566,39.909281213207045,36.64171878679296,0.012387770177096698,0.013940888847484748,0.015665822191044506,281921759.0,-0.7289837772477006,0,0,-1,0,0,0.0,-0.6645265441548502,0.17288157633165882,0.221304749673831,-0.014644351464435212,0.0267029972752042,-0.24884402315126358,0.02229299363057315,0.0
2015-09-30,38.04,37.68,0.01747000492254035,0.012562321707942229,0.008581441774239846,0.24544773063437203,0.009508787969027136,38.459,38.359500000000004,38.10666666666667,2,30,9,38.181681476712896,38.06398517584576,46.39639639639638,0.08393924139685538,0.25096328447997635,39.73017751207275,36.98882248792726,0.012711523132309456,0.01381700855808593,0.01578985958312909,289106133.0,-0.46619280930181134,0,0,-1,0,0,0.011411889596602965,0.40385098917024587,0.17576965864761773,0.21933821104527912,-0.013996889580093264,0.0462046204620461,-0.20694246443918732,0.026288117770767613,0.0
2015-10-01,38.41,38.04,-0.007638651655457365,0.0002600442089806649,0.002932944376833709,-0.15584516404255308,0.009679604680623814,38.351,38.394,38.03866666666667,3,1,10,38.22319393549237,38.08630871288797,48.59611231101509,0.09330550291044659,0.2194317281660704,39.73123044504474,37.05676955495526,0.012793995716086559,0.01127340793576933,0.015859093117126955,295253742.0,0.02393005642264295,0,0,-1,0,0,-0.005783385909568845,-0.1860775843006552,0.17780235128617788,0.178959802957366,0.006287660466334666,0.018292682926829285,-1.394968993778626,0.023431398073418347,0.0
2015-10-02,38.38,38.41,0.003167901276556657,-0.0018217311479272929,-0.01502174169583776,0.1321484157099974,-0.0007813517782594535,38.242,38.441500000000005,38.01599999999999,4,2,10,38.25170412903921,38.10525653786294,44.34180138568133,0.09718726902040942,0.19498283633693822,39.699707162256885,37.183292837743124,0.012789071033235814,0.011098733872187617,0.014602277631860436,288237613.0,-0.09775814642429462,0,0,-1,0,0,-0.012236396771674015,0.5050310111335694,0.17645796744951336,0.1761869381609842,0.007613546862693665,0.025380710659898664,-1.5362316272794116,0.036216779572694126,0.0
2015-10-05,39.3,38.38,0.01854081052656293,0.02749049158176299,0.03974032864951412,-0.16272329466653326,0.023688028295661582,38.233999999999995,38.545,38.062333333333335,0,5,10,38.44230337830481,38.18233676122662,53.83141762452108,0.17251130492969935,0.19048853005549046,39.72149792537753,37.36850207462248,0.015331351257309653,0.01206685825693823,0.014200258919646297,294200104.0,1.2834701765542385,0,0,-1,0,0,0.0070349140177174575,-0.3886373327643661,0.14335278872573048,0.19155543632234945,0.04939919893190914,0.055600322320709106,0.9550789060850315,0.02442748091603056,0.0
2015-10-06,38.0,39.3,0.01565941381488394,-0.0010141988698951592,-0.015179563906917421,0.33490198138229244,-0.033638359148829684,38.209999999999994,38.5395,38.08866666666667,1,6,10,38.36188458224938,38.17057309921201,40.92356687898084,0.12585621847766504,0.1775620677399254,39.725550056632805,37.35344994336719,0.016224569660369514,0.013487654769945066,0.015122327512514999,285865714.0,-0.9097423788868343,0,0,-1,0,0,-0.001017811704834584,1.4251007594365488,0.34025465621641576,0.21410988174461243,0.00849256900212314,-0.002886381527158255,-1.3124842450243728,0.039473684210526314,0.0
2015-10-07,38.71,38.0,-0.03130510454062021,-0.015337723983709946,-0.00927281780094354,-0.13369228802474062,0.018511804863171034,38.223,38.559999999999995,38.16166666666666,2,7,10,38.42517829456767,38.20537483474672,44.12650602409635,0.14450700580467668,0.17095105535287566,39.74278885422579,37.3772111457742,0.01712560368996718,0.014091524896422071,0.015006349262932038,293157132.0,0.25363783140852997,0,0,-1,0,0,0.0013157894736841357,0.6024365023651844,0.3588936522945161,0.2236960228176481,0.017613038906414413,0.010704960835509203,-1.3685244225477884,0.0322913975716869,0.0
2015-10-08,38.76,38.71,0.016680084404726757,0.004113116338550468,0.016629656026651937,-0.03590511696323112,0.0012908224330087756,38.282,38.58,38.207333333333324,3,8,10,38.48605496828264,38.24115710347274,44.67766116941526,0.16146124652178884,0.16905309358665832,39.76207667397443,37.39792332602557,0.016676382852398485,0.014090694837710476,0.014432026663964896,300191395.0,0.3045487724494147,0,0,-1,0,0,-0.0005166623611470712,0.35063096698825685,0.3549507697879043,0.22368284604410132,0.009112210361885031,0.010427528675703845,-1.0451708960257546,0.020123839009287773,0.0
2015-10-09,39.94,38.76,0.009005592832470094,0.03485491954913797,0.015584731016698111,0.4768583080695686,0.029989540965103728,38.467,38.65,38.294999999999995,4,9,10,38.75040861041306,38.35075987099063,53.6082474226804,0.2670355234765509,0.18864957956463685,39.978806349994606,37.32119365000539,0.018889621961668875,0.015580749673667888,0.015360385940443309,311523629.0,1.9415921665414022,0,0,-1,0,0,0.007223942208462362,2.7652162992199174,0.4051168379773912,0.24733673325885605,0.04064616988014569,0.03632589517384521,-1.3806593982729896,0.039123685528292526,0.0
2015-10-12,41.22,39.94,0.02128818354874591,0.021262533090255744,0.027454698464409944,-0.4196889083803138,0.03154524747464376,38.844,38.7675,38.43233333333333,0,12,10,39.19942522670159,38.53587213737833,68.86075949367094,0.44881553506814953,0.2406827706653394,40.52474515259318,37.01025484740682,0.01896570537317343,0.016935333281631503,0.016199743644992166,318971754.0,2.7913009136839286,0,0,-1,0,0,-0.0015022533800699842,0.3396982558575977,0.42824634438942255,0.2688400813991541,0.04885496183206106,0.06045793671211741,-1.2653406218350822,0.03275109170305663,0.0
2015-10-13,40.82,41.22,0.02329721228806119,0.0029062747508918634,0.01715393212471812,0.022784912552954468,-0.009751418080614211,39.158,38.8635,38.56966666666666,1,13,10,39.49407518548312,38.6832352252894,64.07035175879403,0.5542122332089434,0.3033886631740602,40.84650436605315,36.88049563394685,0.01994213572145121,0.017170709588813803,0.016167819003382124,311351976.0,1.97326847433432,0,0,-1,0,0,-0.009704027171276046,0.3960561350753571,0.29054330795454913,0.27257656443908074,0.0742105263157895,0.049357326478149055,-0.48700537965353924,0.019108280254777097,0.0
2015-10-14,40.84,40.82,0.008780544217944703,0.0033800128750762024,-0.0014800200037567868,-0.2831054633526076,0.0004898359147660373,39.438,38.9485,38.719,2,14,10,39.738788788122555,38.82238133978686,67.63540290620878,0.6320676265305423,0.3691244558453567,41.11834379743324,36.778656202566765,0.020080050003987392,0.017154688102567442,0.015995717982747966,317093024.0,1.7434434702050932,0,0,-1,0,0,0.008819206271435558,-0.7463189179076284,0.3027012703934868,0.2723222312296317,0.05502454146215463,0.04343382728666323,0.3666165862019479,0.02399608227228217,0.0
2015-10-15,41.24,40.84,-0.0051126100408636485,-0.0019300367873008222,0.0018521469600232012,-0.010959237398144294,0.009746665852294256,39.721000000000004,39.036,38.836333333333336,3,15,10,40.01173628119118,38.97835673721997,69.96197718631183,0.7177712238448422,0.4388538094452538,41.42759405110053,36.644405948899475,0.02008096723192088,0.017173183897771793,0.014753838904955156,322771498.0,1.8431221627983192,0,0,-1,0,0,0.003183153770812817,-0.7938646743109156,0.2914843177900808,0.27261584287609825,0.06398348813209509,0.044315016459863354,0.005739783592500366,0.020002424830261867,0.0
2015-10-16,40.56,41.24,-0.0019545571822287633,-0.005326889109486518,-0.011775324392660779,0.36608409960983895,-0.016626299865831456,39.93900000000001,39.0905,38.940666666666665,4,16,10,40.11142059370187,39.08039823804449,69.60907944514507,0.7224931736056774,0.49558168227733856,41.57173462476932,36.60926537523068,0.021358419015481273,0.017675670654964944,0.015059724208870036,314582704.0,1.184490966981104,0,0,-1,0,0,-0.008486905916585873,0.8745815734929258,0.3009047747752616,0.2805925728559165,0.01552328492739119,0.027615910818343137,0.8793364295792756,0.026627218934911198,0.0
2015-10-19,41.41,40.56,-0.008103175093623205,0.006292373133314685,0.010169999598521221,-0.396859395924237,0.020740038274548022,40.15,39.19199999999999,39.080000000000005,0,19,10,40.34752594030153,39.23069512591259,71.81286549707606,0.7857654342603979,0.5536184326739505,41.88052219238442,36.50347780761557,0.02109223974941826,0.018170098462451385,0.015332937321458616,320089083.0,1.6499770812997316,0,0,-1,0,0,0.0,-0.8760207907693974,0.2376278942138166,0.28844137097522077,0.004609412906356081,0.0515490096495681,0.25175794761477693,0.022458343395315137,0.0
2015-10-20,41.38,41.41,0.015413149165061646,0.011752143892469709,0.014942102861850074,0.03662732222019332,-0.0007247252400788042,40.488,39.349000000000004,39.189,1,20,10,40.53524849661034,39.369359956498876,70.3163017031631,0.8239899640125543,0.6076927389416713,42.16705382638749,36.53094617361252,0.01651033525059523,0.016614294030082383,0.01487716657976279,314377281.0,1.4414203028929198,0,0,-1,0,0,-0.005312726394590651,-0.6905093612470039,0.2200209737536729,0.2637437412750184,0.01371876531112215,0.08211297071129708,-0.14361498278029636,0.01957467375543729,0.0
2015-10-21,41.04,41.38,0.005085372383279431,-0.00023846429110259607,-0.006096836346883689,-0.10228600841166681,-0.008250471454882993,40.721,39.472,39.28033333333333,2,21,10,40.62702149722664,39.477143185111856,66.05616605616612,0.8174252512655187,0.6496392414064408,42.362540652396,36.581459347604,0.016886276207908828,0.016793228433078615,0.015006663095736748,309220830.0,1.0849181440850975,0,0,-1,0,0,0.00048332527791193863,-1.0794313051960538,0.23402970454341462,0.26658423686294946,0.004897159647404337,0.0637636080870918,0.3021546602882638,0.02558479532163736,0.0
2015-10-22,44.08,41.04,0.02669367264247864,0.05159136586729771,0.03556357483775658,1.0853536408831868,0.07145896398214485,41.253,39.7675,39.471000000000004,3,22,10,41.25483577045816,39.77410168929819,75.44642857142858,1.0454736928310524,0.7288061316913632,43.24613781567259,36.28886218432741,0.027182702514402617,0.02274171917568686,0.01990484975288938,324486434.0,2.4794188004112065,0,0,-1,0,0,0.03606237816764142,3.338300434037027,0.5776887297095469,0.3610135999496175,0.0688651794374393,0.15483363898349478,1.520865158871176,0.04060798548094372,0.0
2015-10-23,45.23,44.08,0.04101012357734263,0.027919177997333233,0.044328587107230547,-0.20867537137548686,0.025754418645092723,41.782,40.1245,39.694,4,23,10,41.97759290310212,40.12609512869831,75.94050743657046,1.3039677858772052,0.8438384625285317,44.27826291039643,35.97073708960357,0.026910470580577654,0.02299003998478599,0.020279493893158914,336876894.0,2.4582529673137903,0,0,-1,0,0,0.004990925589836635,1.8275475827641308,0.511814899443982,0.36495557058704936,0.11513806706114393,0.18745077448149106,1.1999330274599063,0.024762325889896034,0.0
2015-10-26,45.77,45.23,0.01745401212048569,0.011170853213828432,0.01412737925921049,-0.6752958683447422,0.01186827117579901,42.237,40.540499999999994,39.924,0,26,10,42.66712146617446,40.490218023621004,86.4104967197751,1.5347085392794355,0.9820124778787125,45.20194082085261,35.879059179147376,0.026052629781516443,0.022184807275427567,0.020306170552364968,343183710.0,2.243726865138444,0,0,-1,0,0,-0.0033163829316824804,-0.4761474006458556,0.517429708425209,0.3521728976080665,0.10528857763825172,0.22216288384512684,1.424425792277488,0.021848372296263928,0.0
2015-10-27,45.47,45.77,0.014753102549954817,0.004329537991315717,-0.0035690423787822817,0.15989120816126495,-0.0065760868286315645,42.702000000000005,40.92999999999999,40.143,1,27,10,43.17673574505182,40.81149428016158,82.94346978557505,1.6740671518962387,1.120423412682218,45.878071394625465,35.98192860537452,0.025794693723298692,0.02248992334860948,0.020410739090379475,335783398.0,1.835058404747875,0,0,-1,0,0,-0.00043696744592534685,-0.0918203001895237,0.5339802244418164,0.3570164651119541,0.09884001933301101,0.20674097664543511,1.356104286696943,0.029892236639542585,0.0
2015-10-28,45.41,45.47,-0.005479465764625596,-0.007165181728025582,0.003793911326775497,-0.21136681150036452,-0.0013204227270594347,43.159,41.298500000000004,40.352,2,28,10,43.58278379140604,41.10817206853826,82.37585199610514,1.7593872369732608,1.2482161775404266,46.434516375608744,36.162483624391264,0.02588386574664127,0.022624049978102072,0.020446936151312246,329793015.0,1.6010462970974004,0,0,-1,0,0,0.0006597756762700932,-0.6122613223626817,0.5132986534110159,0.35914565934692627,0.1064814814814814,0.1937434279705572,1.4640335060886365,0.01893635763047794,0.0
2015-10-29,45.82,45.41,-0.005730674708984983,0.002399913882321393,0.003996890460992846,-0.34710289125024446,0.008988331915489724,43.617,41.669,40.562999999999995,3,29,10,43.98955037478676,41.412160967342245,80.94736842105263,1.8388900131792028,1.3663509446681819,46.9932994103,36.3447005897,0.025888810727897085,0.02262362280000948,0.020447494048166096,334026614.0,1.5592661794976383,0,0,-1,0,0,-0.0037436687954193926,-1.211784373055791,0.20116479445075156,0.35913887810493506,0.03947368421052633,0.1929185108044782,0.49212912177883444,0.01724137931034481,0.0
2015-10-30,46.29,45.82,0.011647203417631084,0.02283597724752978,0.012559380688274984,0.6413415492160021,0.01020527801782958,44.19,42.064499999999995,40.790333333333336,4,30,10,44.40781394300734,41.726860259771776,79.17146144994246,1.9177153790023382,1.476623831535013,47.53329174570481,36.59570825429518,0.02406463437383673,0.022504284694380514,0.020438954008837322,342066332.0,1.5453139181314448,0,0,-1,0,0,-0.0010912265386293575,0.18959791296247452,0.12919023292763587,0.3572444444083683,0.02343577271722319,0.20609692548202174,-0.7636924149464761,0.02765176063944699,0.0
2015-11-02,46.74,46.29,0.015178088431336178,-0.00021301523139451422,0.01521107120646183,-0.482454135692137,0.009674374067532744,44.723,42.4365,41.03566666666667,0,2,11,44.83184777155146,42.05028863010908,83.86727688787182,1.9935162738324053,1.5800023199944915,48.12141364559646,36.75158635440354,0.023942534529169175,0.022251142442922225,0.020398321207454658,347028982.0,1.5140071664354986,0,0,-1,0,0,0.0038885288399222234,-0.926207337946998,0.12209391269209363,0.35322593574627864,0.02119292112737603,0.18931297709923678,-0.8496940531844461,0.012195121951219518,0.0
2015-11-03,46.96,46.74,0.011340658613171564,0.004463818656589021,0.0008622548497149578,0.12370596933787703,0.004695846409129061,45.281,42.8845,41.32633333333333,1,3,11,45.21878454036028,42.36704420236011,84.22818791946305,2.0477361626726776,1.6735490885301287,48.50920293952388,37.259797060476124,0.02367104905047402,0.019984674624535875,0.019310692027222263,352645129.0,1.449143197007656,0,0,-1,0,0,0.005562687205819383,-0.6306239072609146,0.07746428178347138,0.3172468745343903,0.032768858588080096,0.23578947368421055,-1.3455466076807103,0.015758091993185733,0.0
2015-11-04,46.64,46.96,-0.0027697897754438406,-0.0038249090405627164,-0.0012936612412201688,-0.04218118887744568,-0.006837633477604075,45.840999999999994,43.281,41.595,2,4,11,45.47718735120387,42.64271876994978,80.47404063205414,2.04135304238887,1.7471098793018771,48.78334744163022,37.77865255836978,0.023535347041752308,0.02026829313731784,0.01947119982985804,347260951.0,1.2209334418201718,0,0,-1,0,0,-0.0019165247018740079,-0.67187727545958,0.1136734870862424,0.32174917884660076,0.0270865448139177,0.20485662619478173,-1.778437277198499,0.01329331046312173,0.0
2015-11-05,46.67,46.64,-0.0044905453413309065,-0.0014914245866700204,-0.0008633715192035192,-0.11584235327871104,0.0006430179194873,46.1,43.6765,41.87833333333334,3,5,11,45.694062378257705,42.90254336543689,87.21071863580995,2.015481902082314,1.8007842838579646,48.942631207511845,38.41036879248815,0.009917550970213783,0.020282713687057433,0.01923618314101837,352056184.0,1.1368877386609513,0,0,-1,0,0,0.0004288164665522303,-0.8275869057271666,0.11229626371794496,0.32197809797687954,0.018550851156700077,0.2040763673890611,-0.8137786440223974,0.01264195414613234,0.0
2015-11-06,46.85,46.67,0.001285071926687661,0.008957628191675261,0.004524407157803077,0.013095099292053956,0.0038494487227068953,46.262,44.022,42.17033333333333,4,6,11,45.904232854938115,43.15721798702161,86.07427055702915,1.9866030097956227,1.8379480290454961,49.161115631475646,38.88288436852435,0.006884631027674353,0.019702025439813513,0.019170786428467285,356914624.0,1.1005784663335043,0,0,-1,0,0,0.0010713520462823476,-0.726340071121947,0.09689730155429918,0.31275995782808713,0.012097645279758096,0.1730095142714072,-0.7147804768329474,0.01711846318036285,0.0
2015-11-09,46.37,46.85,0.0,-0.008744431303542308,-0.012546130389511623,-0.17619984323671645,-0.01029831028106177,46.322,44.2795,42.46766666666667,0,9,11,45.98891779040391,43.364494245923446,81.22653316645795,1.9030471482058005,1.8509678528775573,49.34300606637372,39.21599393362628,0.007432318332044317,0.0192714372823969,0.018924708397201576,352841063.0,0.8257124500680733,0,0,-1,0,0,-0.0027748132337247077,-0.9332131842915236,0.10545353758002916,0.3059245827360038,-0.007916131792896963,0.1249393498301794,-0.5385731142775542,0.02091869743368555,0.0
2015-11-10,46.46,46.37,-0.009030377427783306,-0.006844946511661127,-0.006989980404710275,0.23390753952777454,0.0019390289388936202,46.421,44.5615,42.76033333333333,1,10,11,46.07456910123956,43.56420429457355,85.01291989664074,1.8230754942741143,1.845389381156869,49.43854947472754,39.68445052527247,0.00689748116396334,0.018942742263025288,0.018949224410022475,357988120.0,0.7785444908188309,0,0,-1,0,0,-0.0015095967220185528,-0.49721698248388624,0.09653116802551501,0.30070671106534674,-0.010647359454855176,0.13816756491915738,-0.6238683177855802,0.020878174773999267,0.0
2015-11-11,46.72,46.46,0.00988617551167922,0.013855065500456109,0.01953611079422182,-0.29349376016989176,0.005580611177708491,46.55200000000001,44.8555,43.04966666666667,2,11,11,46.19192017374145,43.76780401750429,76.61290322580633,1.760384591686332,1.8283884232627616,49.49089006477601,40.22010993522399,0.006854446338584896,0.018889587797576473,0.018945876390619065,361826043.0,0.8044630436468324,0,0,-1,0,0,0.006457167455875961,-0.9161160141517904,0.09872276754001834,0.2998629100854459,0.0017152658662091813,0.14397649363369225,-1.735464304494806,0.015410958904109566,0.0
2015-11-12,46.69,46.72,-0.003856872147672669,-0.0010589855908655237,0.0,0.13471925289421124,-0.0006423295371259443,46.639,45.128,43.32566666666666,3,12,11,46.282480142152096,43.95633279056853,69.01041666666656,1.6888132624031869,1.8004733910908468,49.50186785351277,40.75413214648723,0.0065649432780123486,0.018949831473746286,0.018989784533133512,357434632.0,0.7142419717804294,0,0,-1,0,0,-0.002996575342465766,-0.6896084798670586,0.09891064193201109,0.3008192487967037,0.0004285408185129569,0.1321532492725508,-1.5209224261577037,0.01434996787320614,0.0
2015-11-13,45.89,46.69,-0.0006442607331188757,-0.00808515042631686,-0.01865749645046793,0.19626808346055533,-0.017282780576103458,46.599000000000004,45.3945,43.57600000000001,4,13,11,46.211120116306255,44.081085513757664,51.463414634146304,1.549675460116923,1.750313804896062,49.2103808047136,41.5786191952864,0.008201804680912288,0.018991350173720535,0.01944124547751154,352090930.0,0.2597041288018898,0,0,-1,0,0,-0.0029985007496252,-0.3094383425436557,0.1485190291979801,0.3014783377260471,-0.020490928495197402,0.1314102564102564,-0.6493906331558357,0.025057746785792163,0.0
2015-11-16,45.74,45.89,-0.02810336351768471,-0.02224954078755861,-0.02169438073327584,0.07727649605002396,-0.003274039812107035,46.499,45.611000000000004,43.79066666666666,0,16,11,46.12546191334148,44.18811225480556,53.41772151898737,1.4110384302901764,1.682458729974885,48.93460552475811,42.287394475241896,0.007325642328498083,0.01878264132274311,0.019215202228633838,346317911.0,0.07762654083888998,0,0,-1,0,0,-0.013728481150577523,-0.16281203431699315,0.13822498168353653,0.2981651874294212,-0.0135863704981668,0.10456411494808027,-1.4683128736062019,0.02404459991254923,0.0
2015-11-17,45.93,45.74,0.016217756283703665,0.01903995206886311,0.02398915637002258,-0.16844941241284894,0.0041453097430670235,46.396,45.838499999999996,44.05499999999999,1,17,11,46.089923383643026,44.300492109334236,56.372549019607874,1.3014961598528032,1.6062662159504686,48.49954273190878,43.17745726809121,0.0072701255905840995,0.018733996542536047,0.017805177344714075,351195962.0,0.0687700343198697,0,0,-1,0,0,0.00568430257979882,-0.4619124504888594,0.1436923193188939,0.2973929754833655,-0.011407662505380944,0.10995650072498786,-1.4269345312374664,0.01948617461354226,0.0
2015-11-18,46.31,45.93,-0.0015228981513928806,-0.005264583741388007,-0.014637360328109934,0.14534289966566363,0.008239422154958629,46.36300000000001,46.102,44.30833333333333,2,18,11,46.12993731388975,44.43013777969977,56.04938271604941,1.231153968942003,1.5312437665487755,47.512003359455555,44.69199664054444,0.007753634840402635,0.01846454701524844,0.017660112899202173,356837116.0,0.29503475804528556,0,0,-1,0,0,0.0,-0.20272894239517772,0.15381337609176265,0.293115596842844,-0.008775684931506822,0.1284113060428851,-1.126881168093349,0.028395594903908392,0.0
2015-11-19,46.87,46.31,0.013838058656583701,0.01571132622757051,0.03057006608467793,-0.3092172782238854,0.012019891441954002,46.383,46.2415,44.57866666666666,3,19,11,46.264494165909795,44.587548245525596,57.00483091787437,1.2066846858188214,1.4663319504027847,47.322985820036045,45.16001417996396,0.008752171527271412,0.00950198890995167,0.017667962044114787,360977843.0,1.16228985781626,0,0,-1,0,0,0.005614338155905809,-0.7959191043072434,0.18321312974939472,0.150839397697355,0.0038552152495181513,0.0632940108892921,-1.0781435010299654,0.01386814593556643,0.0
2015-11-20,47.32,46.87,0.009191044715772676,0.005288219621564382,0.008778559747056007,0.3929603648679776,0.009555227175571307,46.43,46.346000000000004,44.824666666666666,4,20,11,46.45640431756256,44.763835455491694,57.00483091787437,1.2096596385192484,1.4149974880260774,47.41983033061045,45.272169669389555,0.009177859608932547,0.008000580629670606,0.01709443625959478,367111749.0,1.8140668450783959,0,0,-1,0,0,0.0027736291871133466,0.7272778237696634,0.09538747686273268,0.12700528014137386,0.031161473087818692,0.0462082688481098,-1.1366213547374697,0.010355029585798859,0.0
2015-11-23,47.47,47.32,0.009528923345878326,0.0075662403833158766,0.00042625746595975725,-0.4285681611058112,0.0031648934530406816,46.54,46.431,45.033,0,23,11,46.64069444164209,44.93842671642771,56.265356265356246,1.2101709588569705,1.374032182192256,47.57939751048876,45.282602489511234,0.008282264030686388,0.007677827880855466,0.016363142808946456,371107628.0,1.809477973455025,0,0,-1,0,0,0.0027472527472528012,-1.1268074459252881,0.05941823780279054,0.1218817390914097,0.03782247485789236,0.0371422329036486,-0.03990127553057397,0.01748472719612383,0.0
2015-11-24,46.23,47.47,-0.02216157180285256,-0.023515541790993848,-0.03292478469646661,0.6864618942026541,-0.026468994563092638,46.517,46.469,45.21333333333334,1,24,11,46.56602272497989,45.02175402504528,45.891783567134226,1.0978630650035441,1.3187983587545138,47.530516293844215,45.40748370615579,0.012250498772541616,0.009767820284892833,0.01712330281356508,363169119.0,-0.4502992584965047,0,0,-1,0,0,-0.022329892563724505,2.3145351922065838,0.24966530529268485,0.1550593399499911,0.0065316786414106875,0.016714317132175083,-2.008342135720566,0.026822409690677094,0.0
2015-11-25,45.88,46.23,0.00021544759320653566,-0.0010723861617525938,0.006365952790299502,-0.7302109295049325,-0.0075996457389639815,46.433,46.4925,45.38133333333334,2,25,11,46.44129132043809,45.07712473310688,42.56120527306968,0.9694410619559406,1.248926899394799,47.473023490682884,45.511976509317115,0.012238666454861042,0.009940231684847912,0.01724786247494018,359344287.0,-1.2493326387793544,0,0,-1,0,0,0.004109885355829653,-1.1171205742612198,0.2475262286002644,0.1577962860748329,-0.009285251565536612,0.010350143140277712,-1.1423068473688824,0.019616390584132486,0.0
2015-11-27,45.82,45.88,-0.009306419294458522,-0.006674586088421063,-0.002190581379818698,0.14536175781120153,-0.0013086152358205403,46.346,46.4925,45.534,4,27,11,46.328329262176624,45.12505216968063,40.077071290944104,0.8529914463265484,1.169739808781149,47.473023490682884,45.511976509317115,0.01223381264712409,0.009743627721315741,0.01723894087023542,354921030.0,-1.3717162442108064,0,0,-1,0,0,0.00239755884917174,-0.6244930178665179,0.21661182387805966,0.15467529490917847,-0.022402389588222715,0.0,-1.1431581309984467,0.01505892623308594,0.0
2015-11-30,45.88,45.82,-0.001958864485333034,-0.00628455855408416,-0.004395611473038109,0.08436408508853442,0.0013086152358205007,46.345,46.472,45.71133333333333,0,30,11,46.24681485087178,45.17375848131414,44.863731656184534,0.7568216170291464,1.0871561704307484,47.48689123088034,45.457108769119664,0.010994554607579098,0.009451078028834612,0.016822982246166723,359733644.0,-1.1666274808315866,0,0,-1,0,0,0.001745962461807034,-0.19244247669944944,0.18897186855606615,0.15003121251457752,-0.030431107354184195,-0.008857204579822753,-1.6570717518409566,0.013077593722755044,0.0
2015-12-01,47.04,45.88,0.00217627942259567,0.023206885902980923,0.010953012019197145,0.10855160274732653,0.024969011329201405,46.475,46.487,45.898999999999994,1,1,12,46.39103033253146,45.29416115993903,54.965753424657535,0.7653857494368381,1.0228020862319664,47.52712347444751,45.4468765255525,0.013470430961568108,0.010863460370605855,0.01698887971196963,365098084.0,1.063335293521266,0,0,-1,0,0,0.0026155187445509468,0.3564685101110888,0.2935925019722261,0.172452087109372,-0.00905835264377497,0.006418485237483784,0.31812701888195766,0.025085034013605435,0.0
2015-12-02,47.51,47.04,0.03712822442158897,0.029509308725185063,0.02919915469226235,0.01579040672212666,0.009941911608458425,46.632999999999996,46.5145,46.10333333333334,2,2,12,46.59447936298028,45.43711850445909,56.528925619834716,0.8008660725546974,0.9784148834965126,47.63338054956817,45.39561945043182,0.013656574592032197,0.01103721980286422,0.01699020679351744,370547903.0,1.779457155429514,0,0,-1,0,0,0.01488095238095244,0.4552737104179094,0.20178412538397084,0.17521043258361646,0.027687648712956925,0.011712095400340683,1.041043070797939,0.02588928646600724,0.0
2015-12-03,47.29,47.51,-0.0046189458562945285,-0.011615977945720994,-0.012134262775916093,0.3377940016506549,-0.00464135854304548,46.730999999999995,46.547000000000004,46.311666666666675,3,3,12,46.72093766062022,45.55665924610689,54.807692307692335,0.8019875100680665,0.9431294088108235,47.71778651026693,45.376213489733075,0.013761730087898976,0.010970191108476838,0.016908246307188877,362908065.0,1.2692322528222468,0,0,-1,0,0,0.00021048200378878375,2.228994597756388,0.19051232333026344,0.17414638504729024,0.030732345248474235,0.013936535162950126,1.2814476424532595,0.026221188411926454,0.0
2015-12-04,49.41,47.29,0.003780722839905931,0.031220444897181208,0.020982013774248624,0.10859747330920136,0.043853976201874194,46.985,46.684,46.48933333333333,4,4,12,47.209858085962,45.805261875390315,73.28042328042329,0.9628434795150866,0.9470722229516761,48.42013484802236,44.94786515197764,0.01920049555737609,0.014746971576427126,0.013222086938714756,371424296.0,3.1403090642471643,0,0,-1,0,0,0.008669909071685423,2.36512715091459,0.31677527387980614,0.23410091629538593,0.07835006547359225,0.05871009213627576,0.8216435653451576,0.03582270795385556,0.0
2015-12-07,49.58,49.41,0.04468872291754023,0.0375081173742733,0.035640810100564184,0.031035992348156117,0.003434693749385934,47.211,46.8205,46.63433333333333,0,7,12,47.64079297942345,46.04879336730062,75.32981530343008,1.0914589145004712,0.9759495612614352,48.98742335861158,44.653576641388426,0.019151470714245517,0.014745931173470088,0.01254022334222006,380208981.0,2.54692902638523,0,0,-1,0,0,0.009512244484922203,2.10657586873493,0.31113258671876637,0.23408440041046022,0.08064516129032251,0.05827107790821762,0.8181690632962199,0.038926986688180856,0.0
2015-12-08,45.04,49.58,-0.04678735957446137,-0.07563741420562008,-0.11142804377400607,0.8228709980916117,-0.09603654277560944,46.968,46.754000000000005,46.61,1,8,12,47.16792152861918,45.98370992424897,46.26990779547359,0.817622472799556,0.9442841435690594,49.0565240155309,44.45147598446911,0.0360482397337472,0.025709451086417867,0.02125048959952335,360206009.0,-1.4888009753112665,0,0,-1,0,0,-0.03993545784590555,3.843178499590805,0.8031887887997694,0.4081248835118462,-0.04251700680272108,-0.02868233771835238,-1.4202398501951252,0.07548845470692715,0.0
2015-12-09,44.5,45.04,-0.05306398984798472,-0.03680346897620436,-0.007950070265460478,-0.7265180691810108,-0.012061794659240396,46.795,46.656,46.577666666666666,2,9,12,46.682844887052056,45.88798670332969,42.51447477253927,0.550683693999126,0.8655640536550728,49.16848168361834,44.14351831638166,0.035383141597192705,0.025810428138784054,0.021328587785593385,350532774.0,-1.716231416974983,0,0,-1,0,0,0.002220248667850831,0.8661584738960807,0.7878937678134372,0.4097278445239579,-0.06335508314039151,-0.04218682737839008,-1.0790525146918069,0.045617977528089916,0.0
2015-12-10,45.25,44.5,-0.0068912132220415815,-0.00043601483141157986,0.016061876800836605,-0.0009430454258417605,0.016713480973740532,46.732,46.582499999999996,46.57233333333333,3,10,12,46.42232763486077,45.84682627085681,43.403908794788286,0.3950970873150297,0.7714706603870642,49.17192688233106,43.993073117668935,0.035888933719148176,0.026101894684259913,0.02156104880352222,360196891.0,-1.0291852680547198,0,0,-1,0,0,0.007415730337078613,0.7820159350370428,0.8148287167630553,0.4143547324929032,-0.04313808416155629,-0.031464041095890405,-1.3226650037430505,0.02872928176795574,0.0
2015-12-11,43.42,45.25,-0.006265404250529835,-0.028532290471293888,-0.030533244540288797,-0.3818371871800921,-0.04128250569578927,46.492000000000004,46.419,46.492333333333335,4,11,12,45.876449883067906,45.690256834027345,35.72474377745242,0.12271331185239376,0.6417191906801302,49.367847410874816,43.47015258912518,0.03802320630472529,0.027530245541251563,0.022716652095672172,353600105.0,-2.0340150452954773,0,0,-1,0,0,-0.015469613259668571,-0.09270717772788627,0.6827640665971072,0.4370290994081785,-0.12123052013762392,-0.07003641036624542,-1.0782908937393862,0.031091662828189807,0.0
2015-12-14,43.77,43.42,-0.020408871631207123,-0.012871353040203246,-0.013041638035535454,-0.02488480039548481,0.008028486752658201,46.281,46.313,46.40833333333333,0,14,12,45.493458995237376,45.56636929634817,36.65223665223665,-0.06417099441436847,0.5005411536612304,49.48581943354588,43.14018056645413,0.03820113373016768,0.027437856595993203,0.022680845827647886,360034757.0,-1.6029906858947842,0,0,-1,0,0,0.0052970981114692966,-0.15374472232252054,0.6954484366699428,0.4355624703699075,-0.11718434852763204,-0.04619742863368925,-1.0618561879027657,0.03061457619374008,0.0
2015-12-15,44.22,43.77,0.014555635649495564,0.01667832214372241,0.026509081258799208,-0.1506920153784513,0.010228524226496115,45.999,46.237,46.32433333333333,1,15,12,45.261920996103306,45.479506761099906,42.310635042081095,-0.1739615934049752,0.36564060424798933,49.537845824616234,42.93615417538377,0.03720416926556833,0.02757162994258999,0.022690713464351652,365569282.0,-1.2221110025546296,0,0,-1,0,0,0.011880283299063193,-0.4016047087560198,0.37013625010360846,0.43768605641277114,-0.018206039076376523,-0.033231307389593456,-1.2746244778025344,0.0211216644052466,0.0
2015-12-16,44.8,44.22,0.0024805515030722897,0.008235995358320921,0.0022118605740872287,-0.17897536531782074,0.013030963991639291,45.727999999999994,46.180499999999995,46.25233333333334,2,16,12,45.17793536044816,45.43566761522249,45.93984962406012,-0.21172959439869743,0.250166564518652,49.5416055512,42.81939444879999,0.03736168824612159,0.02773751736558314,0.0228227229343385,370196845.0,-0.8214559042973947,0,0,-1,0,0,0.004070556309362273,-0.6499280229670216,0.3764914560710342,0.44031943761401066,0.006741573033707704,-0.0246026562159809,-2.128092871156768,0.026941964285714305,0.0
2015-12-17,43.51,44.8,0.010084119066626226,0.002435515429519235,-0.00945162826654381,0.09397217838760923,-0.029217342688350717,45.35,46.0405,46.148,3,17,12,44.87467438582122,45.311430994885555,42.050929112181684,-0.341813018602906,0.1317706478943404,49.60593922148409,42.47506077851591,0.03809464672045177,0.028326828507875483,0.023352259595066947,365113332.0,-1.4194604607208523,0,0,-1,0,0,0.0011160714285715237,-0.5132595753255189,0.39860136711291305,0.4496744619780803,-0.03845303867403316,-0.060462103217447716,-0.7061576744126274,0.03976097448862324,0.0
2015-12-18,42.74,43.51,-0.03655759573379758,-0.031220952419105972,-0.019034929409638482,0.5215594413681862,-0.017855546841587036,44.683,45.834,46.017,4,18,12,44.48655177021736,45.14553222102197,39.698162729658776,-0.501259427667712,0.005164632781929912,49.66561584713186,42.002384152868146,0.03336709454054478,0.02829015182710994,0.023519044446074583,356549378.0,-1.6149844470008665,0,0,-1,0,0,-0.0062054700068948756,0.3966205455111969,0.3011795512359886,0.4490922377207547,-0.01566098572086594,-0.08811606571367603,-0.7581722386191316,0.027140851661207218,0.0
2015-12-21,43.37,42.74,0.0,-0.004344353465847646,0.007704018493653779,-0.5512409379476393,0.014632707956273111,44.062,45.6365,45.900999999999996,0,21,12,44.283542357450564,45.03098175514959,37.52549286199862,-0.5702130595256918,-0.10991090567959444,49.551896195586494,41.7211038044135,0.03419954540591761,0.028445110783103647,0.02370610130132619,361484222.0,-1.1577372438349098,0,0,-1,0,0,0.01169864295741694,-0.6021085686067287,0.3198004957951083,0.45155213488664403,-0.009138679460818033,-0.08347421808960276,-0.749695574112555,0.014756744293290307,0.0
2015-12-22,43.54,43.37,0.0073733052937521365,0.0009161704717795821,0.0006974311569458821,-0.2729731561367336,0.003912097959126577,43.912,45.440000000000005,45.80666666666666,1,22,12,44.148352837914096,44.93478938384962,36.22484385843163,-0.604177152183361,-0.20876415498034778,49.36241601164556,41.51758398835445,0.020218081424091816,0.028455484747139735,0.023683226504450906,365240197.0,-0.9687906608370739,0,0,-1,0,0,0.0043809084620706675,-0.9246968786566997,0.3077859599170508,0.4517168164603405,-0.015377657168701986,-0.08278912997682741,-0.5998924447642674,0.01492880110243451,0.0
2015-12-23,43.44,43.54,-0.0002295947662479865,-0.0011453443011312499,-0.002559629088010551,0.2533136842131597,-0.002299380180721375,43.806,45.3005,45.706,2,23,12,44.019561412838804,44.83835135908513,36.5290412876137,-0.6318791945540809,-0.2933871628950944,49.30226526837224,41.29873473162776,0.019980576890760736,0.02797147624808186,0.02367267443365387,360401422.0,-0.9298396458704736,0,0,-1,0,0,0.00022967386311433189,-0.5760452568800067,0.2748043725072766,0.4440334197346478,-0.03035714285714286,-0.06035042180402339,-0.2733671202525064,0.01634438305709026,0.0
2015-12-24,43.9,43.44,-0.0011487652038733708,0.01839497763591096,0.01342302033214055,-0.9021835988391619,0.010533644455445614,43.671,45.201499999999996,45.612,3,24,12,43.99782297414084,44.7778125617248,28.18685669041963,-0.6096870147071698,-0.3566471332575095,49.24069364021464,41.162306359785354,0.01940583270122441,0.0281003031253768,0.02374506247717804,362364430.0,-0.6444355561675104,0,0,-1,0,0,0.001381215469613312,-1.3056343897968379,0.20175353408077748,0.44607848301166847,0.008963456676626125,-0.043156059285091586,-0.9588146642125527,0.021412300683371247,0.0
2015-12-28,43.82,43.9,0.009836519893049754,-0.0006752954674183947,-0.004954783426901411,0.1336384929222709,-0.0018239859138051342,43.711,45.1015,45.516333333333336,0,28,12,43.96549152429705,44.71601820290385,27.03349282296648,-0.5917337454287406,-0.40366445569175574,49.17510321556817,41.02789678443183,0.0142525069743502,0.028100049278443295,0.02374406944408866,360120752.0,-0.6291727162343486,0,0,-1,0,0,0.0006833712984054929,-1.16844478672885,0.11960357913488592,0.44607445331652573,0.0252690687880206,-0.04364906154517678,0.3640249662443215,0.025673208580556824,0.0
2015-12-29,44.34,43.82,0.0004551661434979776,0.00022514916227054884,0.012284179499583502,0.19332719945671442,0.011796870020845064,43.768,45.0245,45.46466666666666,1,29,12,44.03358397442486,44.69175896400682,45.892018779342735,-0.5294429077270735,-0.4288201460988193,49.094360853691896,40.95463914630811,0.014510204761851114,0.028261050325239956,0.023689851103726584,362842961.0,-0.3363751364516894,0,0,-1,0,0,0.002966681880419958,-0.9950030364621363,0.10584879395825438,0.44863026570039594,0.022365690569518204,-0.03356582388840457,0.11896272861209295,0.013531799729364037,0.0
2015-12-30,43.35,44.34,0.00906008462440248,0.0,-0.01147591203453059,-0.03414619784706876,-0.022580500961614604,43.681,44.84,45.385,2,30,12,43.909295979074884,44.605193869554775,43.58974358974359,-0.5535803664197587,-0.4537721901630072,48.85939508410135,40.820604915898656,0.01588873811381164,0.027905775760046277,0.024009933460681986,360212136.0,-0.7414050964502958,0,0,-1,0,0,0.0002255299954893552,-0.9607031548762361,0.21836536215958793,0.4429904568205015,-0.004363803399173083,-0.07844387755102034,-1.036609069988928,0.025374855824682845,0.0
2015-12-31,43.06,43.35,-0.026735283668927287,-0.025537183457837283,-0.01324522675002068,0.37435274256151835,-0.006712211290333915,43.507,44.6175,45.28933333333334,3,31,12,43.75487852833399,44.50550394248673,37.132784958871916,-0.5893167757497082,-0.4808811072803474,48.50508279654505,40.72991720345495,0.015023904739437433,0.027723905222958433,0.024003505546531422,356386785.0,-0.8012691080864809,0,0,-1,0,0,-0.003921568627451019,-0.636466521143581,0.22245358124535047,0.4401033515488364,-0.008747697974217261,-0.0936644916859608,-0.6969549549585599,0.012772875058058457,0.0
2016-01-04,41.96,43.06,-0.0348762962819055,-0.025969408872196887,-0.03741406542279112,0.43607437857876996,-0.025877708408120537,43.352000000000004,44.351,45.144333333333336,0,4,1,43.42853697772781,44.34127788168114,40.61696658097685,-0.6983488141050813,-0.5243746486452942,48.19774243593385,40.50425756406615,0.014448690776542442,0.028119617853346823,0.024303393597996086,350470406.0,-1.2431297596973385,0,0,-1,0,0,-0.031583836507199245,-0.09886466768788205,0.2438189037733203,0.4463850948127658,-0.04419134396355351,-0.11270881793190946,0.26431994560133426,0.024068160152526087,0.0
2016-01-05,42.46,41.96,0.01664723343315621,0.020875626151940437,0.0061442563839517106,0.45921308425515495,0.011845672747013626,43.324,44.003499999999995,44.99733333333334,1,5,1,43.252439345413656,44.219905115121065,41.740226986128604,-0.7359283448495475,-0.5666853878861449,47.110539714819744,40.89646028518025,0.014254998685250054,0.02588919423489952,0.024299641998072198,359835016.0,-0.9935502225078825,0,0,-1,0,0,0.010486177311725398,0.7391795958824388,0.28498871324191816,0.4109782175363475,-0.031036056595162065,-0.14065978546852853,0.017103457143500457,0.03876825247291561,0.0
2016-01-06,42.85,42.46,-0.01019328489241262,0.009702085806450668,0.008796953186780664,-0.40734821840585805,0.009143188768678812,43.272000000000006,43.667,44.848333333333336,2,6,1,43.17926855533844,44.13152413995197,41.29606099110548,-0.7258732382265549,-0.5985229579542269,45.37294132064015,41.96105867935985,0.013689298120358904,0.02604508297497936,0.024292325638084308,366066344.0,-0.9578289594315275,0,0,-1,0,0,-0.011540273198304333,0.000226727473381964,0.2747570051529122,0.4134528745670261,-0.033603969327920646,-0.13574021782976997,-0.006214303126846127,0.03967327887981337,0.0
2016-01-07,41.95,42.85,0.023081571084764954,-0.008078520565201436,-0.005758173299683882,0.31575977004848543,-0.02122721213057363,43.113,43.5125,44.66433333333334,3,7,1,42.95576518164054,43.99078064705184,32.60073260073263,-0.7815181177871509,-0.6351219899208118,45.25419759898488,41.770802401015125,0.014886177864113507,0.017281256093617126,0.024480513206378472,357521319.0,-1.7942265074151569,0,0,-1,0,0,0.0023337222870478745,1.1624162475899766,0.2701323841280267,0.27433143579918273,-0.032295271049596286,-0.0686056838365896,-0.009003493157794636,0.037902264600715045,0.0
2016-01-08,42.21,41.95,-0.012652464943765143,-0.002087925593219861,0.013147075942809741,-0.1358798907196614,0.006178726881192191,42.989999999999995,43.398,44.53033333333334,4,8,1,42.82017151225134,43.875891573048506,40.921787709497224,-0.7954676032800734,-0.6671911125926642,45.16722938918981,41.6287706108102,0.015208499645915233,0.01728422141324677,0.024174197484090533,364980677.0,-1.3429575692771312,0,0,-1,0,0,0.01096543504171618,0.8170107839303393,0.284458603066683,0.27437850878896985,-0.019739897816999585,-0.05146067415730338,-0.5873782100496276,0.022506515043828543,0.0
2016-01-11,42.04,42.21,-0.00259709743426704,-0.0041889751736704,-0.020634129393146357,-0.19841784285104594,-0.004035613785657081,42.804,43.2375,44.40233333333333,0,11,1,42.67832214638746,43.75744695543248,44.66463414634144,-0.8108927830448422,-0.6959314466830999,44.876971994590555,41.59802800540944,0.014466915876730994,0.016673843503376442,0.02415841578691064,358863801.0,-1.4608361764655342,0,0,-1,0,0,0.0021321961620468207,0.3495663506437238,0.2131433095912835,0.26468905985726415,0.0019065776930409228,-0.07093922651933704,-1.3095761470575473,0.03877259752616562,0.0
2016-01-12,42.68,42.04,0.0049522563184665365,-0.0025709326139072,0.0019375157429509682,-0.01936654222731158,0.015108880424802216,42.690000000000005,43.2005,44.29766666666667,1,12,1,42.678627210680645,43.687934248630384,44.74885844748861,-0.7626829633956476,-0.7092817500256096,44.85595318965896,41.545046810341034,0.015730526412481356,0.014721197334548736,0.024376898920072262,364863354.0,-0.6288308280190333,0,0,-1,0,0,0.011179828734538507,0.3106829908051874,0.22529610501280864,0.23369176288993726,0.005181347150259086,-0.01704283740211887,-1.0920117713589736,0.03373711340206189,0.0
2016-01-13,40.4,42.68,0.00936555663273465,0.004900307065724794,-0.030461701869225328,0.02235673305201351,-0.05490064146644824,42.296,43.032000000000004,44.115,2,13,1,42.26433135419325,43.47580945839617,31.91244239631338,-0.8981005353127145,-0.7470455070830306,45.082320642445076,40.98167935755493,0.021562966952746624,0.018672355282254974,0.026102354548940422,358728160.0,-2.5674033080613747,0,0,-1,0,0,0.005388940955951192,0.3828631354253647,0.42970020220995087,0.29641445081213963,-0.05717619603267221,-0.07699337445739096,-1.0569067603962339,0.07153465346534638,0.0
2016-01-14,40.47,40.4,-0.06250532187435874,-0.04813891048311201,-0.020920737806100747,0.28362500043070027,0.0017311739206699313,42.008,42.8445,43.895999999999994,3,14,1,41.938089289794476,43.2818862675319,32.83236994219655,-0.9883781140475847,-0.7953120284759414,45.111772648613815,40.57722735138618,0.021256898254989283,0.018428607704228762,0.02554279819097408,366875298.0,-2.09458708148906,0,0,-1,0,0,-0.0022277227722771365,1.2184064981649658,0.4280203204750175,0.2925450779673496,-0.03528009535160914,-0.08480325644504749,-1.8556335297457887,0.042006424511984254,0.0
2016-01-15,39.77,40.47,-0.025629543558706044,-0.0197245053477787,-0.010755545425190674,0.01053004448724109,-0.017448099668174868,41.679,42.592999999999996,43.638,4,15,1,41.543891237104575,43.0553129599492,26.77165354330711,-1.1036852983663863,-0.8569866824540304,45.05453653339896,40.13146346660103,0.021522461160881922,0.01817259813802909,0.025488246911393144,358641917.0,-2.29368929666212,0,0,-1,0,0,-0.029157400543612547,1.1373517654777991,0.41517472263407307,0.2884810520948424,-0.05780620705993833,-0.11227678571428557,-1.2011734767651439,0.03319084737239108,0.0
2016-01-19,39.6,39.77,0.034496097897958794,0.014338935415186101,0.0074387927991970025,-0.13157353582017237,-0.00428374095916443,41.443,42.397499999999994,43.38166666666666,1,19,1,41.190456466721926,42.83238954317829,26.50334075723832,-1.1950093282644048,-0.9245912116161054,45.155599078407185,39.6394009215928,0.020594306539238907,0.017346368404971415,0.02548879028267975,351423590.0,-2.0285710704892854,0,0,-1,0,0,0.022604978627105702,0.6398856647846376,0.4148959847601795,0.2753650616979751,-0.05803996194100847,-0.0898643989887381,-1.1950909308917048,0.04065656565656564,0.0
2016-01-20,39.3,39.6,-0.038576695246006036,-0.012100406934087453,-0.05219488029776136,0.5244270950134652,-0.0076045993852194155,41.126999999999995,42.225500000000004,43.04466666666667,2,20,1,40.84673710913612,42.604493443618395,21.232876712328746,-1.2768727781473004,-0.9950475249223444,45.30409486061165,39.14690513938836,0.019655733214438736,0.017088395572148328,0.023644284915655102,339228294.0,-1.9005423788817606,0,0,-1,0,0,-0.01186868686868684,2.3604771781438103,0.3482238805259883,0.2712698699340107,-0.07919400187441428,-0.0804866635470286,-1.7231553680267355,0.07913486005089057,0.0
2016-01-21,39.5,39.3,0.02173998663640582,0.030583423372080185,0.04732744401949381,0.009789164998306246,0.005076153031860789,40.791999999999994,42.032000000000004,42.708666666666666,3,21,1,40.601875816565915,42.40420354403011,25.84692597239649,-1.3105051359968911,-1.0581390471372538,45.28902221119317,38.77497778880684,0.019308407718600696,0.01666090516963613,0.023672057675763407,351543558.0,-1.5547944323489513,0,0,-1,0,0,0.017557251908397072,2.005897678887688,0.13840404412931206,0.2644836701765257,-0.022277227722772297,-0.08923218814848966,-0.6492434386780899,0.06481012658227854,0.0
2016-01-22,39.0,39.5,0.0002500312552091602,-0.03431709292412904,-0.0021852312828480767,-0.564821325390613,-0.012739025777429714,40.497,41.805,42.507333333333335,4,22,1,40.310625668099384,42.1845775089314,25.183374083129593,-1.3618067823349307,-1.1188725941767892,45.24707098003139,38.36292901996861,0.018855885657078793,0.016630857157972013,0.01758253141149535,344542802.0,-1.62983274678108,0,0,-1,0,0,0.012658227848101266,0.1852663468420803,0.1354818588169805,0.2640066727789943,-0.036323202372127494,-0.10427193385392741,0.5457241133852295,0.03192307692307704,0.0
2016-01-25,38.2,39.0,-0.016383479250524056,-0.01811826110154399,-0.018835394791732955,0.29903264176159033,-0.020726130517116855,40.096000000000004,41.543,42.297333333333334,0,25,1,39.92687554662677,41.927507992226154,26.14213197969545,-1.4502988781002273,-1.1851578509614769,45.24867757849829,37.83732242150171,0.018653474169215617,0.016950186476702465,0.017773276654024457,335101907.0,-1.8042584273371847,0,0,-1,0,0,0.00897435897435901,0.9211225028149638,0.15136054924377135,0.26907586856114907,-0.03947699270807137,-0.1206261510128912,0.10539155439940147,0.032722513089005235,0.0
2016-01-26,38.37,38.2,-0.02861388668021171,-0.02285960591532471,-0.009486237145106845,-0.3914641232013205,0.004440388646331351,39.729,41.2665,42.068,1,26,1,39.6438072654219,41.69799134756641,22.91390728476817,-1.489541416057655,-1.2460345639807124,45.05597725876968,37.47702274123032,0.019130129783856073,0.016682323409056083,0.017389404156571427,341484578.0,-1.5287068913248498,0,0,-1,0,0,0.001047120418848145,-0.18830585276604825,0.17557674952997707,0.26482367418668185,-0.031060606060606122,-0.12596810933940783,-0.15286387904019963,0.018764659890539454,0.0
2016-01-27,37.29,38.37,0.009888188817167742,0.01316317883399156,-0.023818623436114524,0.3322618977791395,-0.028550710068131563,39.19,40.94,41.86366666666667,2,27,1,39.21584230807246,41.41360480901374,16.26213592233006,-1.5894660094310566,-1.3147208530707812,44.92340769217779,36.956592307822206,0.017925598562933038,0.01731416830918285,0.016663164063895414,332586382.0,-1.832601773184046,0,0,-1,0,0,0.006515506906437321,0.6420917408089096,0.23582539119086288,0.2748539010240811,-0.05114503816793892,-0.1490187129164765,0.030306762476448278,0.05682488602842585,0.0
2016-01-28,36.19,37.29,-0.029962819630146922,-0.027555681622778366,-0.03226575168189399,-0.0028687364863239076,-0.029942356615078453,38.769,40.5325,41.611,3,28,1,38.66568916115019,41.07659804714189,15.876777251184805,-1.7373902235050167,-1.3992547271576283,44.713967256962434,36.351032743037564,0.012847750791924413,0.01730043728782577,0.017060181729388568,323713676.0,-2.077022123164752,0,0,-1,0,0,0.005095199785465211,0.5582011445539137,0.2204499627905486,0.27463592781753454,-0.08379746835443047,-0.1838069463238612,1.1206625216159425,0.06161923183199771,0.0
2016-01-29,37.62,36.19,-0.035522118491987706,-0.007141942802918317,-0.0056164146513606105,0.07402436556021967,0.03875298629723324,38.483999999999995,40.245999999999995,41.391,4,29,1,38.475563859122886,40.85359172151984,26.11862643080123,-1.7194118701611956,-1.4632861557583419,44.39975239360327,36.09224760639672,0.020337339878295613,0.020248678978625225,0.018780653000219208,333268099.0,-1.2643989102691833,0,0,-1,0,0,-0.0004973749654600908,0.7869347468486454,0.4648870733151461,0.32143781373014224,-0.03538461538461546,-0.1321799307958479,1.280149877387783,0.05741626794258384,0.0
2016-02-01,38.31,37.62,0.03925048499465067,0.024129153845577796,0.05158894203402586,-0.3189198673619864,0.01817513483967336,38.338,40.0085,41.17466666666667,0,1,2,38.44546133928236,40.68948902980888,31.589338598223122,-1.6306890933800133,-1.4967667432826761,44.02573274747246,35.991267252527535,0.02144271113970496,0.021019135628383957,0.018979562850980784,340213532.0,-0.845606967168456,0,0,-1,0,0,0.0,-0.5806118556289487,0.4746194155381772,0.3336684338774478,0.002879581151832511,-0.11031119368323272,0.15564041150558205,0.031323414252153556,0.0
2016-02-02,36.47,38.31,0.010576513187398854,-0.012254096763526233,-0.030963907688338586,-0.058097880858127796,-0.049220953891968795,38.025,39.733999999999995,40.93999999999999,1,2,2,38.08628655032193,40.417263931111535,22.594880847308048,-1.689374221618344,-1.5352882389498097,43.93580111756564,35.53219888243435,0.02566131788144474,0.022677032693018937,0.02010183745933763,333660116.0,-1.5536194639745475,0,0,-1,0,0,-0.007569825110937069,-0.8177060837213098,0.58378552766573,0.35998673387165664,-0.0495178524889236,-0.1308388941849381,0.5754504036773433,0.05127502056484775,0.0
2016-02-03,36.84,36.47,-0.03125671842493758,-0.02712210917261176,-0.016970778698075176,0.1960960910995625,0.010094206566517425,37.779,39.453,40.74333333333333,2,3,2,37.859688995717946,40.1864727097495,31.10403397027605,-1.686584801045889,-1.5655475513690258,43.63886141546407,35.267138584535935,0.02629057845811444,0.02260369817815508,0.020169957296379184,341633289.0,-1.2484885382715454,0,0,-1,0,0,0.010419522895530643,-0.020482496479211607,0.5701290260745521,0.35882258453857263,-0.012067578439259763,-0.1323598681111634,-0.3420184531019328,0.039630836047774176,0.0
2016-02-04,37.55,36.84,-0.011188546243588145,0.016043124840575684,0.02219846978914891,-0.19111706441996296,0.019089166823037556,37.583999999999996,39.188,40.54933333333334,3,4,2,37.80338190558741,40.016377696217276,35.48707753479124,-1.608540841326203,-1.5741462093604612,43.13245967215544,35.24354032784456,0.027325349036525583,0.023087194125300865,0.020337181885344117,348219416.0,-0.830532004960226,0,0,-1,0,0,-0.010857763300760197,-0.7897735377377063,0.5247532012292042,0.3664978447549049,0.03757944183476103,-0.12368728121353567,-1.6156480141999032,0.03355525965379508,0.0
2016-02-05,35.69,37.55,0.022521641099409597,-0.0026560440581162963,-0.02585272543676104,0.21410172543577122,-0.05080284070807474,37.253,38.875,40.287666666666674,4,5,2,37.41913065002606,39.73725655452584,31.8181818181818,-1.6774404074566363,-1.5948050489796963,42.88950265648748,34.86049734351252,0.030785883452581524,0.024855656764353383,0.021851210791787277,340060860.0,-1.5867469883737677,0,0,-1,0,0,-0.007456724367509829,0.08186230293522193,0.5654475120030782,0.39457131882995655,-0.05130249867091974,-0.14922526817640058,-0.5657257766870302,0.05855982067806118,0.0
2016-02-08,34.72,35.69,-0.05913324721343143,-0.06794858411811314,-0.04463098551184987,0.15802888649527105,-0.027554647709919472,36.904999999999994,38.5005,39.997,0,8,2,36.928379622748594,39.41356258326611,29.70049916805324,-1.7896843363912325,-1.6337809064620037,42.601562635078885,34.39943736492112,0.03114733004427483,0.024989960600996716,0.022161235317059727,330505559.0,-1.8436685007749405,0,0,-1,0,0,-0.015690669655365513,0.7791879817644206,0.5116988222723045,0.39670332614123716,-0.0937092143043593,-0.17744610281923723,0.35019089921175006,0.0336981566820277,0.0
2016-02-09,35.25,34.72,-0.021580466323032503,0.018403480798498968,0.009961992728747515,-0.2276610284429323,0.015149639466128248,36.592999999999996,38.161,39.708666666666666,1,9,2,36.623219691339756,39.144945642410235,33.46938775510205,-1.8149502711816936,-1.6700147794059417,42.15102387540653,34.17097612459347,0.031848644928878775,0.02557455026215599,0.02230662701400238,338115345.0,-1.4591391384611256,0,0,-1,0,0,-0.009792626728110492,-0.3227355929542065,0.4824440902527438,0.40598339931591887,-0.03345215245407185,-0.16151284490960993,-0.854109777235857,0.04205673758865253,0.0
2016-02-10,35.54,35.25,0.036834999416096935,0.00827974811818819,0.027036446896084695,-0.2205472785143588,0.008193293468227648,36.418,37.804,39.43266666666667,2,10,2,36.426270656550706,38.912368504190226,33.95461912479739,-1.7909284221294044,-1.6941975079506342,41.34386856728931,34.26413143271069,0.03136352483420071,0.02527976491075838,0.02246266476451549,344219000.0,-1.2791435370910869,0,0,-1,0,0,0.011914893617021326,-1.1694338934305275,0.47847371162409835,0.40130382693626176,-0.03528773072747027,-0.16729147141518275,-0.8332148918623611,0.02363534046145178,0.0
2016-02-11,35.34,35.54,-0.019819448295515713,-0.008908744889109555,-0.013139292141841771,0.0602519405398246,-0.005643355834954802,36.333000000000006,37.551,39.132666666666665,3,11,2,36.228766900814215,38.68189311682312,34.800664451827245,-1.7676528603690116,-1.7088885784343097,41.03245704524609,34.06954295475391,0.030120350691387788,0.022996028740076533,0.022189194769278022,337736283.0,-1.270157851304878,0,0,-1,0,0,-0.016038266741699503,-0.9777467058116742,0.42239589251217413,0.36505063913001895,-0.058854860186417945,-0.12524752475247514,-0.653117988130906,0.02773061686474241,0.0
2016-02-12,36.24,35.34,0.02345734233137018,0.013609430995370484,0.008873680668986882,0.020092142623318925,0.025148014283228153,36.195,37.3395,38.89566666666666,4,12,2,36.23080928248436,38.52435162541518,41.92751235584843,-1.6574779574471208,-1.6986064542368722,40.579905919991326,34.099094080008676,0.028240130550951124,0.024027861976245617,0.022780418439945233,344350569.0,-0.678618683675866,0,0,-1,0,0,0.013016411997736097,-0.8429142767462728,0.3241102557145299,0.3814304839543852,0.01541047912580562,-0.10452186805040764,-0.7809635580814084,0.03200883002207496,0.0
2016-02-16,37.08,36.24,0.022100347000666137,0.025331600992614077,0.035002873372901415,0.02857903878008308,0.022914259522875832,36.072,37.205,38.69633333333333,1,16,2,36.385207594759926,38.431167649581944,44.9648711943794,-1.4852614043607772,-1.6559374442616532,40.23725814759947,34.17274185240053,0.02869110523293866,0.024654251605322343,0.02338046068023128,351156612.0,-0.08244680625161019,0,0,-1,0,0,0.00993377483443707,-0.6879000712880174,0.1997713781823956,0.39137411104858727,0.06797235023041481,-0.0676389238119186,-0.8660457304648984,0.022653721682847797,0.0
2016-02-17,38.51,37.08,0.02349237239827536,0.039680945708119905,0.030354634047917235,0.1066378871055674,0.03784020712916304,36.275999999999996,37.1505,38.58133333333333,2,17,2,36.771533486621756,38.436253607673436,54.63525835866262,-1.2193337755397309,-1.568616710517269,40.03719889775761,34.26380110224239,0.026537704502699388,0.026358459906107943,0.02432084233834721,358728548.0,0.9419063422624768,0,0,-1,0,0,0.010517799352750825,-0.27959371772175334,0.27024769301007795,0.4184275791253712,0.0924822695035461,-0.02752525252525262,-0.4002057911229993,0.03180991950142824,0.0
2016-02-18,39.0,38.51,0.031006162227834914,0.01067053898990224,0.024783762577738688,-0.10965770374999594,0.012643698302828903,36.492000000000004,37.13549999999999,38.466,3,18,2,37.17670921632689,38.47262434266225,61.195219123505986,-0.9580020575113863,-1.4464937799160926,39.977948721937004,34.29305127806298,0.026597316920328254,0.02648498351624562,0.02433787276017573,365514069.0,1.3118970172516808,0,0,-1,0,0,0.0036354193715918094,-0.6567580085381881,0.26179552523500804,0.42043607916978554,0.09735509285312327,-0.007633587786259444,-0.6408987834228508,0.01794871794871802,0.0
2016-02-19,39.31,39.0,0.006704511963031238,0.00903831498167824,0.0044173126264552215,-0.20163569834330147,0.007917293304122676,36.668,37.126,38.348,4,19,2,37.564580267903814,38.52664857861953,57.39282589676293,-0.7176082378879158,-1.3007166715104572,39.9362623964394,34.31573760356059,0.02620937947397554,0.02652186597385216,0.02431837169859753,371060504.0,1.5543032584908283,0,0,-1,0,0,-0.002307692307692395,-1.5634243545161421,0.18956655594612176,0.4210215700331923,0.1123372948500283,-0.004810126582278418,0.42604609485635037,0.022513355380310303,0.0
2016-02-22,40.82,39.31,0.016567219758049225,0.038411284731309434,0.025343734534375086,0.7205193779983319,0.037693217947929694,37.181,37.217,38.31033333333333,0,22,2,38.15647476464857,38.674606734837624,60.24489795918367,-0.40063178960299695,-1.1206996951289652,40.37866578346209,34.05533421653791,0.019911852183306208,0.0276632905613094,0.02517084765032109,382461204.0,2.279178285602751,0,0,-1,0,0,0.0063597049096921895,2.463248721985812,0.22522785842122972,0.43914112362567037,0.1263796909492274,0.046666666666666634,0.0165300562847813,0.03527682508574223,0.0
2016-02-23,41.08,40.82,0.028409585694038,0.0056547136358624,0.021011278212592917,-0.6822054793041512,0.0063492276786587445,37.817,37.361000000000004,38.27266666666666,1,23,2,38.68802480743974,38.829793397106165,71.60262417994379,-0.12698207325892952,-0.9219561707549581,40.945275012944755,33.77672498705525,0.014292953373353743,0.02712652987612306,0.025172465099869045,388224268.0,2.0751755858959933,0,0,-1,0,0,-0.0029397354238117944,-1.1593030061443033,0.25895745922889624,0.4306203119063122,0.10787486515641853,0.07539267015706796,0.5186368065322757,0.02026533592989297,0.0
2016-02-24,41.36,41.08,-0.003445733165621576,0.004054100491098335,-0.01045045589485039,0.2963016271145567,0.006792845139816348,38.428000000000004,37.5105,38.25,2,24,2,39.17383847881433,38.99303253277674,71.36105860113423,0.11119912414179112,-0.7153251117756083,41.49864809945127,33.52235190054873,0.01465551895868164,0.027133784183244688,0.025199317037145168,395974873.0,1.9304699344187601,0,0,-1,0,0,-0.01265822784810117,0.11737722682091277,0.21635779476222508,0.43073547046177973,0.07400675149311864,0.07792546260099042,2.0568670079272624,0.03433268858800778,0.0
2016-02-25,42.59,41.36,0.025317807984289786,0.028573372444056163,0.03673561762377777,0.02248104155946802,0.029305253734948546,39.132999999999996,37.77550000000001,38.24699999999999,3,25,2,39.79495875539354,39.22509495001695,72.70270270270274,0.3946607560182329,-0.49332793821684007,42.36148540177156,33.189514598228456,0.014930075428475055,0.026593633954020573,0.025641807635716225,403901693.0,2.099657795744472,0,0,-1,0,0,0.005802707930367553,0.2745620166409686,0.24019279344155725,0.4221608513989305,0.09205128205128221,0.1421292571735051,0.7852095374633667,0.02639117163653445,0.0
2016-02-26,42.17,42.59,0.02726902811555169,0.006084736770106066,0.01088661448663968,-0.15314993853957587,-0.009910416176653622,39.816,38.0745,38.306000000000004,4,26,2,40.22678443623107,39.415088824209406,83.54037267080749,0.5787442481605325,-0.2789135009413656,42.992957075140374,33.15604292485963,0.015724781766165246,0.025515589736656772,0.023654113245672688,397100473.0,1.6653596595160347,0,0,-1,0,0,0.0037567504108944956,-0.43732941916036194,0.309701284952007,0.4050474299900752,0.07275502416687862,0.16523901630284632,0.15145311828735072,0.022053592601375377,0.0
2016-02-29,41.95,42.17,-0.019367634200097968,-0.008199647674732196,-0.007540881984612797,0.09850196696200568,-0.005230634845253279,40.387,38.291000000000004,38.355333333333334,0,29,2,40.54009635691633,39.578631480712026,90.57239057239062,0.6988239727944077,-0.08336600619421092,43.49795445887904,33.084045541120965,0.017031373811287928,0.024548875974259452,0.023687810005717465,389595214.0,1.405428078503961,0,0,-1,0,0,-0.0056912497035807915,0.1373007128888631,0.24345711716269358,0.3897013247643539,0.027682508574228493,0.11509835194045737,1.0618689576473601,0.021334922526817544,0.0
2016-03-01,42.5,41.95,0.006892481237503144,0.006565088058026783,0.01087421840437109,-0.2128463740351316,0.013025643017155843,40.928999999999995,38.5005,38.446333333333335,1,1,3,40.89644247384063,39.76710686905319,90.59350503919376,0.8288143670483663,0.09907006845430454,44.03738673686216,32.963613263137844,0.01678121057903058,0.024435290094841352,0.02350695271891459,395661567.0,1.4446746664955534,0,0,-1,0,0,0.006436233611442098,-0.8896716946088773,0.2494827466001583,0.3878982048280207,0.03456669912366128,0.10937092143043592,0.6024910409611866,0.01694117647058821,0.0
2016-03-02,41.94,42.5,0.004961616794059025,-0.007035676302005156,-0.01195614433788348,0.09341248309145601,-0.013264050456597308,41.272,38.774,38.524333333333324,2,2,3,41.0861802058696,39.907293522662656,84.78260869565219,0.8765411503863803,0.2545642848407197,44.42773616572057,33.120263834279434,0.01628720054011391,0.021481938328474354,0.023650952480353968,389001230.0,1.1199673657203606,0,0,-1,0,0,-0.0016470588235294186,-0.4584100549004613,0.2874752766762663,0.3410151989806182,0.014023210831721533,0.14998629010145326,0.9509897337190458,0.021936099189318114,0.0
2016-03-03,42.03,41.94,-0.010186040930865196,-0.008508678135795032,-0.003856355707070263,-0.08579921945963545,0.0021436235432515907,41.575,39.0335,38.61533333333333,3,3,3,41.2577838048024,40.044242327652164,86.79867986798678,0.9111243435955245,0.38587629659168066,44.788989004785606,33.27801099521439,0.01633926994213049,0.021499309772104395,0.02357906218091125,395113944.0,1.0412668662935352,0,0,-1,0,0,0.0014306151645207981,-0.7848515752716512,0.16664334563163055,0.3412909620991738,-0.013148626438131084,0.14087947882736152,0.8645922278978432,0.01713062098501085,0.0
2016-03-04,41.5,42.03,0.0038022859497384787,0.0026075634070807695,-0.005326889109486518,0.12338992197565654,-0.012690221780372683,41.794,39.231,38.682,4,4,3,41.30182311302014,40.138162177481064,80.16055045871556,0.8855570523081582,0.48581244773497617,45.042958271302865,33.41904172869714,0.017543550623389227,0.021709335239251816,0.023733261464264344,388198475.0,0.780803954220875,0,0,-1,0,0,0.0030930287889601583,-0.21308199372603034,0.1751161846548417,0.3446250130295473,-0.015888072089162986,0.10519307589880178,0.8019896676147406,0.025301204819277213,0.0
2016-03-07,41.48,41.5,-0.024734121990774044,-0.009514819641338507,-0.011721745933101864,-0.01679317521916078,-0.0004820438753260936,41.86,39.5205,38.76466666666666,0,7,3,41.33421891065284,40.224732359579065,77.84810126582273,0.8538384388800679,0.5594176459639946,45.16417731928462,33.87682268071538,0.013236811064932413,0.017572456746076118,0.02357894436814565,381398169.0,0.6944053988715218,0,0,-1,0,0,-0.008915662650602348,-0.25059116306070983,0.17482018481984543,0.2789541028473402,-0.011203814064362438,0.1622303166152983,0.38345874211393277,0.027242044358727163,0.0
2016-03-08,41.59,41.48,-0.011984978972106292,0.004530829260357825,-0.017844339656160484,0.21628302636375804,0.002648370393493833,41.911,39.864,38.87766666666666,1,8,3,41.38072456326141,40.312814142832025,73.40425531914892,0.8280322495688281,0.6131405666849613,45.09892080068748,34.629079199312514,0.013142449088949097,0.015613866428758958,0.023181131554523064,389840434.0,0.6594178081064135,0,0,-1,0,0,-0.02025072324011563,1.0727649957268521,0.1260761188531501,0.24786244544805847,-0.02141176470588224,0.1978686635944702,-0.5142200507803059,0.04905025246453472,0.0
2016-03-09,42.32,41.59,0.025988104938627434,0.009000534469473891,0.032475178549946145,-0.19224564195449106,0.017400033795223594,42.007,40.217499999999994,39.00933333333333,2,9,3,41.5515019153957,40.4423100045848,74.34017595307913,0.8566110784609435,0.6618346690401578,45.08229458104717,35.352705418952816,0.014049316590450044,0.015669043873955384,0.023330400189387434,396806182.0,0.8643735989146039,0,0,-1,0,0,0.0028853089685019822,-0.06766993025149191,0.17057218399582696,0.2487383602358763,0.009060562708631537,0.20056737588652473,0.2800137913429466,0.0259924385633269,0.0
2016-03-10,42.26,42.32,0.01617157715569179,0.003765596353561689,0.008758434169644787,-0.3135287564099501,-0.0014187753621333703,41.974000000000004,40.5535,39.175,3,10,3,41.680319748960116,40.55958032686965,72.45053272450525,0.8644536244195962,0.7023584601160454,44.96519391026746,36.14180608973254,0.010250315464351456,0.015851057290157726,0.022576936775772966,391715172.0,0.7736257477103811,0,0,-1,0,0,0.001654064272211727,-1.446655695360502,0.17205463796270792,0.2516277336431684,0.005472281703545079,0.18908272369161505,0.5907873487207859,0.02121628017037386,0.0
2016-03-11,43.33,42.26,0.003297223900996452,0.020691194988222587,0.017285326659593963,0.26883211643501836,0.02500422356390751,42.089999999999996,40.952999999999996,39.413,4,11,3,41.98026161278555,40.738317079974834,70.47308319738981,0.9461028712599173,0.7511073423448198,44.78598207391363,37.12001792608636,0.012547984586783953,0.015877531044279775,0.021946012120215498,398376430.0,1.2402875641800148,0,0,-1,0,0,0.006389020350213041,-0.2643587388160587,0.19079531197126223,0.25204799146123175,0.04409638554216855,0.22608941709111474,0.7703625507077995,0.024463420263097214,0.0
2016-03-14,43.82,43.33,0.014936100301843966,0.013030244939378861,0.016483677650308115,-0.09156734570375881,0.011245098415502426,42.277,41.332,39.619666666666674,0,14,3,42.31475950136999,40.937135332879684,71.54088050314459,1.0383795988839921,0.8085617936526543,44.6698316314631,37.994168368536904,0.012464560514404316,0.015479245621325648,0.021058246981000797,404454827.0,1.490788197072371,0,0,-1,0,0,-0.003692591737825908,-0.6795001603731213,0.1724289128034537,0.24572540638147894,0.05641272902603678,0.20916114790286966,0.19622358314829208,0.02111592879963487,0.0
2016-03-15,43.62,43.82,0.00830454599682003,-0.005237402385262091,0.001282100501713748,-0.03311622309249375,-0.004574573393837572,42.388999999999996,41.659000000000006,39.79666666666666,1,15,3,42.55207595566635,41.1102233759197,67.99363057324834,1.082888378659156,0.8634271106539548,44.485088239393356,38.832911760606656,0.012351101564772116,0.015446476908195552,0.02098474946301484,398574427.0,1.3877839854150764,0,0,-1,0,0,-0.006617982656321295,-0.7803947510838829,0.20005425742106114,0.24520521918712385,0.048809810050492786,0.1763754045307444,0.028614197918912277,0.014672168729940408,0.0
2016-03-16,44.15,43.62,-0.0009193289546591128,0.011012201879145945,0.003469414836601622,-0.20321930770118826,0.012077166276486036,42.61,41.941,40.052666666666674,2,16,3,42.842607600090645,41.30633799682811,63.97849462365582,1.147698523740452,0.9202813932712542,44.56219217552771,39.31980782447229,0.011291239742005557,0.013756290014002468,0.018516363910843454,403373417.0,1.6854925942660175,0,0,-1,0,0,-0.0029802842732690386,-1.4029212288587452,0.1900178015918955,0.2183743340395906,0.043241965973535024,0.146455466112698,0.36970034321293843,0.022083805209512895,0.0
2016-03-17,43.6,44.15,0.013475138235111846,-0.00192123017789371,0.004377382868102978,0.24431460681986622,-0.012535776694980273,42.766999999999996,42.17100000000001,40.278,3,17,3,42.98031530916507,41.45431619058114,62.52189141856388,1.141521873604816,0.9645294893379667,44.496165755267484,39.84583424473253,0.01259948574356468,0.01433964298607933,0.018822628852352825,397246326.0,1.229159681852969,0,0,-1,0,0,-0.0015855039637599159,-0.4451121139618276,0.23691251057398688,0.2276347753837053,0.03170847136772359,0.11794871794871797,-0.1019473518589218,0.016055045871559696,0.0
2016-03-18,44.5,43.6,-0.010949014489670358,0.008560538874070326,-0.001610491547907921,0.4652963542939866,0.020432038817205934,43.06699999999999,42.4305,40.50966666666667,4,18,3,43.256621616589605,41.650811920221074,69.95305164319242,1.1954686933150214,1.0107173301333776,44.56159781444483,40.299402185555174,0.012184564045173181,0.014720858897389487,0.01885805393721585,407003633.0,1.942191471431003,0,0,-1,0,0,0.0,1.7962961900022092,0.21459633134622225,0.23368639036659047,0.027002077082852516,0.13202747392520986,-0.44927754139192977,0.02584269662921345,0.0
2016-03-21,44.99,44.5,0.020432038817205934,0.01800648851065158,0.024113998271219888,-0.4530780303370698,0.010951053680886476,43.41799999999999,42.639,40.81966666666666,0,21,3,43.57178132266422,41.866243409239075,69.66824644549759,1.2631994643892313,1.0612137569845483,44.917521219423456,40.36047878057655,0.011932481247043337,0.012715485549694736,0.015702355339761585,413206046.0,2.063619140307928,0,0,-1,0,0,0.0,-0.4450687355410014,0.2140917641493258,0.20185207538356623,0.02670013692377915,0.1021558059774621,-0.4354152094368732,0.02000444543231826,0.0
2016-03-22,44.61,44.99,0.0006739301614165314,-0.007518832414027452,-0.003151736062361938,0.015715345077507,-0.008482193712907564,43.72,42.8155,41.14933333333333,1,22,3,43.76054835490709,42.04325996348172,71.70731707317069,1.2715560575170102,1.1032822170910408,45.13210800127543,40.498891998724574,0.012978164210971295,0.013055558950026032,0.014594039192720908,406905390.0,1.5492478649922856,0,0,-1,0,0,-0.010224494332073814,-0.3889659513761013,0.22682061589169558,0.20725057325227456,0.02269601100412655,0.08592989289191832,-0.3302612548978382,0.015691548980049222,0.0
2016-03-23,44.43,44.61,0.00425770951323256,-0.0026672609722783263,-0.004107635618909694,-0.36500029573975656,-0.004043132192356314,43.931,42.969,41.45533333333333,2,23,3,43.88226683583307,42.19724319164419,69.23076923076917,1.2492536041838775,1.1324764945096082,45.28637510308869,40.651624896911315,0.012842877646867708,0.013166589203177387,0.014710083115011041,402531497.0,1.260909378074117,0,0,-1,0,0,0.0024658148397220226,-1.7955931611854188,0.2218376582536993,0.20901312387933274,0.006342015855039573,0.07422630560928445,0.6672206058357909,0.017146072473553927,0.0
2016-03-24,44.06,44.43,-0.008308120091255151,-0.012993014326480038,-0.020545518899885373,0.3095363100431338,-0.008362575573619937,44.111000000000004,43.0425,41.739333333333335,3,24,3,43.914581956590695,42.317421050247795,71.05263157894734,1.1880279942598122,1.1435867944596492,45.402124189523335,40.68287581047666,0.013397533804319121,0.011888939686521209,0.01500297696886543,396570786.0,0.8624254697147764,0,0,-1,0,0,-0.0018005851901867723,-0.4326231677151326,0.20709989359058448,0.188731066576688,0.010550458715596456,0.034515144400093956,0.8264507116793112,0.02451202905129365,0.0
2016-03-28,43.81,44.06,-0.006106543910929511,0.0015771097106927962,0.006679743827966266,-0.08813812795741567,-0.005690239548390027,44.159,43.1245,42.02166666666667,0,28,3,43.895567055392384,42.413716466360846,68.46275752773377,1.10657741105139,1.1361849177779975,45.47040325999544,40.77859674000455,0.01142403967544508,0.011708926686958294,0.015004364084433,391112954.0,0.5844230763389066,0,0,-1,0,0,0.00045392646391275576,-0.7868966750298843,0.12860775186590576,0.18587344879907447,-0.01550561797752803,0.03889020630780182,1.9526536470250742,0.019630221410636826,0.0
2016-03-29,44.64,43.81,-0.001816530926397894,0.005164488856226636,0.008685768891704313,-0.10053808977227766,0.018768216247248386,44.241,43.259,42.30166666666666,1,29,3,44.030918499866495,42.55734766207951,71.69274537695588,1.096363108981528,1.1282205560187037,45.62969743235687,40.88830256764313,0.012392036131897306,0.012165519085310404,0.014777536806955014,396048748.0,1.1650579961417125,0,0,-1,0,0,0.004336909381419715,-1.1003602220984083,0.1838864867130321,0.19312162841844782,-0.00777950655701265,0.06412395709177576,2.0952424298758374,0.01590501792114697,0.0
2016-03-30,44.98,44.64,0.020693495951981347,0.015335337756875036,0.018713205296410237,-0.02963038396579429,0.007587628458113936,44.376999999999995,43.382999999999996,42.565000000000005,2,30,3,44.20347877261804,42.71364781291309,70.03012048192768,1.1029887913030691,1.123174203075577,45.844245726519326,40.921754273480666,0.012281530307787636,0.011990291104818302,0.014462621445342683,400840438.0,1.2977168291590804,0,0,-1,0,0,0.006272401433691782,-1.1254653436587965,0.18103760178225217,0.19033997046371473,0.008294104460883078,0.058352941176470496,1.0478884696676691,0.012672298799466436,0.0
2016-03-31,44.8,44.98,0.0011124709123736436,0.0005512375422092907,0.00011167569390122351,0.08088621660689435,-0.004009807110230157,44.442,43.525999999999996,42.77466666666667,3,31,3,44.311937177596576,42.84825117982192,68.7869822485207,1.081251205756658,1.1147896036117932,45.966486577884794,41.0855134221152,0.01202466795545621,0.011508365648825085,0.013251620469464938,395645060.0,1.0440540927737403,0,0,-1,0,0,-0.00022232103156954227,-0.7396272275202004,0.18097144410045857,0.182689641021538,0.008327706504613896,0.06819265617548886,1.0470439509707228,0.013169642857142934,0.0
2016-04-01,44.56,44.8,-0.01275613134443691,-0.016110564548536817,-0.026363466092100416,0.18035897922258867,-0.005371543801910765,44.538000000000004,43.6525,42.96,4,1,4,44.35703950894265,42.95868658757535,60.37099494097812,1.0327530836817616,1.0983822996257868,46.02789913543497,41.277100864565035,0.011294601850097837,0.01167138351589352,0.013305852367742507,389422830.0,0.7640821169481672,0,0,-1,0,0,-0.008928571428571397,0.05801065478271428,0.1715743450981378,0.1852774694346776,0.01134816159782126,0.06019509873899609,1.1708495513677497,0.02311490125673252,0.0
2016-04-04,44.11,44.56,0.008075414005545331,0.010362787035546437,0.008903152063586,-0.17578499635486566,-0.010150081502180329,44.498999999999995,43.783,43.12,0,4,4,44.312123234589436,43.03296487224791,52.46179966044143,0.9470892776836877,1.0681236952373672,45.93693984180125,41.629060158198754,0.00981524633030593,0.011507057585243962,0.013551989379215382,384203634.0,0.3036296498666766,0,0,-1,0,0,0.00448833034111301,-0.6576498839360255,0.1867439540440027,0.18266887615592972,0.00684775165487328,0.0628915662650602,0.926609970815236,0.02505100884153246,0.0
2016-04-05,43.63,44.11,-0.02145278161791731,-0.02117370313976227,-0.010739278354054936,-0.047069913945308926,-0.010941526981330092,44.363,43.8905,43.21366666666667,1,5,4,44.18810082830045,43.07148326758676,50.08103727714752,0.8308901216717146,1.0206769805242368,45.755744163499,42.025255836501,0.009307406448509801,0.011906299474194445,0.012142714042102404,379224413.0,-0.27932000013481373,0,0,-1,0,0,-0.006801178871004243,-0.7680058016662962,0.11769013496568367,0.1890066446626656,-0.022625448028673834,0.05183220829315349,1.4032065432212442,0.014439605775842206,0.0
2016-04-06,43.67,43.63,-0.0036588195401959134,-0.00681665897909768,-0.010157083215086501,-0.19926274291356727,0.0009163803619513551,44.269,43.9945,43.3,2,6,4,44.09390067770036,43.1100972503231,45.77464788732396,0.7335729467714813,0.9632561737736858,45.52082306713109,42.468176932868914,0.009171517634671373,0.011912196752237248,0.012120370436026696,383304061.0,-0.4252048691237269,0,0,-1,0,0,0.0004584001833599821,-1.3723264053107114,0.07646758319526184,0.18910026104934635,-0.02912405513561578,0.050012022120702104,0.4540445110761162,0.017629951912067777,0.0
2016-04-07,43.65,43.67,-0.0004582951500928618,0.013137221781687069,0.0050902828774156,0.3729385576563717,-0.0004580852118584223,44.191,44.061,43.376333333333335,3,7,4,44.01319146357302,43.144929685786124,50.48543689320386,0.647372049664213,0.9000793489517913,45.38225777396252,42.73974222603748,0.00915696445039489,0.011384267524602,0.012095726172297745,377380432.0,-0.622134466262992,0,0,-1,0,0,-0.0009159606136935917,0.18679094884757103,0.08556244773497365,0.18071964437235472,-0.025669642857142794,0.03142722117202257,0.06934188004156852,0.025887743413516507,0.0
2016-04-08,44.5,43.65,0.0061693329456073386,0.004714342551078832,0.008048795895262332,-0.21333911270930178,0.01928590688658325,44.235,44.173,43.440000000000005,4,8,4,44.10170210655975,43.232353577025734,50.0,0.6402645428176186,0.8481163877249568,45.19799499356594,43.14800500643406,0.010972273037486479,0.012031865727670931,0.011405584974395122,382166026.0,0.6380518969412157,0,0,-1,0,0,0.00572737686139748,-0.7523342411401172,0.19449208081642855,0.1909999471412309,-0.0013464991023339756,0.0530052058684336,1.233449564023201,0.022247191011236,0.0
2016-04-11,44.37,44.5,0.019177124639738637,0.021163052309613652,0.015905811360368585,0.29944655293293565,-0.0029256237813764406,44.291,44.225,43.51333333333333,0,11,4,44.150483541730694,43.30575012044343,43.45991561181429,0.6170291509256387,0.8018989403650932,45.17251753212133,43.27748246787867,0.01081834075726051,0.010828905495192801,0.011235770606089485,375709724.0,0.3060629383297342,0,0,-1,0,0,0.0056179775280898875,0.6556463568739693,0.17742714826877337,0.17190354546780542,0.005894355021537123,0.02400184629586888,1.2607408864279002,0.028059499661933683,0.0
2016-04-12,44.65,44.37,-0.008302527216416408,-0.014466598714492282,-0.002934870601930899,-0.3971090907469518,0.006290741931690023,44.292,44.26649999999999,43.60333333333333,1,12,4,44.241304715961476,43.3924759191245,50.431034482758605,0.6141292951592661,0.7643450113239278,45.21203298809294,43.320967011907044,0.009139031830624205,0.010640401452692598,0.011186039388081902,380050042.0,0.8111826976518011,0,0,-1,0,0,0.0002253775073248843,-1.0223644674864363,0.14194903346667484,0.1689111365622901,0.023378409351363594,0.018941122774988495,1.53184009656174,0.016125419932810886,0.0
2016-04-13,45.84,44.65,0.015427919198109076,0.02287322063420325,0.011911591563489095,0.5758496481274481,0.026302765083976262,44.378,44.3775,43.71466666666666,2,13,4,44.53197658578666,43.550380698535825,62.47787610619473,0.6997874788732616,0.7514335048337947,45.50683841834537,43.24816158165463,0.01231751395313252,0.011986761576740333,0.011894666677285832,387769910.0,2.5900119507893087,0,0,-1,0,0,0.00940649496080631,1.5551164441043042,0.203414313160136,0.1902839409424764,0.04969086329287853,0.050894085281980805,0.4927050047835746,0.026832460732984377,0.0
2016-04-14,46.71,45.84,0.025628387661565243,0.021936363484206592,0.027978474385425587,-0.028074048022751395,0.01880120210753238,44.569,44.5055,43.873666666666665,3,14,4,44.927980842916355,43.7542271050819,71.54471544715446,0.8283255147873803,0.7668119068245118,46.03550137598602,42.97549862401397,0.013193562802256222,0.012365788126476087,0.011873439755604787,395276064.0,2.881696754787941,0,0,-1,0,0,0.008726003490401365,1.2477429542113507,0.18779906088818965,0.19630080088782634,0.07010309278350513,0.057984144960362416,-0.6243590099714065,0.020980518090344614,0.0
2016-04-15,47.04,46.71,0.019488784715344452,0.0036097289434898114,0.008221595423934327,-0.256091012779508,0.007040029076354818,44.81699999999999,44.677499999999995,44.04066666666666,4,15,4,45.31198432602247,43.96621245314113,75.92295345104333,0.9459171325002984,0.8026329519596692,46.52034534005462,42.83465465994537,0.012765156429937054,0.011849934752512694,0.011885700263865819,401086364.0,2.5639699096289585,0,0,-1,0,0,0.009419824448726135,0.006947702627351616,0.18439160816838931,0.1881118824449419,0.05707865168539317,0.07889908256880718,0.30013309589009735,0.016369047619047686,0.0
2016-04-18,47.1,47.04,0.006342515976470501,0.005706451076407932,0.007513183350783192,-0.3053178117576215,0.0012746974320007381,45.116,44.8075,44.227333333333334,0,18,4,45.637078084927474,44.16839229487397,72.52747252747253,1.0320539596827771,0.8485171535042908,46.94145481627124,42.673545183728756,0.011681176111548328,0.01117960491635324,0.011487153482463985,405367911.0,2.1485928216660133,0,0,-1,0,0,0.008715986394557902,-1.2174965306930916,0.16556444789413519,0.1774707261877544,0.06152805949966211,0.05842696629213484,0.6882239332329528,0.014649681528662523,0.0
2016-04-19,47.13,47.1,-0.007191232343987221,0.0010531859846586405,0.0002138351339273676,0.16946262148363583,0.0006367399132675264,45.465999999999994,44.9145,44.41566666666667,1,19,4,45.908518433122474,44.35946375972081,70.87378640776703,1.0901719415530096,0.8968481111140346,47.2881312399255,42.540868760074495,0.01024031660748655,0.01102313398953162,0.011472928424945978,410440123.0,1.8667600617436597,0,0,-1,0,0,0.0002123142250530363,-0.3925175482477849,0.18204804304348618,0.17498682722906364,0.05554311310190374,0.047566125805734716,0.6554576290844029,0.01548907277742408,0.0
2016-04-20,47.05,47.13,0.00444774639823627,0.0,0.005118373298244207,0.27332667038437114,-0.0016988749042509486,45.804,45.036500000000004,44.59766666666667,2,20,4,46.116060536191114,44.53304674296463,72.27722772277222,1.1169005946814963,0.9408586078275271,47.5883643339605,42.48463566603951,0.01046623740220986,0.01077466024487106,0.011522223969498833,403773565.0,1.5780619472627238,0,0,-1,0,0,0.004031402503713085,1.1390965477576742,0.13213190288579477,0.1710424288148588,0.026396160558464166,0.054696256444743296,1.514429817067863,0.010414452709883146,0.0
2016-04-21,47.73,47.05,0.014267971797704816,0.010471299867295437,-0.015866542117130834,0.3926851846739725,0.014349264986416567,46.212,45.201499999999996,44.778,3,21,4,46.409504075065456,44.73930179180562,78.87067395264103,1.1793586494724053,0.9885586161565028,48.00280251659219,42.4001974834078,0.010261674091125153,0.010956079035552901,0.011411581621468318,413646418.0,1.8052316627880238,0,0,-1,0,0,0.020191285866099955,2.9536236522479333,0.10325934810001533,0.17392236283464818,0.021836865767501434,0.07427413909520597,1.1376941170158488,0.036245547873454784,0.0
2016-04-22,47.25,47.73,-0.03649110858241504,-0.004593869010227393,-0.0023801807190642517,-0.030245420052646677,-0.01010747707805336,46.487,45.361000000000004,44.94433333333333,4,22,4,46.562321515962644,44.90128232136655,78.44202898550719,1.1765624399841101,1.0261593809220244,48.250515712472165,42.47148428752784,0.011132125054212318,0.011061827188528472,0.011661372237485833,404067703.0,1.307485535964668,0,0,-1,0,0,-0.030379216425727967,2.2261046644665883,0.13990222870805716,0.17560106272091483,0.0044642857142858094,0.07240127099409888,0.6913810446005011,0.034285714285714385,0.0
2016-04-25,46.85,47.25,0.02180039317241145,-0.0027874728560585127,0.013128349537950775,-0.8104947359249104,-0.008501645255320498,46.735,45.513,45.061666666666675,0,25,4,46.614626694878524,45.027006042568715,79.59558823529404,1.1290547266814954,1.0467384500739185,48.37871824376077,42.647281756239224,0.011750551646190623,0.01120119153311393,0.01113003064672681,399808642.0,0.9330994091348035,0,0,-1,0,0,0.001058201058200998,-0.9718979393761764,0.15466561523963251,0.17781340310533064,-0.005307855626326963,0.06939055010271633,1.155396304288037,0.01871931696905006,0.0
2016-04-26,46.18,46.85,-0.004449631242423921,-0.0030899580010094493,-0.018559013476664263,0.40317097192430507,-0.014404204758081938,46.888,45.589999999999996,45.14033333333334,1,26,4,46.53560365944607,45.101392749499766,70.67545304777589,1.0255195698013182,1.0424946740193985,48.43966480023105,42.74033519976894,0.013300970619460251,0.011242642340747363,0.011422592995443277,393434690.0,0.4140837897511071,0,0,-1,0,0,0.005122732123799402,0.25124010689222753,0.1789911235876577,0.1784714142771757,-0.02015701251856572,0.034498207885304666,1.4277122611553166,0.03443048938934611,0.0
2016-04-27,45.57,46.18,-0.019513860329114046,-0.013458582842146396,-0.010070137637642673,0.2634783246542955,-0.013297198650558053,46.861000000000004,45.6195,45.205333333333336,2,27,4,46.360039357728596,45.13162547533849,64.41441441441441,0.8840544802820745,1.0108066352719338,48.45475530271449,42.784244697285516,0.011415787345722015,0.011629153901993075,0.011694820751157707,385139316.0,-0.034917490465574914,0,0,-1,0,0,0.0,1.2613333855623128,0.1880354591587773,0.1846070950966205,-0.03145589798087134,0.01311694086260573,2.0205420446747007,0.031051130129471124,0.0
2016-04-28,44.06,45.57,-0.015274135044014035,-0.02429793960381407,-0.03347601346013869,0.01823574154896818,-0.03369726390159412,46.596,45.582499999999996,45.20233333333333,3,28,4,45.94185038359612,45.0624883478973,46.994535519125705,0.6426894730486836,0.9371832028272838,48.48138454046363,42.68361545953636,0.01326485492101744,0.013861600494657286,0.013112737250601069,376691282.0,-1.0504040286864904,0,0,-1,0,0,-0.001974983541803893,1.213294406218615,0.15800225665614698,0.22004608609315857,-0.07689084433270466,-0.01651785714285703,-1.929129569824998,0.040542442124375945,0.0
2016-04-29,44.61,44.06,-0.030586154765486824,-0.02434287052157959,-0.011295832335065618,0.26635973411765856,0.012405707765976272,46.353,45.584999999999994,45.236000000000004,4,29,4,45.69969576839682,45.03329555125877,51.550387596899235,0.4901363822185516,0.8477738387055375,48.48025564728739,42.689744352712594,0.013939642061755365,0.014120513692563157,0.013085293126686028,387717694.0,-0.6735156537306012,0,0,-1,0,0,0.0011348161597820507,2.174237020656449,0.2587976821888944,0.22415620569002687,-0.05587301587301585,0.001122082585278239,0.29923845569013335,0.026451468280654557,0.0
2016-05-02,44.01,44.61,0.01171976452433029,0.008032171697264253,0.010642659244877152,-0.6986828556018339,-0.01354116831717336,46.044,45.58,45.21966666666667,0,2,5,45.39247835596103,44.96727648343562,46.02977667493796,0.3171658821981538,0.7416522474040608,48.486305305075064,42.67369469492493,0.01395714091772076,0.014267656664469674,0.012783731843003727,382234923.0,-1.0804095476538025,0,0,-1,0,0,0.000448329970858622,-0.5176060731593366,0.2577443020635232,0.2264920279550405,-0.060618996798292524,-0.002267059623668133,0.6071770863864016,0.024426266757555166,0.0
2016-05-03,43.14,44.01,-0.009002986760943254,-0.016129381929883644,-0.022679841622525954,0.1262430352082768,-0.019966239861989653,45.644999999999996,45.555499999999995,45.158,1,3,5,44.98293683669539,44.84938767805268,32.55813953488369,0.1086315487668017,0.615048107676609,48.53827493548896,42.57272506451103,0.014257849145826208,0.014753908264573512,0.013077217154151334,376014402.0,-1.6196327595893678,0,0,-1,0,0,0.00499886389456939,-0.19218601063147267,0.2632517730901377,0.23421103280593242,-0.06582936336076217,-0.011230804492321833,0.8631384182492182,0.031061659712563826,0.0
2016-05-04,41.66,43.14,-0.03286518929248427,-0.03376138768358132,-0.03676448668999387,0.20155602288206287,-0.03490920512818446,45.106,45.455,45.059666666666665,2,4,5,44.378766502750764,44.64362073108154,19.760479041916156,-0.17405069593031897,0.4572283469552234,48.81665059707786,42.09334940292214,0.01608640177100123,0.016571208823251957,0.014353494954725817,368404809.0,-2.2578194196022845,0,0,-1,0,0,-0.007881316643486402,0.4228210789369091,0.30196914452704343,0.2630597848202639,-0.08580206276058822,-0.04602702083810406,1.1518130987420176,0.03408545367258766,0.0
2016-05-05,41.53,41.66,-0.024599159013367785,-0.015774311780811772,0.0,-0.24281067791552802,-0.0031253781901636525,44.486000000000004,45.349000000000004,44.963,3,5,5,43.86080895679608,44.44274197423757,16.19631901840492,-0.40391227572515476,0.2850002224191478,49.06528507206243,41.63271492793758,0.013654551854611443,0.01656698475602986,0.014350386036835987,362435692.0,-2.055278282449185,0,0,-1,0,0,0.0024003840614498662,-0.4212682738988477,0.2792325827099916,0.26299272983191857,-0.05742169768497507,-0.04856815578465057,0.18674134615374982,0.018059234288466168,0.0
2016-05-06,41.73,41.53,-0.006968669316093316,-0.004757382902269117,-0.015828894961981223,0.09290573324818162,0.004804236960798901,43.934000000000005,45.2105,44.88533333333333,4,6,5,43.473389146469515,44.26772636299644,17.611580217129017,-0.5634458521943202,0.11531100749645419,49.25222696283375,41.168773037166254,0.014856521809362633,0.015859648750319325,0.01435583322673559,368985952.0,-1.7222835842229915,0,0,-1,0,0,-0.0014447387430773482,-0.1729462946914619,0.24007603816171766,0.2517641188450875,-0.0645595158036315,-0.06224719101123599,-0.35036894274608266,0.028756290438533328,0.0
2016-05-09,42.19,41.73,0.0076868022015340225,0.014909754366287064,0.02448904049820464,-0.1755000184154029,0.010962931532786038,43.468,45.1015,44.83133333333333,0,9,5,43.24004566529324,44.133679500867636,21.674311926605455,-0.6453203539613952,-0.036815264795115696,49.350914944249766,40.85208505575024,0.01658521626988079,0.016170832738797113,0.014519566806499308,374481865.0,-1.37030628366373,0,0,-1,0,0,0.001437814521926726,-0.6970079344642157,0.2948681452353927,0.25670401151807204,-0.04135423767325608,-0.04913229659679963,-0.6245762295845741,0.019435885280872253,0.0
2016-05-10,42.85,42.19,0.011657084542212948,0.007955119163372175,0.008348289391471244,-0.04344413283261857,0.015522418907541602,43.135000000000005,45.0115,44.77166666666667,1,10,5,43.169128271603554,44.0508614685536,27.41935483870968,-0.6494633926226498,-0.15934489036062255,49.37586900847047,40.64713099152953,0.01838729379704077,0.016565007448761812,0.014373742785476628,379744125.0,-0.9905211936959994,0,0,-1,0,0,0.0021332069210714248,-0.8671998191680131,0.3144051020460901,0.26296134105213764,-0.006722299490032446,-0.04031354983202684,-1.5834127480978968,0.0189031505250874,0.0
2016-05-11,42.11,42.85,0.009884759232541925,0.016181582851241914,-0.00047517225888138106,0.3030199404783191,-0.01742040286995248,42.789,44.825,44.676,2,11,5,42.97655949494836,43.925644599614664,19.978632478632477,-0.7043394098914675,-0.26834379426679156,49.355906729283454,40.29409327071655,0.01857608254560675,0.015451159315313146,0.014560522672359702,372619333.0,-1.198435616629597,0,0,-1,0,0,-0.0035005834305717287,0.1510411493727767,0.20587795083404326,0.24527955009574573,0.010801728276524258,-0.0813699825479931,-0.8468958521891382,0.03633341249109478,0.0
2016-05-12,41.22,42.11,-0.010594566431396028,-0.028845917216207308,-0.029665747123442495,-0.22834220986786033,-0.02136166671152341,42.505,44.5505,44.556666666666665,3,12,5,42.657185041321384,43.75108688351049,19.14022517911974,-0.8103039315705516,-0.3767358217275436,49.26216737723249,39.83883262276751,0.017078126426578202,0.014888169896451156,0.014968299199549038,366949054.0,-1.413724583400559,0,0,-1,0,0,0.003324625979577311,-0.5819839485545624,0.26619648216025654,0.23634237013732812,-0.007464483505899455,-0.11753371868978812,-0.4088831144624272,0.036875303250849006,0.0
2016-05-13,41.56,41.22,-0.01959909771387245,-0.003072925240461662,0.011197780102661304,-0.03298643447502874,0.008214590768713824,42.2,44.2765,44.45666666666666,4,13,5,42.45769685199022,43.60972643941304,22.760041194644714,-0.8569678282527917,-0.47278222303259326,49.01587715205981,39.53712284794019,0.016600733933926318,0.014945602192654823,0.015089496692159598,372435342.0,-1.1463531653391883,0,0,-1,0,0,0.005094614264919963,-0.6685301017155058,0.27227943251856623,0.23725407957519792,-0.004073807812125407,-0.11649659863945572,-0.5282229025237589,0.02237728585178055,0.0
2016-05-16,42.23,41.56,0.0043352669055394125,0.003072925240461683,0.00024204284276459448,0.09934899485566648,0.015992702714825422,42.022,44.033,44.394,0,16,5,42.41629742435563,43.520711830418655,29.660144181256413,-0.8303145526818696,-0.5442886889624485,48.66067919554016,39.40532080445984,0.017894069763579552,0.015680077190065554,0.015373490627650858,378494682.0,-0.7792242823303798,0,0,-1,0,0,0.0012030798845042627,-0.428674686546988,0.2880539329218843,0.24891350869925954,0.0009480919649205166,-0.10339702760084934,-0.5079230830210067,0.024863840871418356,0.0
2016-05-17,42.2,42.23,0.010518863424107149,0.01359608379179674,0.01632297403193052,-0.16025740981382758,-0.0007106479038859469,41.928000000000004,43.786500000000004,44.34633333333333,1,17,5,42.376970619927334,43.435504615552944,31.54435925520262,-0.8023632450102696,-0.5959036001720128,48.241572921606945,39.33142707839306,0.017018563243316725,0.015655992405991793,0.015267501372555822,373332582.0,-0.7122217875741309,0,0,-1,0,0,-0.00426237272081458,-0.935102730062032,0.2547205522467536,0.24853117460502036,-0.01516919486581092,-0.10460428601739868,-0.060596436858918294,0.022511848341232293,0.0
2016-05-18,42.9,42.2,-0.0009517012376664004,0.006727031664618356,-0.0019065782705815315,0.15633063642632813,0.01645160489200506,42.052,43.579,44.32066666666667,2,18,5,42.47206687084963,43.40095593067856,43.02884615384612,-0.7154798758087537,-0.619818855299361,47.77300022588582,39.38499977411418,0.013566497625942727,0.016399338576078715,0.01559970456630772,379368175.0,-0.3237958814637829,0,0,-1,0,0,-0.00450236966824656,-0.42585484354606185,0.24812373312901137,0.2603314292295143,0.018760389456186077,-0.08820403825717316,-1.2669724964107574,0.030766899766899697,0.0
2016-05-19,42.17,42.9,0.017461510201478653,-0.00654078591281122,-0.010069612776134175,-0.05831416070806149,-0.01716275817550267,42.116,43.301,44.27133333333333,3,19,5,42.417145621604234,43.32153941902188,35.64705882352939,-0.6974888614678676,-0.6353528565330624,47.04995297663846,39.552047023361546,0.014910472646344843,0.015992057289270153,0.015889338636192234,373674477.0,-0.6033684642340459,0,0,-1,0,0,-0.0034965034965034635,-0.5419892100781324,0.2224145314639099,0.2538660392382393,0.023047064531780848,-0.11648858160486053,-1.0693167870964964,0.03457434194925298,0.0
2016-05-20,42.19,42.17,-0.00963692967605003,0.0006283234443357768,0.01387914119280175,-0.3054463472325327,0.000474158377778688,42.162,43.048,44.19433333333333,4,20,5,42.37584641767619,43.24853687585918,38.51010101010098,-0.6738493048023031,-0.6430521461869105,46.32853654148128,39.767463458518726,0.014870585079567528,0.016026563420937265,0.015415674036276817,377869562.0,-0.5230851655824491,0,0,-1,0,0,0.004031301873369734,-1.3468130549255475,0.22132706801016377,0.2544138070968275,0.015158806544754544,-0.10708994708994712,-0.5430214015760317,0.02145058070632854,0.0
2016-05-23,42.21,42.19,-0.0035490395704718845,-0.009936372593018397,0.0009501188363202567,-0.08584331077806438,0.0004739336581601461,42.164,42.815999999999995,44.12233333333334,0,23,5,42.34569252355325,43.1815344967715,43.42291371994341,-0.6460536486705521,-0.6436524466836389,45.58004280566945,40.05195719433054,0.01446467515688212,0.016064838554130254,0.01541855685423446,381719551.0,-0.4384881440743248,0,0,-1,0,0,0.0,-1.5230687065848205,0.18877538929085363,0.2550214059997866,-0.00047359696897930625,-0.09903948772678761,-0.07395032664887304,0.010424070125562778,0.0
2016-05-24,42.8,42.21,0.002603859915985037,0.010285270660173361,0.0014258585738881648,-0.09136652637654763,0.01388094279334365,42.159,42.647000000000006,44.06066666666666,1,24,5,42.4282938829072,43.15691936794753,59.22330097087382,-0.5698484633973067,-0.6288916500263725,44.91356336193774,40.38043663806227,0.014274661431181643,0.016450166874691596,0.01561557150875178,385233371.0,0.1350061529885391,0,0,-1,0,0,0.0021321961620468207,-1.532578233850107,0.21275656735103496,0.26113830345567957,0.0142180094786728,-0.07319185794716332,-0.6929325002913659,0.019156542056074696,0.0
2016-05-25,42.53,42.8,0.01221819710930447,0.006721545760326757,0.005671403296873614,0.234208236137551,-0.006328393322208849,42.201,42.495,43.95033333333333,2,25,5,42.446785904196794,43.11647295711221,57.91139240506332,-0.525188008116011,-0.6081509216443002,44.2961633667379,40.693836633262094,0.013182401749512409,0.016311197899453588,0.014715339987852823,380792227.0,0.038863770656620056,0,0,-1,0,0,0.0004672897196262413,-0.9023835646397302,0.1794363899524375,0.25893223936508,-0.008624708624708544,-0.06671055518981783,0.04385761256674079,0.02045614860098748,0.0
2016-05-26,41.79,42.53,-0.005855503321475713,-0.01395696068401854,-0.020241195871990362,0.12245856847805368,-0.01755263280571824,42.257999999999996,42.3815,43.78633333333334,3,26,5,42.327370285251924,43.03089405665336,50.43731778425658,-0.5432439134299116,-0.5951695200014224,44.048520979880855,40.71447902011915,0.012519453470095341,0.015134260214975858,0.014388989628755395,375772525.0,-0.7096491371599666,0,0,-1,0,0,0.0009405125793557288,-0.48522468429015697,0.18150826560658573,0.2402489328345903,-0.009011145364002937,-0.05152065365410807,-0.0013781205638190809,0.026800670016750357,0.0
2016-05-27,42.33,41.79,-0.017775085839573518,-0.007052215405324835,0.00599594073594152,-0.4146390767738471,0.012838978073008265,42.334999999999994,42.2675,43.629333333333335,4,27,5,42.32784841520611,42.985675085256375,51.00864553314122,-0.5081225410869052,-0.5777601242185191,43.563369957736114,40.97163004226388,0.01288356752229235,0.015157471471869521,0.014577215289191925,379088433.0,0.09646029623093894,0,0,-1,0,0,0.0007178750897344135,-1.8577834956573005,0.21036328692507905,0.2406174001147375,0.0033183218772221412,-0.05110961667787495,-0.38977389390628964,0.013465627214741326,0.0
2016-05-31,42.48,42.33,0.012593727097575903,0.003532324407545294,0.005246852008262738,0.38610773781414887,0.0035373224008510193,42.36,42.191,43.47533333333333,1,31,5,42.35551233971409,42.95305088620758,47.12286158631411,-0.4628494141391144,-0.5547779822026382,43.203384366363785,41.17861563363622,0.011920202672177608,0.014987276218356722,0.014608187265664409,383966940.0,0.5709294011285566,0,0,-1,0,0,0.0004724781478857342,-0.4409598589709321,0.21125194084720092,0.23791563422402676,0.006396588486140553,-0.03476482617586918,-0.611812637008676,0.01177024482109228,0.0
2016-06-01,42.54,42.48,0.003535654832307797,0.002582464165596878,0.0011886367737289122,-0.17794182713939566,0.0014114328384078085,42.39399999999999,42.161,43.32233333333333,2,1,6,42.38905555067516,42.92640244193612,53.739130434782616,-0.41731805354881146,-0.5272859964718729,43.086837316614954,41.23516268338505,0.011912095605324717,0.014376257450723545,0.014616135720317731,388050207.0,0.8187183497543581,0,0,-1,0,0,0.0004708097928437648,-1.033519922209234,0.18052037765927614,0.22821601199072347,-0.006074766355140149,-0.013908205841446475,-0.42398408493237805,0.013164080865068057,0.0
2016-06-02,42.17,42.54,-0.004244288380327148,-0.0007036472672170962,-0.0014265337654539576,0.0726757575936248,-0.008735742013622627,42.321,42.1865,43.159666666666666,3,2,6,42.349227268734225,42.877602284391855,59.08221797323143,-0.4064052433592664,-0.5031098458493516,43.081827637762856,41.29117236223715,0.010839624524831304,0.012190468662134645,0.014645424066301064,383659136.0,-0.036858015555576946,0,0,-1,0,0,-0.005171603196991041,-0.702883180669019,0.18553554706294953,0.19351769067200728,-0.008464613214201777,0.012241958713394174,-0.26196468763860425,0.013990988854635908,0.0
2016-06-03,41.69,42.17,-0.009735325613063922,-0.01536854932497159,-0.022132248107238364,0.14609118796770243,-0.011447775865763109,42.272999999999996,42.1945,42.958333333333336,4,3,6,42.229367765328,42.80098278217303,51.21042830540033,-0.4315145203519677,-0.4887907807498748,43.0677148707626,41.321285129237395,0.010072151140404176,0.012462952937481753,0.014306657564941792,378577342.0,-1.1555002483166703,0,0,-1,0,0,-0.006165520512212594,0.016212845381805483,0.15589475952483972,0.19784324444447185,-0.0023929169657813665,0.0038526366482061203,0.25620808701073133,0.0206284480690813,0.0
2016-06-06,41.77,41.69,-0.00983103470032742,-0.0026243603276457613,0.002429544440938868,-0.3680053853264457,0.0019170866163785113,42.231,42.1965,42.775666666666666,0,6,6,42.14584635345018,42.73446776396832,45.1882845188285,-0.43988772004308885,-0.47901016860851764,43.065407965567246,41.327592034432755,0.010107513120490765,0.012424068085861712,0.014310461392442549,382094520.0,-0.9816920016875791,0,0,-1,0,0,-0.004557447829215585,-1.403056389027102,0.1089949121752275,0.19722596656154617,-0.013229388140798326,0.0009585430146179519,-0.6335390012170455,0.015561407708881937,0.0
2016-06-07,43.07,41.77,0.00504748097220122,0.037510257810429944,0.008697807913820004,0.5988804039542271,0.03064832055693515,42.317,42.240500000000004,42.64966666666667,1,7,6,42.31387428918651,42.75611500500263,57.19008264462809,-0.3377312500570042,-0.450754384898215,43.19311357935605,41.28788642064396,0.014346513838270146,0.014057833534945784,0.015647408724431485,388496065.0,1.7415246181158248,0,0,-1,0,0,-0.0014364376346660825,1.3831562226643077,0.26778039307447504,0.22316118903486348,0.013888888888889062,0.020858023228253142,1.5702135779762998,0.04388205247271884,0.0
2016-06-08,43.5,43.07,0.036718646027939686,0.009959443549888574,0.03498347760919361,0.019406366862648617,0.009934239028619271,42.387,42.273,42.56033333333333,2,8,6,42.529533509334414,42.80410758532504,55.19031141868514,-0.2195433462211085,-0.40451217716279375,43.349467908434484,41.19653209156552,0.014031579957401785,0.013804908860904607,0.01565372598690739,395023054.0,2.279677806251444,0,0,-1,0,0,0.004643603436266608,1.369053846266847,0.2717163339600595,0.2191461343071933,0.02256699576868826,0.015169194865811031,1.0302164468640502,0.019425287356321975,0.0
2016-06-09,44.19,43.5,0.004381420591490036,0.009861230378789951,0.006944472352811215,-0.15230434077741103,0.01573758104801006,42.553000000000004,42.376999999999995,42.514333333333326,3,9,6,42.83143650763725,42.89351999917504,67.595818815331,-0.06940133214773425,-0.3374900081597819,43.7486083528758,41.00539164712419,0.014371008614016136,0.013501527695245352,0.015826565418223745,400627955.0,2.6436117805767902,0,0,-1,0,0,-0.0009195402298850379,0.6628344638294064,0.2512247510286438,0.21433010760642163,0.04790135167180454,0.04939444312514829,0.08642546997181891,0.022176963113826588,0.0
2016-06-10,43.63,44.19,0.010301109745342353,-0.006336296374773723,-0.0027720045470106007,-0.18439399808244786,-0.012753532007130247,42.737,42.497499999999995,42.5,4,10,6,42.976629869885016,42.94103483793794,61.46496815286629,0.0043498336607257215,-0.26912203979568045,43.86456947422681,41.13043052577318,0.013651251565049328,0.012838144795188862,0.014796934439350557,395966874.0,1.656828744041008,0,0,-1,0,0,-0.006336275175379071,-0.23959191218171663,0.25805482501660515,0.2037992305410479,0.04653394099304409,0.058466763706938485,-0.014926404024568591,0.018794407517763012,0.0
2016-06-13,42.16,43.63,-0.01583873349488608,-0.012794325772641415,-0.031010236742560322,0.3455335759159424,-0.03427308290241146,42.72,42.5275,42.41833333333333,0,13,6,42.828151711724104,42.89064549355485,49.676584734799455,-0.05518244194416155,-0.2263341202253767,43.832887621398186,41.22211237860182,0.017759038273425308,0.015141305980614502,0.01579766647983756,389381962.0,-0.5630511489091395,0,0,-1,0,0,-0.009397203758881588,1.5654177712625272,0.40419212210287664,0.24036078089664567,0.009336844625329022,0.01443695861405181,-0.5476422788294637,0.03747628083491474,0.0
2016-06-14,39.88,42.16,-0.029824918165524617,-0.0296369841893726,-0.056695343676545176,0.8334872474957509,-0.05559695913946919,42.46,42.410000000000004,42.28066666666666,1,14,6,42.292124127774265,42.69641030042228,34.50106157112528,-0.2830760203588838,-0.23768250025207813,44.17150653224799,40.64849346775202,0.024468757539249212,0.019043176823898333,0.018367039621306345,374227906.0,-2.8725411500703113,0,0,-1,0,0,-0.0049810246679315405,3.888055949134757,0.4667934576044924,0.30230106029198306,-0.07406547480845127,-0.05564764385507914,-0.36126233264960494,0.0656970912738214,0.0
2016-06-15,39.94,39.88,-0.04136842904864289,-0.03740332250104127,0.00403226352793823,-0.7690511152762477,0.0015033828940314653,42.2,42.297,42.174,2,15,6,41.86446519545167,42.518577377814395,35.93919652551571,-0.4536128579161911,-0.2808685717849007,44.37648475399552,40.217515246004474,0.02447188356564154,0.019061689904878006,0.018110761723083478,381251093.0,-2.266907699584006,0,0,-1,0,0,0.00927783350050144,0.6020572391077683,0.44148981469016335,0.3025949463416259,-0.08183908045977017,-0.05355450236966841,-0.33499394738549143,0.02278417626439669,0.0
2016-06-16,39.78,39.94,-0.020075956572689076,-0.014363793264717583,-0.014694969271978605,-0.058873275113546474,-0.004014054561842954,41.961,42.141,42.11133333333333,3,16,6,41.48547152355137,42.34189496634251,38.354577056778666,-0.5948184957982292,-0.34365855658756644,44.4817232350606,39.8002767649394,0.02445967113079182,0.01852071106795582,0.017086220776113412,374629448.0,-2.0173252135371467,0,0,-1,0,0,-0.012268402603905732,0.4302252997922957,0.36538235260475904,0.2940071735393555,-0.09979633401221988,-0.07272727272727264,-0.8191167489293227,0.022875816993464144,0.0
2016-06-17,39.74,39.78,0.0037950709685515343,0.002297184842209278,0.010157527658024952,-0.16157900613681253,-0.0010060363021553473,41.766000000000005,42.0195,42.05166666666666,4,17,6,41.16811306472385,42.17403077496557,34.071340713407125,-0.7018620184032613,-0.41529924895070547,44.594435666032325,39.444564333967676,0.024404515445936126,0.018254529712974442,0.01708321942090397,368995757.0,-1.7705296719218189,0,0,-1,0,0,-0.004524886877828047,0.042769819210838576,0.389875046888224,0.28978167552581796,-0.08915883566353422,-0.05762390324875499,-0.9537731295334112,0.0151534977352794,0.0
2016-06-20,40.02,39.74,0.011299555253933247,0.007383913482585121,0.008052383721398116,-0.29591254860574684,0.007021092031916653,41.590999999999994,41.911,41.99466666666667,0,20,6,40.959365234774054,42.03506104754844,35.10895883777242,-0.7553934162459086,-0.4833180824097461,44.6342867139379,39.187713286062106,0.024607504461630493,0.018375356336317133,0.017115680244303443,373186392.0,-1.3887630636332042,0,0,-1,0,0,0.007800704579768373,-0.5248207703487343,0.39548737310068616,0.29169973870854055,-0.050759013282732246,-0.0514339890969423,-2.086239717064858,0.014492753623188363,0.0
2016-06-21,40.52,40.02,0.010432285373406047,0.009710604238207509,0.002003005176436144,0.4197308562944849,0.012416350224895366,41.336,41.8265,41.93899999999999,1,21,6,40.87948064663331,41.93731517351306,38.390804597701155,-0.7488394582451932,-0.5364223575768355,44.61482358614412,39.038176413855886,0.022245410976008875,0.018671024450276432,0.017154104663969154,379562661.0,-0.9371222238999288,0,0,-1,0,0,0.011244377811094346,0.2881125513278154,0.10459467418331757,0.2963933245094274,0.016048144433299827,-0.04003790570954746,0.5867317384993466,0.022087857847976382,0.0
2016-06-22,40.26,40.52,0.001234720492708421,-0.0037427752696824173,0.0005001250416823734,-0.2804743609244274,-0.006437259168837297,41.012,41.6995,41.852666666666664,2,22,6,40.76684780179089,41.82910129135093,38.88242142025609,-0.7559115486065053,-0.5803201957827695,44.53215525425682,38.86684474574318,0.02154123598052848,0.018313273585373463,0.016877719556715024,374745866.0,-1.0163608846058985,0,0,-1,0,0,0.0,-0.3633467888781635,0.12570210726868858,0.29071420559031824,0.008012018027040657,-0.0593457943925233,0.6113343453077971,0.01794088425235959,0.0
2016-06-23,39.59,40.26,0.004923692861784521,0.0006799857391366188,-0.04604393850140673,1.2481808337450595,-0.016781859093606022,40.552,41.552499999999995,41.768666666666675,3,23,6,40.55287547419255,41.68464314352184,38.04100227790434,-0.8062852769681328,-0.6255132120198421,44.506240714843045,38.598759285156945,0.02002381040081953,0.01855883796168539,0.01685843344237203,357964156.0,-1.3288234746794778,0,0,-1,0,0,0.011425732737208169,3.0055090661259274,0.18113244718621124,0.2946124192137865,-0.004776269482151818,-0.06912767458264746,-0.32444895108608757,0.06441020459712041,0.0
2016-06-24,38.31,39.59,-0.07229610392438973,-0.03775920498970937,-0.012114975672125359,0.16030674835261313,-0.03286560240548169,40.019999999999996,41.3785,41.67166666666667,4,24,6,40.14507993343027,41.46692423103656,32.66533066132261,-0.9386716991663633,-0.6881449094491464,44.66463210484936,38.092367895150645,0.021166288999702163,0.01943111296722166,0.017413377624571916,338264595.0,-1.8675451272770214,0,0,-1,0,0,-0.04319272543571611,2.767772695343195,0.2875139336405574,0.3084593556508253,-0.03598389531957724,-0.08327351040918873,-0.44201133527229025,0.03915426781519185,0.0
2016-06-27,36.76,38.31,0.0026364370662620923,-0.031847351696005013,-0.0339563747342737,-0.4114994528751384,-0.041300661225071374,39.480000000000004,41.1,41.51166666666667,0,27,6,39.529610854624764,41.16325170000194,19.1593352883675,-1.1553428652855828,-0.7815845006164337,44.94345239541029,37.25654760458971,0.022003169438088766,0.020593333655287455,0.018625541901621467,325210565.0,-2.2583862389879847,0,0,-1,0,0,-0.008613938919342349,1.1799243021888308,0.3336360463638993,0.32690903710600405,-0.0814592703648177,-0.1315851641861564,0.3852454154783068,0.04162132752992386,0.0
2016-06-28,37.43,36.76,-0.006869247618883047,-0.00474684435621945,0.007374060452715031,-0.4550248499200214,0.01806222442885132,39.235,40.847500000000004,41.351666666666674,1,28,6,39.147863426511165,40.92239675161472,21.012416427889193,-1.258485883011062,-0.8769647770953595,44.96311787904462,36.73188212095539,0.0187922203920248,0.02123416067694881,0.01870740393477463,333492462.0,-1.6607469888790225,0,0,-1,0,0,0.0261153427638738,0.12068065464445317,0.3661081754677715,0.33708185070236096,-0.07625863770977304,-0.118879472693032,0.6436839663999426,0.028853860539674012,0.0
2016-06-29,38.89,37.43,0.012645057847272793,0.034553379017371634,0.027112115618454218,0.039577326482176704,0.038264626251318275,39.129999999999995,40.665000000000006,41.24133333333334,2,29,6,39.100979167145496,40.7912743805428,26.423487544483976,-1.2084869837018388,-0.9432692184166553,44.78831241396453,36.54168758603548,0.023614624158956602,0.023478624914455053,0.02027623619537111,342108707.0,-0.8609582887721867,0,0,-1,0,0,0.02057173390328622,0.14644615173832098,0.5386549442879793,0.37271161589647933,-0.034028812717337265,-0.0858015984955336,0.5447706235094146,0.03599897145795831,0.0
2016-06-30,39.21,38.89,0.019699963161804796,0.0012759986419307065,0.02044632170892053,-0.4796737538473608,0.00819466813658433,39.073,40.517,41.11833333333333,3,30,6,39.120801136755404,40.6892566785723,29.909090909090907,-1.1300150599273593,-0.9806183867187962,44.62532325894595,36.40867674105406,0.023838544247372626,0.023613059957436625,0.02006091282479115,347442036.0,-0.636269308727831,0,0,-1,0,0,0.0017999485728979244,-0.5910142886735616,0.5379163945794876,0.37484570604380846,-0.009598383430159174,-0.07019207967749586,-0.14834945224721072,0.01708747768426426,0.0
2016-07-01,39.6,39.21,0.0076707100739805065,0.014181042915359108,0.017107626696664918,0.19635824762392584,0.00989730195619464,39.059000000000005,40.4125,41.032666666666664,4,1,7,39.20792820279988,40.61898205414828,37.09677419354841,-1.0245454323555805,-0.989403795846153,44.50147297618807,36.323527023811934,0.024097896537026167,0.023713324908307656,0.02000581487518039,353932499.0,-0.3974103055860499,0,0,-1,0,0,0.00127518490181069,-0.3528987619470301,0.46370204090792944,0.37643736279513357,0.033672670321065024,-0.05013192612137196,-1.2130484592743451,0.014267676767676889,0.0
2016-07-05,39.21,39.6,0.012152048275355844,-0.0005030181192584009,-0.014128156910447099,-0.20221260572842498,-0.009897301956194626,38.978,40.2845,40.93333333333333,1,5,7,39.2083048931999,40.52807998613872,45.828144458281436,-0.9613479129491438,-0.9837926192667512,44.354779830028065,36.21422016997194,0.024134199216965937,0.02374913832568069,0.020052318944412582,348630302.0,-0.5279735275560118,0,0,-1,0,0,0.0035353535353535494,-0.6500010898491653,0.2814893061049338,0.377005883170944,0.06664853101196955,-0.06128800574575055,0.39191481769337205,0.02792654934965567,0.0
2016-07-06,39.13,39.21,-0.02703556653857731,-0.014954023438031315,-0.013150375041972171,0.020019690957868028,-0.002042380081919176,38.839,40.0875,40.830666666666666,2,6,7,39.194067639890825,40.43788127735558,44.968944099378916,-0.9072604215287257,-0.9684861797191461,43.967048942853616,36.20795105714638,0.023611084077792024,0.02236713952213802,0.020045826919482774,343220887.0,-0.49361408457742123,0,0,-1,0,0,-0.013516959959194112,-0.610634643867688,0.2947486597412028,0.35506733229276777,0.04541811381245009,-0.09147898769445084,1.2194104783028228,0.025811397904421107,0.0
2016-07-07,39.85,39.13,0.008238975544552862,0.019972854549974103,0.022035888399180376,-0.35974083612441954,0.01823296901390285,38.798,39.905,40.73233333333334,3,7,7,39.313328069001585,40.39995345301006,50.40650406504064,-0.7971091342730787,-0.9342107706299327,43.436419872485615,36.37358012751439,0.024525783117233187,0.022731086150983727,0.020185633715496244,346995886.0,-0.031148944042888684,0,0,-1,0,0,-0.0033222591362126897,-0.9296127507062081,0.17470588275742005,0.36084480591532414,0.024685008999742797,-0.08390804597701151,-0.3033973027209927,0.02383939774153081,0.0
2016-07-08,40.54,39.85,0.026816684108025846,0.023745859729023416,0.026567027384721706,0.22926227873299418,0.017166735787629925,38.893,39.722500000000004,40.666000000000004,4,8,7,39.536359329183114,40.408988714106194,54.31965442764577,-0.6466816683688208,-0.8767049501777104,42.64654820321654,36.79845179678347,0.024431779150758455,0.022800533963515675,0.020477646767405575,351743596.0,0.5591563087781672,0,0,-1,0,0,0.005269761606022606,-0.7003039833800309,0.1960905242395048,0.361947255761666,0.033919918388166215,-0.08259787282190534,-0.5454706742407439,0.021213616181549072,0.0
2016-07-11,41.04,40.54,0.0217292499954711,0.010456022312315202,0.018798475903346264,0.20830428012828997,0.01225805983866022,39.166000000000004,39.593,40.641,0,11,7,39.809748542058905,40.44969911964773,55.379746835443015,-0.4815697601148372,-0.7976779121651358,41.96585615151586,37.22014384848415,0.021195634105434086,0.022987751326646277,0.02039551375594147,357590818.0,1.219627240425517,0,0,-1,0,0,0.009866798223976285,-0.4751319599880066,0.199245311173281,0.36491923926540704,0.036363636363636376,-0.05936282374512958,-0.6805285903127318,0.012914230019493206,0.0
2016-07-12,42.84,41.04,0.0169536635136248,0.0414603973741245,0.019893911789169664,0.3927674452627067,0.04292504471703405,39.774,39.626999999999995,40.658,1,12,7,40.360703352593646,40.603912079670465,60.76066790352504,-0.2031308603703863,-0.678768501806186,42.16823964776357,37.08576035223642,0.016397431629791254,0.024020310800699104,0.021824451347478402,366250986.0,2.5286871333269314,0,0,-1,0,0,0.014619883040935708,0.12671978517545263,0.26361604613887185,0.3813106127587716,0.09257842387146153,0.016129032258064724,0.8324860629850441,0.03408029878618116,0.0
2016-07-13,42.4,42.84,0.037242107331971745,0.004861683380697384,0.012650843026222741,-0.3233559326611701,-0.010323883341636015,40.271,39.753,40.65533333333333,2,13,7,40.73148456121298,40.71978871969173,59.762773722627735,-0.017765558743022325,-0.5465679131935534,42.58079512397113,36.92520487602887,0.018250739971254634,0.020459360550955572,0.021906460092161305,359983482.0,1.8721299697856224,0,0,-1,0,0,0.008870214752567588,-0.32932360707101554,0.30604373968739834,0.3247822800074032,0.08356759519550216,0.06318956870611836,0.11621645358407116,0.026886792452830204,0.0
2016-07-14,43.17,42.4,-0.008131070468854187,0.0009233610997690383,0.006383754981126769,-0.016106022583947516,0.017997447329474125,40.699,39.914500000000004,40.67633333333333,3,14,7,41.1748510046288,40.87786686680839,66.18444846292945,0.18909062411309208,-0.39943620573222427,43.129671109467544,36.69932889053246,0.015957792071409276,0.02072115607753946,0.022151236421150442,366150850.0,2.0250866216194248,0,0,-1,0,0,0.011084905660377332,-0.34211515979902235,0.30594613264442616,0.3289381551535442,0.08331242158092844,0.08087130696044076,0.12861167335001283,0.021079453324067726,0.0
2016-07-15,43.16,43.17,0.005814645990856052,0.0053157953299370125,0.0063432610203455345,-0.04995754233184195,-0.00023166917745239034,41.094,40.0835,40.70933333333333,4,15,7,41.53578718560537,41.02510126249817,74.77017364657806,0.34820483433811233,-0.24990799771815694,43.60923262263497,36.55776737736503,0.016318172019597576,0.020660546122315472,0.0220808204946601,360284019.0,1.7451692055427408,0,0,-1,0,0,-0.0011582117211027163,-0.4034948839158168,0.32685039235857494,0.32797600194255966,0.06462752836704477,0.08496732026143783,0.7530753431016517,0.020180722891566152,0.0
2016-07-18,43.18,43.16,0.0039347348531474525,-0.00025249337339032296,0.009788006366162724,-0.19956018812481197,0.000463284696727356,41.452000000000005,40.2555,40.75900000000001,0,18,7,41.834734970040756,41.16412698749829,88.86198547215488,0.47049426019147234,-0.10582754613623109,44.037031157445796,36.4739688425542,0.016579737680195463,0.020643339734258314,0.021957122139530327,365089487.0,1.5467279671842407,0,0,-1,0,0,0.003012048192771144,-0.6420524366973366,0.3385050777421867,0.3277028589999942,0.05214424951267049,0.08656265727226975,1.1573758740349362,0.010189902732746755,0.0
2016-07-19,42.72,43.18,-0.009516144691342604,-0.008993488497373645,-0.012834797691323325,0.13970074210169625,-0.010710230434721909,41.803,40.390499999999996,40.79066666666667,1,19,7,41.99569224821516,41.26450589153067,82.85714285714278,0.5242481492766728,0.020187592946349697,44.32626569157053,36.45473430842946,0.016682004882092046,0.020899995745827033,0.022066690618183855,359563537.0,1.1837594930964666,0,0,-1,0,0,-0.006947660954145372,-0.4929306731691925,0.18576611693855355,0.3317771468745975,-0.0028011204481793728,0.06746626686656665,1.1777511553284676,0.014042602996254804,0.0
2016-07-20,42.03,42.72,0.0032596070770373902,-0.003248262716877896,-0.014912103435644504,0.39691622752884476,-0.01628354563491404,42.093,40.465999999999994,40.756,2,20,7,42.00193002126694,41.31389260820611,71.56593406593403,0.5053459467163393,0.11721926370034762,44.469574192616605,36.46242580738338,0.01822053718356144,0.021228507108861195,0.021521659645736706,351345171.0,0.7813018691569821,0,0,-1,0,0,0.007022471910112459,0.1279310172882682,0.20853663980489215,0.33699210309128097,-0.008726415094339579,0.037265547877591176,0.748946438660868,0.025933856768974622,0.0
2016-07-21,37.32,42.03,-0.09605429666500212,-0.09143667826059003,-0.1193937742596692,1.4212655978345878,-0.11885427303788225,41.839999999999996,40.319,40.55,3,21,7,41.15067001740023,41.0562221173541,41.90231362467867,0.10905110486176284,0.11558563193263066,44.56309385282364,36.074906147176364,0.04138701585787253,0.0332084460089866,0.029507667664354843,317301743.0,-1.4132580965450323,0,0,-1,0,0,-0.07018796098025226,3.4736108081577974,0.7566967112831615,0.5271677374001638,-0.13551077136900624,-0.07302533532041722,-2.116316378012819,0.05493033226152209,0.0
2016-07-22,37.83,37.32,-0.030395897646338578,-0.0315597842822236,-0.005658104816040109,-0.6200152200175276,0.013573062665794835,41.569,40.230999999999995,40.337999999999994,4,22,7,40.54691183241837,40.84807875494416,42.493638676844775,-0.1619952937976521,0.06006944678657411,44.60959338144072,35.85240661855927,0.04117685348782675,0.03325605194013503,0.02945768108445193,335614937.0,-1.096699232304588,0,0,-1,0,0,0.015809217577706224,1.2520867585244515,0.7940213562376551,0.5279234581286663,-0.12349397590361444,-0.044455670623894994,-1.9429519682950995,0.027491408934707882,0.0
2016-07-25,37.36,37.83,-0.0018481853445657325,-0.0013149245813090288,0.00027016074728697403,-0.47509805678697486,-0.012501825284295965,41.201,40.183499999999995,40.129000000000005,0,25,7,39.9674733174332,40.62304141591551,42.2072451558551,-0.4100003606242879,-0.033944514695598296,44.6691415371713,35.69785846282869,0.04068751142516791,0.03258279057870833,0.029455405233665584,324227352.0,-1.258905767035734,0,0,-1,0,0,0.0002643404705261728,0.3765522494416872,0.7730315242030648,0.5172357653505634,-0.13478462251042145,-0.02479770294962158,-1.892719188474053,0.02623126338329756,0.0
2016-07-26,38.28,37.36,-0.0007931262808360215,0.007863736460214451,0.013149256948444484,-0.08063127015708027,0.024326953224111606,40.745000000000005,40.2595,39.99966666666667,1,26,7,39.6606599869908,40.47187745359838,46.65617623918175,-0.5262436424898951,-0.13240434025445766,44.54809184348389,35.97090815651612,0.03831961415265963,0.031642227970312256,0.02940187901174694,334732784.0,-0.9231468380501949,0,0,-1,0,0,0.01204496788008573,0.2688218828174089,0.8574971863715797,0.5023047968247499,-0.1039325842696629,0.04134929270946697,-1.6821812177876112,0.020637408568443028,0.0
2016-07-27,37.48,38.28,-0.005835560326754829,-0.013405378825202673,-0.008298802814694955,-0.1979192112508604,-0.021120109214532223,40.253,40.26199999999999,39.91966666666667,2,27,7,39.26417635299247,40.27885310175333,40.734949179046126,-0.6751380240941174,-0.2409510770223896,44.543699613347925,35.98030038665206,0.03846004553793756,0.03182944978421435,0.02799597155950429,326113748.0,-1.299483967220532,0,0,-1,0,0,-0.018025078369905898,-0.011191104654532154,0.8566531067077338,0.505276850982298,-0.10825600761360943,0.0013358268768366433,-1.59939577689648,0.015741728922091684,0.0
2016-07-28,37.47,37.48,-0.0031974447704907656,-0.003977202644218698,-0.0016142053545412246,-0.30720410448603575,-0.00026684456462537415,39.68300000000001,40.190999999999995,39.837333333333326,3,28,7,38.937962470630204,40.09763677260795,37.32452518579688,-0.7848970065578982,-0.34974026292949134,44.613278050721284,35.76872194927871,0.037302363687012514,0.030517895024039277,0.027990908057544072,319774443.0,-1.2305874794807132,0,0,-1,0,0,-0.0002668089647811636,-0.32888238756325966,0.29484648232762367,0.4844565646247008,0.004019292604501512,-0.0365132424787864,0.16536180382199805,0.013344008540165465,0.0
2016-07-29,37.01,37.47,0.0005336179422247209,0.006355953600698727,-0.0035064095264951923,0.06393002803466002,-0.012352466407531397,39.068,40.081,39.745,4,29,7,38.58742383960653,39.898434400181635,33.30571665285835,-0.8986409728009406,-0.4595204049037812,44.710606781073864,35.45139321892614,0.03702357180075176,0.030522100386498607,0.028054739346725473,313016631.0,-1.3266785475407792,0,0,-1,0,0,0.0005337603416067021,-0.2790978919903945,0.2815279143037865,0.48452332268414244,-0.021675918583135112,-0.056108135679673654,1.3785238678593983,0.02350716022696581,0.0
2016-08-01,37.04,37.01,-0.008841316802183061,-0.013555024820485113,-0.009774718065404074,0.004285242530919973,0.0008102633799139871,38.45399999999999,39.953,39.655,0,1,8,38.306074050587156,39.71401927758927,21.84466019417478,-0.9751225307087168,-0.5626408300647684,44.776115830641665,35.12988416935834,0.037039424766611546,0.0303954195405081,0.028058933977211025,319803464.0,-1.2079328393871311,0,0,-1,0,0,0.004052958659821632,-0.27719546245842125,0.27285895984114006,0.4825123265979455,-0.008565310492505307,-0.06464646464646473,0.7920199927042778,0.019438444924406016,0.0
2016-08-02,35.54,37.04,-0.008377295310292037,-0.011573268726298592,-0.034136795977972936,0.34468044548263943,-0.04133958705147335,37.736000000000004,39.7695,39.50566666666667,1,2,8,37.80315149593495,39.4447277112932,19.80633802816905,-1.143589591397621,-0.678830582331339,44.97568448022179,34.563315519778214,0.037882077977289576,0.03151739495092375,0.02886456594922145,310223586.0,-1.6247983589777915,0,0,-1,0,0,-0.005129589632829313,0.10367310758178847,0.27017428456203046,0.5003231340764821,-0.07157784743991646,-0.09359857179290998,-0.9222208498389436,0.04276871131119854,0.0
2016-08-03,35.88,35.54,-0.037322922153975556,-0.025776036314983805,0.000282286522693082,-0.3151340874600963,0.0095212144640902,37.120999999999995,39.607,39.351,2,3,8,37.45348758758314,39.21474527830654,16.6514181152791,-1.2354245866222868,-0.7901493831895285,45.09261410466141,34.12138589533859,0.03884807675478097,0.031669762603239435,0.028813431799332143,317213937.0,-1.3588268984626433,0,0,-1,0,0,-0.0011254924029262562,-0.29375613784670473,0.3093418738474027,0.5027418955717505,-0.042689434364994505,-0.0830564784053156,-1.4303073810767117,0.015886287625418067,0.0
2016-08-04,36.42,35.88,0.01980262729617973,0.022250608934819723,0.01845689977731669,0.05229870394754697,0.014938037108866407,37.031,39.4355,39.223,3,4,8,37.26558075347712,39.034439131319026,20.593368237347335,-1.250219245711449,-0.8821633556939126,45.10065656865418,33.770343431345815,0.019557440973214487,0.031554667351828596,0.029007711218691466,324579603.0,-1.0645778147368523,0,0,-1,0,0,0.009197324414715671,-0.2685161145874865,0.351381721684798,0.5009148150978453,-0.028022417934347454,-0.0860727728983689,-1.1912184932567775,0.01976935749588135,0.0
2016-08-05,37.85,36.42,0.016162521397335382,0.028389694522773647,0.018666476658483352,0.21805917150840906,0.038512905583995845,37.033,39.301,39.16499999999999,4,5,8,37.37183879829946,38.958023703491996,29.2929292929293,-1.1334889159868666,-0.9324284677525034,44.98344906430479,33.61855093569521,0.023208642752702572,0.03269585276890376,0.02987805335484394,333739992.0,-0.5106952947857251,0,0,-1,0,0,0.010433827567270605,-0.03064760627340633,0.4616772837265659,0.5190305719782117,0.022696568495001346,-0.06635421805624064,-0.8685664059270184,0.029062087186261406,0.0
2016-08-08,37.45,37.85,0.0260172915494803,0.00421608002646501,0.013506418177986413,-0.43688299408817766,-0.010624269920229223,37.042,39.121500000000005,39.13633333333333,0,8,8,37.38604992588137,38.8607318516538,29.43013270882126,-1.0610251087555014,-0.9581477959531031,44.79945839883887,33.44354160116114,0.02310280484428044,0.03253502154360836,0.029351913148210545,327821950.0,-0.5887679629149172,0,0,-1,0,0,-0.0021136063408189773,-0.5282012339946063,0.4748124494680027,0.5164774554270991,0.011069114470842356,-0.08747563352826504,-0.47304665716237043,0.020293724966622108,0.0
2016-08-09,37.46,37.45,-0.00052966102933186,-0.0021058180985293324,0.0008046131586026234,-0.20371813863886737,0.000266987052713973,36.959999999999994,38.8525,39.159666666666666,1,9,8,37.39949539390294,38.77036205477291,31.162407254740316,-0.991362295582725,-0.9647906958790275,44.29352109225037,33.411478907749625,0.02150303502094222,0.03055713470273174,0.028356559111346883,332649251.0,-0.5118524543061708,0,0,-1,0,0,0.008010680907877094,-0.6581901366971429,0.2966976301319697,0.48507947521277883,0.05402363534046151,-0.12558356676003735,0.8018062758488447,0.017351841964762565,0.0
2016-08-10,36.99,37.46,-0.015214493401735758,-0.01593659226281264,-0.018945086242449193,0.29860022900323757,-0.012626091171579817,36.911,38.582,39.144999999999996,2,10,8,37.32504168592058,38.65549998672304,47.9087452471483,-0.9629784699278972,-0.9644282506888014,43.8143511873121,33.3496488126879,0.020837383437474124,0.030577239949536462,0.028269631503194902,326142191.0,-0.6085218453457142,0,0,-1,0,0,-0.007474639615589993,-0.40587803879531736,0.3404078808263144,0.48539863611133605,0.030936454849498363,-0.12759433962264144,1.0485221952204087,0.0202757502027575,0.0
2016-08-11,37.24,36.99,-0.005934735519814466,0.004807701568103078,0.0054496047675644645,-0.08537829062935003,0.0067358465645037035,36.888,38.2855,39.09,3,11,8,37.30957956120775,38.56417740693447,46.13368283093057,-0.909823296324511,-0.9535072598159434,43.076634246545304,33.494365753454694,0.02098722394886364,0.03020046959765115,0.027333200628703178,332116745.0,-0.4364311021983428,0,0,-1,0,0,-0.0008110300081103308,-0.4847957446424623,0.33195468841304865,0.4794175921965111,0.02251510159253156,-0.13736391012277038,1.4976405509149782,0.01960257787325467,0.0
2016-08-12,36.52,37.24,0.00297177038915748,-0.008641009864268618,-0.010517067505006732,0.25598854207296245,-0.019523396682098553,36.839,37.9535,39.00033333333333,4,12,8,37.166019640988154,38.43229499358387,44.67005076142135,-0.9152450458224308,-0.945854817017241,42.21317270796077,33.693827292039224,0.02154168407144,0.03028026229229127,0.027472839240722115,324399187.0,-0.6730564051651058,0,0,-1,0,0,-0.0045649838882922044,-0.2360426588073419,0.166057161035129,0.4806842619552559,-0.03513870541611619,-0.15384615384615374,0.3665435203950291,0.021689485213581536,0.0
2016-08-15,36.88,36.52,-0.015495756574195056,-0.006933955888450015,-0.002309406354534847,-0.3175600006320639,0.009809342961625441,36.823,37.63850000000001,38.90966666666667,0,15,8,37.11401606989939,38.33214692948169,40.437158469945366,-0.8803447635678339,-0.9327528063273596,41.134044683104165,34.14295531689585,0.0218200840952721,0.030488324714920783,0.027471513566389796,330016975.0,-0.43398100654598526,0,0,-1,0,0,-0.0005476451259584645,-0.5643627229709666,0.19909103534222744,0.48398715051998775,-0.015220293724966583,-0.14590088003705415,-0.45183658734390236,0.016784164859002162,0.0
2016-08-16,36.52,36.88,0.005464494472078745,-0.004339578277527879,0.0021720908719984255,0.027259600206851822,-0.009809342961625297,36.92100000000001,37.328500000000005,38.82000000000001,1,16,8,37.0060131480995,38.21523422435384,43.023255813953526,-0.871686767344805,-0.9205395985308487,39.9055997570707,34.75140024292931,0.0171894164076015,0.030483954506791644,0.027470658924598036,324243942.0,-0.6274495178401608,0,0,-1,0,0,-0.00488069414316702,-0.5431141392419262,0.201440798372189,0.483917775616664,-0.025093432995194842,-0.14513108614232195,0.29215274413289616,0.01040525739320927,0.0
2016-08-17,36.85,36.52,-0.004095568864737193,0.004339578277527972,0.0019207030187886175,0.020387213751028643,0.008995562908577783,37.018,37.069500000000005,38.744,2,17,8,36.97764712117232,38.127154596976176,45.694444444444464,-0.8286448983114312,-0.9021606584869653,38.393774975420776,35.745225024579234,0.017167205282040198,0.030621007340515573,0.027544243482280274,330135879.0,-0.33150214883470186,0,0,-1,0,0,0.0008214676889374049,-0.503915376442546,0.2086791553977562,0.4860934219037252,-0.0037848067045147538,-0.12324530097549369,-0.8663508488737758,0.012754409769335303,0.0
2016-08-18,36.84,36.85,0.008174432439558127,-0.001354096347729369,0.00095896986594247,-0.2987021244985305,-0.0002714072482394466,37.06,37.0455,38.643666666666675,3,18,8,36.952620371868264,38.0441123649132,48.740740740740776,-0.7862771103415724,-0.8789839488578868,38.36805693340765,35.72294306659234,0.016627888779043375,0.017760526656844952,0.027286081877878888,325765356.0,-0.3107616690201908,0,0,-1,0,0,0.0,-1.0792240655014729,0.19859816335845407,0.28193962012527085,-0.010741138560687369,-0.012861736334405016,-0.5280851104976289,0.010450597176981487,0.0
2016-08-19,36.35,36.84,-0.0038064211266027347,-0.002713705871596273,-0.005905393801268035,0.542085006069151,-0.01339000740757773,36.910000000000004,36.9715,38.504000000000005,4,19,8,36.84305303152858,37.93481479298332,45.21497919556173,-0.7832108706461867,-0.8598293332155468,38.274715052738294,35.668284947261704,0.010439487482540272,0.017652018225212132,0.027101417661981625,318249855.0,-0.9537949990588465,0,0,-1,0,0,-0.0035287730727470833,0.18119468209269227,0.16784067924480017,0.2802171021737463,-0.004654983570646309,-0.03912238963785353,-0.13848059669359764,0.013755158184319119,0.0
2016-08-22,36.28,36.35,-0.010130134540717692,-0.007090294225024519,-0.0046941961112560975,-0.4421847830816952,-0.0019275787325925067,36.793,36.917500000000004,38.34533333333333,0,22,8,36.74067975306883,37.82805254827472,56.401384083045,-0.7774671116752074,-0.843356888907479,38.24225817058279,35.59274182941722,0.01018879475472955,0.01747610545767085,0.026943086556803143,313420162.0,-0.9624398084966073,0,0,-1,0,0,-0.00027510316368632763,-1.2381655497405226,0.13861615921933604,0.2774245735616142,-0.01626898047722347,-0.028907922912205564,0.3673772363655813,0.01130099228224908,0.0
2016-08-23,36.69,36.28,0.003296706282491803,0.007090294225024616,0.008817913295118218,-0.056060165170096904,0.011237613120254775,36.716,36.838,38.14033333333334,1,23,8,36.73146525251086,37.75462980322474,56.9230769230769,-0.7314004388440978,-0.8209655988948028,37.99922621215208,35.67677378784792,0.011148829788637326,0.016670352937753055,0.025581142322979016,317986551.0,-0.25490296111335176,0,0,-1,0,0,0.004961411245865482,-1.3569655515053485,0.15581556592331572,0.2646336488458176,0.004654983570645976,-0.04153605015673989,-0.5739406454501891,0.009539384028345444,0.0
2016-08-24,36.66,36.69,0.0038324711568036756,0.0010863662122210114,-0.0008233841552053229,-0.020589865226159933,-0.0008179959556318093,36.68300000000001,36.797000000000004,37.94899999999999,2,24,8,36.718471570236154,37.68400852559734,52.247191011235905,-0.6893664309126635,-0.7946457652983749,37.920061604908966,35.67393839509104,0.010517251308656451,0.01606509308875846,0.025569909857163436,313513222.0,-0.24397593044081212,0,0,-1,0,0,-0.0024529844644316247,-1.291478603900849,0.13840080606189845,0.25502544661174437,-0.0051560379918590415,-0.02187833511205972,0.0014801696103672666,0.011456628477905122,0.0
2016-08-25,36.69,36.66,-0.0013670542115332236,0.00027140724823940363,0.0002745367210105656,-0.29372256556454973,0.0008179959556317626,36.628,36.758,37.733,3,25,8,36.7132949211023,37.61987894330074,35.2791878172588,-0.6461846135200844,-0.7649535349427169,37.83592393052557,35.68007606947444,0.010203091315731879,0.016069469938630242,0.025233645622597514,316848014.0,-0.12616845785555633,0,0,-1,0,0,-0.003000545553737028,-1.7889192531405063,0.13897867400615269,0.25509492694946395,-0.004071661237785129,-0.02081665332265814,-0.1195309734144376,0.011447260834014764,0.0
2016-08-26,36.27,36.69,0.004912673635788405,-0.00230931298716,-0.010485747289514432,0.45296063886154275,-0.011513285072379557,36.603,36.721000000000004,37.50333333333333,4,26,8,36.63269584453825,37.53278997921683,35.10101010101006,-0.6384930515911975,-0.739661438272413,37.81320973501561,35.628790264984396,0.008886021586920497,0.016039691604514506,0.02524236628937328,311602512.0,-0.8258487093480342,0,0,-1,0,0,0.001090215317525188,-0.5451604580899436,0.1287061332572942,0.25462221055029577,-0.0022008253094910613,-0.019994596055120106,0.20578904944978807,0.019713261648745612,0.0
2016-08-29,36.45,36.27,-0.008750397644233925,-0.006138754698325014,0.007461690002134547,-0.2444816380053887,0.004950505159856205,36.56,36.6915,37.278999999999996,0,29,8,36.59947841825856,37.46293256120284,37.77239709443098,-0.6108316506316314,-0.7138954807442567,37.77929400139614,35.60370599860386,0.008362209979076843,0.016089614606963426,0.025292075339449573,315710319.0,-0.4440178925238401,0,0,-1,0,0,0.003859939343810131,-1.1323215412067913,0.1328342961919109,0.2554147136453848,0.004685777287761983,-0.015928725701943702,-0.5323096945369449,0.006035665294924522,0.0
2016-08-30,37.18,36.45,0.005204778219978636,0.02165758716371602,0.0013757052658050634,0.38003498109707035,0.019829523838630705,36.626,36.7735,37.09433333333334,1,30,8,36.705027796757,37.44467884757685,52.16400911161728,-0.5239649501575414,-0.6759093746269137,37.735827769962896,35.8111722300371,0.010079510651546946,0.01372440340172414,0.02568568553503145,321717312.0,0.8448264981809143,0,0,-1,0,0,0.00411522633744852,0.13793121173483644,0.18124409533298935,0.21786814976214583,0.013355137639683878,0.04614518851997751,0.6491278575962545,0.026089295320064713,0.0
2016-08-31,36.88,37.18,0.016260520871780326,0.007470685759307721,0.000824515643797352,0.3048756988354085,-0.008101583604904818,36.629000000000005,36.8235,36.922666666666665,2,31,8,36.736840924619365,37.4082479541848,45.94594594594594,-0.4738675073341554,-0.6355010011683621,37.68944700214616,35.957552997853846,0.010173239049588906,0.013802432783996465,0.025599161061077548,313569088.0,0.13049297441984425,0,0,-1,0,0,0.0005379236148467759,1.5181609644251544,0.19677735473591584,0.2191068278048372,0.006001091107474155,0.027870680044593144,0.8312611826772996,0.0330802603036876,0.0
2016-09-01,36.59,36.88,-0.008639362590707854,-0.009883879047315752,0.00027468754464709985,-0.5330711999194165,-0.007894419657277607,36.604,36.83200000000001,36.89833333333333,3,1,9,36.71014257468857,37.355457763592234,50.87281795511223,-0.4523510776880997,-0.5988710164723096,37.684503434164796,35.97949656583522,0.01048484718356308,0.013564366597217294,0.015517285394101054,308787710.0,-0.567739648432259,0,0,-1,0,0,0.0,-0.6477111836903217,0.2073680986857238,0.21532764425009038,-0.0027255382938128347,0.004667764964305432,1.2379265765329868,0.022957092101667215,0.0
2016-09-02,36.89,36.59,-0.008441166527103304,-0.006463798427503999,0.0030165935394257273,-0.07054775612046886,0.008165532577468678,36.658,36.784000000000006,36.867,4,2,9,36.742843924745195,37.325428230457256,50.126582278480996,-0.40640685414560807,-0.5603781840069693,37.49082090339303,36.07717909660698,0.009778816388998536,0.01024178959176974,0.015376148150044282,313243396.0,0.29993453643250306,0,0,-1,0,0,-0.0005465974309921597,-0.8293627236914071,0.18788473436005945,0.1625833694404348,0.017094017094017033,-0.025363276089828246,0.4240915181182677,0.013282732447817698,0.0
2016-09-06,36.95,36.89,0.0087122794472945,0.0016198707645764352,0.0010946908591815748,0.35949555538696637,0.0016251357856264974,36.725,36.759,36.85333333333333,1,6,9,36.78050866570061,37.30120705429872,55.89041095890413,-0.36099292568187025,-0.5205011323419495,37.398832214848206,36.119167785151795,0.009704031077172945,0.010017380464855683,0.015220685850417885,319626641.0,0.5970315203504248,0,0,-1,0,0,0.0,0.6718935009460527,0.18768678177265052,0.15902098498994846,0.013717421124828544,-0.013351134846461998,0.705592058908261,0.01380243572395123,0.0
2016-09-07,38.68,36.95,0.011588864370558744,0.046642626260483246,0.0195022432314411,0.5996774725322006,0.04575702319088278,36.924,36.82000000000001,36.86666666666667,2,7,9,37.12587072648231,37.39016143789235,68.11881188118817,-0.18329263499738602,-0.4530594328730368,37.85303334638164,35.78696665361837,0.01716794917836062,0.014597054585363247,0.016916685119401642,331253921.0,3.60104541932733,0,0,-1,0,0,0.010013531799729294,3.1070335455368143,0.36002320287149486,0.23172105784143723,0.040344271113501806,0.03256807261078487,1.7581249942460262,0.04033092037228548,0.0
2016-09-08,38.76,38.68,0.03216728700707719,0.005648282025408688,0.030391823240192278,-0.45818596632062114,0.0020661164374719087,37.134,36.908500000000004,36.90933333333333,3,8,9,37.42298513984916,37.47853811931866,68.75,-0.03559818919048752,-0.36956718413652695,38.257734090726466,35.55926590927354,0.017075344234492033,0.014206726106460928,0.016428276228809803,338607360.0,2.7445200395182714,0,0,-1,0,0,-0.003619441571871783,0.768861321089453,0.33777107823090874,0.2255247853326273,0.05097613882863339,0.04785077047850761,1.8253580434448997,0.01624355005159968,0.0
2016-09-09,37.34,38.76,0.0036260075988732523,-0.009517756736111395,-0.033077830764284874,0.20353150511196758,-0.03732364890898883,37.199,36.913500000000006,36.905,4,9,9,37.407896932603855,37.46960017613681,58.18181818181823,-0.03275384345356258,-0.3022045159999341,38.26863487384663,35.55836512615338,0.021739306200532844,0.01662021509498597,0.01782643231180108,329594075.0,0.6294576403149517,0,0,-1,0,0,-0.002063983488132051,1.4738288963546453,0.47030814399067705,0.2638377352664078,0.020497403662202762,0.0026852846401719255,0.11357665170188977,0.04043920728441344,0.0
2016-09-12,37.82,37.34,-0.04616305960439238,-0.019812449003756,-0.014630442487368443,-0.5514111435010935,0.01277292511673473,37.354,36.9785,36.932,0,12,9,37.48282476303952,37.49220661638605,61.919504643962895,0.008138494015007325,-0.24013591399694584,38.378143187612835,35.57885681238716,0.02142902848660006,0.01617503611978171,0.01781831151515197,334786955.0,1.2024493205803748,0,0,-1,0,0,-0.010846277450455305,-0.3758945118445031,0.47381617030684686,0.2567707381225774,0.025210084033613356,0.03559693318729451,-0.036409520159031754,0.034135378106821705,0.0
2016-09-13,37.14,37.82,0.021295922995517812,0.00418306078184728,0.010047606592134968,0.2621106306280587,-0.01814350730575169,37.423,36.991499999999995,36.93533333333333,1,13,9,37.42049298794142,37.469483608877276,53.343239227340305,-0.014161110464200988,-0.19494095329039687,38.39212053916693,35.59087946083306,0.022560275191982806,0.01664283716745458,0.018147869787444353,328037923.0,0.2120488681228834,0,0,-1,0,0,-0.002379693283976822,0.38295713106868545,0.5030573313285301,0.2641968495337647,0.005142083897158312,0.007049891540130027,0.4267120473875203,0.02907915993537979,0.0
2016-09-14,36.84,37.14,-0.015760978051659248,-0.0180137321304581,-0.009774718065404074,-0.2857165133997531,-0.008110344537453514,37.388999999999996,37.0075,36.97866666666666,2,14,9,37.314948808315705,37.428871763143256,51.28571428571435,-0.055402554310148844,-0.16703327349434727,38.39266766988103,35.62233233011897,0.021817845495589277,0.01659247324815541,0.016531172899808367,322966190.0,-0.24184797789047988,0,0,-1,0,0,0.0,-0.44439417126956665,0.30159766801692844,0.2633973471006679,-0.04756980351602891,0.008762322015334112,-0.4638609763489577,0.020629750271444026,0.0
2016-09-15,36.99,36.84,-0.008925008533629882,-0.007782140442054963,-0.005471969877993268,-0.1252805850541604,0.004063394457256417,37.4,37.0145,37.01566666666667,3,15,9,37.25586720680376,37.400557455843696,52.106741573033744,-0.0751170467329274,-0.1486500281420633,38.39773001093719,35.63126998906281,0.02170005861633675,0.01649594884376557,0.01646707328577291,327440723.0,-0.03542433262187028,0,0,-1,0,0,-0.0008143322475570341,-0.6992763479797557,0.3067527402245394,0.26186506968388307,-0.04566563467492246,0.003799185888738066,-0.4891346568125959,0.01811300351446322,0.0
2016-09-16,36.59,36.99,0.0024420036555515873,-0.005944356871518338,0.001644737212878245,0.3371124496307926,-0.010872626813247141,37.4,37.002,37.02133333333334,4,16,9,37.134800441930345,37.34826342643443,52.253521126760575,-0.12161567131791884,-0.1432431567772344,38.3963434599158,35.60765654008421,0.021846095272991622,0.01668315097572843,0.016390904422332358,321172365.0,-0.5909591314393656,0,0,-1,0,0,-0.0024330900243309922,0.1451793312714958,0.19567030258772927,0.264836811400332,-0.020085698982324596,-0.00678610206297503,0.48449818841606446,0.010658649904345464,0.0
2016-09-19,36.7,36.59,-0.005162353537738483,0.007559431246816584,0.0021887833635701433,-0.1500088466917492,0.0030017760294092184,37.381,37.0195,36.98300000000001,0,19,9,37.055745816124826,37.30643997956769,51.77809388335705,-0.14788535529398672,-0.14417159648058486,38.38793321856919,35.65106678143081,0.02169639199457491,0.016405827131831915,0.014663268680280726,326567543.0,-0.4669573869802179,0,0,-1,0,0,0.003279584585952376,-0.24468612523526598,0.1492434524196196,0.26043443185885995,-0.029613960867265976,0.009628610729023324,-0.06594924511614009,0.016076294277929053,0.0
2016-09-20,36.82,36.7,0.002176871607939949,0.0005377789858030586,0.001092597759607527,-0.48794490108477784,0.003264420744407037,37.368,37.0465,36.962,1,20,9,37.012882940465765,37.275056755079454,47.196261682242984,-0.15720906376191124,-0.14677908993685015,38.37420121876693,35.718798781233076,0.021718865861285644,0.016404757275006863,0.014566784117742088,329879571.0,-0.341191221034442,0,0,-1,0,0,0.002452316076294177,-1.2262094509707264,0.11333678598557313,0.26041744840827474,-0.008616047388260606,0.014884233737596508,-0.6775663389205531,0.015480717001629557,0.0
2016-09-21,36.91,36.82,0.00027177605820230495,-0.003905465875778799,-0.008774391364478622,0.406077033221269,0.0024413412369752446,37.191,37.0575,36.943666666666665,2,21,9,36.994176951290164,37.251504706364656,50.24154589371976,-0.15554292009704795,-0.14853185596888974,38.3763811047325,35.73861889526749,0.014336255314760285,0.016226824365654847,0.014575969418654204,334850654.0,-0.22367444566569503,0,0,-1,0,0,-0.0005431830526888411,-0.42014574432023316,0.0999073908953922,0.257592851039077,0.0019001085776328974,0.005996184246388703,-2.1873757076070146,0.020184231915469995,0.0
2016-09-22,37.33,36.91,0.007849546326614406,0.0164607263006276,0.01666022420840689,0.2770933942583685,0.01131477588458525,37.048,37.091,36.955000000000005,3,22,9,37.05523568741922,37.25656891885726,55.83596214511039,-0.11896069448956581,-0.14261762367302494,38.4013780089406,35.780621991059405,0.015098053353390388,0.01640593267160212,0.014542428985266047,341408952.0,0.36478023649560737,0,0,-1,0,0,0.004876727174207717,0.31834692273619397,0.12671751348903793,0.26043610725077226,0.009191673425249958,0.018276050190943804,-0.9555427399259951,0.02009107956067506,0.0
2016-09-23,37.24,37.33,0.004304553324068938,-0.0074607327149274144,-0.004207103986465861,-0.34856417479795127,-0.002413840517626094,37.038,37.1185,36.955000000000005,4,23,9,37.08882919879754,37.25549995635035,52.85481239804244,-0.0961232163698682,-0.1333187422123936,38.416470480565856,35.82052951943414,0.009705529270384785,0.016424038308411097,0.0145006264733494,336780757.0,0.1872153516881772,0,0,-1,0,0,-0.0021430484864719606,-0.7046524983075809,0.078743926999074,0.2607235253247223,0.017764416507242364,0.014990460615971868,0.9222793518174438,0.016783029001074114,0.0
2016-09-26,36.87,37.24,-0.0075451718770280195,-0.006170375043384745,-0.004224878516040763,0.21157333950366283,-0.009985240162813339,36.943,37.1485,36.96666666666667,0,26,9,37.04904207174344,37.23062899142452,49.3788819875776,-0.10665085355392279,-0.12798516448069944,38.39042168580933,35.90657831419067,0.008938180180006465,0.01636774352751813,0.014163869544223434,331062064.0,-0.44849848936893194,0,0,-1,0,0,-0.0072502685284641,-0.15202044456675212,0.12453398311052091,0.2598298733826004,0.00463215258855576,0.016542597187758412,-0.15294850654494835,0.014917276918904182,0.0
2016-09-27,38.54,36.87,-0.005152553772365423,0.03724185827449881,0.004632792044030343,0.5626540458560985,0.044298450740167174,37.083,37.253,37.022,1,27,9,37.32012533142645,37.31510454036487,48.902821316614414,0.0195357652170145,-0.09848097854115666,38.59512870980521,35.91087129019479,0.016206695087526132,0.019138502703095493,0.016295766964061827,341100229.0,1.9178488480241085,0,0,-1,0,0,-0.002441008950366051,1.8066498141433809,0.34176752994535425,0.3038143117111687,0.04671374253123295,0.057338820301783056,1.5572330756865995,0.0464452516865594,0.0
2016-09-28,38.07,38.54,0.04648293946189123,0.009804000096620835,0.031315284665463954,-0.34333549103363536,-0.01227009259181436,37.206,37.2975,37.07366666666667,2,28,9,37.456466180258005,37.363807473244556,44.903988183161005,0.08068441792681824,-0.06264789924756169,38.68759844407138,35.90740155592862,0.016590400572540298,0.018982087445643385,0.01636018537322363,333979153.0,1.1114320763319059,0,0,-1,0,0,-0.0002594706798131295,0.3659096396905972,0.3746361496458719,0.3013312964763222,0.031427797344893094,0.023937600860677755,1.4998050914220185,0.026267402153926978,0.0
2016-09-29,38.15,38.07,-0.013324821577783072,-0.010582109330537083,0.0,-0.251968716789601,0.002099187336059957,37.322,37.361000000000004,37.117,3,29,9,37.58256323839291,37.41452957174491,57.45856353591158,0.13405519235271157,-0.023307280927507036,38.786377512321096,35.93562248767891,0.016593381952944602,0.018852191296946562,0.016299123187068908,339514145.0,1.1070751336818616,0,0,-1,0,0,-0.0013133701076962741,-0.3427062371170994,0.37269397083741324,0.299269259042021,0.02196624698633798,0.03443600867678942,1.913058112727495,0.015465268676277755,0.0
2016-09-30,38.89,38.15,0.006553962377327689,0.01646974953017446,0.002105818098529418,0.5258001561266602,0.019211390437189863,37.552,37.476,37.18533333333333,4,30,9,37.82027901323056,37.5097212122775,59.402460456942016,0.23337354619234674,0.02802888449646372,39.006701937364554,35.945298062635445,0.016505591616909114,0.0190959954650526,0.01662670928185454,348878311.0,1.8475184037912924,0,0,-1,0,0,0.0031454783748362924,1.3695651466087255,0.37905942501514034,0.3031395302264784,0.04430719656283566,0.06285870456408849,1.0024567240730606,0.029570583697608604,0.0
2016-10-03,39.74,38.89,0.015041777376045513,0.014317634508681183,0.017464278095567828,-0.0800882368790969,0.02162108895601497,37.856,37.6185,37.29833333333333,0,3,10,38.16931919264319,37.653610166324114,72.18430034129698,0.37633381149470324,0.09768986989611163,39.42525079107537,35.811749208924624,0.017159328321508783,0.0195226893012819,0.01675403491716009,357521763.0,2.3484146352439623,0,0,-1,0,0,-0.0010285420416559308,0.931468013088533,0.3450301115775709,0.3099130848862395,0.07784106319500972,0.07725670913526694,0.17458080960545505,0.026295923502767854,0.0
2016-10-04,39.16,39.74,0.037139546949456786,0.01857098301899383,0.010027079769127381,0.21177770090484865,-0.014702419461361287,38.089999999999996,37.729,37.39433333333333,1,4,10,38.349442975798965,37.75079660720643,68.89250814332242,0.4377832066860776,0.16570853725410484,39.63139627284804,35.826603727151955,0.0185906536899845,0.019954601804803965,0.017042552579826044,346839553.0,1.5044184226219857,0,0,-1,0,0,0.014594866633115206,1.6524151541138357,0.27094097477064344,0.31676948332099164,0.0160871821484172,0.05981055480378883,0.08907651055411653,0.03575076608784471,0.0
2016-10-05,39.1,39.16,-0.03277328856814791,-0.026908575532198272,-0.006673536061287612,-0.928348245982383,-0.0015333506709894287,38.309,37.75,37.474666666666664,2,5,10,38.48590788929006,37.83784198738667,67.43801652892563,0.4761520125290417,0.2277972323090922,39.70513897742625,35.79486102257375,0.0187251301517832,0.017103815873790812,0.016979867690965027,342617880.0,1.3809759977033906,0,0,-1,0,0,-0.003575076608784307,-1.1031350535246514,0.24146170670878353,0.2715146596337364,0.027055424218544788,0.01085832471561532,-0.15278611724992483,0.014961636828644523,0.0
2016-10-06,39.17,39.1,0.000768541090729651,-0.0024131592329056945,-0.003611975031154351,0.1318660633154048,0.0017886806864198918,38.493,37.7705,37.558333333333344,3,6,10,38.6102882730555,37.923787665619784,72.55244755244755,0.5063708545709247,0.28351195676145874,39.778122055016375,35.76287794498362,0.01866083209451176,0.01710273994133597,0.016970236530707443,347434621.0,1.394186716073495,0,0,-1,0,0,-0.001278772378516733,-0.7475542667619104,0.24174310069903857,0.2714975797355183,0.026736566186107646,0.010577915376677183,-0.13317305399743876,0.016083737554250768,0.0
2016-10-07,38.47,39.17,0.002302085682235318,-0.003056548482548878,-0.013243159034401828,0.3641781857094153,-0.018032430913536204,38.616,37.827,37.617666666666665,4,7,10,38.584781314318136,37.959027171063674,64.0253565768621,0.4684355216456524,0.3204966697382975,39.84717299936592,35.80682700063408,0.01993763422400494,0.015376361265503909,0.017366721868470006,340501738.0,0.6365791446592177,0,0,-1,0,0,-0.0007658922644881576,0.32149778701271275,0.25026999793523086,0.24409216786565854,-0.01079969143738757,0.03026245313336884,0.8342789530834465,0.026488172602027696,0.0
2016-10-10,39.77,38.47,-0.016486720674191595,0.01895192541586691,0.007280730482614055,0.11977766512866518,0.033234142455395535,38.906,37.9245,37.73433333333334,0,10,10,38.80027562080575,38.07586412776924,69.69292389853138,0.537079514121352,0.36381323861490844,40.123556974920376,35.72544302507963,0.021420445167787294,0.01682709703676364,0.018130852039452316,348316804.0,1.6784467351664012,0,0,-1,0,0,0.0007798284377437259,0.6904750804449029,0.3252690194701225,0.2671218842785709,0.0007549068948162763,0.051560021152829316,1.3647951196008221,0.03746542620065381,0.0
2016-10-11,39.79,39.77,0.03897093171074382,0.009466936672993065,0.026935064262665533,0.15509127681607393,0.0005027652192379505,39.031,38.057,37.84566666666667,1,11,10,38.980225507931976,38.18645353888091,69.40700808625337,0.5863352972391098,0.4083176503397487,40.373250145567305,35.7407498544327,0.01692030424351262,0.016127490207941835,0.018134461813559415,357442961.0,1.4963841477281756,0,0,-1,0,0,0.0065375911491073165,1.22539234695349,0.2981964576675297,0.25601597017106076,0.016087844739530288,0.07135164243403325,1.1673391687623418,0.020608193013319936,0.0
2016-10-12,40.01,39.79,0.002993267388288281,0.001239003999414827,0.005552765403208106,-0.31884178460530066,0.005513798430306402,39.225,38.215500000000006,37.940000000000005,2,12,10,39.167457233762526,38.30410169766279,68.55955678670358,0.6357939843286431,0.4538129171375276,40.61350333611076,35.81749666388925,0.016018208833089558,0.015895441077112837,0.017858444581663104,364077591.0,1.4966618044080242,0,0,-1,0,0,0.009047499371701418,0.010424447790771306,0.2951310565797008,0.25233230441832744,0.023273657289002436,0.08604777415852327,0.8315377574441429,0.0162459385153713,0.0
2016-10-13,41.38,40.01,-0.011775157976098639,0.030246208080796824,-0.015344920966190211,0.5152892048311773,0.03366824944825341,39.548,38.435,38.09,3,13,10,39.56973773671479,38.502546749426486,74.35294117647055,0.776585901742628,0.5183675140585478,41.14416961447565,35.725830385524354,0.01839795019902062,0.01725098409838935,0.018640344275359794,375184775.0,2.174097911230263,0,0,-1,0,0,-0.008247938015496083,1.8504670898456226,0.3578834616240647,0.27385088277280817,0.05642073015062543,0.11868072452014067,-0.08901266290673929,0.06029482841952628,0.0
2016-10-14,41.32,41.38,0.04725288485054551,0.018803362521010968,0.049599208476799606,-0.4201525100481031,-0.0014510280659592537,39.791000000000004,38.671499999999995,38.24766666666666,4,14,10,39.88796723913028,38.68431792688284,77.16727716727715,0.8732566529730335,0.5893453418414449,41.524518899710124,35.818481100289866,0.018182054445646155,0.0169009425049108,0.018535947873168344,367887948.0,1.8566298318381966,0,0,-1,0,0,0.005316578057032355,0.13402733324336186,0.2853797636645148,0.2682941447435701,0.07408370158565125,0.1292702924296254,0.5208472369187707,0.031352855759922485,0.0
2016-10-17,41.24,41.32,-0.004819286435948995,-0.004963962444533125,0.0011060536287318143,-0.2808938479155785,-0.001937985102678577,39.941,38.8985,38.39266666666666,0,17,10,40.13379137747023,38.8492006412775,70.45454545454545,0.9326624363817899,0.658008760749514,41.81283679374333,35.98416320625667,0.0174515366609844,0.016986487766884217,0.01855337279252855,362378052.0,1.6068836004314069,0,0,-1,0,0,0.0019361084220715947,-0.665720204210747,0.24296503136721803,0.2696521336776993,0.03696253457379939,0.12370572207084463,2.040726201163589,0.025218234723569502,0.0
2016-10-18,41.68,41.24,0.0038572853997580945,-0.005107809406439629,0.0007285974821405398,0.4631532296339568,0.010612738296352143,40.193,39.1415,38.550333333333334,1,18,10,40.41492021793019,39.03183285796927,77.4733637747336,1.0036765124270275,0.7271423110850167,42.135495921664706,36.147504078335295,0.016274065556722873,0.017004839151792007,0.018588801361735817,371133700.0,1.695727092766749,0,0,-1,0,0,0.007759456838021345,0.7073180457352836,0.23544647490774068,0.2699434528817771,0.04749937170143248,0.13199348180336767,1.5977679420894133,0.019073896353167027,0.0
2016-10-19,42.25,41.68,0.004321735418027975,0.009835950602385589,0.009183244816556711,-0.3236129525582999,0.013582956358071394,40.508,39.408500000000004,38.669333333333334,2,19,10,40.74857108739742,39.2394565445519,79.0368271954674,1.0933464977909466,0.8003831484262027,42.514909502946665,36.30209049705334,0.016163388945208704,0.017054322476652117,0.016873470206965422,377468676.0,1.8294432831889191,0,0,-1,0,0,0.0014395393474088837,-0.4942785087760725,0.2340843612275463,0.27072897631152393,0.0559860034991253,0.14467623950149022,1.0882291481499358,0.019644970414201143,0.0
2016-10-20,42.29,42.25,0.009774782798809603,0.0016495820872677006,0.004560190309837061,0.20974535211663592,0.0009462976812143285,40.82,39.6565,38.787,3,20,10,41.0288308896888,39.4362657997421,76.72955974842763,1.1543318538704597,0.8711728895150541,42.85483032098036,36.45816967901964,0.01620094233235048,0.017070139039267507,0.01687703960057922,385282007.0,1.6467967568732986,0,0,-1,0,0,-0.002366863905325477,0.20111262560876114,0.11546792302948217,0.27098005645918116,0.021991300144997394,0.1328690061612645,0.6070629768577954,0.01678883896902343,0.0
2016-10-21,42.43,42.29,-0.005710222510884326,-0.00023548805006966248,-0.00023949227751870992,-0.36058134013093107,0.003305007729836345,41.216,39.916,38.95666666666667,4,21,10,41.283588909745376,39.62940994169423,73.80530973451323,1.2001257157120122,0.9369634547544458,43.130941433533344,36.70105856646665,0.013654907848847143,0.016962423986755057,0.015122959772998204,390730015.0,1.563947618938125,0,0,-1,0,0,-0.008985575786237942,-1.0089757264458095,0.10477317725695544,0.26927013301074393,0.02686350435624396,0.13936627282491942,0.3706135136905495,0.01673344331840681,0.0
2016-10-24,42.33,42.43,0.014450091536767259,0.011008425961359133,0.010720769745101695,-0.02539590120836052,-0.0023596046814011993,41.471999999999994,40.189,39.107,0,24,10,41.47384547160985,39.80364155835912,80.65764023210832,1.2143502431866011,0.9924408124408769,43.23786449958647,37.14013550041353,0.011199425277747421,0.016653549871625564,0.01508390090015294,385418622.0,1.4044572989651638,0,0,-1,0,0,0.0021211407023333352,-1.0566487554647181,0.10663810626433212,0.2643669084403973,0.026430649854510158,0.14808787632221332,0.3170581346284027,0.017245452397826527,0.0
2016-10-25,41.95,42.33,-0.008739869025882871,-0.004786653234814573,-0.011679312833112281,0.7371434933949977,-0.009017621619616993,41.688,40.359500000000004,39.26733333333333,1,25,10,41.560419022226235,39.9421162965295,75.95628415300547,1.181342676470834,1.0302211852468683,43.40146941055187,37.31753058944814,0.012110102812256314,0.014358894816424887,0.014719340328144221,374318039.0,1.0457041379068008,0,0,-1,0,0,-0.004252303330970936,1.7363541918998906,0.1319380126379997,0.2279403887159682,0.006477927063339717,0.08847950181629494,0.5462855741680176,0.02419547079856974,0.0
2016-10-26,38.4,41.95,-0.11157458999389926,-0.07091731671126267,-0.12225839116694674,1.3731189024456723,-0.08842097331953407,41.527,40.376,39.31933333333334,2,26,10,40.98579738182146,39.84262492255986,45.70791527313265,0.8588285694830304,0.9959426620941009,43.36886449655397,37.38313550344603,0.030921520094767504,0.024384082950931953,0.021831966766720258,330496891.0,-1.3204740824552503,0,0,-1,0,0,-0.10131108462455303,4.115192150010677,0.5927747069725458,0.3870853166192157,-0.09112426035502963,0.008668242710795804,-2.152645527373101,0.07526041666666669,0.0
2016-10-27,39.24,38.4,0.020998146839773402,-0.005542972115972276,0.01985043720399551,-0.6889532676650185,0.021639175103481248,41.313,40.4305,39.394333333333336,3,27,10,40.66837967603574,39.80374589529793,54.226125137211866,0.6633679036722668,0.929427710409734,43.28938807976597,37.571611920234034,0.02945001923516341,0.024839508307704074,0.022140710006628917,352499549.0,-0.8328412772964913,0,0,-1,0,0,0.002604166666666704,1.349384546761738,0.651395174479777,0.3943149700278471,-0.07212106881059344,0.028571428571428692,-1.7854936885644086,0.049184505606523946,0.0
2016-10-28,39.18,39.24,0.02031179227662994,0.006421982657909701,0.03394581807085487,-0.7569653634162727,-0.0015302221807677048,41.099000000000004,40.445,39.480666666666664,4,28,10,40.397765189483785,39.76350422463355,46.2515883100381,0.4978831324111539,0.8431187948100181,43.27377321373297,37.61622678626703,0.029449004494331674,0.024493691572056196,0.022016888002078308,342178371.0,-0.8943806409497569,0,0,-1,0,0,0.0012742099898062475,0.01551432007133545,0.6440855793121553,0.38882529953747635,-0.07659674758425639,0.007456929802005741,-1.7483479559952733,0.022588055130168403,0.0
2016-10-31,40.05,39.18,0.005077441728189636,0.01581503605544481,0.0051216501200547025,-0.23658115833148427,0.02196226099797337,40.98,40.4605,39.592333333333336,0,31,10,40.334535155032185,39.78198782304429,51.49082568807338,0.43195764914491264,0.7608865656769971,43.27637585701174,37.64462414298826,0.030682176986746273,0.024509687606819645,0.02230853663468971,350325102.0,-0.2915611488893098,0,0,-1,0,0,0.007912200102092962,-0.22885514710582697,0.6962468256252157,0.3890792287171598,-0.05386250885896526,0.007800704579768336,-1.700464250041973,0.03295880149812735,0.0
2016-11-01,39.68,40.05,0.01233185377369593,-0.0012362469122991363,0.00458716400690614,-0.017650338578896967,-0.00928139109769614,40.78,40.4865,39.687666666666665,1,1,11,40.215528763208155,39.77540796349305,48.139797068771145,0.3458683656839625,0.6778829256783901,43.26111633194032,37.71188366805968,0.030378510801547968,0.024362778565147725,0.02242305184955639,342320902.0,-0.5813416368352476,0,0,-1,0,0,-0.0017478152309613056,-0.22952299716203337,0.6962201370933151,0.3867471199794954,-0.05411203814064369,0.013278855975485282,-1.6947051070282029,0.027469758064516216,0.0
2016-11-02,39.61,39.68,-0.010308073674920966,-0.008073073716483001,0.0025393614458177837,-0.17912654634298378,-0.0017656707828468273,40.516,40.512,39.77766666666666,2,2,11,40.10543262444303,39.76473648197737,38.30911492734476,0.26889393145461327,0.5960851268336348,43.24197860026247,37.78202139973753,0.02973935851836563,0.024364078040049735,0.022438159007509638,335629390.0,-0.6608110407263124,0,0,-1,0,0,-0.0027721774193548245,-0.3956418371258778,0.23321527077815937,0.38676774850404955,0.03151041666666665,0.01304347826086949,0.3969428357286229,0.016788689724816945,0.0
2016-11-03,39.7,39.61,0.0062980432387174075,0.0072067906352675125,0.0020268565337636184,-0.25467433719089844,0.0022695760593196145,40.257,40.5385,39.85666666666667,3,3,11,40.03171760181702,39.76055993475303,39.34210526315791,0.21270149516148962,0.5194084004992058,43.223548465699295,37.8534515343007,0.029776763963849855,0.02436520181351951,0.022376882948706024,340816442.0,-0.6245697317658034,0,0,-1,0,0,0.005301691492047484,-0.5706407691963414,0.1879123402189156,0.3867855878548355,0.011722731906218087,0.013530763339290264,1.5266651301689658,0.02204030226700252,0.0
2016-11-04,40.38,39.7,-0.0032700318410763024,0.01340486161005198,0.0011383040500602814,0.34084955459360716,0.016983425191546626,40.052,40.634,39.96133333333333,4,4,11,40.095041674213924,39.800523809930255,44.75609756097561,0.22049714769352136,0.45962614993806894,43.13911392744319,38.12888607255681,0.0305610631205207,0.024197556627933815,0.0225189026159277,348110172.0,-0.20278518850377328,0,0,-1,0,0,-0.0002518891687658719,-0.3316127659937656,0.20891228503071083,0.3841243030374934,0.03062787136294043,0.04964907720301537,0.2421640961239208,0.034051510648836054,0.0
2016-11-07,41.57,40.38,0.03247279990933386,0.015515462760234381,0.02865882655258125,0.05949474631458509,0.029044140379854533,39.976,40.724000000000004,40.118,0,7,11,40.36321591526594,39.9146835641283,49.3854748603352,0.31902083958962635,0.43150508786838043,43.227752131669234,38.22024786833077,0.032410460035462406,0.023923104843487853,0.02288744803831201,355851009.0,0.675785745161584,0,0,-1,0,0,0.01535413571074783,-0.2798913668494829,0.24703771416127865,0.3797675160263619,0.037952559300874045,0.04526024641689719,0.6252823237983538,0.020808275198460475,0.0
2016-11-08,41.93,41.57,0.013806686560238281,0.010290865018822311,0.012572640436371837,0.1262527640832273,0.008622807918125216,39.974,40.831,40.231,1,8,11,40.64808574885395,40.04470397934583,48.169336384439355,0.4212941498832876,0.42946290027136186,43.349553469542265,38.31244653045774,0.0324272578409642,0.02395682070978699,0.021561858785767204,364633522.0,0.8727231828036082,0,0,-1,0,0,0.0,-0.1584612251016065,0.19813836737152607,0.3803027388111496,0.05670362903225801,0.053782357376225276,0.7472420928576892,0.01860243262580494,0.0
2016-11-09,42.37,41.93,-0.018696671854430105,0.010798627242225578,-0.011467735775441204,-0.03592799071655307,0.010439003455796554,40.370999999999995,40.949,40.37433333333333,2,9,11,40.96116106724414,40.19472307745256,50.437636761487944,0.5317214539608415,0.4499146110092578,43.52605584768766,38.37194415231234,0.0125744530157743,0.024011096575389645,0.021406213433034373,373106098.0,1.1028088516397776,0,0,-1,0,0,-0.02694967803482,-0.20520695631023336,0.16395376690507968,0.38116434146661393,0.06967937389548085,0.058985253686578254,0.9192463662677326,0.04026433797498238,0.0
2016-11-10,43.64,42.37,0.044110698447473146,0.03230647329259817,0.043928819778461706,0.1978020164225551,0.02953359632640236,40.811,41.062,40.55733333333333,3,10,11,41.448222691381574,40.41699900793949,55.89094449853943,0.7134896101018242,0.502629610827771,43.90327917819014,38.220720821809856,0.01364278641761999,0.023737704868892845,0.021928386934594882,383431805.0,1.8146756008975915,0,0,-1,0,0,0.0063724333254662055,0.012385837189989344,0.16124926974348158,0.37682438267122537,0.09924433249370268,0.05461575640405991,0.22340117934818904,0.029101741521539944,0.0
2016-11-11,43.84,43.64,0.019968158237049376,0.0,0.00958287104285686,-0.2668488365265349,0.004572481674890049,41.277,41.188,40.72233333333334,4,11,11,41.883091292948556,40.63783778162081,57.28061716489877,0.8637240388720855,0.5748484964366339,44.289080287152224,38.08691971284778,0.013159035710993945,0.023717303066186544,0.02175281894257876,391339116.0,1.7103717120690114,0,0,-1,0,0,-0.003208065994500471,-0.2695969720501029,0.19267018167669764,0.37650051409367574,0.0856859831599801,0.06098741529525653,0.4652529949157644,0.01961678832116787,0.0
2016-11-14,45.35,43.84,0.009153381986487201,0.035838101805295904,0.020491104898839367,0.3431795939808179,0.033863533921385545,41.807,41.3935,40.90933333333333,0,14,11,42.51343833059427,40.941848247322696,64.78260869565216,1.0920419071237504,0.6782871785740573,45.010834144889714,37.77616585511029,0.014750669802696705,0.024674993453548597,0.02222073837356562,402483853.0,2.187522546452856,0,0,-1,0,0,0.001368613138686021,0.07133512418952885,0.21543153723462655,0.3917033776814184,0.09093095982679822,0.09966052376333656,0.554477980636281,0.03461962513781698,0.0
2016-11-15,46.25,45.35,0.058612683641950304,0.03989747487439924,0.04020192994072519,-0.11627312657766577,0.019651287397288494,42.464000000000006,41.622,41.14566666666667,1,15,11,43.19281317957713,41.284309650721234,94.35028248587571,1.330273377610105,0.8086844183812668,45.842589133234156,37.40141086676584,0.012689031421552453,0.024869317749046486,0.02208107704042706,412405255.0,2.193058766871087,0,0,-1,0,0,0.02646085997794919,-0.07753541527314557,0.20018350396674942,0.3947881802389298,0.1030288576198426,0.10964491362763917,-0.055307967087788894,0.03502702702702697,0.0
2016-11-16,45.85,46.25,-0.011016419869394133,-0.020504776493657055,-0.0050477447242668625,-0.42249368288037203,-0.008686265255960368,43.088,41.802,41.370666666666665,2,16,11,43.67593805601765,41.57887031841664,89.29845422116529,1.4698533231181017,0.940918199328634,46.423394640262586,37.18060535973741,0.013862892470218968,0.024984710580566814,0.022200513385930598,405902665.0,1.7518521204542692,0,0,-1,0,0,-0.004540540540540559,-0.47606045751397175,0.284871123021306,0.396619984650624,0.08213358508378588,0.0852071005917161,-0.5448605322634892,0.019411123227917132,0.0
2016-11-17,46.69,45.85,-0.0076311282785017425,0.008592670609113716,-0.0022026440623422947,-0.09473087084307522,0.018154810280371744,43.787,42.022000000000006,41.62133333333333,3,17,11,44.22394931855989,41.90862062045428,90.8596300326442,1.6294689120703225,1.0786283418769718,47.134081047046685,36.909918952953326,0.013159696533714852,0.02515962216300001,0.022308418018404046,411817536.0,1.8262621257527842,0,0,-1,0,0,-0.0034896401308615855,-0.5307232576302247,0.2598758266668554,0.399396619941882,0.06989000916590271,0.104043509103807,-0.25565837763088534,0.029768687085028857,0.0
2016-11-18,47.06,46.69,0.0263514167651866,0.010854464326407838,0.02890563085720968,0.13694979373168176,0.00789337431637084,44.455,42.2535,41.907666666666664,4,18,11,44.73959489700354,42.24096767719917,90.33371691599544,1.7654700839038782,1.2159966902823531,47.84064040406464,36.66635959593537,0.01342438315672906,0.025161842451225658,0.02184420841607055,418600536.0,1.720558157623273,0,0,-1,0,0,0.004711929749410985,-0.43983797427408583,0.253487314173275,0.39943186592478575,0.0734489051094891,0.10912090502003302,-0.42693031755133465,0.012112197195070128,0.0
2016-11-21,47.36,47.06,0.003617410051709413,0.009059368817342513,0.006406171812411507,-0.0032921594925019674,0.006354607276533844,45.034000000000006,42.505,42.16066666666667,0,21,11,45.21603218845744,42.57122782705729,94.54756380510442,1.8758360152959384,1.3479645552850703,48.541417550343894,36.46858244965611,0.012723562283870869,0.025093951505576254,0.02124909519457643,425361242.0,1.6085699703538272,0,0,-1,0,0,0.0004249893752655338,-0.45298331372100326,0.18164777237958132,0.3983541305740178,0.044321940463065035,0.1188282541932435,-0.850752892040711,0.014780405405405466,0.0
2016-11-22,47.1,47.36,0.012873449918056975,0.006480633113059849,-0.004907723496070708,0.09049564049199514,-0.005504989553378114,45.551,42.7625,42.40433333333333,1,22,11,45.55857179055609,42.86340667692457,92.50851305334851,1.9201872605142682,1.46240909633091,49.12955294134492,36.39544705865509,0.014006340312246634,0.02499677861885349,0.021331187038404323,417960184.0,1.3624827812673361,0,0,-1,0,0,0.00696790540540537,-0.3554193609371409,0.1731171350679763,0.3968115588193377,0.018378378378378413,0.1227651966626937,0.18183386983946023,0.026326963906581784,0.0
2016-11-23,47.37,47.1,-0.01478691919540852,-0.011105404862536672,-0.013350758164966777,-0.33061913069644533,0.0057161159132882375,46.051,43.211,42.64966666666667,2,23,11,45.887922374091346,43.15415463325202,92.65850945494998,1.9545913727449857,1.5608455516137252,49.54780278008382,36.87419721991618,0.014135335261771584,0.013039244842910242,0.021331109115050716,423277687.0,1.3126493420535288,0,0,-1,0,0,-0.002335456475583852,-0.8985414342243699,0.1342526487332816,0.20699159483053184,0.03315158124318418,0.23359375000000004,-0.0907822788340073,0.02807684188304831,0.0
2016-11-25,47.45,47.37,0.0067868765283323335,0.009436999887413124,0.023565786338296375,-0.7550619612377041,0.0016874081202766648,46.432,43.6215,42.852,4,25,11,46.17193648789292,43.431305947235764,92.1334922526818,1.9656533823531532,1.641807117761611,49.93883879680975,37.30416120319025,0.012746497745553573,0.012903698841488091,0.02065543353271501,425776815.0,1.212061003260865,0,0,-1,0,0,-0.001266624445851703,-2.481314383677945,0.08570828032638457,0.20483986876469853,0.01627757549796538,0.2092252803261978,-1.3822240848395542,0.0143308746048472,0.0
2016-11-28,47.52,47.45,0.0021114872709700498,-0.002926423493160126,-0.0016952748285592393,0.5264794833102447,0.001474149998452687,46.8,44.0385,43.05866666666667,0,28,11,46.417038944639664,43.69509266031733,90.92159559834943,1.957503636235863,1.7049464214564616,50.22099234362166,37.85600765637834,0.01288908738861417,0.012783982256453679,0.020631871665561418,430007743.0,1.1262448237697509,0,0,-1,0,0,-0.0008429926238146734,-1.4677322275585922,0.07510311669232168,0.2029394268938327,0.009774755631109189,0.21286370597243498,-1.0736924632650813,0.013047138047138142,0.0
2016-11-29,47.24,47.52,0.003158894908554283,0.001255230290335029,0.0012717254787288552,0.05121842621267366,-0.0059096837252279886,46.989,44.397999999999996,43.25866666666668,1,29,11,46.566668227432444,43.923796359651696,86.92628650904037,1.9064745914290313,1.7452520554509756,50.438510957822324,38.35748904217767,0.009658902006266741,0.012889237274432143,0.020689525752243306,425554468.0,0.9409799998192795,0,0,-1,0,0,0.0008417508417508237,-1.2226533806950854,0.07997016361546082,0.2046102985047086,-0.0025337837837837718,0.17952559300873916,-0.07046656857407299,0.013124470787468192,0.0
2016-11-30,46.61,47.24,-0.031179121819978273,-0.010485472970803376,-0.054632232938672164,0.3996147932487314,-0.013425880944512079,47.025,44.7445,43.423,2,30,11,46.574546731535634,44.09709982031933,78.72628726287263,1.7945119541424432,1.7551040351892693,50.43010685091313,39.05889314908688,0.009356164813095974,0.013212349545301563,0.020915740922367844,418913521.0,0.6562184297707441,0,0,-1,0,0,-0.024132091447925497,-0.16807331430001038,0.12014184951588304,0.20973954679035156,-0.010403397027600847,0.17464717741935476,-0.8800932907526099,0.05644925981549016,0.0
2016-12-01,47.07,46.61,0.005624068468948114,0.002298169968067875,0.03268156842505025,-0.17168994813893682,0.009820745028401346,47.147000000000006,45.1175,43.583666666666666,3,1,12,46.6646291439837,44.288899831911635,76.10350076103501,1.7230368171897936,1.7486905915893742,50.34518691930836,39.88981308069164,0.009104133966192182,0.013006797196258803,0.02086620316814655,424506794.0,0.7469842896629786,0,0,-1,0,0,-0.005363655867839519,-0.6280361678544881,0.13914523131431844,0.20647650440851784,-0.0063331222292589695,0.1883362787174956,-0.281695298064128,0.0266624176758019,0.0
2016-12-02,47.91,47.07,0.021552098464109326,0.016722797729460136,0.02385522545331374,-0.14390803142934075,0.017688395481979684,47.269,45.528000000000006,43.771,4,2,12,46.89106020871394,44.52251919759476,78.22468793342577,1.7144105780708756,1.7418345888856748,50.227158267290456,40.828841732709556,0.00901420968147146,0.01306496844132666,0.02101341757225503,429350386.0,1.0137985845594684,0,0,-1,0,0,0.006373486297004401,-0.9615202081473054,0.19615968514226284,0.20739994429594508,0.009694415173867155,0.20680100755667485,0.08418781028823567,0.019620121060321537,0.0
2016-12-05,47.07,47.91,0.01487717329129176,0.004550162969449678,-0.005418458866900905,-0.022840668033576005,-0.01768839548197981,47.27,45.8625,43.925666666666665,0,5,12,46.92359471622049,44.68687279774994,63.149847094801224,1.6211061391250468,1.7176888989335493,49.92848146369964,41.796518536300354,0.010772688200545675,0.014248345306908923,0.021391445247530734,424616171.0,0.5939525355835226,0,0,-1,0,0,0.0035483197662283805,-0.9305375093128249,0.24068036790119984,0.22618546965753175,-0.009469696969697017,0.1656760772659731,0.4422234367505087,0.030074357340131672,0.0
2016-12-06,47.68,47.07,-0.014455054247455197,-0.011623210971510164,0.002454239038183801,-0.03460099819279719,0.012876167344043437,47.302,46.168,44.104000000000006,1,6,12,47.06112294963495,44.87997777854027,61.440000000000005,1.5781911953455463,1.6897893582159487,49.76738942190439,42.56861057809561,0.011384499939442167,0.013377835441875985,0.02142482304761125,429189379.0,0.840142492389735,0,0,-1,0,0,0.006798385383471431,-0.9144643296055389,0.25717725692452803,0.21236655395729842,0.009314140558848383,0.1469809959105124,-0.5051035481290614,0.015520134228187961,0.0
2016-12-07,49.85,47.68,0.006729783548518642,0.04040437079315809,0.005076153031860568,0.5260256355044501,0.044506473650753116,47.577,46.564,44.367333333333335,2,7,12,47.568191504246776,45.20062437347316,74.93765586034914,1.6996887044032647,1.691769227453412,49.93568644355828,43.19231355644172,0.01786636196012315,0.015919984860923695,0.02254905060845888,436928132.0,1.9491729465401564,0,0,-1,0,0,0.000629194630872507,0.5184149840055949,0.35672515035676206,0.25272192490750384,0.0695129800472003,0.18888623896971146,0.05708400594269385,0.04964894684052159,0.0
2016-12-08,49.6,49.85,0.046481905878790676,0.0021030501967786684,0.038104381101123436,-0.1526771958964709,-0.005027662676965501,47.8,46.92550000000001,44.74066666666667,3,8,12,47.937611230747365,45.48445505905554,69.58277254374161,1.7555663687145397,1.7045286557056376,49.93472423995055,43.916275760049466,0.018193290577505034,0.016208598291279106,0.0149013145373894,430285134.0,1.7775345316532147,0,0,-1,0,0,0.0026078234704111423,0.06736228645610762,0.38165465251163966,0.2573035210780259,0.05374973443807107,0.17063960349303753,0.4738780497810167,0.01489919354838704,0.0
2016-12-09,49.79,49.6,-0.0018023435338602543,0.013987353529855499,-0.0004265648392445283,0.008677731950915155,0.0038233269232094058,48.034,47.233,45.092333333333336,4,9,12,48.2744091887933,45.7622321520197,68.82758620689654,1.7944954063519845,1.722522005834907,50.08119499627956,44.38480500372044,0.018165738566428422,0.0153788354756255,0.01471305860564239,436986029.0,1.795523131906397,0,0,-1,0,0,0.00584677419354837,0.19459426016052087,0.3782013918573751,0.24413144473369683,0.03924024212064303,0.14092575618698433,1.0574217387682043,0.029403494677646087,0.0
2016-12-12,49.37,49.79,-0.010680202275813632,-0.01980657332243267,-0.006113734143938166,0.2726594744762531,-0.00847120838331983,48.219,47.5095,45.432,0,12,12,48.473607518103606,45.99499136801843,63.636363636363626,1.7710410010097917,1.7322258048698842,50.02506397359572,44.993936026404285,0.018641791394234636,0.015745386924309317,0.014921027695915327,428184719.0,1.4791911631176815,0,0,-1,0,0,-0.00863627234384414,1.2030935291492966,0.3435057793254115,0.24995026858926384,0.04886339494370073,0.12614051094890488,1.4892610064001304,0.015596516102896417,0.0
2016-12-13,49.55,49.37,0.002226045642484849,0.014782530474404672,0.010775747249749631,-0.2872748675164678,0.0036393085052254088,48.45,47.7195,45.748666666666665,1,13,12,48.669315242084764,46.224346763630145,66.80384087791492,1.7468412133370208,1.7351488865633118,50.17656264513027,45.262437354869725,0.018321785746853465,0.014260821028548032,0.014687895432727669,434788390.0,1.489990500346358,0,0,-1,0,0,0.0020255215718047686,0.27830579048129606,0.34442052222657343,0.22638351559883063,0.039219798657718075,0.0926130099228224,1.8973132703294147,0.019778002018163408,0.0
2016-12-14,49.28,49.55,0.0006062443350273895,-0.008563230660487852,-0.011184661587894818,-0.10922794194132834,-0.005463941550732525,48.717,47.871,46.06866666666667,2,14,12,48.780348834432985,46.42148568210562,63.10013717421128,1.6864357818174796,1.7254062656141453,50.32019664594648,45.42180335405352,0.01760357870219275,0.013949644971892373,0.014557158126932963,428868027.0,1.1505813568150627,0,0,-1,0,0,-0.001009081735620528,-0.008661265313380663,0.08975389364601083,0.22144374883961893,-0.011434302908726157,0.06551351351351364,0.35160610508815826,0.0223214285714286,0.0
2016-12-15,50.59,49.28,-0.001415142255776699,0.02586265952572737,0.010173027713050568,0.43511269710199046,0.026235609078580538,49.069,48.108,46.434666666666665,3,15,12,49.109376319081534,46.69042208971171,68.42723004694837,1.724392372144699,1.7252034869202562,50.6493763365939,45.56662366340609,0.01879414481686268,0.01457593429922116,0.01486199612202606,438015800.0,1.9532722991562315,0,0,-1,0,0,0.00304383116883114,1.921024868409483,0.2179574407648807,0.23138578369293433,0.019959677419354893,0.10338058887677204,1.3958627188139217,0.03775449693615346,0.0
2016-12-16,49.93,50.59,0.026157026852268003,-0.003514255861965572,0.009870157679069166,-0.17886612291608775,-0.013131903791326855,49.271,48.27,46.775666666666666,4,16,12,49.25858062470307,46.899427116181926,63.227222832052675,1.6818296737156615,1.7165287242793372,50.84364783097523,45.69635216902478,0.01941399624779364,0.01475705922952999,0.015331752295930506,430366269.0,1.2899977844839605,0,0,-1,0,0,0.0029650128483889814,0.91180033029571,0.24958974645987603,0.23426105282392073,0.0028118096003213466,0.06939387449132584,1.4893133033419,0.024834768676146646,0.0
2016-12-19,50.35,49.93,-0.009505022055689826,-0.011804189788090634,-0.003413315230435615,-0.7996663030570814,0.008376594652053383,49.599,48.4345,47.108,0,19,12,49.457020511120696,47.122044721589546,66.8108108108108,1.662820953593588,1.7057871701421874,51.101392336940265,45.767607663059735,0.017841209309170332,0.014765212415571353,0.015230816926671414,433804572.0,1.4365034339538896,0,0,-1,0,0,0.006609252954135756,-1.4615241968180854,0.23936050100111222,0.23439048063987047,0.01985011140368642,0.06991075223119414,0.6960340475592394,0.016087388282025866,0.0
2016-12-20,50.89,50.35,0.005753413351034185,0.012976981165674674,0.013782301452029078,0.07356232996612135,0.01066782143617008,49.92,48.611000000000004,47.418666666666674,1,20,12,49.71756223637148,47.36513861051925,73.36244541484717,1.6720554782433155,1.6990408317624133,51.440743525664665,45.78125647433534,0.017770735788795178,0.01484183945282558,0.014672409947393762,437505340.0,1.6107466838109976,0,0,-1,0,0,0.003972194637537154,-1.1813351832078376,0.2438797890695455,0.23560689714554067,0.02704339051463167,0.07453547297297303,0.23014303982932655,0.015327176262527041,0.0
2016-12-21,50.65,50.89,0.004342683492822704,-0.0022099024316324374,0.0021797293877511194,0.06629256344968222,-0.0047272099060489525,50.0,48.7885,47.70933333333333,2,21,12,49.88709637521303,47.577065151776075,70.02237136465324,1.6410904422481636,1.6874507538595633,51.66415662981863,45.91284337018137,0.011602177484757233,0.014817599492159063,0.014818598818887396,433550924.0,1.2946608302935008,0,0,-1,0,0,-0.0023580271173117987,-0.941622388252288,0.24186423229798776,0.2352220996992591,0.027800324675324672,0.07537154989384276,0.21655588355304978,0.010997038499506319,0.0
2016-12-22,50.25,50.65,-0.000985318830332598,-0.0009206029619792698,-0.008747570690447378,-0.4551958026833333,-0.007928683755507256,50.065,48.9325,47.971999999999994,3,22,12,49.95307885244702,47.74951256133891,63.76470588235296,1.5662193691209296,1.6632044769118366,51.79748920728907,46.06751079271093,0.01182000458104084,0.015033136780283621,0.015023368736107668,431042544.0,0.9197242325716511,0,0,-1,0,0,0.0013820335636722662,-1.5496996598041155,0.16498827219432355,0.23864364807509228,-0.006720695789681819,0.06079797340088677,0.26464605438902056,0.018905472636815978,0.0
2016-12-23,50.45,50.25,-0.007123100952824022,-0.006093384946909633,0.0021940768749992446,-0.4391338123180888,0.003972199860432945,50.131,49.0825,48.199,4,23,12,50.04342815200211,47.923737557381564,71.50127226463104,1.505665458618168,1.631696673253103,51.93478532565299,46.23021467434702,0.011823562236795855,0.015030857502706486,0.014314506064252502,432659432.0,0.9588802268138669,0,0,-1,0,0,0.002189054726368148,-1.9068675728872486,0.12900612227369684,0.23860746566526433,0.0104145804125777,0.06322444678609052,-0.32351026823346357,0.010505450941526285,0.0
2016-12-27,50.49,50.45,0.0019837340367652927,0.0011822661475619962,0.001393728448603883,0.14770419818012168,0.0007925500712062509,50.243,49.231,48.42066666666666,1,27,12,50.12462303345627,48.08930287626018,69.27297668038409,1.4442552386103742,1.5942083863245575,52.049823196036634,46.41217680396337,0.011321820515261077,0.015035694615172924,0.014334505190854099,434533680.0,0.893280573091778,0,0,-1,0,0,0.0001982160555004561,-1.6099709314441102,0.116231008551095,0.23868425244516342,0.0027805362462760552,0.0625,0.34780546625117126,0.010299069122598595,0.0
2016-12-28,50.17,50.49,0.0013862760909054983,0.0035384349873755615,-0.0037875057735927264,0.5304871335316236,-0.006358058374662709,50.305,49.377500000000005,48.58133333333333,2,28,12,50.132873391009674,48.223541400372426,52.94117647058823,1.3541560036913296,1.546197909797912,52.06198858208713,46.69301141791288,0.011626340733884459,0.015050110140928946,0.013326290330122182,431347908.0,0.5904290338861092,0,0,-1,0,0,0.0007922360863537165,-0.9541022781473094,0.07978531608208127,0.23891309182217552,-0.014148162703871092,0.0620237087214226,0.6075033351515297,0.017739685070759428,0.0
2016-12-29,50.2,50.17,-0.006751415636974993,-0.006694256146929984,-0.0022393739113999293,-0.3851995734093064,0.0005977882015219798,50.397000000000006,49.557,48.713,3,29,12,50.14507822900791,48.35105485841292,55.74712643678162,1.2705266201656897,1.4910636518714675,51.92360182762414,47.190398172375865,0.011390918008220176,0.014562882001920645,0.012968611213163833,433515236.0,0.5433951689672426,0,0,-1,0,0,0.00039864460833159297,-1.2671966555557705,0.08080770871209109,0.23117858489676288,-0.008884501480750151,0.07702209826217565,-0.32927486636450903,0.013187250996015917,0.0
2016-12-30,49.84,50.2,0.0,-0.004950995359418877,-0.008604105830307166,0.4074023309143732,-0.007197152218485779,50.322,49.695499999999996,48.846000000000004,4,30,12,50.08960946009738,48.447115835289516,50.46382189239336,1.1618081388260393,1.425212549262382,51.753352483073726,47.637647516926265,0.007655935264667671,0.01468805585922483,0.012926313246452987,430257940.0,0.14043766614813338,0,0,-1,0,0,-0.0001992031872510979,-0.730364854381874,0.0774350949829462,0.23316565827920424,-0.008159203980099394,0.0588485234756746,-0.2632037105470665,0.016853932584269586,0.0
2017-01-03,49.98,49.84,0.004175371410480592,0.015562216953082875,0.005637220485045682,0.2566471887365737,0.0028050509276084604,50.327,49.799,48.955666666666666,1,3,1,50.0696804673524,48.54601158785149,55.96868884540117,1.0745579538582106,1.3550816301815478,51.67930120767028,47.91869879232972,0.006553734294889397,0.014264968215222955,0.012592697548294018,434468285.0,0.19252234616629255,0,0,-1,0,0,0.011235955056179678,-0.30545769570939646,0.07237290672106968,0.22644935014632508,-0.00931615460852342,0.04320601127113344,-0.4566393249011357,0.02701080432172858,0.0
2017-01-04,51.3,49.98,-0.0029806281381377893,0.0050692251271015724,0.0068027473227524,0.15461510803929193,0.026067826769917465,50.422000000000004,50.01049999999999,49.097,2,4,1,50.29337492783378,48.72368825960301,64.0,1.099253017443445,1.3039159076339275,51.511706181704284,48.5092938182957,0.01041702114957153,0.014446688367427787,0.013307016395648456,439382636.0,1.717951891906097,0,0,-1,0,0,0.005402160864345801,-0.006866217971083007,0.21652419002632306,0.22933406813198184,0.016042780748662944,0.08986615678776277,1.702026201934162,0.024756335282651136,0.0
2017-01-05,50.47,51.3,0.023405532990178845,0.013521550418900772,-0.0005983843800770021,0.37235558080896225,-0.016311651824552763,50.379999999999995,50.15,49.20066666666666,3,5,1,50.32548857731854,48.83635353317701,58.737151248164444,1.0398630756091478,1.2511053412289717,51.185719937753795,49.1142800622462,0.011324828546545726,0.01499784845601122,0.013737826083525667,432251181.0,0.6179276623640082,0,0,-1,0,0,0.0027290448343080032,0.8724559689552844,0.25232485526847864,0.2380834632938384,0.00597966912497494,0.05851510067114085,1.0280122344640805,0.03962750148603131,0.0
2017-01-06,49.93,50.47,-0.018640783058539556,-0.028609521561951932,-0.013458071959146327,-0.22546589873854572,-0.010757075839653124,50.308,50.154,49.295,4,6,1,50.25358156326062,48.90691136974624,44.53642384105957,0.9384052798630904,1.1885653289557954,51.185450690194564,49.12254930980544,0.011707993704032872,0.011449842992551123,0.013870824361594645,426559251.0,-0.4343397161482363,0,0,-1,0,0,0.000396275014860375,0.32035423444646177,0.26662769961654864,0.1817606226541551,-0.005378486055776954,0.0016048144433300493,1.3973339949240813,0.02403364710594824,0.0
2017-01-09,50.3,49.93,-0.009752291442678352,0.005512910201820941,0.006952519314881663,-0.1363599898799646,0.007383052593175448,50.313,50.189,49.39266666666666,0,9,1,50.262021279031416,48.99678805556906,53.21739130434781,0.8777371461034846,1.1263996923853332,51.18830291492444,49.18969708507556,0.01176026485248748,0.011492318352098406,0.013889602030979973,431525622.0,0.22215486083794664,0,0,-1,0,0,0.0014019627478469915,0.04166947148664166,0.26534105573566014,0.1824348980834161,0.00922953451043318,0.014112903225806273,0.6080764429958604,0.0225646123260437,0.0
2017-01-10,51.34,50.3,0.010939940038334263,0.018673952483135085,0.014652641920214246,0.11457369601011587,0.020465098337300914,50.402,50.2665,49.52233333333333,1,10,1,50.45801741011661,49.1479630197259,57.7708006279435,0.9031653929174368,1.081752832491754,51.370450323056446,49.162549676943556,0.013429350542728546,0.01231668194001553,0.014297086651036219,437094887.0,1.9448338889522958,0,0,-1,0,0,0.004970178926441352,0.33819311204956576,0.29736885253217615,0.19552126434456993,0.027210884353741527,0.031130749146415004,-0.12008064993657012,0.02649006622516555,0.0
2017-01-11,51.68,51.34,0.02384788544732967,0.005956401508944859,0.018431894360845805,0.06471402261328875,0.006600684031352093,50.521,50.382,49.660999999999994,2,11,1,50.68019606282268,49.31132024425972,56.40194489465154,0.9399178325247561,1.0533858324983545,51.57110138560596,49.19289861439404,0.013505599649542507,0.012129401016530544,0.014312417356362832,443036479.0,2.183161193338528,0,0,-1,0,0,0.008375535644721458,0.6209710614809076,0.23682466101753968,0.1925482718514832,0.007407407407407529,0.04678954830868953,-0.01575392874951584,0.014125386996904101,0.0
2017-01-12,51.01,51.68,-0.0017399714394636823,-0.004800777343356676,-0.023789581549217027,0.019624432463223755,-0.013049167539511207,50.605000000000004,50.455,49.78666666666666,3,12,1,50.74016041503673,49.42091248656554,52.72727272727273,0.9045538711626762,1.0236194402312189,51.607745007631074,49.30225499236892,0.014130806844400136,0.01259628323738228,0.014518963751088888,436977135.0,0.9629189392726841,0,0,-1,0,0,0.0,0.6999818783876263,0.2223027533570012,0.19995979733907057,0.01069942540122848,0.029465186680121214,0.13353731749740178,0.03313075867476975,0.0
2017-01-13,51.15,51.01,-0.01324522675002068,-0.011811542102241984,0.010293044161086227,-0.8417525958718659,0.0027408004628002992,50.7,50.5485,49.938,4,13,1,50.81467670321187,49.532466519690345,57.09779179810725,0.8777068487717301,0.9944369219393212,51.598758614761834,49.49824138523816,0.014127645870759948,0.012490220387469528,0.014201276123741714,439588437.0,1.1454321660316025,0,0,-1,0,0,-0.0001960399921583613,-0.9134582994094009,0.19147249668321148,0.19827610179379912,0.024434207891047555,0.0379464285714286,-0.41793443238737016,0.010948191593352929,0.0
2017-01-17,50.24,51.15,-0.0023557136924590365,0.0,-0.011089222547093448,0.47990655650020025,-0.017950970237692168,50.739999999999995,50.531,50.043666666666674,1,17,1,50.710190029900616,49.57811384100065,48.51063829787233,0.7740779070264381,0.9503651189567446,51.5899746778879,49.472025322112096,0.015245669198321694,0.011804277665954155,0.01464430221438152,435368773.0,-0.5495882122137027,0,0,-1,0,0,-0.005278592375366491,-0.007976794934779293,0.24635836227369695,0.18738709866521203,-0.0011928429423457843,-0.006918363312907738,0.1952678021970015,0.022292993630573337,0.0
2017-01-18,50.38,50.24,-0.016047892690013294,-0.01333353086946537,-0.010408420626855885,0.33469417819712116,0.002782748764520938,50.78,50.5535,50.126,2,18,1,50.6501554790096,49.62984843190384,49.23076923076924,0.6952338312200013,0.899338861409396,51.57724493121931,49.52975506878069,0.015245360317359465,0.011428062508002112,0.014347339151682785,441265808.0,-0.33895161716376493,0,0,-1,0,0,-0.0033837579617834734,1.1074631665569346,0.17290482628953777,0.1814148681808481,-0.018698870276587454,0.009012617664730715,-0.6202399409105112,0.019055180627232902,0.0
2017-01-19,50.07,50.38,0.007560720457764556,0.0017749733483675906,0.0030135633052642587,-0.33033792999099254,-0.0061722445826108245,50.657,50.5395,50.226,3,19,1,50.54467266464421,49.65824530726488,49.29971988795518,0.6008091697623072,0.8396329230799784,51.58244068054929,49.496559319450704,0.012404373952648422,0.01136194200847612,0.0139645793175325,437027722.0,-0.9003388375889639,0,0,-1,0,0,0.0013894402540690807,0.03325427143905466,0.14653689614257184,0.18036523779099328,-0.03115325077399378,-0.0055610724925521104,-0.18444385020488843,0.017974835230677024,0.0
2017-01-20,51.09,50.07,-0.006163654069470671,0.008241804895103788,0.0058005963222998785,0.20386818155867645,0.020166757000853276,50.71900000000001,50.5495,50.339666666666666,4,20,1,50.64382308925435,49.75061657776392,55.47355473554737,0.6013504273693826,0.7919764239378593,51.610273798987464,49.48872620101254,0.01323539125598995,0.012035696097255393,0.014225465112719281,442224194.0,1.0190674025243127,0,0,-1,0,0,0.0013980427401637764,0.5909170960364297,0.22222937764783682,0.19106075237333062,0.0015683199372673595,0.00393004519551976,0.2598424393179383,0.020160501076531633,0.0
2017-01-23,49.94,51.09,0.017594602345732815,-0.0005864529539599296,-0.007406699859684425,-0.20762432510162337,-0.022766498491079565,50.720000000000006,50.513999999999996,50.342666666666666,0,23,1,50.51585525484446,49.76283486306947,50.560538116591886,0.5031836015359659,0.7342178594574806,51.6076255493047,49.42037445069529,0.014853125121938413,0.01303904151138178,0.012424142968217746,438001997.0,-1.0497194407444703,0,0,-1,0,0,-0.0011743981209630509,-0.03271950744331307,0.2721069124233832,0.2069883670425838,-0.023655913978494647,-0.014017769002961478,0.6734023873453174,0.027432919503404034,0.0
2017-01-24,49.65,49.94,-0.01799356504801264,-0.017755447703097272,-0.003824866263418444,0.3764920046535036,-0.005823894360445546,50.655,50.483999999999995,50.34433333333333,1,24,1,50.35842702669092,49.755555194484344,48.18081587651599,0.3974040815635078,0.6668551038786861,51.63929718208525,49.32870281791474,0.014719718495521611,0.012985950204631273,0.012436296665772055,431849564.0,-1.443784357709007,0,0,-1,0,0,0.0036043251902282683,1.07494543374817,0.24789463218847876,0.2061455686759361,-0.011743630573248454,-0.011940298507462699,0.3632828727541383,0.013293051359516691,0.0
2017-01-25,49.46,49.65,-0.020764781957906275,-0.005789017065380717,-0.01768264933395738,0.30910137003042376,-0.003834128397911361,50.467,50.4345,50.333333333333336,2,25,1,50.19507665820166,49.736487117420836,38.41309823677586,0.2948428726783803,0.592452657638625,51.67744175668578,49.19155824331422,0.012553087823339285,0.012960854785410087,0.01243584008804642,423468717.0,-1.5680541662683198,0,0,-1,0,0,-0.011278952668680668,2.160339575989159,0.24382145932557592,0.20574719124609908,-0.01826121476776499,-0.019623389494549115,0.7984653078458359,0.02505054589567336,0.0
2017-01-26,53.92,49.46,0.04598282439115823,0.07777633913563317,0.04866209258995353,0.6436195577085863,0.08633720451078147,50.691,50.606,50.48500000000001,3,26,1,50.872335447619534,50.006391174361426,64.90924805531547,0.566912092239285,0.587344544558757,52.6005019164502,48.611498083549805,0.0323487460397553,0.024154952943397485,0.020552648165375113,439420467.0,3.323135438143107,0,0,-1,0,0,0.039223615042458505,3.620245631130743,0.7042261098775385,0.38344799051218437,0.07689235070900735,0.06793424440483253,1.6248009711469424,0.05285608308605344,0.0
2017-01-27,52.7,53.92,0.050733799378003076,0.0035129924267534225,0.02395786921652524,-0.7300386011626533,-0.022886011056734913,50.86,50.7325,50.589999999999996,4,27,1,51.20463809350689,50.180172388918756,61.3061224489796,0.6762892632087727,0.6051334882887601,52.921966409397804,48.5430335906022,0.03307125538702628,0.024772855170853963,0.02108320677666427,431733472.0,1.7972415484932205,0,0,-1,0,0,0.0028746290801187156,0.6834583393565101,0.7507989489796006,0.3932568842826006,0.031513016245840575,0.0504285429539566,2.0406603373459915,0.0341555977229601,0.0
2017-01-30,52.35,52.7,-0.03663137305910788,-0.033405245329952545,-0.023371416262565465,0.04707600105353854,-0.006663518230770847,50.980000000000004,50.84,50.69233333333333,0,30,1,51.41288571286927,50.32016126705303,58.381030253475075,0.7263563998576927,0.6293780706025467,53.12827675911423,48.55172324088578,0.03323531398434668,0.024858598522885394,0.021099365807483603,423675951.0,1.3197704289794996,0,0,-1,0,0,-0.010815939278937385,0.7310337502081334,0.71918552451581,0.394618017798914,0.04825790949138975,0.042828685258964105,2.0753172370486217,0.0234957020057306,0.0
2017-01-31,52.31,52.35,-0.001343699213595273,0.0,0.006628364855356353,-0.19895888291423705,-0.0007643799340261654,51.187,50.963499999999996,50.74966666666667,1,31,1,51.575997401438485,50.44853795950122,54.31878895814782,0.7541143399688792,0.6543253244758133,53.29081401540535,48.63618598459464,0.032491164765813436,0.02477013327811018,0.020595429484432864,417072139.0,1.1571279089001505,0,0,-1,0,0,-0.005539637058261684,0.15419349448326924,0.7129544169777563,0.39321367557482795,0.05357502517623369,0.0495585874799358,2.0308049604673375,0.017008220225578238,0.0
2017-02-01,52.73,52.31,0.009368197756540743,0.01646672960191149,0.017887871223142397,-0.28774728943709343,0.007996996159858565,51.422000000000004,51.101,50.842999999999996,2,1,2,51.78581605572239,50.59572905888824,54.6419098143236,0.8007723917372473,0.6836147379281001,53.50726288102898,48.69473711897102,0.0325027315838352,0.024798803630551317,0.02044766949563909,422024675.0,1.3539667779801312,0,0,-1,0,0,0.0045880328809022155,-0.4716946654571383,0.702030232103524,0.3936688033101869,0.06611403154063877,0.05502200880352137,1.8750722776009883,0.015740565143182353,0.0
2017-02-02,52.86,52.73,-0.005342504598129516,0.000750609905761826,-0.0049703791869166476,-0.08175993524118802,0.0024623556337648664,51.701,51.179,50.92666666666666,3,2,2,51.98112222740922,50.741811055089,58.58867223769732,0.8385726044704498,0.7146063112365701,53.71031045736496,48.64768954263504,0.03228695051402731,0.024177448111048095,0.020412316052749277,426588403.0,1.3281658084325876,0,0,-1,0,0,-0.008723686705859924,-0.6073466423445282,0.18628663239847976,0.3838050902280097,-0.019658753709198895,0.03040935672514622,-1.1831301706034743,0.021377222852818817,0.0
2017-02-03,52.88,52.86,0.013869320827291342,0.005051933281793014,0.008016840035081848,-0.2284629311805427,0.00037828636728771416,51.879999999999995,51.2995,50.993,4,3,2,52.144554549698455,50.879758728954236,58.12206572769955,0.860227214395664,0.7437304918683889,53.916693957373525,48.68230604262648,0.03190711831786205,0.023811338318904838,0.020343911642837383,430220016.0,1.2077820946721929,0,0,-1,0,0,0.0026485054861899466,-0.8715346129633191,0.08436451052214265,0.37799327745267003,0.0034155597722960174,0.047751139290667766,0.007097140846674215,0.018532526475037763,0.0
2017-02-06,53.07,52.88,0.0032024139641253784,-0.003833392567673988,0.005687219120589514,-0.08526809293648288,0.0035866012963726777,52.193,51.45649999999999,51.07366666666667,0,6,2,52.312817358844185,51.021064617408804,64.24974823766362,0.8825466128909625,0.7714937160729036,54.10432949840386,48.808670501596126,0.030546423173569818,0.02360496398134788,0.020313296617109112,433554803.0,1.218734061972376,0,0,-1,0,0,0.005484114977307094,-0.9149806250800372,0.05420232309680104,0.3747171864077016,0.013753581661891001,0.06288804326056474,0.9662443815702814,0.008950442811381222,0.0
2017-02-07,53.04,53.07,0.0033796502315153343,0.009416879993374726,0.00018901805178663845,0.4501896405896768,-0.0005654509621965052,52.532000000000004,51.59349999999999,51.166666666666664,1,7,2,52.44503238450888,51.15131851305985,63.54378818737268,0.8875826474625939,0.7947115023508418,54.272732215233276,48.91426778476671,0.030356203658157558,0.023599387838054934,0.020237197859720963,428323824.0,1.0797869567077125,0,0,-1,0,0,0.005276050499340515,-0.24679919140598347,0.053405084752374384,0.3746286678771336,0.01395526667941116,0.05447316103379718,1.0267613769802548,0.018288084464555165,0.0
2017-02-08,52.92,53.04,-0.0028155814001636324,-0.007264630999004486,-0.01044941587434112,-0.24930080042972658,-0.002265006630852125,52.878,51.6725,51.249,2,8,2,52.53139013277999,51.26542699608825,64.797507788162,0.8718407070561724,0.8101373432919079,54.412741057392125,48.932258942607874,0.03029806211990923,0.0232452493341547,0.020248157684624273,424247084.0,0.9105038380727298,0,0,-1,0,0,0.003016591251885439,-0.6240987846608133,0.03719888203516936,0.3690068934111786,0.0036032619002466237,0.030775223996883483,0.007158005326490487,0.021352985638699973,0.0
2017-02-09,54.52,52.92,-0.003577821347884078,0.021820392363749174,0.0102603978225544,0.6349056689513345,0.029786267581576865,52.938,51.814499999999995,51.38333333333333,3,9,2,52.89295556318363,51.47539944795353,66.79725759059745,0.9772070989650388,0.8435512944265341,54.83625602484218,48.79274397515781,0.013105389181091793,0.024089339974218846,0.02090133598404868,431939257.0,1.790680635867222,0,0,-1,0,0,0.0017006802721087737,0.6108216864087486,0.21528689460403985,0.382406416916821,0.03140370790768077,0.054953560371516996,2.1024194867568604,0.0324651504035217,0.0
2017-02-10,54.71,54.52,0.032662023795915325,0.0036516381639760407,0.02740919229357549,-0.8787977806693038,0.003478901247402717,53.138999999999996,51.9995,51.534666666666666,4,10,2,53.22332727896842,51.68408335453717,75.78378378378382,1.0637795473384841,0.8875969450089242,55.257671750825985,48.74132824917401,0.010088225654301375,0.023796659860991182,0.020830608659742286,435133677.0,1.6638165249041024,0,0,-1,0,0,0.0045854732208363905,-0.8856174366668352,0.21101300780908827,0.37776026415705327,0.03460665658093798,0.0725347970986081,2.0313784465691254,0.009139097057210747,0.0
2017-02-13,55.73,54.71,0.0012772558984836641,0.025905388195643243,0.0086073235362845,0.5273576558840454,0.01847209350571032,53.477,52.22850000000001,51.719,0,13,2,53.67908595551961,51.94511023488961,80.4609218436874,1.20085164167849,0.9502478843428375,55.85793101238608,48.59906898761394,0.010347168265147736,0.024025219250989924,0.021015769642148262,440546459.0,1.929503543696243,0,0,-1,0,0,0.002376165234874841,-0.18371437473405575,0.2228853196801093,0.381388531991525,0.050122479743734516,0.08954056695992185,0.8807058093359539,0.0263771756684012,0.0
2017-02-14,55.31,55.73,0.01609874688733125,-0.010174117212724997,0.0014577262056565629,-0.0907177293586075,-0.007564877574858219,53.777,52.482000000000006,51.90133333333333,1,14,2,53.97561578178877,52.1621998971548,78.6483839373164,1.2610551156864247,1.012409330611555,56.2328432736044,48.73115672639561,0.011059699722128303,0.02362926605797735,0.02102238286867353,435603098.0,1.507927574527748,0,0,-1,0,0,0.0,-0.36400551089559985,0.24763982680604518,0.3751029699143257,0.04279788838612375,0.10091560509554132,0.6339912990545097,0.014825528837461585,0.0
2017-02-15,57.29,55.31,0.020952471033587633,0.04077893654268176,0.015896288487494813,0.6953440789925713,0.03517236441389975,54.23299999999999,52.8275,52.144999999999996,2,15,2,54.578231094190805,52.49302571024159,71.7981888745149,1.4518007991321156,1.1002876243156672,57.01112660605994,48.64387339394006,0.014633261688361642,0.024594390040704944,0.021822627547755952,445511564.0,2.1333165792263187,0,0,-1,0,0,0.028927861146266394,1.2637532123256383,0.2875085803212177,0.3904238381701741,0.08257747543461824,0.13715760222310425,-0.33857504213543255,0.03944842031768206,0.0
2017-02-16,56.34,57.29,0.00857323071048831,-0.011432655270963158,0.004648676349377021,-0.5674237825497149,-0.01672132597225987,54.581,53.141,52.313,3,16,2,54.898552713428835,52.74121759990342,74.39678284182312,1.508917208679236,1.182013541188381,57.393706382873425,48.88829361712657,0.016602197900044118,0.024989175715171185,0.021764980790443443,439893620.0,1.504453734630292,0,0,-1,0,0,0.0019200558561703514,-0.21283624092401135,0.33150903298563505,0.39669086646502555,0.03338224504768883,0.12522468544038357,0.47946015750682736,0.023784167554135538,0.0
2017-02-17,57.32,56.34,-0.022552048091260515,-0.0008714597501409748,-0.008599121422284597,0.07857994840851296,0.017244840511744575,55.025,53.4525,52.541333333333334,4,17,2,55.33881585644177,53.03662291603869,80.71693448702109,1.614647532869384,1.2685403395245816,57.976656798435144,48.92834320156486,0.016774059050996208,0.02490907135331681,0.02158861802104963,445970830.0,1.709710857650965,0,0,-1,0,0,-0.0039048633297835635,-0.07113912060186914,0.3375004177015002,0.3954192491426364,0.047706086638640066,0.12194167155999214,-0.15088327045324165,0.030879274249825596,0.0
2017-02-21,57.86,57.32,0.026030312467585526,0.011097738312969474,0.02663036829427809,-0.3481130660403063,0.009376696588017862,55.504,53.8485,52.80566666666666,1,21,2,55.797212973452346,53.34780853435878,82.30500582072185,1.722161062843206,1.3592644841883066,58.46369355812213,49.23330644187787,0.016696492288186652,0.023988253288946715,0.02141295023930727,450261456.0,1.7383886285507102,0,0,-1,0,0,0.004884856943475247,-0.6856950354194984,0.3280524598319551,0.3808017155362815,0.038219989233805984,0.15859030837004418,0.24790269838679913,0.015727618389215412,0.0
2017-02-22,57.91,57.86,0.003293182627841012,0.00017242865807012798,0.0010506041939913687,0.10844023677164305,0.0008637816897093266,55.991,54.2615,53.059333333333335,2,22,2,56.18135606918828,53.64214346762596,81.50851581508525,1.7907581468643698,1.4455632167235193,58.77188695970757,49.751113040292424,0.01661328692627603,0.023837188036265673,0.02142236806321584,455043523.0,1.617821279013517,0,0,-1,0,0,-0.0012098167991704163,-0.49019918546867297,0.30830031016032494,0.3784036289942585,0.047007774362682886,0.16636455186304122,0.04776368916311359,0.014850630288378509,0.0
2017-02-23,57.26,57.91,0.00500562018685411,0.009438079497306948,-0.0004376176167165982,-0.024844425625160163,-0.0112877815677294,56.425,54.6515,53.25666666666667,3,23,2,56.37747314751768,53.875553566488804,75.17162471395888,1.7722429489109857,1.5108991631610127,58.743254352865605,50.55974564713439,0.017502989276740266,0.024086187701901074,0.021405120699927862,450378800.0,1.275003226023659,0,0,-1,0,0,0.002935589708167876,-0.4711168008430971,0.22351758974688135,0.38235637614511553,-0.0005236515971374089,0.15770319450060644,0.027832561893754115,0.025061124694376446,0.0
2017-02-24,58.54,57.26,-0.02017459729488898,0.0001707796093299247,-0.013129677092426819,0.16703912777236338,0.0221079815937709,56.827,54.88250000000001,53.48533333333333,4,24,2,56.770659847969,54.17648559445727,78.30000000000007,1.839648500954226,1.5766490307196555,59.308375470931665,50.45662452906835,0.016544364123931364,0.014857029086417978,0.02166627813359466,455891572.0,1.6527803477625096,0,0,-1,0,0,-0.00593782745371981,0.0005832580772222317,0.21246450971389835,0.23584802510349073,0.03904863329783459,0.08568249258160243,-0.55033508451823,0.03741031773146575,0.0
2017-02-27,58.43,58.54,0.024641191217923825,-0.0013670542115331123,0.021064496594234636,0.13498172002371317,-0.001880824697394132,57.199,55.169000000000004,53.73266666666667,0,27,2,57.07235805742918,54.45090587868583,77.01612903225814,1.8627195345954561,1.6338631314948158,59.739490702664405,50.5985092973356,0.016765893988866902,0.013550561375969076,0.02145371163435695,449582117.0,1.4269802575460764,0,0,-1,0,0,-0.0034164673727365177,0.520330192252486,0.20117363998486254,0.21510849315678832,0.019364968597348264,0.10872865275142307,0.564758138501482,0.015574191340064977,0.0
2017-02-28,57.8,58.43,0.0010279253946058418,0.001537804660167808,0.0021689159589127547,-0.0956566881379534,-0.010840680888013975,57.40599999999999,55.441500000000005,53.95433333333333,1,28,2,57.20465659244205,54.66697646715771,72.62357414448674,1.8093111474528811,1.668952734686429,59.95381892769636,50.92918107230365,0.017021985683311102,0.013771803774201638,0.021638709606245914,443848236.0,1.0453605065562421,0,0,-1,0,0,-0.0005134348793428228,0.26260911679661875,0.21681016779759124,0.21862060734790956,-0.0010369858278603816,0.10410697230181465,1.438540445285709,0.015138408304498271,0.0
2017-03-01,58.88,57.8,0.0011979123533978602,0.018774335793814458,0.012658941919714686,-0.06316386525382393,0.018512698742289075,57.763,55.769999999999996,54.242333333333335,2,1,3,57.50926448472531,54.938784437018505,75.95818815331015,1.8330018851907184,1.701762564787287,60.27902253382147,51.260977466178524,0.017104040788217523,0.014023781618803825,0.021377763612817458,449231144.0,1.3794564017688469,0,0,-1,0,0,0.011591695501730134,0.07706989458540904,0.2554467754791614,0.22262063162420237,0.01675012951131083,0.12559740011470089,0.4157618529229121,0.021229619565217392,0.0
2017-03-02,57.57,58.88,-0.00017104250447918701,-0.016046286361077293,-0.015522905691143599,-0.14484246829534242,-0.022499875732902633,57.791,56.012,54.482,3,2,3,57.52030730568434,55.108540279791505,63.62823949955318,1.7261726696270188,1.7066445857552333,60.3503411818931,51.6736588181069,0.01582209564014362,0.015366145557457897,0.021968513217593688,444574075.0,0.718246875788659,0,0,-1,0,0,-0.0071331521739130726,-0.38914080859933214,0.302878377137197,0.2439299985279214,0.0054139015019210035,0.09178835577470146,0.003396953664287004,0.020844189682126032,0.0
2017-03-03,58.86,57.57,-0.013085586169045987,0.0045867743712913805,0.0012160168266434274,0.09814915548918145,0.022160144117608523,58.043000000000006,56.312,54.775,4,3,3,57.76388779555991,55.3505699391598,66.88364524003256,1.7257090657565826,1.7104574817555034,60.561500775630996,52.062499224369,0.01592114803195072,0.015865277946582136,0.022101184997019265,449711415.0,1.1991996869898942,0,0,-1,0,0,0.0022581205488970395,-0.09370888006785773,0.30311289606470704,0.25185347956544296,0.005466347796378557,0.11350737797956878,0.004881514724574501,0.023785253143051285,0.0
2017-03-06,57.56,58.86,0.013940506286090872,-0.006802747322752523,-0.007668214640178982,0.13833945449948712,-0.022333860786159548,58.06699999999999,56.54599999999999,54.99066666666667,0,6,3,57.72681728727629,55.49311381405271,57.27923627684967,1.6019759394676996,1.6887611732979426,60.50527904122693,52.58672095877306,0.017211033966291957,0.017002127398854133,0.022481109843212742,443811872.0,0.5122144660386372,0,0,-1,0,0,-0.005946313285762851,0.344103697029661,0.34697279271315273,0.2699004051384331,-0.014889611500941258,0.0885022692889561,0.4359108566552518,0.02501737317581662,0.0
2017-03-07,56.83,57.56,-0.01897917562059933,-0.020516192403421583,-0.008281220743928126,-0.02443667212901728,-0.012763526710137037,57.964,56.734,55.220333333333336,1,7,3,57.56375959868059,55.57936453572673,55.90062111801241,1.4285442771106744,1.6367177940604891,60.339600322303276,53.12839967769673,0.01736400438193802,0.017426268127060305,0.02214734012579519,438054747.0,0.05325049446338591,0,0,-1,0,0,-0.002605976372480988,0.17468210586504546,0.34997450847369715,0.2766334304647973,-0.016782006920415204,0.07084982099114367,0.4932622776148228,0.012693999648073124,0.0
2017-03-08,56.68,56.83,-0.008747431564512909,-0.006641059011097842,-0.004572200336689718,0.07730692944659835,-0.0026429404865503884,57.840999999999994,56.916,55.45466666666667,2,8,3,57.403076035284116,55.65037327535727,47.23981900452489,1.2644192507385341,1.5622580853960983,60.07649563068228,53.75550436931771,0.01734276647072574,0.01745832790766878,0.022103784199099755,431834901.0,-0.1493436647776979,0,0,-1,0,0,0.0014077071969030143,0.46936448578300655,0.29434387480345325,0.27714236370426126,-0.037364130434782705,0.06862745098039214,1.3208510343452076,0.010585744530698684,0.0
2017-03-09,56.36,56.68,-0.0031679012765567153,0.0061183653847713265,-0.002661699734860368,0.15024752350669526,-0.00566172779200022,57.751,57.088,55.684666666666665,3,9,3,57.21342584705064,55.69615564468906,50.09596928982723,1.0958948653958132,1.4689854413960415,59.65072552280691,54.52527447719309,0.017101467917665737,0.01753300973336989,0.022130324464060287,424606682.0,-0.5681451201240122,0,0,-1,0,0,0.0008821453775581714,1.0768780132990403,0.26376667449226054,0.2783279009338297,-0.021017891262810506,0.06500377928949352,1.114576528167858,0.019517388218594774,0.0
2017-03-10,55.88,56.36,-0.03680515948272701,-0.024522707192416806,-0.03379127174835439,0.548119259735751,-0.008553152641718331,57.485,57.15599999999999,55.75,4,10,3,56.97098478395051,55.708016570838154,42.74193548387098,0.9130806618891754,1.3578044854946683,59.49415401770479,54.8178459822952,0.014981601903856901,0.016511147720260216,0.015228957010354066,412101890.0,-1.0914593224723077,0,0,-1,0,0,-0.029808374733853792,3.225385269827715,0.11988102454460946,0.26210634436835756,-0.050628610261637785,0.0249449743213499,-1.0498373181811214,0.02827487473156774,0.0
2017-03-13,54.49,55.88,0.0188411370558561,0.00338771831529573,0.0009185267477795861,-0.2518900990361789,-0.025189335793754108,57.090999999999994,57.144999999999996,55.80966666666667,0,13,3,56.51989664141405,55.629434856590535,34.35468895078925,0.6485614920547533,1.2159558868066853,59.53314175722764,54.75685824277235,0.016239979130021474,0.01750692848024845,0.01535579476798017,402381538.0,-2.2234860991519545,0,0,-1,0,0,-0.0028632784538297007,1.6468696114949695,0.13747507166012415,0.27791387387598815,-0.053335649756775516,-0.0040212027051726995,-1.3074035690797279,0.03156542484859605,0.0
2017-03-14,52.88,54.49,-0.029320137256961094,-0.036987537489942525,-0.032471597051361774,-0.052513661014765595,-0.029992003051576156,56.599000000000004,57.0025,55.82733333333333,1,14,3,55.85809725206604,55.452051962616956,29.60259529602598,0.30549306563684553,1.0338633225727174,60.00678378363536,53.99821621636463,0.017759309023384053,0.018103816177388786,0.01630089073022219,393158466.0,-2.7444145073482527,0,0,-1,0,0,-0.0069737566525968535,1.2634661757658974,0.1925636148188538,0.2873891723195924,-0.06950554284708776,-0.051139422214247165,-0.5596485474159894,0.026853252647503812,0.0
2017-03-15,54.29,52.88,-0.040352382634293464,0.008826831859403715,-0.01721871506028779,0.031019333536095685,0.0263148523739288,56.14,56.951499999999996,55.89333333333333,2,15,3,55.572988660781306,55.37708086825457,38.65546218487396,0.14570449148450848,0.8562315563550756,60.10755533271214,53.79544466728785,0.019244292605039716,0.019182763560510935,0.016984496757130253,402672115.0,-1.6865990734787568,0,0,-1,0,0,-0.01720877458396376,1.252097445541592,0.35101087000982717,0.3045169310403832,-0.04216654904728301,-0.01844151148074491,1.1219359410337921,0.05157487566771039,0.0
2017-03-16,54.15,54.29,0.049367253730508986,-0.00018309988149662126,0.03693951568762279,-0.6566330208006639,-0.0025820744703600965,55.798,56.79449999999999,55.940666666666665,3,16,3,55.314263449730156,55.29791436062525,31.63179916317992,0.007685471946523137,0.6865223394733652,60.183463356479656,53.40553664352033,0.018611501381783094,0.017144987478874454,0.016951647883924045,397738389.0,-1.5606542307067055,0,0,-1,0,0,0.005710075520353698,-0.711978181981123,0.35318673309798415,0.2721682386025085,-0.03921220723917673,-0.05480886716704492,0.9700587372243851,0.015512465373961152,0.0
2017-03-17,53.18,54.15,-0.008460598564704203,-0.0073516228918155116,-0.011409456976542307,0.26024647466342327,-0.018075587632125825,55.230000000000004,56.6365,55.95133333333334,4,17,3,54.926215549779215,55.16127472445588,29.508196721311478,-0.1779155886253676,0.5136347538536187,60.38975416699807,52.88324583300193,0.015964868548983442,0.017204288044346455,0.017296713833806633,391338114.0,-1.8418683340939745,0,0,-1,0,0,-0.0001846722068328349,-0.045564416944546576,0.360658172407344,0.273109605895575,-0.048317823908375135,-0.056088036918707895,1.2887240197188012,0.0197442647611885,0.0
2017-03-20,53.45,53.18,-0.011704731862941875,-0.008521726264474687,-0.004147037046089309,-0.29720272867819586,0.00506425165618049,54.819,56.443,55.97033333333333,0,20,3,54.65781272254663,55.05086990352324,32.53012048192774,-0.29976353535690237,0.35095509601151453,60.439067013818786,52.44693298618121,0.015987388805300574,0.01665731424901415,0.01731828415033263,396092836.0,-1.497972876655928,0,0,-1,0,0,0.0062053403535163275,-0.7739530218538129,0.34326536754487064,0.26442666607886445,-0.019086070838685965,-0.06751570132588969,0.34233620644543694,0.015154349859681988,0.0
2017-03-21,51.88,53.45,0.0027992926742647912,-0.0016758220102941652,-0.02176904753351782,0.29322593976312544,-0.02981327802281109,54.324,56.144000000000005,55.93066666666667,1,21,3,54.15275586390179,54.84629765168303,22.952086553323014,-0.5170545074644295,0.17735317531632572,60.56585195781423,51.72214804218578,0.017422577047654382,0.017335938458516584,0.01814169305424691,389717963.0,-1.9286036894404515,0,0,-1,0,0,0.003928905519176683,-0.07623777961345495,0.3424424616776811,0.27519949143093186,-0.018910741301058964,-0.10335292084341507,0.35114725711538014,0.03585196607555897,0.0
2017-03-22,52.46,51.88,-0.038371279019036274,-0.02128341003160779,-0.013409976485249183,-0.09150610150735593,0.011117614990484519,53.902,55.87149999999999,55.91133333333334,2,22,3,53.8449820704651,54.692342964477675,29.074529074529067,-0.6351365567513625,0.014855228902788065,60.501917850871315,51.241082149128665,0.0184925702608485,0.017678948477334533,0.018268683697223148,395535390.0,-1.4735171251804122,0,0,-1,0,0,-0.004626060138781842,-0.3711416884695977,0.2650586684109052,0.28064460667290714,-0.0337078651685393,-0.09411155240891034,-0.4989045688185701,0.02706824247045371,0.0
2017-03-23,52.37,52.46,0.015754408460285817,0.008152476662882636,0.021868312187987567,-0.6548349737461157,-0.001717066147331361,53.503,55.626999999999995,55.893,3,23,3,53.576803512198715,54.542514386124274,20.526793823796524,-0.7275924465715846,-0.1336343061920865,60.460667453664485,50.793332546335506,0.018579163923497625,0.01762432873272625,0.018266833220964656,392513075.0,-1.3476309784326628,0,0,-1,0,0,0.0,-1.5946882581747972,0.26597785944398905,0.2797775451074629,-0.03287165281625115,-0.08539993014320646,-0.5404537823533752,0.013748329196104619,0.0
2017-03-24,52.61,52.37,0.003425312578334049,-0.0017008413813939724,0.0009566632318635572,0.20763148585304683,0.004572307451319636,53.176,55.330499999999994,55.82933333333334,4,24,3,53.40102105543531,54.41783603863239,25.125628140703498,-0.7725924463273657,-0.26142593421914234,60.139244118788596,50.52175588121139,0.01893132453687902,0.016629374158753808,0.01737218061254022,396232818.0,-1.1314804584301021,0,0,-1,0,0,0.0051556234485393,-1.1916011104234683,0.25305832100696224,0.2639831308962391,-0.010718315156073688,-0.10129825760163991,-1.7927195972814367,0.01102452005322179,0.0
2017-03-27,52.88,52.61,-0.012232568435634408,0.0024558433047630153,-0.011347366685655698,0.13560331273516468,0.005118979800715096,53.015,55.053,55.76833333333333,0,27,3,53.30628995444707,54.31862081033353,29.18861959957853,-0.7775059225311551,-0.3646419318815449,59.747835236163354,50.35816476383664,0.01793250301945177,0.01677619213349045,0.017389576595435097,400492770.0,-0.92569808766102,0,0,-1,0,0,-0.011594753849078111,-0.8875483002664515,0.2531562025988717,0.266313793991123,-0.01066417212347992,-0.09498545267841862,-1.7932224772694298,0.024583963691376647,0.0
2017-03-28,54.19,52.88,0.01526747213078838,0.028642463865320603,0.014593192924344228,0.47560195970247804,0.024471194034591904,53.146,54.8725,55.717,1,28,3,53.466964508183956,54.31032269353781,38.30985915492957,-0.6679936212944497,-0.42531226976412584,59.39715003008201,50.347849969917995,0.017157240836299822,0.017956168245722333,0.017662048687101965,407346958.0,-0.3016807909837987,0,0,-1,0,0,-0.001512859304084822,0.209830415691163,0.15926360187972002,0.2850453340668974,0.04452582883577483,-0.062456747404844304,1.1607896671536866,0.038383465584056066,0.0
2017-03-29,53.48,54.19,0.022658023892583996,-0.008469945682733819,0.01325525940631683,-0.4235676639662124,-0.01318863734428043,53.065,54.602500000000006,55.656,2,29,3,53.469334597605055,54.25675348750312,36.95652173913042,-0.6312190990002264,-0.466493635611346,58.748904276121316,50.4560957238787,0.015482272648558162,0.017325286383297847,0.01776436660127239,402859474.0,-0.5414329743312125,0,0,-1,0,0,-0.003321646060158696,-0.7847533831984969,0.21856552737527749,0.27503039497907866,0.01944338543652302,-0.09171195652173925,0.6268987077855148,0.017202692595362785,0.0
2017-03-30,53.83,53.48,-0.009113798784826656,0.0031385606858604148,0.004691760506634458,-0.5336363246670947,0.006523180339123476,53.033,54.415499999999994,55.54066666666667,3,30,3,53.534910125313225,54.2292210044384,40.60494958753436,-0.5672935433680024,-0.4866536171626773,58.32921394484699,50.501786055153,0.01567232645805888,0.01697925422726354,0.016429294441210766,405491242.0,-0.2992042894554911,0,0,-1,0,0,0.0007479431563202366,-1.4613832800760183,0.21290757961744275,0.26953730479608906,0.027878556425434464,-0.06496439117595976,0.09266357222662001,0.015604681404421391,0.0
2017-03-31,53.76,53.83,0.00018682858531680554,-0.00535996108101384,0.0,0.17005341253763998,-0.0013012363579717858,53.090999999999994,54.1605,55.45466666666666,4,31,3,53.575835557074456,54.19894868157141,46.19395203336807,-0.516328580483858,-0.49258860982691344,57.47338060375281,50.84761939624719,0.01445223441533382,0.01588879612170168,0.016195009082176012,402371628.0,-0.24178354000824384,0,0,-1,0,0,-0.005573100501578993,-1.1801269564132582,0.2186727995923736,0.2522268190213812,0.02185896217449157,-0.08664627930682978,0.46201368018975986,0.010230654761904842,0.0
2017-04-03,54.0,53.76,0.0035431272497467694,0.002960771963032189,-0.004315608536805092,0.09958350069830564,0.004454350349380375,53.146,53.9825,55.344,0,3,4,53.652956364879095,54.18611328276035,56.812652068126496,-0.451369380725815,-0.4843447640066938,56.88322858361039,51.081771416389614,0.014435161846878842,0.015436124052567068,0.015844906994411902,405817899.0,0.012065934123500075,0,0,-1,0,0,-0.0007440476190476032,-0.9768445422691133,0.21858513843719699,0.2450408726990099,0.021180030257186067,-0.06184850590687985,0.5110110441070235,0.017407407407407365,0.0
2017-04-04,53.07,54.0,0.0016739518462914344,-0.004073325387635786,-0.005657190271442872,0.14674679407285587,-0.017372249724470813,53.265,53.794500000000006,55.18433333333334,1,4,4,53.54696429853744,54.11410597419517,42.11886304909563,-0.46951964438289906,-0.4813797400819349,56.38943819011384,51.19956180988617,0.011866084224932774,0.015617177673108008,0.015936908882335385,401826908.0,-0.5583948032058698,0,0,-1,0,0,-0.0035185185185184764,-0.7240753194293631,0.16794695659659775,0.24791500982252498,-0.020668019929876325,-0.066162238254443,-0.38765925977274224,0.019219898247597438,0.0
2017-04-05,53.35,53.07,-0.005964602958169558,0.009417482582882435,0.007911135628367866,0.18926637320303763,0.005262180907958825,53.354,53.628,55.032333333333334,2,5,4,53.51115260789427,54.06480881456968,44.92385786802033,-0.45605310286768486,-0.4763144126390849,55.842883625310655,51.413116374689345,0.01151885412317731,0.015734669882655337,0.015991704450289423,406649473.0,-0.251028990257677,0,0,-1,0,0,0.007914075749010773,-0.38273499961186475,0.15632390831506415,0.24978014082722333,-0.002430815258040342,-0.05875088214537749,-1.7771624780599418,0.020805998125585742,0.0
2017-04-06,53.38,53.35,-0.0026207427953963535,-0.011832269676247167,-0.0063994195430460655,-0.4666742305757076,0.0005621662286157648,53.455,53.479000000000006,54.903,3,6,4,53.48730667918622,54.02062760072648,51.440922190201746,-0.43791204495271785,-0.46863393910181156,55.28284268189824,51.675157318101775,0.011465252272987534,0.015738985966177805,0.015917291182159087,409673628.0,-0.10976566969334982,0,0,-1,0,0,0.0,-0.9612760434191582,0.14481197226941947,0.24984865652905272,-0.008359650752368442,-0.05287437899219294,-1.7621628299492176,0.015174222555264186,0.0
2017-04-07,54.54,53.38,-0.00018745899389407028,0.02025106024929725,0.005648668757033341,0.9654613943372068,0.02149823344106432,53.648,53.412,54.76966666666667,4,7,4,53.67870546478872,54.0541354974538,56.960408684546586,-0.32617290219937445,-0.44014173172132415,54.91476376964366,51.909236230356335,0.013069455778951652,0.016571220314882174,0.015884496292557383,417615056.0,1.5012339567748196,0,0,-1,0,0,-0.0007493443237167318,1.124713794998136,0.2206853184777107,0.26305996724423814,0.014508928571428603,-0.02397995705082323,-0.24968115368738403,0.02951961862852951,0.0
2017-04-10,54.22,54.54,0.019677635108028658,-0.004383568663257652,0.012964785429910856,-0.6207352853774946,-0.0058845333469230215,53.782,53.3985,54.62933333333333,0,10,4,53.77712265300895,54.064836433101945,67.78115501519753,-0.26043798520231576,-0.4042009824175225,54.864899457312454,51.93210054268754,0.013393066094121038,0.015654563282889274,0.015898104162503677,413346149.0,1.1204314021032216,0,0,-1,0,0,-0.0025669233590025773,-0.4253072532062151,0.2283122321897228,0.2485084879790874,0.004074074074074119,-0.0049550376215820036,0.4021594676184922,0.012449280708225825,0.0
2017-04-11,55.06,54.22,-0.0034987605896500584,0.00820349145282768,-0.006787882308938005,0.240770243796052,0.015373655643941905,53.86899999999999,53.50749999999999,54.538000000000004,1,11,4,54.01037307973459,54.12904053419215,69.00584795321636,-0.13895976835046042,-0.3511527396041101,55.12764781651353,51.887352183486456,0.011925992593589212,0.014388737304653709,0.016140424064134358,418777175.0,1.9164917968298727,0,0,-1,0,0,-0.00018443378826997437,0.2745913214391432,0.17715234425117835,0.2284141235301092,0.0374976446203128,0.04122541603630858,0.22500670616232332,0.027061387577188428,0.0
2017-04-12,55.51,55.06,0.027294270760477232,0.026692135494610237,0.034660111939871896,0.24760993122623157,0.008139684987608526,54.072,53.56849999999999,54.425666666666665,2,12,4,54.28303251978284,54.218134693276525,71.80555555555554,-0.0063035042260679575,-0.28218289252850165,55.39182576411632,51.74517423588367,0.010849433749467535,0.013280016954207316,0.01579776177702984,425734103.0,2.1296249284789277,0,0,-1,0,0,0.0118053033054849,1.4186568225415355,0.17611486803856838,0.210813733605324,0.04048734770384255,0.022471910112359605,-0.029196264881384246,0.01963610160331478,0.0
2017-04-13,54.31,55.51,-0.006844407122705795,-0.021440878520188604,-0.02168254752927108,-0.5029679887739836,-0.021854812655315907,54.11999999999999,53.576499999999996,54.317,3,13,4,54.28793569800414,54.224061487258695,60.41666666666669,0.0019748053212609307,-0.22535135295854913,55.4119322594235,51.74106774057649,0.01340723215972184,0.014214341975841833,0.015770054389473577,421527018.0,0.7992667626212401,0,0,-1,0,0,-0.003242658980363893,-0.37542186272166705,0.2768537837550675,0.22564568351102385,0.0174222555264143,0.002954755309326096,-0.7134412110168395,0.019885840545019302,0.0
2017-04-17,54.72,54.31,-0.016032407531048773,-0.011625925679049035,-0.0025820744703600965,-0.38862503996638675,0.007520901267540965,54.215999999999994,53.65350000000001,54.179,0,17,4,54.36649284382156,54.256057520338786,61.08433734939758,0.04114470818232263,-0.17205214073037478,55.54718229425214,51.75981770574788,0.013532267587291143,0.013630804111736693,0.015206139305536609,424379373.0,1.1263769041270821,0,0,-1,0,0,0.0025777941447247387,-1.1458239068680893,0.23314080337417117,0.2163823070969518,0.0033003300330032292,0.028958254983076248,-0.992110852042155,0.010599415204678332,0.0
2017-04-18,54.42,54.72,0.00384933112095236,0.006193098118563445,-0.006298649945671326,0.23835612843535572,-0.005497539959194719,54.257999999999996,53.702,54.074333333333335,1,18,4,54.376221417672184,54.26663445451048,51.5775034293553,0.04743286902009913,-0.12815513878028,55.623223294506246,51.78077670549375,0.013683805068115996,0.01369002591855679,0.01475728492890657,420759275.0,0.747440448024058,0,0,-1,0,0,-0.001096491228070217,-0.599142304304497,0.23246819272433103,0.21732242413517913,0.003688675765400218,0.018147801683816578,-1.0207079999751278,0.023153252480705586,0.0
2017-04-19,54.65,54.42,0.002192983335010308,0.00036673862658943737,0.012374338339928634,-0.2286930949700517,0.004217481267447167,54.416,53.8405,54.001666666666665,2,19,4,54.42599934173178,54.29136771550981,58.590308370044085,0.07016652359078535,-0.08849080630606694,55.60136671242667,52.07963328757333,0.012127126040880594,0.011682396358260558,0.014648338104388346,423639326.0,0.9194335883428904,0,0,-1,0,0,0.0066152149944873105,-0.9795443177276028,0.19903432397807772,0.18545229288746443,-0.007446422084998239,0.05339244410177324,-1.3747028919311912,0.011165599268069645,0.0
2017-04-20,55.95,54.65,0.002552417064838131,0.01860950416143882,0.008043919058513547,0.3961169694930758,0.02350922013538675,54.676,54.015,53.977333333333334,3,20,4,54.703090370507816,54.39837624999305,63.65979381443304,0.19088187661806444,-0.03261626972124066,55.88798242327032,52.14201757672968,0.01380872224588492,0.01247885036235522,0.015337153132200613,427919206.0,2.066223340869796,0,0,-1,0,0,0.004940530649588346,-0.007406010364384669,0.2660778314297797,0.198095608240681,0.007926499729778547,0.06652687762104459,-0.1797799365389923,0.021537086684539734,0.0
2017-04-21,55.63,55.95,0.01643377842249868,0.0004453351220338586,0.007618393459009483,-0.11154514260265623,-0.0057358106707323464,54.900999999999996,54.17800000000001,53.953,4,21,4,54.87161939405185,54.47783584676769,61.672908863920135,0.25775707484036303,0.025458399191080082,56.01528174500022,52.3407182549998,0.014164030249603844,0.012595109775672382,0.015338041350347765,424091063.0,1.5805959036509367,0,0,-1,0,0,-0.002144772117962548,-0.3458630133508207,0.19194080166137195,0.1999411692119259,0.024304916221690398,0.06224937941569619,1.0579526545978521,0.014560488944813862,0.0
2017-04-24,56.49,55.63,0.006605397577376313,0.009747529549254263,0.012748175159388942,-0.06882004991635945,0.015341007249968924,55.096000000000004,54.372,53.97333333333333,0,24,4,55.16587041331515,54.607652888911716,64.4264194669757,0.37581875920437824,0.09553047119373971,56.32772681333709,52.41627318666291,0.013422297686494476,0.01289380820368902,0.015519811645436404,427664614.0,2.165946680851631,0,0,-1,0,0,0.010246269998202414,-0.5146252728284051,0.20654961762866403,0.2046828597571536,0.03234649122807021,0.07375023759741506,0.4581278803830455,0.011506461320587814,0.0
2017-04-25,57.09,56.49,0.0127300163220061,0.019906367116802937,0.015226923096863696,0.39673482214005185,0.010565338638997177,55.383,54.5825,54.059999999999995,1,25,4,55.515712156348755,54.76780431543354,74.21686746987956,0.5118976428604753,0.17880390552708686,56.756188352229,52.408811647771,0.013139853895318005,0.012985272890504359,0.014859281510980602,432978347.0,2.307138461158602,0,0,-1,0,0,0.007611966719773406,0.6356562224402265,0.1775174700445752,0.20613481664750036,0.04906284454244769,0.0796142208774584,-0.23984363654279625,0.01629006831318982,0.0
2017-04-26,56.94,57.09,0.005081935058785661,-0.005547864437717979,-0.0035205105890958573,0.017476188511538683,-0.0026308881262764113,55.571000000000005,54.720000000000006,54.19533333333334,2,26,4,55.77467358246716,54.90794597250234,71.97062423500611,0.6007127495100022,0.26318567432366996,57.12477594973117,52.31522405026884,0.012815694433372507,0.012083194764542025,0.013675317407572022,427570934.0,1.8463258502299724,0,0,-1,0,0,0.0021019442984760456,0.8001157863790361,0.1964315788992901,0.19181477034081518,0.04190301921317463,0.050747370363535715,0.005792065058827322,0.01422550052687043,0.0
2017-04-27,55.75,56.94,-0.028365667080964767,-0.019309007838941065,-0.039382955197604735,0.6403515344532071,-0.021120671509663323,55.595000000000006,54.8335,54.24400000000001,3,27,4,55.77018747656403,54.96227203879251,62.70096463022507,0.5685227305088034,0.32425308556069665,57.20591404924118,52.46108595075882,0.014770392732957407,0.012723510048384349,0.013540813963350365,417312273.0,0.7726307305363855,0,0,-1,0,0,-0.023357920618194562,2.954406940034745,0.22814458024563425,0.2019794603511383,-0.00357462019660415,0.04244577412116679,-0.40288614073280493,0.034080717488789214,0.0
2017-04-28,56.22,55.75,0.005559056726082314,-0.0005318677547595212,0.020694149269412796,-0.7162547659509338,0.008395155138157697,55.786,54.95300000000001,54.312999999999995,4,28,4,55.85197157173421,55.04341577822525,59.72222222222223,0.5743166161288542,0.3742657916743282,57.35319385181699,52.55280614818303,0.012671490658800843,0.012764657176627756,0.013590308098510423,422324436.0,1.0557480588835384,0,0,-1,0,0,0.0030493273542601205,0.16127256534186452,0.2303750870992952,0.20263265076211753,0.010605788243753356,0.04439903399591305,-1.2623329155386223,0.012984702952685948,0.0
2017-05-01,56.28,56.22,0.01067245989077198,0.014692038043165828,0.009121050446596758,-0.1870700492597114,0.0010666667678024464,55.94200000000001,55.07900000000001,54.416333333333334,0,1,5,55.929794922327986,55.12319540543653,62.29116945107401,0.5770973912883903,0.4148321115971407,57.480077828148495,52.67792217185152,0.01260894263298877,0.01274093589032381,0.013095865626437534,426481452.0,1.0003840657894085,0,0,-1,0,0,0.0053361792956244086,-0.33143243942484524,0.19865070996211254,0.20225608701608472,-0.0037174721189591198,0.046875,-1.2897010582080444,0.018738450604122256,0.0
2017-05-02,58.33,56.28,-0.0030123173305413643,0.021358883820843305,0.002311728601303352,0.16323145850796383,0.0357773085193578,56.333000000000006,55.295500000000004,54.579,1,2,5,56.36619584554107,55.33008602444063,67.04900938477581,0.7362322163702117,0.4791121325517549,58.0428200338521,52.548179966147906,0.01602098013383182,0.014847585517063699,0.014524737265500251,431375545.0,2.209061894944387,0,0,-1,0,0,0.0012437810945273681,0.032198342286126454,0.33131323216942865,0.23569811308748947,0.02172009108425277,0.08018518518518514,0.729629083651817,0.03703068746785537,0.0
2017-05-03,58.16,58.33,0.030583423372080185,-0.0006844627235049213,0.02698604270486471,-0.19601648623621792,-0.0029187075402823384,56.684000000000005,55.55,54.788333333333334,2,3,5,56.692342055442694,55.51266111963801,64.23200859291084,0.8389591338403548,0.5510815328094749,58.37130988614652,52.728690113853474,0.016318538670536446,0.014098644674258077,0.01323620705915457,427352607.0,1.8502044123659616,0,0,-1,0,0,-0.00394308246185491,-0.4518236775176045,0.33170713031498866,0.22380904578691269,0.021426062521952893,0.09591106086301115,0.7387015912370056,0.009972489683631333,0.0
2017-05-04,58.34,58.16,0.005492633101729277,0.003929278139889557,-0.005200219727107487,-0.04464295727343374,0.003090131214311565,56.923,55.7995,54.98433333333333,3,4,5,56.99191622718038,55.69507007966137,74.30639324487333,0.9242413724982654,0.6257135007472331,58.683506533313384,52.91549346668662,0.015132358861689017,0.014102256742577594,0.013165000011578257,431199899.0,1.7617851906051472,0,0,-1,0,0,0.004470426409903802,-0.5182943628177542,0.2499876559087293,0.2238663855938648,0.046457399103139174,0.09353327085285845,1.8750099897538255,0.01902639698320191,0.0
2017-05-05,58.4,58.34,-0.00034240712541362786,-0.0017064850557581871,0.0069276342178024785,-0.46210104487954834,0.0010279253946058418,57.2,56.0505,55.18533333333333,4,5,5,57.247931458602125,55.86958168742515,73.17380352644835,0.9853116008200118,0.6976331207617888,58.921652161907424,53.179347838092575,0.014782647192597045,0.01409566034701855,0.01313607385668891,433623534.0,1.636625206543653,0,0,-1,0,0,0.0010284538909838047,-1.26092547243491,0.2568894516231554,0.22376167106067296,0.03877623621487025,0.09404271262645181,2.1329038347795324,0.010445205479452045,0.0
2017-05-08,57.48,58.4,0.0017108644036293876,0.0030695794907018717,-0.011980349906855252,0.40262801500113016,-0.015878828623357214,57.299,56.197500000000005,55.34766666666666,0,8,5,57.29012573885628,55.97347964307515,67.87383177570089,0.9485397101795527,0.7478144386453417,59.04397057543647,53.35102942456354,0.015594380699006974,0.014189408544021738,0.013606431949636767,429998381.0,0.9011159370957763,0,0,-1,0,0,0.001712328767123312,-0.5375684620786844,0.3072374769428861,0.2252498775514597,0.021321961620468954,0.053905390539053855,1.3986117683230666,0.025748086290883734,0.0
2017-05-09,58.28,57.48,-0.012903404835907841,-0.0028987998813718497,0.0071360497759069925,0.20901126190535854,0.013821920116179942,57.41799999999999,56.4005,55.52766666666667,1,9,5,57.47010287724605,56.12228740803805,69.87951807228913,0.9727379188210321,0.7927991346804798,59.23221865239101,53.56878134760899,0.015833476388881735,0.014248507600554454,0.01374674307488812,434466233.0,1.3274623864295352,0,0,-1,0,0,0.00469728601252615,-0.04987433893104112,0.17040705347164015,0.22618804598928438,-0.0008571918395335887,0.07488011803762462,-0.3483790941434861,0.015442690459849102,0.0
2017-05-10,58.37,58.28,0.007246408520767253,0.0005121639036410762,0.005361943141385373,0.12276955419636919,0.0015430778886954914,57.561,56.565999999999995,55.667,2,10,5,57.63372053592859,56.2673011236485,65.27777777777771,0.9877907840663909,0.831797464557662,59.45418573538623,53.67781426461376,0.015747552475773065,0.01398043568711706,0.013138455707145238,439517693.0,1.2492271379207205,0,0,-1,0,0,-0.0018874399450926464,0.3047390052893835,0.16874121454361604,0.22193253629066492,0.003610729023383774,0.0601162368325463,-0.7703462562435797,0.010621894808977293,0.0
2017-05-11,58.09,58.37,0.0005155968147220496,-0.0034193912612510598,-0.008860946872820052,-0.6599145305154576,-0.004808527211258374,57.795,56.69500000000001,55.82066666666666,3,11,5,57.716680438487025,56.38489459954215,65.60913705583755,0.9659912820897745,0.8586362280640845,59.61488824587592,53.7751117541241,0.013778539272612703,0.014029340901216311,0.012881995125338172,436906616.0,0.9555160215260392,0,0,-1,0,0,-0.0029124550282678533,-1.0342605431343355,0.17116427157332703,0.22270888249659085,-0.004285224545766186,0.04647811205188268,-0.061060796247058916,0.016033740747116602,0.0
2017-05-12,57.22,58.09,-0.005513452974109007,-0.0028298265250415494,-0.006435718502653607,0.16178741202564112,-0.015090044382476984,57.894999999999996,56.8405,55.93366666666667,4,12,5,57.626374904216654,56.43877236731363,54.62610899873255,0.8685017431384097,0.8606093310789495,59.5418172225463,54.1391827774537,0.014921638268129398,0.013500406806006603,0.013262203925605438,433837007.0,0.2809740350615155,0,0,-1,0,0,-0.0036150800482010817,-0.711615084985551,0.1962053368406262,0.21431231404138376,-0.020205479452054753,0.05358129257963529,0.662046077810443,0.019835721775602902,0.0
2017-05-15,58.03,57.22,-0.011118947075032944,0.0018874405054156238,0.002623984712082328,0.19067908073761933,0.014056630580552742,58.07000000000001,57.00599999999999,56.076,0,15,5,57.69976128526817,56.54143221458372,55.80246913580245,0.8468389790809212,0.8578552606793439,59.561978749599476,54.45002125040051,0.015410069241860684,0.013704609711581528,0.013423885127484643,437551452.0,0.8012586177881704,0,0,-1,0,0,0.00034952813701508433,-0.3576798477430608,0.19833827838312504,0.2175539346722721,0.009568545581071675,0.06048976608187129,-0.35455996831088477,0.018869550232638272,0.0
2017-05-16,58.27,58.03,0.015084811398763947,0.004875384907893421,0.007137292026817768,0.24134449388823764,0.004127262952466011,58.064,57.1985,56.218333333333334,1,16,5,57.80344105158304,56.65295271686865,58.11965811965815,0.8393614405278385,0.8541564966490429,59.50186390158847,54.895136098411534,0.010155291008529882,0.013558171553470305,0.01342247768309774,442279790.0,0.9303783907189487,0,0,-1,0,0,0.001378597277270348,0.22566123276444744,0.171560835393962,0.2152293009793962,-0.00017158544955386823,0.07074604924660055,-0.19014832240007942,0.016648361077741584,0.0
2017-05-17,57.04,58.27,-0.007080592572960232,-0.010807059295364407,-0.014368123513707936,-0.11953812448001447,-0.021334605048942443,57.952,57.318000000000005,56.350666666666676,2,17,5,57.664633587658855,56.677923509328735,57.83718104495746,0.7258179394902058,0.8284887852172755,59.288611446649774,55.347388553350235,0.012156813738949066,0.014628999491086746,0.013637685126263616,438084193.0,-0.28214593036352476,0,0,-1,0,0,-0.00978204908186031,-0.14252714594222712,0.22566310034955028,0.23222816749863592,-0.02278567757409622,0.04373284537968902,0.21026506004658585,0.020378681626928564,0.0
2017-05-18,57.29,57.04,-0.009927800777682672,-0.003627886850260065,0.0023271439023601916,-0.15953466543506473,0.004373312314445999,57.846999999999994,57.385000000000005,56.482,3,18,5,57.59651838990269,56.7174123151785,56.67915106117352,0.6485309464893305,0.7924972174716867,59.247951817323006,55.522048182677004,0.012221977361271246,0.013741493379898509,0.013632383317860165,441661109.0,-0.10198868174327531,0,0,-1,0,0,0.0015778401122020233,-0.5030474948860024,0.23419760138009735,0.21813944475511124,-0.013771733516956486,0.02394995531724753,-0.34663333103393607,0.014313143655088153,0.0
2017-05-19,58.04,57.29,0.007324762431520415,0.009988028616495722,0.008913805415929768,-0.053896744425536026,0.013006339595500713,57.811,57.5055,56.63733333333334,4,19,5,57.677151409920384,56.80274055290892,60.114942528735604,0.6404168528676806,0.7620811445508855,59.19409299885208,55.81690700114792,0.013090762574345043,0.013880726813086802,0.013763294222259605,445050344.0,0.6330714391962518,0,0,-1,0,0,0.004538313841857183,-0.6016294756032726,0.22599482898222942,0.22034970698552295,0.014330653617616207,0.04332194858889071,-1.6499724431228453,0.015334252239834607,0.0
2017-05-22,58.92,58.04,0.014661754666289764,0.01833667675491886,0.013652679011638441,0.5314933332215027,0.015048163578442414,57.955,57.626999999999995,56.78333333333333,0,22,5,57.90312388084394,56.939337936592224,53.91766268260293,0.6969608894562143,0.7490570935319514,59.357118340942876,55.896881659057115,0.012744880557914619,0.013865945621590799,0.013502916940789658,450817030.0,1.4946954429664598,0,0,-1,0,0,0.0062026188835285915,0.7852817247353693,0.2292324968154442,0.22011506284484506,0.015336894709633064,0.04301646309081253,-1.5932435810231032,0.020027155465037333,0.0
2017-05-23,59.64,58.92,0.014449890181059223,0.006372652792298262,0.009396156940576167,-0.6667042638573334,0.01214589830210812,58.090999999999994,57.75449999999999,56.964000000000006,1,23,5,58.21891953887231,57.11357419874757,59.15841584158417,0.7907550960203693,0.757396694029635,59.68251479574567,55.82648520425432,0.012586948365507469,0.01392154768430911,0.013512559849134811,453777634.0,1.9558978532327862,0,0,-1,0,0,0.005600814663951091,-0.8405018841556915,0.23845998253038608,0.22099771822685427,0.023511240775699216,0.04466631634261686,-1.8639977672491101,0.016934942991280986,0.0
2017-05-24,59.58,59.64,0.009407091041225118,0.0032544777755060604,0.009308690387260364,0.053861445498894545,-0.0010065426114015058,58.212,57.8865,57.11466666666667,2,24,5,58.46638871362279,57.27269844398967,57.78894472361805,0.8504428066216931,0.7760059165480466,59.937299843959075,55.83570015604092,0.012631542280615811,0.013896170244699834,0.013332457088394917,450653195.0,1.6515507400572944,0,0,-1,0,0,0.002850435949027527,-0.6723715589488648,0.10832258325754425,0.22059486386214805,0.04453015427769991,0.04636459430979989,-0.8338299083529841,0.010993622020812372,0.0
2017-05-25,60.92,59.58,-0.0005017142006738266,0.019389246497141084,0.007050557996666762,0.7776615415599347,0.02224158074182481,58.49499999999999,58.144999999999996,57.294999999999995,3,25,5,58.91249985660046,57.508008221796786,63.63636363636363,0.9944096134276066,0.8196866559239586,60.35876079152371,55.931239208476285,0.01385777020054866,0.013453796899932332,0.013783075465608547,457453152.0,2.5070459379579106,0,0,-1,0,0,0.0033568311513931326,2.50556691512649,0.13509284794248944,0.21357240472075617,0.06336184325362204,0.09273542600896856,-0.9148421169776945,0.023145108338804933,0.0
2017-05-26,60.67,60.92,0.01774066257774429,-0.0006539153412678228,0.011972208181003991,-0.32193334772814086,-0.004112186072754587,58.84000000000001,58.36749999999999,57.507,4,26,5,59.23204533721856,57.71200769135829,68.61143523920653,1.075928796954436,0.8709350841300542,60.659746657064716,56.07525334293527,0.012487702968923892,0.013554080367837472,0.013047066967299585,452524907.0,2.0089461078751585,0,0,-1,0,0,-0.0011490479317137275,0.7930072280370828,0.1778646842490581,0.21516435542088494,0.04531357684355619,0.07915332621842763,-0.13558501978465765,0.010713697049612635,0.0
2017-05-30,59.48,60.67,-0.004777210304342795,-0.009365056534090171,-0.017675964627292148,-0.26601265440438554,-0.019809220362252224,58.98499999999999,58.527499999999996,57.66566666666667,1,30,5,59.27712800317882,57.82607171127066,56.696428571428534,1.0326070313762585,0.9032694735792951,60.64640612295045,56.40859387704954,0.014434140327863654,0.014535214894869551,0.013702564519558194,448747755.0,0.8990487966250237,0,0,-1,0,0,-0.0018130871930113635,-0.24989163112917903,0.2556965534937555,0.23073938318824008,0.00950441276306857,0.056858564321250915,-0.0671048867573973,0.019166106254203105,0.0
2017-05-31,60.09,59.48,-0.011125062852822287,-0.006292453284315767,-0.005228990576765077,0.07913693494490154,0.010203316753882342,59.166999999999994,58.6155,57.85466666666666,2,31,5,59.42492291169175,57.9721316008661,59.071729957805914,1.035558844312142,0.9297273477258645,60.843262389291105,56.38773761070889,0.014636452741962432,0.012372456495732346,0.013672813457799839,452835965.0,1.323749792247101,0,0,-1,0,0,0.006893073301950298,0.07464700735764337,0.251087542223517,0.1964066579680408,0.007545271629778805,0.03017315275158583,0.00017500097424132002,0.017806623398235983,0.0
2017-06-01,60.3,60.09,0.004830524925528061,0.006622540760493457,0.015605652722445745,0.1371281134161396,0.0034886653873031784,59.49300000000001,58.72249999999999,58.043,3,1,6,59.5840278368387,58.122316658874745,61.74282678002119,1.0428224146258742,0.9523463611058665,61.06096440842184,56.38403559157814,0.011915487587190231,0.012333397539289552,0.013671939668503339,457525040.0,1.3491759757546269,0,0,-1,0,0,0.001497753369945021,0.5997064227558646,0.2501709602640529,0.19578661625673677,0.012084592145015005,0.03679504814305368,-0.2831946614444054,0.008955223880597002,0.0
2017-06-02,60.36,60.3,0.010249717770222176,0.01050567771421432,0.0029925209364539294,0.1300326393127567,0.0009945301665083635,59.8,58.8235,58.190000000000005,4,2,6,59.72511368468621,58.26668332604412,68.25581395348833,1.04141555473349,0.9701601998313912,61.26464101879966,56.38235898120035,0.012002958277436986,0.012331455159554382,0.013120655070262057,462865266.0,1.258837558475435,0,0,-1,0,0,0.008291873963515755,1.096383372631834,0.17816252973213262,0.1957557819343513,-0.009192383453709874,0.034624614329790804,-1.105707876455339,0.01656726308813784,0.0
2017-06-05,60.99,60.36,-0.009917436657345916,-0.000816793315033914,-0.007916378161693905,-0.018653961375595832,0.010383282408716912,60.09499999999999,58.952999999999996,58.36866666666667,0,5,6,59.955093014743255,58.44238117597676,67.57719714964367,1.0787017408037514,0.9918685080258633,61.568138921535386,56.337861078464606,0.011839741582261584,0.012480026650963542,0.013098327851942777,468106799.0,1.5578522297423874,0,0,-1,0,0,-0.002650762094101998,0.921456590265094,0.19536581252773697,0.19811428124344693,0.005274435470578487,0.04434931506849327,-1.6357622095611422,0.023364485981308365,0.0
2017-06-06,60.1,60.99,0.007612149945659601,-0.0001634387516917095,0.004257634682276758,0.010396527677169505,-0.014700074767203093,60.213,59.08399999999999,58.489000000000004,1,6,6,59.981439739335386,58.549324325913744,60.088202866593136,1.0246245163197187,0.9984197096846344,61.650491768929285,56.51750823107069,0.012717689653570468,0.01239431137595431,0.013272754539253407,462810488.0,0.7917422625702571,0,0,-1,0,0,-0.00541072306935572,0.8835685479257963,0.16224471705650761,0.19675359343604332,0.010423671822461511,0.045581071677105234,-1.3856856848916463,0.019301164725457513,0.0
2017-06-07,59.96,60.1,-0.019476271060620692,-0.013742244652896184,-0.027190731960003194,0.252340004244463,-0.002332168306764983,60.245000000000005,59.16799999999999,58.584666666666664,2,7,6,59.97754160491077,58.640335659725764,68.2957393483709,0.9594115966661931,0.9906180870809462,61.73366478509088,56.602335214909104,0.012249549260889388,0.012122521497756361,0.013198190636410007,455993958.0,0.6173838488974328,0,0,-1,0,0,-0.010149750415973368,1.9407179297275061,0.14629445799305232,0.19243906287658546,-0.0021634215343651064,0.028826355525051417,-0.815783899525478,0.032271514342895304,0.0
2017-06-08,59.16,59.96,0.010201610341347547,-0.004068252528699267,0.0070798265612082144,-0.23340113662460665,-0.013432035391798016,60.202999999999996,59.2075,58.65866666666667,3,8,6,59.82889767674517,58.673862391356366,60.96131301289562,0.8335677240411741,0.9592080144729919,61.745612643177104,56.6693873568229,0.01302612282775085,0.012567966454500739,0.013462237341719153,450596385.0,-0.03742938685380652,0,0,-1,0,0,0.0023348899266177545,0.7517532552171486,0.1656178696363642,0.19951028234646676,-0.018905472636815968,0.013534349837245108,0.3043529893008987,0.02155172413793101,0.0
2017-06-09,59.46,59.16,-0.011547279173511863,-0.005673300716600068,0.004833180222851873,0.04441344348748376,0.005058179727352745,60.057,59.275999999999996,58.78233333333333,4,9,6,59.76182537188241,58.72458094675273,58.78712871287127,0.749404373989762,0.917247286376346,61.76050694038552,56.791493059614474,0.010512821387950282,0.012532491932381871,0.012800030304453298,456239086.0,0.14811791990522938,0,0,-1,0,0,0.0042258282623394185,0.8680367063603915,0.1752481620770491,0.19894714176603445,-0.01491053677932408,0.023584093647787796,0.06714845249426528,0.010931718802556317,0.0
2017-06-12,58.99,59.46,0.0008412552023015428,-0.005032723254610195,-0.02535684938770315,0.0740258652453415,-0.007935879554967705,59.888999999999996,59.36450000000001,58.87466666666667,0,12,6,59.621493486085605,58.741704756639656,50.45632333767927,0.6374313290891962,0.8612840949189161,61.65951496382752,57.069485036172495,0.01065015895827957,0.012144584766320974,0.012874337094895523,450162830.0,-0.326359527848509,0,0,-1,0,0,0.0,1.1271151510464228,0.129328053979269,0.19278930640697264,-0.03279226102639776,0.030933240125830208,0.6656963951066303,0.031022207153754845,0.0
2017-06-13,59.21,58.99,-0.009802343149330787,0.0015124782313575191,0.017800031427012194,-0.1918591883677087,0.0037225085287007553,59.862,59.423500000000004,58.97233333333333,1,13,6,59.54667648861549,58.77191735298549,47.001394700139485,0.5599888428669431,0.8010250445085215,61.63314655425217,57.21385344574784,0.008969424163396762,0.011795767856555825,0.012879111772037717,455178312.0,-0.19324357516739635,0,0,-1,0,0,-0.0018647228343786986,0.1536429836780816,0.1234444595111216,0.18725200962897678,-0.01480865224625627,0.020334309839738163,-0.37742299297058696,0.014946799527106874,0.0
2017-06-14,59.53,59.21,0.01248961382930454,0.008860711654570133,0.00620249237701085,-0.17288446586721243,0.005389940621614035,59.806000000000004,59.4865,59.01233333333333,2,14,6,59.54364439977631,58.8208259108574,49.66352624495291,0.5184599565917622,0.7445120269251697,61.62848407777819,57.34451592222181,0.008443756716871113,0.011816497711895422,0.011127198766435439,459397510.0,0.04061654841535781,0,0,-1,0,0,0.0069245059956087925,-0.5272618887461931,0.13734218671122259,0.1875810858806343,-0.0071714476317544795,0.021623476917796536,-0.8041593355490296,0.01763816563077435,0.0
2017-06-15,60.11,59.53,-0.0063940988503272955,0.0021614440204773097,-0.0006778512376141147,0.1823773320314542,0.009695829885771917,59.787,59.64,59.07733333333333,3,15,6,59.646618145271525,58.903998432737566,43.92803598200899,0.5262825105745463,0.7008661236550451,61.45951989039978,57.82048010960022,0.009017108681436677,0.01072279382526917,0.011223446609619377,464460830.0,0.5166197989698603,0,0,-1,0,0,-0.004871493364690058,0.18021896029170453,0.10492808029139275,0.17021907492888724,0.016058147396889932,0.05382187938288929,-1.5529435100144853,0.020296123773082663,0.0
2017-06-16,60.29,60.11,0.012914225601823462,0.005961269516499446,0.016976624207116844,0.2037501811676539,0.002990035450243409,59.78000000000001,59.79,59.14233333333333,4,16,6,59.76359666431306,58.99341788868998,47.12121212121211,0.5407727450559392,0.6688474479352239,61.253636423067135,58.32636357693286,0.009070504894319396,0.010715675731321308,0.011222864971659509,470668419.0,0.683229785922135,0,0,-1,0,0,-0.0016636167027117188,1.0840590054467452,0.10363381789370556,0.17010607869051822,0.013958964009417985,0.05236515971373712,-1.302933864401499,0.009454304196384149,0.0
2017-06-19,60.92,60.29,0.010443526332694889,0.008548465668819727,0.00672732074942653,-0.22344206117783522,0.01039527552564683,59.773,59.934000000000005,59.22633333333333,0,19,6,59.97385181625614,59.1177135087745,61.92052980132451,0.5962192507600932,0.6543218085001978,61.22976476096967,58.63823523903034,0.009072066672793463,0.010595278797361381,0.011350214612299663,475633008.0,1.521881177355272,0,0,-1,0,0,0.00580527450655169,-0.10053995312758367,0.05457323637708816,0.16819483661528242,0.032717409730462776,0.049620951068228836,0.36030601944558915,0.011244254760341469,0.0
2017-06-20,60.33,60.92,0.003457078099419893,-0.0003274394266322729,-0.0028183042527111677,-0.02625147354750742,-0.009732035574290773,59.79600000000001,60.00449999999999,59.321333333333335,1,20,6,60.038606031482296,59.19592554046647,51.99335548172752,0.5858001968159385,0.640617486163346,61.21884366070608,58.79015633929391,0.008299455839391331,0.010485851829914832,0.011083587140211834,470797051.0,0.5360920644337882,0,0,-1,0,0,-0.0011490479317137275,-0.18028435072183785,0.12911085746611345,0.16645773735975722,0.018915723695321685,0.02393075356415464,-1.4945221485796654,0.013840543676446227,0.0
2017-06-21,61.03,60.33,-0.0070916434750102125,0.004898739703986176,0.003066597239709972,-0.20198986106549907,0.011536054103733354,59.903,60.074,59.413,2,21,6,60.21885948030369,59.314252924952505,55.6067588325653,0.6268017904857217,0.6378543470278213,61.35763628230289,58.790363717697105,0.008933127587988025,0.01045268316919806,0.011003167600443307,474748527.0,1.489518507976265,0,0,-1,0,0,0.0014917951268026424,-1.1671572720405303,0.14097390704770868,0.16593120119429128,0.025197379472534864,0.023306505700871893,-1.5695963408219598,0.015564476486973611,0.0
2017-06-22,61.52,61.03,0.02387684974633943,0.014881412327024663,0.010373024598187659,0.32805570865890726,0.007996778640985037,60.138999999999996,60.17099999999999,59.518,3,22,6,60.45543048388484,59.4565591878588,58.357348703170025,0.6908708249508209,0.6484576426124212,61.58412494325319,58.7578750567468,0.007316463335298859,0.010546928302855349,0.011065618585553046,480234228.0,1.909243774148434,0,0,-1,0,0,0.013927576601671331,0.3465680547462225,0.13784725594588956,0.16742729630990266,0.02345699550823488,0.03256126216851296,-1.5309948710237125,0.020156046814044246,0.0
2017-06-23,61.92,61.52,-0.004372830678386137,-0.0016066841502562713,0.004331310657275772,-0.07698777280815622,0.0064809040840831415,60.385000000000005,60.221000000000004,59.64566666666667,4,23,6,60.721715850451226,59.615490853158235,56.92995529061102,0.765103022039419,0.6717867184978208,61.80602067062135,58.63597932937866,0.007354859190406127,0.009431577863066993,0.011025100242184628,485313445.0,2.1438206220162015,0,0,-1,0,0,0.0014629388816644392,-0.03505882361922239,0.13739658054228476,0.1497216569797036,0.02703599270194057,0.01641497045305318,-1.9454957573823237,0.014131136950904392,0.0
2017-06-26,61.75,61.92,0.007921793912953822,0.008964362896095434,0.004799683812489953,-0.1767643958706461,-0.0027492537733851408,60.661,60.275,59.79666666666667,0,26,6,60.90867660491463,59.75320112069642,63.77295492487474,0.8009817744929961,0.697625729696856,61.992482858255705,58.55751714174429,0.0065580846195385486,0.009398811925192629,0.010585806889323188,481057177.0,1.7176299523571708,0,0,-1,0,0,0.0029069767441860417,-1.044029677255232,0.1386502503261833,0.14920151384116745,0.013624425476034041,0.017801219713202476,-0.7419323687528918,0.01846153846153847,0.0
2017-06-27,61.51,61.75,-0.005652013431346529,-0.00856244978429864,-0.0024376383241407665,-0.41654008400516707,-0.0038942122878096704,60.891000000000005,60.3765,59.912666666666674,1,27,6,61.01800813129378,59.866542983877295,62.72577996715922,0.8008186116062745,0.7182643060787397,62.13559396534934,58.617406034650664,0.007091293003125091,0.00816714977096039,0.010417665013438453,478250917.0,1.2887316110767277,0,0,-1,0,0,0.0,-2.4943276219095387,0.10881436744372311,0.12964948328507594,0.019559091662522787,0.03412911903160731,-0.28555396770706437,0.012274426922451676,0.0
2017-06-28,62.01,61.51,0.0009711881630954002,0.0037701083439921467,0.005678606968843293,-0.027069823894959964,0.00809589914150965,61.138999999999996,60.472500000000004,60.037333333333336,2,28,6,61.198370289240366,60.00483053330457,74.61139896373052,0.8314506792978023,0.7409015807225522,62.36988740044026,58.575112599559745,0.00720938534667086,0.008063227451095889,0.010471319022604059,480982231.0,1.6206495306580424,0,0,-1,0,0,0.004877255730775553,-2.2069711680485278,0.09527424427423013,0.12799976760089368,0.01605767655251511,0.03195207189216176,-0.5784007211349581,0.010320915981293349,0.0
2017-06-29,61.81,62.01,0.00757518329461556,0.003995211067288247,-0.009427898181318875,0.154161663491255,-0.003230498690604545,61.30899999999999,60.548,60.19633333333333,3,29,6,61.309575691196656,60.12129307954299,70.65026362038664,0.8300205251609896,0.7587253696102396,62.534561165214626,58.56143883478538,0.007250437123303822,0.008120140083753,0.009573369756810234,477795663.0,1.270537270231654,0,0,-1,0,0,0.004354136429608179,-1.565541596246753,0.09284934779917724,0.12890322763570583,0.004713914174252265,0.02504145936981761,0.6304841377158626,0.023782559456398737,0.0
2017-06-30,62.14,61.81,-0.0038610086574595425,-0.0019157093981390094,0.012006676727158383,-6.810066159128236e-05,0.005324740293719284,61.49399999999999,60.637,60.358,4,30,6,61.460561929160896,60.251532235701504,78.37837837837834,0.8457658969892918,0.7761334750860501,62.7439419096186,58.5300580903814,0.007294604752429699,0.008170371836087757,0.00958066757967512,480982014.0,1.4267123295032622,0,0,-1,0,0,0.003721080731273206,-1.3922336085276517,0.08874839230208088,0.12970063198328635,0.0035529715762274705,0.029489728296885342,0.7240696722870714,0.009822980366913397,0.0
2017-07-03,62.07,62.14,0.007707167244937959,0.0024211637717128877,0.001296569433594688,-0.6310809560613804,-0.0011271235393399612,61.609,60.690999999999995,60.492333333333335,0,3,7,61.57136885113164,60.36885273662399,76.48148148148145,0.8428796111340944,0.789482702295659,62.889409951708366,58.492590048291625,0.006897756807588551,0.00790854305139403,0.009401811065493242,479286823.0,1.2545430836759033,0,0,-1,0,0,0.006115223688445487,-2.1908653432557803,0.08544606300061863,0.1255442288810191,0.005182186234817809,0.017707820954254716,0.6045925053924274,0.010982761398421127,0.0
2017-07-05,63.16,62.07,-0.006096601588374574,0.01012366132297673,0.0006444337261853917,0.6198952464188134,0.017408408961879875,61.891999999999996,60.84400000000001,60.63366666666666,2,5,7,61.86021087819861,60.548926753616,79.41653160453805,0.9179643773599793,0.8151790373085231,63.28208725718853,58.40591274281149,0.007191035795120925,0.007859712607328024,0.009524524286729726,482437731.0,1.89984996900454,0,0,-1,0,0,0.0011277589817947525,-0.990168916848146,0.130977936946926,0.12476906961257407,0.026824906519265168,0.05091514143094833,0.7061060779532764,0.020265991133628786,0.0
2017-07-06,63.36,63.16,0.012156259741493435,0.005821745653764807,0.008978735965275743,0.5740196605279401,0.0031615581187292123,62.125,61.013999999999996,60.757666666666665,3,6,7,62.132899809435216,60.730286317898845,78.06563039723659,0.9822847568547886,0.8486001812177764,63.65800334420955,58.369996655790445,0.0067626217094669625,0.0077770479579787576,0.009343136589607249,488031819.0,1.7745817191478352,0,0,-1,0,0,-0.0041165294490183345,0.9224880986996481,0.12903370244812712,0.12345680898620698,0.021770682148040565,0.056704469646430944,1.3279529330440139,0.017203282828282884,0.0
2017-07-07,64.24,63.36,0.007917697736785306,0.010146032560901769,0.011900180101103037,-0.49633206174983246,0.01379332213233577,62.397000000000006,61.267999999999994,60.913000000000004,4,7,7,62.51600893499244,60.956719458679565,80.43143297380581,1.0916835184891198,0.8972168486720451,64.12919297901041,58.406807020989575,0.007396459086447988,0.00716355057537914,0.009567592946041334,491437273.0,2.0774551187581256,0,0,-1,0,0,0.0006313131313131178,-0.7302940220440953,0.12284808668848403,0.11371783996012116,0.03931402685649554,0.08586883029073689,0.31884530470161243,0.015410958904109621,0.0
2017-07-10,63.13,64.24,-0.007281969806919453,-0.007482497887901818,-0.007599783253103095,0.40789667555672315,-0.017429977258971878,62.517999999999994,61.451499999999996,60.98666666666667,0,10,7,62.62764367408472,61.09693110650669,65.85365853658539,1.0764069526073143,0.933054869459099,64.2951542465048,58.607845753495205,0.009997118146627511,0.0086098771751861,0.009465111210750598,486316656.0,1.1805232665420513,0,0,-1,0,0,-0.020236612702366083,0.6608254268864393,0.2186110140437117,0.13667756294612232,0.015931766977792083,0.06172216616212589,-0.7311232623617375,0.015681926184064547,0.0
2017-07-11,61.81,63.13,0.0022218704585768205,-0.008643096156019969,-0.01860817247355644,0.04649076624606655,-0.021130928708352318,62.524,61.592499999999994,61.02466666666667,1,11,7,62.4789811878875,61.14293555124819,59.610389610389646,0.9468722419864406,0.9358183439645673,64.19137323762503,58.99362676237496,0.012329516540894946,0.009877273548176963,0.010256047998540435,480952357.0,0.1673802299020705,0,0,-1,0,0,-0.0007920164739427255,0.9189460363478332,0.2800081981578306,0.1567968566389968,-0.004188819075237604,0.04780471266316333,-0.2661037990867014,0.02588577900016181,0.0
2017-07-12,62.08,61.81,-0.009717320589359035,-0.010710562938181978,0.002102710034749534,-0.08249390129035508,0.00435871220378139,62.580999999999996,61.736000000000004,61.11133333333333,2,12,7,62.40643915372613,61.20339132213541,57.22145804676754,0.8561328277736635,0.9198812407263866,64.08599126537713,59.38600873462287,0.012304369954615622,0.00988288404003734,0.009529223948686365,485891895.0,0.29276704562115724,0,0,-1,0,0,0.010677883837566682,0.5678630929947948,0.23832367323823797,0.15688592043616867,-0.017099430018999384,0.048471541969261844,-0.27693654443118493,0.012806056701030955,0.0
2017-07-13,62.02,62.08,-0.0075520564603869704,-0.0034357430625099107,-0.007948780598173362,-0.0013512412303281908,-0.0009669622026603114,62.581999999999994,61.86049999999999,61.175666666666665,3,13,7,62.33617748941229,61.25607575296539,53.65497076023394,0.7704978698830516,0.8900045665577196,63.969922220714345,59.75107777928563,0.012051710567193561,0.009884164660688597,0.009391772028071824,480959027.0,0.15122624426133208,0,0,-1,0,0,-0.0012886597938144056,0.528243299248575,0.23294635594088475,0.1569062496587709,-0.021148989898989834,0.041827649924407906,-0.049281805972083675,0.017252499193808453,0.0
2017-07-14,61.93,62.02,0.0008061266055245932,-0.005457477429875957,0.0013020835172982007,-0.4029106323041801,-0.0014521987223333366,62.59400000000001,61.951499999999996,61.230000000000004,4,14,7,62.26232703679187,61.29955473664504,50.076569678407346,0.6874448644715017,0.849492626140476,63.89333066094079,60.0096693390592,0.012010607597944598,0.009744393369727907,0.00939164227956344,477662037.0,-0.022144052447477143,0,0,-1,0,0,0.0004837149306674303,-0.7555948042915268,0.17663678752769366,0.15468744920092029,-0.03595890410958902,0.03027782398935286,-0.46864222711540093,0.010495720975294779,0.0
2017-07-17,62.14,61.93,-0.0019357967006466434,0.005217333342270148,0.0016252238259592748,0.08611227440816044,0.003385189014931739,62.59400000000001,62.044000000000004,61.28933333333334,0,17,7,62.24008575737516,61.3537770117002,52.968036529680376,0.6312928532291622,0.8058526715582134,63.82191598877398,60.26608401122603,0.01193461984928773,0.00974791497474685,0.009402375509785767,481255521.0,0.10799160433468713,0,0,-1,0,0,0.0,-0.4340351663985902,0.163118775118412,0.15474335294749583,-0.01568192618406461,0.030685022391773176,-1.8922344913018767,0.014081107177341488,0.0
2017-07-18,61.57,62.14,-0.0003229974188288576,-0.0045737291366263364,-0.0026830375052965816,0.35356669558510295,-0.009215165041782535,62.544000000000004,62.076499999999996,61.30866666666667,1,18,7,62.11825198330695,61.36772688191309,50.43478260869566,0.5346348062076203,0.7516090984880948,63.790519897931915,60.362480102068076,0.012289782783911874,0.009793228509948034,0.009406185483136993,476137904.0,-0.5910083081428893,0,0,-1,0,0,-0.0037013196009012548,0.9164093395165733,0.08505270395548697,0.15546268301850083,-0.003882866850024258,0.010669730794484522,-1.0490159219844164,0.012262465486438242,0.0
2017-07-19,61.41,61.57,-0.008271882378043927,-0.009048373254766835,-0.015672115639745725,0.33154827737029136,-0.002602050581810967,62.36900000000001,62.130500000000005,61.352333333333334,2,19,7,61.98947889543295,61.370454179854185,45.426829268292664,0.4400493299803969,0.6892971447865552,63.67223483964322,60.58876516035679,0.01047340529357004,0.009527013323931093,0.008994693871854528,469008432.0,-0.9346613716879443,0,0,-1,0,0,-0.002761084943966245,2.2393614346923454,0.07192395660881815,0.15123664795392308,-0.010792525773195893,0.017901541521631037,-0.7703951209716784,0.018726591760299602,0.0
2017-07-20,60.4,61.41,-0.0008146639961763357,-0.0019496350611009322,-0.004974309709727646,-0.09710821163568728,-0.016583583400538542,62.073,62.099000000000004,61.367,3,20,7,61.70048273262696,61.307844232766826,40.4341926729986,0.2803592921387832,0.6075095742570008,63.756784190126346,60.44121580987366,0.011061007086513556,0.009929394378967123,0.00951598958955585,462538737.0,-2.0497239750736442,0,0,-1,0,0,-0.0009770395701025106,1.5301112157930052,0.1221625611749958,0.15762424917737786,-0.026120606256046508,-0.010322792069474063,-0.6778454316718553,0.022019867549668965,0.0
2017-07-21,60.28,60.4,-0.01875671968056402,-0.016148553715362533,-0.004498133365213286,-0.2366905173516163,-0.001988731182474519,61.677,62.037,61.40433333333333,4,21,7,61.4422131448766,61.24153170162058,37.01117318435752,0.14247838736670815,0.5145033368789422,63.86950303366769,60.20449696633231,0.009050260770327239,0.009728647519437703,0.009174870291921529,457432624.0,-1.917595734052805,0,0,-1,0,0,-0.003145695364238373,0.5756467118267581,0.12116679286132696,0.15443749157662548,-0.026642984014209614,-0.02015604681404426,-0.6433860871282745,0.010202388852023922,0.0
2017-07-24,59.81,60.28,0.0006641208944079466,-0.0023993723503676918,-0.0016711233835580268,-0.4201577815429167,-0.007827502701829032,61.345000000000006,61.93150000000001,61.416000000000004,0,24,7,61.145447118535394,61.14917481764506,35.05291005291002,-0.004664525344935555,0.4106697644341667,64.01774845873143,59.84525154126858,0.008232562272756358,0.009675710736733841,0.009262216654840985,454078198.0,-2.033794192749232,0,0,-1,0,0,-0.0004976775049767939,-0.6243282166550389,0.09300513962065188,0.15359714620317177,-0.03749597682652073,-0.0340762273901809,-0.8166927132945493,0.009530178899849528,0.0
2017-07-25,58.82,59.81,-0.0009963468110849977,0.0013245035048906884,-0.01771749712233897,0.782665182025585,-0.016690937930616698,61.04599999999999,61.785000000000004,61.41033333333334,1,25,7,60.72263855152895,60.99890547457119,20.911528150134018,-0.19886863615497674,0.288762084316338,64.29365029762417,59.27634970237583,0.007390253859327376,0.010231748572218927,0.009650768920094213,446741082.0,-2.3638208982798603,0,0,-1,0,0,0.0063534525998996064,1.9050244209647738,0.11338754619878225,0.16242397319658888,-0.04466460938768879,-0.04744939271255055,-0.21497902279584416,0.02890173410404617,0.0
2017-07-26,59.52,58.82,-0.022514391853393653,-0.010143930002598365,-0.0032398357267477153,-0.2840331688685401,0.011830457398987538,60.79,61.685500000000005,61.42066666666667,2,26,7,60.503976996705504,60.90349221814725,25.879396984924597,-0.29291608894170196,0.17242644966473,64.39026752575919,58.98073247424082,0.008708575747681116,0.010707158378909828,0.009873876444688503,452264035.0,-1.6012466723122023,0,0,-1,0,0,0.0005100306018361295,0.6615576713794565,0.18784729298362726,0.1699708699126614,-0.030776746458231474,-0.03235246301414396,0.9495756224788182,0.02150537634408604,0.0
2017-07-27,56.57,59.52,-0.04145941088094251,-0.024020099349722504,-0.08516539922213948,0.9510531068169987,-0.050833581169772095,60.245000000000005,61.4135,61.322,3,27,7,59.788708451849956,60.62391207504098,11.764705882352942,-0.5985895509376746,0.018223249544249073,64.94779081697133,57.879209183028664,0.016656188386965462,0.014901356160449618,0.013362617040036008,437968235.0,-2.740861038792826,0,0,-1,0,0,-0.05141129032258068,3.5158587639409253,0.3652597592847801,0.23655169558889996,-0.06341059602649002,-0.08772778584099339,-1.1383653635258006,0.08202227328972943,0.0
2017-07-28,56.56,56.57,0.0017695987629740323,-0.02918393671374224,0.03400693326561517,-0.9023294465499877,-0.00017678776674693745,59.70799999999999,61.150999999999996,61.20366666666666,4,28,7,59.2016705515136,60.36172419923189,13.213885778275483,-0.8320534935164119,-0.15183209906788314,65.28950672280685,57.012493277193144,0.016725329661625193,0.014930354197310631,0.013193639980910138,432169520.0,-2.218674660934826,0,0,-1,0,0,-0.00017677214071058883,0.2237914447237392,0.3688438482558282,0.23701202515315992,-0.06171201061712006,-0.08493771234428082,-1.1585933769743784,0.019448373408769346,0.0
2017-07-31,55.51,56.56,0.005993319543967769,0.004748096496074474,-0.00369367282641822,-0.21540974538959073,-0.018738836886247525,59.045,60.81949999999999,61.044333333333334,0,31,7,58.53045772396567,60.04870973476531,13.625866050808312,-1.0892454315081181,-0.33931476555593015,65.63174961070914,56.007250389290846,0.016369847805091278,0.015072464216456862,0.013499106896023886,427494532.0,-2.20666026474781,0,0,-1,0,0,0.006011315417255946,-0.24383932890560708,0.36822942544445236,0.23926795176998922,-0.07189433205149642,-0.10669456066945615,-0.7095624845315951,0.028375067555395407,0.0
2017-08-01,55.72,55.51,-0.01808880674352408,-0.01111416574106657,-0.0024368909109420793,-0.0007705661667076306,0.003775964209535136,58.46,60.501999999999995,60.870999999999995,1,1,8,58.01946541051736,59.769438138974,13.02325581395354,-1.2615838965271706,-0.5237685917501782,65.78203827737141,55.22196172262858,0.017038015229877475,0.015187256041390061,0.013329667811072322,432165919.0,-1.8113505049742327,0,0,-1,0,0,0.006665465681859207,-0.3212694824261175,0.38911414010283013,0.24109021549788828,-0.05270316218973137,-0.10230385049138069,-1.2647492654280195,0.019382627422828397,0.0
2017-08-02,55.7,55.72,-0.004304167333518981,-0.007121269190215366,-0.003260872454697672,-0.14139289472001335,-0.0003590019783665753,57.888999999999996,60.129,60.71666666666667,2,2,8,57.59774442678693,59.50689374291117,13.084112149532757,-1.3838253275645798,-0.6957799389130586,65.66616591008167,54.59183408991832,0.01715750386598921,0.014270339079504738,0.013274187327454666,428110463.0,-1.5997353418419291,0,0,-1,0,0,-0.001435750179468742,-0.605621025220206,0.3526257506481069,0.22653460997361555,-0.06418010752688175,-0.11811272957568075,-1.533435950699084,0.015439856373429074,0.0
2017-08-03,56.11,55.7,0.0008982305463349604,0.006766407582517234,0.00885201336139277,0.12937440219215182,0.007333902829642202,57.46,59.76650000000001,60.55266666666667,3,3,8,57.327245440098395,59.28773930788464,17.22972972972974,-1.4311218866102493,-0.8428483284524967,65.36200298759566,54.17099701240436,0.01774009602305755,0.014444468613199701,0.013139905888087172,432726043.0,-1.3069423814466332,0,0,-1,0,0,-0.00017953321364461608,-0.34718304497625735,0.15886997175124698,0.22929883062602663,-0.00813151847268867,-0.11442550505050508,-1.6678928882838944,0.013366601318837996,0.0
2017-08-04,56.58,56.11,0.00893820752252961,0.004603407562783133,0.00359066813072854,-0.27693460250835883,0.00834151611054042,57.089999999999996,59.383500000000005,60.388000000000005,4,4,8,57.19138263280777,59.11304644931144,19.584245076586427,-1.414375636442493,-0.9571537900504961,64.73294473261946,54.03405526738055,0.01836969740444989,0.014094201198518732,0.013149853024047777,436225133.0,-1.0481461684817606,0,0,-1,0,0,0.0014257708073426893,-0.820690195813598,0.1745024998116192,0.22373850779633436,0.00035360678925022704,-0.11924034869240341,-1.7347829701639297,0.014316012725344685,0.0
2017-08-07,55.37,56.58,0.010269212058528049,0.004582313270139703,-0.011535816462164233,0.44247687557839105,-0.02161763503854532,56.646,58.99549999999999,60.169666666666664,0,7,8,56.86022215411545,58.87155958161393,18.302658486707557,-1.4816613306251014,-1.0620552981654172,64.32643642410753,53.66456357589245,0.0189962294202818,0.014292134235468495,0.013458899529791561,430778597.0,-1.3601737899573418,0,0,-1,0,0,0.0033580770590315454,-0.0061487592721635315,0.1936338049065919,0.22688059734841134,-0.0025220680958385477,-0.12292095675590065,-1.8241354567067019,0.030883149720065034,0.0
2017-08-08,54.81,55.37,-0.026054293176048186,-0.025286247522332113,-0.010570537644908657,-0.02598325573662348,-0.010165271776850724,56.24499999999999,58.645500000000006,59.93833333333334,1,8,8,56.48745448973082,58.60952347957433,17.583497053045193,-1.5621653778550666,-1.1620773141033471,64.11573900180093,53.17526099819908,0.018763684408380187,0.013915711933067247,0.013509320458282527,425471757.0,-1.4023153279910698,0,0,-1,0,0,-0.0010836192884232467,-0.06388528122564172,0.1995602739031747,0.22090507854785904,-0.01633165829145722,-0.11325028312570784,-0.7438555074177414,0.015873015873015955,0.0
2017-08-09,54.69,54.81,-0.01145571215083794,0.000721110541433738,0.0003736934511578445,-0.17453861002119397,-0.0021917816993437117,55.762,58.275999999999996,59.711,2,9,8,56.16064458250703,58.35665099702115,19.268030139935405,-1.6170085444557003,-1.2530635601738178,63.76774078431305,52.784259215686944,0.017695827786359926,0.013737205878594628,0.013512830334749256,421014837.0,-1.3059611299365306,0,0,-1,0,0,-0.0023718299580369013,-0.41096586843049004,0.19832380651912315,0.21807138278193564,-0.01813285457809699,-0.11903994845360821,-0.6160777067543977,0.01626622782958496,0.0
2017-08-10,54.01,54.69,-0.003297310186550438,-0.016901810802603254,-0.01662820721653121,0.08163577813471885,-0.012511662753881558,55.50599999999999,57.8755,59.44433333333333,3,10,8,55.769618294778475,58.076221900439144,18.172588832487293,-1.6957944038213597,-1.3416097289033264,63.38586334650525,52.36513665349475,0.010507191089488343,0.013745455132885533,0.013406933974306642,416178809.0,-1.4029927817560557,0,0,-1,0,0,-0.003474126897056093,-0.2493680496140828,0.17823251582662825,0.21820233563406843,-0.03742648369274637,-0.12915188648822973,0.4153266439260876,0.01592297722643954,0.0
2017-08-11,54.14,54.01,-0.011441350127035123,-0.0034884823773774164,-0.013687285958383762,-0.13328387654165474,0.002404069581355337,55.263999999999996,57.486000000000004,59.18866666666667,4,11,8,55.4733240593642,57.822272100410814,20.18927444794953,-1.7278255539930711,-1.4188528939212754,62.88990268329369,52.08209731670632,0.010657916759304926,0.01385112360583152,0.0134647883934559,420411381.0,-1.2383642697135362,0,0,-1,0,0,-0.0024069616737640337,-0.530547102348304,0.14691609551965323,0.21987977063907868,-0.043124779073877684,-0.12578717907314707,-0.21331744534065028,0.025858884373845557,0.0
2017-08-14,54.72,54.14,0.013274531208696108,0.011338819361894193,0.027740771689178267,0.09573896957326414,0.010655989128139792,55.185,57.114999999999995,58.94133333333333,0,14,8,55.33635604857071,57.62212551328754,27.47252747252746,-1.6869630584980655,-1.4724749268366335,62.1818894226177,52.04811057738229,0.010323735686859207,0.014221087497691208,0.01363239357772769,425069207.0,-0.9453531743989262,0,0,-1,0,0,0.008496490579977851,-0.37714475270326453,0.1496019020424569,0.22575276535068464,-0.011739208957919467,-0.11940778886385583,0.40576336132087937,0.009685672514619903,0.0
2017-08-15,55.2,54.72,0.008026310874228835,0.0068071117431248405,0.005858676589318493,-0.09176207677805945,0.008733679968754631,55.132999999999996,56.7965,58.71233333333334,1,15,8,55.31156403973967,57.46585935113996,25.67567567567569,-1.5974330342954488,-1.4974665483283967,61.4698253122019,52.123174687798105,0.01071433079582636,0.014587668963110806,0.013826217282967816,429318645.0,-0.683239403784535,0,0,-1,0,0,0.005847953216374275,-0.5313689571974083,0.14771219163940097,0.23157206570715994,0.007115489874110592,-0.10345947701802827,-0.796505862830608,0.010608695652173903,0.0
2017-08-16,55.31,55.2,0.0065194001281499705,0.00638068664875684,0.0067315818645794,-0.26596424711917627,0.001990770723536911,55.093999999999994,56.491499999999995,58.45066666666666,2,16,8,55.31127966887791,57.32677165106642,39.56953642384107,-1.5003091346005704,-1.4980350655828314,60.666731604037224,52.316268395962766,0.010752905241407606,0.014669027424414637,0.013277787265665251,432575697.0,-0.5659566280622829,0,0,-1,0,0,0.003623188405797024,-0.8682768066381237,0.14415496807571485,0.23286359124112477,0.011336624611446355,-0.09933235629376314,-1.292115274870154,0.010305550533357445,0.0
2017-08-17,53.15,55.31,-0.004160266468898659,-0.009919821627265488,-0.03778565992600859,0.4642921690694262,-0.03983561921862979,54.798,56.129,58.11033333333333,3,17,8,54.91831972908192,57.05730251228795,29.181929181929164,-1.5794250635051412,-1.5143130651672934,60.130730678223564,52.12726932177643,0.015761360574156735,0.01636155728786396,0.01462513717042432,427394093.0,-1.4888558174146918,0,0,-1,0,0,-0.0025311878502983286,-0.01985730346544542,0.32538596345038145,0.2597316698725469,-0.01592297722643954,-0.12003311258278149,-2.0417122704956117,0.03885230479774233,0.0
2017-08-18,53.17,53.15,-0.03354534953657703,-0.021268627940744224,0.0002824193946755009,0.15684048866994157,0.00037622272829029456,54.456999999999994,55.7735,57.74133333333334,4,18,8,54.60044341470339,56.806508801817756,33.659217877095,-1.6218158902707742,-1.5358136301879897,59.47451138381673,52.072488616183264,0.015182950619750252,0.016402395341827754,0.014201886227637807,433455580.0,-1.4069127219571473,0,0,-1,0,0,0.003762935089369762,0.3366198943428376,0.32356113852430557,0.2603799538814431,-0.017916512744735824,-0.11794956867949569,-1.982780479753665,0.016719954861764207,0.0
2017-08-21,53.54,53.17,0.0009367682183866581,0.0008513474011395982,0.0037579901423296655,-0.16710000904248948,0.006934710575959355,54.274,55.459999999999994,57.42166666666666,0,21,8,54.40763552112095,56.59576629847468,35.10928961748634,-1.6070301745997355,-1.550056939070339,58.76207590208662,52.157924097913366,0.0146467757991674,0.016653189149811887,0.01423839807646334,438584295.0,-1.1629048252868568,0,0,-1,0,0,0.0043257476020311615,-0.1028270471483907,0.314177611504371,0.2643611821591285,-0.021564327485380064,-0.10483196789834481,-2.067927400106725,0.013728053791557704,0.0
2017-08-22,53.43,53.54,0.0031784639267198526,0.0004623849899738917,0.0014992506556412233,0.04373899010320754,-0.002056652122526494,54.136,55.1905,57.14233333333333,1,22,8,54.229883608189866,56.39152331147631,34.682860998650455,-1.5859071190215772,-1.5572269750605865,58.20524603975094,52.17575396024906,0.0144479423870507,0.01645598487043187,0.013942218350551408,433226277.0,-1.1679259060543912,0,0,-1,0,0,0.0005603287261860503,0.04130155150255034,0.2948431523456502,0.26123066127482514,-0.03206521739130441,-0.0916354981298878,-2.056804558151481,0.012726932434961627,0.0
2017-08-23,51.72,53.43,-0.005991405303334501,-0.014152936424200664,-0.03283664039831725,0.914119664426053,-0.032527832066023304,53.839,54.8005,56.797000000000004,2,23,8,53.773541133973524,56.09013471073591,24.799081515499438,-1.6876949573119546,-1.5833205715108603,57.45336716789777,52.14763283210223,0.01720184268881915,0.017047983556430963,0.014683827584980802,419860282.0,-2.322392946979783,0,0,-1,0,0,-0.0033688938798427798,2.6720425759883044,0.33079130521630584,0.2706283490726088,-0.06490688844693548,-0.13104838709677424,-0.556381465169787,0.03180587780355768,0.0
2017-08-24,50.71,51.72,-0.021640935668411253,-0.02199557769211046,-0.02319880869700757,-0.4512459084995718,-0.019721424096728998,53.509,54.50750000000001,56.42,3,24,8,53.21653365506924,55.74302924552715,18.270270270270316,-1.828780073268085,-1.6324124718623052,57.59612684529184,51.41887315470817,0.017662794964922575,0.014167663664189574,0.014856160194460639,411348359.0,-2.4590215589097433,0,0,-1,0,0,0.007540603248259872,1.4445374335024361,0.2548062060270395,0.22490468828551036,-0.045907808090310365,-0.1035884744564256,-0.7398285130524769,0.032932360481167315,0.0
2017-08-25,52.68,50.71,-0.023493945364646166,0.01427643929764283,0.006908149450428933,0.038118832064557,0.038112747068152555,53.363,54.3135,56.111666666666665,4,25,8,53.118982081420285,55.54541445549314,36.563436563436575,-1.761325049321826,-1.6581949873542094,57.34621478173471,51.28078521826529,0.022671616412328642,0.017266933581770692,0.017002792084572782,420191010.0,-1.077252638354364,0,0,-1,0,0,0.0037467955038453507,1.4380277855685228,0.4314957261122459,0.2741040729722101,-0.009215723152153465,-0.06859971711456869,0.6751935908366584,0.03929384965831422,0.0
2017-08-28,51.75,52.68,0.03304329218623885,-0.003597466721788491,0.013480716018879473,-0.055121023818505116,-0.017811444729601847,53.065999999999995,54.12550000000001,55.765333333333324,0,28,8,52.87007624843477,55.300549006751645,35.260115606936424,-1.762591625440045,-1.6790743149713767,57.30836514422143,50.942634855778586,0.02260955305811081,0.017226008845578365,0.017068562959368847,411822585.0,-1.4926802691045797,0,0,-1,0,0,-0.0013287775246773022,1.116450379528814,0.43624964079940276,0.2734544129255952,-0.03343294732909974,-0.06773554314537922,1.4648070903565682,0.02299516908212556,0.0
2017-08-29,51.46,51.75,-0.026776134971336702,-0.021230998982043225,-0.012301238783655858,-0.41828862398967637,-0.005619625291880351,52.69199999999999,53.9125,55.42833333333333,1,29,8,52.61369874871936,55.05277165147735,34.691943127962105,-1.7666313460404623,-1.696585721185194,57.21403313668295,50.61096686331705,0.022063394641471272,0.0171488683396308,0.017057674399926157,406314720.0,-1.4856734119979362,0,0,-1,0,0,-0.010241545893719829,-0.10074465549055538,0.4347070243203673,0.2722298453571134,-0.036870671907168195,-0.07645369705671212,1.608362957372093,0.01384570540225415,0.0
2017-08-30,51.52,51.46,0.0025348556031881157,0.00014530307825912027,0.0013743007954732048,-0.2633421810985314,0.0011652749425002074,52.313,53.7035,55.09866666666667,2,30,8,52.41484443077038,54.82485089976913,37.46223564954686,-1.7448774935645517,-1.7062440756610657,57.057393417002935,50.34960658299706,0.022028421252319172,0.0171684855382613,0.017095988130482513,410547398.0,-1.3020688069158668,0,0,-1,0,0,-0.0021375825884181777,-0.6434104153553494,0.37510793085111654,0.2725412587310898,-0.003866976024748614,-0.07504488330341108,1.5544365972932717,0.012616459627329164,0.0
2017-08-31,52.14,51.52,0.009689998300969201,0.01213069655445259,0.01238134266594614,0.06473706070819536,0.011962326709257416,52.212,53.504999999999995,54.82333333333334,3,31,8,52.36487271608485,54.65163471268726,40.40307101727447,-1.6584905436923734,-1.6966933692673274,56.72650994345409,50.2834900565459,0.019511736689706873,0.01735845055987587,0.017268188816608132,415063151.0,-0.8474287051471554,0,0,-1,0,0,0.006405279503105556,-0.5211479407790627,0.33978965839076253,0.27555685996104873,0.02819956616052055,-0.07075387631438246,0.9382680489432447,0.01237054085155357,0.0
2017-09-01,52.19,52.14,0.009597002641009484,0.0045827844192880265,0.005892882821241108,-0.1270876852181079,0.0009584971499661125,52.114,53.2855,54.55366666666667,4,1,9,52.33307767679669,54.492819569933246,37.2093023255814,-1.5679196793344872,-1.6709386312807595,56.209307719213356,50.36169228078664,0.019519647314359696,0.01716913424466664,0.017292767139582946,419039978.0,-0.7493652833605231,0,0,-1,0,0,0.0040276179516686005,-0.7655935747944432,0.17273365862198184,0.27255155662602437,-0.009301442672741134,-0.07758925415341111,-0.425941185455891,0.011113240084307443,0.0
2017-09-05,51.14,52.19,-0.01036875648984896,-0.00985984152013179,-0.01768581711481178,0.2519754013491823,-0.020323935792281273,51.874,53.074,54.26466666666667,1,5,9,52.11615446283365,54.27650862993755,30.5927342256214,-1.5628522536485718,-1.649321355754322,55.974797712424184,50.17320228757581,0.020057595542099325,0.01710339950370716,0.0175150856010611,413923534.0,-1.333426313538947,0,0,-1,0,0,-0.007281088331097824,-0.2728780764907051,0.18724620491590346,0.27150804996356814,-0.011787439613526574,-0.07639515983384504,-0.6730711743461665,0.01906531091122412,0.0
2017-09-06,51.67,51.14,-0.024818078866648826,0.0012498199002279342,-0.024614184293401863,0.5179151794725537,0.010310372436052812,51.698,52.91700000000001,54.02633333333333,2,6,9,52.035035469591165,54.10834678284481,33.272058823529406,-1.4987925639670294,-1.6192155973968636,55.76153381621021,50.07246618378981,0.020595846899919192,0.017318771088382492,0.017595126803246854,422511611.0,-0.8767693271169452,0,0,-1,0,0,-0.011732499022291776,1.096148239356178,0.20319889234893093,0.27492696787869303,0.004080839486980237,-0.05728881590950552,-1.3946876014716778,0.04412618540739309,0.0
2017-09-07,52.21,51.67,0.0224992372478998,0.010323165657430534,0.033787665233739154,-0.35098109219668266,0.010396705123367734,51.747,52.79299999999999,53.782666666666664,3,7,9,52.066847202392765,53.98587279685483,44.92440604751621,-1.3884461681884162,-1.5730617115551742,55.5261423981208,50.05985760187919,0.01822751395716752,0.01757112434082227,0.017551431825609167,428557592.0,-0.4266151667771413,0,0,-1,0,0,0.00038707180181916045,0.018365672913783156,0.21440249341504133,0.2789329515696568,0.013392857142857206,-0.04534649844578531,-1.7319244481123428,0.021260294962650823,0.0
2017-09-08,52.87,52.21,0.006171668577033111,0.008427681149010902,0.007934245783580015,-0.17702461125481816,0.012562022824897802,51.963,52.736000000000004,53.65933333333333,4,8,9,52.21287498377589,53.91388100350936,48.48484848484846,-1.2335201182970366,-1.5051533929035468,55.40916803968729,50.06283196031272,0.01698005650884328,0.017694417979876195,0.015571144536827591,433622668.0,0.10025557541505613,0,0,-1,0,0,-0.0038306837770542587,-0.3947187493670516,0.21609748005470839,0.28089017741269384,0.014000767165324168,-0.021107202369931466,-1.7083551665778007,0.02165689426896153,0.0
2017-09-11,53.6,52.87,0.026187454727113788,0.012463263983732063,0.010926975394063117,0.4602680376598232,0.013712997829397475,52.05500000000001,52.709,53.56066666666667,0,11,9,52.46507953218027,53.89363061618618,50.29239766081872,-1.0398484824186411,-1.4120924108065658,55.332913509483056,50.08508649051695,0.012602620439105636,0.017988315857322558,0.01583878988986018,441648274.0,0.6791382389547866,0,0,-1,0,0,0.00983544543219223,0.7582643148307888,0.2279078812124459,0.28555566158013074,0.02701666986012663,-0.009974141115626112,-2.1774376238011617,0.023134328358208858,0.0
2017-09-12,53.95,53.6,0.0020581913898658896,0.005942450170321625,0.012693170325872128,-0.3947850237651669,0.006508623627387478,52.275,52.670500000000004,53.50866666666666,1,12,9,52.73506507178386,53.89726735062579,52.47619047619049,-0.8483410926857857,-1.2993421471824098,55.190721168236365,50.15027883176364,0.010617856681340763,0.017876928629346665,0.015576171859687403,447056127.0,1.0153870748537406,0,0,-1,0,0,-0.0018656716417910712,-0.34917904479234596,0.04417337553713392,0.28378744415341234,0.054947203754399654,-0.01407163742690054,-0.7870669258942212,0.01649675625579241,0.0
2017-09-13,54.66,53.95,0.008931953687897618,0.012877293470934864,0.009927963908529161,0.0913270116141351,0.013074488795778149,52.59499999999999,52.6435,53.473333333333336,2,13,9,53.08505324055042,53.94647590864993,65.47368421052633,-0.6319938090753112,-1.16587247956099,55.05901367534403,50.22798632465597,0.010342740406950953,0.018023770540124596,0.015764921848384145,452981118.0,1.6696241636576874,0,0,-1,0,0,0.0005560704355883973,-0.1706102016984531,0.046971339648778226,0.286118487221172,0.05786723437197594,-0.009782608695652284,-1.3900471426966319,0.019392608854738425,0.0
2017-09-14,54.35,54.66,0.009220054251398357,0.0021909813402223826,0.009004999372101278,0.2645322114266444,-0.005687566932703367,52.878,52.5955,53.42833333333333,3,14,9,53.31504356045034,53.9725097209951,70.68181818181822,-0.48001808762465004,-1.028701601173722,54.81838077668439,50.37261922331561,0.010915273091309276,0.018053095272592967,0.015792870158325693,445261913.0,1.5785821879453026,0,0,-1,0,0,-0.0032930845225027394,0.5226144989824104,0.13064494678888094,0.28658400291742087,0.040988316414479975,-0.017356716687759954,-1.6454049038005705,0.012781968721251102,0.0
2017-09-15,54.72,54.35,-0.0007344840579916098,-0.0014601207193468226,-0.006027144947480462,0.6356721646547057,0.006784659747076427,53.136,52.674,53.382,4,15,9,53.570490185823004,54.02073490028574,64.16666666666669,-0.3259628290792662,-0.8881538467548309,55.08247101530483,50.265528984695166,0.0106858693781954,0.015685144455051588,0.015783459197716048,459838018.0,1.6990032157319068,0,0,-1,0,0,0.001655933762649426,2.6574802147753607,0.12425980687030248,0.24899394903714142,0.03499148855683765,0.029539040451552312,-1.243724332526359,0.017178362573099373,0.0
2017-09-18,54.09,54.72,0.006955913091374462,0.0034643119705176405,0.000806216455188669,-0.8693358289808155,-0.01157994743095931,53.326,52.720000000000006,53.299,0,18,9,53.664946515673364,54.02520361639634,66.95652173913052,-0.2518059988333903,-0.7608842771705429,55.20236729119717,50.23763270880284,0.01185945569183968,0.015955875310748102,0.015806127260609242,453727279.0,1.1037850884179914,0,0,-1,0,0,0.001827485380116985,-0.3195600647733606,0.16062866718135624,0.2532916681355695,0.009141791044776193,0.017302990408124996,-0.4649868996329877,0.02008874098724343,0.0
2017-09-19,53.54,54.09,-0.014700742510170187,-0.007490671729157514,-0.007799577979656808,-0.2700906503699564,-0.010220287791129172,53.56600000000001,52.71999999999999,53.23800000000001,1,19,9,53.642228967369114,53.993900157274,64.5251396648045,-0.23471097799878038,-0.6556496173361904,55.202367291197156,50.23763270880283,0.009899442497415284,0.016077188593406604,0.015445053112678834,449062889.0,0.6606596879582209,0,0,-1,0,0,-0.0012941393973008,-0.814842420697811,0.17330563136315869,0.25521745679542923,-0.007599629286376364,0.0,0.6287382328623082,0.020451998505790044,0.0
2017-09-20,54.25,53.54,-0.0020383589008922736,-0.004595173971301782,-9.35760071800759e-05,-0.011934651850405922,0.013173954328362455,53.824,52.761,53.21933333333333,2,20,9,53.75273279148382,54.01042272777245,67.47759282970553,-0.1620044975386321,-0.5569205933766788,55.31868727770046,50.20331272229954,0.010125375329285657,0.01633078414966232,0.015558819477433993,453671942.0,1.1643331168607225,0,0,-1,0,0,0.0069107209562943115,-0.8133243952129434,0.17384251855168398,0.25924316144809156,-0.007500914745700582,0.015347183230394856,0.6344211430353701,0.015668202764976984,0.0
2017-09-21,54.63,54.25,0.004626639140442196,0.008986763828961693,0.005226817947687982,-0.34150364797604466,0.00698018998705735,54.065999999999995,52.90650000000001,53.217333333333336,3,21,9,53.91223592030494,54.05039545501294,66.44649933949806,-0.07288113538280783,-0.46011270177790464,55.54465944611813,50.268340553881885,0.009974125309478579,0.014412305568947598,0.0156092538355784,456947600.0,1.3065927478614008,0,0,-1,0,0,-0.0016589861751152703,-1.2342871432192495,0.17773031239510345,0.22878825812703965,0.0051517939282428316,0.05626450116009285,-0.3606079437762689,0.01940325828299473,0.0
2017-09-22,54.93,54.63,0.008823586658515244,0.004735892276037331,0.009821283370889711,-0.0701418720438597,0.005476464946902738,54.272000000000006,53.11749999999999,53.248000000000005,4,22,9,54.097283934794945,54.10714413533469,67.51918158567779,0.02170703878922353,-0.36374875366447906,55.6901895613213,50.54481043867869,0.009581050351315021,0.013420384294440106,0.01545598276954351,460001370.0,1.4090312544892718,0,0,-1,0,0,0.00018304960644330973,-1.187274932005314,0.17528604031679304,0.21304199605203333,0.003837719298245723,0.08321830013803977,-0.2882783514011662,0.014380120152921954,0.0
2017-09-25,55.12,54.93,0.003653639431579032,0.0033706531389095856,0.0034031198323533143,0.13584678735548808,0.003452979350874117,54.424,53.2395,53.28066666666667,0,25,9,54.28323231028677,54.17248967499052,78.59195402298853,0.11072390415147026,-0.26885422210128923,55.95242791919008,50.52657208080992,0.008924969804310307,0.01064165193790945,0.015461230278732705,463499483.0,1.386325074616362,0,0,-1,0,0,-0.001638448935008125,-0.9217469483359084,0.13698855100628973,0.16893098739970183,0.01904233684599732,0.046317388003037196,-1.1990892878640609,0.014346879535558861,0.0
2017-09-26,55.72,55.12,0.009979217350898814,0.013388005586703318,0.012326109038257826,0.16245257723863846,0.010826522206201894,54.601,53.438,53.31399999999999,1,26,9,54.54446279932554,54.27232905079759,78.8051209103841,0.22706789947343964,-0.16966979778634345,56.270373748751325,50.60562625124868,0.009226441554710599,0.009693512966082247,0.015465105741968273,467614637.0,1.6113692629767082,0,0,-1,0,0,0.004898403483309201,-0.6139461416612016,0.06345189744401158,0.1538797478330023,0.040717220769518114,0.07671497584541065,0.36107268366412903,0.015434314429289294,0.0
2017-09-27,55.88,55.72,0.010774031315789512,0.010684319975328507,0.004888214676007,0.5352446946761752,0.0028673854771562556,54.723,53.659000000000006,53.336666666666666,2,27,9,54.78728774490271,54.37604975719775,77.59398496240607,0.32839646675449075,-0.0700565448781766,56.53101304790775,50.78698695209226,0.008550071833516509,0.009445273194960708,0.015396540802477862,474642769.0,1.5466503549612989,0,0,-1,0,0,0.004845656855707163,0.48099885420340954,0.051047240330279464,0.14993906363358317,0.030046082949308772,0.08589195491644008,0.9724040943000227,0.021315318539728092,0.0
2017-09-28,56.17,55.88,-0.003399233973536704,-0.0012578384354382042,0.004145270421660933,-0.20624152430153703,0.005176272155580334,54.904999999999994,53.89149999999999,53.36533333333333,3,28,9,55.038689973102215,54.49178848253983,76.27388535031852,0.4271764386498589,0.029390051827430493,56.78719026403842,50.995809735961565,0.008111628252966085,0.009420715543585437,0.015418110182993458,480361114.0,1.5737180376621749,0,0,-1,0,0,-0.0014316392269149141,-0.05181796610784833,0.050288407422571194,0.14954922300364643,0.028189639392275367,0.09025621118012417,1.5718410728978813,0.015844756987715872,0.0
2017-09-29,55.98,56.17,0.007320807626718408,0.0028283561368445537,0.004844362214520661,-0.4216065714677587,-0.003388322457033935,55.03099999999999,54.0835,53.45966666666667,4,29,9,55.20983725071999,54.58780212882758,70.73170731707316,0.4845433518026425,0.12042071182247291,56.99936062044783,51.16763937955217,0.008264678825070305,0.009391477882084973,0.013509653260531261,476609925.0,1.3008166348559729,0,0,-1,0,0,0.0007121239095602482,-0.792851507293649,0.08121684483160987,0.14908508951616253,0.01911523757509559,0.0736478711162254,-0.04493579655013744,0.013933547695605595,0.0
2017-10-02,55.99,55.98,-0.003385907182021079,-0.006730454028827628,-0.004844362214520674,0.14039821057374827,0.00017861927349461905,55.22099999999999,54.2735,53.55366666666667,0,2,10,55.35168502331636,54.6782665076129,68.88888888888889,0.5247647982693167,0.20128952911184167,57.164977677222886,51.38202232277711,0.006786755798731227,0.009404645273173758,0.01351042925809833,480926538.0,1.1872822076555751,0,0,-1,0,0,0.0007145409074670642,-0.5846048449000693,0.08533087652930485,0.14929411536958126,0.01578374455732945,0.07281088331097929,0.44751665773155835,0.011966422575459934,0.0
2017-10-03,58.51,55.99,-0.0014290820581488479,0.03980495004891283,0.00359066813072854,0.5582315036258533,0.04402457643934281,55.718,54.641999999999996,53.71933333333334,1,3,10,55.925924109986106,54.92547512002498,76.6990291262136,0.7513227429566598,0.31129617188080533,57.72425208163124,51.55974791836875,0.013533935365338269,0.011754872915741378,0.015629927513604706,488470161.0,2.5098531187967636,0,0,-1,0,0,-0.0008930166101090241,0.6095838500012768,0.3150066485405389,0.1866028225693224,0.05007178750897334,0.14411419632381683,2.0910961037092934,0.047085968210562344,0.0
2017-10-04,58.38,58.51,0.044917992026331156,0.017185608146495415,0.04451409505231029,-0.15236932656534435,-0.0022243143741759513,56.13100000000001,54.977500000000006,53.88433333333333,2,4,10,56.37211972635227,55.14834769292659,78.66287339971551,0.9098929532620588,0.431015528157056,58.156873490085246,51.798126509914766,0.013873252618203461,0.011891194823974202,0.015631852663000267,481992670.0,2.140358791196171,0,0,-1,0,0,0.0,0.24840647303379815,0.3241823172962169,0.18876686577392532,0.04473872584108807,0.12986258951035423,2.0969783863314824,0.021068859198355546,0.0
2017-10-05,58.29,58.38,-0.00017092556233391838,-0.018125337402785262,-0.008953227851375463,-0.5588567542937459,-0.0015428133685103705,56.497,55.28150000000001,54.10333333333333,3,5,10,56.720825230651855,55.35103493854423,76.44444444444441,1.0165802353729845,0.5481284696002418,58.50902161719432,52.053978382805695,0.014163818161460501,0.011967123205564062,0.014198222230359145,478288436.0,1.8642787605031013,0,0,-1,0,0,0.0020554984583761125,-0.7834883406611595,0.33252193882622355,0.18997219146475564,0.037742567206694,0.11645278682244786,2.215028869781741,0.01166580888660147,0.0
2017-10-06,58.44,58.29,-0.00582892101254693,0.016108868898979972,0.002935845300149265,0.07248650454467274,0.002570034825040338,56.848,55.56,54.361,4,6,10,57.03340246144242,55.550323007025256,84.68899521531091,1.1005479893302876,0.658612373546251,58.87153645370141,52.248463546298595,0.014219004927576539,0.011866222918484982,0.013485971486879359,482271148.0,1.7393738769089693,0,0,-1,0,0,-0.0022302281694973848,-0.6483243768281556,0.3226619534933831,0.18837044906379802,0.04394426580921751,0.10535275203328931,2.1904597900229894,0.02498288843258044,0.0
2017-10-09,57.66,58.44,0.005828921012546934,-0.010313727403554023,-0.010400509768078084,-0.050488665498480155,-0.013436894672242667,57.102,55.763,54.52700000000001,0,9,10,57.14732928663471,55.6864312001204,81.69230769230764,1.0915706114982058,0.7452040211366421,59.066396019725836,52.45960398027416,0.015525520580257348,0.012359115457988321,0.012256347147414528,478484526.0,1.1485150364487258,0,0,-1,0,0,0.0010266940451745768,-0.6494533338982769,0.35780262819382297,0.1961948755594275,0.029826754777638742,0.0757462686567163,1.838137706378309,0.025147415886229672,0.0
2017-10-10,58.01,57.66,0.003923915296617202,0.005761751238826726,0.008847312458678412,0.2825665736220548,0.006051717267716785,57.330999999999996,55.965999999999994,54.735666666666674,1,10,10,57.304178507246576,55.836338864628765,80.61889250814326,1.100017730159692,0.8161667629412521,59.29914708251326,52.63285291748673,0.015383680312530972,0.012354057451778361,0.01162082747969926,483507594.0,1.2264685292308093,0,0,-1,0,0,0.01855705861949359,-0.16292258349826544,0.11627079571596173,0.19611458220005926,-0.008545547769612027,0.07525486561631123,-1.0998507128569563,0.02206516117910707,0.0
2017-10-11,58.55,58.01,-0.012335260056455162,-0.006441792067482356,0.0018980248990233763,-0.18025173954270002,0.009265680565753458,57.598,56.16049999999999,54.972,2,11,10,57.53069150592901,56.0114137765882,81.11111111111104,1.1371769515593257,0.8803688006648669,59.62419729441687,52.69680270558312,0.015459207542324405,0.012228298832626393,0.011519750807896495,487702157.0,1.379739507751809,0,0,-1,0,0,0.0,-0.44805618714755885,0.13947068065685778,0.19411822601106532,0.002911956149366235,0.071167215514087,-1.1689947928219167,0.013492741246797595,0.0
2017-10-12,58.81,58.55,0.013186251512798331,0.010152371464018128,0.009948624078724363,-0.1782024705421671,0.004430818428138262,57.862,56.383500000000005,55.215,3,12,10,57.763293050305556,56.19196772648574,80.99041533546321,1.1740717609002402,0.9391093927119416,59.92970790793462,52.83729209206539,0.015458835637990656,0.012036097848317372,0.011503796104780063,491212054.0,1.368504082668543,0,0,-1,0,0,0.003928266438941144,-0.6384198253994335,0.1401139122673931,0.19106712997372433,0.008920912677989445,0.08206071757129707,-1.7958844145622537,0.013773167828600495,0.0
2017-10-13,59.12,58.81,0.000850267885593221,-0.004133108662973093,-0.001366353756552562,-0.11178149550531084,0.005257368168081574,58.176,56.6035,55.44766666666667,4,13,10,58.009967041159086,56.3808730344544,81.34796238244509,1.214327560117198,0.994153026192993,60.25941820131672,52.947581798683274,0.015195540616910306,0.012022254937284793,0.011416681601057783,494350743.0,1.3766719392647526,0,0,-1,0,0,0.00034007821799007007,-1.0814859964507877,0.14233241595227142,0.19084738057364395,0.01163586584531151,0.08040935672514626,-1.9908320905672905,0.010910013531799783,0.0
2017-10-16,58.88,59.12,0.002037698107015319,0.00042252926643750904,-0.0003418803452103047,0.43310001973859047,-0.004067802219325475,58.464999999999996,56.843,55.67066666666666,0,16,10,58.16815485185744,56.54210703223154,76.24584717607976,1.2128832140892598,1.0378990637722465,60.4325995964926,53.253400403507406,0.015420185800311643,0.011626972720228555,0.011503141830084603,489510789.0,1.1349455253952863,0,0,-1,0,0,-0.00287550744248976,0.2564765398372956,0.07898328780289059,0.18457246990954157,0.021158515435310443,0.08855611018672582,-1.435002148462047,0.01171874999999996,0.0
2017-10-17,58.73,58.88,0.0008478169223393583,0.010589224084402138,0.0025612581234615815,-0.27568656158648164,-0.0025508048861927614,58.487,57.102500000000006,55.92366666666667,1,17,10,58.27030851515608,56.683261417248865,73.71048252911807,1.1859637610578062,1.0675120032293586,60.42733398872987,53.77766601127014,0.006536173977041968,0.011245995372749916,0.01064309151639796,485837018.0,0.9789962479430259,0,0,-1,0,0,0.002038043478260826,-0.6095128877721916,0.08920447589894147,0.17852464201007645,0.01241165316324766,0.09693686963018311,-0.14100810550341228,0.01992167546398777,0.0
2017-10-18,58.83,58.73,-0.004757059599459346,-0.013857485702226691,-0.0017067763146562524,-0.35313705066526757,0.0017012593419364545,58.532,57.331500000000005,56.16233333333333,2,18,10,58.37207060330952,56.82176068065217,72.85223367697589,1.1593349729441869,1.0858765971723243,60.453835664207425,54.209164335792586,0.0064791885984920574,0.011078397104634442,0.010600911774290634,488417772.0,0.9598583631977147,0,0,-1,0,0,-0.00017027073046139982,-1.30969935712843,0.06581309024318384,0.17586410198448443,0.004782237403928358,0.08442396313364053,-0.27613553990394035,0.007596464388917209,0.0
2017-10-19,58.63,58.83,-0.004608696388182616,0.001746320003344337,-0.018795276968975032,0.8341405287814366,-0.003405417900240828,58.56600000000001,57.531499999999994,56.376333333333335,3,19,10,58.41896685725324,56.93842128190042,72.72727272727278,1.1093057517959792,1.0905624280970554,60.42961753784061,54.633382462159375,0.006579255761432262,0.011179518720804641,0.010629355799836211,482474724.0,0.758078294380357,0,0,-1,0,0,-0.006459289478157325,1.0518241374135626,0.06318606070422048,0.1774693578758401,-0.003060703961911271,0.07321984257733849,0.9587833576895279,0.02797202797202798,0.0
2017-10-20,59.37,58.63,0.006480240958287038,0.007586650230047048,0.023396904177100004,-0.1918102735548708,0.012542537306460148,58.65899999999999,57.753499999999995,56.592999999999996,4,20,10,58.59188197411628,57.09529732822942,75.76219512195124,1.11649874660241,1.0957496917981264,60.48816076025264,55.01883923974735,0.0076017525375330144,0.011355394499985318,0.010628798582734083,487380493.0,1.1822307347918808,0,0,-1,0,0,0.0034112229234179725,0.23865523980578981,0.11026821961955235,0.18026129931595078,0.004228687415426258,0.08083014746040407,1.727622746829865,0.012295772275559995,0.0
2017-10-23,58.76,59.37,0.011324383675219441,0.005861190688740641,-0.0040892883701737015,-0.06866591927022526,-0.010327696976907446,58.769000000000005,57.935500000000005,56.76499999999999,0,23,10,58.62244888791332,57.202697500601715,52.68817204301075,1.0607496827430296,1.088749689987107,60.403718833593885,55.467281166406124,0.006965706675875813,0.011793690582765524,0.010765313256710922,482800278.0,0.6680931113384866,0,0,-1,0,0,0.0021896580764696407,-0.04606985607270345,0.13401880108317948,0.187219033929852,-0.0020380434782609758,0.0660377358490567,0.8309232104426582,0.022464261402314504,0.0
2017-10-24,58.8,58.76,-0.01115441681834729,-0.013278621864318512,-0.00393465566211554,-0.06562239079267959,0.0006805035989046138,58.848,58.0895,56.92666666666667,1,24,10,58.65473090829272,57.30574927475645,54.60526315789468,1.0081742089757952,1.0726345937848447,60.3514086025516,55.8275913974484,0.006815230726463869,0.01166682612122256,0.010754456800348138,487089578.0,0.6282305122306895,0,0,-1,0,0,0.0013614703880191524,-0.27496238463941836,0.13268162179538784,0.1852051230371232,0.0011918951132301459,0.055276381909547645,0.4772177883162951,0.012925170068027177,0.0
2017-10-25,57.1499,58.8,-0.0003399626073878468,-0.004748991286203612,-0.03275554161423212,0.8398468143678925,-0.028464214446569675,58.707989999999995,58.152995,57.009663333333336,2,25,10,58.38112528860313,57.29569448283668,40.685609712259605,0.8238615248678371,1.0228799800014432,60.21633009330022,56.08965990669977,0.010964421206203834,0.013549513986982346,0.011967248845336719,477155507.0,-0.972304501830174,0,0,-1,0,0,0.0003401360544218219,3.036330513145102,0.2384758279050841,0.2150918663720793,-0.02855855855855849,0.02272548317823908,-0.6013112067744903,0.041294910402292904,0.0
2017-10-26,55.11,57.1499,-0.024089258432931013,-0.0017015488195888232,-0.041036033247320525,0.36600266959648026,-0.036346452562867525,58.337990000000005,58.099995,57.034996666666665,3,26,10,57.78637523612983,57.154681935556894,29.213483146067404,0.5073411994286303,0.9197722238868806,60.41669819337451,55.78329180662549,0.01485323046162307,0.0158125754113006,0.013719378498464852,462830983.0,-2.581249949109601,0,0,-1,0,0,0.004726167499855631,3.343909376444951,0.3164275183161159,0.2510168527545376,-0.060037523452157626,-0.018871283603347,0.011536852756225765,0.08219923788786067,0.0
2017-10-27,54.11,55.11,-0.04069864209132562,-0.0558569690527443,-0.012067351485816327,-0.4652097847091168,-0.01831217624050003,57.83699,58.00649500000001,57.01466333333334,4,27,10,57.11794337501531,56.95825084294032,28.43256379100849,0.17380144360670613,0.7705780678308457,60.78780958162884,55.225180418371174,0.014657524427588133,0.016275613676537223,0.014078861651937712,453835134.0,-2.8019088712489957,0,0,-1,0,0,0.00036291054255131787,1.2430693713105738,0.2276429854941161,0.2583673573384749,-0.08859693447869288,-0.03340478742408004,0.16392419402353264,0.036776935871373165,0.0
2017-10-30,54.73,54.11,-0.019969519509594226,-0.007773699094647064,0.004472612748512143,-0.68852430099743,0.01139299350118288,57.42199000000001,57.943495,57.03599666666666,0,30,10,56.683771852285254,56.81449272404095,30.70588235294113,-0.04004083167949091,0.6084542879287784,60.96393113823221,54.923058861767785,0.015968296506120496,0.016532858997501163,0.014071412014477706,458353900.0,-2.1278350893263935,0,0,-1,0,0,-0.0012936610608020752,-0.3472007818122704,0.31240976487222133,0.2624510002097083,-0.06858407079646023,-0.0225040185747456,0.3488752527316048,0.024118399415311537,0.0
2017-10-31,53.86,54.73,0.01140766740792373,-0.008017535658946936,0.0009292817321472185,-0.06595445215595551,-0.016023917772373834,56.93498999999999,57.710995000000004,57.04666333333333,1,31,10,56.170358788233386,56.62388029023187,23.44280860702149,-0.2765264794771767,0.4314581344475874,61.223597640101005,54.198392359899,0.016096735183010226,0.012798224982866636,0.014258602676895948,454123551.0,-2.192673293606177,0,0,-1,0,0,-0.001279006029599859,-0.3948706546702894,0.2844024958894043,0.203165523166314,-0.08401360544217684,-0.07947359425739187,1.1733221400139087,0.015410323059784596,0.0
2017-11-01,53.99,53.86,-0.011592732643947513,-0.0036656932543083507,-0.00540189448065945,-1.7492799585917704e-05,0.002410756846742714,56.450990000000004,57.491495,57.037996666666665,2,1,11,55.77392991764549,56.45395252957175,22.298850574712574,-0.44828558838445076,0.25550938988117977,61.35881893017819,53.62417106982181,0.01614829752937801,0.012874880440056784,0.01405458563142714,458353826.0,-1.8108102983960117,0,0,-1,0,0,0.0031563312291125454,-0.3550348418218293,0.29367443155770356,0.20438239082448056,-0.05529143533059555,-0.07519698526892771,-0.07173424965509688,0.017040192628264523,0.0
2017-11-02,53.99,53.99,-0.0005554012917000177,-0.006817161362277893,-0.0016824006211521828,-0.3172831864705302,0.0,55.986990000000006,57.276495,57.016663333333334,3,2,11,55.44957902352813,56.294987850244546,19.42789034564956,-0.5777460231307856,0.0888583072787867,61.42480550731975,53.12818449268024,0.016301026480187785,0.012893848423179224,0.013991132903422738,458353826.0,-1.584498071781717,0,0,-1,0,0,0.0001852194850897946,-0.7509487776763154,0.2004371740642689,0.20468349822176723,-0.020322990382870554,-0.07376908560645046,-0.08846445764497662,0.011854047045749223,0.0
2017-11-03,54.14,53.99,-0.0001852023340787632,0.002861496391078255,0.002942346190194509,-0.00734207497000728,0.0027744399559595564,55.46399,57.061494999999994,56.99033,4,3,11,55.21147374652301,56.15595637603522,21.44578313253008,-0.6606253264433732,-0.0610384194656453,61.39738287263773,52.72560712736226,0.015169328458374147,0.012899214069900904,0.01396115385220156,461411461.0,-1.347587892406776,0,0,-1,0,0,0.0,-0.7350647498750399,0.15823025730984983,0.2047686752228588,0.0005544261689152119,-0.07357973990417521,-1.1178208295177827,0.011775027705947464,0.0
2017-11-06,54.52,54.14,0.0018504816531399373,0.016545923425097506,0.008960342222086904,0.1890064168364992,0.006994322642176845,55.03999,56.904495,56.97033,0,6,11,55.08575124715519,56.05041080338779,25.322391559202813,-0.6877173694780936,-0.18637420946813496,61.374456636698994,52.434533363301,0.015981296427140686,0.012904266730275048,0.014010028022315118,465105233.0,-1.0668972997096724,0,0,-1,0,0,-0.0009235315847801469,-0.50864256111399,0.14037546408553644,0.20484888371971433,-0.0038370180887994376,-0.054457162677766124,-1.7727261295992935,0.019442406456346206,0.0
2017-11-07,53.87,54.52,0.009384556867523756,-0.010022862948652024,-0.005375858715596932,-0.11941071201470363,-0.01199387013588959,54.54699000000001,56.697495,56.90866333333334,1,7,11,54.864705565854244,55.9097391386531,22.687224669603495,-0.7529579459927334,-0.2996909567730547,61.33229890794906,52.06269109205095,0.015773657938934635,0.012886680370752454,0.01400263071168279,461827220.0,-1.220114186557333,0,0,-1,0,0,0.0014673514306676135,-0.6177924605209215,0.11362525557346456,0.20456970891713178,0.00018566654288898476,-0.07136700568867438,-1.5325649922057367,0.01485056617783561,0.0
2017-11-08,54.01,53.87,-0.015876279563514135,-0.004221351593030159,-0.006339756456965776,-0.06121785900069751,0.0025954779123574406,54.233000000000004,56.47049500000001,56.846329999999995,2,8,11,54.70930455388074,55.78717532325613,24.390243902438982,-0.7843235492906118,-0.3966174752765661,61.16757044193675,51.77341955806326,0.01449975717500647,0.012617024386568526,0.014000099176758662,464910579.0,-1.0476710584769628,0,0,-1,0,0,-0.002413217003898189,-0.6598305845862721,0.11387448765202178,0.20028905287498555,0.00037043897017952077,-0.07754056362083683,-1.5445783536881943,0.01684873171634876,0.0
2017-11-09,53.46,54.01,-0.0003722315323083955,-0.004241094036549556,-0.003560389781865097,0.23408427761563935,-0.010235503894026752,54.068,56.202995,56.75599666666666,3,9,11,54.482158271356965,55.63703497982026,16.534541336353357,-0.8438342236773764,-0.4860608249567282,60.94820046079305,51.45778953920695,0.010216340353710829,0.012528555524600037,0.014045507611784908,461013981.0,-1.1561122158624395,0,0,-1,0,0,-0.005369376041473786,-0.3869415628148913,0.13533451768988886,0.19888465322973642,-0.009816632709761075,-0.0909709233123619,-0.4273943764167908,0.01627197904975672,0.0
2017-11-10,53.49,53.46,-0.005974625688887695,-0.007413833933934466,-0.0005633274019969031,-0.4499056546643209,0.0005610098323857311,54.00600000000001,55.92149500000001,56.67299666666666,4,10,11,54.30176585838297,55.4985165940254,18.060606060606077,-0.8784498890951866,-0.5645386377844199,60.60567238235338,51.23731761764663,0.008738246024273451,0.012374940445033388,0.014046237555862187,463498796.0,-1.038173750276895,0,0,-1,0,0,-0.0011223344556678316,-0.8569133955524761,0.1313185252925809,0.1964460894407599,-0.012005910602142622,-0.09523004059539908,-0.26534432687618925,0.009347541596560104,0.0
2017-11-13,53.25,53.49,-0.00037460198977105473,-0.004849850953602885,-0.008677662451732926,0.18240506053029237,-0.004496915953624309,53.858000000000004,55.639995,56.58166333333333,0,13,11,54.110535702313335,55.35345100731409,17.15976331360949,-0.9147048988772823,-0.6345718900029924,60.25168490625522,51.02830509374478,0.007564543957851301,0.012373749954870391,0.01405374856109171,460516769.0,-1.0364942346874826,0,0,-1,0,0,-0.0020564591512432125,-0.6467553596458095,0.10140592641298506,0.19642719099530254,-0.02329420396184889,-0.09561820652173914,-0.021955855384627555,0.013145539906103206,0.0
2017-11-14,53.75,53.25,-0.007899232347625334,0.006894651368655179,0.0026490081715768625,0.026243904840351783,0.009345862418237599,53.847,55.390995,56.42299666666666,1,14,11,54.04498375643818,55.250002555229315,26.712694694447876,-0.8927997937336016,-0.6862174707491143,59.83492470263739,50.947065297362606,0.006861153127591275,0.012776519244970634,0.011196705230960152,463578092.0,-0.7385332846404375,0,0,-1,0,0,-0.0054460093896713455,-0.606083391676215,0.11723696121778582,0.2028209552593382,-0.0022275849266752967,-0.08479482376979397,-0.023591078419973693,0.017302325581395342,0.0
2017-11-15,54.63,53.75,0.012944557447954634,0.017487790351572163,0.0015105743053668514,0.46950049304746083,0.0162395153998541,53.911,55.180994999999996,56.29799666666667,2,15,11,54.151350346176685,55.21000239037581,46.09120521172642,-0.7952638874958637,-0.7080267540984643,59.32766865003296,51.03432134996703,0.008637956742868958,0.01354005206215045,0.011729656958520046,468473745.0,-0.26575276788208935,0,0,-1,0,0,-0.0018604651162790961,-0.026630457935668768,0.16897214978605105,0.2149416629719042,0.011479355674875125,-0.07139214686384487,0.2896079987167303,0.03294892915980225,0.0
2017-11-16,55.27,54.63,0.0252152864197211,0.012692826798419097,0.03065730107042578,-0.07673583811505419,0.011647083437545426,54.039,55.012995000000004,56.19733,3,16,11,54.35474119232637,55.21387320389995,60.034602076124585,-0.658729899560349,-0.6981673831908413,58.83050569648437,51.195484303515634,0.009229400469694752,0.013967403467156516,0.011999712335698229,473007778.0,0.13464533327263828,0,0,-1,0,0,0.00713893465129051,-0.12685578894791952,0.13487853322496388,0.22172565621238477,0.03385708941264509,-0.057308545113423204,-0.4006407539652331,0.015379048308304711,0.0
2017-11-17,54.71,55.27,-0.00018176860906187712,-0.005963693468049351,-0.006424987682657886,-0.37873500038964525,-0.010183757769437115,54.096000000000004,54.779995,56.07299666666667,4,17,11,54.41933370281248,55.18136525526125,49.82517482517486,-0.5889242976215883,-0.6763187660769907,57.99987162429284,51.56011837570716,0.010035879970722122,0.013561405764608259,0.012067653922790621,469903203.0,-0.04347682111290287,0,0,-1,0,0,-0.004704179482540349,-0.5820365572118644,0.17955557068373568,0.2152806424895472,0.02280800149560669,-0.07849082027960241,-0.519025239446928,0.015902028879546785,0.0
2017-11-20,54.65,54.71,-0.002912800166127442,-0.0045417463845690755,-0.0018433184942891127,0.2742906636415693,-0.00109729345318702,54.109,54.574495,55.97266333333333,0,20,11,54.461273029573846,55.14708362588956,58.04480651731157,-0.5323082357308593,-0.6475166600077645,57.19337302048777,51.95561697951223,0.00982946355254056,0.013492681825773574,0.011880643347846135,465818833.0,0.05766209759241623,0,0,-1,0,0,0.0025589471760190195,-0.239401527067808,0.17014724576871607,0.21418968378190686,0.026291079812206464,-0.06994554118447927,-0.7369012625172338,0.013174748398902083,0.0
2017-11-21,55.43,54.65,-0.00347000622131737,0.010145014546860528,0.007536107718461646,-0.014506194567435403,0.01417174880916571,54.265,54.405995000000004,55.88666333333333,1,21,11,54.63740520601496,55.16533629518701,62.94964028776972,-0.41966250934090255,-0.6019458298743923,56.17634323867907,52.63564676132094,0.009705466621306,0.014046929821314063,0.012157192675135386,469844382.0,1.1568401940671902,0,0,-1,0,0,0.00018298261665138172,-0.2546730873586319,0.1808285674313338,0.22298809794704388,0.03125581395348842,-0.05731292517006803,-0.8567776200170187,0.015695471766191547,0.0
2017-11-22,55.09,55.43,0.011278998959492671,0.0012609206390082309,0.005660564735708013,-0.2115554623536224,-0.006152751947088035,54.373000000000005,54.303,55.77133,2,22,11,54.71969516855769,55.16047588904592,59.32203389830507,-0.3537473389859116,-0.5523061316966962,55.56906061216191,53.03693938783808,0.010119713440856493,0.012773629526657912,0.012012308087295615,466586407.0,1.2432264181351194,0,0,-1,0,0,-0.0027061158217571457,-0.43911685599178807,0.17162849350004009,0.20277508240325123,0.008420281896393877,-0.03604380760071324,0.26300748480174024,0.01143583227445989,0.0
2017-11-24,55.14,55.09,-0.004532688387746998,-0.003968259175620622,0.00018206645475867488,-0.8633512590543294,0.0009071941110254506,54.541,54.304500000000004,55.64899666666667,4,24,11,54.796114228819924,55.159154863946185,58.6206896551724,-0.29408448655410524,-0.5006618026681781,55.57465084060057,53.03434915939944,0.009198553476718888,0.009969562188439045,0.011964637361827945,467960446.0,1.3155917758633235,0,0,-1,0,0,-0.0010891268832819436,-1.6422685156710815,0.1474419605591822,0.15826189338481544,-0.0023520897412702135,0.0005443658138268859,1.0859261458370835,0.007254261878853801,0.0
2017-11-27,54.6,55.14,0.0019969145239833335,-0.0018089729969222564,-0.008042448759522067,0.8230004329669626,-0.00984152284479132,54.652,54.32899999999999,55.498329999999996,0,27,11,54.760457096307206,55.12308035659482,50.671140939597294,-0.28706561941745434,-0.4579425660180333,55.60225360271458,53.055746397285404,0.010062876452072692,0.009319947113838397,0.011961780110702099,464831316.0,0.42568110456900893,0,0,-1,0,0,0.0,-0.45037180761476775,0.1460513375255664,0.14794957377294352,-0.0020106013525863498,0.00905562742561461,1.1297706959895788,0.01355311355311346,0.0
2017-11-28,56.17,54.6,-0.00874322509572875,0.017766281565289713,0.00036697248118256143,0.7559524391612147,0.028348923793481893,54.944,54.40100000000001,55.40799666666667,1,28,11,55.01673762425135,55.190623559395156,66.7151162790698,-0.1530529386760051,-0.3969646405496277,55.910644782193685,52.891355217806336,0.012770792942117672,0.011035642548779206,0.013252296991088975,471495233.0,2.3435976739235946,0,0,-1,0,0,0.0010989010989010104,2.864402445842763,0.2520004511611665,0.1751853944512366,0.027813357731015564,0.02631098118033992,0.8015109433123222,0.030443297133701277,0.0
2017-11-29,58.88,56.17,0.03399302206220761,0.05922158306553934,0.03603344256556239,0.3756826276067219,0.04711866787627947,55.45700000000001,54.652,55.41299666666667,2,29,11,55.719148965296554,55.42864784588579,75.76719576719577,0.1698692805792703,-0.2835978563238481,57.13707629873002,52.16692370126998,0.018662980023529768,0.014526134023469058,0.016059230396644336,481197796.0,3.4027124254983185,0,0,-1,0,0,0.006765177140822422,3.364029206029412,0.3984909298471528,0.2305952288237593,0.06224066390041494,0.09320460453026369,0.8336533934074779,0.053328804347826095,0.0
2017-11-30,60.67,58.88,0.040885652971466596,0.030705614676351835,0.04142347701578903,0.321503778634311,0.02994786753358572,56.061,54.986000000000004,55.47433,3,30,11,56.619303698878994,55.766799597764134,83.72310570626753,0.5637272098467534,-0.11413284308972779,58.62442302450476,51.34757697549525,0.019748403222896522,0.015615299184985412,0.016979629960892646,494579573.0,3.1244305358218645,0,0,-1,0,0,0.000509510869565116,3.297999520531186,0.37518917740717844,0.24788518974804594,0.1012888001452168,0.12372661604000745,-0.22353994828150076,0.043019614306906206,0.0
2017-12-01,59.92,60.67,0.02679778510063415,0.0021112472316380674,0.01030327499921963,-0.7717007246595334,-0.012439002745242386,56.525999999999996,55.282500000000006,55.51733,4,1,12,57.219430299082816,56.03474801081161,78.17703768624014,0.8060520580210238,0.06990413713242252,59.49963734284338,51.06536265715663,0.02103839853949389,0.016100881602333483,0.017140800308306958,488394164.0,2.1993592444267893,0,0,-1,0,0,-0.0026372177352893306,0.6140247785760244,0.42551973099051377,0.25559357165201735,0.08668842945230315,0.1098351546582701,-0.22575792724698124,0.035547396528704985,0.0
2017-12-04,62.03,59.92,0.018826781823774126,0.020076158103496965,0.022103101734331408,0.38214563554143693,0.03460779977606205,57.258,55.67700000000001,55.60599666666667,0,4,12,58.094079335613216,56.421538461726996,83.05722891566265,1.1550410181801212,0.28693151334196226,60.81890257640555,50.535097423594465,0.02150432468225927,0.017409093180752948,0.01814207963490444,497458420.0,2.471069766724782,0,0,-1,0,0,0.029038718291054654,1.4658886147884318,0.3618530179300847,0.27636078664453645,0.13608058608058604,0.14573328407831543,-1.5786207755718107,0.033048524907302874,0.0
2017-12-05,61.72,62.03,0.00871957728712963,-0.009425742762004578,0.0062264661261743365,-0.6983292379218566,-0.005010111490066061,57.96500000000001,56.03700000000001,55.704663333333336,1,5,12,58.753337638229,56.76337469000268,80.44308632543925,1.390573211829775,0.5076598530395249,61.807582749007295,50.26641725099273,0.021818335290502203,0.01761336858398593,0.01804811649853427,492949717.0,1.9696450938088141,0,0,-1,0,0,0.002740609382556855,-0.11238805515631314,0.4205409410542723,0.2796035581400679,0.09880719245148661,0.13206162876008798,-0.3683346402881374,0.017498379779650006,0.0
2017-12-06,61.12,61.72,-0.008395270490059715,-0.006926016250510035,-0.0036000693439552207,-0.4459073260467395,-0.00976888263669505,58.534000000000006,56.3995,55.781996666666664,2,6,12,59.18363988582372,57.044447290647675,75.33177205308351,1.5113967457509574,0.7084072315818114,62.49844028758778,50.30055971241222,0.022888802302219197,0.01749959939770067,0.018169789360108723,490063051.0,1.5479738372277205,0,0,-1,0,0,-0.0006480881399870245,-0.6616830236267938,0.36713889533972555,0.27779752829743,0.0380434782608694,0.13458325598663445,0.5750812730854212,0.014234293193717237,0.0
2017-12-07,63.02,61.12,-0.012726554539222777,0.0193683525519403,-0.00558936191287622,0.6932000082760448,0.03061299147086357,59.327,56.85,55.977666666666664,3,7,12,59.88115990658304,57.42996682028331,77.54086709310589,1.7404021156806522,0.9148062084015796,63.510937187101256,50.18906281289875,0.02299043522901265,0.018308078626182722,0.01806585677354214,495836688.0,1.8525921583371352,0,0,-1,0,0,-0.0035994764397905576,0.28478573692589154,0.36983107092513184,0.2906317381697793,0.03873413548706117,0.16682095908165162,0.5691553280475588,0.03840050777530945,0.0
2017-12-08,63.33,63.02,0.040388402996088875,0.013854125870915812,0.04022834653606506,-0.27680523720677,0.0049070141992102285,60.145999999999994,57.34349999999999,56.25166666666667,4,8,12,60.50822174174976,57.81061412220052,81.18668596237336,1.9247179796918843,1.1167885626596405,64.39781342475783,50.289186575242155,0.022774989277810676,0.01782810492737638,0.016486348475817043,500214272.0,1.6972594325026078,0,0,-1,0,0,0.006188511583624142,-0.206664847707761,0.32837462671265183,0.2830123919124189,0.05690921228304391,0.18462401795735128,0.3551079832469729,0.012790146849834238,0.0
2017-12-11,63.32,63.33,0.001103317946268032,-0.0036024786395507367,-0.0036487706064230454,-0.001264052463960856,-0.0001579155155275457,61.01800000000001,57.835,56.55866666666667,0,11,12,61.01945415234071,58.16605837238114,81.4814814814815,2.0463931668267037,1.3027094834930533,65.12469712748808,50.54530287251193,0.02183264228557877,0.01784600439511731,0.01594214247876721,495842218.0,1.504863618905949,0,0,-1,0,0,0.0023685457129322372,-0.2460038867316189,0.25359267013880943,0.2832965371538764,0.020796388844107616,0.18377266778837154,1.6146940951199598,0.012792166771951913,0.0
2017-12-12,63.43,63.32,-0.0003151095031587441,0.0034461186986489653,0.005705245269321357,-0.3062342439173567,0.0017357006329943832,61.74399999999999,58.343999999999994,56.84866666666667,1,12,12,61.45773521555148,58.50566750964688,80.53435114503819,2.1271769383217674,1.4676029744587962,65.70697537112346,50.98102462887653,0.021631165697034375,0.01765870425336864,0.01591298250959628,499060986.0,1.3815067261929388,0,0,-1,0,0,0.002210991787744797,-0.659726977926635,0.2424221608293486,0.28032323958031163,0.027705767984445906,0.1911737089201877,1.4958983698438248,0.010562825161595487,0.0
2017-12-13,63.14,63.43,0.00377477642306816,-0.0036030429830040374,-0.004117187130269853,0.26468462829734485,-0.004582452515960196,62.17,58.8135,57.158,2,13,12,61.76360153999666,58.804656702572885,80.84291187739463,2.143093831221641,1.6027011458113654,66.14047762058902,51.48652237941097,0.018071231353957266,0.017913742391420684,0.015528648528807549,494866867.0,1.1809780851090377,0,0,-1,0,0,0.00425666088601613,-0.33786865793730564,0.2240130920526424,0.2843718445090477,0.03304973821989532,0.17469767441860462,1.9057459054245884,0.01108647450110858,0.0
2017-12-14,63.85,63.14,0.002508624708518224,0.015262716465007153,0.010575428054145719,0.18808823364829,0.011182099348702722,62.488,59.2745,57.48666666666667,3,14,12,62.14294671454272,59.130162721761735,81.76513493800147,2.187779786271726,1.7197168739034376,66.65321897311391,51.8957810268861,0.01625756093534553,0.01782761404445602,0.015553230418218152,499928917.0,1.2401881726819806,0,0,-1,0,0,0.01140323091542602,-0.02975871246222978,0.09387905780520639,0.28300459938763817,0.01317042208822583,0.1687717371407651,0.510961361908852,0.01581832419733759,0.0
2017-12-15,64.7,63.85,0.005777203983065288,0.003394541139535666,0.001882353496981202,0.24555200781840417,0.013224619028306517,62.965999999999994,59.746,57.843666666666664,4,15,12,62.607865493716766,59.489507062293235,86.01997146932953,2.2656644543449147,1.828906389991733,67.25136481808926,52.24063518191075,0.015159309069573,0.01784880870406901,0.01557424278830203,506399871.0,1.320122371149764,0,0,-1,0,0,0.005951448707909202,0.43884238671983355,0.12157402913881019,0.28334105417838995,0.02163271751144813,0.17061697123213304,0.2357393788743777,0.01715610510046367,0.0
2017-12-18,65.7,64.7,0.013454157944822227,0.012703928411483427,0.014623782699391593,-0.36864804797960915,0.015337723983709844,63.333000000000006,60.295500000000004,58.229,0,18,12,63.17007176758644,59.89018402601626,85.42750929368029,2.380637747515131,1.9392526614964127,67.85745038890038,52.733549611099626,0.01218637014072641,0.017387551675686584,0.015650967931690747,510875628.0,1.4293931385566514,0,0,-1,0,0,0.006182380216383176,-0.30219953786160386,0.13517290174013302,0.2760188258529066,0.03758686039166137,0.20087735331749235,-0.7708590312297074,0.015220700152207,0.0
2017-12-19,65.92,65.7,0.013730192811902037,0.007273861439014096,0.009529737044991129,-0.12010237045257484,0.0033429601106513317,63.753,60.859,58.609,1,19,12,63.67005871893436,60.27920441143456,82.11678832116787,2.4611366211098513,2.0436294534191006,68.32869146125162,53.389308538748374,0.011635729805455583,0.01727522392684398,0.01566182766562039,514844862.0,1.3550760499957721,0,0,-1,0,0,0.004566210045662057,-0.483007176826427,0.1313225469778187,0.2742356781202911,0.03925587261548169,0.20622140896614827,-0.9496340711663791,0.01304611650485436,0.0
2017-12-20,66.09,65.92,0.006042314455962662,0.0036171855566022875,0.0010702546698533016,0.2636972505299651,0.002575563881145235,64.25,61.391999999999996,59.016333333333336,2,20,12,64.11004804276448,60.65409444940653,79.01498929336188,2.509719651748348,2.13684749308495,68.75106058077783,54.03293941922215,0.010282450463507304,0.017305124795164318,0.015294203991199122,520011749.0,1.2767934027534358,0,0,-1,0,0,0.0072815533980583125,-0.07089751883532326,0.09334578244166158,0.2747103396896541,0.046721571111814963,0.1923146310662096,-0.333529523305031,0.015584808594341066,0.0
2017-12-21,66.03,66.09,0.0015048911794203067,0.007792636466685721,0.008217973505943945,-0.41281727290179016,-0.0009082652758814559,64.551,61.939,59.41700000000001,3,21,12,64.4591302168073,61.00092706557385,85.31791907514449,2.514396161203024,2.2123572267085647,68.94353356950303,54.934466430496975,0.006573245736267934,0.017103282980579827,0.015341926081355617,516592390.0,1.168100619236595,0,0,-1,0,0,0.0062036616734755115,-0.7111850077457929,0.11405085696917856,0.27150620021626665,0.0341425215348472,0.19858413505173345,0.42331564639872477,0.01529607754051175,0.0
2017-12-22,65.97,66.03,-0.003012050469991721,-0.010051843693136744,-0.006385911924806503,-0.42130319630640056,-0.000909090971700572,64.81500000000001,62.48049999999999,59.833999999999996,4,22,12,64.73383381375142,61.32151241618199,79.84848484848479,2.484619681018458,2.2668097175705433,68.92393313197975,56.03706686802023,0.006805500577211786,0.017154570134941587,0.015078402946114488,514348637.0,1.0831182472216796,0,0,-1,0,0,0.0040890504316219295,-1.181742372365602,0.10702861534791268,0.27232035855162706,0.01962905718701702,0.19640914036996726,1.7824644884760104,0.011520388055176458,0.0
2017-12-26,65.98,65.97,-0.008178146443892207,0.0001507727104251185,0.003045996872295486,-0.09447389560857837,0.0001515725656559603,65.081,63.0495,60.25033333333333,1,26,12,64.96040948397842,61.62206000223477,83.8095238095238,2.4337734964748066,2.300202473351396,68.495477656175,57.603522343825006,0.006784591001749307,0.016715273473457484,0.015084750736998373,516390119.0,1.076207133048816,0,0,-1,0,0,-0.003183265120509228,-1.2102024919992642,0.03165219115475562,0.26534674024321986,0.004261796042617894,0.20842490842490857,0.49589805049068814,0.008638981509548244,0.0
2017-12-27,65.96,65.98,0.002733486895660419,-0.004987541511039051,-0.003045996872295565,0.5782790951195733,-0.00030316810903736305,65.334,63.539,60.674,2,27,12,65.14215321416415,61.90192709886479,92.30769230769212,2.3646059901061207,2.313083176702341,68.06331978021694,59.01468021978306,0.006894800209187835,0.016222069309080583,0.014992729509969199,512750223.0,1.0702161286591925,0,0,-1,0,0,-0.000606244316459628,-0.5703617746646966,0.022923105931668106,0.2575173668560837,0.0006067961165048263,0.1742923268648744,1.7383684380890783,0.006670709520921737,0.0
2017-12-28,65.87,65.96,0.0009095043828406127,0.000302984398621356,-0.0007629511318438834,-0.5195707767200932,-0.0013653950387964653,65.607,63.8885,61.078,3,28,12,65.27448899340703,62.15793180216384,86.44501278772377,2.2762883598730355,2.3057242133364797,67.9541262545988,59.822873745401196,0.006519193147196256,0.01330511285175806,0.015068608226144154,510585301.0,0.9747575777574944,0,0,-1,0,0,0.0006064281382657104,-1.0200396810957686,0.009409443357774518,0.21121211862840736,-0.0033287940686942408,0.11871603260869579,0.4546623504948306,0.0077425231516622265,0.0
2017-12-29,65.45,65.87,0.0,0.0009084027876758141,-0.0010691104492934812,-0.09071426332058005,-0.006396610296692643,65.76700000000001,64.1275,61.43866666666666,4,29,12,65.30640008551484,62.370323298798425,76.36815920398008,2.1476487537374496,2.2741091214166738,67.95128635716496,60.303713642835035,0.0067972055028340875,0.012209012283181837,0.015148139883633734,508608124.0,0.6917227462365528,0,0,-1,0,0,0.0019735843327766123,-1.3035055094039638,0.04197532251539237,0.19381206153019223,-0.00878388611237313,0.07878687984176702,-1.974218946545492,0.009778456837280375,0.0
2018-01-02,66.29,65.45,-0.0013645669617971055,0.004379017945111033,0.0010691104492935497,0.6510795169125971,0.01275256389739134,65.926,64.446,61.806000000000004,1,2,1,65.48523643360305,62.62320566661789,80.6185567010309,2.08939665487069,2.2371666281074774,67.83004553907062,61.06195446092937,0.006713841599729372,0.011736884648512627,0.01516368467604799,512399578.0,1.0898198494730846,0,0,-1,0,0,0.007028265851795168,-0.20628334507978668,0.11293936556115991,0.1863172676796969,0.004850689707442957,0.10630841121495327,1.442896638213779,0.012973299140141791,0.0
2018-01-03,64.91,66.29,0.0031810978881950504,-0.002715753027002327,-0.013988391955228958,0.2779643113343068,-0.02103736120792312,65.84700000000001,64.59,62.145999999999994,2,3,1,65.38064799112976,62.77074078490061,62.09150326797378,1.9098612878967742,2.171705560065337,67.78075638615155,61.399243613848455,0.008474770794032842,0.010829947020689472,0.015677057299337563,507393194.0,0.20057939953601614,0,0,-1,0,0,-0.0025644893649117767,0.8470901808080421,0.19268508180610316,0.17192007917249538,-0.01621703546529263,0.04642914718684499,-0.3116912445480655,0.024495455245724905,0.0
2018-01-04,64.7,64.91,-0.017084003057186332,-0.0176806922497709,-0.007146216523547211,-0.18528368311465093,-0.0032404935385221766,65.725,64.739,62.481,3,4,1,65.25689381092434,62.89520912135864,62.913907284768186,1.7306827378414624,2.083500995620562,67.62965936750159,61.84834063249841,0.008338823267013724,0.010774239954276659,0.01571446548243661,503233547.0,-0.02698346296935662,0,0,-1,0,0,0.0013865352025882517,0.190441953224102,0.1910198796165135,0.1710357569085118,-0.01910248635536671,0.0482825664290345,-0.0818478670922286,0.013755795981452868,0.0
2018-01-05,64.32,64.7,-0.0015396461855927501,-0.001384935206360647,-0.004061870918197088,-0.2745803777960354,-0.0058905766361441155,65.548,64.899,62.77733333333333,4,5,1,65.08654948166536,62.98713111352905,54.11558669001742,1.5402644124381126,1.974853678984072,67.25012425514585,62.54787574485415,0.008269808732561912,0.010578686171810354,0.015768525982422437,500072669.0,-0.4925303277636349,0,0,-1,0,0,0.0030911901081916975,-0.6212991760530933,0.19008988390403414,0.16793143685044862,-0.023531197813876026,0.05235602094240832,0.28870778835998095,0.016480099502487487,0.0
2018-01-08,64.0,64.32,-0.011000188386357605,-0.008971444550517408,-0.006596537191762219,0.364896764446636,-0.004987541511038939,65.345,64.94800000000001,63.074333333333335,0,8,1,64.88899503045347,63.05247749330138,43.24324324324324,1.3479963294305009,1.8494822090733578,67.17163003359215,62.72436996640787,0.00827298101944162,0.00829616668007704,0.015741484070395436,495519850.0,-0.8526598271103321,0,0,-1,0,0,-0.002021144278606895,0.5768534036186926,0.1895681032898169,0.1316975632237452,-0.022154316271963403,0.015550618851158271,0.17490522096535932,0.014062499999999978,0.0
2018-01-09,62.38,64.0,-0.01427811186428828,-0.01015078599578558,-0.019251250810232507,0.5353966693305173,-0.025638372180014614,64.986,64.9005,63.315666666666665,1,9,1,64.43281411582556,63.00909184857226,21.379310344827687,1.0527663916959753,1.6901390455978813,67.30304667515388,62.49795332484611,0.010778905702670415,0.01007126158053842,0.016683574180148236,487743063.0,-2.098190246263205,0,0,-1,0,0,-0.011249999999999982,2.548658714965567,0.16240765966824416,0.1598763211847038,-0.058983255392970335,-0.015000789515237534,-0.6775107270270418,0.02340493747996154,0.0
2018-01-10,62.96,62.38,-0.012082817906122544,-0.004719958416456661,0.00048181162098064376,-0.07705516155434844,0.009254892929490492,64.684,64.8825,63.59433333333334,2,10,1,64.16502973113,63.00592463253535,25.974025974026034,0.8557313533946171,1.5232575071572287,67.33967745647496,62.42532254352502,0.011665861524253933,0.010317336182776455,0.01649230858161916,494943114.0,-1.5648035472032868,0,0,-1,0,0,0.002244309073420977,1.8545560455426549,0.19695033011531513,0.16378263439364968,-0.03004159605607759,-0.005685407454200875,-0.777698878859333,0.01794790343074961,0.0
2018-01-11,64.84,62.96,0.017598551691424904,0.03319163249776866,0.016402947590237634,-0.29581597799386017,0.029423092758327694,64.572,64.953,63.88333333333333,3,11,1,64.28775159819727,63.12425207559758,42.058449809402816,0.8415787581055838,1.3869217573469,67.31372335033551,62.5922766496645,0.015998781918647474,0.012321879134883742,0.016548616628640177,500299407.0,-0.09573336916749697,0,0,-1,0,0,0.010641677255400281,0.6534993805991564,0.32496792534562946,0.19560376725538853,0.0021638330757340896,0.022229229071417445,0.38217886496202,0.03454657618753847,0.0
2018-01-12,65.36,64.84,0.02452777416040999,0.006083668953614737,0.025574448560573292,-0.3408290487533824,0.007987753684272082,64.521,65.064,64.09933333333333,4,12,1,64.4827058530705,63.268493877171935,45.97839135654261,0.862381382786765,1.2820136824348731,67.26945161862199,62.858548381378,0.016286516906493496,0.012334628298130975,0.014408907982426286,504108698.0,0.26842574781572626,0,0,-1,0,0,0.0057063541024057725,-0.2835291869831285,0.32249271952005715,0.19580615394764658,0.016169154228855787,0.035159961989230215,-0.26437729720067416,0.015299877600979192,0.0
2018-01-16,65.47,65.36,0.004589971338674324,0.0024231421821631046,0.0009233610997688165,0.1694461350948403,0.0016815719012525012,64.523,65.14500000000001,64.25933333333333,1,16,1,64.66221387978494,63.41052653025762,47.01670644391408,0.8776269561661891,1.2011363371811363,67.28060788830925,63.00939211169077,0.01617109813253113,0.012132999728118224,0.013490702384067885,508621369.0,0.30436298889801433,0,0,-1,0,0,0.002294981640146966,0.16500884266499802,0.3150050089951409,0.1926053996268907,0.022968749999999982,0.025371965544244368,-0.5890223791822498,0.01680158851382304,0.0
2018-01-17,66.07,65.47,0.0050247536250292565,0.006182632979240166,0.006745388139531435,0.08649593590699967,0.009122763588794299,64.501,65.2135,64.46433333333333,2,17,1,64.91817499255131,63.58210546378939,50.501672240802606,0.9274332947834978,1.1463957287016087,67.37671665946029,63.050283340539714,0.01589042693865891,0.011951369448042662,0.013235957087745328,513541746.0,0.7918762979697933,0,0,-1,0,0,0.00565144340919512,0.48689860540207164,0.16946228019409468,0.189722108317057,0.05915357486373818,0.0211746522411127,1.7241306555386908,0.01619494475556218,0.0
2018-01-18,65.06,66.07,0.0036385728439080898,-0.0036144617663647224,-0.010598363546474466,-0.1584275411105264,-0.015404864996588738,64.51599999999999,65.1815,64.56533333333333,3,18,1,64.94396135754198,63.67745349838363,45.48192771084341,0.8753165139875563,1.092179885758798,67.33331954828887,63.02968045171113,0.015173904122600912,0.01198690754393923,0.012215268740179214,509342279.0,-0.11292768494143902,0,0,-1,0,0,0.0001513546238838371,0.029787986328801124,0.25753930991111823,0.1902862580999235,0.03335451080050822,-0.009741248097412503,0.168097549108424,0.023363049492775838,0.0
2018-01-19,65.05,65.06,-0.010343870749569549,-0.013365934095209111,-0.010087770810268562,0.19629443223442,-0.00015371608669122086,64.551,65.138,64.67633333333333,4,19,1,64.96324111071615,63.766004885584685,45.85020242914975,0.8237114405549733,1.0384861967180332,67.26195460353367,63.01404539646635,0.015124570037939182,0.011954477032025637,0.012156064972930019,504232010.0,-0.08286429460742811,0,0,-1,0,0,0.005225945281278872,0.5771683460971772,0.15523343755913593,0.1897714396834402,0.0032387415175816336,-0.013197815533980695,-1.3679966689031258,0.01983089930822454,0.0
2018-01-22,64.89,65.05,-0.008291157583981192,-0.005366053504638908,0.004513275111142021,-0.19228980936918344,-0.0024626763254370927,64.60799999999999,65.078,64.802,0,22,1,64.9499245451314,63.838520699417934,47.089397089397075,0.7611295574889425,0.9830148688722151,67.15602132605902,62.99997867394099,0.014999174827449892,0.011937121545397477,0.011989392977698344,500015692.0,-0.18094135766791788,0,0,-1,0,0,-0.0029208301306686817,0.034585205062857116,0.14123690721261187,0.1894959298744365,-0.0071909424724602156,-0.01815705855651384,-0.8630815803582743,0.010016951764524449,0.0
2018-01-23,65.26,64.89,-0.002006328321753043,0.0068939376826920385,-0.0029546713043511253,0.06545554794309437,0.005685762532097569,64.734,65.0395,64.87666666666668,1,23,1,65.00630190056205,63.93022904139097,44.37158469945354,0.7329399960270706,0.9329998943031862,67.07127366123873,63.00772633876127,0.014907606028050578,0.012026546251825504,0.01069675531300582,504517224.0,0.21705173583711754,0,0,-1,0,0,-0.0024657112035752285,0.18541632086167187,0.14942710826678773,0.1909155030800776,-0.0032075759890024536,-0.011661366045736754,-0.99209616147443,0.019767085504137392,0.0
2018-01-24,62.21,65.26,-0.032980376020097395,-0.029908481692888844,-0.03777027823547954,0.8371997359090234,-0.047863532638246185,64.717,64.8515,64.83933333333333,2,24,1,64.49788337318712,63.81924652259156,37.52310536044362,0.45919672142274237,0.8382392597270976,67.1929729956698,62.510027004330205,0.019960171789679706,0.015859754627809534,0.013790779782795727,494119182.0,-2.2562720175590796,0,0,-1,0,0,-0.04030033711308615,2.8922430483682127,0.3331649731243516,0.2517657995981387,-0.05842288481913116,-0.05699560406245263,-1.5773933788922878,0.027969779778170743,0.0
2018-01-25,60.19,62.21,0.0062077397918070916,-0.008530857423298647,-0.04262290355523676,0.07235500108668692,-0.03300953296724898,64.44000000000001,64.562,64.735,3,25,1,63.71463185078946,63.58510158565017,32.145684877276295,0.07835288267094143,0.6862619843158664,67.63383195811957,61.49016804188042,0.022039145499420647,0.01716321148241664,0.014974091402238088,482940903.0,-2.846509873981732,0,0,-1,0,0,0.013020414724320886,2.5594518202436056,0.3653206914613108,0.27245753569009595,-0.0748539809406702,-0.08775386480751757,-0.7438691479242816,0.0628011297557734,0.0
2018-01-26,60.82,60.19,-0.03471169382329563,-0.02343606460190001,0.016902753686914684,-0.6149734867166257,0.010412456689539249,64.038,64.30499999999999,64.648,4,26,1,63.18833515064591,63.406707934963066,36.41304347826089,-0.17066554236446763,0.5148764789797996,67.72472298046718,60.88527701953281,0.019397292425519568,0.0174661249933091,0.015124813485669679,488984498.0,-2.038176787947829,0,0,-1,0,0,0.011297557733842827,0.3557785465587418,0.39913729666286896,0.27726613860159344,-0.06502690238278241,-0.07792601576713154,-0.6392677457371939,0.021538967444919472,0.0
2018-01-29,60.36,60.82,-0.005436138912260396,-0.014231040857666116,-0.0029915262462758964,-0.0011685304106147639,-0.0075920483495703975,63.538,64.02950000000001,64.55533333333334,0,29,1,62.67409239598302,63.210146132707386,36.021505376344074,-0.4005156982484621,0.3317980435341473,67.7892506916198,60.26974930838023,0.01874225168711278,0.017473730661267988,0.015157037416690756,482947961.0,-1.9519911297198849,0,0,-1,0,0,-0.004603748766853028,0.28362762721967516,0.39214956132979567,0.2773868748374359,-0.0698104484512252,-0.08364961287384254,-0.4959093192235017,0.010271703114645536,0.0
2018-01-30,59.83,60.36,-0.015313215343647227,-0.0037963237803310744,-0.007685919205953894,-0.3363590986806816,-0.008819426497707748,62.974000000000004,63.7485,64.42133333333332,1,30,1,62.15698468762247,62.99207218866175,39.31265716680636,-0.6183126500293881,0.14177590482144026,67.88265694963171,59.614343050368284,0.018445890886785606,0.017497662553809103,0.01502188564907073,478635661.0,-1.8956706519567796,0,0,-1,0,0,-0.012259774685222035,-0.5629717520574704,0.3580233619825658,0.27776678185383735,-0.08320563898253153,-0.08586707410236827,-0.2824583624728417,0.01420691960554908,0.0
2018-01-31,60.8,59.83,0.008185128801145431,0.01656454438527363,0.008185128801145431,0.2527199593952739,0.0160825815701809,62.447,63.474000000000004,64.29133333333334,2,31,1,61.91026019896383,62.850648176490026,41.233766233766225,-0.7045260720796307,-0.027484490558773944,67.62663720898557,59.32136279101444,0.019322879736469428,0.017687380584951333,0.015133111258269813,484187845.0,-1.2878563021175777,0,0,-1,0,0,0.004679926458298532,-0.022940345707102808,0.3035994790638309,0.28077846223160025,-0.022665166371966028,-0.08281792125509135,-0.59992640576769,0.022532894736842064,0.0
2018-02-01,60.31,60.8,0.006632423583159442,-0.005872773812130032,-0.0009986685250781666,-0.2685819439151701,-0.008091861509225876,61.972,63.24399999999999,64.11166666666666,3,1,2,61.61930379915223,62.68673539091003,29.27721866422688,-0.8031317324086871,-0.1826139389287566,67.567781970254,58.92021802974598,0.019158958135878375,0.017280484638590495,0.01480546664693632,479943407.0,-1.357145212309411,0,0,-1,0,0,-0.004769736842105249,-0.6242689869356249,0.18960261148184993,0.2743191893302939,0.0019936866589134183,-0.07086735479895234,0.7324708146527905,0.01774166804841652,0.0
2018-02-02,58.71,60.31,-0.009297759160706734,-0.014170611156109838,-0.02341948497668758,-0.03641356152514276,-0.02688785738680083,61.338,62.94449999999999,63.87133333333334,4,2,2,61.090339472033634,62.430171817302934,22.31473771856787,-0.9988697086504317,-0.34586509287309164,67.65607354427752,58.23292645572247,0.01985583888293102,0.0180287564446514,0.015375577545165497,475850744.0,-1.7974886564778485,0,0,-1,0,0,-0.005969159343392463,-0.693802303013208,0.24137923370851475,0.28619763600180376,-0.03469253535021377,-0.0925811437403401,0.5803357129999055,0.0272525975132005,0.0
2018-02-05,56.99,58.71,-0.03272310278026532,-0.02554760793168108,-0.04444401378642436,0.6559485901535818,-0.029734256229186393,60.548,62.577999999999996,63.568000000000005,0,5,2,60.34482320439115,62.07919299038017,18.869309838472844,-1.278050519567472,-0.5323021782119677,67.93518936520961,57.22081063479038,0.020522610324972126,0.018851704881158716,0.016012178661224667,467964307.0,-2.0861685555822613,0,0,-1,0,0,-0.011752682677567667,0.9982945721745203,0.2894224564265518,0.2992615374307705,-0.05583167660702448,-0.11396144278606957,0.7891029258864565,0.046148447095981794,0.0
2018-02-06,58.14,56.99,-0.0382973202391409,-0.005291469204128355,-0.010030533677241663,-0.13641243096684366,0.01997808128382168,59.836,62.285000000000004,63.305,1,6,2,59.943946258138205,61.82505150712984,22.018348623853242,-1.3904793541085425,-0.7039376133912827,67.94704909904341,56.622950900956596,0.022390952889250117,0.019732421759108436,0.016639493809645172,474845087.0,-1.4641342480411532,0,0,-1,0,0,-0.020178978768204923,0.46447771213463873,0.36768560883824736,0.3132424844378436,-0.028246698980444518,-0.09156249999999999,0.14649153778994844,0.04953560371517032,0.0
2018-02-07,57.89,58.14,0.0388142496897833,0.010385723725871383,0.04126114200527432,-0.43750415699285244,-0.0043092370398166505,59.403999999999996,62.060500000000005,63.03566666666667,2,7,2,59.57050148393125,61.57117721634727,23.266219239373612,-1.4826617247135516,-0.8596824356557364,68.05309709975386,56.067902900246146,0.018624376589385802,0.01912168711189811,0.016628597686005626,470402540.0,-1.3918839963965894,0,0,-1,0,0,-0.0015479876160991298,-0.6311393612464413,0.31667723496114314,0.3035473724764279,-0.04786184210526312,-0.0719781981404296,0.7386099371162796,0.01986526170323024,0.0
2018-02-08,55.63,57.89,-0.0029328063806172513,-0.01897979518368429,-0.04036145683437651,0.6795857758680162,-0.03982203400371136,58.94799999999999,61.694,62.690666666666665,3,8,2,58.854046668671025,61.1878754604539,19.92337164750961,-1.718272850119611,-1.0314005185485113,68.31826289841722,55.06973710158278,0.019706412508321617,0.020422525445348602,0.01777407635873307,461637127.0,-1.8308452104003643,0,0,-1,0,0,-0.0001727414061150114,1.3690883185717304,0.377674495112489,0.3241975408336862,-0.07759907146410217,-0.11642312579415504,0.9849265390380377,0.04188387560668701,0.0
2018-02-09,55.5,55.63,-0.02324669920115375,-0.019875131219191617,-0.029013986651737052,-0.2792077764831572,-0.002339603334813055,58.416,61.227,62.342,4,9,2,58.24422000163993,60.820915753327846,19.96161228406912,-1.8936573745816716,-1.2038518897551436,68.22385072014393,54.230149279856064,0.018791726586978547,0.018640804009548137,0.01775737467423636,455007120.0,-1.637022205865266,0,0,-1,0,0,0.01653783929534414,0.34518077792049195,0.37339197910189514,0.2959135898853604,-0.05467552376085849,-0.14404688463911175,0.09019922548321381,0.05009009009009011,0.0
2018-02-12,56.81,55.5,-0.007276631628392937,0.00859126876304893,0.030990449427924515,-0.4067617992677464,0.023329345816646675,58.061,60.7995,62.03999999999999,0,12,2,57.98345272861449,60.562146995048636,24.502112251056133,-1.9049853367718228,-1.3440785791584795,67.77786800405215,53.82113199594785,0.02144482697097474,0.019626795544032953,0.018530294906373576,459421397.0,-1.143390545664374,0,0,-1,0,0,0.011531531531531542,-0.7064957916578541,0.3977856559106272,0.3115657202557311,-0.0031584488506755104,-0.1308139534883721,-0.9366699132693956,0.027635979581059678,0.0
2018-02-13,57.16,56.81,0.007276631628393058,-0.0005238802180412059,0.008045095684831438,-0.11339103947763408,0.006141986492631076,57.794,60.384,61.76366666666667,1,13,2,57.833734050684576,60.34265364052937,31.795241528478712,-1.8642310582966175,-1.4481090749861072,67.17863069752643,53.58936930247357,0.02173531839998547,0.019753790366896076,0.018633500426472025,463362470.0,-0.9489846155063868,0,0,-1,0,0,-0.004576659038901692,-0.9055101741394589,0.3630794108847941,0.31358170057026225,-0.016855865153078797,-0.12692836413624564,-0.907853952047347,0.01906927921623519,0.0
2018-02-14,57.73,57.16,0.0068728792877620504,0.019545722991619663,0.012211460478989543,0.08103442894590913,0.009922616011175599,57.487,59.967000000000006,61.47833333333333,2,14,2,57.81487331419646,60.17409534114039,40.09661835748791,-1.7655861841830358,-1.511604496825493,66.3003473314695,53.63365266853051,0.021161650679783345,0.01978845125297586,0.018549699759843122,467636202.0,-0.7064194912805987,0,0,-1,0,0,-0.0038488453463960616,-0.7289731973319395,0.3742764721403793,0.31413192507899174,-0.0027638624978407744,-0.12622975631905553,-1.365405253651683,0.02650268491252384,0.0
2018-02-15,58.18,57.73,0.022059079433752706,0.001369394257131113,0.010846852323105177,-0.26386506298783413,0.0077646839942134725,57.27399999999999,59.623000000000005,61.254000000000005,3,15,2,57.881259984342556,60.045444028808745,39.2156862745098,-1.6322822379779964,-1.5357400450559937,65.52423305580508,53.72176694419492,0.021495304603802733,0.019923832973783504,0.018413134893517556,470918758.0,-0.4890503345162806,0,0,-1,0,0,0.008314567815693816,-1.140321538419586,0.1489668142739935,0.31628104327091777,0.04583857630774757,-0.10574853980940668,0.8029938848837527,0.017016156754898624,0.0
2018-02-16,58.27,58.18,0.003429946768573842,0.007158714737520968,0.012794088763993957,0.14942954719805507,0.0015457280879273673,57.230000000000004,59.28399999999999,61.03966666666667,4,16,2,57.95193998718936,59.93089925275657,41.19629317607416,-1.5020608301196035,-1.5290042020687158,64.62493388246114,53.94306611753885,0.019910719075244596,0.019950930026032713,0.01843598035476952,474730369.0,-0.3797088757566605,0,0,-1,0,0,0.003953248539016791,-0.8567906982022978,0.13185034190095354,0.3167111956400038,0.049909909909910066,-0.10422751729438884,1.4534777458288801,0.011498198043590212,0.0
2018-02-20,57.73,58.27,-0.005665737535677308,-0.006645674965686338,-0.012272213480339366,-0.06974216051154548,-0.009310412082140774,57.303999999999995,58.926,60.82000000000001,1,20,2,57.911587262245845,59.78890575257873,41.16161616161615,-1.4259949313118057,-1.5084023479173339,63.603400987725934,54.24859901227407,0.017569869707131727,0.019958050557416153,0.01846260189017719,471175530.0,-0.511395111575191,0,0,-1,0,0,-0.003260683027286851,-0.9440921670840459,0.12138948717159267,0.31682423057146303,0.0161943319838056,-0.11034057635999395,-1.433090732760777,0.017148796119868387,0.0
2018-02-21,58.03,57.73,-0.0044866339283406225,0.013584858264341845,0.0027787444069513616,-0.03135713255020696,0.005183149129674775,57.293000000000006,58.564499999999995,60.621,2,21,2,57.933116850928414,59.67542796208978,37.64495985727032,-1.326216863228069,-1.471965250979481,62.1770656431815,54.95193435681849,0.016392952201353644,0.01994325382081763,0.018526539052551486,474620629.0,-0.29591157797164486,0,0,-1,0,0,0.0015589814654426368,-0.9518005313695768,0.12011481091024767,0.3165893396599329,0.015220433869839178,-0.11078761875574628,-1.3684697000674737,0.028088919524383985,0.0
2018-02-22,57.32,58.03,0.010152371464017908,-0.010171303149033202,-0.008009793824503852,0.1584015552366599,-0.012310515242545797,57.236000000000004,58.32000000000001,60.45233333333333,3,22,2,57.82164105985052,59.523464867761405,36.92038495188102,-1.289567757313705,-1.4354857522463258,61.533589565379586,55.10641043462043,0.01680743541302574,0.017552268281040444,0.018135378149302266,470584225.0,-0.6223570120921094,0,0,-1,0,0,0.0065483370670342145,-0.6320341037974117,0.14110393741607608,0.2786336209003211,-0.007102026675904982,-0.07860472592830736,-0.40092716281835034,0.025994417306350225,0.0
2018-02-23,57.99,57.32,-0.01049833237388616,-0.011309236367726199,0.004709174133897887,-0.20516778942018635,0.011620978928378142,57.472,58.21,60.28666666666666,4,23,2,57.85225177624133,59.42453165048648,46.571428571428584,-1.1927108480382032,-1.3869307714047012,61.302401553550375,55.11759844644963,0.010461057817329896,0.016521238729518512,0.01819487359760124,473871919.0,-0.14228423844077942,0,0,-1,0,0,0.008374040474528905,-1.0436220541710937,0.1586890139025267,0.2622665341742082,-0.0032657270539704353,-0.036550922080079706,-0.06213059479140542,0.009656837385756204,0.0
2018-02-26,59.5,57.99,0.01630237734593664,0.03071421546370483,0.020324502579834407,0.396782763040322,0.02570573066323491,57.872,58.144000000000005,60.108666666666664,0,26,2,58.15184236237927,59.42940057626154,62.19630709426626,-0.9827778182863014,-1.3061001807810213,61.05274832910739,55.23525167089262,0.012192382916918971,0.01746617960120029,0.017971984462496718,478760828.0,0.9323597964325196,0,0,-1,0,0,0.013105707880669046,-4.2076679449312183e-05,0.24916611403265984,0.27726700547499167,0.021108632229277502,-0.021703387043735645,0.399274805938508,0.02000000000000008,0.0
2018-02-27,58.48,59.5,0.014364421047035732,-0.0020073609952322305,-0.003073772911905343,-0.318686120799433,-0.01729149711006111,58.039,58.05,59.879333333333335,1,27,2,58.21150738740122,59.368148926180154,51.673228346456675,-0.8884681474745761,-1.2225737741197322,60.77278495197777,55.327215048022225,0.012837169744867493,0.017785494561021915,0.018041342045213665,475206084.0,0.31585307513004823,0,0,-1,0,0,0.001680672268907587,-0.7702175205482756,0.2804595680270956,0.28233597331653526,0.012991512212021439,-0.031146454605699203,0.17194751396630553,0.02137482900136799,0.0
2018-02-28,57.84,58.48,-0.015897510521999204,-0.015015043794625038,-0.011006130017452256,0.303294104712378,-0.011004237591013705,58.107000000000006,57.9505,59.625,2,28,2,58.1439605896919,59.26955867287821,49.76303317535546,-0.8555079421665255,-1.149160607729091,60.541662917135405,55.35933708286459,0.01348859067639969,0.017839050122887442,0.018062529921481534,470391849.0,-0.0852898899326292,0,0,-1,0,0,0.0030779753761969856,0.015471721001128255,0.2944980799812961,0.2831861415046584,-0.003274168533517141,-0.03326090590005004,0.8624245535313116,0.017289073305670814,0.0
2018-03-01,58.01,57.84,-0.015115368511215718,-0.0011905775706880762,-0.005896652534927314,0.1149782686868708,0.002934831627463701,58.135000000000005,57.811,59.356333333333325,3,1,3,58.11960411883882,59.18829682301511,64.06619385342786,-0.8063737876697132,-1.0806032437172155,60.0299034750432,55.5920965249568,0.01316359523867587,0.017385049213475296,0.01794187706320299,475792694.0,0.17936787448234864,0,0,-1,0,0,-0.0010373443983402882,0.39540247131910145,0.27555978305953305,0.27597910049684815,0.012037683182135384,-0.04588815789473688,0.29885899976925473,0.02189277710739521,0.0
2018-03-02,57.81,58.01,-0.0050316754028896515,-0.01077946959241724,-0.0080335744667521,-0.3499301494995468,-0.003453638383588117,58.098,57.686,59.11466666666667,4,2,3,58.06331246086812,59.099374447336714,63.54044548651818,-0.774643338560594,-1.0194112626858913,59.56828752207769,55.80371247792231,0.012955637261429696,0.017333775457108565,0.01781870690919632,471986517.0,0.13175457898496795,0,0,-1,0,0,-0.008963971729012171,-0.6059140718022822,0.2645491546913923,0.27516515484806525,-0.003103983445421621,-0.041452495440225445,1.1699374374259546,0.019027849852966638,0.0
2018-03-05,58.38,57.81,0.0032994733414940997,0.010098502593000793,0.002801612758777354,0.2919681943689967,0.00981159433158397,58.108999999999995,57.669500000000006,58.89233333333333,0,5,3,58.12089201343755,59.052963192669836,60.07702182284981,-0.6954853703006236,-0.9546260842088379,59.51950113797431,55.8194988620257,0.013366229899781064,0.016510547579375617,0.017981929619816515,477083218.0,0.7681076356287784,0,0,-1,0,0,-0.0022487458917142805,0.1823264562330525,0.1704544403612327,0.26209681742716406,-0.018823529411764683,-0.00562084823709752,0.014028613934898898,0.02620760534429601,0.0
2018-03-06,58.25,58.38,0.013603309210885437,-0.0013633267278640533,0.012856327181307982,-0.5532566295834253,-0.0022292729801587983,58.161,57.7325,58.671,1,6,3,58.14436619281254,59.0011591157234,57.19947159841481,-0.6359116302644594,-0.8908831934199622,59.570850232933665,55.89414976706634,0.012988211077613707,0.0150395923048088,0.0179824183257251,474152238.0,0.5630047971589891,0,0,-1,0,0,0.0015416238437820538,-1.1304834359698128,0.1228487775012935,0.23874612634994888,-0.003932968536251691,0.022109141954728795,0.15496345389831367,0.012188841201716753,0.0
2018-03-07,57.57,58.25,-0.013776694560257808,-0.0106292788851381,-0.0077983238977085995,0.3062479503761423,-0.011742493758091709,58.114999999999995,57.70399999999999,58.41466666666666,2,7,3,58.03993597593753,58.908826269547696,48.95833333333336,-0.6362352056747014,-0.8399535958709101,59.53340197303032,55.874598026969664,0.013465490352359864,0.014604489013882713,0.017957829689112862,470171032.0,-0.14649596094840522,0,0,-1,0,0,-0.009957081545064349,-0.3258149971033981,0.12670799012340306,0.2318390757354516,-0.004668049792531215,-0.009803921568627416,0.033102333132384094,0.009379885356956857,0.0
2018-03-08,58.37,57.57,0.0012130666074677654,0.015053311964282938,0.003993407512050993,0.17628716082493026,0.01380046052798127,58.220000000000006,57.72800000000001,58.28666666666666,3,8,3,58.09994761667616,58.87406328441559,51.183063511830625,-0.5654205117006796,-0.7850469790368642,59.58012935775951,55.87587064224051,0.013516778471008099,0.014911675798416176,0.016321080970732482,474919737.0,0.693256113359824,0,0,-1,0,0,0.0029529268716345617,0.23496528781963752,0.16558851824720935,0.23671551476297836,0.00620582658162383,0.008291587493522101,0.11571040739455146,0.020387185197875583,0.0
2018-03-09,59.7,58.37,0.020060681298806747,0.013490929741015508,0.01649805421489347,-0.16678086088970437,0.022529961182856897,58.391000000000005,57.93149999999999,58.27033333333334,4,9,3,58.39086623182595,58.92734952413072,57.71305285868392,-0.39739850916604524,-0.7075172850627004,59.70577553784363,56.15722446215636,0.014804031632809777,0.012491229821950093,0.015874673180198556,478938970.0,1.9934896945593406,0,0,-1,0,0,0.009251327736851108,-0.20213537804911844,0.215574329366864,0.19829212606940144,0.03269330565646089,0.07316196296962074,-0.32739680046485836,0.0172529313232831,0.0
2018-03-12,59.76,59.7,0.01633170401783167,0.003678318810407512,0.012365703430830726,0.13501086621978056,0.0010045204260054903,58.41700000000001,58.144499999999994,58.235,0,12,3,58.639799644221235,58.98106890967068,61.547212741752006,-0.25644225636350626,-0.6173022793228615,59.69892289171753,56.59007710828246,0.01239791335418619,0.012429685916471322,0.015749968583449948,483539180.0,2.0785849315625886,0,0,-1,0,0,0.003015075376884417,0.7537055131389032,0.21611778578116733,0.19731514685775048,0.023638232271325776,0.07675675675675664,0.29614049012312127,0.008701472556894296,0.0
2018-03-13,60.33,59.76,0.0028349889745647675,0.013921338518608014,0.006376930487192561,0.1111855331620281,0.009492951628108402,58.602,58.3205,58.234,1,13,3,58.94710879981737,59.06809672194999,62.693156732891836,-0.09761394141721524,-0.5133646117417323,60.028259073350576,56.61274092664943,0.010966278639412666,0.011620456877867037,0.01579363362142964,488680385.0,2.353376458492374,0,0,-1,0,0,0.004852744310575622,1.4272688253530375,0.2081584615872739,0.1844690341187175,0.03570815450643772,0.06196092237282169,-0.49467584552995225,0.016243991380739217,0.0
2018-03-14,59.62,60.33,0.005314744282342248,0.0011514106050418357,-0.007556076585239933,-0.09741425314902658,-0.011838404202744946,58.779999999999994,58.44349999999999,58.227000000000004,2,14,3,59.06945265439603,59.10370338505,62.693156732891836,-0.02870156997590101,-0.41643200338856606,60.1536834312145,56.73331656878548,0.011086679011649404,0.012053338516799487,0.01586087672466953,484016386.0,1.3758758020062192,0,0,-1,0,0,0.0006630200563566906,0.6940664230139534,0.20869771720640343,0.19134081710116543,0.03560882404029875,0.043037088873338014,-0.5021327357216617,0.025159342502515936,0.0
2018-03-15,59.94,59.62,-0.011327790627776274,-0.009248620837661134,-0.0020246337268670354,-0.1967967045158506,0.005352973638591754,58.973,58.553999999999995,58.19833333333334,3,15,3,59.227733989960385,59.157658005369356,61.19402985074626,0.05114375317585029,-0.3229168520756828,60.35333788991528,56.75466211008471,0.011109557742476569,0.011940069165399766,0.015600179972025448,487847197.0,1.5405666804084885,0,0,-1,0,0,0.001174102650117415,-0.4364107361718315,0.19977028213024187,0.18954272189134994,0.02689737879047449,0.038281655984756746,0.04346351290685292,0.01768435101768439,0.0
2018-03-16,60.9,59.94,0.009669965314394435,0.01824958169663729,0.016581905771090602,0.3353057459538144,0.01588911282733427,59.282000000000004,58.69000000000001,58.217999999999996,4,16,3,59.53178235542212,59.270067166313275,58.578431372549026,0.18969899207621665,-0.22039368324530292,60.76098247723928,56.61901752276074,0.011488049552317197,0.012288398713924271,0.01580812678511466,493204080.0,2.1342527271848617,0,0,-1,0,0,0.005505505505505596,1.5019735741156148,0.1654568471814213,0.19507228204949742,0.02010050251256268,0.046751460983155635,-0.7659839016087319,0.019376026272577992,0.0
2018-03-19,60.6,60.9,0.0066148744592538075,-0.00228347840210707,-0.0003322811128762925,-0.20618846843399247,-0.004938281640582566,59.504000000000005,58.80650000000001,58.28099999999999,0,19,3,59.726003745345366,59.35586928461564,64.24731182795705,0.27216023062122474,-0.1218829004719974,61.03421324810195,56.578786751898065,0.01178087574540037,0.012395677762395377,0.01500876548011202,488845293.0,1.610171328404223,0,0,-1,0,0,-0.0037766830870278635,0.11341223869544263,0.177230845195469,0.19677528414835055,0.014056224899598346,0.03998627080830608,-0.29640034175252505,0.01749174917491753,0.0
2018-03-20,60.69,60.6,0.0009884679552773126,-0.004090654481118034,0.0053032938348965665,-0.45120329835136647,0.0014840467724950225,59.748000000000005,58.95450000000001,58.40433333333333,1,20,3,59.9012757916462,59.441942233995285,70.68214804063861,0.34084456018644005,-0.029337408340309915,61.2725524947465,56.63644750525352,0.011627315252603857,0.012109556764595101,0.013862839846613626,491621236.0,1.497377651225098,0,0,-1,0,0,0.00214521452145207,-1.8497995836621774,0.16699766401469912,0.19223325411803144,0.005967180507210346,0.051273168196778185,0.3104895165480368,0.00807381776239911,0.0
2018-03-21,57.78,60.69,-0.04513310176558346,-0.043394026474183646,-0.0655748706344253,1.5873886639809152,-0.04913624480967457,59.76899999999999,58.94200000000001,58.39233333333333,2,21,3,59.51558928407416,59.33472015438269,48.80581516095536,0.1586360484761471,0.008257283022981489,61.28361977226751,56.60038022773251,0.019862488622270184,0.016528238660629826,0.016198161707823087,478044209.0,-0.9924753914037772,0,0,-1,0,0,-0.04349975284231341,3.9856506170099015,0.3913304507340778,0.2623776546356989,-0.0308621268030862,-0.004308116491469893,-1.7034911790230023,0.030114226375908652,0.0
2018-03-22,57.0,57.78,-0.009345862418237658,-0.002228508679198463,0.0056318346673917144,-0.6578986272690951,-0.013591427203539001,59.63199999999999,58.926,58.36266666666666,3,22,3,59.058209414242484,59.184093047648325,46.033300685602335,-0.04814994843049902,-0.0030241632677146142,61.31811335763355,56.533886642366454,0.019705075312107287,0.01657949950685949,0.016367029053135765,471012143.0,-1.6102915807512903,0,0,-1,0,0,-0.0046728971962617365,0.9435624376562194,0.3795446791432325,0.2631913953424094,-0.049049049049049054,-0.005582693649685999,-1.1275122206468562,0.02263157894736853,0.0
2018-03-23,56.72,57.0,-0.011542625529117754,-0.005161745803341361,-0.011118088583976823,-0.023458080077181274,-0.0049243856106781295,59.33399999999999,58.8625,58.399,4,23,3,58.633080429834756,59.02511930263876,41.633064516129004,-0.2319492343439009,-0.048809177482951875,61.420878392650195,56.3041216073498,0.017642331889338395,0.016369949806374618,0.014687590894789326,464143116.0,-1.6748890673522345,0,0,-1,0,0,-0.0026315789473683963,0.7898710922538612,0.313241234518745,0.2598648969736631,-0.06863711001642037,-0.021900327642697115,-1.849338117386492,0.028561354019746077,0.0
2018-03-26,57.59,56.72,0.011368727606759759,-0.001899335803652405,0.009713100646499806,-0.23521096443540182,0.01522205929470906,59.117,58.766999999999996,58.468666666666664,0,26,3,58.44342944259208,58.932530960533036,46.90431519699814,-0.3039065183576142,-0.09982864565788435,61.36742992396509,56.1665700760349,0.018729935023967484,0.015597094636210038,0.014912201138850981,469572423.0,-0.9052349299267559,0,0,-1,0,0,0.013751763046544449,0.14497910196607966,0.376675376306462,0.24759620149530723,-0.04966996699669968,-0.03210084033613436,-1.1665410566382768,0.016669560687619392,0.0
2018-03-27,56.69,57.59,0.0058956300472044485,0.0015542702377717777,-0.010956108886096895,-0.2102571891017201,-0.015751113182368798,58.753,58.677499999999995,58.464666666666666,1,27,3,58.124624089393514,58.78785154372446,45.95588235294117,-0.4286148574753881,-0.16558588802138513,61.437819394177815,55.917180605822175,0.0184676601501867,0.01552067489963906,0.01460972583599667,465172644.0,-1.4400507449914042,0,0,-1,0,0,0.004341031429067546,-0.32927528396683137,0.3634271083678781,0.24638307578596397,-0.06590871642774754,-0.030608755129958976,-0.6022155289134519,0.02945845828188396,0.0
2018-03-28,56.25,56.69,-0.01973001582457265,-0.01793379656410909,-0.007311668775130984,0.06666840387289968,-0.007791787251682819,58.416,58.598,58.434333333333335,2,28,3,57.78378334586742,58.62411918606482,39.92395437262359,-0.5565360364710799,-0.2437759177113241,61.54514563067395,55.65085436932605,0.018372963124683672,0.01543415310810842,0.014629492417622954,460469540.0,-1.5934061592083983,0,0,-1,0,0,0.00035279590756752736,-0.19209696777042748,0.19539999150592002,0.24500958492569688,-0.026479750778816258,-0.02748962655601661,1.5884031058316783,0.01866666666666674,0.0
2018-03-29,57.28,56.25,-0.005658724206845909,0.011702168296929492,0.00784457579546992,-0.42087040706552287,0.01814548156786072,58.15,58.5615,58.419333333333334,3,29,3,57.69218637389152,58.53740181922193,38.16046966731897,-0.5682516492287206,-0.30867106401480343,61.5569932815781,55.5660067184219,0.019646911309055312,0.016026598114637153,0.014910486651915088,463557011.0,-0.8556186774853156,0,0,-1,0,0,0.002488888888888899,-0.8409065543539981,0.23724862537244046,0.25441435784223926,0.004912280701754312,-0.012584037234959489,0.30861362105844875,0.022346368715083817,0.0
2018-04-02,54.34,57.28,0.0140872201081341,-0.006969883591356288,-0.04578456298137601,0.5473156976822817,-0.052690918654188505,57.49399999999999,58.388,58.291333333333334,0,2,4,57.08269794227488,58.26660170185278,29.31297709923666,-0.8054846603724144,-0.40803378328632567,61.920582773639026,54.85541722636097,0.023123378266398893,0.019654024715057925,0.017505170746542644,458219988.0,-2.2918075863400205,0,0,-1,0,0,-0.001571229050279389,0.10521457270637297,0.44704321982539574,0.3119979699453623,-0.041960507757404675,-0.0600242172634492,-0.9108516435583964,0.06256900993743096,0.0
2018-04-03,55.97,54.34,-0.04013737726009698,-0.0203133364584185,0.012378910960462413,-0.21744138942932173,0.029555228905066545,57.03099999999999,58.2675,58.214666666666666,1,3,4,56.88038922549762,58.11843385012034,34.60451977401131,-0.8521431772471288,-0.4968556620784863,61.961938921859186,54.57306107814081,0.026541633417865907,0.020823254754124707,0.01845564304787127,462514022.0,-1.2437612577142325,0,0,-1,0,0,0.011041589988958305,-0.33330994722140106,0.5041563203725348,0.33055892139814447,-0.028129883660357735,-0.041281260705721246,-0.5425168264094486,0.028229408611756268,0.0
2018-04-04,56.36,55.97,0.002181819047333565,0.007997909868364432,0.007135699475625823,-0.16473756901555786,0.0069438541272113345,56.598,58.173,58.169,2,4,4,56.785773002679875,58.00498650495128,38.22254335260116,-0.8478768508413168,-0.5670598998310524,61.96473116968195,54.38126883031806,0.02680535979024423,0.02091687347959588,0.018448199829103222,466155862.0,-0.9562914240843077,0,0,-1,0,0,-0.01625871002322667,-0.6420729944058348,0.5004502927326626,0.3320450725920778,-0.0058211324748632665,-0.0324463519313305,-1.238370400071743,0.029098651525904906,0.0
2018-04-05,56.86,56.36,0.030408352577380632,0.012140555556995034,0.025559346723948367,0.01309892649231054,0.008832419192374315,56.50599999999999,58.1375,58.129999999999995,3,5,4,56.79926882037444,57.93111640785766,39.01569186875892,-0.794985833277309,-0.6126450865203038,61.966117312594136,54.30888268740587,0.022911100907575904,0.020892153044905545,0.018500375626909704,469845720.0,-0.6673427484108697,0,0,-1,0,0,0.007097232079488974,-0.6120763890824112,0.4997258839304665,0.33165264785712556,0.010844444444444434,-0.012332812228591283,-1.7580721716933514,0.01600422089342238,0.0
2018-04-06,55.29,56.86,-0.00583092031079321,-0.008959216712637783,-0.025559346723948446,0.3624704819128532,-0.0280000458730121,56.335,57.98349999999999,58.062333333333335,4,6,4,56.524856307579086,57.760721800899105,30.827067669172934,-0.8697294994789928,-0.6640619691120416,62.01513425137026,53.95186574862972,0.024143128031282515,0.021450448257281363,0.019041478719692004,464543856.0,-1.336182715029037,0,0,-1,0,0,-0.00756243404854027,0.08663891930708088,0.5146822217561051,0.340515309597752,-0.034741620111731875,-0.052766832276854525,-0.5291113227994294,0.032917344908663417,0.0
2018-04-09,54.85,55.29,-0.014278307893846823,-0.015112742073351776,-0.001824818024629059,0.09953775133310191,-0.007989873628602342,56.148,57.74100000000001,57.95766666666667,0,9,4,56.220336978928344,57.57293329761529,30.534867975626256,-0.9534776197284103,-0.7219450992353154,61.918714812264184,53.56328518773583,0.024192242102382955,0.020630076742683575,0.018926691355062322,458687098.0,-1.384010220857169,0,0,-1,0,0,0.0061493941038163035,0.29207781611853006,0.33970083928265554,0.32749231553590913,0.00938535149061459,-0.08123953098827474,-0.2064207159011582,0.019507748404740205,0.0
2018-04-10,54.13,54.85,-0.002339603334813055,-0.004308803793818451,-0.021228300619853886,0.017081578360082398,-0.013213625912352674,55.802,57.459500000000006,57.77866666666667,1,10,4,55.84027571003228,57.35080856873689,28.70129870129871,-1.0656622994710787,-0.7906885392824681,61.819154621759935,53.099845378240076,0.02344745404624331,0.020690749956718244,0.01828889906196104,452729438.0,-1.527414572421304,0,0,-1,0,0,0.011850501367365516,0.3065032347382141,0.23935636342454036,0.3284554729493815,-0.03287475433267817,-0.09421017402945109,-0.4173942443550076,0.03657860705708474,0.0
2018-04-11,53.5,54.13,-0.030180617149991287,-0.02256282031615585,-0.0018674141747954732,-0.5038511690420547,-0.011706906906925711,55.483000000000004,57.117999999999995,57.61266666666667,2,11,4,55.41477103548095,57.10236930623774,33.6890243902439,-1.1916683898737759,-0.8708845094007296,61.59922915468762,52.63677084531237,0.02329752519407644,0.020462821278380124,0.01816917865702468,449129824.0,-1.614735544695524,0,0,-1,0,0,-0.005172732311102921,-0.6937718338337288,0.20735973956722972,0.32483721735212767,-0.05074520936834637,-0.11321067462290735,0.342331484494556,0.015700934579439316,0.0
2018-04-12,54.94,53.5,0.004446922280938133,0.029019083775611902,0.0052199969387578095,0.45730754206859314,0.026560026765166823,55.352,56.884,57.516,3,12,4,55.32844902902987,56.962861609061115,42.525399129172705,-1.1619390488516927,-0.9290954172909223,61.303461267475626,52.464538732524375,0.025412840863266818,0.02166094712176625,0.01888480128158349,454816547.0,-0.8797452369620632,0,0,-1,0,0,0.011028037383177635,0.19549308020040695,0.3209046954471138,0.34385687547788296,-0.033767147379528684,-0.07849714860784973,1.431195155805596,0.03931561703676732,0.0
2018-04-13,55.07,54.94,0.01886330082206745,0.0008934155869882715,0.013665955987613278,-0.17763505234158636,0.0023634226072622596,55.13100000000001,56.640499999999996,57.418000000000006,4,13,4,55.28145829647898,56.840741505250726,43.947175348495975,-1.1150349890896365,-0.9662833316506652,60.884155202023926,52.396844797976065,0.02447561314131356,0.02160402932687567,0.018880406051371864,459577744.0,-0.7401638093740389,0,0,-1,0,0,0.00327630141973061,-0.23130315820656422,0.2631046454161127,0.342953333495155,-0.003979019714233978,-0.08124791458124792,1.5961430521672861,0.02669329943708006,0.0
2018-04-16,54.89,55.07,0.0032602818228860734,-0.004295693020573858,0.0007334067068747537,0.0834712378444019,-0.0032739207125923155,55.186,56.339999999999996,57.32066666666666,0,16,4,55.21028406075553,56.71488721458939,39.56723338485316,-1.0799388170357247,-0.9890144287276772,60.1418222777452,52.538177722254794,0.017913464753496058,0.021087679394161715,0.018879816119891785,454402066.0,-0.7627921002451318,0,0,-1,0,0,0.004176502633012473,-0.04455736169560704,0.256976433382936,0.3347565324264787,0.0007292616226071136,-0.0986863711001642,1.4590359694058819,0.021679723082528652,0.0
2018-04-17,54.27,54.89,0.000903750626356901,-0.004674586002418208,-0.025054664926928764,0.4429409782028855,-0.011359594486484345,55.016,56.0235,57.18366666666667,1,17,4,55.03932332243634,56.55715255558363,40.442338072669834,-1.089593510531543,-1.0091302450884505,59.35720838240664,52.68979161759336,0.01505701858349404,0.021135058534700008,0.01883390849074742,446342084.0,-1.051981636578617,0,0,-1,0,0,0.008380397157952284,1.1107479936501599,0.25123547909153243,0.33550865296565646,0.0025863661555514117,-0.10445544554455444,1.5354440110371343,0.04201216141514651,0.0
2018-04-18,55.82,54.27,-0.01547595748544754,0.01839173347851692,0.021750090596046857,-0.20594114734732408,0.028160640032862637,54.962,55.779999999999994,57.102666666666664,2,18,4,55.18126453653882,56.50959432619114,48.438634713144516,-0.9610939853726421,-0.9995229931452889,58.287630460473956,53.27236953952603,0.017918228535175832,0.022419727746755037,0.01965645659023633,452901950.0,0.03190262730533741,0,0,-1,0,0,0.004238068914685773,0.4017612186906075,0.28721897039915856,0.3559021444781299,0.04336448598130849,-0.08024386225078262,0.2876670682586701,0.03833751343604444,0.0
2018-04-19,54.8,55.82,0.020881376052355474,-0.014614410883088312,0.000735294150775624,-0.4012979552682372,-0.018442034154206286,54.75599999999999,55.63099999999999,57.01033333333334,3,19,4,55.11194371171357,56.39929791804978,40.98837209302323,-0.9308326025800753,-0.9857849150322462,57.9878658939546,53.27413410604539,0.01833833293273732,0.020228214501501734,0.019813650963125786,448510444.0,-0.7051737666801695,0,0,-1,0,0,-0.0030455034037979523,-0.6187280925634537,0.28538434930508727,0.3211129502270639,-0.002548234437568242,-0.05157493942540681,1.234561806766735,0.023357664233576665,0.0
2018-04-20,54.77,54.8,-0.014479891000314502,-0.008836050637285155,-0.0014711293568985015,0.13607574148026044,-0.0005475951583397858,54.70400000000001,55.519499999999994,56.89033333333334,4,20,4,55.04977212776565,56.29418192333689,51.98156682027649,-0.8989089254339859,-0.9684097171125942,57.81383604659781,53.22516395340218,0.016270382391657283,0.02006245027170322,0.019602233295746826,443478794.0,-0.653348057806438,0,0,-1,0,0,0.0009124087591241654,-0.049271374388810255,0.28436451926312695,0.31848152465716173,-0.005447612130016322,-0.03912280701754378,1.4091128648432962,0.015884608362242057,0.0
2018-04-23,54.98,54.77,-0.0001823320271255564,0.005959385582700202,0.004956412165860668,-0.11935691871696501,0.0038268839414696333,54.717,55.43249999999999,56.733,0,23,4,55.03708628635371,56.20939599279903,44.750795334040276,-0.8469013843601658,-0.9441080505621086,57.66632490007426,53.19867509992572,0.016122741598987907,0.02008637424625172,0.019076512698459537,447944338.0,-0.40513470862013334,0,0,-1,0,0,0.0012780719371918985,-0.439664907086029,0.285208660093594,0.3188613059793271,0.0016396429222080844,-0.030677009873060657,1.0090912338172056,0.016915241906147686,0.0
2018-04-24,53.88,54.98,0.008714652102443689,-0.0028849641358376743,-0.021844630194382327,-0.1561351234275849,-0.02021013119493629,54.69199999999999,55.247,56.537,1,24,4,54.826706961562124,56.05911238036039,37.77120315581853,-0.8842527252925265,-0.9321369855081921,57.338064699842825,53.155935300157175,0.01689045023150366,0.02009443971569768,0.019325081836599554,444124317.0,-1.3074679134536076,0,0,-1,0,0,0.006184066933430401,-0.9129364305147322,0.31315906843201086,0.3189893413374931,-0.007186290768380288,-0.06442090640736242,0.8283633344343722,0.03619153674832967,0.0
2018-04-25,53.83,53.88,-0.02693210319415986,-0.022645233556660663,-0.01129317479345554,0.20476655706892763,-0.0009284189692973815,54.725,55.104,56.32033333333334,2,25,4,54.645487514005374,55.915298678401655,34.36532507739935,-0.9074282462476049,-0.9271952376560748,57.1705903777612,53.0374096222388,0.016427279759484444,0.019880991723808365,0.019179918971274683,439436240.0,-1.2329487388595735,0,0,-1,0,0,-0.0005567928730512461,-0.18603367316097671,0.1760541946104573,0.31560095951118156,-0.03565030455034046,-0.050449814782148494,-0.48780741963936297,0.02433587219022854,0.0
2018-04-26,53.3,53.83,-0.03131149794707581,-0.006485707901003938,-0.0352535784518986,0.7383545158770213,-0.009894601401067096,54.561,54.95649999999999,56.10966666666666,3,26,4,54.40085342054985,55.746569731408,38.497109826589565,-0.9575238453292414,-0.9332609591907082,57.09842510557122,52.81457489442876,0.013824808726906765,0.01991603007532784,0.019154922688679386,429626488.0,-1.5467394221127257,0,0,-1,0,0,-0.03046628274196546,2.9051908665465245,0.15099690118626405,0.3161571760980027,-0.027372262773722622,-0.052444444444444516,-1.019737160846303,0.05234521575984989,0.0
2018-04-27,53.53,53.3,0.018039034676345676,0.0014861604072912505,0.033358920818052654,-0.6958886187585644,0.004305913233491116,54.407000000000004,54.76899999999999,55.896,4,27,4,54.24251643499533,55.60356523260749,42.18009478672985,-0.9675130030675092,-0.9401113679660684,56.7007502290281,52.83724977097188,0.013921333379329019,0.019385103834888902,0.01913899118698004,434517936.0,-1.2827745340797483,0,0,-1,0,0,-0.003001876172607816,-0.23556801469762026,0.16439429434821556,0.3077289833176832,-0.022640131458827817,-0.06546787709497204,-0.9523836893051524,0.021296469269568477,0.0
2018-04-30,52.83,53.53,0.008992192476145624,-0.0016720858517236957,-0.0003793626752628442,0.494851214110256,-0.013163033229065538,54.201,54.69350000000001,55.626999999999995,0,30,4,53.98569526499618,55.4246255401812,42.280285035629426,-1.020153932884476,-0.95611988094975,56.805473634201135,52.58152636579888,0.01430257598059112,0.0159737714876071,0.018846439456183636,426494718.0,-1.764700060476741,0,0,-1,0,0,0.0016813002054921783,1.6009901540273481,0.15370240987078687,0.253575761135896,-0.039105129137868344,-0.027788001472212054,0.11488935584269629,0.020253643763013446,0.0
2018-05-01,52.94,52.83,-0.015410942095597412,-0.010655302232440697,-0.010681009420334052,-0.6920280568076351,0.0020799856227307115,54.068,54.54200000000001,55.37166666666667,1,1,5,53.79556885317869,55.26432711823402,46.45569620253163,-1.040996211995946,-0.9730951471589893,56.7025710746011,52.381428925398914,0.014140667848031136,0.014219678940749101,0.01888506199331768,430510819.0,-1.4829412638469082,0,0,-1,0,0,-0.000567859170925632,-0.81719685164899,0.12059312400966633,0.2257304052024269,-0.017446176688938442,-0.0541361443630517,-0.44866452966547704,0.02002266717038161,0.0
2018-05-02,52.21,52.94,0.003403293131707865,0.003564397357871201,0.0007667242085403359,0.4575698887243846,-0.013885149376494176,53.706999999999994,54.33449999999999,55.089000000000006,2,2,5,53.5072836071462,55.06727375576731,31.01529902642558,-1.1036960464907324,-0.999215327025338,56.55617764964437,52.112822350355614,0.009383061669156496,0.01423568882389232,0.018928997889465116,424164459.0,-1.9125186773518257,0,0,-1,0,0,0.0007555723460521184,0.5183887584739637,0.13684509443979265,0.2259845542183239,-0.030094742708526745,-0.07363378282469835,0.5188580539717809,0.02317563685117795,0.0
2018-05-03,52.24,52.21,-0.01579030239714216,-0.016235961708755322,-0.011756905202123132,-0.3821312158855037,0.0005744375457145511,53.451,54.1035,54.904333333333334,3,3,5,53.27686840584689,54.88486899733071,30.042313117066286,-1.1378489533286356,-1.0269420522859976,56.175206898590226,52.03179310140977,0.008647146408472018,0.01396778203088923,0.017102489958324796,428495250.0,-1.7989996570152682,0,0,-1,0,0,-0.0011492051331163048,-0.7606174052023895,0.138680900155243,0.22173166572533767,-0.019887429643527077,-0.08125219838199083,-0.5059841833972577,0.01837672281776418,0.0
2018-05-04,52.78,52.24,-0.00288046286535403,0.010602143990499495,0.006377449385938852,-0.06264371239074917,0.010283846107002358,53.251999999999995,53.977999999999994,54.76366666666667,4,4,5,53.186528695692914,54.749070997502926,35.838926174496635,-1.1085630660554457,-1.0432662550398872,56.05117300671499,51.904826993285,0.009836561885105368,0.013165389941445059,0.017161665979740965,432563067.0,-1.15571637882577,0,0,-1,0,0,-0.004594180704441079,-0.8691280803431968,0.16538711782997692,0.20899408618952903,-0.014010835045768721,-0.04539699764876104,-0.008752457243410203,0.02254641909814333,0.0
2018-05-07,52.0,52.78,0.01526747213078838,-0.0030177314489380153,0.0007702677060988273,0.21539601267818584,-0.014888612493750637,52.95399999999999,53.83549999999999,54.60633333333333,0,7,5,52.97079620556693,54.57171157830919,35.08541392904071,-1.135207307467553,-1.0616544655254205,56.04369979072813,51.62730020927185,0.010022143314055288,0.013407443917052812,0.01730505527621068,427517538.0,-1.6624401539271492,0,0,-1,0,0,0.0003789314134140966,-0.24107041247452088,0.17235887683164486,0.2128365739294047,-0.01571077039560853,-0.051959890610756676,-0.05805624257635609,0.01903846153846144,0.0
2018-05-08,52.33,52.0,-0.012003573677914351,0.0024526000408485013,0.0,0.21766229133625706,0.006326101802689024,52.799,53.74550000000001,54.431000000000004,1,8,5,52.85428780455476,54.42708502486989,22.69170579029729,-1.1168208036455098,-1.0726877331494384,56.047878404122976,51.44312159587704,0.009219691107005703,0.013307879764138565,0.01705710508253391,433789974.0,-1.2295980517061929,0,0,-1,0,0,0.003269230769230802,0.5037442442207118,0.18280061028421898,0.21125604200075726,-0.011522478277295023,-0.033253279142804404,-0.22702192515623926,0.02140263711064394,0.0
2018-05-09,51.56,52.33,-0.0009588647776571015,-0.012705205512807165,-0.010060057758411596,-0.3957769770500605,-0.014823642313129689,52.572,53.6485,54.26,2,9,5,52.618962749181165,54.24211179745893,23.615635179153074,-1.1511126219769992,-1.0883727109149506,56.149340069379484,51.14765993062051,0.009901517562698355,0.013446963389303025,0.0170346730498593,429567641.0,-1.670238753426722,0,0,-1,0,0,-0.004012994458245765,-0.7897311822310693,0.18655526387781357,0.2134639261025162,-0.012449722275426178,-0.036261682242990645,-0.23733596282607522,0.01881303335919315,0.0
2018-05-10,51.94,51.56,-0.015858000079920494,-0.004015685671674684,-0.0033109388508998556,0.4735454767949974,0.00734302816361562,52.436,53.4985,54.11633333333334,3,10,5,52.49551497660277,54.09358845568739,28.197226502311167,-1.134547948339545,-1.0976077583998696,56.032830805471434,50.964169194528566,0.0103096748010792,0.01187115266008428,0.017113141475722904,436347344.0,-1.2299104731200183,0,0,-1,0,0,-0.005042668735453939,0.7653186709123331,0.1992922957924958,0.18844870628559532,-0.005742725880551358,-0.0546050236621769,-0.5451842902355634,0.017905275317674236,0.0
2018-05-11,52.46,51.94,0.01739174271186924,0.009344971219758457,0.012793351459909542,-0.32663547629091466,0.009961768204125181,52.32899999999999,53.36800000000001,53.955666666666666,4,11,5,52.489057708129536,53.98819565209465,31.47058823529413,-1.0671591248533332,-1.0915180316905624,55.82935264480487,50.90664735519515,0.010872144450859943,0.012163620101847223,0.01682965664946463,441237860.0,-0.7378056955117838,0,0,-1,0,0,0.005005775895263864,-0.4037602110826354,0.1981272256264123,0.19309148299052342,-0.0060629026146267195,-0.04739422553114214,-0.5553243231856207,0.014487228364468129,0.0
2018-05-14,52.2,52.46,0.005921132761174781,0.0011383040500602814,0.0028848947789730556,0.3694489720109327,-0.004968479550134558,52.266,53.23349999999999,53.88433333333333,0,14,5,52.436501761196894,53.872828190669196,35.90604026845638,-1.0229409967675238,-1.0778026247059547,55.63799819690721,50.82900180309277,0.010234429117578794,0.01217614090397205,0.014131013726654762,434161591.0,-0.8596388230436829,0,0,-1,0,0,0.0009531071292412725,0.8696513665768458,0.16508814999457289,0.19329024456234745,0.0038461538461538325,-0.049007105119329486,-1.0017131097713703,0.012835249042145625,0.0
2018-05-15,51.7,52.2,-0.010144598436423785,-0.012401189168040432,-0.012172887245443765,-0.30019554847110147,-0.009624713374209557,52.141999999999996,53.105,53.742,1,15,5,52.30259235007018,53.73264572675506,33.385335413416556,-1.0165257568510881,-1.0655472511349813,55.55060615669551,50.659393843304485,0.010486232181415478,0.012116324520995071,0.012908599069781087,428920387.0,-1.1489993972687915,0,0,-1,0,0,-0.004214559386973294,-0.16578550478384774,0.17008792580715837,0.19234068892024056,-0.012038983374737189,-0.04735581352496776,0.18767056962635686,0.012572533849129703,0.0
2018-05-16,53.01,51.7,-0.004434597067865641,0.02427579858875322,0.0029117753271946014,0.1072644092635807,0.025022793485331186,52.222,52.9645,53.63033333333333,2,16,5,52.43121192278469,53.68602342180313,47.98331015299027,-0.8954138081205443,-1.0315205625320938,55.049670446140205,50.8793295538598,0.012779427009180982,0.011697796468527682,0.013782383813802404,434755045.0,0.043641516293519894,0,0,-1,0,0,0.0009671179883945291,0.24272518049729624,0.21795194872709178,0.18569676205904312,0.028122575640030956,-0.050340379792189194,0.4869310821987389,0.03357857008111666,0.0
2018-05-17,52.47,53.01,0.025564154450101628,0.004486827493593039,0.01519698382300737,0.0643917794063216,-0.010238997301094312,52.245000000000005,52.848,53.48400000000001,3,17,5,52.4382643004602,53.60757029781583,42.9333333333333,-0.8333983063160275,-0.9918961112888807,54.75404136476454,50.94195863523546,0.013316708820294496,0.011255852209463336,0.013705446111105973,428532323.0,-0.39663357468288324,0,0,-1,0,0,0.0015091492171289455,0.43960709925244695,0.24332039594017568,0.17868111444202134,0.010204081632653184,-0.04251824817518246,1.0613808694409408,0.023441966838193194,0.0
2018-05-18,52.19,52.47,-0.013845645553881052,-0.011066416978566859,-0.004976086822921525,0.11059062926190802,-0.005350672043298509,52.186,52.718999999999994,53.38066666666666,4,18,5,52.393125336740155,53.51611414956965,45.480225988700546,-0.7976494281920807,-0.9530467746695208,54.41498783510528,51.02301216489471,0.012950069407629513,0.011271789642181429,0.012881424622000072,421581931.0,-0.623825229226548,0,0,-1,0,0,-0.002096436058700199,0.8406260092260226,0.23627749051244026,0.17893411334307474,-0.005146778497903237,-0.047106079970786974,2.094115185507309,0.01724468288944253,0.0
2018-05-21,52.22,52.19,0.0017173938006070557,-0.0034007212067549398,0.00038365624871131534,0.04040524054412348,0.0005746576156608831,52.208000000000006,52.580999999999996,53.293,0,21,5,52.3616480027874,53.432493881855486,44.85714285714285,-0.7581578635286803,-0.9140689924413528,53.912305651165504,51.24969434883449,0.01201800257085483,0.011201020438440788,0.01283584152122384,428818906.0,-0.5423247466634821,0,0,-1,0,0,0.004981797279172353,0.9288342539738147,0.23360800358676995,0.17781068706159595,0.0003831417624520217,-0.05020007275372862,1.7988963893636376,0.01340482573726547,0.0
2018-05-22,50.85,52.22,0.0011432928074616537,-0.0032224461588266353,-0.028401053052417337,0.27932624142185997,-0.0265854407764138,52.06,52.4295,53.18366666666667,1,22,5,52.08680291137151,53.265881373348684,41.09947643979057,-0.8278649525983326,-0.8968281844727488,53.826390908592906,51.03260909140709,0.014427883246149374,0.011784364908706742,0.013451602684218102,419249898.0,-2.2614507550786964,0,0,-1,0,0,0.005553427805438513,2.0534518848824557,0.29832751724230056,0.1870709934436465,-0.01644100580270791,-0.05623608017817372,0.664932218243915,0.039134709931170145,0.0
2018-05-23,50.32,50.85,-0.032516896190956754,-0.03477267466062444,-0.009516328755254704,-0.23294550135768344,-0.01047751010238385,51.936,52.254,53.077666666666666,2,23,5,51.765566018394864,53.075824510552,38.206388206388176,-0.915323612666036,-0.9005272701114062,53.785513183607065,50.72248681639293,0.014093111771450045,0.011894708380248852,0.013423345452223873,411669361.0,-2.525606727648247,0,0,-1,0,0,-0.0003933136676500123,0.8001233572886925,0.15811962211714733,0.18882264175064625,-0.05074514242595729,-0.0652052758684748,-1.1016066457556297,0.013314785373608796,0.0
2018-05-24,51.21,50.32,-0.008297163364271679,0.012696722961424605,0.00019918334893048454,0.11329742054239703,0.0175322130822739,51.863,52.1495,52.95333333333334,3,24,5,51.66455401505034,52.955448735677685,40.75382803297997,-0.9024171655661988,-0.9009052492023648,53.66563740523817,50.633362594761834,0.015215962052855069,0.012665352614766404,0.012831609620817482,420159297.0,-1.2393335811834525,0,0,-1,0,0,0.001788553259141421,1.4836149981760522,0.2542277244391016,0.20105623971368133,-0.02401372212692965,-0.03921200750469034,0.13539524172266365,0.025580941222417542,0.0
2018-05-25,52.86,51.21,0.019448604366580063,0.03677655567495596,0.02264544933509152,0.0903064676797922,0.03171208370168409,51.903,52.116,52.879666666666665,4,25,5,51.88190783049573,52.94929075273075,54.5940170940171,-0.7503973888860784,-0.8708036771391077,53.529862198296875,50.702137801703124,0.018350073055064347,0.01475352378918259,0.014278893752070096,429451614.0,1.052436370243459,0,0,-1,0,0,0.003710212849052875,1.7249255629931979,0.36459546198996534,0.2342049294483148,0.0128377083732516,-0.012516345974220133,0.07518456969144523,0.03953840332954982,0.0
2018-05-29,51.49,52.86,0.023458103151027167,-0.012235446758838522,-0.002924833907246806,-0.2581525090457864,-0.026259295118093114,51.83200000000001,52.049,52.766333333333336,1,29,5,51.81065186131468,52.85514296223199,45.961538461538474,-0.7320297873402666,-0.8430488991793395,53.447313269615734,50.650686730384265,0.020198767481213308,0.015584421221515118,0.014970423278151335,422273509.0,-0.7995347139251782,0,0,-1,0,0,-0.004540295119182785,0.5100594094796819,0.41906200645258235,0.24739501727403873,-0.01397931826886245,-0.025364376301343916,0.5357173379636458,0.030879782482035274,0.0
2018-05-30,51.33,51.49,-0.01667184346666812,-0.01834913866819643,-0.005482684577945683,-0.2768441285831537,-0.003112237485838289,51.794999999999995,51.968500000000006,52.66833333333333,2,30,5,51.72326061380292,52.75674664208799,48.825331971399365,-0.7220605292933797,-0.8188512252021475,53.3358681982031,50.60113180179691,0.020002714032548073,0.01557064343433253,0.01486981416469038,416831266.0,-0.9339108527448308,0,0,-1,0,0,0.005049524179452282,-0.6073970213429569,0.3653808550090671,0.24717630168302732,0.00943952802359882,-0.03041178692859836,0.24145739426630697,0.017728423923631477,0.0
2018-05-31,51.08,51.33,-0.007954256702484069,-0.0007719027785820493,-0.00019636720730742023,0.2594245205320827,-0.004882345407873291,51.602,51.912,52.51033333333334,3,31,5,51.606304138566024,52.648569439372636,45.54865424430642,-0.7259642669569999,-0.800273833553118,53.32980556902647,50.49419443097353,0.017822776740921257,0.015323752590131672,0.013728997039414352,409777118.0,-1.1736447058411381,0,0,-1,0,0,0.0001948178453147305,0.3871722624838238,0.35538949306467926,0.24325703103462173,0.015103338632750374,-0.021643363340356325,0.0743847025761608,0.01722787783868433,0.0
2018-06-01,50.96,51.08,-0.00273064339753227,-0.005031944041218383,-0.005711487707387985,-0.251245454019477,-0.0023520199004305777,51.451,51.848,52.382333333333335,4,1,6,51.48879429519038,52.53962947554215,41.90064794816414,-0.7303223033948072,-0.7862835275214559,53.318060507163025,50.37793949283697,0.01767063850006547,0.015322065598981338,0.013416932078037755,404290180.0,-1.208113537739601,0,0,-1,0,0,0.0023492560689116005,-0.6607157503605695,0.3316139293561933,0.24323025088033523,-0.004881859011911738,-0.024502297090352232,0.9186801291857685,0.01785714285714279,0.0
2018-06-04,51.65,50.96,-0.001368122953554206,0.010422792676094833,0.007281346742507978,-0.03041333764816448,0.013449184301739693,51.397000000000006,51.7915,52.27833333333333,0,4,6,51.51810442333758,52.48223402550717,47.162022703818344,-0.670371223072344,-0.7631010666316336,53.19614305261044,50.38685694738956,0.01836142565642785,0.015464296433130102,0.013724538813306118,409612754.0,-0.20147467320901513,0,0,-1,0,0,0.0033359497645212267,-0.8548293029367229,0.2232114296481783,0.24548809537587266,-0.02289065455921302,-0.021409624857900766,-0.576097708499142,0.020909970958373637,0.0
2018-06-05,50.9,51.65,0.0011727913775838182,-0.013142825439194416,-0.011636064629786324,-0.14154954535493142,-0.01462727200917044,51.265,51.7365,52.14233333333333,1,5,6,51.40572180091256,52.38015441095832,45.97585513078469,-0.6755905051778512,-0.7455989543408772,53.19199087396458,50.28100912603542,0.018842037783083142,0.015452295510402503,0.013870190800650568,404992695.0,-1.1494403915037648,0,0,-1,0,0,-0.008906098741529542,-1.3019750276800197,0.1602281718306007,0.24529758663362947,-0.011458535637988043,-0.02115384615384619,0.8447382988817285,0.019449901768172927,0.0
2018-06-06,50.75,50.9,-0.016545581304920544,-0.011151441002308245,-0.009567543582021535,0.4604392998522786,-0.0029513056345803093,51.254999999999995,51.65749999999999,52.038000000000004,2,6,6,51.28649965529209,52.27498315863843,37.12984054669705,-0.6839464611844193,-0.7332684557095857,53.14843930124056,50.166560698759426,0.01690838519965025,0.01536063214885385,0.01347052228364264,397670964.0,-1.2173533815157866,0,0,-1,0,0,-0.010805500982318215,0.49335610144586245,0.16017885406919224,0.24384247587966584,-0.011299435028248594,-0.03019300592394414,0.8297327283829613,0.017733990147783225,0.0
2018-06-07,50.64,50.75,0.007912998757325283,0.002554279805096922,0.008177965194651861,-0.2677534453545864,-0.002169840085975977,51.287,51.6115,51.93166666666666,3,7,6,51.1689542634208,52.169500374210145,39.041916167664674,-0.6914738174723567,-0.7249095280621399,53.17032918276389,50.052670817236105,0.016544302308323666,0.015042012795325858,0.013469321669696176,392069134.0,-1.2464483097211094,0,0,-1,0,0,0.0,-0.7579994609472147,0.15851198190760782,0.23878455044570243,-0.008613938919342146,-0.017843289371605953,0.5928697473669725,0.012243285939968354,0.0
2018-06-08,50.48,50.64,-0.004146515961848577,-0.002751033371889871,-0.002187531945216556,-0.1258377214912327,-0.003164559602963137,51.214,51.5385,51.837666666666664,4,8,6,51.043689851889745,52.06050035006756,39.6111786148238,-0.7022548080971163,-0.7203785840691352,53.167710658081035,49.909289341918964,0.015451278137469963,0.014925091918182547,0.013389190129838429,387129676.0,-1.2994022531705725,0,0,-1,0,0,-0.0019747235387046094,-1.1252848388090766,0.15882871879251523,0.23692848906174602,-0.009419152276295195,-0.028109356950327347,0.6691227979063837,0.011687797147385172,0.0
2018-06-11,50.98,50.48,0.008275909303859881,0.02237665112833251,0.009510672044974428,0.6865141815513133,0.009856180715011608,51.025999999999996,51.4645,51.75266666666666,0,11,6,51.032109878818886,51.990790650063204,42.873563218390785,-0.6628125094914878,-0.7088653691536058,53.05137345696022,49.87762654303978,0.011053286438043571,0.014920849451161658,0.013514435435937739,396943282.0,-0.6106347016832733,0,0,-1,0,0,0.009508716323296435,1.9219915689057185,0.1372701557551915,0.23686114198565003,-0.012971926427880032,-0.028211971025543292,0.15563617027634627,0.024715574735190232,0.0
2018-06-12,50.97,50.98,0.0017645333467666811,-0.015513206203350017,-0.0025668885651087114,-0.1886014405449769,-0.0001961745960189828,50.974000000000004,51.403,51.690666666666665,1,12,6,51.02081717357908,51.924933188768804,50.817438692098065,-0.6251547255754986,-0.6921232404379843,52.96499737178318,49.84100262821682,0.007780644859410411,0.014897817792931792,0.013338658731559823,388816473.0,-0.5544183464350994,0,0,-1,0,0,0.001373087485288354,0.7940141301074758,0.08734565495225255,0.23649552574590404,0.0013752455795676966,-0.023563218390804663,2.0011707632992337,0.011575436531292985,0.0
2018-06-13,51.35,50.97,0.0029339874347875704,0.013779936631242608,0.011206251155816417,-0.2620681404110388,0.007427712022616833,50.976,51.3855,51.63766666666666,2,13,6,51.0806685965647,51.88784072497727,57.16272600834494,-0.5582131031276347,-0.6653412129759145,52.94131726703522,49.829682732964784,0.008168181905095565,0.01487367036063946,0.013418809242572903,395069716.0,-0.04563517933908548,0,0,-1,0,0,0.004512458308809182,-0.4285046045778033,0.09404416063327883,0.23611219714202636,0.011822660098522286,-0.0067698259187620735,0.5631254637996321,0.014216163583252268,0.0
2018-06-14,51.94,51.35,0.007782140442054949,0.0036556077265644514,0.004875680063483931,-0.09546540731329244,0.011424269860035141,51.062,51.331999999999994,51.62866666666666,3,14,6,51.23691066991657,51.89120583949487,55.2975326560232,-0.4523390330829855,-0.6227407769973288,52.716798674322355,49.94720132567763,0.008690635135504509,0.013911711155577619,0.013377045191625274,400753600.0,0.878105982152999,0,0,-1,0,0,0.00486854917234664,-0.7882720259740618,0.10218230996379327,0.22084156817412826,0.025671406003159536,-0.020184870779098252,-0.5102002055723461,0.012899499422410508,0.0
2018-06-15,52.18,51.94,0.0005812264040406488,0.0068899794096336136,-0.0005838279819429342,0.41843196068242045,0.004610073473980068,51.184000000000005,51.317499999999995,51.626666666666665,4,15,6,51.408381457204456,51.90983772081779,43.795620437956195,-0.3450891031838097,-0.567210442234625,52.65747446950727,49.97752553049272,0.008608463549068862,0.013786447216521594,0.01340430931777578,409390699.0,1.2873379599794275,0,0,-1,0,0,-0.00596842510589132,1.0096041467606158,0.07345893938012582,0.2188530647882087,0.03367670364500808,-0.00552696779111872,-0.7658353415999448,0.020314296665389083,0.0
2018-06-18,52.37,52.18,0.0038662333100572543,0.0015246810653265237,0.00019464720256123384,-0.44345151586103176,0.0036346285828138657,51.25599999999999,51.326499999999996,51.61299999999999,0,18,6,51.583221192258186,51.939525609797286,60.23255813953483,-0.2419720458191037,-0.5021627629515207,52.693298410417846,49.959701589582146,0.007707369102959447,0.013756076822937755,0.013282280660114047,414934139.0,1.5269259783247593,0,0,-1,0,0,-0.006707550785741691,-0.8709049966949888,0.06934423384882904,0.21837094973635676,0.02726559435072584,0.003448936577888473,0.2642086840656381,0.021577238877219698,0.0
2018-06-19,51.71,52.37,0.0038513431005971137,-0.008030635892667603,-0.004095568864737082,-0.17382664830997038,-0.012682721883266176,51.337,51.301,51.60333333333333,1,19,6,51.60627188457488,51.9247175059394,53.958333333333364,-0.21107438496847664,-0.4439450873549119,52.61564463879017,49.98635536120983,0.007278728266744466,0.014052687610666569,0.013205511827044677,410275196.0,0.6222213789673089,0,0,-1,0,0,-0.006492266564827121,-1.275012545667634,0.14600565711701338,0.22307950001941323,0.014518344123994442,-0.009766373037150444,-1.6136260766064503,0.017791529684780538,0.0
2018-06-20,52.0,51.71,-0.0007690829065876782,-0.0011525164548880557,0.007010739523132392,0.4129536537149017,0.005592532173297145,51.462,51.35850000000001,51.592333333333336,2,20,6,51.67785881465217,51.92957444104008,59.504132231405,-0.16132750669556373,-0.3874215712230423,52.69057041065076,50.026429589349256,0.007186589789797493,0.012711008973054405,0.013193767955634431,417316140.0,0.9631622996364024,0,0,-1,0,0,0.005414813382324524,0.2131763967352163,0.14294842166065652,0.20178101193247483,0.012658227848101333,0.022615535889872085,-1.5562436105629665,0.009615384615384616,0.0
2018-06-21,53.15,52.0,-0.0011547345393969066,0.02298951822469878,0.005804969861482307,0.1399066012478944,0.021874386206529504,51.713,51.5,51.64533333333334,3,21,6,51.94552084835177,52.008311573876206,68.65417376490632,-0.02877565042252428,-0.31569238706293873,52.96244208161864,50.03755791838136,0.00925446246101088,0.01321792445689372,0.013499553090024123,425414397.0,2.2564996190122875,0,0,-1,0,0,-0.0013461538461538515,0.8560585099039197,0.19517030235862032,0.20982804576827566,0.02329611089718897,0.05624006359300471,0.032278312742417124,0.026528692380056514,0.0
2018-06-22,51.91,53.15,0.017750251319915488,0.005619044565295538,0.0009642272466279887,0.22007089139923183,-0.023606654948819358,51.855999999999995,51.535000000000004,51.64433333333333,4,22,6,51.939062512287805,52.00196889169065,52.02492211838004,-0.02351393225507792,-0.2572566961013666,53.001718499876006,50.068281500124,0.012743680779622686,0.013951854594815337,0.014155603828730153,415322632.0,0.5113455649897318,0,0,-1,0,0,-0.005456255879586061,1.9013114898992627,0.2786814926589074,0.22147882551609127,-0.005174396320429375,0.013669205233352688,-0.021300658107400464,0.031978424195723304,0.0
2018-06-25,51.28,51.91,-0.023931457015507383,-0.0318812579816881,-0.018677585759037375,-0.25290995648322206,-0.012210637226722923,51.886,51.456,51.605000000000004,0,25,6,51.81923296459911,51.955390253517066,53.01587301587304,-0.06937994870787634,-0.21968134662266856,52.78606371037934,50.12593628962067,0.01328642402097771,0.012090954324397177,0.014197125367313775,407485995.0,-0.2646489767769196,0,0,-1,0,0,-0.005779233288383687,0.6683378199622989,0.2848766164173741,0.19193794953477547,-0.020813442810769467,-0.02989027620128637,0.7618567575000694,0.018330733229329127,0.0
2018-06-26,51.17,51.28,-0.0003875969040771841,-0.005219924853959762,0.0003926958621050802,-0.574688417205074,-0.0021473897954141117,51.90599999999999,51.44,51.57066666666666,1,26,6,51.70119060739927,51.90471991458049,53.35463258785944,-0.11329913597194263,-0.19840490449252338,52.77602710340639,50.1039728965936,0.01331474828174024,0.010640120904840152,0.014177060652707608,403074907.0,-0.40418341710522554,0,0,-1,0,0,0.006045241809672431,-1.2721046368654598,0.2746311365951231,0.16890668300319955,-0.010442854380197208,-0.006214798990095138,0.29276370141625496,0.012702755520813087,0.0
2018-06-27,50.37,51.17,-0.007393029782099619,-0.007002557305447717,-0.015031928613034677,0.42361639516325406,-0.015757663059441363,51.80799999999999,51.391999999999996,51.52633333333333,2,27,6,51.459155951508485,51.80570572654304,48.057553956834504,-0.21023526119624592,-0.2007709758332679,52.81106715095912,49.97293284904087,0.013955701136623522,0.01117209071203532,0.014351823193294668,396337078.0,-1.4403828589919012,0,0,-1,0,0,0.0007817080320500126,0.04345902422436189,0.27903570713543435,0.17735144189219992,-0.03134615384615391,-0.018702513150204547,1.288130030837824,0.020845741512805185,0.0
2018-06-28,50.7,50.37,-0.009614515345488532,-0.004891899003141511,0.00019926272856598146,-0.37023827342102766,0.006530150839578525,51.68399999999999,51.373000000000005,51.449333333333335,3,28,6,51.32112759668876,51.73436987321769,51.54494382022476,-0.2574617380962394,-0.2121091282858622,52.81956544232581,49.9264345576742,0.013512039425170529,0.011249263694772865,0.013561475588817132,400990019.0,-0.930479852909997,0,0,-1,0,0,0.006948580504268442,-1.0784568940294097,0.18571631372330893,0.17857652501373966,-0.0460959548447788,-0.007439310884886363,0.3576402501700089,0.015581854043392487,0.0
2018-06-29,50.88,50.7,0.0015760444554657142,0.009177063332089362,0.010701647911756276,-0.09569497824383477,0.0035440084347291103,51.55400000000001,51.36900000000001,51.39633333333333,4,29,6,51.24092257910898,51.679249236235904,49.264705882352985,-0.27716952782590454,-0.2251212081938707,52.8208068597023,49.91719314029771,0.013454967220476916,0.011270390019574127,0.013486099265230927,405218338.0,-0.6736433248431933,0,0,-1,0,0,0.001972386587771091,-1.241237560629046,0.15336159538602828,0.17891189502298516,-0.01984203429011744,-0.0015698587127158659,-0.2511609143364213,0.014150943396226532,0.0
2018-07-02,51.54,50.88,-0.003352068602618242,0.002717392976499886,-0.004544115297284409,0.19281311133689727,0.012888286192352282,51.471000000000004,51.3635,51.37466666666667,0,2,7,51.29530029199826,51.67026541454327,53.82550335570471,-0.23680190407762325,-0.2274573473706212,52.811653452171605,49.9153465478284,0.01422487871843717,0.011235067073749421,0.013692820740025426,410345835.0,0.24375869799615987,0,0,-1,0,0,-0.004913522012578616,-0.737546267322411,0.17156489067873287,0.17835116064162687,0.005070202808112212,-0.00212971926427874,-0.9283882643669639,0.021148622429181287,0.0
2018-07-03,51.52,51.54,0.01820189208916887,0.009261111918249,0.012398072810593743,-0.7302573800767316,-0.0003881234281207564,51.452,51.394499999999994,51.35133333333333,1,3,7,51.33615478436221,51.66057087166952,51.198871650211586,-0.2040716928323647,-0.22278021646296992,52.827340021181584,49.9616599788184,0.013680068169623489,0.01070890562843039,0.01369176234810427,407875484.0,0.1751765698120518,0,0,-1,0,0,0.00038804811796668855,-1.9541899937540996,0.1699435082811167,0.16999860663892008,0.0068399452804377425,0.012180746561886169,-1.109273844814584,0.018245341614906787,0.0
2018-07-05,51.86,51.52,0.004064652842823363,-0.0003841721138298504,0.0083747689790788,0.5865073961826612,0.006577698314420157,51.438,51.45,51.385,3,5,7,51.43139936902362,51.673437267045685,49.415204678362585,-0.14898025447403285,-0.20802022406518253,52.86358819283807,50.03641180716193,0.013730996541426968,0.010752330672600426,0.01283768875111178,412316431.0,0.5800840755140112,0,0,-1,0,0,0.004852484472049689,-0.879137455469857,0.0777583248442083,0.17068795784419555,0.029581099861028415,0.021871921182265996,0.37245531158372785,0.00944851523332038,0.0
2018-07-06,52.74,51.86,0.0055860686526092935,0.018841550816629287,0.008497540510440719,0.2664175253656845,0.016826400814622344,51.397000000000006,51.55499999999999,51.46566666666667,4,6,7,51.669326756473865,51.74224776594597,53.74331550802141,-0.0339202357662316,-0.17320022640539234,53.02606119947992,50.083938800520066,0.012871857948433778,0.011281186357406953,0.012989903424460072,418113110.0,1.6110818508692224,0,0,-1,0,0,0.0038565368299267808,-0.21418925642839162,0.11147806947046665,0.17908328157284054,0.04023668639053257,0.041469194312796276,0.23889446859933117,0.01971937808115281,0.0
2018-07-09,53.26,52.74,0.016006439297834258,0.00900906994236591,0.011092100720307715,-0.17962196647744016,0.009811399460645565,51.532,51.693999999999996,51.534,0,9,7,51.958540073478616,51.8401672649172,55.69782330345712,0.09809453941242907,-0.11894127324182806,53.25969002779653,50.12830997220346,0.010436768813965705,0.011337554339234971,0.012732720535623666,422956734.0,2.000395956029564,0,0,-1,0,0,0.003033750474023447,-0.6823439134309403,0.10461181162462936,0.1799780955437818,0.04677672955974832,0.05507131537242471,-0.5494844960738506,0.01764926774314692,0.0
2018-07-10,53.0,53.26,0.004526601467413703,-0.005997019472374291,-0.002094241603114737,-0.32948673432074455,-0.0048936668336643395,51.70399999999999,51.794999999999995,51.53866666666667,1,10,7,52.14789642375523,51.91499518330964,58.70445344129555,0.179666291596142,-0.05921976027423405,53.426008728875395,50.163991271124594,0.009507893199257673,0.011328211441134505,0.01136282724021621,419472750.0,1.4776131833835962,0,0,-1,0,0,-0.0022530980097633766,-1.2588319588599532,0.13612112258548265,0.1798297816343911,0.028327512611563854,0.039623381718320916,0.10143987844269442,0.013773584905660453,0.0
2018-07-11,52.53,53.0,-0.011355156074273707,-0.01020224227943542,-0.016138678807062597,0.5076701192781437,-0.008907478586251646,51.839999999999996,51.873000000000005,51.57333333333334,2,11,7,52.21736980125428,51.954672913418705,53.491436100131764,0.20403542744838177,-0.006568722729710888,53.487005804458455,50.258994195541554,0.010154901748946536,0.011580086894784423,0.010399590468087883,413684404.0,0.8141234662045597,0,0,-1,0,0,-0.008679245283018885,-0.0015886985242468004,0.16907079365048103,0.18382818050470665,0.01960403726708071,0.030606238964096644,-0.11856609749909629,0.019607843137254787,0.0
2018-07-12,52.77,52.53,0.011166956205458108,0.010578111481379777,0.004444881218960625,-0.3442337104814209,0.004558412451706408,52.08,51.944,51.62133333333334,3,12,7,52.31784801920804,52.007274660940084,47.15568862275452,0.23994816434175448,0.042734654684582186,53.585826966966096,50.30217303303391,0.007857948972830599,0.011520740672648081,0.010396629410635197,417786971.0,1.0061961663674606,0,0,-1,0,0,0.011422044545973757,-0.8377216643813146,0.16766401418732807,0.1828860884345629,0.01754724257616669,0.02765335929892898,0.06420286179010826,0.02577221906386203,0.0
2018-07-13,53.09,52.77,-0.008695706967553932,0.0005635390399914175,0.014738519255169355,-0.19017841696687784,0.006045739178003617,52.319,52.0015,51.688333333333325,4,13,7,52.45823928844295,52.07712790862137,60.243055555555635,0.29087753752781254,0.09236323125322826,53.721429925128284,50.281570074871716,0.007846644207041087,0.011333701939326632,0.010376285477366354,421179021.0,1.2657492425673296,0,0,-1,0,0,-0.0018950161076369417,-1.113150632353238,0.1250559856870588,0.1799169405911324,0.006636329161926469,0.022140931844436107,-0.47166889829083686,0.011678282162365746,0.0
2018-07-16,53.08,53.09,0.013577429016796755,0.004496915953624276,0.0022774729904883055,0.0906811973083458,-0.00018837713157339895,52.539,52.0465,51.759,0,16,7,52.57128669054423,52.141829333871605,67.50972762645911,0.32666690355646466,0.13922396571387555,53.83194141674122,50.26105858325878,0.007992287441229089,0.0113073250994266,0.0103572791566849,417464998.0,1.157696903756536,0,0,-1,0,0,0.005650781691467266,-0.8666043941160478,0.0997598599836421,0.1794982212386489,-0.003379647014645104,0.017247987734764214,-0.303287764793356,0.013941220798794311,0.0
2018-07-17,53.22,53.08,-0.009031105596054584,0.004290651111878045,0.0030285845598644664,0.059716378308217175,0.0026340560855364833,52.706999999999994,52.089,51.81133333333334,1,17,7,52.68923456499073,52.21138873168634,69.82591876208895,0.3621523965583293,0.18380965188276632,53.94590064354108,50.23209935645892,0.0073874440391398346,0.01129681654193433,0.010105244399775093,421407565.0,1.2181588755801191,0,0,-1,0,0,-0.003202712886209527,-0.6913334060361356,0.09382330601956501,0.17933140306007347,0.0041509433962263476,0.01623066641206794,-1.4469470163422116,0.015219842164599817,0.0
2018-07-18,53.9,53.22,0.021502183932261297,0.027720912258059387,0.015751310091731783,0.6103262826977809,0.0126962123654083,52.94500000000001,52.1985,51.91133333333333,2,18,7,52.909373734992414,52.320331394158195,84.95049504950498,0.4400723423967321,0.2350621899855595,54.21290365995655,50.18409634004345,0.007829463471240566,0.011128450680020243,0.00988154906387642,428665957.0,1.689333705873727,0,0,-1,0,0,0.01578354002254798,0.978057096371806,0.07701791682569878,0.17665867786068717,0.02608033504663987,0.04235157609746665,0.9854724061805474,0.027458256029684543,0.0
2018-07-19,53.78,53.9,-0.0007401924838319668,-0.02067209806066029,-0.006345672656093289,-0.5925070961439076,-0.002228827074232765,53.137,52.2875,52.01233333333333,3,19,7,53.06766941953925,52.41450356227703,81.81818181818187,0.4865330140091828,0.2853563547902842,54.41886847563495,50.15613152436505,0.008067080077336409,0.011137644926378849,0.009870084034475984,424652507.0,1.4005086563508193,0,0,-1,0,0,0.002226345083488025,-0.6329683151768898,0.09367625772943683,0.17680463199683236,0.01913966268713274,0.03423076923076929,0.9040336879190004,0.012830048345109795,0.0
2018-07-20,53.43,53.78,-0.00817848424800688,-0.0042604491599935275,-0.003188000824767911,0.15248467580190134,-0.006529264871038614,53.205999999999996,52.3015,52.105333333333334,4,20,7,53.13354770689574,52.480019461484964,75.4491017964072,0.4894690614091459,0.3261788961140566,54.460225501182755,50.14277449881724,0.007128763936164356,0.010179941213914905,0.009964371196319183,419977943.0,1.0455243145844162,0,0,-1,0,0,-0.003718854592785475,-0.21034113049553002,0.11478298128438674,0.1616015568796549,0.006404219250329524,0.005268109125117659,1.0934474581206866,0.011791128579449662,0.0
2018-07-23,53.56,53.43,-0.005990283730676469,-0.002974532775074363,-0.008677662451732926,-0.19505726840518184,0.0024301348532918907,53.236000000000004,52.384,52.208,0,23,7,53.21108448746014,52.54969562526013,72.54464285714292,0.496561758814714,0.36025546865418806,54.60494716636224,50.163052833637764,0.006499765465710215,0.008526565735062575,0.009919878253057266,423824116.0,1.0590076322492712,0,0,-1,0,0,-0.00318173310874044,-0.6596360931283738,0.1141507873528952,0.13535503483452133,0.009042954031650341,0.0317857830861108,0.7516731553811073,0.017363704256908134,0.0
2018-07-24,51.91,53.56,0.00897202280155898,0.0007444630904041356,-0.017970279031158665,0.4076843327425554,-0.031291070983834185,53.126999999999995,52.415499999999994,52.239000000000004,1,24,7,52.974523671558295,52.50842493975948,53.191489361702075,0.3648359603852924,0.3611715670004089,54.58785719656244,50.24314280343755,0.011871264913962381,0.010822549534737403,0.011468375647896352,418042039.0,-0.4653930769763879,0,0,-1,0,0,0.0033607169529499574,0.9799604959299224,0.2568452589183739,0.17180264772355774,-0.024614806463735484,0.012285491419656625,-1.137240645284592,0.03679445193604309,0.0
2018-07-25,52.29,51.91,-0.03291388460591785,-0.02124739139562561,-0.00347826437632492,-0.06056597246683834,0.007293698360901713,53.102999999999994,52.471500000000006,52.283,2,25,7,52.85006482218406,52.494333008162094,53.49593495934958,0.2877877028079965,0.3464947941619264,54.56498136139523,50.37801863860478,0.011936007382739606,0.010899801187300159,0.011530811722856263,423484313.0,-0.17339538182374242,0,0,-1,0,0,0.0017337699865151881,0.6388181699523763,0.23524346513468866,0.17302897968985667,-0.029870129870129825,0.02188782489740082,-1.5825854125260614,0.018359150889271387,0.0
2018-07-26,56.7,52.29,0.0019212301778938723,0.07784750988283888,0.007136687634517836,0.7904602971360174,0.08096906253366729,53.496,52.788,52.461333333333336,3,26,7,53.550053036332415,52.76566636247422,70.45454545454542,0.5759374986912178,0.39238333506778467,55.39479759171922,50.181202408280775,0.029440141668768904,0.02102380447090808,0.019095916219693778,435481321.0,3.00138377634451,0,0,-1,0,0,-0.0036335819468349155,3.5609669582171763,0.6882558920565823,0.33374254945482396,0.05429527705466719,0.1256700416914831,1.57113174704482,0.08553791887125223,0.0
2018-07-27,58.38,56.7,0.0826673423951112,0.02688567107136027,0.08259713833953976,-0.29952755671838927,0.02919915469226235,54.025,53.172000000000004,52.676,4,27,7,54.4282252115447,53.12788143586298,73.6162361623616,0.9291495894978326,0.4997365859537942,56.61292154118833,49.73107845881168,0.030237324506349215,0.02167102485381807,0.019637793536215906,444373123.0,3.0270960483460545,0,0,-1,0,0,-0.0019400352733685965,1.723754740526921,0.6768881090303177,0.3440168545146149,0.09264458169567669,0.15147928994082838,0.8574088077763206,0.03288797533401853,0.0
2018-07-30,57.9,58.38,0.025989079362108036,0.0,0.017715099771039463,-0.4818053767192675,-0.008255980847019149,54.50699999999999,53.523,52.86666666666667,0,30,7,55.05945699126384,53.43576005290408,72.15189873417717,1.1570035114745423,0.6311899710579438,57.38581653446411,49.660183465535894,0.030640372693176494,0.02193627148932296,0.019765271998002928,438880948.0,2.2662220485743156,0,0,-1,0,0,-0.005138746145940463,0.12404721715972492,0.6968364715091568,0.34822751431647014,0.08103061986557125,0.13797169811320753,0.9547090713930703,0.015716753022452446,0.0
2018-07-31,58.16,57.9,0.001032524614189184,0.015285623704206225,0.010205052674222915,-0.06654562915971853,0.004480448646314353,55.001,53.854,53.05966666666667,1,31,7,55.623192083761325,53.74054972691027,75.94470046082941,1.343077057052028,0.7735673882567606,58.11532373799288,49.59267626200712,0.03060227769776655,0.021890658798740702,0.019765857468830195,444019538.0,2.0209682552906245,0,0,-1,0,0,0.004145077720207288,-0.0403943868242395,0.5815457258222302,0.347503435301015,0.12040069350799465,0.12844392704695373,1.5440915034234848,0.02097661623108664,0.0
2018-08-01,56.52,58.16,-0.00034405642864772623,-0.016827115830976475,-0.029159639102401023,-0.17989240271715926,-0.02860327540893707,55.263,54.104,53.220000000000006,2,1,8,55.78624806853199,53.91986909936767,65.30612244897958,1.3427292416833723,0.887399758942083,58.3754395453354,49.8325604546646,0.03275575949081324,0.023181679962063106,0.0204037830017332,439726965.0,1.1312345518917075,0,0,-1,0,0,-0.0006877579092159414,-0.495293395949954,0.6886487597385798,0.3679977609138493,0.08089500860585197,0.09704968944099379,1.073790280396831,0.03361641896673754,0.0
2018-08-02,56.69,56.52,-0.03341516168809843,-0.027456112147733563,-0.014815085785140587,-0.20189383876775777,0.0030032705198856182,55.553999999999995,54.3455,53.376333333333335,3,2,8,55.95056660152617,54.09858722198911,64.8760330578512,1.3407162325861748,0.9780630536709014,58.628885159080816,50.062114840919186,0.03266515635489406,0.023181647303778984,0.020398568784358716,443234777.0,1.0946949260584866,0,0,-1,0,0,-0.005484784147204569,-0.839634664143482,0.3339083664766468,0.3679972424796611,-0.00017636684303357075,0.0931353644427304,0.10751660829257513,0.020285764685129628,0.0
2018-08-03,57.41,56.69,0.010969678295046463,0.012779167343357796,0.021173284527632914,0.08706494646068838,0.012620675843333038,55.952,54.57900000000001,53.51833333333333,4,3,8,56.21591812852141,54.312226756054336,66.90085870413739,1.3812961686771388,1.0587096766721489,59.000792444363896,50.15720755563612,0.032428261018640825,0.023082286771715546,0.020166694859106223,447061686.0,1.2804762030874801,0,0,-1,0,0,0.0024695713529723157,-0.6345912541767805,0.2510764967886615,0.36641994293181157,-0.016615279205207334,0.08854759196056117,-1.147993080841248,0.012018812053649275,0.0
2018-08-06,57.79,57.41,0.006664352971407322,0.007451728442261468,0.005267790934859026,-0.247110180476179,0.006597246150141164,56.375,54.80550000000001,53.714333333333336,0,6,8,56.50211483242661,54.53659922340567,67.5095785440613,1.4276616893332843,1.132500079204376,59.40339185101879,50.20760814898123,0.0323801415950653,0.02305401310374968,0.019562628719003754,450050711.0,1.298203653632565,0,0,-1,0,0,-0.0034837136387388216,-0.9613192679492042,0.2546214050548231,0.3659711123672758,-0.0018998272884283018,0.08505444986856925,-1.9298434723742053,0.014189306108323245,0.0
2018-08-07,58.09,57.79,0.016297170684236046,0.012354309500935178,0.012876461188544672,-0.15575125526437536,0.005177781674754567,56.99300000000001,55.06,53.94133333333333,1,7,8,56.79082122653086,54.76585088641176,66.53512233622732,1.4716499270059487,1.2003300487646906,59.79843411843167,50.32156588156833,0.029443526266246176,0.022951881130626663,0.01933145016244849,452608635.0,1.2789035045201271,0,0,-1,0,0,0.00622945146219068,-1.1151673066170888,0.25549488909592977,0.3643498175565248,-0.0012035763411277767,0.09603773584905673,-1.9481467371388432,0.013771733516956397,0.0
2018-08-08,58.82,58.09,0.010605641659885619,0.011698022692155889,0.013224752637828567,0.4480616550072397,0.01248840112140786,57.646,55.3745,54.196333333333335,2,8,8,57.15976282170706,55.02740889374004,68.97590361445782,1.5475763248747754,1.2697793039867076,60.23917600478789,50.5098239952121,0.029403775834192465,0.02277798642392185,0.019347850083191783,456612490.0,1.416538325104851,0,0,-1,0,0,0.011705973489412973,-0.42261454024333933,0.06995058719260963,0.3615893246670161,0.040693559801840085,0.11974110032362462,0.22359404819764675,0.012240734444066625,0.0
2018-08-09,58.99,58.82,0.0015302221807675365,-0.0008430992827203999,0.0034065779835267744,-0.3707115285032237,0.002886004889135073,57.875,55.68549999999999,54.483666666666664,3,9,8,57.49253321776032,55.28305993285358,71.22137404580153,1.6029878750583322,1.3364210182010325,60.643493970398325,50.727506029601656,0.014917366612088593,0.02278627867465788,0.018963988355218765,459376123.0,1.3329987973884216,0,0,-1,0,0,0.0006800408024481324,-0.9310192603790042,0.07048414565333232,0.3617209600665553,0.04057152937025932,0.11787000189501606,0.20190188779856438,0.007967452110527188,0.0
2018-08-10,58.99,58.99,-0.0013600818145554053,-0.0032102756302482102,-0.008709815115417963,0.15243360760957136,0.0,57.936,55.98049999999999,54.76,4,10,8,57.764799905440256,55.52221735654045,70.93292212798765,1.628133814660174,1.3947635774928608,60.99008439288662,50.97091560711336,0.011916770887637304,0.02282325673282457,0.01898855248651081,459376123.0,1.201496876376953,0,0,-1,0,0,-0.0035599254110866394,-0.724651476140246,0.07460019455121518,0.3623079685418061,0.027521337746037267,0.11113203993219067,0.732561171975045,0.013392100355992647,0.0
2018-08-13,58.84,58.99,0.004582881652599949,0.00472734292500065,0.0037664827954768648,-0.07943811864099623,-0.0025460422817471543,58.03000000000001,56.2685,55.025333333333336,0,13,8,57.96029083172384,55.73626784966688,80.20924149956411,1.6173150059190462,1.4392738631780981,61.238105618153156,51.29889438184685,0.011552670301633951,0.022860306195505994,0.01903965454568837,456403212.0,1.0348909742884767,0,0,-1,0,0,0.001017121546024668,-0.8072789768421802,0.09192472838487593,0.36289611052858783,0.018169233431389653,0.10851544837980409,0.9391997818686808,0.014445955132562785,0.0
2018-08-14,59.09,58.84,-0.001864565333822593,0.00788528538363794,0.0069817226978983625,0.1037982670787494,0.004239809624346373,58.123000000000005,56.562,55.277,1,14,8,58.165692498683136,55.952637665817406,79.98236331569667,1.6103508109689457,1.4734892527362677,61.4664624148755,51.657537585124494,0.01154637092805511,0.02285287828027899,0.018980654709916386,459701290.0,1.0308978991591182,0,0,-1,0,0,0.0016995241332425953,-0.6470417195951012,0.09115082689607124,0.3627781960298859,0.017214666896195663,0.11029688087185274,1.1195490608882115,0.015400236926722011,0.0
2018-08-15,60.33,59.09,0.0016952029826683662,0.010638398205055577,-0.0003394433162260149,0.6783515269803317,0.020767787095087066,58.504,56.88349999999999,55.57066666666667,2,15,8,58.55920295346802,56.23504813899048,72.2154222766218,1.6854603355981297,1.5158834693086403,61.89505832472136,51.87194167527862,0.0070005215121756404,0.02306344106089718,0.019181740960440292,466200570.0,1.3754204886727026,0,0,-1,0,0,-0.0008461668641056737,0.7618886149955678,0.14686284777374456,0.3661207765471778,0.025671540292417472,0.11929499072356209,1.789675778304398,0.02602353721200067,0.0
2018-08-16,59.52,60.33,0.025254289706884182,0.007905179507113247,0.007104224736955901,-0.19549861339312333,-0.013517101927833893,58.787,57.170500000000004,55.826,3,16,8,58.733893325564736,56.44698051712013,57.80821917808222,1.6604839194460936,1.5448035593361311,62.090313753425995,52.25068624657401,0.009434600264819596,0.023404477140868418,0.019486330844025963,460855403.0,0.9551174567792879,0,0,-1,0,0,0.0036466103099618576,0.2273783375551226,0.19890389055167257,0.37153455648140316,0.00898457365655192,0.10673112681294161,0.7113757003760182,0.027385752688172085,0.0
2018-08-17,59.68,59.52,-0.015981695240213572,-0.01871070397645041,-0.004730537627180541,-0.5237115083765674,0.002684565370668983,59.01400000000001,57.48299999999999,56.05733333333333,4,17,8,58.9059127209166,56.65556241924142,62.750716332378275,1.6347561413275997,1.562794075734425,62.19189013630257,52.77410986369741,0.009040574697913212,0.023249365363406344,0.019352300543679316,464021442.0,0.9331285871643188,0,0,-1,0,0,0.0011760752688172091,-0.6867359917986884,0.19824062883811294,0.3690722333499121,0.01169689777928462,0.11697548193898566,0.504598761420486,0.0130697050938338,0.0
2018-08-20,61.63,59.68,0.006023106714635798,0.03643330424867569,0.01412500363299971,0.656782589621172,0.03215180907864632,59.398,57.8865,56.33633333333333,0,20,8,59.401201317113575,56.97649387606456,70.01153402537494,1.751524906148397,1.6005402418172194,62.56289661097471,53.210103389025285,0.012854391749911383,0.023990737126487898,0.020015036015503366,470127393.0,1.6010190372709807,0,0,-1,0,0,0.00452412868632713,0.5356529282163041,0.28269475768499364,0.38084114523486784,0.047416723317471154,0.15067214339058999,0.1254729998060356,0.03504786629888036,0.0
2018-08-21,61.0,61.63,0.025201037196871758,0.0024144880945175533,0.017708365102019886,-0.38597314214039324,-0.01027490080084055,59.689,58.34100000000001,56.602999999999994,1,21,8,59.69189198672929,57.236074916318465,79.24281984334206,1.772793597604597,1.6349909129746951,62.28054793024712,54.4014520697529,0.013912950715837997,0.02267501664112566,0.020129979591022504,465976636.0,1.3499010785398433,0,0,-1,0,0,-0.00243387960408901,-0.27344990480459364,0.3161094870950095,0.35995473004001777,0.032323574208833916,0.17511076863802733,0.42945145253941,0.02032786885245905,0.0
2018-08-22,60.61,61.0,-0.010957669538376659,-0.01948113557182254,-0.011383443883438076,-0.6452193880892488,-0.006413968210117595,59.86800000000001,58.75699999999999,56.87233333333334,2,22,8,59.85882071641487,57.45374750236243,74.87309644670053,1.7381432151545582,1.655621373410668,61.61478051530575,55.89921948469423,0.014056293611559691,0.022913473201341537,0.020076672577600395,463799367.0,1.2968105773523677,0,0,-1,0,0,-0.0031147540983606187,-1.0273298675753069,0.29643334005462,0.3637401105809564,0.004641140394497034,0.15911264104035183,1.7081520778536672,0.012044217125886766,0.0
2018-08-23,61.01,60.61,-0.0027995077979021655,0.005395255464581,0.0014921664046952722,0.3311362868240348,0.006577889200567447,60.07000000000001,58.972500000000004,57.147000000000006,3,23,8,60.06812604070307,57.68318314737131,73.80952380952384,1.7230964116378118,1.669116381056097,61.827183132932724,56.11781686706728,0.014099308393418965,0.014130414892821306,0.020078697129552688,466831322.0,1.4274789215619845,0,0,-1,0,0,0.0004949678270912578,-0.6923107462452137,0.267436321333143,0.22431338237141152,0.025033602150537515,0.07601410934744268,1.3894246204929626,0.015899032945418765,0.0
2018-08-24,60.99,61.01,-0.0024766792152933577,-0.004248372402848894,-0.007149419429554214,-0.11521242567790778,-0.0003278688553960854,60.27,59.102999999999994,57.41033333333334,4,24,8,60.235739487847965,57.896526170121554,72.22222222222229,1.6900757375248219,1.6733082523498422,62.07966079250911,56.12633920749088,0.014108627764446175,0.01276624596834934,0.020101329552760804,464129314.0,1.2678636442208784,0,0,-1,0,0,-0.00852319291919351,-0.9318835881773502,0.26997310730004703,0.20265787204879987,0.021950402144772063,0.04470709146968144,1.5158852367122517,0.018691588785046738,0.0
2018-08-27,60.91,60.99,0.011015318942038499,0.005063301956546855,0.012766483595358652,0.0017190937671036665,-0.0013125514599717373,60.477,59.253499999999995,57.67133333333333,0,27,8,60.35833230823924,58.09094383656533,70.20057306590256,1.638562950256535,1.6663591919311806,62.278047117030006,56.228952882969985,0.014056007813552167,0.012559273211043843,0.0201120328218532,461422657.0,1.0953706032039738,0,0,-1,0,0,0.0027873421872437218,-0.8410606096692286,0.10151707655015949,0.19937228138482585,-0.011682622099626894,0.051986183074265835,0.2596397251273116,0.011164012477425706,0.0
2018-08-28,61.33,60.91,-0.002127834504457893,0.002440811560808818,0.001646090906668717,0.4818149084770127,0.006871754789499236,60.70100000000001,59.412,57.94166666666668,1,28,8,60.53499916128665,58.29991520194821,68.81559220389805,1.613035120342559,1.6556943776134565,62.52618216010116,56.29781783989884,0.014095458857627818,0.012589681173203247,0.020111364469499193,465804762.0,1.231784077741745,0,0,-1,0,0,0.001970119848957553,0.5944630209035475,0.08974309759627226,0.19985499281932612,0.005409836065573659,0.05450481430536458,-0.1702155245025212,0.011902820805478624,0.0
2018-08-29,61.22,61.33,0.004903573081488675,0.00048744821827951753,0.0004932993604925775,-0.33441848573078553,-0.0017951861206258787,60.79,59.647000000000006,58.18566666666666,2,29,8,60.65954476832544,58.48830776956446,66.86838124054462,1.5658775884117517,1.6377310197731156,62.54407002621933,56.74992997378068,0.01279301401982987,0.010362993376304497,0.020091227099671205,462668252.0,1.0859247348278689,0,0,-1,0,0,0.0,-0.41942441315064527,0.0691487679590963,0.16450741987146775,0.010064345817521803,0.08315640481245579,0.5458672477007692,0.011924207775236915,0.0
2018-08-30,60.82,61.22,-0.004575919081178698,-0.002439620629370693,-0.004778784739041414,-0.017057400790723987,-0.00655525126804787,60.92,59.8535,58.42033333333334,3,30,8,60.68871844681172,58.63873952636675,63.052781740370904,1.4791772133843537,1.6060202584953633,62.43464845919354,57.272351540806454,0.012061993747618332,0.010629815333486265,0.02015582325513701,459584789.0,0.7488914452460261,0,0,-1,0,0,-0.0027768703038223083,-0.44431410619031325,0.07670674590634928,0.16874308712967465,-0.003114243566628372,0.07285235491268316,0.7908244268918152,0.01430450509700752,0.0
2018-08-31,61.3,60.82,-0.0031170560878886165,0.0055212871667788535,0.004449945538445808,0.06556832575534387,0.007861160692946999,61.081999999999994,60.048,58.68266666666667,4,31,8,60.799860547391404,58.81043375047212,66.75749318801087,1.4326834470422583,1.5713528962047425,62.432649152165446,57.66335084783456,0.012195596925568056,0.010465668520408174,0.020060809189091477,462877205.0,1.0500496468112173,0,0,-1,0,0,0.0006576783952647016,-0.24371951623443833,0.09790835950647184,0.16613733725422405,0.0050828004590914855,0.06775823027347161,0.1011785512892494,0.015334420880913503,0.0
2018-09-04,61.99,61.3,0.009322170707010939,0.012872261404833558,0.005248494908615717,0.5290345162619631,0.01119323877166231,61.117999999999995,60.257999999999996,58.96366666666667,1,4,9,61.01624953877479,59.01556705689328,68.6375321336761,1.4349725651840188,1.544076830000598,62.54305073074561,57.97294926925438,0.007222812073127846,0.010592844207551088,0.020089874002995035,468465399.0,1.5159400854394591,0,0,-1,0,0,0.002120717781402978,1.5040615643913586,0.11763939851124944,0.16815618870018748,0.017731078640617293,0.07267693372555817,-0.6107812564657751,0.02290692047104363,0.0
2018-09-05,61.4,61.99,0.011652502780884094,0.003032965849611984,0.0027770989015315356,-0.13741192423574317,-0.009563246560731311,61.157999999999994,60.423500000000004,59.279999999999994,2,5,9,61.08602234990664,59.169401440319525,57.503506311360454,1.3733475430422644,1.5099309726089314,62.51901174505416,58.32798825494585,0.007107961171099946,0.010977741752039477,0.019131928242281222,463594667.0,0.9319919130062037,0,0,-1,0,0,0.0025810614615259975,0.8406735792297417,0.14312168473671963,0.17426624779792166,0.0011413663786075112,0.056980547426407124,0.2936754814428254,0.023452768729641773,0.0
2018-09-06,61.03,61.4,-0.012140982803623359,-0.015905227254445535,-0.01049534068173071,-0.6619587962689591,-0.006044288596693107,61.2,60.534000000000006,59.571333333333335,3,6,9,61.075836468105436,59.28944005707311,61.285500747384134,1.2798994767711775,1.4639246734413809,62.50272814941307,58.56527185058694,0.007068197132046973,0.010896879178650811,0.019249768946675072,461082149.0,0.5038786082759743,0,0,-1,0,0,0.0,-0.9691223177353235,0.14994057808449499,0.17298259424056694,-0.0031035609278012855,0.037572254335260125,0.5864333890239315,0.017860068818613854,0.0
2018-09-07,61.9,61.03,0.0006512536863199927,0.015426949046842869,0.00902607260254358,0.42328443860563897,0.014154633134146853,61.289,60.679500000000004,59.74466666666667,4,7,9,61.225684382995354,59.457863279197426,64.99999999999999,1.2615011402138165,1.4234399667958682,62.597234134467506,58.7617658655325,0.008113852467298859,0.011242009763271594,0.01234704866706137,464918685.0,1.272856313149885,0,0,-1,0,0,0.006718007537276693,0.026016531690170167,0.16936394023721554,0.1784613724210605,0.017757316672147194,0.049330394982200376,-0.4711755313153488,0.024232633279483037,0.0
2018-09-10,62.51,61.9,0.007459090851133765,0.00015945148722281078,0.0068381901111732235,-0.043070894605484605,0.009806364253170599,61.440999999999995,60.855500000000006,59.882333333333335,0,10,9,61.45919631335983,59.65477532570082,57.26072607260721,1.2813713763559065,1.395026248707876,62.76645980292534,58.94454019707467,0.008492040618865508,0.011343556699572035,0.011365329951021397,468593486.0,1.7315905833992473,0,0,-1,0,0,0.0,-0.12160932688618539,0.17305056984984576,0.1800733800601694,0.019738988580750405,0.059671130700118535,-0.567991781465226,0.01743721004639252,0.0
2018-09-11,62.98,62.51,0.006601746865580339,0.008414751565477285,0.010491581991645694,-0.17845004799659964,0.007490671729157659,61.648,61.0625,60.05166666666666,1,11,9,61.73570607456713,59.869305949849156,66.77966101694912,1.3198295798705715,1.3799869149404151,62.95097892007143,59.17402107992857,0.008511077785234727,0.011309602214322523,0.011223207483910709,471667699.0,2.0307348730453074,0,0,-1,0,0,-0.0031994880819068267,-0.6082731018161512,0.16497516340571872,0.1795343693169769,0.015970317793192468,0.0703602991162473,-0.4224041244560524,0.015401714830104779,0.0
2018-09-12,61.37,62.98,0.01021883393422547,-0.003960401216096905,-0.016676497540961274,0.556722924070754,-0.025896099271872957,61.652,61.1765,60.15866666666667,2,12,9,61.66921406100947,59.96612492082664,55.33707865168538,1.2064868096342494,1.345286893879182,62.823446456796354,59.52955354320364,0.012346717045477443,0.013034148778489867,0.012357423842681407,466303367.0,0.23498031669638725,0,0,-1,0,0,-0.0004763416957763422,1.113263977039028,0.2567886291340117,0.206910697315803,-0.00048859934853418,0.03858520900321527,-1.2472328340101835,0.02851556134919342,0.0
2018-09-13,62.36,61.37,-0.022490907859893692,-0.0025429130041122487,0.004398475772552177,-0.3013763605439194,0.016002927788570216,61.766000000000005,61.278000000000006,60.35333333333333,3,13,9,61.79481150446229,60.12056847432169,58.75486381322959,1.182910715464672,1.31281165819628,62.95522326918986,59.60077673081015,0.013300138796459337,0.012702566541518698,0.011238186891245472,470271896.0,1.290227747105647,0,0,-1,0,0,0.002933029167345604,0.14113958291553294,0.271733824919173,0.2016469924866498,0.021792561035556268,0.03364826786010289,-2.016661249728008,0.021167415009621555,0.0
2018-09-14,62.43,62.36,0.010826638839028525,-0.004465717150364749,0.00825581378763764,-0.3012203507893802,0.0011218848840769213,61.927,61.42349999999999,60.54466666666667,4,14,9,61.91030032183278,60.26956405662352,59.2783505154639,1.156542998204003,1.2815579261978247,62.957346557884065,59.889653442115915,0.012975391784615556,0.012195238487968092,0.011245399857597892,473208269.0,1.3123868157822316,0,0,-1,0,0,-0.0022450288646568405,-0.6902552157773676,0.2574665136805154,0.1935934093097216,0.008562197092083945,0.04889112903225801,-1.6481997212484267,0.008489508249239166,0.0
2018-09-17,63.1,62.43,0.007206372767093227,0.01428368991799377,0.009306870772192952,0.21609260071400968,0.01067484047351482,62.107000000000006,61.594500000000004,60.73433333333333,0,17,9,62.126609354226815,60.45217282716394,63.113772455089844,1.1761518465245047,1.2604767102631607,63.07143102856319,60.11756897143682,0.013131975295288197,0.012335002102654029,0.011194164616882368,476852946.0,2.0386869405331773,0,0,-1,0,0,0.0038443056222970044,-0.062210809946116226,0.25926215544569947,0.1958120879104883,0.00943848984162532,0.05730563002680977,-1.6497934924190791,0.013470681458003193,0.0
2018-09-18,63.05,63.1,0.005251862154948644,-0.003630914084527715,-0.008018003186007485,-0.2748071441592077,-0.0007927071362389971,62.213,61.665499999999994,60.909666666666666,1,18,9,62.29449856254921,60.619774580250144,60.77694235588971,1.174122860490435,1.2432059403086155,63.27975850664958,60.05124149335041,0.012837321636159386,0.010155330229086703,0.011198240474576307,474084017.0,1.7153386453245978,0,0,-1,0,0,-0.0015847860538827482,-0.824195535694748,0.25476785626355725,0.16121086960740008,0.0011114639568117202,0.023040726918708287,-1.237689597293441,0.017763679619349684,0.0
2018-09-19,63.11,63.05,0.0023781224049674193,0.010227451276289852,0.014545129757916962,-0.004376232040414347,0.000951173185219592,62.384,61.770999999999994,61.077,2,19,9,62.44277155117662,60.780434284750136,61.91677175283732,1.1639392063555931,1.227352593518011,63.47540790768059,60.0665920923194,0.012226735775516506,0.009795500000508627,0.011195972470024984,476840855.0,1.571220121622355,0,0,-1,0,0,0.0015860428231562478,-0.7594889291048962,0.11766620062441673,0.1554987418132734,0.028352615284340965,0.034590163934426155,0.8519710578580186,0.013627000475360473,0.0
2018-09-20,62.5,63.11,0.003635505466274687,-0.003921266102110958,-0.009566399486495219,0.447117303635584,-0.009712678853792359,62.53099999999999,61.8655,61.199666666666666,3,20,9,62.453176723689964,60.89137400831465,60.3194103194103,1.0940353268327812,1.2006891401809652,63.50730228310741,60.22369771689259,0.01256865855157445,0.009964501304664733,0.011264645826832719,472529718.0,0.772931072795312,0,0,-1,0,0,0.004278244335287643,0.7995286893410679,0.11510170211159554,0.15818155434552925,0.0022450288646569394,0.031182973106748113,0.041587694161644526,0.019360000000000013,0.0
2018-09-21,63.77,62.5,-0.010946408976897592,0.006110477297016034,0.003997127393950741,0.5926693350261564,0.020116303584824555,62.717999999999996,62.003499999999995,61.359,4,21,9,62.692599137564514,61.07709181422984,63.82978723404256,1.128110232313972,1.1861733586075667,63.79928776145318,60.20771223854681,0.013324915556428046,0.010767903636682534,0.01174672608096858,480327747.0,1.9673817117124386,0,0,-1,0,0,0.0030399999999999637,3.0586976949251183,0.18276286636765704,0.17093517098501992,0.0214640397244914,0.04523848549418141,0.4012362116674456,0.02116982907323184,0.0
2018-09-24,62.06,63.77,0.010315095824616725,-0.00988941424564189,-0.01640963462623087,-0.5448847917903404,-0.027181201306946175,62.673,62.057,61.46133333333333,0,24,9,62.57758111255278,61.140505245569855,50.35175879396984,1.0055408821090523,1.150046863307864,63.788249624731336,60.32575037526867,0.016020608665390436,0.012580515477748508,0.01291843595414443,475805603.0,0.0034657047223512634,0,0,-1,0,0,-0.00674298259369609,0.4765123031200686,0.27215656353770923,0.19970949191472895,-0.01648177496038028,0.01754385964912286,-0.02829384906604383,0.028037383177570124,0.0
2018-09-25,61.65,62.06,-0.02138265606540221,-0.016702845956883944,-0.008634084752088256,-0.1572512107327609,-0.006628429409880924,62.54,62.093999999999994,61.555,1,25,9,62.40893000117954,61.17337587488793,51.27942681678608,0.8653450563689091,1.0931065019200732,63.752120686349684,60.435879313650304,0.01584641508959909,0.012685786694528845,0.012986377779085826,471941479.0,-0.5355460596507603,0,0,-1,0,0,-0.0009668063164679708,-0.0841611448348659,0.27204581606481604,0.2013806206736126,-0.022204599524187185,0.012149072401904437,0.3071621816909081,0.01978913219789142,0.0
2018-09-26,62.09,61.65,-0.0011296700951219697,0.0004811161988401639,0.011387791845705297,-0.47985771109109443,0.007111715766448305,62.612,62.132000000000005,61.654999999999994,2,26,9,62.350942728237804,61.23251291521775,55.38617886178863,0.7807432549329718,1.0306338525226528,63.75076626184905,60.51323373815096,0.01367275798220789,0.01269213066368862,0.013017072934994421,474332875.0,-0.05189137059482171,0,0,-1,0,0,0.004541768045417699,-1.1425540801087635,0.2829829505696104,0.20148132806194358,-0.016162256377753037,0.012391977824881772,0.026055423969777957,0.008858109196327865,0.0
2018-09-27,62.71,62.09,0.009161841792386254,0.012586798849410179,0.009979158943260963,0.516386374914575,0.009935979178128003,62.64699999999999,62.206500000000005,61.73433333333333,3,27,9,62.4162258685582,61.327834662623054,54.22314911366008,0.755021122697606,0.9755113065576435,63.78519066333487,60.62780933666514,0.0130536720690484,0.012843074710198708,0.012604509336693224,478340760.0,0.6378703715601739,0,0,-1,0,0,0.006603317764535296,0.07369699866449955,0.28870371545297435,0.20387749051565232,0.0033600000000000296,0.024338451486442425,-0.9015119988705559,0.011481422420666541,0.0
2018-09-28,62.45,62.71,-0.0008003201707690441,-0.002377745433477209,-0.008362866365759518,-0.2836663283075857,-0.004154687983342706,62.649,62.288,61.832,4,28,9,62.42236661972943,61.4002324263248,49.6753246753247,0.7055234849325984,0.9215137422326346,63.7274677378793,60.84853226212069,0.013137945107053762,0.012777528766122054,0.012340033401668352,475322751.0,0.22508319670807247,0,0,-1,0,0,-0.004146069207462893,-0.6942904557686095,0.23099095914353077,0.2028369809107977,-0.020699388427160126,0.026800394607037203,-1.0211408339643873,0.01745396317053637,0.0
2018-10-01,61.7,62.45,0.0025587731856322486,0.003010857198847744,-0.006155859387575955,0.3439619415169852,-0.012082305660244525,62.509,62.30800000000001,61.89933333333333,0,1,10,62.291027234324076,61.41957226978772,43.27731092436979,0.5988740709009619,0.8569858079663002,63.700001209911605,60.91599879008841,0.013063060474237253,0.013018111736018153,0.012587768347096042,471065774.0,-0.8735624590996095,0,0,-1,0,0,0.002562049639711715,0.2335887769505148,0.14835521157382126,0.20665611715893217,-0.005800837898807587,0.006525285481239873,0.2331570321798645,0.02690437601296602,0.0
2018-10-02,61.18,61.7,-0.018213091086824014,-0.021915617582334502,-0.015557506936997981,-0.05191714623204876,-0.008463592188584784,62.322,62.267500000000005,61.88433333333333,1,2,10,62.08902228262879,61.40411599431755,48.87307236061686,0.4670105804670328,0.7789907624664467,63.743081954768186,60.791918045231824,0.013196442901880597,0.012898179349857777,0.011203088580586525,467024168.0,-1.4739947130498148,0,0,-1,0,0,-0.0035656401944895617,0.1316273147377428,0.15308088608061335,0.20475224955139468,-0.00762368207623676,-0.013066623648975706,0.2968653213422298,0.020268061457992724,0.0
2018-10-03,61.68,61.18,-0.0016278694788049593,0.0027457014746143263,0.010997238447731357,0.08968464492671803,0.008139390532316673,62.178999999999995,62.28150000000001,61.907000000000004,2,3,10,62.014654594878095,61.421914962426094,45.71788413098237,0.3982627109764394,0.7028451521684453,63.72744205313594,60.83555794686408,0.013622969973496584,0.012859378208807358,0.011137896886914338,471444995.0,-0.8319835482970938,0,0,-1,0,0,0.0032690421706440477,0.4666333420344076,0.15688764914524642,0.20413630053256498,-0.006603317764535377,0.004560260586319309,0.28329099696891424,0.011997405966277594,0.0
2018-10-04,61.58,61.68,0.004713539811811401,-0.00048398807107544374,-0.0006531678873626745,-0.5801150739197304,-0.0016225867587197295,62.087,62.309000000000005,61.93933333333333,3,4,10,61.935626486718434,61.43211399710829,44.66750313676286,0.33188460569490985,0.6286530428737382,63.67334136798507,60.94465863201494,0.013368640501671566,0.012782706269037741,0.011070963588872162,468970066.0,-1.0686475058315277,0,0,-1,0,0,-0.00016212710765236722,-1.1444215148152599,0.1221505696351107,0.202919171221561,-0.01801945463243504,0.00901196133049309,0.8564749630447313,0.012179278986683988,0.0
2018-10-05,61.05,61.58,0.0001621402516726085,-0.0016149874311187134,-0.009024591563059976,0.47963505222139335,-0.00864394193964065,61.815,62.26649999999999,61.94066666666666,4,5,10,61.77460348913326,61.40746148116582,36.90932311621967,0.233817604625969,0.5496859552241844,63.73357406621608,60.79942593378391,0.011080124065597982,0.012509710277078666,0.0111342016873683,464971856.0,-1.6584029777550653,0,0,-1,0,0,0.0016239038648912215,0.11054842059942399,0.12738472327056283,0.19858549419971439,-0.022417934347478075,-0.013731825525040375,1.2132316427745053,0.019656019656019586,0.0
2018-10-08,60.62,61.05,-0.012726554539222777,-0.013014662307854018,-0.008441662312622136,-0.07995367179201743,-0.007068328927056551,61.67099999999999,62.172000000000004,61.92833333333333,0,8,10,61.56467558201812,61.356657514639,35.200974421437294,0.12001790174144844,0.46375234452763725,63.8069163828532,60.537083617146806,0.007931517942802382,0.01233469801023598,0.011209975673405793,461280872.0,-1.898568044552241,0,0,-1,0,0,-0.002457002457002434,-0.1445216572674154,0.11300408359529919,0.19580726059300585,-0.017504051863857506,-0.03023516237402013,1.5049691550502287,0.015011547344110917,0.0
2018-10-09,59.49,60.62,-0.004113539325792253,-0.00574761414766894,-0.011535695923082024,0.7549661153568232,-0.01881664042984266,61.455,61.9975,61.881,1,9,10,61.187461839833006,61.236227997565514,30.49568965517244,-0.060651585153721044,0.35887155859136566,63.97781230922797,60.01718769077203,0.009426742661456051,0.01271348959802761,0.011707752203580652,453428158.0,-2.5324288379316884,0,0,-1,0,0,0.0004948861761794975,2.525963513924766,0.15608063790603413,0.2018203906331255,-0.027623406341941825,-0.05541441727532537,0.1609248735056464,0.021011934778954446,0.0
2018-10-10,57.33,59.49,-0.021499036530934157,-0.022315663751760688,-0.044528198223516814,0.011733940324306871,-0.036984184279522964,60.979,61.795500000000004,61.74766666666666,2,10,10,60.48610514168154,60.98421328804516,26.131117266851362,-0.37381825910117783,0.21233359505285693,64.66836744706326,58.92263255293675,0.013218401824532922,0.013899173965673143,0.013289160979589026,445482758.0,-3.108740714483567,0,0,-1,0,0,-0.0021852412170113053,2.188268174000948,0.21721691350913996,0.22064254645436726,-0.07052529182879375,-0.06583021020042368,-1.2707607257202993,0.043607186464329324,0.0
2018-10-11,57.03,57.33,-0.024557850781664062,-0.010666316311345484,-0.00794285351393677,-0.10677239113599178,-0.005246601751843874,60.411,61.528999999999996,61.608,3,11,10,59.857722388648526,60.729102753332576,15.821501014198802,-0.6388483511215455,0.04209720581797646,65.08825420928187,57.96974579071813,0.011726867528124402,0.013126105627179474,0.013300724228310112,438341987.0,-2.5280576971813042,0,0,-1,0,0,0.01029129600558178,1.514921709597035,0.20495219670097126,0.20837046703369438,-0.07388762585254949,-0.08547145606157791,-1.4896148126954787,0.040680343678765565,0.0
2018-10-12,57.38,57.03,0.00034524426374337895,-0.008890467175239817,0.005125950242823273,-0.5759251349147205,0.0061183653847713265,59.903999999999996,61.27650000000001,61.49333333333333,4,12,10,59.407227408894244,60.513031607956286,22.470588235294144,-0.8112924591019208,-0.128580727166003,65.25808008835376,57.294919911646254,0.012651833814037262,0.013283588534834181,0.013361840548163972,442356418.0,-1.9572631535893958,0,0,-1,0,0,0.01595651411537781,-0.24182382449146028,0.2552402171383116,0.2108704306900806,-0.060114660114660046,-0.08089059746916538,-0.7601886845105615,0.026315789473684174,0.0
2018-10-15,57.68,57.38,-0.012504504719240127,-0.0007696589828738758,0.008077304670293729,-0.1884809838010759,0.005214682423474956,59.501999999999995,61.0055,61.37266666666667,0,15,10,59.093186061822564,60.33025537518491,26.340882002383793,-0.9132211196665878,-0.28550880566611997,65.19678155253341,56.81421844746659,0.013258806220868686,0.013013899410828846,0.013303578830540555,445681235.0,-1.5868654769756065,0,0,-1,0,0,-0.0027884280237017024,-0.6161805313150369,0.2841447155902344,0.20658924856957875,-0.0484988452655889,-0.08589540412044372,-0.8662294664550627,0.017427184466019454,0.0
2018-10-16,58.94,57.68,0.010085288056367507,0.01627648755817639,0.005754658831497051,0.21443270310254126,0.02160948433285491,59.278,60.8,61.270999999999994,1,16,10,59.065334050582095,60.2405614800117,32.89902280130289,-0.8821598580615131,-0.40483901614519857,64.97219366760167,56.62780633239833,0.01598039632427347,0.014268073718238397,0.013797077641377364,449801211.0,-0.8916172873006614,0,0,-1,0,0,0.0020804438280165993,-0.21542532510530757,0.3436019809823534,0.2264986484783728,-0.00924525130274001,-0.06518636003172085,-1.1431064729831657,0.02765524261961321,0.0
2018-10-17,59.2,58.94,0.04482780138247009,0.028668630044493795,0.01962872937382157,0.12405291161645982,0.004401564580411443,59.03000000000001,60.60450000000001,61.19766666666667,2,17,10,59.08981876865808,60.17342848130127,30.169491525423737,-0.8270302672534129,-0.4892772663668415,64.68639055785324,56.52260944214677,0.015714380013077626,0.01434269249995052,0.013755323247238268,454465336.0,-0.6881615173625163,0,0,-1,0,0,0.025619273837801243,0.041777951345320544,0.1545682896602463,0.22768318491564218,0.03261817547531831,-0.06195531611472027,0.9081662907942261,0.037331081081081095,0.0
2018-10-18,57.96,59.2,-0.02157093921820279,-0.028330506626225996,-0.015117965306310219,-0.2671041482822442,-0.021168424437478434,58.668000000000006,60.37750000000001,61.09533333333333,3,18,10,58.88439717435661,60.03062664379797,27.161749745676502,-0.8733301004692464,-0.5660878331873225,64.52005387793024,56.234946122069786,0.01655726274812508,0.014828276361304283,0.014201182904602008,450894513.0,-1.1671544034125567,0,0,-1,0,0,-0.0006756756756757813,-0.5731641867913025,0.24396782745929713,0.2353915897424933,0.01630720673329833,-0.07264000000000004,-0.9118460508901454,0.02398205659075213,0.0
2018-10-19,58.13,57.96,-0.016875879919928827,-0.012245050960100288,-0.0013857615243762463,0.05088348695524215,0.002928764260777645,58.37600000000001,60.0955,60.96966666666667,4,19,10,58.74723405174631,59.90800557000456,30.702702702702723,-0.8860911652341414,-0.6300884995966863,64.02823160725632,56.16276839274369,0.016749888215742078,0.013824170053944028,0.013912223861404383,454651734.0,-0.9995596935084208,0,0,-1,0,0,0.0036231884057971162,-0.3858392701413582,0.24270659478413964,0.2194518962676136,0.013070756361101443,-0.08844284146150228,-0.7189889162908392,0.01290211594701531,0.0
2018-10-22,57.87,58.13,-0.000515862791940303,0.001538856420630949,-0.009229495207131379,0.1517877492777249,-0.004482766127511845,58.101,59.886,60.815000000000005,0,22,10,58.587736951428795,59.77652133968169,31.590656284760854,-0.9067319861726304,-0.6854171969118752,63.82450305519313,55.94749694480688,0.016730694844934297,0.012792603391310317,0.013736110858373268,450278655.0,-1.0237392083988877,0,0,-1,0,0,0.00017202821262683656,0.01724843158420107,0.2460735913365734,0.2030762831669316,0.0032940360610262953,-0.06751530776667747,-0.10296875213764366,0.023673751512009757,0.0
2018-10-23,57.48,57.87,-0.015950407508765748,-0.017406729890338275,-0.021217203264386118,-0.027761370368406417,-0.006762054374923222,57.9,59.67750000000001,60.63166666666667,1,23,10,58.38633023298719,59.62835867260546,26.35135135135137,-0.943681552592551,-0.7370700680480105,63.66402401023584,55.690975989764176,0.016021672556275856,0.012794382944943708,0.01362458614957206,446025309.0,-1.1024641990654982,0,0,-1,0,0,-0.011232071885260042,-0.07298054659296736,0.16053565332040945,0.20310453270508352,-0.024770953512046168,-0.06763990267639908,-1.1170493310693337,0.027139874739039706,0.0
2018-10-24,54.59,57.48,0.009393006962606682,0.0046830369168953554,-0.029008560514337527,0.3651319490063554,-0.05158634541715783,57.626,59.302499999999995,60.40566666666666,2,24,10,57.696088372444066,59.30330327437285,20.05141388174809,-1.192417747906255,-0.8281396040196594,63.72109170229106,54.88390829770893,0.019458566601309242,0.016270685854223414,0.01563752649913807,439897496.0,-2.133032566714202,0,0,-1,0,0,0.004871259568545601,1.0388295212356076,0.33454550602654914,0.2582891305843901,-0.07787162162162165,-0.12079239813174425,-1.4163061748952523,0.06283202051657812,0.0
2018-10-25,49.91,54.59,-0.1250592702326204,-0.11135796881530315,-0.10340021118297639,1.2618647671378924,-0.08962933231214845,56.914,58.6625,59.99066666666667,3,25,10,56.2804359410906,58.69728370828428,14.791403286978522,-1.7470410604978213,-1.011919895315292,64.4872163924614,52.837783607538604,0.032186041334626436,0.023639941976703993,0.021226162360159038,418254050.0,-3.0052965364383653,0,0,-1,0,0,-0.06631251144898341,3.9500883875179884,0.6038475102241199,0.37527244487013267,-0.13888888888888895,-0.2041141763674056,-1.0320745510739162,0.053696653977158885,0.0
2018-10-26,49.58,49.91,-0.021216221594477367,-0.02984124057610723,-0.014175892242973958,-0.7663422001700707,-0.006633856874473448,56.134,58.019000000000005,59.56233333333333,4,26,10,55.062174860892306,58.10907185613691,14.88549618320613,-2.187990481354497,-1.247134012523133,64.84032229811159,51.19767770188843,0.03160148599237049,0.02360831839614394,0.02116885883499443,408196129.0,-2.4743003280570015,0,0,-1,0,0,-0.00020036064916846346,1.0203266478845456,0.5753175145349942,0.37477043609176874,-0.14708412179597463,-0.20608486789431557,-1.1145501182885478,0.03731343283582093,0.0
2018-10-29,47.91,49.58,0.0006010217550449677,0.0,-0.02577948483462055,0.10776130910420285,-0.03426327571201376,55.157000000000004,57.329499999999996,59.056000000000004,0,29,10,53.761779431639155,57.451067220257116,14.39114391143913,-2.641748683092864,-1.526056946637079,65.2787269733391,49.38027302666089,0.0313605532359901,0.024139034585030136,0.021406791443070415,396993799.0,-2.3699159758784187,0,0,-1,0,0,0.007059298104074252,1.16838474933684,0.5265165813858164,0.3831952944070619,-0.1721099015033697,-0.22350081037277159,-0.7698735879271869,0.06428720517637233,0.0
2018-10-30,49.15,47.91,-0.05284403393676771,-0.02012950415022969,0.0031796529173795844,-0.22392025385041395,0.025552595698144775,54.178,56.727999999999994,58.592666666666666,1,30,10,52.92327408043204,56.91551449636956,23.33767926988267,-2.868234468693089,-1.794492451048281,65.25035845785594,48.20564154214405,0.03194989467405367,0.025602067215156912,0.02229121892349689,405948705.0,-1.778380958152392,0,0,-1,0,0,-0.011479858067209293,0.5917292706398993,0.6735150460878426,0.40642021740279105,-0.14491997216423103,-0.19663288656423672,0.04170233752564626,0.039267548321464896,0.0
2018-10-31,49.1,49.15,0.04095712052546042,0.01893309323982097,0.0373875320716202,-0.1682712532915991,-0.0010178117927006035,53.16799999999999,56.09899999999999,58.12566666666667,2,31,10,52.2281333385353,56.41128775466831,23.724320742213408,-3.0169827683093047,-2.038990514500486,64.93369929193551,47.26430070806447,0.03157976844907942,0.025329080290988463,0.022266780342638424,398380694.0,-1.5844342334070858,0,0,-1,0,0,0.003865717192268664,0.23789876295146634,0.6712549441217868,0.40208668432765804,-0.10056786957318198,-0.2039559014267185,-0.9684771722819405,0.021792260692464364,0.0
2018-11-01,50.95,49.1,-0.0008110300525663786,0.01818950900866683,0.005083895037272328,-0.11016234970113134,0.03698572486825902,52.467,55.567499999999995,57.74066666666667,3,1,11,51.99574545880161,56.05894660920584,30.620855937311646,-2.951563541304232,-2.2215051198612352,64.29214838682128,46.842851613178716,0.03610327817330288,0.02752608029131997,0.023777371133785894,405159276.0,-1.0584953789025584,0,0,-1,0,0,0.0040733197556007275,0.006299951646154458,0.4468763004291547,0.436962978115374,0.020837507513524534,-0.1726209808379343,-0.19483068370615914,0.03415112855740926,0.0
2018-11-02,51.82,50.95,0.033901551675681416,0.02915545828642558,0.033901551675681416,0.2213398377892717,0.016931415465230082,51.836,55.10600000000001,57.342333333333336,4,2,11,51.96379173901949,55.785466182805465,32.92540792540794,-2.7972714000175927,-2.336658375892507,63.58251715965196,46.62948284034806,0.037027286755560565,0.028140521858001605,0.023658225248021313,413617234.0,-0.7753184328208057,0,0,-1,0,0,0.0009813542688910139,0.35371945278569467,0.44154650865838463,0.44671693559909714,0.04517950786607505,-0.15118755118755112,-0.9987002664255389,0.02991123118487065,0.0
2018-11-05,51.42,51.82,0.013051709574767513,-0.014761122999568438,0.0011757790890120365,-0.3099407688717761,-0.0077489732962204745,51.190999999999995,54.645999999999994,56.98766666666667,0,5,11,51.86492051374322,55.50382320326963,26.93251533742334,-2.676418338895374,-2.4046103684930804,62.85695904392611,46.43504095607388,0.036979950903947394,0.02814000203534354,0.023350890329848006,407413403.0,-0.7857790990654997,0,0,-1,0,0,-0.0028946352759552023,-0.21732958611593886,0.29781197119335023,0.44670868367022254,0.0732623669380088,-0.15176509402837346,-0.016065001410867974,0.014002333722287026,0.0
2018-11-06,51.86,51.42,-0.004266880019034588,0.012856360518914684,0.00371420620517985,0.26189579651090017,0.008520578272774781,50.629,54.2645,56.66133333333333,1,6,11,51.86402587488082,55.268737835316756,27.73058252427184,-2.5161326831569397,-2.4269148314258526,62.23326659544068,46.295733404559314,0.03749380988880523,0.02824600043904808,0.023500462650222577,415474606.0,-0.6034810961525033,0,0,-1,0,0,0.0005834305717619824,0.23015947398310735,0.2805556782792559,0.4483913561636548,0.05513733468972526,-0.12825684989073793,0.8470099285801682,0.02313922097956041,0.0
2018-11-07,52.88,51.86,0.012554486479262604,0.016263595992363506,0.013566099526718852,-0.5055061845722137,0.019477415432912554,50.458,54.041999999999994,56.35433333333334,2,7,11,52.04874844308431,55.11462571690923,34.37884378843789,-2.280511355348686,-2.3976341362104194,61.898078035842246,46.18592196415774,0.03553180560969127,0.02790284654222539,0.02384122862442146,420337125.0,-0.29582190876886155,0,0,-1,0,0,0.004627844195912109,-0.5042775586773596,0.2630161663752839,0.44294395692916144,0.0769857433808554,-0.07762079190650617,-0.03583954347948486,0.02571860816944023,0.0
2018-11-08,52.72,52.88,0.011450506787995505,-0.005266139685631056,0.007479179556763394,-0.04808137962666669,-0.0030303053491790963,50.739,53.826499999999996,56.02133333333333,3,8,11,52.170794180705336,54.96013373517315,33.35384615384616,-2.0826825503097552,-2.3346438190302865,61.57316046893967,46.07983953106032,0.020457323776370846,0.02790062445342771,0.023675951576886275,415702871.0,-0.28567148500609296,0,0,-1,0,0,-0.003403933434190615,-0.5250364026562477,0.1914101937865836,0.44290868236306286,0.03473994111874368,-0.07557425916184468,-0.23340551436548063,0.01308801213960542,0.0
2018-11-09,52.49,52.72,0.0015168755278613193,0.009010761174174542,-0.004212144845355494,-0.09127820825842062,-0.004372214930043285,51.03,53.58200000000001,55.68933333333333,4,9,11,52.228831602395275,54.800770268387794,33.415536374845885,-1.9223017765577808,-2.252175410535785,61.16333886245357,46.000661137546444,0.0203190537896473,0.027807573482698935,0.02367556092370598,411472892.0,-0.28807576598590406,0,0,-1,0,0,0.0011380880121396487,-0.6253132177090128,0.17984858107357132,0.44143154399625395,0.012929370899266823,-0.08522133147438138,1.0123560200180373,0.026481234520861128,0.0
2018-11-12,51.89,52.49,-0.007225739748181582,-0.014873662128961436,-0.011190547032425295,-0.06919030836979032,-0.011496581884560188,51.428,53.292500000000004,55.36233333333333,0,12,11,52.167225856505226,54.612978638169224,32.98843578819235,-1.822603999099023,-2.1662611282484328,60.65395544819569,45.93104455180432,0.016328462797506497,0.0277640070638174,0.023670304907503582,407525691.0,-0.3810387795918159,0,0,-1,0,0,-0.0017146123071061805,-0.7047253681917822,0.19461979678028568,0.44073994853700865,0.009140412290937316,-0.10038141470180306,0.7245678848882867,0.02274041241086914,0.0
2018-11-13,52.73,51.89,-0.005741642567675171,0.00661690664555195,0.010614786532881166,0.5031962207209159,0.016058460162729986,51.786,52.982000000000006,55.080666666666666,1,13,11,52.269548428049724,54.49149614538411,43.53268428372738,-1.656714241841037,-2.064351750966954,59.84764782085279,46.11635217914722,0.015419995049172,0.027504843031150306,0.023988996783555084,414054359.0,-0.0734089503497744,0,0,-1,0,0,0.004047022547697068,-0.113382475807863,0.21732627582226108,0.43662584706175017,0.01677593521018128,-0.10536138445877163,0.387288099248447,0.018585245590745248,0.0
2018-11-14,52.48,52.73,0.012588379089792611,0.00694773238858655,0.0030668990878200656,-0.40681499227324286,-0.004752408906544842,52.124,52.645999999999994,54.774,2,14,11,52.3078123502225,54.361722200520624,62.91457286432161,-1.5278067198657865,-1.9570427447467205,58.85688823209368,46.43511176790631,0.015682180662598577,0.02741283034760204,0.02386640274783804,409707785.0,-0.0534545120751717,0,0,-1,0,0,0.000568936089512633,-0.6397854700129457,0.16507058899814714,0.4351651909929558,-0.0075642965204236745,-0.11351351351351358,1.6529478338571906,0.022675304878048738,0.0
2018-11-15,53.23,52.48,-0.014509609267686402,0.0011221246735705656,-0.010002006829496762,0.15035805248176135,0.014190002548832521,52.352,52.4095,54.49566666666667,3,15,11,52.475482832000225,54.28870786500317,67.59884281581485,-1.3495708354707574,-1.8355483628915281,58.10743489829817,46.71156510170183,0.011835966975934158,0.027509436202607998,0.024121538148844955,414759592.0,0.2879990784889656,0,0,-1,0,0,-0.009146341463414575,-0.4924973301634219,0.1974263835573902,0.436698761398187,0.009673748103186552,-0.08160800552104908,0.37838131719760704,0.03325192560586142,0.0
2018-11-16,52.58,53.23,0.01621399373481923,-0.009578437397290154,-0.0009670245410771917,-0.05732527545545613,-0.012286327882930836,52.428,52.132000000000005,54.21333333333334,4,16,11,52.49448595345473,54.17846864790619,74.97326203208559,-1.246399463531965,-1.7177185830196156,57.15783891923394,47.10616108076607,0.011987187793870951,0.027520546169812657,0.024151366117326524,409989237.0,0.17827869424365878,0,0,-1,0,0,-0.007138831486004048,-0.5795649990701082,0.21991571664210421,0.43687512665997263,0.0017146123071061226,-0.09547565800791336,0.4347520069494607,0.024914416127805292,0.0
2018-11-19,52.39,52.58,-0.0018939399600708209,-0.002834736850546068,0.0077101384259672615,-0.45740796374190673,-0.0036200858816067636,52.525,51.858000000000004,53.939,0,19,11,52.47548850737204,54.063083573847734,69.51807228915666,-1.1665199047362478,-1.607478847362942,56.10363974473656,47.61236025526345,0.01170247159295278,0.027521481963272976,0.02414789395003385,406969974.0,0.25061005265909914,0,0,-1,0,0,0.0032331685051350647,-0.9833899573787982,0.19942652749826148,0.4368899819206198,0.00963576797070731,-0.09469500604803871,0.29263512506152595,0.014506585226188301,0.0
2018-11-20,51.57,52.39,-0.017401720312156532,-0.008934571362728344,-0.014505621328102037,0.11095106196500078,-0.015775625357260764,52.496,51.5625,53.675,1,20,11,52.31085423330439,53.90223947230918,63.61631753031974,-1.1560556361101249,-1.5171942051123786,54.88231530874719,48.24268469125281,0.012645697625944051,0.027630036896945674,0.024093912052402033,403596430.0,0.004518323643028556,0,0,-1,0,0,-0.010498186676846672,-0.8780924410337707,0.18405384104622596,0.4386132380691422,-0.021998862127820873,-0.10281837160751561,1.2312227276217227,0.020166763622260987,0.0
2018-11-21,52.25,51.57,-0.0007719027785820493,0.0159124403168816,0.007955800185671302,-0.13320554850925656,0.013099782782052755,52.43300000000001,51.445499999999996,53.50566666666667,2,21,11,52.29978982724904,53.7956433773215,58.22784810126581,-1.0804376976012264,-1.4298429036101483,54.46765311883199,48.423346881168,0.01162233568546424,0.025740450517503923,0.02352594825843823,406549243.0,0.5324018793004957,0,0,-1,0,0,0.004459957339538431,-0.9204395614477004,0.22196767869891476,0.40861698422447534,-0.004382621951219412,-0.04286499358856943,0.21158506391099052,0.028133971291866008,0.0
2018-11-23,52.68,52.25,0.017604740928814415,0.00015033637792810024,0.008084740860514264,-0.2868018307837991,0.008195986030159936,52.428999999999995,51.584,53.360666666666674,4,23,11,52.368918949567394,53.72366638523624,55.76407506702413,-0.9745781993666043,-1.3387899627614397,54.56344820041044,48.604551799589565,0.011959239033011585,0.016568399625484065,0.02360645534763028,408765803.0,0.7357066988773391,0,0,-1,0,0,0.008995215311004763,-1.4466053196191906,0.19898662152140095,0.26301519018819924,-0.010332519256058603,0.0554998998196754,0.2078130611811979,0.020083523158694133,0.0
2018-11-26,52.76,52.68,0.006239974865740328,0.004911067247536138,0.00592566008022286,0.6672214084117708,0.0015174509740336296,52.455999999999996,51.742999999999995,53.20666666666667,0,26,11,52.440024595100596,53.6614943603823,59.38375350140054,-0.8741517754008328,-1.2458623252893184,54.6094160641144,48.87658393588559,0.011865737843135663,0.016423537396961174,0.0235641242373112,413085468.0,0.7095969163249946,0,0,-1,0,0,0.007023538344722806,-0.5369109723646757,0.17734902863240318,0.2607155736019702,0.0034233548877899977,0.06413876563130305,-0.6361894456096049,0.01914329037149352,0.0
2018-11-27,52.79,52.76,0.0005653444040145758,0.009120584396809076,0.004184106522574091,0.3640970760114734,0.0005684509864110769,52.54600000000001,51.987,53.04366666666667,1,27,11,52.50365648690048,53.605268917776996,56.90936106983656,-0.7831150982151058,-1.153312879874476,54.24607386705779,49.727926132942216,0.011098493685258176,0.013973717395019025,0.023526630555735967,419302390.0,0.7109107955339448,0,0,-1,0,0,0.0060652009097801425,0.4609128673604627,0.17333024385263107,0.22182588670990597,0.007635044855888395,0.10185764975996658,-1.0391384720569419,0.024247016480394037,0.0
2018-11-28,53.08,52.79,-0.0005653444040146603,-0.01662812716654472,-0.009918067186892986,-0.48863129392008203,0.0054784306284817825,52.580999999999996,52.1835,52.848333333333336,2,28,11,52.60844621655493,53.57138060050106,51.666666666666636,-0.6797317745144298,-1.058596658802467,54.05376904903295,50.31323095096705,0.01001816238233807,0.013081810366498435,0.023125011186932817,423116257.0,0.9586855970947533,0,0,-1,0,0,0.0049251752225799965,-0.7116635049986318,0.08181435000536375,0.20766730156956953,0.029280589490013442,0.07995930824008135,0.596024160128767,0.017143933685003703,0.0
2018-11-29,53.23,53.08,-0.004344958191005876,0.009189000428862186,0.01238228983468486,-0.26396174119495774,0.002821937720659137,52.65599999999999,52.39,52.64933333333333,3,29,11,52.72145599536312,53.54935604563003,54.25709515859765,-0.5790214009653099,-0.9626816072350356,53.63388186948928,51.14611813051072,0.009845214026769083,0.013033388121350553,0.023108780423323986,426045318.0,1.3506105693861266,0,0,-1,0,0,-0.004898266767143896,-1.1084152390447484,0.04960546109183735,0.20689862225806133,0.01875598086124386,0.08411405295315677,0.7341239980259021,0.014089798985534474,0.0
2018-11-30,54.61,53.23,0.011482479100693907,0.02014297060705284,0.009046424302812607,0.43977896328835814,0.025594868979396314,52.794,52.573,52.53766666666666,4,30,11,53.06482763256982,53.61778468784745,64.84593837535014,-0.38343325757536917,-0.8468319373031024,53.98977320548149,51.15622679451851,0.011984444151850864,0.011630426599775184,0.023454482329445067,430592287.0,2.8755484535123212,0,0,-1,0,0,0.003757279729475913,-0.10681300298725631,0.16817065164004213,0.1846272985475741,0.036636294608959785,0.07183513248282614,2.072155717822259,0.024903863761215884,0.0
2018-12-03,54.37,54.61,0.027140962545805013,0.018488835526242295,0.01729792968117041,-0.11773509277965206,-0.004404485006233033,52.973,52.7005,52.41233333333333,0,3,12,53.3021316993753,53.666314707986324,68.28908554572271,-0.24497037306672098,-0.7264596244558261,54.281405470053116,51.11959452994688,0.011133861441293968,0.01130139650836749,0.02344262665468706,426550343.0,2.11208074312489,0,0,-1,0,0,0.005310382713788668,-0.32699595271452025,0.18527375862293033,0.17940410777324445,0.030515542077331315,0.049208799691238925,1.692646829304665,0.02666911899944828,0.0
2018-12-04,52.8,54.37,-0.023591215707671767,-0.027493766356356693,-0.03949366207295465,0.3743752814848495,-0.029301340445613496,53.013999999999996,52.769499999999994,52.24333333333333,1,4,12,53.21083502676161,53.61042343650334,50.46604527296937,-0.258938536222999,-0.6329554068092608,54.23104172383376,51.307958276166225,0.015073343052685735,0.013144718485080925,0.023950953033173746,420673022.0,0.04173674894480471,0,0,-1,0,0,-0.013794371896266325,0.998706852007712,0.31382202053516006,0.2086659369928669,0.00018942981625302835,0.02683780630105015,-0.4024868083256649,0.03863636363636362,0.0
2018-12-06,53.6,52.8,-0.019776517976456486,-0.005924846067409937,0.0024906613124518304,0.25753642386590264,0.015037877364540502,53.217,52.856500000000004,52.114000000000004,3,6,12,53.281592294623124,53.60975095672894,56.94789081885858,-0.20311372346825607,-0.5469870701410599,54.29708869544859,51.415911304551415,0.014453715992186688,0.013413467613785297,0.024158314890687288,428276741.0,1.0322169018110683,0,0,-1,0,0,-0.004356060606060547,2.3556697528371884,0.33110963017973877,0.21293219715056927,0.009796533534287999,0.03355187042036256,-0.6605684801415396,0.029664179104477675,0.0
2018-12-07,51.36,53.6,0.012476532353309259,-0.008578941090302702,-0.02166429022942582,-0.1978614748389263,-0.04268940869505056,53.128,52.7805,52.00633333333334,4,7,12,52.932211877418915,53.46460573371417,40.20942408376965,-0.33575110693997345,-0.5047398775008426,54.368686320761626,51.19231367923838,0.019961878047957113,0.015899004207503727,0.023617537658419948,422038015.0,-1.788832936577361,0,0,-1,0,0,-0.00690298507462695,1.2282551338088807,0.4539059585519533,0.2523888673597466,-0.03513056547059923,-0.02874432677760974,-0.14243635393920415,0.04380841121495327,0.0
2018-12-10,51.14,51.36,-0.032263941960447025,-0.030233313246657498,-0.01875116619619829,-0.22006049889323268,-0.004292689518665132,52.974000000000004,52.701499999999996,52.047333333333334,0,10,12,52.60635517243365,53.314631170248745,42.105263157894754,-0.45339291898259404,-0.49447048579719294,54.451318336430106,50.951681663569886,0.019671861353803676,0.015908524233420217,0.017527488976465867,417031623.0,-1.7847567001563014,0,0,-1,0,0,0.003504672897196256,0.32658050017020457,0.35703383675581296,0.25253999308604613,-0.06354147592016113,-0.029969650986342966,-0.1917607680879284,0.03148220570981618,0.0
2018-12-11,51.08,51.14,0.0007757952289797915,-0.0036746971048015084,0.009715551786095978,-0.5218428170315678,-0.0011739386987020671,52.806000000000004,52.63099999999999,52.09733333333334,1,11,12,52.32883605017299,53.17046141732948,42.71412680756395,-0.545181883756932,-0.5046127653891408,54.524422409562476,50.73757759043751,0.019624770984230315,0.015893229638815638,0.017474508551184743,414060700.0,-1.6383032039410435,0,0,-1,0,0,0.008603832616347238,-1.0570514641337156,0.3625241820456701,0.2522971989236825,-0.06051131138495491,-0.02686225947799592,-0.28981877481795965,0.018206734534064208,0.0
2018-12-12,50.9,51.08,-0.001940617725272783,-0.002133644490945344,-0.0025684099864579494,0.3313058253656938,-0.0035301076078614524,52.617,52.581500000000005,52.196999999999996,2,12,12,52.06904767741426,53.02398003556628,45.9880239520958,-0.6252423902467115,-0.5287386903606549,54.6038620894967,50.55913791050331,0.01958342790605526,0.015723817612516074,0.01622478062760667,409922841.0,-1.6629069628361952,0,0,-1,0,0,0.007830853563038344,-0.25148860038777937,0.33246041858535674,0.24960786637952942,-0.03598484848484851,-0.01907882058200039,-1.375733316251382,0.01866404715127707,0.0
2018-12-13,50.34,50.9,-0.011723463696059146,-0.009756174945364685,-0.023822565869348,0.5064994575736549,-0.011062933849307136,52.343,52.462,52.23666666666667,3,13,12,51.75467537242985,52.85082003327169,38.39611178614827,-0.7255149535621115,-0.5680939430009463,54.716535545582886,50.20746445441712,0.019439218770048977,0.01534455457140956,0.015754910463783606,403056180.0,-1.8824276283046015,0,0,-1,0,0,-0.00039292730844785894,1.6111608802239485,0.26757857663898693,0.243587252250054,-0.06082089552238801,-0.04532524179783792,-1.991641342691958,0.032578466428287656,0.0
2018-12-14,50.09,50.34,-0.02507594076821188,0.001567398440012676,0.004447147009912066,-0.5407039020554583,-0.004978602337644393,52.028999999999996,52.342499999999994,52.269666666666666,4,14,12,51.45200712289715,52.6727026117703,33.9130434782609,-0.8157511219310152,-0.6176253787869601,54.8339326886525,49.851067311347485,0.019240736994355936,0.015346596143178086,0.01578809872184083,399057461.0,-1.8081965531392765,0,0,-1,0,0,-0.014302741358760546,-0.3408594993046433,0.05798027815336167,0.24361966119715328,-0.024727414330217967,-0.04554115853658525,-1.3531042546080596,0.02994609702535436,0.0
2018-12-17,49.39,50.09,0.004423896215542791,-0.019272227654046344,-0.021405363189919566,0.3743454806146493,-0.014073412816992054,51.50699999999999,52.1505,52.217666666666666,0,17,12,51.07709673691585,52.4609153464948,30.565167243367966,-0.9329931214003153,-0.6806989273096311,54.92924242665011,49.37175757334989,0.015725193858680455,0.01504509406792397,0.014379831683418979,393243166.0,-1.986870012509865,0,0,-1,0,0,-0.004991016170892393,0.8588324410469154,0.08504681953674252,0.23883346413179965,-0.03421978881501764,-0.07213977080593648,-0.4876284683328946,0.03188904636566098,0.0
2018-12-18,49.6,49.39,0.0010027073937483018,0.000897710897652295,0.016755602462365755,-0.49038597684035884,0.004242859178348356,51.029999999999994,52.0015,52.14366666666667,1,18,12,50.80853369384023,52.27634016284998,31.97740112994353,-0.9974648517947813,-0.7440521122066612,54.994588705665315,49.008411294334685,0.016288170790612153,0.01500108396268743,0.014011864703004863,396803782.0,-1.604696844069101,0,0,-1,0,0,0.010123506782749545,-0.6085096282451924,0.11247268247406028,0.23813482537002165,-0.028974158183241894,-0.05667554203119052,0.4297667945069663,0.016129032258064457,0.0
2018-12-19,48.78,49.6,-0.010477629602174509,-0.003395589001138272,-0.02047154398018722,0.20037100884385733,-0.016670440943107528,50.628,51.821000000000005,52.05566666666666,2,19,12,50.43970938586928,52.05076982976289,27.078891257995778,-1.1020228758725494,-0.8156462649398388,55.133775271578415,48.508224728421595,0.015035650505651735,0.015312631105774297,0.014240252185631184,392453222.0,-1.8359229049370955,0,0,-1,0,0,-0.004637096774193629,-0.13064549968894257,0.13182376734936127,0.24308048294370468,-0.041650294695481316,-0.06890627982439401,0.9997268167796854,0.03341533415334144,0.0
2018-12-20,47.07,48.78,-0.017366868194921985,-0.02225461054346631,-0.04095126864621899,0.08980022844836176,-0.035684537374723276,49.975,51.596000000000004,51.896,3,20,12,49.82703495207487,51.72942984074594,21.84643510054849,-1.307793146863709,-0.9140756413246129,55.53301142331973,47.65898857668028,0.014907928246909289,0.016679972802654708,0.015344900052044563,387693902.0,-2.2992059272124936,0,0,-1,0,0,-0.005330053300532964,0.10299817703060041,0.23299703026991503,0.26478635946687246,-0.06495828367103695,-0.08726003490401402,-0.5877510090523905,0.05247503717867019,0.0
2018-12-21,45.95,47.07,-0.030340228662798504,-0.022133492225327886,-0.013886098587533565,0.5630753578230663,-0.024082006611354796,49.434,51.28099999999999,51.66499999999999,4,21,12,49.12211950624307,51.35656339940749,9.456928838951356,-1.5434502748839805,-1.0399505680364864,55.939673405028365,46.62232659497162,0.011777593635200208,0.016675136826982344,0.015170867729335777,379336228.0,-2.2886343542545533,0,0,-1,0,0,0.0,2.1614149200375055,0.22910620541256585,0.26470959073301986,-0.08265122778997802,-0.12057416267942578,0.4821885269564453,0.044396082698585394,0.0
2018-12-24,44.4,45.95,-0.0326057168340695,-0.045355367062831935,-0.0315161459099623,-0.7928817109335775,-0.0343143793635171,48.760000000000005,50.867000000000004,51.38766666666667,0,24,12,48.26355232328978,50.90775285751024,8.423686405337818,-1.8341394746162862,-1.1987883493524465,56.393080175426824,45.340919824573184,0.013470182081790167,0.017379706934935412,0.016072888145901913,375554056.0,-2.340537883890007,0,0,-1,0,0,-0.008487486398258989,-0.7815081983015554,0.2541269233666391,0.2758942944541424,-0.10103259769184048,-0.15717539863325747,1.1419827432637775,0.030180180180180097,0.0
2018-12-26,46.72,44.4,-0.017938693858117076,0.02314868102868752,-0.0015796009151523881,0.03820534548890767,0.05093286908179246,48.324,50.565,51.19533333333334,2,26,12,47.982906446327995,50.6375752537999,26.138147566719027,-1.85591432369867,-1.3302135442216911,56.31127568173584,44.81872431826415,0.024871009906315217,0.021989745461797255,0.019233901328642087,379483523.0,-1.3382581041912331,0,0,-1,0,0,0.007882882882882915,-0.6658462168393882,0.5772885098532938,0.3490763873131603,-0.058064516129032295,-0.11448066717210004,2.001713766243854,0.05308219178082185,0.0
2018-12-27,46.8,46.72,0.033402358198043984,0.001282325458897062,0.018570843579868358,-0.18028666022848133,0.0017108644036293876,47.914,50.265499999999996,51.025666666666666,3,27,12,47.76783254699563,50.389989753554744,21.713810316139757,-1.845442603478908,-1.4332593560731346,56.14631797031524,44.384682029684754,0.025044450035527105,0.022008744482553008,0.01920129244615186,382764749.0,-1.1785775439719077,0,0,-1,0,0,-0.009631849315068402,-0.9884358586429991,0.5815297527035276,0.3493779874176012,-0.04059040590405916,-0.11346845993559396,1.4782905186032609,0.03653846153846156,0.0
2018-12-28,46.76,46.8,0.015653798791150392,0.01441924897783072,0.032281974408400825,-0.04534843421976312,-0.0008550663197333875,47.556,49.9495,50.82666666666667,4,28,12,47.58459026572369,50.155796866228634,26.578411405295313,-1.8193984625263369,-1.5104871773637751,55.87258765496544,44.02641234503456,0.02511854913901983,0.021883105617224976,0.018855130248403344,379628998.0,-1.0769720746327915,0,0,-1,0,0,0.004273504273504335,-1.0409046262266382,0.5285340539061271,0.3473835322616273,-0.006585935840238033,-0.11906556141672953,1.1579317159173896,0.019461077844311305,0.0
2018-12-31,46.48,46.76,-0.0012774112871811447,-0.0076078135326104355,-0.011549591388506544,0.19348408550371768,-0.006006024060211922,47.195,49.612,50.626666666666665,0,31,12,47.38375567195575,49.918648681310664,26.41700404858298,-1.800595805511918,-1.5685089029934036,55.51724690869186,43.706753091308144,0.025111120427690266,0.021782582357345717,0.018858592112666578,375823858.0,-1.060751581916093,0,0,-1,0,0,0.0038494439692044425,-0.6577350427062759,0.49388794484053883,0.34578777498191915,0.011534276387377362,-0.1268081908698102,1.0082106616053725,0.023343373493975923,0.0
2019-01-02,47.14,46.48,-0.019142427721561606,0.0012719950835246494,-0.012783566603279778,0.07007037637701323,0.014099784964329409,46.97,49.2385,50.42366666666667,2,2,1,47.33943645887288,49.73938102445191,31.2022900763359,-1.7126951961073118,-1.5973461616161855,54.7441421777534,43.7328578222466,0.02583317864183174,0.021006992729223867,0.01885556117670418,379905189.0,-0.7623088941302406,0,0,-1,0,0,-0.009251290877796896,-0.4580710008390626,0.37392651262851295,0.33347567132921024,0.06171171171171186,-0.13678813404138435,1.7354670365811509,0.036699193890538905,0.0
2019-01-03,45.61,47.14,0.009294349842339985,-0.013437335597223963,-0.01909471869674582,0.07629939137410356,-0.03299490678437602,46.571000000000005,48.8005,50.19133333333333,3,3,1,47.02499346635054,49.47296934545502,27.64158918005073,-1.7463605853645987,-1.6271490463658682,53.97084652203105,43.630153477968946,0.0270536732738438,0.021739837505549676,0.019515139188846595,375500267.0,-1.2341532570032407,0,0,-1,0,0,-0.014000848536275003,-0.2590161668668363,0.27325162144515197,0.3451092214958353,-0.023758561643835607,-0.16111826374839067,-1.1760297144771705,0.042973032229774194,0.0
2019-01-04,47.86,45.61,-0.010598130991823248,0.03149367331403709,0.030465932411659187,0.07796304546797063,0.04815309175661818,46.479,48.5535,50.04033333333333,4,4,1,47.176812836104986,49.36890680703857,40.8284023668639,-1.5733478779694252,-1.6163888126865797,53.37991100175677,43.72708899824323,0.032267409012770434,0.024715915553078855,0.021855896092319665,380262352.0,-0.28737710060232025,0,0,-1,0,0,0.008331506248629742,0.013166806978805796,0.4767497643740762,0.39235299587232053,0.02264957264957279,-0.09356060606060601,0.545850689048103,0.04325114918512328,0.0
2019-01-07,47.87,47.86,0.03943812809054379,0.004152829888562757,0.025334115744337745,0.08695712757144142,0.00020892092419033472,46.559,48.267,49.917,0,7,1,47.30284686590408,49.27220314206834,41.64156626506022,-1.4190690003467807,-1.5769248502186202,52.47241055007964,44.06158944992037,0.030035054891756407,0.024309571497676628,0.021725239243456408,385457072.0,-0.18880439627588214,0,0,-1,0,0,-0.0004178854993730886,0.4263686613726602,0.4760076772224885,0.38590248396837806,0.0237382378100941,-0.10690298507462692,0.5142574492279449,0.02277000208899094,0.0
2019-01-08,47.54,47.87,0.013701688301061235,0.006814688220926007,0.0008476372620249928,-0.15190130962712614,-0.006917541472369772,46.718,48.076,49.76,1,8,1,47.34596561755788,49.16044810064459,42.83501161890007,-1.3083482956527135,-1.523209539305439,52.029367119169656,44.122632880830345,0.028869739419118825,0.02275995064789764,0.021541772455136048,380994428.0,-0.271161257653491,0,0,-1,0,0,0.013160643409233395,-0.054699188301474376,0.47737327792642203,0.36130301559864336,0.022805507745266906,-0.07437694704049846,0.5344652315054103,0.02902818679007157,0.0
2019-01-09,49.08,47.54,-0.0181009831306684,0.013897628138060036,0.0075965758859947675,-0.24596719457140798,0.031880157910662864,47.18599999999999,47.973,49.63999999999999,2,9,1,47.661244596183714,49.155257900603004,48.17415730337077,-1.0838423498593315,-1.4353361014162176,51.690554940660135,44.25544505933986,0.026823992769426975,0.024138985757798936,0.022407444043756584,384483983.0,0.5955527316583118,0,0,-1,0,0,0.0018931426167438665,-0.7422773319310524,0.5156923518881803,0.3831945192987961,0.0411540093338989,-0.04028157997653503,0.1043174141034007,0.034637326813365996,0.0
2019-01-10,48.99,49.08,-0.00294365225173855,-0.004883020892729927,-0.014184634991956413,0.44120091261383443,-0.0018354241922271357,47.413,47.8685,49.514333333333326,3,10,1,47.90283648778667,49.14459610056411,50.77720207253886,-0.9027753854928946,-1.328823958231553,51.3267762667009,44.4102237332991,0.02255915479910248,0.024138563977414845,0.022397053552564338,379059215.0,0.6485890157467875,0,0,-1,0,0,-0.03239608801955983,0.6643796921697566,0.3938366203628923,0.383187823742771,0.07410655557991674,-0.040916209866875386,0.8151841083519951,0.043478260869565265,0.0
2019-01-11,48.52,48.99,0.024132646070983563,-0.003473289833547455,0.0200534424467296,-0.4187104233412355,-0.009640111574634009,47.585,47.7495,49.37199999999999,4,11,1,48.01504803546182,49.104299577947074,55.90872045639773,-0.7881186426360784,-1.2206828951124582,50.92041037898639,44.578589621013606,0.023019841419112456,0.024199290955781987,0.022430138856055205,375490289.0,0.4859803071736781,0,0,-1,0,0,-0.006940191875893109,-0.7627598826285873,0.26934485162952343,0.3841518346385621,0.013790221479314635,-0.04675834970530446,1.9442167148973273,0.020816158285243157,0.0
2019-01-14,48.76,48.52,-0.009707811445288789,0.008762154887692086,-0.0031397200046677527,0.09096596716041698,0.004934220537221257,47.785000000000004,47.6705,49.227999999999994,0,14,1,48.15049384719603,49.082086701950495,62.335381913959594,-0.670161153017375,-1.1105785466934415,50.642130599693935,44.69886940030606,0.02296109070469307,0.024153805353304754,0.0224235823917786,379399090.0,0.7332674526317051,0,0,-1,0,0,-0.007007419620775008,-0.4218223576593048,0.26850985610334793,0.3834297730842299,0.018592020054313707,-0.03138657131505773,1.684345789610938,0.032608695652173836,0.0
2019-01-15,49.61,48.76,0.017080361734730747,0.014701704732186693,0.024027667935298726,0.12040566170579162,0.017282121699886802,48.098,47.646499999999996,49.10733333333334,1,15,1,48.41585860225129,49.116145624405306,74.36856875584661,-0.5023008844783021,-0.9889230142504136,50.54264825877869,44.7503517412213,0.022974652544523,0.024492687766601653,0.02270194423195208,383808039.0,1.3559388709112647,0,0,-1,0,0,0.005127153404429861,-0.012997720274974336,0.262932312598649,0.3888093646198919,0.04354228018510731,-0.009582751048113458,0.6167158250426107,0.023382382584156494,0.0
2019-01-16,49.78,49.61,0.027172850254690215,0.014094526129125476,0.01805139777500744,0.05113449110119773,0.0034208706264885346,48.362,47.666,48.946333333333335,2,16,1,48.66388431093287,49.1589749389598,67.91569086651057,-0.3515009489051977,-0.8614386011813705,50.616321302749654,44.71567869725034,0.022839922971818086,0.02428577212510448,0.022108163613907682,388448301.0,1.4330642550896329,0,0,-1,0,0,0.015117919774239066,0.24442202047812558,0.157580749234138,0.3855246806412664,0.014262428687856543,0.007896335290544565,0.4474185747351853,0.019686621132985072,0.0
2019-01-17,50.59,49.78,-0.012387770800887729,0.003934689317914673,-0.002616485340946854,-0.2868357830597849,0.01614063136439885,48.86,47.715500000000006,48.82033333333333,3,17,1,49.01408716349053,49.25129913644627,70.44228694714135,-0.16473175779914584,-0.7220972325049256,50.83103982818987,44.59996017181014,0.01860026236320039,0.024526577445958743,0.022378598921472537,391931444.0,1.8452660909618916,0,0,-1,0,0,-0.0008035355564483557,-0.779159164205428,0.17495632855563828,0.3893473466014354,0.03265972647479076,0.019959677419354893,-0.6090230941600174,0.025894445542597396,0.0
2019-01-18,51.57,50.59,0.023249929538985914,0.012681859556685493,0.019557598029764967,-0.07346603053043603,0.01918617975902277,49.23100000000001,47.855,48.779333333333334,4,18,1,49.478798588310426,49.40089274054652,73.55533790401569,0.061651303697601634,-0.5653475252644201,51.39250134833306,44.31749865166693,0.01332889616638353,0.024468721756181092,0.022124514028121673,395167868.0,2.1003525563322123,0,0,-1,0,0,0.006325360743229752,-0.9257926914047323,0.11903999087072901,0.3884289159989448,0.06286067600989287,0.05719557195571956,-0.5315001813110873,0.019003296490207423,0.0
2019-01-22,50.54,51.57,0.006656250104272972,-0.0007757952289797283,-0.007140054133476582,0.24957598729328812,-0.02017500610281948,49.498000000000005,48.0285,48.67733333333334,1,22,1,49.67174429952671,49.474383531479,68.521897810219,0.15614912904466394,-0.4210481944026033,51.739991542987624,44.31700845701238,0.015856121724122915,0.023442863603753333,0.02219421847373924,391013979.0,1.3533642584987957,0,0,-1,0,0,-0.006205158037618776,-0.10577604503007638,0.26177096132739724,0.37214392268843255,0.036505332239540556,0.07371999150201836,-1.5649761798639337,0.025722200237435638,0.0
2019-01-23,51.02,50.54,-0.00724569898665075,-0.004472540270345516,-0.003589236156315038,0.12804490028731783,0.009452610753617332,49.846000000000004,48.282,48.666000000000004,2,23,1,49.91688169961276,49.574100722996484,67.99628942486088,0.26669700783173056,-0.28349915395573655,52.08714112055685,44.47685887944314,0.015262378680398828,0.022543483082191607,0.02094117882778279,395735306.0,1.4391056274934282,0,0,-1,0,0,0.006727344677483249,0.965503823841696,0.2481389291050512,0.35786669952402517,0.02842168917556953,0.11033732317736678,-1.4396605640817797,0.02450019600156801,0.0
2019-01-24,54.21,51.02,0.05487374797590547,0.0670810861170104,0.05177260419062354,0.845882547486516,0.06064768055858145,50.359,48.7725,48.76833333333334,3,24,1,50.69744866331953,49.8731909989322,84.56591639871385,0.6047422461084082,-0.10585087394290761,52.97864024842937,44.56635975157063,0.022191378952016862,0.023960519511836573,0.02382489070112774,406736155.0,2.5855057981152365,0,0,-1,0,0,0.05350842806742447,3.918260251109947,0.4696054842518533,0.3803614554733819,0.08899156287665733,0.22094594594594597,0.607468453655255,0.039660579228924527,0.0
2019-01-25,54.98,54.21,0.02298951822469878,0.014833846530693223,0.02491465389096556,-0.4030172049253525,0.014104089464852768,50.958000000000006,49.185500000000005,48.89833333333333,4,25,1,51.47609436089779,50.202662547388194,82.48175182481754,0.9241253559136879,0.10014437202841152,54.10472319498605,44.26627680501396,0.021800589707952144,0.02187379607178808,0.023914710611982918,414088029.0,2.3558597649751207,0,0,-1,0,0,0.014572957019000169,1.5268715737687022,0.4701859091643573,0.34723574780935684,0.08677604269618477,0.1767979452054793,0.674471164507378,0.02982902873772282,0.0
2019-01-28,55.52,54.98,-0.0020020026706730793,0.004836552195703238,0.015421638476580636,-0.37097912799765853,0.009773833461449588,51.658,49.621500000000005,49.05233333333334,0,28,1,52.21134993164364,50.54571657658896,83.28981723237602,1.2068998680869072,0.3214954712401107,55.15755322076486,44.08544677923515,0.020508793638338872,0.02181846578875827,0.023918523772042146,419161251.0,2.1309404966974164,0,0,-1,0,0,-0.0016369588941432577,0.2033929853977258,0.47219480722107054,0.3463574067961507,0.07659491952685671,0.18632478632478655,0.9811505327540846,0.019272334293948132,0.0
2019-01-29,56.37,55.52,0.01375089515975597,0.010311202468163819,0.008887335181018047,0.03079073667192094,0.01519378589493439,52.419,50.102000000000004,49.25333333333333,1,29,1,52.96746812589025,50.92147679745419,86.76103247293923,1.4824992737145024,0.553696231734989,56.22897091812599,43.97502908187402,0.02027488064923664,0.021741185924061213,0.023863160848595598,424393111.0,2.0460354990283336,0,0,-1,0,0,0.0023414985590777277,0.2390245869565785,0.3595520522302775,0.34513062697610386,0.11535417491096167,0.20551753635585968,2.163960778211235,0.020578321802377092,0.0
2019-01-30,57.49,56.37,0.017986416680816682,0.022386384322755738,0.02143704813060526,0.2575396779007886,0.019673917541715914,53.20700000000001,50.6525,49.5,2,30,1,53.789746648455655,51.34525248794102,86.28127696289908,1.7708748846909472,0.7971319623261808,57.360179416748906,43.9448205832511,0.02032475643391687,0.02153261412987464,0.023970118669741556,431161794.0,2.0387080464599836,0,0,-1,0,0,0.005144580450594273,1.0244511625363484,0.3435199382026601,0.3418196523885826,0.12681301450411597,0.2368760757314976,2.08532922310685,0.02156896851626373,0.0
2019-01-31,56.76,57.49,0.014542525232829239,-0.0031179654568786797,-0.0030091181215364166,-0.37351492994419905,-0.01277916734335771,53.904999999999994,51.133500000000005,49.745666666666665,3,31,1,54.32979271237281,51.69459103710612,81.76614881439082,1.918395663835554,1.0213847026280554,58.15307046219112,44.11392953780889,0.021924451489473692,0.022147078775998145,0.023936595571311822,426502837.0,1.603089542388814,0,0,-1,0,0,0.0,-0.1937033175415979,0.20329957396728437,0.3515739762470872,0.047039291643608205,0.20407297411964365,-1.8114889756554975,0.02167019027484151,0.0
2019-02-01,57.13,56.76,-0.008735205788291405,0.006226239415097878,0.00882462486314774,-0.25497497265825525,0.006497520444529348,54.559000000000005,51.709500000000006,49.99666666666667,4,1,2,54.838921310123204,52.04526258309928,85.49051937345422,2.0416282325233794,1.2254334086071201,58.71125459212921,44.7077454078708,0.02200029299533793,0.01985133267672459,0.02393798941379041,430113230.0,1.5483261884366186,0,0,-1,0,0,0.00405214940098668,-0.7612283923398181,0.1988969323596294,0.3151301367349406,0.039105129137868344,0.2525761894321421,-1.346758499106534,0.01907929284088926,0.0
2019-02-04,58.29,57.13,0.0036780845388440044,0.005330594687645307,0.0042083176257871405,0.20389174388673786,0.020101179321087088,55.230999999999995,52.230999999999995,50.31366666666667,0,4,2,55.46639016282808,52.44814886806062,86.5134099616858,2.207447159757166,1.4218361588371293,59.57103843385762,44.890961566142366,0.02203488983712115,0.017906206809445928,0.02373955831143096,434540169.0,1.6509450337620746,0,0,-1,0,0,0.0012252756870295865,-0.2897871441393393,0.21866888228988376,0.2842522208537116,0.04989193083573484,0.21792728792310911,-1.4688385818586485,0.019900497512437873,0.0
2019-02-05,57.88,58.29,0.022472855852058576,0.007857915390494376,0.006627160634382369,0.14757543638186332,-0.007058650294175243,55.964999999999996,52.731500000000004,50.67399999999999,1,5,2,55.90522831504115,52.79859087657284,82.79143536875495,2.2794996279915267,1.593368852668009,60.183728984812916,45.27927101518709,0.020218771054881436,0.018186863674651117,0.02258244467106418,429409255.0,1.3817342463556226,0,0,-1,0,0,0.0036026762738034113,0.109031028014902,0.24007708481313234,0.28870751046816706,0.026787298208266863,0.20910800083559655,-0.17909472432358198,0.02142363510711821,0.0
2019-02-06,57.61,57.88,-0.016372619069919214,-0.01802778671888908,-0.01559110148973774,0.03348489843067152,-0.004675738018991468,56.624,53.235,51.06266666666667,2,6,2,56.21518680321549,53.10900436840685,80.80251770259636,2.2884353267165594,1.732382147477719,60.57017122104762,45.899828778952376,0.021035602535156423,0.018086426926029724,0.021939230249546936,424103624.0,1.1928828566254392,0,0,-1,0,0,-0.00570145127850735,0.18400159567863325,0.20789868615125034,0.28711312651210236,0.0020873195338320105,0.21182162389566672,0.955620981170009,0.018746745356708876,0.0
2019-02-07,57.48,57.61,-0.006624849892011646,-0.0008666262783488072,0.008438868645864604,-0.527575334306103,-0.0022591025334676184,56.951,53.654999999999994,51.498666666666665,3,7,2,56.44515283899449,53.391004086574156,78.6367414796342,2.258986824843383,1.8377030829508518,60.95028326350091,46.35971673649908,0.011865801359544566,0.017457370932828706,0.020596288423584887,420973122.0,1.0486227503013872,0,0,-1,0,0,-0.007637562923103589,-1.023874609650744,0.1771231755668278,0.27712717219963456,0.012684989429175397,0.17114914425427874,1.276942305420072,0.009568545581071751,0.0
2019-02-08,57.65,57.48,-0.003504471783575815,-0.0003468609122533295,-0.005441951462293297,0.006657865927350782,0.002953185504243979,57.217999999999996,54.088,51.86299999999999,4,8,2,56.664215959177305,53.6657780164726,77.09447415329764,2.2237324507280007,1.9149089565062818,61.24413126883663,46.93186873116337,0.01152326382298939,0.01734680328419698,0.018911298328452654,424124536.0,0.9955099665406414,0,0,-1,0,0,-0.008872651356993702,-0.9274744507419319,0.1739011696498268,0.27537196519166224,0.00910204796079106,0.17677076954480508,1.6554487474651436,0.014570685169123961,0.0
2019-02-11,58.28,57.65,0.019124365891654407,0.013610340167430759,0.013810201132810085,0.25866967714704964,0.01086873461193609,57.49399999999999,54.576,52.245666666666665,0,11,2,56.95799487569052,53.96346975734534,85.76709796672824,2.2210262322532373,1.9761324116556729,61.45932661313822,47.692673386861784,0.011581855156488274,0.016831201449649096,0.018893893954233437,428206266.0,1.0762238110073612,0,0,-1,0,0,0.007285342584562042,-0.43661944455733026,0.11350398771865175,0.267187039813208,-0.00017155601303819878,0.2011541632316569,1.0013306674104276,0.014413177762525674,0.0
2019-02-12,57.7,58.28,0.00360980194304559,0.005120338887975331,-0.0015637219761827587,-0.12198689445011508,-0.010001807812950205,57.626999999999995,55.023,52.61033333333333,1,12,2,57.09290489829224,54.20453622461338,80.58608058608056,2.1473273290920716,2.0103713951429527,61.46289571670876,48.58310428329125,0.01181730909255686,0.017357255827626622,0.01910458779509536,424593282.0,0.8313799222103356,0,0,-1,0,0,0.0,-0.6832962290261623,0.12606930112946943,0.27553789417455987,-0.0031098825155494447,0.18334700574241203,0.570311817792814,0.021317157712305093,0.0
2019-02-13,58.0,57.7,-0.005333345975362617,-0.002898305668783144,0.0052029253687218965,0.0940202097642728,0.0051858370323654155,57.678,55.44250000000001,52.99433333333333,2,13,2,57.25783128042092,54.44940485528348,73.59900373599001,2.0890466804148886,2.02610645219734,61.47810619202756,49.40689380797246,0.010208488803455706,0.017244545392381114,0.01894670422193722,428562441.0,0.8474707986674807,0,0,-1,0,0,0.004679376083188839,-0.4737480603508625,0.12546837112226103,0.2737486714836311,0.006769658045478133,0.1691191292078209,-0.48071590133044023,0.013103448275862035,0.0
2019-02-14,58.0,58.0,-0.006229471607349767,-0.001366820646756499,-0.011482380853565092,0.23358801894101716,0.0,57.802,55.8535,53.35633333333333,3,14,2,57.39277104761712,54.67847550978133,70.79889807162533,2.0195784037542523,2.0248008425087227,61.3620398772202,50.344960122779796,0.009048842825817324,0.017309082733596624,0.018952962625390778,428562441.0,0.7793353766491021,0,0,-1,0,0,-0.006724137931034492,0.08618818586391226,0.12233695051906016,0.2747731700144324,0.009046624913013224,0.16512655685014055,-0.7705704178279202,0.023103448275862127,0.0
2019-02-15,57.7,58.0,0.015330590493519104,0.0018788971280324306,0.008537380890501682,-0.004304219098445045,-0.005185837032365414,57.859,56.209,53.75933333333333,4,15,2,57.448630857141275,54.873412573666414,65.52706552706552,1.9182049288348964,2.0034816597739575,61.178625210900684,51.23937478909932,0.009183134827934534,0.01742115125336536,0.017595077725208037,423570434.0,0.6000452495812156,0,0,-1,0,0,0.008620689655172414,0.033772432252481825,0.1309161891460757,0.2765522026130756,0.0008673026886383273,0.1405416090136391,0.1172257638511653,0.01663778162911613,0.0
2019-02-19,57.67,57.7,-0.019853910662431043,-0.007536863357703073,-0.0171482767289509,0.12493387962860009,-0.0005200658867326845,57.797000000000004,56.513999999999996,54.086333333333336,1,19,2,57.4888797922065,55.05383756891374,60.48387096774195,1.8145282185267462,1.9656909715245154,61.01114014387604,52.01685985612395,0.006205179045468488,0.017228672247254915,0.015823348046038705,417914123.0,0.5141045033138147,0,0,-1,0,0,-0.006065857885615276,0.34250320526536654,0.09094265517072372,0.2734966931164609,-0.010466712422786517,0.11828582509210794,-0.2555629792411168,0.026010057222125887,0.0
2019-02-20,54.41,57.67,-0.04111264995029152,-0.048798761180251324,-0.044756657745421334,0.7415050244357667,-0.058189147129487376,57.45,56.7075,54.30433333333333,2,20,2,56.92908346635077,55.01229966124189,31.534772182254187,1.4525646623761759,1.8630657096948475,60.379716453885536,53.03528354611447,0.018688920396545586,0.021508080253546405,0.01953777915419379,406041004.0,-1.251287895934919,0,0,-1,0,0,-0.045604300329460765,2.779143931820834,0.4046629196203905,0.341430189175817,-0.057019064124783414,0.07657301147605855,-2.1202332987670784,0.022238559088402884,0.0
2019-02-21,54.31,54.41,-0.015379285179487667,-0.011621703348402354,-0.002402292571731778,-0.8816556348268494,-0.001839588451079992,57.120000000000005,56.872,54.53,3,21,2,56.452886472468805,54.9669900056779,34.11154345006487,1.1444443302083371,1.7193414337975457,59.65970684858741,54.08429315141259,0.018732705316778887,0.021502595034731148,0.01945809481924914,401124384.0,-1.8380698826336173,0,0,-1,0,0,-0.0038595846351772425,-0.22969420364355325,0.38926311689244536,0.34134311402658535,-0.06362068965517242,0.06448451587612691,-2.1991905501487876,0.012888970723623694,0.0
2019-02-22,53.62,54.31,-0.0012923476367140382,-0.006597055261740819,-0.010788795124577016,-0.07318993906445342,-0.012786239238940797,56.734,56.84250000000001,54.681333333333335,4,22,2,55.9378162047472,54.88008742466643,28.144458281444557,0.8349546758864292,1.5424640822153224,59.75835773242909,53.92664226757093,0.018809397439557122,0.01663514372183814,0.018975317045863003,396554758.0,-2.210327317523465,0,0,-1,0,0,-0.0033143067575032168,-0.29106742863291896,0.3730305695132332,0.26407471987080694,-0.07551724137931037,-0.0108836008116584,-2.023192810140676,0.017157776948899698,0.0
2019-02-25,53.96,53.62,-0.0040725713453092765,-0.003499404989268787,0.002428319116116086,0.21233815748094853,0.006320898531742038,56.364999999999995,56.791500000000006,54.847,0,25,2,55.57821325842953,54.8207269456557,19.972260748959826,0.6100843806098766,1.3559881418942332,59.8753613867372,53.707638613262816,0.019032779312082956,0.016362186498183183,0.01896031043378254,402205402.0,-1.8363341570263072,0,0,-1,0,0,0.005408429690414009,0.3303369834086177,0.40075058965405275,0.25974165827670903,-0.06481802426343153,-0.018552200800290963,-1.8522979838089604,0.011119347664937017,0.0
2019-02-26,53.69,53.96,0.0009270418759778141,0.0079022739620257,0.0013051181119811581,0.027223614054347832,-0.0050162669050770195,55.90599999999999,56.7,55.019333333333336,1,26,2,55.23490175689689,54.74777682012952,20.367751060820396,0.4054129597452274,1.165873105464432,60.04061450382037,53.359385496179634,0.018060822322155622,0.01619029067486683,0.018870148464259842,396398814.0,-1.8020636601785271,0,0,-1,0,0,0.0,0.39329653192005515,0.39310981039841636,0.2570128966772744,-0.06901335182937407,-0.032961095100864646,-1.8209407038780274,0.017880424660085693,0.0
2019-02-27,53.85,53.69,-0.008748310796396395,-0.007902273962025752,-0.006730255354067816,-0.04173956325938433,0.0029756391679194444,55.521,56.574,55.189,2,27,2,54.98310143746109,54.689855734959885,22.98850574712651,0.2532012999823863,0.9833387443680229,60.148903163941114,52.99909683605888,0.01836733484781614,0.01574320319027284,0.018868555171553048,401968026.0,-1.5239573633636283,0,0,-1,0,0,-0.0037250884708511034,0.25566143202283137,0.11719323276742842,0.2499156028861237,-0.010292225693806167,-0.04470463012240544,-0.5390334437992137,0.016527390900649964,0.0
2019-02-28,56.04,53.85,0.007450211402246674,0.04966835865811978,0.00691656182875657,1.0111344075385387,0.03986331786640869,55.325,56.5015,55.40333333333333,3,28,2,55.17526481246816,54.77696181657538,42.01773835920179,0.30576252039631413,0.8478234995736813,60.05694519382497,52.94605480617503,0.023604049149742425,0.01782467472701374,0.01990896673134787,417276216.0,-0.2596018078419687,0,0,-1,0,0,0.000742804085422454,3.3381385517963778,0.32543272182110994,0.28295793916977885,0.03185417050266981,-0.02522177770046974,1.521622502562817,0.0585296216987866,0.0
2019-03-01,54.34,56.04,0.0433943003007829,-0.006693701230299265,0.006869051421790786,-0.5265746132414835,-0.03080511747060454,54.959,56.3805,55.55533333333334,4,1,3,55.02339848292849,54.74877073163504,34.31279620853084,0.20784595496110825,0.7198279906511668,60.06140649589967,52.69959350410033,0.025055002156986774,0.018835119315989936,0.02088796639744158,408234822.0,-1.1086942861890139,0,0,-1,0,0,0.0042826552462527125,1.0906967503339378,0.4051397510248994,0.29899824974603023,0.01342782543826937,-0.042635658914728536,0.41296656951735616,0.04655870445344131,0.0
2019-03-04,53.83,54.34,-0.037289388175668854,-0.03635455233821437,-0.01472396369943106,-0.6918725262417528,-0.009429671425335824,54.572,56.215500000000006,55.663333333333334,0,4,3,54.806416940577854,54.68949520056182,28.667305848513905,0.08807832158639428,0.5934780568382123,60.047687639617976,52.383312360382035,0.025071006710948727,0.01879196744839679,0.020856831745700365,403708359.0,-1.2449807913047888,0,0,-1,0,0,-0.0022083179977917654,-0.4202079847493499,0.4121216873790073,0.29831323508447355,-0.002409191994069748,-0.057762996674251776,0.9563714369777713,0.024150102173509276,0.0
2019-03-05,53.39,53.83,-0.004065797506245035,-0.002936859673309825,0.001125914924721774,0.14094511113390212,-0.008207470060770963,54.144000000000005,55.970499999999994,55.724000000000004,1,5,3,54.548886587745514,54.60565680052558,29.057337220602534,-0.04186017546315668,0.4664104103779385,59.87019755912038,52.07080244087961,0.024980326908951807,0.018011812938215143,0.020684114255128196,398496764.0,-1.3234359643941482,0,0,-1,0,0,0.003158090284228157,-0.20576817667387176,0.41504643210577946,0.28592866617559726,-0.005587632706276713,-0.08406244638874594,1.0483840616320124,0.02022850721108819,0.0
2019-03-06,53.06,53.39,-0.009302392662313561,-0.011462503021178292,-0.0105581674613941,-0.018718522268518292,-0.006200113802501243,54.009,55.729499999999994,55.808,2,6,3,54.27817993542815,54.505937006943284,26.06589147286826,-0.169511588530888,0.33922601059617324,59.726854256581426,51.73214574341856,0.018105668514567144,0.018005821019371523,0.0203440257899319,393381815.0,-1.3356334358431206,0,0,-1,0,0,0.0020603109196478636,-0.23785860671884998,0.41481707821312885,0.28583354741277944,-0.01467038068709381,-0.08327574291637874,1.396571235083817,0.019223520542781813,0.0
2019-03-07,52.43,53.06,-0.01260244272573644,-0.011219265025844867,-0.01527913604671505,0.08202375507700373,-0.01194440212515218,53.821000000000005,55.4705,55.855000000000004,3,7,3,53.94214721989575,54.37200558714049,24.566210045662118,-0.31784803365767544,0.20781120174540352,59.623071682575244,51.31792831742476,0.018349786357057946,0.018087952468184617,0.020439947037143556,387829632.0,-1.4643937455713787,0,0,-1,0,0,-0.004334715416509686,-0.09559286205393644,0.15563185925012799,0.2871373437430407,-0.06441827266238398,-0.08991494532199273,-1.9953309689028729,0.02326912073240509,0.0
2019-03-08,51.77,52.43,-0.01564320339124341,-0.02224637802989267,-0.012393652054963122,-0.17773501636945618,-0.012668115670631358,53.636,55.185,55.77366666666667,4,8,3,53.547211361732884,54.204134258937884,23.784261715296225,-0.48309341905720515,0.0696302775848818,59.536253902761196,50.83374609723881,0.018343227604458088,0.018166592820804676,0.01696224357698107,383181543.0,-1.5696624818114742,0,0,-1,0,0,-0.008010680907877201,-0.4317892490890796,0.04189435151996393,0.28838572063932333,-0.04729481045270523,-0.0993389004871259,0.17726120456451905,0.013328182344987399,0.0
2019-03-11,51.61,51.77,-0.04141500502750812,-0.007139441806539328,-0.029664029913401297,0.2857880506663043,-0.003095378753174221,53.400999999999996,54.883,55.66133333333333,0,11,3,53.19499111414508,54.03677075836125,23.513986013986028,-0.6198173715034798,-0.06825925223279053,59.35075629547635,50.415243704523654,0.01802907253473787,0.018076236330298676,0.016705809289502317,376995818.0,-1.4651649658303667,0,0,-1,0,0,-0.036121305775545766,0.04224983914540698,0.06288427100794293,0.28695135582000664,-0.04124094371168496,-0.10477016478751078,0.2797611130921584,0.03526448362720404,0.0
2019-03-12,50.4,51.61,0.02922798892426465,-0.00407490619161696,0.0018048736474833437,0.3487455497846997,-0.023724277083312893,53.072,54.489,55.49066666666667,1,12,3,52.68681091157325,53.80214038685408,28.647497337593222,-0.81639804796135,-0.21788701137850242,59.083435536027935,49.89456446397206,0.019024896606755364,0.018080007898107667,0.01699764358006042,368228861.0,-1.7799792675010933,0,0,-1,0,0,-0.004456500678163086,0.8574072036667525,0.12372907335625465,0.2870112276028591,-0.056002996815883166,-0.13520933424845583,-0.8865453039572977,0.03015873015873022,0.0
2019-03-13,50.61,50.4,-0.009582551080996302,0.0067823145365666785,-0.027009459907491404,0.3582345195845109,0.004158010148663677,52.748000000000005,54.1345,55.29866666666667,2,13,3,52.309208927650836,53.59619584576672,30.5263157894737,-0.94435842925499,-0.3631812949537999,58.77958104285778,49.48941895714223,0.019091699370909966,0.018236926556936938,0.016701115245416818,380772633.0,-1.5175192714535026,0,0,-1,0,0,0.009722222222222262,1.857217540552085,0.16600125558656753,0.28950223408682735,-0.04617414248021112,-0.12287694974003471,-0.041691836055076675,0.06322861094645332,0.0
2019-03-14,51.16,50.61,-0.0021638643242089107,-0.0036761190668330194,0.04093726165196014,-0.48802772507900755,0.01080879148465528,52.260000000000005,53.7925,55.08766666666667,3,14,3,52.10026184989613,53.43902192023339,36.858974358974365,-0.989975725946536,-0.48854018115234715,58.24236043542008,49.34263956457991,0.012003556636126171,0.018468815324263668,0.016344784803574448,388472450.0,-1.183183175384907,0,0,-1,0,0,0.0033590199565303636,0.2509719345713725,0.21549087376928613,0.29318335414788244,-0.024222773221438176,-0.11793103448275866,-0.3902232559352961,0.019155590304925803,0.0
2019-03-15,51.37,51.16,0.007455400434109557,0.002516698647098162,0.006695574442747172,-0.07457971299641594,0.004096367768534671,51.963,53.461,54.908,4,15,3,51.967486968096836,53.30553663505704,35.96966413867821,-0.9976818618051908,-0.5903685172829158,57.56551817801612,49.35648182198388,0.009971932460396097,0.01856263255941892,0.016315472921583356,395618908.0,-1.0188772027856712,0,0,-1,0,0,0.0,0.0355327701356175,0.21008870128090804,0.2946726565853572,-0.007726482518833455,-0.11431034482758629,-1.5038641294706798,0.014989293361884292,0.0
2019-03-18,51.08,51.37,0.0035121987323526427,-0.0036803915635237787,0.0009808730555918924,-0.5274252932760498,-0.005661313314837958,51.688,53.13000000000001,54.706333333333326,0,18,3,51.80612570117014,53.16195362634369,35.89189189189189,-1.0154837419017966,-0.675391562206692,56.84433637906195,49.41566362093807,0.009882245690477106,0.018561977479076657,0.0162167159237338,391401623.0,-1.1038310970196723,0,0,-1,0,0,-0.0005839984426707034,-0.9103662329980167,0.21209632729203803,0.29466225750731084,-0.01026932764968036,-0.11473136915077997,-1.282135332285332,0.010375880971025864,0.0
2019-03-19,50.74,51.08,-0.0033167526259939265,0.0036803915635237852,-0.010248414491368107,0.023984213384797122,-0.006678476993202693,51.423,52.783500000000004,54.45466666666666,1,19,3,51.612284664593744,53.00569855367635,33.510074231177086,-1.0449811266851583,-0.7493094751023853,55.970039287622264,49.596960712377744,0.009842833653236021,0.01851887206243168,0.015581135825300291,387081967.0,-1.2825826487925243,0,0,-1,0,0,0.0017619420516837004,-0.8425567847527022,0.11749715191701668,0.29397798023169625,0.006746031746031722,-0.12016646436622158,0.039420223539654145,0.024438312968072563,0.0
2019-03-20,49.7,50.74,-0.013180086535686333,-0.01991864330651923,-0.02142438537529902,0.2922619804727609,-0.02070962106855272,51.087,52.548,54.182,2,20,3,51.264596543758515,52.79242767924562,11.71497584541062,-1.1391459594734386,-0.827276771976596,55.91923809835066,49.17676190164934,0.011001080966414,0.014732169466174668,0.015848377064503028,381295987.0,-1.6895869807554398,0,0,-1,0,0,-0.004729996058336657,-0.2924427891219988,0.18911399793593822,0.23386594007974415,-0.017980636237897585,-0.08656496967469207,-0.3535991772828607,0.025955734406438755,0.0
2019-03-21,50.74,49.7,-0.015968403178731,0.006487784478742617,0.0058521002449245085,-0.03730239557305205,0.020709621068552776,50.918,52.369499999999995,53.952999999999996,3,21,3,51.169215353984235,52.66001299026203,26.377952755905497,-1.1169771423192572,-0.8852168460451283,55.72593592300595,49.01306407699404,0.013754483912221721,0.015783516142667233,0.016537575622894186,386870112.0,-0.970970420636332,0,0,-1,0,0,0.0,-0.3795526274223765,0.2432153278837903,0.2505555511660258,-0.008209538702110941,-0.0657337506904806,0.5261251742357673,0.026212061489948722,0.0
2019-03-22,49.32,50.74,0.014382988657190642,-0.010044397593589632,-0.008080852053938783,-0.14228276773967025,-0.028384875874992263,50.673,52.154500000000006,53.681,4,22,3,50.832994380532554,52.44452828121287,23.56389214536928,-1.2001556799640483,-0.9482046128289123,55.71814966675322,48.59085033324679,0.015654605363701453,0.016612068856252164,0.01709690297961658,382035250.0,-1.5907848778987703,0,0,-1,0,0,-0.006306661411115496,-0.6442759118988206,0.2969458913275057,0.2637084177355465,-0.03990656024917261,-0.08019395747855274,0.9016439948338772,0.024736415247364273,0.0
2019-03-25,48.69,49.32,-0.023275529067381936,-0.01958887342107689,-0.01574191763151947,-0.07138037889875515,-0.012856008101534025,50.381,51.891,53.382333333333335,0,25,3,50.44335903861754,52.202300650166876,23.050458715596307,-1.3019034723642235,-1.0189443847359745,55.66563501198015,48.116364988019846,0.01584060951468629,0.01653304357436484,0.017087317883150977,377533473.0,-1.6960580240688095,0,0,-1,0,0,-0.0012165450121654961,-0.7323015044560656,0.29773880725132756,0.2624539302765827,-0.0467893500391543,-0.09766493699036327,1.2676509335151447,0.020743479153830315,0.0
2019-03-26,48.75,48.69,-0.008358014203600017,-0.0012118765369264236,0.0010297601569016165,-0.16386216390616065,0.0012315272492467364,50.215999999999994,51.64399999999999,53.06466666666667,1,26,3,50.13547557705071,51.97957157596257,24.497041420118336,-1.3619975721379873,-1.0875550222163772,55.56658454002799,47.72141545997199,0.014645029653278055,0.016591591054951303,0.016856559543530217,381354847.0,-1.475557745393722,0,0,-1,0,0,0.0032860957075375582,-0.9135846897481308,0.30742362876435847,0.2633833427177097,-0.039219550650374524,-0.09200968523002417,0.8108339819990948,0.018461538461538432,0.0
2019-03-27,49.83,48.75,-0.007190580545354254,0.015441999414898083,-0.0016481256305889392,0.7477680724705688,0.02191201484945705,50.138,51.443000000000005,52.80233333333334,2,27,3,50.07993456304149,51.840889538803694,35.393258426966284,-1.3074046580332421,-1.1315249493797501,55.301082970920795,47.584917029079215,0.016624703729669642,0.017582134283126823,0.017586920498750238,389426660.0,-0.8361665688154138,0,0,-1,0,0,-0.005128205128205128,0.48202400406869783,0.34360519907396,0.2791077289853789,0.002615694164989746,-0.07465181058495829,-0.32710410459631767,0.035119405980333133,0.0
2019-03-28,50.45,49.83,0.026451186087169634,0.009309763189785323,0.02484346869907285,-0.09111646024728132,0.01236553450630481,50.06699999999999,51.1635,52.550666666666665,3,28,3,50.14721918794304,51.75115472984862,42.550790067720094,-1.2002745440419602,-1.1452748683121923,54.37512542876964,47.951874571230356,0.01676101641393348,0.014733109376989283,0.017776556908627904,396795510.0,-0.44432329723664826,0,0,-1,0,0,-0.0006020469596628766,0.5182200992816273,0.3163603387970222,0.23388086070136446,-0.005715411903823409,-0.0997501784439685,-0.34201650541351925,0.019821605550049554,0.0
2019-03-29,51.91,50.45,0.015541257211211778,0.026844638630350692,0.014575480157107787,-0.0996939713808094,0.02852870303951955,50.120999999999995,51.041999999999994,52.34766666666667,4,29,3,50.46772479013521,51.76140281179388,51.47637795275589,-0.9861951151993154,-1.1134589176896168,53.91349035207996,48.17050964792003,0.01929430462378618,0.015346495778779298,0.01878487577536019,403465162.0,0.6045641068382939,0,0,-1,0,0,0.002576808721506352,0.2620037276973064,0.26409797562868326,0.2436180679617152,0.05251419302514182,-0.044718439455281644,-0.47115922465187604,0.03178578308611055,0.0
2019-04-01,52.41,51.91,0.032866351483011404,0.018069916300670858,0.030645513220887443,-0.054954150818389495,0.009585962974937166,50.254,50.971000000000004,52.17133333333334,0,1,4,50.82086573738335,51.803247791678146,60.63492063492063,-0.7673443363032391,-1.0442360014123413,53.6133107909125,48.32868920908751,0.019295705120715368,0.015464810895880367,0.018933815623399578,409778178.0,1.0891981404678346,0,0,-1,0,0,0.0069350799460606155,0.04704422711480061,0.17213468327510442,0.24549626221884868,0.07640172520024646,-0.026379342374140857,0.15129559406293233,0.019652738027093955,0.0
2019-04-02,52.71,52.41,0.017071734791416555,0.007137520909687956,0.00249592142627592,-0.35811500272473334,0.005707778053040718,50.451,50.937,52.00599999999999,1,2,4,51.16434469422274,51.86174793415052,61.006289308176115,-0.5632037621105468,-0.9480295535519825,53.463200392097946,48.41079960790205,0.019020965144002075,0.015448243792484011,0.018996526514008856,414190930.0,1.4036891178910553,0,0,-1,0,0,0.01450104941805009,-0.8562381210969007,0.1514036328574564,0.24523326760565997,0.08123076923076922,-0.012736467503277726,0.6018612120353615,0.024283817112502392,0.0
2019-04-03,52.89,52.71,-0.004146255468831642,0.0016830298502931785,0.012765725422204634,-0.3536352744527709,0.003409094210773096,50.769999999999996,50.9285,51.955333333333336,2,3,4,51.47810020436406,51.928086777108554,59.43293347873503,-0.38248731495546906,-0.8349211058326799,53.42559958066808,48.43140041933192,0.016997521940909994,0.015412386060030044,0.016081020686580995,417289260.0,1.5710226497857327,0,0,-1,0,0,0.004553215708594232,-1.3772196435427821,0.15989911807403578,0.24466404374974865,0.06140878988561105,-0.0032039200904636633,1.6024647658927809,0.013235016071090996,0.0
2019-04-04,53.18,52.89,0.005649732542118907,-0.004119084648174259,-0.01161585944652514,-0.10143600079527758,0.005468100736985256,51.013999999999996,50.966,51.91766666666667,3,4,4,51.78753653084332,52.00885537213381,59.7837837837838,-0.21340762199971408,-0.7106184090660868,53.57792729809034,48.354072701909665,0.016211562782178557,0.01519862892284543,0.0161205329680797,420088722.0,1.6952998665917884,0,0,-1,0,0,0.006806579693703903,-1.3757920556571748,0.16627573084290603,0.24127075439401505,0.05411298315163515,0.014304787335494895,1.9925773029674043,0.02049642722828124,0.0
2019-04-05,53.25,53.18,0.0,0.008035173568931185,0.016149301287132607,-0.10048370952165181,0.0013154187746607757,51.407,51.040000000000006,51.90533333333334,4,5,4,52.05343897978089,52.088929219092925,62.015503875968996,-0.07292173581500805,-0.583079074415871,53.825904369837176,48.25409563016284,0.011619713517642093,0.014867415130839537,0.015959192534142734,422620555.0,1.586558407336261,0,0,-1,0,0,0.0013162843174125665,-1.3804918047659755,0.049076888464461,0.23601289844736142,0.025813908688114173,0.028587985319683096,0.46274223404650283,0.012582159624413045,0.0
2019-04-08,51.94,53.25,-0.018766544497068084,-0.02315833514315198,-0.026546006410500315,1.0172148576112423,-0.02490859835493218,51.73199999999999,51.0565,51.837999999999994,0,8,4,52.03281371072982,52.07932088237725,55.99999999999998,-0.0665248536382208,-0.479768230260341,53.86046917919541,48.25253082080459,0.014246576379478338,0.015956316899353784,0.016518095758674408,415618817.0,0.6301781107690447,0,0,-1,0,0,-0.018591549295774685,0.46898648371166,0.2049013843883525,0.2532986781373642,-0.008967754245372994,0.006394109668668824,-2.132164325165052,0.01597997689641891,0.0
2019-04-09,51.89,51.94,-0.012128361200908619,-0.008032171697264267,-0.0056283506173556595,-0.7280581634528294,-0.0009631128549540815,52.04600000000001,51.131,51.778,1,9,4,52.006847581506214,52.06710663190131,62.15316315205325,-0.06474353736138028,-0.39676329168054886,53.940696743325994,48.32130325667401,0.01435451432474652,0.014944946252087343,0.0165019660980666,412238058.0,0.540271829550922,0,0,-1,0,0,-0.00596842510589132,-0.9403754916439665,0.19482215344217044,0.23724366684149958,-0.015556820337696786,0.02956349206349218,-2.0263120661471183,0.013490075158990089,0.0
2019-04-10,52.62,51.89,0.018042715939798885,0.012972329948799972,0.006595562221919136,0.14564452887019017,0.013970182232498305,52.325,51.231500000000004,51.737,2,10,4,52.11832983941417,52.102777171778655,60.80459770114939,-0.00437648287255854,-0.31828592991895077,54.10577995559598,48.35722004440403,0.013572067594570959,0.015197567500900806,0.016717066745709278,416148869.0,0.9661550172221081,0,0,-1,0,0,0.013104644440161876,-0.7271104449348386,0.22886752040214162,0.24125390484300552,-0.005104934770277958,0.03971547125074082,-1.3335668441185826,0.019764348156594436,0.0
2019-04-11,53.0,52.62,0.0034181575248192738,0.014115224474099405,0.018581130317537695,-0.17375030845761108,0.0071956379399753185,52.58,51.3235,51.63566666666667,3,11,4,52.27863350497523,52.160662515534874,74.02088772845951,0.07328290720127484,-0.23997216249490563,54.303971704098224,48.34302829590178,0.013376301375116006,0.015107954884620741,0.0148820581627091,419435932.0,1.1249897106520208,0,0,-1,0,0,0.0024705435195743553,-0.9928542687842546,0.23224876123119137,0.23983134866094008,-0.0033847311019180593,0.03596559812353406,-1.3579535016514612,0.015471698113207552,0.0
2019-04-12,53.13,53.0,0.00980954857273191,0.0024265060902644753,0.0003795066459212418,-0.18258048404247373,0.0024498269107300396,52.702,51.411500000000004,51.59533333333333,4,12,4,52.43342741316155,52.223200417758434,81.00558659217879,0.1436623962083985,-0.16324525075424481,54.499734208459344,48.32326579154066,0.010407325666952516,0.015099646973803492,0.01388064399411553,422174442.0,1.1129337245812871,0,0,-1,0,0,0.005094339622641568,-1.1984532400273415,0.2329759521312887,0.2396994646653184,-0.0022535211267604716,0.03426124197002145,-1.4199232383251552,0.017504234895539237,0.0
2019-04-15,52.29,53.13,-0.003949972219314156,-0.010871709703884196,-0.008191302111094326,-0.08124539201573726,-0.01593659226281264,52.69,51.472,51.544,0,15,4,52.40734970167763,52.227510068225634,72.29219143576825,0.13015729618595628,-0.1045647413662046,54.58023422540558,48.36376577459442,0.011489693011749404,0.015528231662191054,0.01406825277333176,419649625.0,0.5263438600051191,0,0,-1,0,0,-0.0013175230566534967,-1.2250987950961263,0.1769951972079306,0.24650303567254,0.006738544474393482,0.023688332028191095,-0.8628191164528589,0.01491681009753301,0.0
2019-04-16,52.78,52.29,-0.015192088617127205,-0.0016976331531583944,-0.005754859542677121,0.15258991520987183,0.009327182875138881,52.697,51.574,51.523666666666664,1,16,4,52.47510430137261,52.26315457995302,70.06802721088435,0.1571814224226742,-0.05221550860842884,54.714810488758964,48.43318951124103,0.011752395149245613,0.015510327755214704,0.014118791710791919,422590651.0,0.7679546437560023,0,0,-1,0,0,-0.0005737234652897521,-0.9234058675239102,0.18341405511875036,0.24621881996040487,0.01715166698785886,0.04020496649586125,-1.540999090359744,0.018757104964001552,0.0
2019-04-17,52.76,52.78,0.02139220241962847,0.012382897438398623,0.009382548485276278,-0.13448263069309097,-0.0003790032260642624,52.684000000000005,51.727,51.51366666666666,2,17,4,52.52690351930486,52.29520912318186,67.11111111111106,0.17496748802211215,-0.006778909282320646,54.78034398220485,48.673656017795146,0.011698025949051416,0.01459387706016269,0.014074934447819964,420019700.0,0.6766351947375814,0,0,-1,0,0,0.011557408109132236,-1.0239906659610345,0.15764133316786222,0.23167061619264537,0.002660585328772447,0.061569416498993945,-1.452888196392452,0.021986353297953065,0.0
2019-04-18,52.18,52.76,-0.013767308443931581,-0.01616576557725727,-0.010922787526777406,0.2623360494276552,-0.011054048140531455,52.584,51.799,51.50533333333333,3,18,4,52.46383015215852,52.28777627652497,52.299829642248746,0.14064070194734768,0.02270501296361302,54.82211028403795,48.77588971596205,0.011968338807074453,0.014283114981988334,0.014050427724205764,416677558.0,0.252058287130102,0,0,-1,0,0,-0.0018953752843063197,-0.5363602849449066,0.162201582565806,0.2267374211380916,-0.015471698113207588,0.028379976350019653,-0.17564083825936513,0.01667305481027222,0.0
2019-04-22,51.71,52.18,-0.015308373957644917,-0.01335388024276881,-0.008513983318244765,-0.11754134114595977,-0.009048093300452217,52.42999999999999,51.91850000000001,51.50333333333333,0,22,4,52.326770124493336,52.25050038771691,44.00684931506854,0.07465087579821272,0.03309418553053296,54.70901230912007,49.12798769087995,0.012111029710477636,0.012771725902589135,0.013955246127383344,413706047.0,-0.14943492585112766,0,0,-1,0,0,-0.0061326178612495265,-0.6833946883359597,0.1579596417498333,0.2027448633079968,-0.026726896292113667,0.04845904298459036,0.8272502885734392,0.011796557725778369,0.0
2019-04-23,52.79,51.71,-0.0015438057871267619,0.016192372071947247,0.0019413712173885446,0.19190326701026872,0.020670592427394666,52.515,52.1235,51.54266666666667,1,23,4,52.41099373822182,52.285306814315824,50.60422960725074,0.10825256897710744,0.04812586221984786,54.484759922379276,49.762240077620724,0.011569798674344597,0.012877849721374372,0.014446748990890674,417306191.0,0.5645291258985282,0,0,-1,0,0,0.001353703345581131,-0.3118874498092421,0.21099337081094377,0.2044295267041141,0.009562057754828768,0.08420620250564803,0.6473227360290926,0.025762455010418628,0.0
2019-04-24,52.93,52.79,0.021588382592648715,0.0022650066308520615,0.01596955534914168,0.12369712747590575,0.0026485070343712893,52.61900000000001,52.332499999999996,51.626999999999995,2,24,4,52.50535851309058,52.32689992306965,50.303951367781146,0.144513125524945,0.06740331488086729,54.10243458100415,50.562565418995845,0.011534310869205592,0.012864947041867174,0.01369947043364696,421380377.0,0.675166197002624,0,0,-1,0,0,0.0022731577950368905,-0.058445035026448974,0.2013272638958902,0.20422470301677964,0.0028419856006063338,0.08574358974358964,1.1948061116018918,0.012280370300396724,0.0
2019-04-25,53.35,52.93,0.0039611482521379904,0.033738139631850204,0.004760553596933329,0.5576551234979193,0.007903691877866213,52.69199999999999,52.508500000000005,51.718333333333334,3,25,4,52.65892969252865,52.3929063796458,51.26676602086439,0.20477979375444022,0.09487861065558188,53.88755039791211,51.1294496020879,0.010973451761847764,0.012196067255033593,0.013739849032873739,428496237.0,1.220404999373538,0,0,-1,0,0,0.0035896467031928535,1.733632651475536,0.2072624825489534,0.1936065655790223,0.011182714177407238,0.07064017660044164,0.5271149884339384,0.041611996251171485,0.0
2019-04-26,52.98,53.35,0.0024442994213560846,-0.02416868861569939,0.005682909781893494,-0.5912966528039159,-0.006959493903838783,52.69,52.635000000000005,51.778999999999996,4,26,4,52.7173061120689,52.430783387410585,48.07417974322395,0.2201479264840458,0.11993247382127467,53.62954300533214,51.64045699466787,0.01105654344904056,0.012217066570438551,0.013721411945650441,424556833.0,0.6937859864285671,0,0,-1,0,0,-0.0018744142455482927,-0.01412458403250876,0.19233776759867008,0.19393991937660707,0.015331544653123697,0.05014866204162516,0.689448782538097,0.01151377878444695,0.0
2019-04-29,53.83,52.98,-0.004894588084863766,0.009663706500155673,-0.0037850158738145304,0.022658021824596176,0.0159164487289422,52.760000000000005,52.73100000000001,51.861,0,29,4,52.91961409169273,52.52105542693249,64.4274809160305,0.29748594584218324,0.1554431682254564,53.79884386794001,51.66315613206001,0.012168602290832024,0.011032184805755895,0.013977600759124364,428586515.0,2.0583533473298723,0,0,-1,0,0,0.00018875047187627626,0.1425956944151676,0.17432092597365578,0.1751305044824131,0.04099787275188538,0.03698709304565595,-0.31235883955355204,0.02470741222366707,0.0
2019-04-30,54.23,53.83,0.01758369284446492,0.009021510141293123,0.014681234894832305,-0.04275969337414523,0.007403328280103309,52.95399999999999,52.82199999999999,51.966,1,30,4,53.15786607502132,52.6313099155175,66.95652173913038,0.3865970898311275,0.20167395254659062,54.06971116764894,51.57428883235104,0.010645503950132995,0.01096148344651045,0.013945947580540448,432447521.0,2.256932592265065,0,0,-1,0,0,0.0018577001671930414,0.12071055962468055,0.13365481046957278,0.17400815519890697,0.027277893540443188,0.03472619729059345,-0.4807887334546389,0.019177576986907603,0.0
2019-05-01,53.9,54.23,0.012346973401723695,0.0009160026288557235,0.00633267156347973,-0.42898345109895736,-0.006103782938017799,53.065999999999995,52.8815,52.071333333333335,2,1,5,53.29279951592653,52.71316088870992,59.84615384615383,0.42568306201812334,0.2464757744408972,54.21712167665062,51.545878323349385,0.01085077759782043,0.01105469379510107,0.013933981910980602,429933347.0,1.5251324799611274,0,0,-1,0,0,0.006822791812649909,-0.8479176709758237,0.15736617553399068,0.1754878236108375,0.018326091063668892,0.02257636122177953,-0.044926628726498226,0.013914656771799629,0.0
2019-05-02,53.37,53.9,-0.011235038520663706,-0.0021998175690552966,-0.009326685776084573,0.1441592394843931,-0.009881687569098031,53.126999999999995,52.9055,52.193666666666665,3,2,5,53.30683596757625,52.75553760556735,52.78195488721802,0.4091756833951905,0.2790157562317559,54.25889689591628,51.55210310408373,0.011489141729552814,0.011307437079956005,0.013465547615259964,427029305.0,0.6864209625447942,0,0,-1,0,0,0.0016697588126160189,-0.537221034751847,0.17647848869456878,0.17949999887444382,0.00037488284910947023,0.009075439591605061,0.8631232598967744,0.021172943601274172,0.0
2019-05-03,53.62,53.37,-0.008743428410222593,-0.010330289245871373,-0.0013127052986774016,-0.1489851703966228,0.004673342461959687,53.271,52.927499999999995,52.28966666666667,4,3,5,53.36377488256238,52.811309372950106,53.61890694239286,0.41152260118753503,0.30551712522291175,54.31359447539404,51.54140552460595,0.010680195529976483,0.01129035450940274,0.013016776770013352,429531375.0,0.9992103890366278,0,0,-1,0,0,0.0028105677346825127,-0.827978520762546,0.16617389196078897,0.17922882147381788,0.01208003020007542,0.008273787138021849,0.06328895490441716,0.011935844834017169,0.0
2019-05-06,53.48,53.62,-0.013354849101131248,-0.0059512915096893125,-0.01075380611443912,-0.08080896695554304,-0.0026143805740708207,53.448,52.939,52.42833333333333,0,6,5,53.38490672209649,52.85445070372752,59.80230642504115,0.3975035470227084,0.3239144095828711,54.34009581173639,51.53790418826361,0.01007013063101973,0.011309047155237752,0.011771047361155038,427223541.0,0.7722526831759369,0,0,-1,0,0,-0.015106303618052876,-0.9600277490600567,0.1148754591688766,0.17952555802716938,-0.006501950585175553,0.004319248826291089,0.14942327774968833,0.016641735228122675,0.0
2019-05-07,52.21,53.48,0.004345779158765269,-0.009182112671268037,-0.024384427914193055,0.7516727531890928,-0.024033704811281337,53.39,52.9525,52.54566666666667,1,7,5,53.17128731807894,52.81287323897091,45.83941605839416,0.2806794613149606,0.315267419929289,54.3178127653946,51.5871872346054,0.011285043696685126,0.011211392591877605,0.012423148136476951,422329677.0,-1.0876628693725054,0,0,-1,0,0,-0.008227374719521275,1.295759145770661,0.16720568314369763,0.17797533989292008,-0.03724875530149352,0.0051983057373894415,-0.8373670907881605,0.0319862095384025,0.0
2019-05-08,52.41,52.21,-0.021920252497958724,-0.004339220090289832,0.003104989880577184,-0.34531918334464945,0.0038233653916137757,53.338,52.9785,52.66766666666667,2,8,5,53.03287144206458,52.786881417101824,47.51066856330012,0.2019064088508813,0.2925952177136074,54.27677861740153,51.68022138259846,0.011334014970353067,0.011233762910427157,0.012423755602888414,425794505.0,-0.875775033771771,0,0,-1,0,0,-0.006129094043286732,-0.008985155021792332,0.18629002946965434,0.17833045769070854,-0.02764378478664198,0.010021198689535549,-1.08438327406609,0.02442282007250527,0.0
2019-05-09,52.46,52.41,0.0001926967921946631,-0.007020235643293065,0.0036746971048015045,-0.23138758799895773,0.0009535616246527038,53.249,52.9705,52.755333333333326,3,9,5,52.92871299805284,52.76579229341784,52.15384615384616,0.14187730610722582,0.26245163539233113,54.28000332086231,51.66099667913769,0.010935389638215696,0.010777172825339357,0.011856725997245313,428543610.0,-0.7796849261349473,0,0,-1,0,0,-0.009730967372638772,-0.6042386158824035,0.186352168043954,0.17108231479326771,-0.01705077759040652,-0.003040668947168368,-1.9243000979874527,0.013724742661075219,0.0
2019-05-10,52.74,52.46,0.004805391274938431,0.006831146108835329,-0.012041318533794532,-0.06942648319660945,0.005323206486412961,53.225,52.9575,52.83166666666667,4,10,5,52.894401543861406,52.76412827448766,58.16164817749605,0.11556530474273785,0.23307436926241248,54.27092661525692,51.64407338474309,0.010962069084895481,0.010717902169951925,0.011706496513489801,431108329.0,-0.3311947503933551,0,0,-1,0,0,-0.005909264201296269,-0.7278151322797073,0.18818099402358884,0.17014142230807397,-0.016411786646773563,-0.004905660377358401,-1.8893333961862537,0.03223359878649986,0.0
2019-05-13,51.04,52.74,-0.007313350532971399,-0.01986314349941156,-0.00784625445511031,0.24774388500149352,-0.03276454188860628,52.94599999999999,52.852999999999994,52.80266666666667,0,13,5,52.5572376267957,52.65289419226265,37.373737373737384,-0.041979030283485486,0.1780636893532329,54.41726004029551,51.28873995970448,0.013297686180062593,0.01285989692118705,0.01209198585297331,427822586.0,-2.3180289124530535,0,0,-1,0,0,-0.018392112248767516,-0.10991276759749924,0.2779628518671042,0.20414453483631678,-0.04562453253552723,-0.03933747412008293,-0.7040252647878469,0.020768025078369952,0.0
2019-05-14,51.65,51.04,-0.012635020844530678,0.0019271541905831126,0.0023603472799447033,-0.22792343685433739,0.011880556529113085,52.688,52.82099999999999,52.77733333333333,1,14,5,52.392285331014655,52.58819134114893,41.35135135135135,-0.11627183943184605,0.11919658359621711,54.45823643920964,51.18376356079034,0.013841535446333382,0.012780349539702725,0.012166134938283661,430438646.0,-1.430459244561248,0,0,-1,0,0,0.0015673981191222236,-0.7191507921511171,0.2755573777846473,0.20288175930319335,-0.010725914575751783,-0.012239433926180876,-1.9266603451449582,0.020135527589545,0.0
2019-05-15,52.01,51.65,-0.0021541181344441815,0.009580452660896764,-0.0037397937495492963,0.1654134275551227,0.006945812219333435,52.499,52.78249999999999,52.754000000000005,2,15,5,52.32277890719381,52.55088867397804,40.87193460490461,-0.14443547236083276,0.06647017240480714,54.459525876203124,51.10547412379686,0.014311933843639123,0.012693365700535234,0.012189915921940932,433525285.0,-0.9212737990053812,0,0,-1,0,0,-0.012391093901258482,-0.3015281073918736,0.28061999170589574,0.20150093366408042,-0.007632131272657827,-0.01458885941644572,-1.9621121911479114,0.033262834070371027,0.0
2019-05-16,52.59,52.01,0.02248592509946633,0.010810916104215676,0.025120588774499592,0.028575010579868793,0.011089979816271873,52.42099999999999,52.774,52.744,3,16,5,52.371364560431296,52.55341198533429,47.4172185430464,-0.1185872021785741,0.029458697488130892,54.453227892744366,51.094772107255636,0.014805181853265837,0.012965623621940375,0.012353563798289538,436701397.0,-0.21914833691725547,0,0,-1,0,0,0.0030763314747164717,-0.251633668580179,0.29498957909783524,0.20582289417911265,0.0024780785360274393,-0.0032221379833206054,-2.1129674551295063,0.01920517208594786,0.0
2019-05-17,52.24,52.59,-0.002110717467881981,-0.0005660911557910797,-0.0009620010361909521,-0.37928268955465017,-0.006677502633077253,52.282999999999994,52.777,52.712666666666664,4,17,5,52.34748009489833,52.53319185724821,38.72340425531918,-0.12490451525881241,-0.001413945061257766,54.45196865641755,51.10203134358245,0.014723880751683589,0.01280880548052243,0.012362657299374986,434527818.0,-0.6412060284740423,0,0,-1,0,0,-0.010077961589655848,-1.0825206159120415,0.29523290830656734,0.2033334833595812,-0.009480470231323479,0.001149865848984355,-1.4902745655508864,0.019716692189892686,0.0
2019-05-20,52.01,52.24,-0.005392925243027809,-0.00891085619415568,-0.0042438335298128505,0.20126392701215456,-0.004412477183194556,52.136,52.791999999999994,52.67133333333333,0,20,5,52.286120077644085,52.49943754387736,33.86627906976747,-0.1467781421420966,-0.030486784477425536,54.43173810488528,51.15226189511471,0.014736208349717037,0.01267651278589578,0.012377451995831946,431869645.0,-0.95381085268456,0,0,-1,0,0,-0.008805513016845345,-0.6332102430653642,0.13910350183485226,0.20123340193806485,0.019004702194357348,0.005801585766776141,-0.45006435589847055,0.014997115939242476,0.0
2019-05-21,53.37,52.01,0.014761122999568442,0.017555901578622298,0.012868707311572873,0.26690740330543117,0.02581278256087242,52.251999999999995,52.821000000000005,52.719,1,21,5,52.48318915443607,52.555602863627215,46.64981036662452,-0.05375288523136845,-0.03514000462821412,54.480979708177216,51.161020291822794,0.01525032048530107,0.013169929734251738,0.01246742136902909,435341005.0,0.6614538687377534,0,0,-1,0,0,0.010382618727167836,0.09001654115210087,0.2099646904320608,0.20906615316615043,0.033301064859632135,0.01098692934267853,0.686957306195453,0.019486602960464665,0.0
2019-05-22,52.57,53.37,0.013044896203950882,0.0014958865915829297,0.002287458107599062,-0.08386054860112083,-0.015103175514496744,52.267999999999994,52.803,52.74166666666667,2,22,5,52.49897294453859,52.556531711135136,45.11002444987777,-0.044074944515195114,-0.036926992605610325,54.46580802448658,51.14019197551342,0.016174457301276583,0.013610744761921185,0.01280138893863969,432148883.0,-0.28024882796910905,0,0,-1,0,0,-0.002435825370058,-0.11885574570383034,0.2597754957038151,0.21606387479051092,0.010767160161507361,-0.006801435858681315,0.7824273100011802,0.019022256039566292,0.0
2019-05-23,50.96,52.57,-0.02260519846593312,-0.02785062075899523,-0.0419968402584491,0.5327682925186261,-0.031104603567448787,52.11800000000001,52.683499999999995,52.68633333333333,3,23,5,52.219159681895206,52.45352966525545,36.058700209643625,-0.16442328219323343,-0.06242625052313495,54.51568333947642,50.85131666052357,0.018910754598908886,0.015045426721126494,0.013736105993316096,426710650.0,-1.8813619389121976,0,0,-1,0,0,-0.009891573140574532,2.5760671645131406,0.32953640904257236,0.2388387448376799,-0.030994485643658587,-0.044798500468603564,0.8436830451514254,0.0331632653061224,0.0
2019-05-24,51.15,50.96,-0.018224622280789637,-0.009458616989991156,0.010272709855720406,-0.8553849271923792,0.003721481133727537,51.959,52.592,52.62466666666666,4,24,5,52.024767012459705,52.36943097717445,37.851929092805015,-0.24168282559120513,-0.09827756553674899,54.54090090482392,50.643099095176076,0.01884115961107179,0.01505701419941457,0.01367890416625537,429022549.0,-1.479808436058254,0,0,-1,0,0,0.002943485086342201,-0.9859136939305301,0.33661314221173344,0.23902269035291554,-0.020865237366003098,-0.03454133635334089,0.3414971436177342,0.013294232649071354,0.0
2019-05-28,50.03,51.15,-0.0074627212015896,-0.012294037174473438,-0.01764693360638776,0.39931636185805236,-0.02213966689752177,51.858000000000004,52.402,52.52133333333334,1,28,5,51.662082101103394,52.21849994638901,38.45338983050848,-0.38880431599598353,-0.1563829156285959,54.57119679531934,50.232803204680664,0.017270820318939634,0.015100739171400201,0.014174673959340502,425575958.0,-2.1869846065772074,0,0,-1,0,0,-0.008211143695014696,0.3763183025067022,0.3599413017461732,0.23971680276465904,-0.0380696019996154,-0.07059260635333453,0.8545790694786345,0.01878872676394159,0.0
2019-05-29,49.56,50.03,-0.011498937170654035,-0.015433626488568743,-0.01776030537432578,0.07185083870064479,-0.009438768739171908,51.649,52.168499999999995,52.43033333333334,2,29,5,51.27988535544823,52.04698382081553,35.32440782698254,-0.5371325000339624,-0.23253283250966922,54.50789510849835,49.829104891501636,0.016682974819999998,0.014924757781260638,0.014005015420826234,421872613.0,-2.2300636523724067,0,0,-1,0,0,0.0023985608634818595,0.6971931020173495,0.2059468052555255,0.2369231848025507,-0.07138842046093297,-0.08611469666236393,0.3559980182671835,0.020984665052461646,0.0
2019-05-30,49.39,49.56,-0.011632702375461929,-0.005197932534998535,-0.0010186412208098839,-0.28235507881394406,-0.0034360822084082087,51.387,51.943,52.31733333333333,3,30,5,50.93626983627583,51.87556550979517,34.38453713123093,-0.6607841257043603,-0.31818309114860743,54.44355236002872,49.44244763997128,0.016241697089950272,0.014920654570594064,0.013850539121895877,419080269.0,-2.0419488436312303,0,0,-1,0,0,0.0002017756255043989,-0.418221561783094,0.22052861188816467,0.23685804835254673,-0.06049077420582083,-0.0836734693877551,-0.33308429746822815,0.01680502125936421,0.0
2019-05-31,47.6,49.39,-0.013403937481216746,-0.017796222951489925,-0.03357828414087328,0.6206129076908472,-0.03691521331515909,50.888,51.6545,52.14533333333334,4,31,5,50.32967532058931,51.59972257367936,27.336860670194,-0.8929238993697197,-0.4331312527928299,54.72768778434984,48.58131221565016,0.017830207312601636,0.016523003457745034,0.015179280598413097,413886320.0,-2.638628215722755,0,0,-1,0,0,-0.009718566511439644,2.0649663223424235,0.2513449523677645,0.26229454836632216,-0.06593406593406592,-0.10811317219411642,-0.6623756784086654,0.03298319327731093,0.0
2019-06-03,47.79,47.6,-0.02714911331389139,-0.013558137022152682,-0.000843525988439187,0.00714984398171073,0.003983651352692514,50.443,51.363,51.999,0,3,6,49.86791617139125,51.35393402053876,33.46897253306206,-1.049467324328397,-0.5563984670999433,54.74197586477316,47.98402413522684,0.01834762316371763,0.016501081540137824,0.015164365933804696,419117538.0,-2.114841977564623,0,0,-1,0,0,0.0,1.8057481127541721,0.25248233013323235,0.2619465487128202,-0.06568914956011729,-0.10872808653487498,-0.6455197466766501,0.019878635697844798,0.0
2019-06-04,48.95,47.79,0.013355791181555636,0.01783382306360641,0.016114191941098623,0.1719567575975199,0.023982956386452717,50.137,51.1365,51.907000000000004,1,4,6,49.70102232204738,51.198841503084644,36.99421965317921,-1.067619952722481,-0.6586427642244509,54.52526953293542,47.74773046706458,0.021126279164682692,0.017801813125236276,0.01589528833940728,425330271.0,-1.2904388916091352,0,0,-1,0,0,0.009416195856873883,2.2544298140141743,0.3488846932178298,0.2825950224925243,-0.02158704777133713,-0.08470456245325342,-0.3781333523135686,0.021450459652706786,0.0
2019-06-05,50.22,48.95,0.02760064808211255,0.021506205220963682,0.025214003551747292,-0.3323031643907001,0.025613984752919445,49.821999999999996,51.03699999999999,51.821333333333335,2,5,6,49.79538189985694,51.13569043836951,42.072630646589914,-0.9683649470172995,-0.7205872007830206,54.409876954078136,47.66412304592185,0.02109202874224653,0.01839723003436929,0.01616771333627947,429786477.0,-0.48445289355258514,0,0,-1,0,0,0.013074565883554658,0.7820126487305559,0.40169364651616796,0.2920469729003365,0.013317191283293006,-0.03811530358168935,-0.9843538375782107,0.017722023098367196,0.0
2019-06-06,49.98,50.22,0.013221346438142626,0.004167086097440804,0.0028299998673367373,-0.6247125180385582,-0.0047904283226327124,49.563,50.915499999999994,51.723,3,6,6,49.82894882715568,51.06112976492632,38.08219178082188,-0.8987108548321388,-0.7562119315928443,54.2550333742722,47.57596662572779,0.02084689698408267,0.018359740062003322,0.016158272287710995,427400556.0,-0.5602579134001762,0,0,-1,0,0,0.0005973715651135232,-0.9549742582560816,0.40314578981835814,0.2914518380391023,0.01194573800364429,-0.04636519748139667,-0.9257187009442832,0.01920768307322931,0.0
2019-06-07,50.37,49.98,-0.0017926506145199395,0.009067674982593773,0.010841302730629485,-0.16038556578842453,0.007772834350752887,49.504000000000005,50.811,51.623666666666665,4,7,6,49.92732176767282,51.016540747834306,41.49226569608732,-0.802785730130573,-0.7655266913003901,54.07702865233574,47.54497134766426,0.01902872358606493,0.018485308342045564,0.01615555485688466,429432920.0,-0.2700527441390424,0,0,-1,0,0,0.0036014405762304865,-1.1902917852483352,0.21102248842156093,0.2934451726884016,0.058193277310924385,-0.0398398780022875,0.07503586703471332,0.01747071669644635,0.0
2019-06-10,50.3,50.37,0.013662226169903868,0.0072343653083039,0.003985656930203611,0.3949413297330383,-0.0013906826518656377,49.419,50.68900000000001,51.53433333333333,0,10,6,49.995081446277766,50.97031231249016,42.10526315789473,-0.7240662081549303,-0.7572345946712982,53.831589612670996,47.54641038732902,0.018956101591143835,0.01840835265002588,0.016126318883785344,426416288.0,-0.24756652821071723,0,0,-1,0,0,0.009529481834425332,-0.39940873267711446,0.22593116612465636,0.2922235389500718,0.05252144800167402,-0.046264694728858635,0.19433417446831772,0.020874751491053622,0.0
2019-06-11,50.58,50.3,-0.005719372655966952,-0.0037084067091711754,-0.00019890601756271885,-0.022662979072301418,0.005551164136125505,49.474000000000004,50.666,51.426,1,11,6,50.10143027422726,50.945130872974666,35.69230769230768,-0.6318037199044326,-0.7321484197179251,53.804503833958606,47.52749616604139,0.017616792824052707,0.017053522029709212,0.01584192871231374,429365323.0,-0.054803183013178776,0,0,-1,0,0,0.005168986083499108,-0.4398705050700632,0.1895077576144623,0.27071626961023215,0.033299284984678046,-0.009012539184953039,1.2751638051839738,0.017200474495848113,0.0
2019-06-12,50.81,50.58,0.0005931784652427739,-0.0005867970828523867,0.002979444055289967,-0.1364866963306228,0.004536944363821514,49.599000000000004,50.624,51.312000000000005,2,12,6,50.23026113345867,50.9364127521376,40.41394335511984,-0.5339706738973007,-0.6925128705538002,53.7293664924796,47.518633507520406,0.017229596801636722,0.016852429220523588,0.015791707536290906,431938114.0,0.11979262380169564,0,0,-1,0,0,0.00019770660340065474,-0.7503557987468218,0.08314010762671449,0.267524020228941,0.011748307447232209,-0.01626331074540166,-0.604598574474687,0.01358000393623298,0.0
2019-06-13,52.38,50.81,0.010226244476343387,0.031583599575987754,0.012809318899778835,0.4999982915870631,0.03043165347392541,49.898,50.6425,51.26133333333333,3,13,6,50.62112274555709,51.02954741329002,57.76805251641139,-0.3259935504000069,-0.6192090065230414,53.78679726061983,47.49820273938017,0.019196107542758845,0.018218529985391984,0.01687232233806976,436179922.0,1.1051754054942597,0,0,-1,0,0,0.005904349537492563,0.585680934977602,0.19754056023400157,0.2892101975671224,0.04801920768307344,0.007114016535281875,1.805152776033485,0.03207331042382588,0.0
2019-06-14,51.82,52.38,0.0275946114772055,-0.003037784754923042,0.006051751022185022,-0.5146847199894293,-0.010748663945601962,50.32,50.604,51.20966666666667,4,14,6,50.839100428183066,51.08054435436809,53.522607781282865,-0.2040058490799055,-0.5361683750344143,53.665663806354544,47.542336193645454,0.013913145516510243,0.01820186960875367,0.016888856580460524,433644640.0,0.7943393376347652,0,0,-1,0,0,0.0030546009927452573,-0.7857130880089123,0.24531801086381372,0.2889457222871205,0.0287869763748263,-0.014641566837801934,1.2410617011403897,0.023350057892705535,0.0
2019-06-17,51.18,51.82,-0.01785933209675806,-0.017068206086869386,-0.006051751022184978,0.10331403508261926,-0.012427344402321204,50.659,50.551,51.12833333333333,0,17,6,50.90108216851341,51.086960847634664,56.36766334440752,-0.1571607172868994,-0.4603668434849113,53.528974585446036,47.57302541455397,0.015397331335042834,0.018345901066767433,0.0169826997537471,430833419.0,0.4224347669547267,0,0,-1,0,0,-0.004052489386337338,-0.6009421232140134,0.2759466869015667,0.29123215080036724,0.01749502982107365,-0.020290964777948006,1.0627491814742975,0.01230949589683475,0.0
2019-06-18,51.7,51.18,-0.0034937923738109973,0.014593192924344228,0.0017607360510892335,0.08770028266086426,0.010108950782740657,50.934,50.5355,51.068999999999996,1,18,6,51.04633995605642,51.1265117606905,61.78414096916298,-0.07718620414664912,-0.3837307156172589,53.484587102278546,47.58641289772145,0.014239701095457398,0.018486536855404967,0.01711117398633521,433902319.0,0.7897359146159358,0,0,-1,0,0,0.0048847205939820245,-0.40758286494264795,0.2799135819854901,0.2934646747333894,0.022143139580862004,-0.005960392232262968,0.7783239868319337,0.02514506769825927,0.0
2019-06-19,51.51,51.7,0.011022058794602472,-0.006886025679406403,-0.005291536109900545,0.24061408361542488,-0.0036818179368896635,51.063,50.442499999999995,51.04566666666666,2,19,6,51.13064178222798,51.151252937420146,61.648351648351614,-0.028805190100626987,-0.31274561051393257,53.12003126670711,47.76496873329288,0.01250595970541172,0.01742718980338982,0.016574482814488863,429998586.0,0.7973763094933626,0,0,-1,0,0,0.00580270793036745,0.27626528395391703,0.2858733193406568,0.2766480616229405,0.013776815587482671,-0.034851039910061776,1.1496560418633304,0.02349058435255292,0.0
2019-06-20,51.52,51.51,-0.003467543447463385,-0.0036534989201837025,0.002747254475138702,-0.004981991710404128,0.0001941182186044077,51.217,50.39,51.016,3,20,6,51.201434185459256,51.17504307048982,76.77595628415294,0.010226147856805312,-0.248151258839785,52.92950679007279,47.85049320992721,0.012276292266973531,0.017142857897314658,0.01655639392592416,433882919.0,0.8899365848654507,0,0,-1,0,0,0.006018248883711945,0.23122098378069034,0.1442009867551715,0.27213443254328534,-0.016418480336006125,-0.019973368841544548,0.7276105917288757,0.017080745341614818,0.0
2019-06-21,51.25,51.52,-0.005806093337865643,0.0015399425564869146,0.0017621149933992233,0.19774909455683023,-0.005254463777580699,51.30499999999999,50.4045,50.97566666666667,4,21,6,51.210264333557575,51.17987900142596,73.3783783783783,0.01915125710713994,-0.19469075565040003,52.960965281756394,47.8480347182436,0.012414005785055604,0.015702933014626788,0.016577053863489358,429149251.0,0.6614601856975801,0,0,-1,0,0,0.0,1.0158488921837305,0.13113496058190308,0.24927633366604962,-0.010999614048629924,0.005690737833594861,0.599064963808865,0.01697560975609765,0.0
2019-06-24,51.22,51.25,-0.0011652749425001567,-0.009469584725933981,-0.004116442155034702,-0.6858455473879651,-0.000585537247138376,51.397000000000006,50.408,50.925,0,24,6,51.21203445472892,51.18246745294687,68.10207336523115,0.023532453732244107,-0.1510461137738712,52.968950481443315,47.84704951855669,0.012393616275487596,0.015684438389937813,0.016538582267631306,426765072.0,0.634139555515627,0,0,-1,0,0,0.004097560975609773,-1.0495516443188726,0.09539097325705931,0.2489827406009386,0.0007815552950372062,0.001368523949169198,1.4999570556493893,0.011518937914877068,0.0
2019-06-25,51.0,51.22,-0.0066289967843187825,0.0021336444909454163,0.0009816433496633798,0.21430129153544802,-0.004304448047053374,51.439,50.4565,50.92366666666667,1,25,6,51.173482735687294,51.17069535920836,57.47126436781607,0.009146981529895015,-0.11900749471311796,53.024040498319344,47.88895950168065,0.012460075559922418,0.014851927427245146,0.015461491172262384,423811084.0,0.4233623581445076,0,0,-1,0,0,-0.0019523623584537567,-0.5230513319133642,0.037896596830383135,0.23576703877482,-0.013539651837524258,0.019388366979812055,0.41982426688339664,0.012745098039215658,0.0
2019-06-26,50.7,51.0,-0.0009785694097267528,-0.004466460478898171,-0.012042392099336644,0.2642856583851094,-0.005899722127188271,51.428,50.5135,50.892,2,26,6,51.08739496556233,51.14032791667879,56.81818181818184,-0.026159550611879467,-0.10043790589287027,53.04763973776308,47.97936026223692,0.01255664841141403,0.014742105007532237,0.01533199594538872,419963514.0,0.14718998895035587,0,0,-1,0,0,0.0013725490196078488,0.25036660737678434,0.0441271911883469,0.2340236619091817,-0.015725101921956863,0.02300242130750596,0.4719739442231895,0.020315581854043415,0.0
2019-06-27,50.74,50.7,-0.006088597813365678,0.0017501219829255145,0.002974717116742875,0.0023825611408176323,0.0007886435739983844,51.263999999999996,50.581,50.849666666666664,3,27,6,51.024232244550994,51.11450030915113,53.75253549695743,-0.05033236581570577,-0.09041679787743738,53.06046428848618,48.101535711513826,0.006371617349302072,0.014701876617638132,0.015269486873496753,423820262.0,0.12825351083969483,0,0,-1,0,0,0.0011834319526626265,0.214378981367691,0.04708041326483463,0.23338505601735562,-0.015139751552795011,0.02733346831342387,0.5691903059466311,0.01911706740244381,0.0
2019-06-28,50.78,50.74,0.003932368417721111,-0.005650282933020352,0.002965894413378248,0.4361541166647253,0.000788022105396461,51.160000000000004,50.739999999999995,50.78933333333334,4,28,6,50.979826381905355,51.092919644044606,54.89795918367349,-0.06550670974103667,-0.08543478025015724,52.7842164886858,48.69578351131419,0.005878572803422551,0.011737914694205856,0.015108236692691708,429785676.0,0.0391347983165145,0,0,-1,0,0,0.004335829720141877,1.9247858400415978,0.048775191498153486,0.18633361914815683,-0.009170731707317081,0.06680672268907561,-0.6159313137610791,0.010437179992122906,0.0
2019-07-01,51.54,50.78,0.0046985207815543354,0.012620301469972492,0.007866313915982066,-0.5763681741679262,0.014855628947686614,51.196000000000005,50.927499999999995,50.766,0,1,7,51.08167613064984,51.121763537977216,58.92193308550184,-0.01602214489916065,-0.07155225317995792,52.45505566699633,49.39994433300366,0.006812247855676168,0.01202481214708699,0.015345793064214238,433137854.0,0.801934768379832,0,0,-1,0,0,0.00827097282394647,-0.18013173739607433,0.13046722158762528,0.1908879750207649,0.006247559547051917,0.07846829880728179,1.5223511298558183,0.01513387660069851,0.0
2019-07-02,51.43,51.54,0.013771917793675379,0.008070758643305214,-0.00039184953479437,-0.1416214773125675,-0.0021365454373942147,51.169,51.0515,50.74666666666667,1,2,7,51.14500774325896,51.14164976133353,55.893536121672966,0.014155473081217451,-0.054410707927722846,52.275665021548576,49.82733497845142,0.00597794225755933,0.011076984177426781,0.015330642798876122,430228332.0,0.6183806812601088,0,0,-1,0,0,0.007178890182382566,-0.5011140628689437,0.12546267109948553,0.1758416724604118,0.008431372549019711,0.050663942798774286,1.5504665595396536,0.02372156328990859,0.0
2019-07-03,51.89,51.43,-0.0027006189253275174,-0.0003828483967130574,0.010720305377318518,-0.06846231634515375,0.008904433592823485,51.20700000000001,51.135000000000005,50.697333333333326,2,3,7,51.28046088084824,51.18993042189267,44.096385542168676,0.07433274673443435,-0.028662016995291403,52.34812992317776,49.92187007682225,0.006540461397781685,0.009759717532824955,0.014613708534961979,432945327.0,1.2447141655236722,0,0,-1,0,0,0.006610927474236893,-0.6252562742264685,0.11245018640991264,0.1549307127485502,0.02347140039447737,0.03325368379131821,0.8642606813352971,0.012526498361919417,0.0
2019-07-05,51.88,51.89,0.001544103761726248,0.00038284839671311004,-0.002329193599600537,-0.25130133617152806,-0.00019273393140510688,51.242999999999995,51.230000000000004,50.67433333333334,4,5,7,51.38946799342128,51.23445103983508,50.833333333333364,0.11983536573072229,0.0010374595499113362,52.3568026493176,50.10319735068241,0.006545285892184971,0.009653225135182032,0.014367070255516737,430832081.0,1.1537069075825217,0,0,-1,0,0,-0.0007708614376565648,-1.2308568898104433,0.11477697663039503,0.15324019834445712,0.022467481277098855,0.03801520608243303,0.8862384823251055,0.01522744795682342,0.0
2019-07-08,52.08,51.88,-0.004833262188019265,0.000765257355118933,-0.0009721007861849422,0.4038387980944835,0.003847638452070515,51.326,51.3155,50.711666666666666,0,8,7,51.51501926734468,51.28900258565217,64.24050632911388,0.1700743365599422,0.03484483495191751,52.42694240089582,50.20405759910418,0.006250954705595466,0.009566371937885728,0.013191851436023909,433996799.0,1.3756898232131753,0,0,-1,0,0,-0.005397070161912126,-0.20216553535793816,0.11055961552044177,0.15186144658075604,0.025600630169357874,0.03394877903514004,0.6113018354274266,0.016897081413210495,0.0
2019-07-09,51.69,52.08,0.002129513920612975,-0.0009566632318635701,0.001166407597249823,-0.013561943344904724,-0.007516658692365867,51.373000000000005,51.385000000000005,50.72966666666667,1,9,7,51.54683394600928,51.314873386577844,49.83498349834975,0.17638607340266077,0.06315308264206616,52.39860222654989,50.37139777345012,0.006872479453127252,0.009765629886199728,0.013265013013319817,430874711.0,0.6018139897702416,0,0,-1,0,0,-0.007104454685099798,-0.25517033620349,0.0984184291354048,0.15502456844870688,0.0029103608847496076,0.027634194831013925,0.11686324211061434,0.014896498355581411,0.0
2019-07-10,51.86,51.69,0.0038602634310075453,0.0019124121338242699,0.0048454402389934885,0.03211461239562495,0.0032834409025704952,51.459,51.449,50.79066666666666,2,10,7,51.603773228553045,51.350042845508305,55.81395348837212,0.19288232222926638,0.08909893055950621,52.40880041784105,50.489199582158946,0.006645905371002717,0.009727796909037634,0.012582359748589829,434098691.0,0.8564280497491188,0,0,-1,0,0,0.004256142387308935,-0.15910561980033647,0.09644851466540946,0.15442398855513836,0.008360878864476007,0.025306445235270925,-0.7061833167963757,0.011955264172772938,0.0
2019-07-11,51.84,51.86,0.004996167195163797,-0.0021038546537925766,0.0009662770101534412,-0.431274068556479,-0.00038572806649899246,51.573,51.5005,50.86666666666667,3,11,7,51.646723550634306,51.381652984507774,55.29801324503314,0.20201320296546044,0.11168178504069706,52.42585000489625,50.57514999510376,0.0061591981470877945,0.009703499244631472,0.012425474692205302,432004133.0,0.7337764050437676,0,0,-1,0,0,0.005977632086386469,-1.3380911601134302,0.07177431900514998,0.1540382750903879,-0.0009635767970707088,0.02027160007872464,-1.2704363765662063,0.008873456790123335,0.0
2019-07-12,52.51,51.84,-0.0032638984528739925,0.011043524270634599,0.000965344220153975,0.2326220250266249,0.012841575605748518,51.75,51.50699999999999,50.97066666666667,4,12,7,51.80368290506443,51.45444956615244,68.42105263157903,0.2603121755882185,0.14140786315020137,52.45978207591927,50.55421792408071,0.006981486871985825,0.0073369771249115175,0.012556385261107321,434647265.0,2.1054132426499987,0,0,-1,0,0,0.0030864197530863537,-0.6741521529014574,0.11751537621118471,0.11647090108491336,0.012143407864302125,0.002481863306605492,0.15963499420175775,0.01885355170443729,0.0
2019-07-15,52.26,52.51,0.006708218735118483,0.0035913468332799403,0.006923104574618435,0.1885082746547426,-0.004772367557301506,51.898,51.528999999999996,51.126,0,15,7,51.88664964959816,51.506420561884546,64.28571428571435,0.2830784683771199,0.1697419841955851,52.53124799955604,50.526752000443956,0.00742368895486936,0.006987318711345187,0.010363847220373871,431455823.0,1.4587207962975401,0,0,-1,0,0,-0.003047038659302925,-0.1166519011320542,0.1265459986164567,0.11092024584820605,0.003456221198156584,0.008490930142802,0.9204040317363968,0.015690776884806742,0.0
2019-07-16,53.28,52.26,-0.0013380485605246452,0.014795662733029397,0.0019146090474388673,0.12076455821656548,0.019329766139667224,52.072,51.634,51.309,1,16,7,52.13998607694395,51.62084504176297,75.67567567567579,0.3790568633726821,0.21160496003100449,52.890149505007166,50.377850494992835,0.008329758033474315,0.0075283213714728405,0.010785407918749943,435056916.0,2.6207071585648722,0,0,-1,0,0,0.00038270187523924853,0.29374850143539827,0.15765704783734422,0.11950839683213907,0.03076030179918754,0.041031652989449,0.4837773450390123,0.028340840840840802,0.0
2019-07-17,52.3,53.28,0.016127851706830714,-0.012345835822299266,-0.00019129603119072156,0.0305413569456134,-0.018564655161256608,52.159000000000006,51.664,51.42066666666666,2,17,7,52.16907951749959,51.66466149068149,65.62499999999997,0.37175723707719754,0.24363541544024314,52.95496292090061,50.37303707909939,0.010754572700317929,0.008545918674383392,0.010790346715100627,431344144.0,0.9853110259066225,0,0,-1,0,0,-0.0028153153153152887,0.38140932003413996,0.2372252762553888,0.13566225322200737,0.008484381025838816,0.011605415860734825,-0.1917903715512577,0.0164435946462715,0.0
2019-07-18,52.44,52.3,-0.018234123428550564,-0.007557186920473528,-0.00710380255298758,-0.22338820978234558,0.0026732878246218967,52.214,51.7105,51.49466666666667,3,18,7,52.218337787045115,51.71468332999236,66.28352490421454,0.37296969810407177,0.26950227197300886,53.044389839996335,50.37661016000367,0.01046625688154578,0.008496107808782273,0.009822382381385681,434313635.0,1.0937934724834544,0,0,-1,0,0,-0.002485659655831653,-0.3930736188343505,0.23645864956249854,0.13487153024419082,0.011574074074073959,0.0180547466511356,-0.39803486756167894,0.015827612509534676,0.0
2019-07-19,52.02,52.44,0.006876817931568895,0.003785732327517884,0.001924928409584418,0.3668518072777197,-0.008041398874993527,52.227999999999994,51.7355,51.56266666666667,4,19,7,52.18227637121873,51.73438117967028,61.07142857142861,0.3361649915228071,0.28283481588296855,53.07309367600461,50.39790632399539,0.010858401064151495,0.008728308057233975,0.009910770668073636,430028113.0,0.42539076717199026,0,0,-1,0,0,0.0017162471395881659,1.031615649129552,0.22409952408484382,0.1385575949148145,-0.009331555894115273,0.009704968944099335,0.7299306144550388,0.017877739331026522,0.0
2019-07-22,52.68,52.02,-0.0041968775833504625,0.0032066423779969475,0.005178874143403144,-0.18347008092956993,0.012607616854574634,52.288,51.806999999999995,51.63966666666667,0,22,7,52.27277157645168,51.795388845498,60.363636363636395,0.3561480277736919,0.29749745826111323,53.18751249064406,50.42648750935593,0.01151691924125011,0.009021334057112397,0.01005891054823025,433595282.0,1.264747701909913,0,0,-1,0,0,0.0055747789311802985,0.330884654586243,0.24298418408286687,0.1432092384549406,0.008036739380022917,0.02790243902439027,-0.23612501620764,0.015755504935459345,0.0
2019-07-23,54.12,52.68,0.008376214973656041,0.021426064172675677,0.008761960817547926,-0.04803361776367152,0.02696792642750697,52.53099999999999,51.952,51.767,1,23,7,52.6086312898241,51.945363758691684,69.692532942899,0.48261738064518767,0.33452144273792817,53.646419322979774,50.25758067702022,0.013661087715351771,0.010699569844490452,0.011084790545408679,436995157.0,2.558988758682696,0,0,-1,0,0,0.0013287775246773022,0.07867647267128373,0.282267119204049,0.16985040566332663,0.015765765765765716,0.05661850839515803,0.2379313243725723,0.028085735402808634,0.0
2019-07-24,54.72,54.12,0.023420274208098422,0.012638688246558727,0.021017850060019164,0.3357866823693776,0.011025470011707861,52.81699999999999,52.138,51.905,2,24,7,52.99251650985609,52.124372548453515,70.30129124820664,0.6240663906653765,0.39243043232341784,54.1745667704517,50.1014332295483,0.013794237378872734,0.010714657494117147,0.011182794861705862,441751720.0,2.5356399185746556,0,0,-1,0,0,-0.0022172949002216822,1.5088875833951156,0.20747836922756058,0.1700899146760109,0.046271510516252334,0.07294117647058829,0.13636516193529744,0.019919590643274785,0.0
2019-07-25,54.91,54.72,-0.012485021951763552,0.018038007106685856,-0.02710499078832279,0.6019744067077184,0.0034662079764861075,53.124,52.3485,52.041666666666664,3,25,7,53.34114987170043,52.30409044855329,71.1888111888112,0.7429330920696131,0.46253096427265694,54.61640211428569,50.08059788571431,0.01366568895640327,0.010481467472340692,0.01117834605440753,450435872.0,2.2589158357981267,0,0,-1,0,0,-0.02540204678362574,3.410876428435061,0.20598524225326295,0.1663881378409575,0.047101449275362306,0.08303747534516748,0.09490296917705868,0.0642870151156438,0.0
2019-07-26,53.25,54.91,0.028285460896946356,-0.01949520226435641,0.013832527517592728,-0.3975562546150129,-0.03069767670124675,53.198,52.474000000000004,52.07066666666667,4,26,7,53.324577167754896,52.36511687122727,56.79442508710803,0.6951741476761342,0.5090596009533523,54.64274836568597,50.30525163431404,0.01746948304967822,0.012985254711842593,0.011420329683368875,444600468.0,0.7156201358146512,0,0,-1,0,0,-0.0009105809506464608,1.3363057653071502,0.34032964919119923,0.20613452807019117,0.023644752018454396,0.049467875443437004,-1.319109168733811,0.03230046948356805,0.0
2019-07-29,52.88,53.25,-0.03166638072150022,-0.021557721074979105,-0.008504256110473113,-0.432659861365077,-0.006972609046103624,53.260000000000005,52.57899999999999,52.105999999999995,0,29,7,53.24374495543582,52.39833513759971,56.92665890570435,0.620318289274671,0.5313113386176161,54.60078555788848,50.55721444211151,0.017570519240456595,0.01315300203264627,0.011312524876862544,440814568.0,0.2977566031427859,0,0,-1,0,0,-0.0018779342723004961,0.08862453668247668,0.3404634725690495,0.20879743423385458,0.0037965072133636646,0.041354864119732104,-0.47911818918562094,0.018910741301059,0.0
2019-07-30,52.55,52.88,-0.011353007464996836,-0.016715573722262345,-0.010301502774412916,-0.3036669405443206,-0.006260098220470775,53.187,52.62950000000001,52.151666666666664,1,30,7,53.11760950899294,52.408119967431986,53.94285714285713,0.5282765963473182,0.5307043901635566,54.59158777098116,50.66741222901886,0.016459132587726272,0.01291470831354304,0.011122178469112683,438020170.0,-0.08103613016277653,0,0,-1,0,0,-0.006240544629349572,-0.5668659977432521,0.24714369494378013,0.2050146387154396,-0.029009608277901,0.019596429957314587,-0.9995624901977952,0.012369172216936225,0.0
2019-07-31,51.53,52.55,0.0,-0.0017059998451001673,-0.014680580442643197,0.5789129888518456,-0.019600934982827105,53.11,52.6345,52.146,2,31,7,52.82895323463058,52.35146706630735,48.4102564102564,0.3687763913888844,0.4983187904086222,54.584187964233216,50.68481203576679,0.01657945053731286,0.013693184270576085,0.01157791364210902,433034690.0,-1.1330018138921891,0,0,-1,0,0,0.0,0.840262422744765,0.20778131180217604,0.21737256141915423,-0.058296783625730986,0.0019443904335991746,-0.5029340619570878,0.025616145934407145,0.0
2019-08-01,50.96,51.53,-0.019600934982827105,-0.008191302111094326,-0.01905567924436439,-0.08305432059848293,-0.011123151076224982,52.962,52.588,52.12766666666666,3,1,8,52.48914355560684,52.26169499751333,41.96891191709846,0.19413917791559498,0.4374828679100168,54.653379791755434,50.52262020824457,0.016775985052356127,0.013750342988425361,0.011735245181668269,428446547.0,-1.57646550673018,0,0,-1,0,0,0.0,0.5139794318731955,0.16037653421936637,0.21827992793528522,-0.07193589510107445,-0.01792252842551556,-1.0650173047277471,0.03649921507064363,0.0
2019-08-02,50.62,50.96,-0.013480716018879532,-0.02537666440407086,-0.003377374820588622,-0.37846497926586703,-0.006694256146929984,52.822,52.525,52.09766666666667,4,2,8,52.14929927276923,52.15577919122215,41.581108829568784,0.027980230859135702,0.35558234049984055,54.75186468286035,50.298135317139646,0.016734524188606954,0.01381112791226837,0.011792269062242438,425304073.0,-1.7109256926676624,0,0,-1,0,0,-0.0023547880690737333,-0.5112608420748265,0.08844847722637819,0.2192448586869888,-0.04938967136150241,-0.024286815728604583,-1.6652070592628252,0.014223627024891326,0.0
2019-08-05,48.96,50.62,-0.016660440893107316,-0.01921421892380432,-0.03751073321659912,0.4952496062914426,-0.03334311691290724,52.45,52.36899999999999,52.02133333333334,0,5,8,51.56942667772027,51.94959988856266,29.19075144508669,-0.2349417958188269,0.2374775132361071,55.10585874488529,49.632141255114696,0.018231960251287906,0.01544801679567718,0.013165590827114727,420147563.0,-2.4911771616791003,0,0,-1,0,0,-0.012248123271434166,0.8109705198425957,0.17701540839198804,0.2452296641430643,-0.07413010590015134,-0.05990783410138245,-1.2191563779490233,0.03267973856209153,0.0
2019-08-06,49.71,48.96,-0.012275030875612578,-0.004208844774054682,0.013340372288786104,-0.46625301380977197,0.015202481902510648,52.009,52.27,51.971000000000004,1,6,8,51.23134909995295,51.80510957317152,37.24137931034483,-0.37842837745176894,0.1142963350985319,55.24330579799701,49.296694202002996,0.015961489481989687,0.015931177093803248,0.013516644273206821,423382492.0,-1.7219890411033856,0,0,-1,0,0,0.008782679738562086,-0.5152578070590494,0.28141538258359194,0.25289959609639273,-0.05404376784015219,-0.03830528148578061,0.5293405273415612,0.014886340776503762,0.0
2019-08-07,49.93,49.71,-0.004260937764486988,0.007603077842070303,-0.005724816289410722,0.10482159511753382,0.004415904405936595,51.53000000000001,52.173500000000004,51.93533333333333,2,7,8,50.99474017268877,51.68413476199917,37.73216031280546,-0.46898420776302885,-0.0023597734737802467,55.32289777033184,49.024102229668166,0.015180227866042147,0.01595241576625298,0.013535057128785269,426974921.0,-1.4247168275372317,0,0,-1,0,0,-0.010661838664252687,-0.2831235895886811,0.2869523860868326,0.2532367495692676,-0.031049873859887445,-0.037215580408792914,-0.5593203266997013,0.028039254956939687,0.0
2019-08-08,50.49,49.93,0.021324485371896795,0.012479116088274608,0.02310601375955661,0.0222741157153917,0.011153272358306413,51.088,52.105999999999995,51.92833333333333,3,8,8,50.9029692321999,51.60709380961213,42.62295081967212,-0.4899155938158657,-0.09987093754219734,55.34216667321444,48.869833326785546,0.016059935107539083,0.01621429864514165,0.013665082406838803,430648266.0,-0.9987124664347636,0,0,-1,0,0,0.006208692169036697,-0.2957270376453816,0.3059180583443205,0.257394011390258,-0.009222919937205587,-0.02604166666666674,-1.3312428557828375,0.01762725292137058,0.0
2019-08-09,50.45,50.49,-0.00019906439799003713,-0.0007877117382493169,0.0030009025221103412,-0.34778904407278466,-0.0007925500712063376,50.808,52.003,51.91866666666667,4,9,8,50.82061118998173,51.53244259608877,38.56410256410257,-0.5039226274035116,-0.1806812755144602,55.31526174912532,48.69073825087468,0.014167501893305859,0.015872216985660076,0.013664793636810708,428053974.0,-0.9377278232374621,0,0,-1,0,0,-0.005149534561299368,-1.076502539506233,0.3027302735234224,0.25196363339587086,-0.0033583563808770034,-0.039230622738525955,-1.6751223640353123,0.013875123885034603,0.0
2019-08-12,50.05,50.45,-0.0041895323124801764,-0.012090128438242365,-0.010441861942414766,0.0215629238799134,-0.007960241038388539,50.525,51.8925,51.89433333333333,0,12,8,50.680500064530506,51.43680113827659,26.63605051664753,-0.5410629229220021,-0.25275760499596855,55.31430546372247,48.47069453627753,0.014183589133785248,0.015918227910246493,0.013737728354929982,425403134.0,-1.076916861308419,0,0,-1,0,0,-0.008523290386521302,-0.9988795657854316,0.14734548901444997,0.25269403418015773,0.02226307189542487,-0.04228855721393032,-0.23187973786375188,0.012187812187812177,0.0
2019-08-13,49.92,50.05,-0.012472501255596301,0.015826245260789358,-0.003640044464081127,0.2014177951890812,-0.002600781700057256,50.262,51.7245,51.840333333333334,1,13,8,50.542227325524955,51.33894300032327,20.873786407766985,-0.5743658561866667,-0.3170792552341082,55.18913926883306,48.25986073116694,0.014206194388653897,0.015088597366864003,0.013431517598768516,422160797.0,-1.0416668864968321,0,0,-1,0,0,-0.01298701298701296,-0.5606314195629001,0.11553495844468246,0.239524057593037,0.004224502112251116,-0.06306306306306309,0.4628829680401351,0.031850961538461606,0.0
2019-08-14,48.76,49.92,0.00040477636658729614,-0.030084946519298543,-0.023366506844107366,0.1195800883232119,-0.023511419448101478,49.985,51.5475,51.751333333333335,2,14,8,50.21818599361133,51.17255958094758,16.612377850162886,-0.6864480306112739,-0.3909530103095413,55.24239477095132,47.85260522904868,0.014680286110259207,0.015382283138176264,0.014033361305845161,418506607.0,-1.5088386396900304,0,0,-1,0,0,-0.01001602564102564,-0.2662319845352732,0.1987560533165517,0.24418617467997958,-0.02343280592829966,-0.06768642447418738,-0.5016931552724315,0.0250205086136177,0.0
2019-08-15,48.21,48.76,-0.010373326009198273,-0.008123521521479332,-0.002699617463453583,-0.2189499889082633,-0.011343836195539816,49.709999999999994,51.336,51.62866666666667,3,15,8,49.85306126750017,50.98142670475741,18.888888888888886,-0.8103135743272887,-0.47482512311309083,55.29090049112736,47.38109950887264,0.014689775874735302,0.015409351327225694,0.013991101230261418,415570970.0,-1.5808235919022657,0,0,-1,0,0,0.003076292042657887,-0.7737692209437557,0.14137749301425792,0.24461586885997363,-0.045157456922162775,-0.08066361556064072,-1.1337382449782198,0.019705455299730258,0.0
2019-08-16,49.79,48.21,-0.004302844462721562,0.01958669380285631,0.009519939447762558,0.020762395085277947,0.032247692236560495,49.627,51.2245,51.559,4,16,8,49.84159558250014,50.90456046574081,33.40494092373791,-0.7720849994685892,-0.5342770983841906,55.22369715627019,47.22530284372981,0.018987660178744474,0.017428540435783086,0.015391223863398404,418568195.0,-0.7173939888164306,0,0,-1,0,0,0.010163866417755693,-0.6764068939532906,0.33494722286755324,0.276669502247492,-0.01308225966303278,-0.04286812764321424,1.5031065480593095,0.029323157260494094,0.0
2019-08-19,50.64,49.79,0.03292229069972436,0.018621774237921686,0.03541088236835969,0.16646500748097634,0.016927617181829464,49.795,51.122499999999995,51.511,0,19,8,49.98676002204557,50.88749204859624,40.28484231943033,-0.6655288795710987,-0.5605274546215723,55.06910613692104,47.17589386307895,0.01619573971610389,0.017649749517127434,0.015728009830967078,422108284.0,-0.24451388522717799,0,0,-1,0,0,0.01084555131552519,-0.2953872472856071,0.3555909796868132,0.28018108754940924,0.011788211788211767,-0.038724373576309756,0.3990193105003481,0.012835703001579891,0.0
2019-08-20,50.02,50.64,0.002381426011349512,-0.009465659316562883,-0.011396704379046345,-0.43256709996920456,-0.012318852386447723,49.826,50.9175,51.455333333333336,1,20,8,49.992803654400916,50.831524819654554,41.99363732767763,-0.623919054812994,-0.5732057746598567,54.6273609705804,47.207639029419596,0.016305270105832097,0.01638148284455022,0.015821264282252764,419811328.0,-0.48384562500711825,0,0,-1,0,0,-0.0037519747235386595,-1.0934474667658662,0.3706557329250986,0.2600479782789051,0.0020032051282050656,-0.07575757575757569,0.6651779488869691,0.014794082367053218,0.0
2019-08-21,50.59,50.02,-0.000793178705078594,0.008287340248570287,0.012390246437924118,-0.09075947004018783,0.01133100285437172,49.892,50.711,51.413000000000004,2,21,8,50.10138480814621,50.815942573225236,48.03817603393427,-0.5387384906314239,-0.5663123178541701,53.960938622899654,47.46106137710034,0.016626090734624222,0.01639640268603956,0.015965139516705775,421908994.0,-0.07446294471372912,0,0,-1,0,0,0.007796881247500868,-1.109285644527457,0.3061761335486599,0.2602848234199929,0.037530762920426675,-0.07547514619883033,0.14900916391204674,0.010674046254200417,0.0
2019-08-22,51.19,50.59,0.007903617511101177,0.01327366746212636,0.006138025408957756,0.5039688607827935,0.011790272165646957,49.962,50.525,51.391333333333336,3,22,8,50.29931484302871,50.84007531043652,52.94117647058823,-0.41799886353040705,-0.5366496269894175,53.12361906646879,47.926380933531206,0.016669388184943082,0.016696412672301212,0.016129231365994038,425381214.0,0.5118102984626006,0,0,-1,0,0,0.004348685510970525,-0.04241080746926005,0.25661112452951174,0.26504733430689825,0.061812901887575045,-0.06774722272810052,-0.5614485175639687,0.017776909552647074,0.0
2019-08-23,50.56,51.19,0.002751574063093317,0.007149098171734665,-0.008524186811575848,0.3011059049441116,-0.012383450630889789,49.973,50.390499999999996,51.32633333333333,4,23,8,50.34671214429622,50.82200593556965,59.23787528868362,-0.36889518003496136,-0.5030987375985263,52.65183146619059,48.1291685338094,0.01723365379111567,0.015625330338876222,0.016073910725135816,420689021.0,0.1499116803831889,0,0,-1,0,0,-0.004688415706192516,1.4421044541239227,0.22639141618097347,0.24804442937939453,0.015464952801767406,-0.05051643192488253,-0.4933019734974933,0.03382120253164558,0.0
2019-08-26,50.69,50.56,-0.00019629011742292602,-0.015131229523960486,0.00019906439798999943,-0.26253861179509,0.002567902645655995,50.037,50.281,51.274,0,26,8,50.40912811806054,50.81348942359742,56.09452736318408,-0.3158493290908382,-0.4656488558969887,52.22451715900639,48.33748284099361,0.016991329700939334,0.01562680453590925,0.01607262978472148,424297771.0,0.42088643066994896,0,0,-1,0,0,0.0075158227848100365,0.1887473982621486,0.19085171945562018,0.24806783153179193,0.000987361769352324,-0.041414523449319285,-0.2342967041412072,0.018149536397711476,0.0
2019-08-27,50.49,50.69,0.0005887548006394024,-0.000782166641362505,-0.0009957184931010034,-0.35946452073691343,-0.003953355613433563,50.094,50.178000000000004,51.181000000000004,1,27,8,50.423832096594985,50.79261913820404,53.4912718204489,-0.28664418286293625,-0.42984792129017824,51.80831285340697,48.54768714659304,0.01703187661643452,0.01560240739958844,0.015609459457072185,421778683.0,0.38274862318357206,0,0,-1,0,0,0.005523771947129634,-1.054374162103603,0.1637898780509922,0.24768053899934991,0.009396241503398572,-0.039200761179828625,-0.4710407201670205,0.018419489007724294,0.0
2019-08-28,51.16,50.49,-0.01442570219200707,0.007794271726818923,-0.0013956736389748026,0.03719009513329463,0.013182679839817557,50.333999999999996,50.1595,51.143,2,28,8,50.55768080630499,50.81632112928765,54.12054120541203,-0.20704876421869756,-0.38528808987588214,51.73260922429529,48.586390775704714,0.014985859746580378,0.015379760885737798,0.015510093023376083,424393220.0,1.2720032208166536,0,0,-1,0,0,-0.004951475539710834,-0.8715248548695446,0.17100712403130294,0.24414613516380415,0.01126704882387819,-0.007180283330099013,-0.3840010921097639,0.02736512900703686,0.0
2019-08-29,52.3,51.16,0.027872265507751015,0.016745651624030074,0.02929532213276827,0.3874769105427657,0.02203839436023535,50.743,50.2265,51.138333333333335,3,29,8,50.87446611424953,50.91204234675297,60.021668472372696,-0.05138798021858548,-0.3185080679444228,52.039079145273014,48.41392085472699,0.014711332926958693,0.01594284822939946,0.016057130330773377,428245110.0,2.2879000957364393,0,0,-1,0,0,0.009773260359655983,0.7564726389159747,0.2174569025326746,0.2530848696302245,0.02168392264114094,0.026295133437990614,0.19840132615344255,0.014913957934990462,0.0
2019-08-30,52.32,52.3,0.018032332075969888,0.01515467533409782,0.010983827547946546,-0.16233309453441508,0.0003823360780661744,50.995999999999995,50.3115,51.14833333333333,4,30,8,51.13729045711325,51.00287832438181,62.8248587570622,0.07274953408598606,-0.24025654753834108,52.347453416896684,48.27554658310332,0.01204105172937421,0.015832065472660712,0.015985086119733996,431519825.0,1.973031389943556,0,0,-1,0,0,0.005736137667304097,-0.013567473218203735,0.1695039111501035,0.2513262478869151,0.034810126582278444,0.033583563808771366,0.7694847526394153,0.01930428134556571,0.0
2019-09-03,51.38,52.32,-0.013590026364015954,-0.018021923786050487,-0.024639911794337808,0.2719161638204042,-0.018129715467205643,51.07,50.4325,51.105,1,3,9,51.18141946491084,51.02720875506686,57.5569358178054,0.09419346085924474,-0.17336654585882394,52.41726168527914,48.44773831472085,0.013191795241870495,0.014411754027089092,0.016145882255747947,427221837.0,0.9547745777516311,0,0,-1,0,0,-0.00821865443425076,1.5891969652190618,0.24743329481121354,0.22877950267146815,0.01361215229828372,0.049428104575163445,-0.08217462171538638,0.02588555858310637,0.0
2019-09-04,52.1,51.38,-0.0011569611780331507,0.0009566632318635572,0.0019623240205905493,-0.3053628701763128,0.013915957077583608,51.278,50.55200000000001,51.037666666666674,2,4,9,51.34843410765431,51.09642109344964,68.11279826464215,0.16735672587122963,-0.10522189151281322,52.638776410988314,48.4652235890117,0.012751468075023505,0.014353546750474837,0.015519103376259813,430388835.0,1.4836280416519112,0,0,-1,0,0,0.00875827170105091,-0.10783313706308077,0.2494065613900832,0.22785549080097417,0.031887502475737683,0.04807885737276196,-1.0638549134611903,0.024568138195777373,0.0
2019-09-05,52.52,52.1,0.01474698754204905,0.015936592262812597,0.02764796696066391,0.021577039645271263,0.008029100675274162,51.471000000000004,50.6815,50.964333333333336,3,5,9,51.5614460880808,51.18826489387225,73.70737073707379,0.2562754465971935,-0.032922423890811875,52.921577771202614,48.441422228797386,0.01258362344849934,0.014402848102541383,0.01544650982850005,433624910.0,1.6414608667921222,0,0,-1,0,0,0.009596928982725527,0.023086018080312246,0.24302266842854447,0.2286381255021781,0.026583268178264507,0.05187262167033846,-0.8462075724417859,0.01313785224676323,0.0
2019-09-06,52.14,52.52,0.002847652612511697,0.00037636432510505894,-0.006888660995185268,-0.15421325759077267,-0.007261640929239782,51.565999999999995,50.763999999999996,50.87199999999999,4,6,9,51.66663770842975,51.24966715878372,64.89226869455011,0.2927072027603046,0.03220350143941142,53.09410864892022,48.43389135107977,0.01267687346181643,0.014414881065980474,0.015457304386175106,430851305.0,1.1810608064457817,0,0,-1,0,0,0.0043792840822543195,-0.6116929696946897,0.20003409490755203,0.2288291428749479,-0.00305927342256207,0.03267973856209139,-0.3864317987369761,0.020521672420406603,0.0
2019-09-09,53.08,52.14,-0.01163136385082017,0.002818226383841791,-0.005004822766349821,0.10801378765401548,0.01786780095865105,51.818,50.895500000000006,50.86633333333334,0,9,9,51.92361267053342,51.36775314853961,65.28822055137849,0.3929006618309998,0.10434293351772911,53.43815070970477,48.35284929029524,0.012524719334945035,0.014850839079813181,0.014876048274345476,433941276.0,1.7182855605468819,0,0,-1,0,0,0.0,-0.17192910348081786,0.24037042496742547,0.2357497617949499,0.014525993883792054,0.052130822596630155,-0.645082994962079,0.027882441597588487,0.0
2019-09-10,53.38,53.08,0.021816287803335103,0.006172281823035077,0.020249020409467015,0.03381091025552613,0.0056359345123712925,52.087,51.062,50.883,1,10,9,52.18841036680007,51.49757552605319,71.93211488250657,0.4908539341874629,0.1816451336516759,53.800133055854296,48.3238669441457,0.012497668215062664,0.01465089240205397,0.014850948430188476,437137508.0,1.6931244411545137,0,0,-1,0,0,0.00395629238884704,-0.050244253185074,0.15348324028065538,0.23257570668600325,0.03892565200467102,0.0665334665334667,-0.9178906810008532,0.014050206069689021,0.0
2019-09-11,54.71,53.38,0.0033720526519492866,0.022675872514623243,0.003021150334176251,0.5416768729869395,0.024610364099356515,52.509,51.3015,50.955000000000005,2,11,9,52.64688120920005,51.70482871792073,74.46555819477439,0.6681010400600371,0.27893631493334814,54.429272201959606,48.17372779804039,0.013434455574371626,0.015340729393954401,0.015446531141670291,442631469.0,2.179506549655066,0,0,-1,0,0,0.0016860247283626134,2.661605619539665,0.19548663060819899,0.24352652944045178,0.05009596928982729,0.09595352564102555,-0.2595145223994089,0.033266313288247126,0.0
2019-09-12,54.98,54.71,0.02438694658968425,0.011057848557686064,0.023477881062282605,-0.6173284289443484,0.004922974661365134,52.891000000000005,51.6125,51.07,3,12,9,53.07108462570913,51.916130090958106,73.42398022249695,0.8208946296746262,0.3873279778816038,54.90864687332176,48.31635312667824,0.013339067187869688,0.01386234800174583,0.014943659747922894,445594821.0,2.043294870902601,0,0,-1,0,0,0.0014622555291536885,-0.4231090266419839,0.19855911439627066,0.2200579524003158,0.04683929931454678,0.12756357670221496,-0.0219726081967196,0.021280465623863255,0.0
2019-09-13,55.79,54.98,0.021486788536983117,0.01573990641864225,0.024557850781664184,0.39537415858058783,0.014625159120337263,53.239999999999995,51.991499999999995,51.231,4,13,9,53.5654328755802,52.16605718186404,81.62031438935915,0.9958651670686791,0.5090354157190189,55.38215138905305,48.60084861094694,0.012589824442873494,0.013355762914542624,0.014892098392565858,449995220.0,2.2405724234958027,0,0,-1,0,0,0.018188432157148056,1.2155064851723671,0.13450730187225973,0.21201616344851393,0.07000383582662062,0.15722879070732199,0.23226969804213413,0.012547051442910967,0.0
2019-09-16,55.81,55.79,-0.02881417065243798,-0.008733679968754666,-0.028987536873252187,0.051156422431960176,0.0003584229429052142,53.589,52.292500000000004,51.403999999999996,0,16,9,53.97353598911107,52.40115026690508,81.37254901960787,1.1231968967413053,0.6318677119234761,55.92077420190266,48.66422579809735,0.01259112916909714,0.012015775278121928,0.014787478763253757,454626585.0,1.938938351547648,0,0,-1,0,0,-0.02509410288582181,1.3307050485224778,0.15519790364759378,0.19074451917329152,0.05143180105501144,0.12090781281381813,0.9719598096293435,0.03225228453682131,0.0
2019-09-17,55.73,55.81,0.015688026962992735,0.007490671729157659,0.021049555447651642,-0.07856667722641691,-0.001434463218897318,54.024,52.547000000000004,51.629666666666665,1,17,9,54.292893081999964,52.61591476581443,82.58706467661685,1.2037764923908938,0.7462494680169597,56.394651915537516,48.69934808446249,0.009787716080503137,0.011812211598151013,0.01316245750307404,450345164.0,1.654515569428963,0,0,-1,0,0,-0.01003404407812224,0.871945672206144,0.17494096858123695,0.18751304593428245,0.04402397901835875,0.10051342812006303,0.8737749005338907,0.01919971290148933,0.0
2019-09-18,56.23,55.73,0.008111806535376112,0.003724399090982494,0.007039104960583496,0.053655627850370376,0.00893182072266545,54.437,52.8575,51.846999999999994,2,18,9,54.645094339818144,52.849081555116726,82.21092757306221,1.2930764434851199,0.8556148631105918,56.846209724101165,48.86879027589884,0.009582873562712164,0.011127604318338744,0.01303142982156761,454862582.0,1.69102302913756,0,0,-1,0,0,-0.0005383097075182852,1.0331518519832892,0.10413271405754562,0.1766452422855164,0.02778285505392053,0.12415033986405422,0.5207420168372427,0.015827849902187455,0.0
2019-09-19,55.08,56.23,0.0069773965870071715,-0.004968954323187178,-0.009759701542075443,-0.10411873844888161,-0.020663748443656232,54.693000000000005,53.08200000000001,52.018666666666675,3,19,9,54.72416809621484,52.993011777367265,67.63959390862942,1.2565669870092577,0.935805287890325,57.03864717179665,49.12535282820337,0.013070303821226332,0.012498164370803902,0.013786139832710985,450791854.0,1.0099460039004375,0,0,-1,0,0,-0.00248977414191701,0.44900819601319725,0.21254233264021916,0.19840220861973107,0.0018188432157149048,0.08875271792844419,-0.9677866275128664,0.02087872185911399,0.0
2019-09-20,54.49,55.08,-0.016719490595144652,-0.013793322132335873,-0.014451911639147807,0.5537089423729777,-0.01076947526544707,54.928,53.247,52.152,4,20,9,54.68159207872123,53.08959166269841,62.84023668639054,1.1665773332232163,0.9819596969569033,57.146252829909834,49.347747170090166,0.013467572133643786,0.01279837782984352,0.013936240362019646,443710035.0,0.6375580421281608,0,0,-1,0,0,0.0014524328249818136,2.896310805483731,0.1787951211648556,0.2031679495368509,-0.02330166696540592,0.0644657159601485,-0.430667390148016,0.021471829693521648,0.0
2019-09-23,54.48,54.49,-0.014793439357882581,-0.0123413544613997,-0.005728556735758411,-0.7806752634883016,-0.00018353675375017522,55.068,53.443000000000005,52.28633333333333,0,23,9,54.64493897349919,53.17929542639529,70.61170212765951,1.081980569337027,1.001963871432928,57.163549478374584,49.722450521625426,0.012640850448157099,0.012302438577014048,0.013931515903424778,440465878.0,0.5574445420105167,0,0,-1,0,0,-0.0025692787667462025,-0.5221634150375065,0.17787701262099628,0.1952951579665591,-0.02383085468554036,0.07753164556962022,-0.39983262361340044,0.014684287812041065,0.0
2019-09-24,54.73,54.48,0.010797067099909243,0.007640568368891951,0.00203647205435833,0.05542713951026934,0.0045783433145698115,55.202999999999996,53.644999999999996,52.44233333333333,1,24,9,54.66040461468115,53.27934088275689,68.65248226950348,1.0233138105163704,1.0062338592496165,57.16974261844695,50.12025738155304,0.012617516765399354,0.012299997269038606,0.013790229973948962,443894926.0,0.6156477890451273,0,0,-1,0,0,0.008443465491923657,-0.34425142028502864,0.1897199075275962,0.19525640340389866,-0.017943656917279727,0.07970013809429877,-0.645014334189461,0.020281381326511957,0.0
2019-09-25,54.82,54.73,-0.003281680246879615,0.0028954055696398216,0.008288103434418336,-0.480594921739147,0.001643085718813021,55.214,53.8615,52.60566666666667,2,25,9,54.689421957466394,53.378738245159674,67.11309523809518,0.9728676170185153,0.9995606108033963,57.089739050690234,50.633260949309765,0.009889895487949775,0.012174894212763552,0.013751748647668354,446015502.0,0.593822195289449,0,0,-1,0,0,0.000548145441257101,-1.481078033734368,0.16471843313515766,0.1932704539529512,-0.025075582429308185,0.08575955634779153,-0.9545623156071794,0.01495804450930318,0.0
2019-09-26,54.58,54.82,0.002006750650635977,-0.0028954055696399318,-0.0014684290450666824,0.18771346561563576,-0.0043875755944474,55.174,54.032500000000006,52.79966666666667,3,26,9,54.66952705610886,53.456239003536474,68.5410334346504,0.9031121364487618,0.9802709159324694,57.0108632029021,51.05413679709791,0.00983753248422611,0.012121799483119684,0.012905767485326231,443457053.0,0.3676516010314071,0,0,-1,0,0,0.0009120758847135564,-1.0863369034748833,0.09436933043130784,0.19242760124955588,-0.009077705156136484,0.06684910086004692,-0.8243463256181005,0.013558079882740968,0.0
2019-09-27,54.34,54.58,0.000546597444601055,-0.00018124150480059754,-0.007004636934963716,0.21139958338750986,-0.004406911281990676,55.028999999999996,54.13449999999999,53.004,4,27,9,54.60961304590725,53.513255842018,60.71428571428574,0.8190232313134942,0.9480213790086744,57.000654401390754,51.26834559860922,0.008235621955497445,0.011368644270741851,0.012686937294467595,440296330.0,0.14339771779238317,0,0,-1,0,0,0.005862953462806894,-0.5180066769217236,0.061896224718107934,0.1804716329060532,-0.0027527986786566316,0.039005736137667446,0.22766759790807278,0.02042694147957305,0.0
2019-09-30,54.01,54.34,-0.009149194653587977,-0.008738449925658108,-0.006123036107571517,0.19535700981681392,-0.00609138939340204,54.849000000000004,54.218999999999994,53.144666666666666,0,30,9,54.50059249210593,53.54530385221039,55.329949238578635,0.7174832260785919,0.9019137484226579,56.95668169307747,51.48131830692252,0.008230104254546669,0.011507071664837753,0.011592053055109396,436453697.0,-0.1526839300043353,0,0,-1,0,0,0.001104158998895752,0.05727693011284274,0.07287619014552928,0.18266909966255213,-0.008627019089574084,0.03230122324159024,0.7299182583841288,0.017774486206258117,0.0
2019-10-01,53.37,54.01,-0.0020241059445371616,0.0038324711568036756,-0.008222808432039132,0.09701369058059688,-0.011920424258946325,54.613,54.31850000000001,53.23566666666667,1,1,10,54.29503022081394,53.53399392626134,37.16475095785441,0.5786985128480708,0.8372707013077406,56.749166142175184,51.88783385782483,0.008625387168954458,0.011029543540530594,0.011565117625936653,432219594.0,-0.7804444909502941,0,0,-1,0,0,0.005184225143491967,0.4067152584770915,0.07653056929033378,0.17508857569681682,-0.024849260003654283,0.03873102374464765,-0.09606125263578866,0.030166760352257814,0.0
2019-10-02,52.04,53.37,-0.029345157723107983,-0.03522143496336308,-0.04020449583919907,0.2674484109385446,-0.02523613670154895,54.193999999999996,54.3155,53.303,2,2,10,53.88502472612049,53.43760722134126,26.59235668789816,0.3572723299711811,0.7412710270404288,56.75781533805654,51.87318466194346,0.009456646458040799,0.012167262898786507,0.012304507604763851,426687204.0,-1.8633957413629638,0,0,-1,0,0,-0.012179126850290399,1.3833359141293762,0.13837612722688694,0.19314931059919171,-0.0507114191900766,-0.001151631477927073,-1.6472312060339935,0.03478093774019989,0.0
2019-10-03,52.26,52.04,-0.01298223654994724,-0.01062225465662276,0.0013665204664330829,-0.20168344896576176,0.004218606448161832,53.912,54.302499999999995,53.358666666666664,3,3,10,53.58956568500767,53.361632561899896,18.980667838312883,0.19726865586569176,0.6324705528054814,56.787451550937405,51.817548449062585,0.008958436557252175,0.012063541494131897,0.012172480928381267,431209123.0,-1.6438952294498415,0,0,-1,0,0,0.0,0.4775432813799124,0.17125158210616,0.19150278434508936,-0.04250641260534993,-0.004950495049505066,-0.7224174221991696,0.022579410639112125,0.0
2019-10-04,52.79,52.26,0.0023032639740928683,0.010433557609171725,0.017405196682472413,-0.45417749306002764,0.010090518743058479,53.742,54.334999999999994,53.412,4,4,10,53.44419010591537,53.32475304177733,25.645161290322605,0.11194077836576355,0.5283645979175378,56.71568101711318,51.95431898288681,0.00991071906075305,0.012154000540432279,0.012124314573355865,434080406.0,-1.2979479307760975,0,0,-1,0,0,-0.0019135093761959707,-0.9263281982500814,0.21836705268916906,0.19293877718717067,-0.028524107471475935,0.012466436517069468,-0.3827439423596824,0.015722674749005596,0.0
2019-10-07,53.04,52.79,0.015975995933724393,0.008643420966383568,0.011816413456780675,-0.02468001377231024,0.004724567042082289,53.598,54.33299999999999,53.49466666666667,0,7,10,53.37070099574893,53.306381877791694,28.885400313971786,0.0637557942462621,0.43544283718328264,56.71818321043652,51.94781678956346,0.010190792642886227,0.011501912562039291,0.011871209886654216,436881693.0,-1.0841934442120695,0,0,-1,0,0,0.003978026141314659,-0.9629214815438448,0.23034161520481214,0.18258720144459445,-0.01795963710423998,-0.0007535795026375469,-0.9231124592686545,0.012631975867270018,0.0
2019-10-08,53.03,53.04,-0.005107360009743519,0.005038734183982539,-0.0070349182611031775,0.29255303494976465,-0.0001885547285684429,53.428,54.31550000000001,53.57266666666666,1,8,10,53.308755360158216,53.28855078890191,22.78911564625855,0.024479743505963825,0.3532502184478189,56.735012565086514,51.8959874349135,0.00992335190827785,0.011425427896887632,0.011874642469575702,433128406.0,-1.062610724614314,0,0,-1,0,0,-0.005844645550527946,-0.18857428034424803,0.21838294804244626,0.18137304502598642,-0.0063706201986133415,-0.006556762832521601,-1.8429808654062052,0.024702998302847487,0.0
2019-10-09,53.49,53.03,0.015804656350490668,0.0077879125311183664,0.013644327648777061,-0.009944879646203525,0.008636929394120068,53.295,54.25450000000001,53.672666666666665,2,9,10,53.34170893103854,53.30154751219857,34.68208092485554,0.030124094139566182,0.28862499358616833,56.69357208412522,51.81542791587479,0.01052784747163414,0.010033799985903355,0.011895895573801883,436844552.0,-0.6268777417246333,0,0,-1,0,0,0.010182915330944732,-0.15171480701137394,0.06457138200348293,0.15928163680598204,0.02786318216756345,-0.022299396819594253,-0.36031247017496154,0.018882034025051373,0.0
2019-10-10,53.67,53.49,-0.016373754345552227,-0.005556598849682661,-0.010025620719187682,-0.2618885620960349,0.003359465645578666,53.20399999999999,54.189,53.75633333333334,3,10,10,53.40139821630426,53.325318640443825,41.42259414225942,0.0485619860133113,0.24061239207159693,56.61636937964604,51.76163062035396,0.010650463170380237,0.009990320642093055,0.011708124795759006,439704486.0,-0.427623421760127,0,0,-1,0,0,-0.014769115722564948,-0.9052964049523881,0.06593321955816706,0.15859142362064005,0.026980482204362888,-0.023826846125863832,-0.17619441743282668,0.023104155021427278,0.0
2019-10-11,53.92,53.67,0.031197075610512482,0.014200330827589914,0.024043231798499133,0.07003696572249592,0.004647280415314026,53.162,54.0955,53.81033333333333,4,11,10,53.495689449703484,53.36368517977003,44.422310756972166,0.08239723479173477,0.20896936061562452,56.4043796554039,51.7866203445961,0.010773144240698413,0.009382450908273842,0.011062197776080416,442771902.0,-0.1520217821567653,0,0,-1,0,0,0.013042668157257234,-0.6582248844321265,0.050487960577481,0.14894179074938807,0.021405569236597977,-0.03351855171177631,-0.015796217980586537,0.013538575667655728,0.0
2019-10-14,54.03,53.92,-0.012027159502792421,-0.005692789224172616,-0.002973979887126506,-0.4504642459378727,0.002037981251922788,53.164,54.006499999999996,53.867333333333335,0,14,10,53.59283682248467,53.40667323268809,42.82786885245906,0.11674226178574543,0.19052394084964872,56.169745855551135,51.843254144448856,0.010630017895941452,0.009408997955283277,0.011062750675153174,444726865.0,0.02172661044485712,0,0,-1,0,0,-0.0037091988130564324,-1.4497820911890065,0.052439814330556715,0.1493632120559687,0.018665158371040658,-0.031893925819745594,0.6850860272206147,0.010734776975754179,0.0
2019-10-15,54.16,54.03,0.0050134725751587355,0.008800936895042499,-0.0013039025783293213,0.586647773984268,0.0024031807480451497,53.24300000000001,53.92800000000001,53.96000000000001,1,15,10,53.69595740021472,53.455274959611444,43.29268292682922,0.15269073294304292,0.18295729926832757,55.93630486257266,51.91969513742736,0.009772453318008007,0.009451155682589,0.010458779988920844,448241793.0,0.23104061970232137,0,0,-1,0,0,-0.0007403294466037228,-0.1080186312095388,0.042600180465353334,0.15003244522971243,0.02130869319253237,-0.028171541360129226,1.5255118646636374,0.020864106351551007,0.0
2019-10-16,53.67,54.16,0.0031437843738238436,-0.003291281084072733,0.00018637592077063844,0.2303398206955679,-0.009088442415281953,53.40599999999999,53.8,54.01233333333333,2,16,10,53.69123787290295,53.46912818802361,41.199226305609294,0.1400271051267481,0.17437126044001167,55.491949980591194,52.1080500194088,0.005239569767115235,0.009269005411186089,0.010378151188791705,443816401.0,-0.1536688454047217,0,0,-1,0,0,0.0,0.6677439396967304,0.08784349473261782,0.14714089931346228,0.0033651149747615516,-0.04552729859505589,-2.0460010080978748,0.017514440096888483,0.0
2019-10-17,53.86,53.67,-0.0020330845188022725,-0.007168489478612516,0.0005589194370001604,-0.13018491433497545,0.003533901194715303,53.565999999999995,53.739,54.057,3,17,10,53.72192189601151,53.49434572428016,45.31249999999995,0.14366640407264697,0.16823028916653873,55.3210426502939,52.1569573497061,0.0052276483445762925,0.008295663675530803,0.01030527828133861,447701599.0,0.15296679893873139,0,0,-1,0,0,0.007080305571082457,0.21799635854262428,0.08818812814946517,0.13168957827411915,0.0035401527855412063,-0.02214960058097315,-2.043833637096147,0.009654660230226571,0.0
2019-10-18,53.48,53.86,-0.003335807392774883,0.009363880042048165,-0.004480126963423776,0.6805199106533791,-0.007080335149710485,53.635000000000005,53.6885,54.101666666666674,4,18,10,53.67793609673669,53.493420193681445,44.874274661508686,0.11456709237417328,0.15749764980806566,55.23365575777008,52.143344242229915,0.005452905341168939,0.008110603109029495,0.010300434425232425,440028705.0,-0.2698757053475317,0,0,-1,0,0,0.00018566654288893446,3.158186937049648,0.09422944635402292,0.12875183285543598,-0.008160237388724179,-0.018535511102954816,-0.6319712037512745,0.023747195213163725,0.0
2019-10-21,53.23,53.48,0.008134635354311621,-0.007520901267541105,-0.005816697139386809,-0.11271248195835507,-0.0046856050490764025,53.653999999999996,53.626,54.10666666666666,0,21,10,53.596493170057286,53.4764253424762,48.53556485355648,0.07051985850928588,0.14010209154830972,55.137101375951225,52.11489862404877,0.005606403238071325,0.008151687203790947,0.009821286303206007,433173684.0,-0.5241210236483593,0,0,-1,0,0,0.015519820493642585,2.0762319855517823,0.08973417688804212,0.12940402264091008,-0.014806588932074871,-0.022944199706314228,0.30507413557958135,0.021980086417433813,0.0
2019-10-22,52.92,53.23,-0.02215486687857558,-0.014839819723540787,-0.016124792131628214,-0.1957734259960404,-0.005840807937910973,53.642999999999994,53.5355,54.09133333333333,1,22,10,53.473494411865055,53.44052693328419,61.70212765957455,0.010476927606482889,0.11417705875994436,54.983699971646,52.087300028354,0.005942142814574973,0.008099691685358032,0.009822715994215052,427537496.0,-0.8500207320131773,0,0,-1,0,0,-0.002066503851211712,1.1224679943193536,0.07677888753073778,0.12857861937452986,-0.022895125553914264,-0.03307144162251041,1.6137753439626197,0.023053665910808745,0.0
2019-10-23,53.24,52.92,-0.003583219298282187,-0.0018705579715343637,0.00705100586812403,-0.11051242230285908,0.006028654280155979,53.617999999999995,53.456500000000005,54.04233333333333,2,23,10,53.43104088243504,53.42758971178199,62.69430051813481,-0.011157584384108077,0.08911013013113388,54.77636083795216,52.13663916204785,0.005551818285262509,0.0082522826376652,0.008695755358999758,432583999.0,-0.32806488953171253,0,0,-1,0,0,0.0001889644746787228,0.6525855380787089,0.09456659801979866,0.13100092564726956,-0.008011924725172315,-0.02882159795694994,0.6175964796759554,0.014087152516904582,0.0
2019-10-24,56.29,53.24,0.023710622575704502,0.06680612231028558,0.02512789249611111,0.7368573714351093,0.0557069059490243,53.879999999999995,53.541999999999994,54.086,3,24,10,53.95085163108321,53.61226134327993,77.42946708463958,0.21532429464758707,0.11435296303442452,55.312811291911046,51.77118870808894,0.019166561982926517,0.01546248792116877,0.013709054861260318,443127956.0,3.103662160448931,0,0,-1,0,0,0.018031555221637883,3.0170758418999153,0.4350904231350506,0.24545938613851603,0.04511696992201997,0.031330157566874295,2.0481314524687217,0.05507194883638304,0.0
2019-10-25,56.74,56.29,0.03392000168998066,-0.005267790934858916,0.03153455501717065,-0.9583673137758846,0.007962529904770125,54.162,53.662,54.117666666666665,4,25,10,54.45796951634081,53.814050934036075,78.11550151975692,0.42621096004680226,0.17672456243690007,55.919027388305146,51.40497261169485,0.019190173752797888,0.015455488072850146,0.013528177889846216,447171759.0,2.7274813021310647,0,0,-1,0,0,-0.003908331852904581,-0.24961960880049155,0.412283544377555,0.2453482669913185,0.06095736724008982,0.04416635995583351,1.9257671652428554,0.018857948537187173,0.0
2019-10-28,57.64,56.74,0.015045863086070435,0.017798410861094478,0.019545753727585227,0.29645045010714965,0.015737341750616,54.523,53.84349999999999,54.17866666666667,0,28,10,55.03652051336975,54.06088635764665,80.85676037483273,0.6583733222821238,0.27305431440594485,56.717772631097326,50.96922736890266,0.019427860367811484,0.015609479137093816,0.013809849323823446,452610981.0,2.6417118257502183,0,0,-1,0,0,0.0031723651744800796,0.4130482300093875,0.3842612615842355,0.24779279935200804,0.08284801803494268,0.06720977596741351,1.6617674622712189,0.017175572519084005,0.0
2019-10-29,57.21,57.64,0.012049390522640039,0.0013826479907495398,0.005615034931789481,-0.5703903234193984,-0.0074880628508839035,54.827999999999996,54.0355,54.228,1,29,10,55.43169860184797,54.26405497973396,75.00000000000004,0.7984620867424823,0.37813586887325235,57.2673707308667,50.803629269133296,0.019912019141897965,0.015413838347650567,0.013892561472469792,449536163.0,1.964496890102211,0,0,-1,0,0,-0.0005204718945177158,-0.7375434139271043,0.3903172572494528,0.24468709810100492,0.0810657596371882,0.07195053400786966,1.5798794891975645,0.013109596224436287,0.0
2019-10-30,57.04,57.21,-0.007317105817066933,-0.01094045817318357,-0.011792797055833002,-0.29927423771715655,-0.00297593217439691,55.165,54.2855,54.255,2,30,10,55.724117037875615,54.4431482068479,72.67833109017499,0.8855577046331646,0.47962023602523485,57.638697845259614,50.932302154740384,0.019501622420577736,0.013992941621292443,0.01382619019004195,447256628.0,1.6429093224511124,0,0,-1,0,0,-0.00034958923265168896,-1.0269904787661204,0.4095062040962634,0.22213106184110856,0.07137490608564989,0.09607993850883934,1.5775587235343738,0.013849929873772902,0.0
2019-10-31,56.13,57.04,-0.011253855365095374,-0.011061477020301677,-0.013367991603541626,0.1141445433004184,-0.016082347151932457,55.391999999999996,54.479,54.28999999999999,3,31,10,55.79791394008005,54.5519773547932,63.65883807169349,0.871110593810954,0.5579183075823787,57.7863882206486,51.1716117793514,0.020740292234251764,0.014735825902673024,0.013613141226315,444701465.0,0.9983708532869071,0,0,-1,0,0,-0.008590462833099614,-0.8295207629970017,0.19973374174227776,0.23392398420970026,-0.0028424231657487864,0.07405281285878318,0.20109467826703087,0.016212364154641078,0.0
2019-11-01,56.26,56.13,-0.003720440113902765,-0.004778347291980698,0.002150923933764725,-0.07756677496494044,0.002313374107602787,55.67,54.652499999999996,54.349000000000004,4,1,11,55.88192958733822,54.662172364161385,63.74845869297166,0.8602348164566678,0.6183816093572365,57.95087519808588,51.35412480191411,0.020377482306497424,0.014658884315717647,0.013442704379712138,447065924.0,0.9747223426448681,0,0,-1,0,0,0.0037413148049171715,-0.8991378372985022,0.1882473641909392,0.23270257438232478,-0.00845964046528025,0.06573214623981816,0.5730222607240795,0.009242801279772414,0.0
2019-11-04,56.98,56.26,0.003366708238972869,0.010938711753424582,0.009267576578273798,0.0014369281967171086,0.012716526008051421,56.045,54.8495,54.43233333333333,0,4,11,56.08157875327672,54.81170963098968,66.20689655172417,0.8993465599374346,0.6745745994732761,58.2123776837359,51.486622316264096,0.020178886784788727,0.014810861723463166,0.013606174563416132,449433783.0,1.2670695757409614,0,0,-1,0,0,0.004799146818343461,-0.8798985736583851,0.1707414386060905,0.2351151409370942,-0.011450381679389388,0.07428355957767718,0.26563185621249363,0.010881010881010962,0.0
2019-11-05,57.88,56.98,0.011082882374467185,0.0172223096466011,0.011289588950006894,0.20158943889108502,0.015671572693521044,56.54100000000001,55.092,54.537333333333336,1,5,11,56.408564434499134,55.00966384834519,73.10647639956095,0.9915355719529799,0.7379667939692169,58.598827025881505,51.58517297411849,0.019805836021835103,0.015020274000007577,0.013843259839731482,452330493.0,1.590041356145412,0,0,-1,0,0,0.003159003159003154,-0.6076539945777951,0.20286759971830245,0.2384394577684166,0.01171123929382989,0.09145766547237422,-0.5597180862507858,0.016758811333794036,0.0
2019-11-06,57.86,57.88,0.012863031517282958,-0.0013807389145598895,0.0005260850625499127,-0.08969846722202957,-0.0003456022152941655,57.003,55.31049999999999,54.63866666666666,2,6,11,56.67246181004474,55.193556503290665,72.37136465324386,1.0508684380967637,0.8005471227947263,58.93948550416678,51.6815144958332,0.020019889375934827,0.015023432947393665,0.013849580342682187,449682301.0,1.4050758797866127,0,0,-1,0,0,0.00034554250172764376,-0.689675892889308,0.1993153615720094,0.23848960450354653,0.014375876577840119,0.08169751355393529,-0.771254281730279,0.014863463532665044,0.0
2019-11-07,58.24,57.86,0.0017256259674698574,0.010309369658861287,0.014273523441948545,0.07722136657347994,0.006546104340441639,57.198,55.539,54.760666666666665,3,7,11,56.95746875367297,55.39010124501385,76.62192393736021,1.1156919835017547,0.8635760949361321,59.305941520787314,51.77205847921269,0.010417208212454015,0.015032937374731666,0.013822867055445923,452543093.0,1.4340546488948291,0,0,-1,0,0,0.0024196335983408326,-0.5924980617593967,0.10829078734005215,0.23864048261008913,0.03759130589702475,0.08514999068380846,0.18066204604132755,0.010989010989010999,0.0
2019-11-08,58.18,58.24,0.0034423441909729197,-0.0025673955052458097,0.0005183585429241741,-0.12660114442045362,-0.0010307508213749522,57.342000000000006,55.751999999999995,54.88866666666667,4,8,11,57.179747162096064,55.570094713077474,78.2857142857143,1.1489788981808644,0.9206566555850786,59.61404527215685,51.88995472784314,0.010371568239047868,0.015077537880261036,0.013780584300993558,450022492.0,1.2573648566496625,0,0,-1,0,0,-0.0006868131868131721,-0.7296427700367611,0.12019080146959654,0.23934849368596,0.03412726626377527,0.07900593471810091,0.12311238069233327,0.007906497078033703,0.0
2019-11-11,58.26,58.18,-0.0032699452594192806,-0.0008572653761183422,-0.01199075970516101,0.23006889007822726,0.0013740984642328763,57.403999999999996,55.963499999999996,55.03033333333334,0,11,11,57.376156768987684,55.743636989653126,81.33802816901405,1.1683463795028857,0.9701946003686401,59.89122212008563,52.03577787991436,0.009258853992712226,0.015082621771479263,0.013690051887105138,453195139.0,1.1693800782169055,0,0,-1,0,0,-0.002921966311447262,-0.4715450006423721,0.11102978794152261,0.2394291979570956,0.02246402246402246,0.0782898389783453,1.403651311376926,0.018880878819086754,0.0
2019-11-12,57.85,58.26,0.005672554961602431,0.001885014695771204,0.00818320924156903,-0.493947948210278,-0.0070622978916029455,57.468,56.14799999999999,55.17966666666666,1,12,11,57.4623100837172,55.87953137741744,76.7711962833914,1.1374992907437473,1.0036555384436616,60.065671703821735,52.23032829617824,0.009216255022143653,0.015277791788508074,0.013542092404816386,451259150.0,0.8688834229471999,0,0,-1,0,0,0.0013731548232064092,-0.9833421176393881,0.07764141112099608,0.24252742592770243,-0.0005183137525915926,0.06813146233382583,-0.13093277746140736,0.01279170267934304,0.0
2019-11-13,57.59,57.85,-0.012765396737729874,-0.009806530201708621,-0.0038221033325565204,0.006897683123114706,-0.004504512121104541,57.52299999999999,56.34400000000001,55.36466666666667,2,13,11,57.48552643213225,55.98988419177761,61.168384879725124,1.0796276480892217,1.0188499603727736,60.129687172548614,52.5583128274514,0.009304111833486745,0.0151154759601941,0.01258086161406762,449309761.0,0.6582688654441361,0,0,-1,0,0,-0.004321521175453759,-0.9008725715333691,0.08382811873754341,0.23995074203429304,-0.004666436225371551,0.07303894168064096,0.44868371542121427,0.006772009029345382,0.0
2019-11-14,57.63,57.59,-0.006269613013595374,-0.002076843944839228,-0.006461211686129067,-0.024936577754905643,0.0006943239299938875,57.673,56.53249999999999,55.54366666666667,3,14,11,57.51179435356274,56.09569811488874,58.22550831792977,1.0251740517292518,1.0201147786440692,60.169941987235546,52.89505801276444,0.0071808354437481224,0.015129819116163469,0.012589944851081683,451211140.0,0.6034460501920516,0,0,-1,0,0,-0.00607744400069459,-0.8601118474495901,0.056761689748540706,0.24017843257655763,-0.010473901098901117,0.06999628666914237,-0.6317290053198129,0.011105327086586856,0.0
2019-11-15,57.79,57.63,0.01129170340266306,0.007422145059003259,0.010456700368057976,-0.14320874685972282,0.002772484881111634,57.826,56.748000000000005,55.71033333333333,4,15,11,57.56237719836951,56.20500791392818,51.60599571734474,0.9835916152451745,1.0128101459642904,60.12538360272825,53.37061639727176,0.007179833562335015,0.01492736945079111,0.012524389924253846,452858824.0,0.617045691320506,0,0,-1,0,0,0.004511539128925872,-0.8897219002990405,0.06681723660401659,0.2369646437710566,-0.006703334479202461,0.08059087509349294,-0.6635002619049706,0.008132894964526715,0.0
2019-11-18,57.78,57.79,-0.003634165114219685,-0.006037103286341717,-0.008356594590941418,0.2914629601886519,-0.00017305529159738936,57.90599999999999,56.9755,55.86833333333334,0,18,11,57.60194498048414,56.306620306577976,56.705882352941195,0.9390060411879091,0.9980493250090142,59.943238639361,54.007761360638995,0.006268726232992457,0.01482348359760223,0.012534276929511552,450653590.0,0.5421636456323689,0,0,-1,0,0,-0.0019034435023360344,-0.5586299452251784,0.06368900398815297,0.23531550697740333,-0.008238928939237833,0.0854781138455758,-0.4978789433753765,0.010384215991692529,0.0
2019-11-19,57.55,57.78,0.005360088911655527,0.004315932465568729,0.0017467253349415786,-0.04729042820272658,-0.003988559870197582,57.87299999999999,57.20700000000001,56.019000000000005,1,19,11,57.59250043857793,56.386838351314886,55.91647331786542,0.875025821727796,0.9734446243527707,59.48488544603111,54.92911455396891,0.0038987935817099573,0.01476342005812182,0.012585839509319118,448550215.0,0.3011564963441155,0,0,-1,0,0,0.0036344755970924344,-0.5367060315849085,0.049507470255020905,0.23436202784743848,-0.005185825410544576,0.08749055177626608,-0.07869748830178792,0.013032145960034753,0.0
2019-11-20,56.83,57.55,-0.011446534968057883,-0.009693688508700823,-0.01831682065898305,0.39613233657055325,-0.012589779858861547,57.77,57.3865,56.13033333333333,2,20,11,57.45386399520012,56.4154294254236,58.49514563106791,0.7574911674872169,0.93025393297966,58.71689408485967,56.05610591514033,0.005422861376409065,0.01522406397275076,0.012836991859769817,445424461.0,-0.836594218710313,0,0,-1,0,0,-0.0038227628149435076,0.02249006186409508,0.09583161363957693,0.24167452329381914,-0.013196735544365401,0.0674305033809166,-1.4275186075125867,0.021643498152384373,0.0
2019-11-21,56.59,56.83,-0.008407826723746221,-0.007332435086582854,0.004964549203733521,-0.3859611451214711,-0.004232064154597559,57.605000000000004,57.40150000000001,56.227666666666664,3,21,11,57.296797814254646,56.42669204313821,53.90070921985822,0.6376279350481653,0.871728733393361,58.68580648907172,56.1171935109283,0.004585988511778003,0.008478119090202164,0.012885846645771866,443299583.0,-1.263717044031381,0,0,-1,0,0,0.0003519267992258161,-0.620712651069238,0.09130801068133407,0.13458596818958468,-0.018046156515703626,0.005329543435779183,-0.8747834906449781,0.009365612298992774,0.0
2019-11-22,57.01,56.59,-0.0007038536275094702,0.0008757334827121849,0.0010606329436929221,-0.32829241708825463,0.007394399889057954,57.488,57.415000000000006,56.33066666666666,4,22,11,57.244652757117436,56.464324814548654,50.381679389313,0.5699558533930968,0.8113741573933082,58.675484451553665,56.15451554844635,0.005622491205402157,0.00845169771317469,0.012916487928504033,444829819.0,-0.6426100686935252,0,0,-1,0,0,0.0038876126524120666,-1.2048980651351895,0.11476102727097424,0.13416654183212123,-0.01349714483474651,0.004758547761720022,0.10904820010759483,0.00912120680582347,0.0
2019-11-25,57.56,57.01,0.006841531816716784,0.0113152917618454,0.004231318019762624,0.30523532498563005,0.009601190975676677,57.41799999999999,57.411,56.44833333333334,0,25,11,57.30198861945972,56.535013536190675,45.53072625698322,0.5543158366730978,0.7599624932492661,58.66898334855439,56.15301665144561,0.006684901033837161,0.007947554125825951,0.012993008968659936,446906264.0,0.2368870783086667,0,0,-1,0,0,0.003332748640589455,-0.6019043734723531,0.14542731535646553,0.12616351048896485,-0.0038075458636206427,-0.001387925052047212,-0.029099334042238592,0.01615705350938151,0.0
2019-11-26,57.59,57.56,0.010088796652336958,0.002075048297739064,0.004914014802428941,0.24969046525265445,0.0005210594994138829,57.391999999999996,57.42999999999999,56.562666666666665,1,26,11,57.354354325012494,56.60307717901709,46.239554317548794,0.5381384351212688,0.7155976816236667,58.68667899848771,56.17332100151228,0.006369915878083157,0.007753342113782387,0.012996492737179443,449571647.0,0.2546394110071933,0,0,-1,0,0,0.003822098679638618,0.6940325850950108,0.14256983694579828,0.12308049037603233,0.0006950477845353298,0.006642195420381025,-0.5133425212619588,0.013370376801528097,0.0
2019-11-27,57.75,57.59,-0.00190558741076794,0.0010359116948474517,0.0047157540889422355,-0.4936400511095529,0.0027744078833218232,57.408,57.4655,56.69866666666667,2,27,11,57.426289902282946,56.67707219972567,42.729970326409436,0.5320947337901032,0.678897092056954,58.715888992096396,56.2151110079036,0.006268945958867554,0.00772988876091946,0.01282402547970986,451198598.0,0.4550583887067174,0,0,-1,0,0,0.0013891300573015853,-1.4115077404815377,0.08761425433542173,0.12270817994151664,0.01618863276438498,0.01244740532959332,-0.23720737275418827,0.009696969696969737,0.0
2019-11-29,57.64,57.75,0.0013862417745816496,0.0,0.001393000399378855,-0.39288409012657366,-0.0019065782705815315,57.409000000000006,57.54100000000001,56.824666666666666,4,29,11,57.46514628368604,56.73919657393692,42.1052631578947,0.51252095372962,0.6456218643914873,58.62284832090757,56.45915167909245,0.006304335500916154,0.006713413656856557,0.012847641182915518,450100232.0,0.1830201112054947,0,0,-1,0,0,0.0,-2.065749986004559,0.07596216015446274,0.10657213790608298,0.018554514931966803,0.026901835025832765,0.20892106140111857,0.008327550312283206,0.0
2019-12-02,56.72,57.64,-0.0026007817000573675,-0.002591794107429067,-0.01348886178594366,0.9971576253077239,-0.016089888907449317,57.302,57.56400000000001,56.93266666666667,0,2,12,57.329665141197665,56.73795808529583,31.924882629107927,0.4179543630414386,0.6000883641214776,58.54614373477933,56.58185626522069,0.007964950320050885,0.007740364528685438,0.013171070271728919,447123038.0,-1.7186893732812938,0,0,-1,0,0,-0.00069396252602358,1.2229382841211265,0.14946715181171868,0.1228744775993241,-0.005086826872478523,0.008176324209029584,-1.0494026424630334,0.019393511988716403,0.0
2019-12-03,55.93,56.72,-0.02460581080220019,-0.025584013230105188,-0.019231361927887644,0.21174480378527472,-0.014025973390375462,57.117,57.5115,57.022666666666666,1,3,12,57.07518057007081,56.685831757212235,29.310344827586135,0.2760807736072124,0.5352868460186246,58.71287246075084,56.31012753924916,0.008790323834442568,0.007800593689838647,0.013439466668998295,443443725.0,-2.6328221291365055,0,0,-1,0,0,-0.00916784203102955,2.041748716711819,0.13701365919971734,0.12383058589183664,-0.02831827658095909,-0.01842751842751833,-0.47537453629372645,0.012873234400143143,0.0
2019-12-04,55.78,55.93,-0.0021375141733108666,0.003720440113902766,0.002513917646449714,-0.08493732650722624,-0.0026855266341536525,56.94000000000001,57.406499999999994,57.118,2,4,12,56.839693193694295,56.62739099868242,30.022075055187557,0.14981422036265712,0.45819232088743117,58.82052411949134,55.99247588050865,0.008787332105977564,0.006741449718315309,0.013390676912050157,440064019.0,-2.30052652932834,0,0,-1,0,0,0.002681923833363107,1.4819148668960616,0.12953554509733464,0.10701719658425247,-0.03142906754644903,-0.03628196268140982,-0.33249186913462586,0.014162782359268539,0.0
2019-12-05,55.53,55.78,-0.0005350932081657026,-0.006564380886031859,-0.004853942114458496,-0.19112080051624925,-0.00449196694582705,56.81,57.290000000000006,57.19433333333333,3,5,12,56.60156715847715,56.5565915794126,27.848101265822706,0.029237129127025696,0.3724012825353501,58.91491133360635,55.665088666393665,0.008175836550760445,0.006757121609966374,0.0134145930371441,437272271.0,-2.1662720464800342,0,0,-1,0,0,0.004840444603800574,0.6122967962431826,0.10533408888482995,0.10726598015154847,-0.03844155844155839,-0.04026961631524362,-0.5742980848528613,0.012425715829281429,0.0
2019-12-06,55.94,55.53,-0.0041119214099928055,0.0016007117690901012,0.005033266063652439,-0.21261193039686604,0.0073562725202978236,56.74499999999999,57.175,57.18266666666667,4,6,12,56.48128222057221,56.51681147751501,31.462925851703346,-0.0328587358482082,0.2913492788586384,58.84183437751999,55.50816562248001,0.008677950766015963,0.0068139857706729316,0.0084218609620079,439529315.0,-1.481850886513994,0,0,-1,0,0,0.005222402305060312,-0.1194766379347311,0.14944107672471962,0.10816867071800025,-0.02949340735600281,-0.039491758241758323,0.4396192346425965,0.00893814801573114,0.0
2019-12-09,55.47,55.94,-0.0001791633078338571,-0.005881845671374015,-0.006476007522204118,0.12349904294874482,-0.00843735370667053,56.590999999999994,57.0395,57.14033333333334,0,9,12,56.29741272592272,56.44927525315921,28.807339449541217,-0.11862776127497199,0.20935387083191637,58.80029497595425,55.27870502404574,0.008384957578988913,0.006957178818251044,0.008405525750445049,436975585.0,-1.7827174900353335,0,0,-1,0,0,-0.0023239184840900154,0.3132109287519652,0.12514797862686602,0.11044178987819099,-0.02203808180535971,-0.046579580611894156,0.6195519697675206,0.00955471425996036,0.0
2019-12-10,54.91,55.47,-0.009361004450500653,-0.006456263459456018,-0.011800082459010132,0.08670289168981067,-0.010146852776361952,56.326,56.872,57.04933333333334,1,10,12,56.04515586666404,56.34996717231023,27.16262975778541,-0.22914619702215333,0.12165385726110242,58.775510330658825,54.968489669341174,0.007422999183864453,0.00710439285221441,0.007964166805160775,434190557.0,-2.061454533131887,0,0,-1,0,0,-0.0032449972958355816,0.7010079190554608,0.10868246823771739,0.1127787402183851,-0.01823708206686936,-0.05750085822176454,1.261459074738158,0.01493352759060281,0.0
2019-12-11,54.0,54.91,-0.013657682932399143,-0.01322123759311839,-0.017500676918919756,0.5226986533090593,-0.016711434726506765,55.967,56.679500000000004,56.94233333333333,2,11,12,55.673309345452395,56.1983563869999,26.298157453936312,-0.38571595497766964,0.020179894813348004,58.9161184532103,54.44288154678971,0.008035781040681273,0.007690148431150845,0.008359892835975713,429493404.0,-2.3960278036283045,0,0,-1,0,0,-0.006738299034784146,2.6601259385591907,0.14082782892424694,0.12207732176399193,-0.03191107923987091,-0.06655142610198794,0.9228297812569419,0.019259259259259243,0.0
2019-12-12,54.49,54.0,-0.0014678901718289325,0.010338352713593095,0.006483305102691249,-0.1470480639798369,0.009033152030732532,55.641,56.5245,56.85733333333334,3,12,12,55.45816219173378,56.088139845903136,33.11897106109322,-0.4649006262536233,-0.07683620940004626,58.91949895615381,54.1295010438462,0.00901996663392653,0.008172748153432639,0.008592157847544217,433548233.0,-1.6989568991439234,0,0,-1,0,0,0.008518518518518535,1.6495103789527552,0.18007769083100494,0.1297383548516707,-0.01872861516297497,-0.053828789720437586,0.2803318101418271,0.023123508900715822,0.0
2019-12-13,54.15,54.49,-0.002205883247411832,-0.010338352713593082,-0.0005540677951329279,-0.40465652306074795,-0.006259225148007412,55.29200000000001,56.3505,56.791333333333334,4,13,12,55.22031452050945,55.96309856552229,26.710097719869708,-0.5487643929085309,-0.17122184610174318,58.90750050428726,53.79349949571273,0.00891784738477367,0.008166864104605029,0.008202393551023208,430842827.0,-1.7211572671264377,0,0,-1,0,0,-0.0027527986786566082,0.1135672401304065,0.15072578308266693,0.1296449484722706,-0.03199856989631744,-0.060385216033316036,1.2875320507596337,0.013296398891966738,0.0
2019-12-16,54.35,54.15,0.003857108280877964,0.001457460633289789,0.0038720431893152093,0.19674437885818985,0.0036866401202187964,55.05499999999999,56.1785,56.72766666666667,0,16,12,55.06207551678045,55.8590276903273,22.27979274611397,-0.5922614819639733,-0.25542977327418925,58.79000712686417,53.56699287313583,0.008688111683713846,0.008203953595106932,0.008226363768919448,434136477.0,-1.4003408079499418,0,0,-1,0,0,0.00738688827331484,0.6951170437291673,0.1646589033933078,0.13023372588100338,-0.020191094285199163,-0.05952586952759986,0.18716788195630724,0.010855565777368837,0.0
2019-12-17,54.18,54.35,-0.004593485339190095,0.0032715405406149485,-0.005906255633732172,0.18564692603694025,-0.003132776910269453,54.879999999999995,55.9985,56.63433333333333,1,17,12,54.9016981500931,55.750703323209414,21.247892074198944,-0.6331522328539805,-0.3309742651901475,58.64130771747723,53.35569228252277,0.00799124979496511,0.008176321924270563,0.007800221540671213,430170932.0,-1.3761878989334135,0,0,-1,0,0,-0.0009199632014720195,1.308444344046721,0.15566818572524208,0.12979508670495,-0.013294481879439046,-0.06230529595015577,-0.39598876348699297,0.020118124769287492,0.0
2019-12-18,53.6,54.18,0.0009203866273287486,-0.01039681047770151,-0.01098196239478959,-0.008842816738986882,-0.010762768580192757,54.662,55.801,56.49166666666667,2,18,12,54.66502575916708,55.611948270099134,17.322834645669303,-0.7042415421512374,-0.4056277205823655,58.544090074691894,53.05790992530811,0.00833495265605026,0.008347466290583638,0.0072368399328769165,426240299.0,-1.6047595522339675,0,0,-1,0,0,0.0031376891842008437,1.1438810078814843,0.12515287724558632,0.13251191929427483,-0.007407407407407418,-0.0686359687228496,0.342274165854136,0.020708955223880585,0.0
2019-12-19,54.08,53.6,-0.015576061244005302,-0.00625346897184188,0.0014961663535332102,-0.0249494808004004,0.008915363657952329,54.516999999999996,55.6635,56.36566666666667,3,19,12,54.55865743931851,55.51311289783468,23.511904761904745,-0.7136221515191608,-0.4672266067697246,58.46449437230116,52.86250562769884,0.009269892530389437,0.008508499410726681,0.0075271404909120435,430074078.0,-1.1306698904211476,0,0,-1,0,0,-0.0016791044776120038,0.9770478698141059,0.12452385427938438,0.1350682408267345,-0.007524316388328178,-0.04838993489354215,0.32886160513533813,0.01275887573964506,0.0
2019-12-20,54.63,54.08,0.014287282643455197,0.009182800982334982,0.009300662281586533,0.7127496627575498,0.010118750672917615,54.386,55.5655,56.245333333333335,4,20,12,54.57162881398787,55.45613787216793,33.543307086614206,-0.6689645417473784,-0.5075741937652554,58.3671572163406,52.7638427836594,0.009638058937182219,0.008947343095722406,0.007698977102772903,437893422.0,-0.6678190283548718,0,0,-1,0,0,0.0036982248520710586,3.222942057606323,0.13873212053110381,0.14203466835631362,0.008864265927977844,-0.034635094539671285,-0.694824413472804,0.012630422844590972,0.0
2019-12-23,55.25,54.63,0.00971682409135661,0.025093834092309968,0.01214589830210812,0.003372594913999153,0.01128515799023585,54.364,55.4775,56.147666666666666,0,23,12,54.694969029626435,55.44283865460871,44.49838187702265,-0.5768941689433049,-0.5214381888008652,58.1974912925518,52.757508707448196,0.010258171439284687,0.009198176982116986,0.008080685759157552,445739182.0,-0.16727994727260032,0,0,-1,0,0,0.0032948929159802255,2.5247738096765953,0.15501497587719054,0.14601653285904093,0.016559337626494974,-0.03087177688124887,-0.9031544470006251,0.02570135746606338,0.0
2019-12-24,54.94,55.25,0.008357606787146511,-0.013823036723688089,0.0,-1.7775122923178241,-0.005626659730734439,54.367,55.346500000000006,56.037,1,24,12,54.73952011514889,55.41039745108557,43.375394321766535,-0.5229143136814969,-0.5217334137769916,57.89088721812705,52.802112781872964,0.009875667984238163,0.008848758630356746,0.008089985858258032,444412792.0,-0.31952683703484247,0,0,-1,0,0,0.00036199095022630093,-1.2141140113350084,0.1623583144086852,0.14046968848536284,0.014027316352897667,-0.045517720639332904,-0.7164473575175457,0.011831088460138308,0.0
2019-12-26,54.9,54.94,-0.005988585178043919,0.0003614675622224544,-0.001281230156048573,0.3754719048762808,-0.0007283321516428216,54.456999999999994,55.212,55.93866666666667,3,26,12,54.76869827603091,55.3774685832736,44.86133768352364,-0.4778541500013702,-0.5129575610218673,57.531497223192986,52.89250277680702,0.007995903259617571,0.008832268985090238,0.0080342407807942,442481995.0,-0.26902381850710744,0,0,-1,0,0,0.0,-0.8381116158049716,0.11983316303594713,0.1402079234818657,0.02425373134328357,-0.04670949817676684,-0.782999144625109,0.013479052823315156,0.0
2019-12-27,54.32,54.9,0.0005459012054411025,-0.006162789126308954,-0.009939341902557776,0.55049539296514,-0.010620865265044264,54.44,55.040499999999994,55.82966666666666,4,27,12,54.687116771298015,55.309244803707564,37.142857142857174,-0.48337277788728983,-0.5070406043949518,57.057339372039976,53.02366062796001,0.008381335523903714,0.008927788803941721,0.008181819407580513,439133777.0,-0.7144842668072529,0,0,-1,0,0,0.0012750455373406245,-0.09534819157480354,0.15300505809411705,0.1417242535976195,0.004437869822485174,-0.05939393939393944,0.05793492609246121,0.017304860088365202,0.0
2019-12-30,54.08,54.32,-0.011895098622128316,-0.010969031370574046,-0.004449395549541848,-0.2165529934983329,-0.00442805151573202,54.43300000000001,54.8625,55.711333333333336,0,30,12,54.57673190378928,55.22993868733934,38.550247116968706,-0.5013332666539085,-0.5058991368467431,56.507446007746225,53.21755399225377,0.008256309451802493,0.008928970335098197,0.008178854083278755,436437491.0,-0.9513990080101363,0,0,-1,0,0,0.0,-0.5427785618911839,0.13091783662613382,0.14174300982325735,-0.010067728354384076,-0.06176266481609993,1.2531061404776886,0.010724852071005885,0.0
2019-12-31,53.98,54.08,-0.005167970158442561,-0.005160350559309635,0.0,0.06629585389088404,-0.0018508241448501345,54.396,54.7255,55.58433333333334,1,31,12,54.46823519400941,55.14929748170455,41.71122994652408,-0.5176688830191623,-0.508253086081227,56.16230163813511,53.28869836186488,0.008158918034838947,0.008405077019150334,0.008127495146567194,433556394.0,-1.0377215340144195,0,0,-1,0,0,-0.0007396449704141854,-0.4275549625323254,0.061062957668148655,0.13342646125809515,-0.022986425339366567,-0.04830747531734847,-0.939231986277585,0.0055576139310855345,0.0
2020-01-02,54.84,53.98,0.006271926112326632,0.013762947768296781,0.008694902618600023,0.25365423786482444,0.015806247104255215,54.462,54.67100000000001,55.48633333333333,3,2,1,54.53582879509861,55.129342805465555,57.55395683453238,-0.4559640937552558,-0.4977952876160328,55.99357961653907,53.34842038346094,0.0096131492675578,0.008894614922201987,0.008774746121487535,437269339.0,0.2555611743695806,0,0,-1,0,0,0.007410151908114222,0.07399978911462125,0.15642136340223237,0.14119763455098347,-0.0018201674554058078,-0.019488646522438646,1.3724617377424158,0.010576221735959122,0.0
2020-01-03,54.35,54.84,-0.014447371127568411,-0.008235017715783697,-0.02329370203975269,-0.04909056385519392,-0.008975241126895243,54.537,54.5995,55.379666666666665,4,3,1,54.502041741444316,55.07906262446778,48.7410071942446,-0.4415120327222155,-0.4865386366372694,55.820344832582165,53.37865516741783,0.00938202957699969,0.009067077852561743,0.008865267511162355,433734263.0,-0.408733351432202,0,0,-1,0,0,-0.022611232676878226,-0.03816430268980277,0.16816203057005183,0.14393539869563968,-0.01001821493624766,-0.025636428827536695,1.6634343322081762,0.02539098436062562,0.0
2020-01-06,54.13,54.35,0.0016776963577217609,0.002569280180106526,0.008261406356135332,0.1722368633674029,-0.004056052758331957,54.541999999999994,54.5295,55.28966666666667,0,6,1,54.43439778845444,55.017832777727925,49.81617647058827,-0.44270757427499063,-0.47777242416481364,55.6844704940321,53.3745295059679,0.009120627261447675,0.009059473043190526,0.008646856143121799,429534737.0,-0.691792564510127,0,0,-1,0,0,-0.01214351425942969,0.3220736083325324,0.15283730681146926,0.14381467608945392,-0.003497790868924877,-0.02521159733477396,1.8261148346883451,0.019951967485682714,0.0
2020-01-07,54.29,54.13,0.01184979612895357,-0.002936859673309825,0.007451599308421019,-0.3368388213597886,0.002951487108473055,54.507999999999996,54.447,55.213,1,7,1,54.40814364509909,54.97087582432612,49.44444444444442,-0.4258356188046619,-0.4673850630927833,55.39490850101439,53.499091498985614,0.008502583293817133,0.008890254453193403,0.008670636004122852,432533299.0,-0.33125560079267774,0,0,-1,0,0,0.00369480879364485,-0.43565005169078536,0.15037073059526762,0.14112841425140557,0.0038831360946744997,-0.029495888451912755,1.1803117352269028,0.009578191195431867,0.0
2020-01-08,54.37,54.29,-0.012036067900005306,0.004768026638024883,-0.004464293128685493,0.3136028773039054,0.0014724832404696057,54.419999999999995,54.39200000000001,55.125,2,8,1,54.401208436899246,54.932109642111534,51.789077212806006,-0.4013822563272882,-0.45418450173968433,55.20852924012531,53.57547075987471,0.007472733231552657,0.00875756319139274,0.008530102960909468,436636370.0,-0.05388661892043617,0,0,-1,0,0,-0.011235955056179765,0.1996837920771462,0.14850606990289353,0.13902200577215004,0.007224898110411271,-0.019830539030106342,0.8791382922026896,0.018760345778922126,0.0
2020-01-09,54.3,54.37,0.01516020900577205,0.002922910374717773,0.010385850032122834,-0.06348959736958386,-0.0012883042179395552,54.355999999999995,54.3615,55.016333333333336,3,9,1,54.382806902917565,54.89132837487853,57.291666666666615,-0.38323352781848286,-0.43999430695544406,55.14130496885652,53.58169503114348,0.00733740714678094,0.008491648524366785,0.008264899630815762,432785704.0,-0.15773174692688666,0,0,-1,0,0,0.002391024462019543,0.008978648036165686,0.07505543779086177,0.1348007412986587,-0.009846827133479286,-0.011109087597887424,-0.7359164247367331,0.011418047882136233,0.0
2020-01-10,53.94,54.3,-0.002756088101979969,-0.00769093701274279,-0.009454144011122441,0.050808975170294084,-0.0066519092283058535,54.260000000000005,54.35850000000001,54.894666666666666,4,10,1,54.302296556932546,54.82995235069282,48.5042735042735,-0.3933650535985649,-0.43066845628406825,55.1445969539645,53.57240304603551,0.007534672796789614,0.00776238822809642,0.008295472548093987,428734334.0,-1.064754157586799,0,0,-1,0,0,0.000920810313075585,0.1571789244422326,0.062269903893483934,0.12322409298887069,-0.007543698252070019,-0.0011111111111111738,-0.24465993631855548,0.013162773451983701,0.0
2020-01-13,53.99,53.94,-0.007572295855634646,-0.005899722127188271,-0.001491146595031758,-0.02347315807470116,0.0009265265186117285,54.227,54.333499999999994,54.76933333333333,0,13,1,54.245515364762994,54.77576187645458,42.344497607655505,-0.3928314620747102,-0.42310105744219667,55.13366511452697,53.53333488547302,0.006887245085180521,0.0074678255278554425,0.008264398627176383,432691713.0,-0.85857279644853,0,0,-1,0,0,0.0,0.100561857176365,0.059433176775041986,0.11854805508675094,-0.0025863661555514117,-0.009175995595522068,-1.4045340049667057,0.008705315799222057,0.0
2020-01-14,54.49,53.99,0.011795197568608437,0.020136137054431354,0.013524986158755426,0.23533168558965104,0.009218354364811363,54.26800000000001,54.3505,54.664333333333325,1,14,1,54.28996711662426,54.75732562636074,40.64039408867,-0.3480506543329369,-0.4080909768203448,55.14869467351125,53.55230532648874,0.007382599055537939,0.007636081525656134,0.008525845718984406,437699097.0,0.349538789544523,0,0,-1,0,0,0.010927949620299986,0.6952223808126131,0.09105548962316425,0.1212190362474049,0.0036839196905507077,0.006278855032317621,0.45696391440202005,0.015415672600477083,0.0
2020-01-15,55.03,54.49,-0.005327467362832734,-0.0014508526302712225,-0.004056800695614541,-0.2006256740758201,0.009861292476660358,54.373000000000005,54.3845,54.608,2,15,1,54.424518549965306,54.77491752143424,51.04895104895109,-0.26592266360269434,-0.3796573141768147,55.23857937507411,53.530420624925895,0.007839667761570277,0.007901650341884755,0.008354582950069701,441796232.0,1.5115691090046277,0,0,-1,0,0,-0.0036703982382088975,0.09106735143330306,0.11246640783184018,0.12543481050969335,0.012139047268714398,0.0125114995400184,-0.07596693859887015,0.017808468108304634,0.0
2020-01-16,55.3,55.03,0.01987846982545605,0.010471299867295437,0.01758287055786688,-0.3283194021260034,0.004894417456621544,54.419,54.4405,54.587,3,16,1,54.58369699542616,54.80879381037397,54.42477876106193,-0.1770084524766844,-0.33912754183678867,55.380656202016496,53.500343797983504,0.0062748757614070234,0.00790362671605874,0.008049675117811851,444746714.0,1.8284195714637528,0,0,-1,0,0,0.006360167181537369,-0.6027048916812593,0.10805661286120616,0.12546618447706523,0.018416206261510082,0.02067183462532296,-0.9200267979571185,0.010849909584086825,0.0
2020-01-17,55.01,55.3,0.0005415651364424427,-0.0034181916883542574,-0.005826673440205924,0.3042985639130303,-0.005257921640922366,54.485,54.511,54.56133333333334,4,17,1,54.6612066326214,54.82177485486597,58.156028368794296,-0.12846303404489134,-0.2969946402784092,55.395602795181354,53.62639720481865,0.005719070778049931,0.007563025216885196,0.008088808630215978,440746823.0,1.1281899689175108,0,0,-1,0,0,0.001989150090415903,0.05855953291915628,0.09986893283024678,0.1200593032991314,0.01983685576566563,0.02630597014925362,-0.7419938633970333,0.013270314488274933,0.0
2020-01-21,53.54,55.01,-0.014176900471631946,-0.007597721063419821,-0.02927761460537438,0.5236217045338375,-0.027085948795160273,54.426,54.484,54.495000000000005,1,21,1,54.45735088123569,54.73907970293914,45.054945054945065,-0.20622986536989885,-0.27884168529670716,55.45293647609963,53.51506352390037,0.010520329965673448,0.009601722513331185,0.009387718935384747,433994485.0,-1.9485281507823815,0,0,-1,0,0,-0.006907834939101899,1.5834651072427384,0.24298744807485298,0.15242261956874628,-0.008334876829042437,-0.009985207100591698,-1.4969950110258134,0.03530070974971985,0.0
2020-01-22,53.48,53.54,-0.0134527044926749,-0.014449268307721756,0.005251324895899111,-0.2434297539843524,-0.0011212858584640716,54.34499999999999,54.4265,54.413000000000004,2,22,1,54.27965072101101,54.657848754362426,45.38745387453875,-0.26959442136105594,-0.27699223250957694,55.49075709200094,53.362242907999054,0.01042663913266748,0.009270168925847252,0.009247794348410032,428701094.0,-1.7787055535997496,0,0,-1,0,0,0.006723944714232339,0.9164656852237868,0.22426961795433298,0.14715936953610356,-0.018535511102954816,-0.021050704740984916,-1.3506568224263542,0.015332834704562459,0.0
2020-01-23,55.4,53.48,-0.016838564362829593,0.021506205220963682,-0.03057877603523664,0.24807865044483055,0.0352718415194957,54.448,54.43399999999999,54.410666666666664,3,23,1,54.483350589918096,54.70572947988744,54.32098765432096,-0.16300432225030193,-0.25419465045772194,55.52448323425446,53.34351676574552,0.015799646136857793,0.012167552893971192,0.011389747394305668,435484896.0,1.7716916127746472,0,0,-1,0,0,-0.008975317875841379,2.1443754995452684,0.3588391260124828,0.19315391413003222,0.006723605306196534,0.002714932126696823,0.6376813028517312,0.0651624548736462,0.0
2020-01-24,56.55,55.4,0.04807112764735074,0.019639981400685416,0.05825071323855754,0.16429239304747514,0.02054560880889141,54.673,54.5145,54.465333333333334,4,24,1,54.859105028114804,54.824714674733414,65.40616246498598,0.014101930013111996,-0.20053533436355514,55.946487577122134,53.08251242287786,0.016797995509496164,0.012910125494915122,0.011829329098130026,443480006.0,2.842901757696443,0,0,-1,0,0,0.003790613718411568,2.5102615762348712,0.3848966965898963,0.2049418887250805,0.022603978300180794,0.029304696032034894,0.06454258605914123,0.02829354553492487,0.0
2020-01-27,56.25,56.55,-0.006856757286376487,0.0017664728140529883,0.003451097785417645,0.034336306291063524,-0.005319161477599933,54.903999999999996,54.58200000000001,54.540333333333336,0,27,1,55.11199502300302,54.9166685666861,64.68144044321329,0.12876806007689368,-0.1346746554754654,56.205026412853954,52.95897358714606,0.016708124907226243,0.012992448976797409,0.011422429219545662,435205606.0,2.055419414976693,0,0,-1,0,0,-0.023342175066313003,2.2535823156383796,0.38499622234229985,0.20624873348580927,0.022541356117069755,0.024590163934426146,0.066471690821319,0.02684444444444441,0.0
2020-01-28,57.6,56.25,0.024326007241336295,0.018708474670471775,0.022235092119579407,-0.2818215516131496,0.023716526617316065,55.265,54.746,54.644,1,28,1,55.56435956427519,55.089786723674095,69.67895362663498,0.32483106157897623,-0.04277351206457708,56.8493447048327,52.6426552951673,0.01774722432959213,0.01361577758957956,0.012073624607504682,441447882.0,2.7137729668775386,0,0,-1,0,0,0.006044444444444505,0.9352477758295468,0.27758517800683047,0.21614376845276395,0.0758311542771759,0.06038291605301915,-0.1517866961011275,0.023263888888888824,0.0
2020-01-29,56.89,57.6,0.020291058247470493,0.007936549595736342,0.00759653860695107,0.06567257015896336,-0.012402988939289573,55.504999999999995,54.8865,54.73533333333333,2,29,1,55.80538509804334,55.205929515695125,63.938053097345154,0.4181017201737234,0.049401534383083014,57.17020221120288,52.60279778879712,0.018680618701003734,0.013953884851132806,0.012265127656309589,434781899.0,1.7546070500537898,0,0,-1,0,0,0.002604166666666642,1.0760952766629428,0.3254641312626748,0.22151105483597372,0.06376215407629027,0.05196005917159763,-0.31812461432462547,0.02408156090701349,0.0
2020-01-30,55.83,56.89,-0.04316962539531623,-0.030003994983833198,-0.028563169924033533,-0.262186272054334,-0.018808219440286947,55.585,54.979,54.784666666666666,3,30,1,55.80986053476273,55.246192127585765,57.6271186440678,0.40185392596534797,0.11989201269953602,57.257964677211824,52.700035322788175,0.019898848809036935,0.014720877371002073,0.012806565888154438,429653307.0,0.7468303554762833,0,0,-1,0,0,-0.027772895060643316,0.09260828516474705,0.30942269171746134,0.2336866836260988,0.007761732851985448,0.03427195257502791,0.36617159261466387,0.022389396381873546,0.0
2020-01-31,54.98,55.83,0.005589124799231958,-0.00978742575919046,-0.010742024094381974,0.07934669800369211,-0.015341876585169405,55.553,54.986000000000004,54.81133333333334,4,31,1,55.6589768011695,55.229018441935075,54.94296577946768,0.3167383729420905,0.1592612847480469,57.26402684702544,52.70797315297457,0.020537653402245927,0.014793799681599948,0.01312664164078336,424101198.0,-0.005267716671418434,0,0,-1,0,0,-0.003761418592154771,0.30373005627483946,0.273106168565747,0.23484428941931992,-0.027763041556145063,0.002552881108679683,1.8134186959506673,0.023463077482720977,0.0
2020-02-03,55.22,54.98,-0.003782765926560475,-0.0034034963441098884,0.0010976949510549917,-0.3102599553358702,0.004355723764908823,55.574,55.029500000000006,54.86533333333333,0,3,2,55.579162837320496,55.22843660697153,55.742296918767494,0.2655881433889178,0.18052665647622107,57.28954634325569,52.769453656744325,0.020510171464375646,0.014658403880648405,0.0129676144121063,428172317.0,0.16858061390508555,0,0,-1,0,0,0.007821025827573658,-0.6596127653997572,0.2820192773921606,0.2326949477120388,-0.018311111111111167,0.016007359705611623,1.1711404367459501,0.018833755885548698,0.0
2020-02-04,55.68,55.22,0.010413020481543831,0.01141850051203864,0.014702143393707524,-0.1176204093214671,0.008295809524155828,55.788,55.10699999999999,54.91866666666667,1,4,2,55.59749686689859,55.2575697291024,55.576382380506075,0.25918168840123457,0.19625766286122379,57.343351351733475,52.87064864826651,0.018191974297523394,0.01469994095514882,0.01295501365654058,431791678.0,0.5124418392985107,0,0,-1,0,0,0.013944223107569778,-0.9175095103626897,0.19362038028788575,0.23335432832794237,-0.033333333333333326,0.02863476815074817,0.5165531712253644,0.015624999999999955,0.0
2020-02-05,56.95,55.68,0.007827828620246696,0.01514113432752717,0.01110923448187125,-0.13486064750807103,0.022552673867026946,56.135000000000005,55.239999999999995,54.995999999999995,2,5,2,55.84340652746248,55.36675877883773,58.42105263157895,0.3525192898963425,0.22750998826824753,57.585495122229005,52.894504877770984,0.018989044851141147,0.015453381567511021,0.013457480600091035,434954412.0,1.4581143092507747,0,0,-1,0,0,0.013469827586206897,-1.2200060376089523,0.27347443139605954,0.245314827255742,0.0010546669010371712,0.048996131884325056,0.11054680725031152,0.019490781387181726,0.0
2020-02-06,57.72,56.95,0.016694878572170054,0.013537173056962013,0.016961537374375505,0.3145086872026753,0.013430044012478812,56.367,55.40749999999999,55.07833333333333,3,6,2,56.18460534065111,55.51858079310627,60.16806722689076,0.48305422793499275,0.2786188362015966,57.96067243320209,52.85432756679789,0.016256846986876173,0.01564456880239706,0.013518129729366437,439286049.0,1.8114718535479017,0,0,-1,0,0,0.007550482879719047,-0.48473289268492015,0.22376939212718994,0.2483498305198933,0.03385276732939291,0.06161486113665626,-0.9213108403459114,0.016112266112266106,0.0
2020-02-07,57.26,57.72,0.0013932429979247472,-0.005184940755097881,-0.0015779787617273978,-0.4713764774500543,-0.008001434235701177,56.438,55.555499999999995,55.15566666666667,4,7,2,56.380131642350904,55.63093041935748,59.32062966031482,0.5431251426041968,0.33152009748211664,58.18051709267214,52.93048290732785,0.01553367575656646,0.01581385219547208,0.013567961182626528,436582490.0,1.2986582104613271,0,0,-1,0,0,-0.00450450450450447,-1.4279638325647064,0.18063212192905814,0.25103712107491144,0.041469625318297565,0.054511970534069976,-0.2920832223829465,0.012574222843171478,0.0
2020-02-10,57.42,57.26,-0.004535155165391262,-0.0038194490876754697,-0.008104343159708764,0.063966796321883,0.002790375022948916,56.55499999999999,55.72950000000001,55.23966666666667,0,10,2,56.569198616468924,55.74635426326991,68.02973977695166,0.5967633219877087,0.384568742383235,58.364962408239194,53.094037591760824,0.015357892826074903,0.015658487488182746,0.013563540419826456,439464638.0,1.2828868245018583,0,0,-1,0,0,-0.0010478519035975406,-1.2392878004107528,0.18306720214297492,0.24857078280688794,0.03984063745019917,0.06451612903225823,-0.17204336696394656,0.016718913270637424,0.0
2020-02-11,57.93,57.42,0.01078083820244765,0.018953013921497744,0.01857747083138154,-0.011725405547604421,0.008842710415614824,56.588,55.92650000000001,55.36,1,11,2,56.81661704983821,55.887234633381524,69.84834968777878,0.6726705756700824,0.4421891090406045,58.60318510622251,53.24981489377751,0.013615053261250277,0.01569744163766154,0.013426842139933804,442313189.0,1.4970008951314044,0,0,-1,0,0,0.006966213862765562,-1.1893182437648224,0.18319131408498082,0.24918916075921752,0.040409482758620774,0.07297647712539357,-0.2192584567640641,0.017262213015708613,0.0
2020-02-12,58.48,57.93,0.007752644566782919,0.0011940299926075468,0.0070940690278381915,-0.24294243987441766,0.009449430332990191,56.747,56.126,55.50666666666666,2,12,2,57.11905031350398,56.054509818324654,65.65040650406502,0.7683509530489232,0.5074214778422683,58.94297411380957,53.309025886190426,0.013039839039221205,0.015701919809919297,0.013429426038798925,444547355.0,1.6712968631554348,0,0,-1,0,0,0.005869152425340988,-1.3831230700045116,0.13289843713708818,0.2492602495399503,0.02686567164179099,0.07322444485226631,-1.2172904059546106,0.01128590971272224,0.0
2020-02-13,58.54,58.48,-0.0036104225584990403,0.000511291020938269,-0.0025895569067336775,0.07235711382896873,0.0010254658222167022,57.017999999999994,56.3015,55.65866666666666,3,13,2,57.37740480195781,56.21486402359403,61.371428571428574,0.8393444002483221,0.5738060623234791,59.26453738185906,53.33846261814094,0.010718823817114882,0.015641237504901442,0.013406099464534698,446949171.0,1.5109495504208126,0,0,-1,0,0,-0.007181942544459552,-1.1998183282140735,0.11250801140647233,0.24829694781159384,0.014206514206514198,0.06378339087770302,-0.8860669305548521,0.014349162965493616,0.0
2020-02-14,57.97,58.54,0.010621994678297029,0.0023825743061214005,0.000691204451227546,0.03274931501843679,-0.00978464591209831,57.31699999999999,56.43499999999999,55.763,4,14,2,57.48514938342002,56.328098602717006,59.53436807095342,0.8399307830940188,0.627031006477587,59.44821650138,53.42178349861997,0.009668547846103298,0.015898366576949402,0.013357689110887966,444467395.0,1.018844812045201,0,0,-1,0,0,0.002391527160915623,-1.1307880895698295,0.12338523999395011,0.2523787452884961,0.012399580859238535,0.04828209764918623,-1.089332379889212,0.016215283767465893,0.0
2020-02-18,57.6,57.97,-0.011655942728361651,-0.008363964436789115,-0.008848847537694531,0.2180827692463344,-0.006403067649795915,57.55499999999999,56.564499999999995,55.87133333333334,1,18,2,57.50603131370728,56.41015675738043,50.0,0.8013026695617995,0.6618853390944296,59.542266559720346,53.586733440279644,0.010362820765498085,0.015929486027552307,0.013294023390563854,441380835.0,0.6954876947085155,0,0,-1,0,0,0.0005175090564085068,-0.7838210993637442,0.13827048771246145,0.25287275125188957,0.0031347962382444194,0.04708234866387939,-0.14167673553444057,0.01666666666666668,0.0
2020-02-19,57.11,57.6,-0.005532517569725667,-0.010337790204786385,-0.005592464767864838,-0.3689484649520651,-0.008543335025074003,57.698,56.742999999999995,55.970666666666666,2,19,2,57.43402562030595,56.455307934323635,51.40664961636828,0.7228185046056552,0.6740719721966747,59.36402511082154,54.12197488917845,0.010980455484906879,0.014644273489371156,0.013388828277487882,439246599.0,0.28004310106359165,0,0,-1,0,0,0.0013888888888888592,-1.1464206442837679,0.1278142083004291,0.23247063470455298,-0.01415501467288105,0.0666791184161375,1.0897391562674865,0.011906846436701098,0.0
2020-02-20,56.94,57.11,-0.011157716870653134,-0.003991328509126308,-0.0061527837594172975,0.3151115526921864,-0.002981150826880118,57.69699999999999,56.916,56.059,3,20,2,57.34420278025032,56.486578390173726,58.008658008658,0.6395295604992057,0.6671634898571809,59.03977419752743,54.792225802472565,0.008439209309725342,0.014679825416567613,0.013416085282426184,436321816.0,0.022601272798155738,0,0,-1,0,0,-0.001225704780248648,-0.6804936625648111,0.06944872918376777,0.23303500405249838,-0.02633378932968533,0.06469708302169042,0.7347029289913124,0.014049877063575644,0.0
2020-02-21,56.53,56.94,-0.008981305418841045,-0.012422519998557209,-0.022288521838304653,-0.2296761803114172,-0.007226611162691975,57.57800000000001,56.972500000000004,56.131,4,21,2,57.1961659111139,56.48937978435607,61.94144838212638,0.534280050894445,0.6405868020646337,58.983594229512384,54.96140577048762,0.007208669347528787,0.012657202119790508,0.013513723358251423,433997225.0,-0.44005894254621086,0,0,-1,0,0,-0.007200561995082484,-0.8913406171628803,0.04075315721831047,0.20092685461707152,-0.0343354970960027,0.02039711191335747,0.9437794946986932,0.02370422784362279,0.0
2020-02-24,54.11,56.53,-0.029804719616315475,-0.0323849752073822,-0.03878806243986964,1.1762275730961442,-0.043752459032555514,57.26299999999999,56.8505,56.12466666666666,0,24,2,56.635044836365914,56.33587141117181,43.598615916955026,0.2526825142993232,0.5630059445115716,59.23152565250204,54.46947434749795,0.01480253223664522,0.015185910707809553,0.01574002367924585,426460621.0,-2.3019491596994794,0,0,-1,0,0,-0.029364938970458228,1.8526947550711519,0.2614487406023029,0.24106885898938157,-0.06658616525789196,-0.04314765694076039,-2.14815070262868,0.030308630567362792,0.0
2020-02-25,49.66,54.11,-0.008418790573050079,-0.008950648850524934,-0.07389171697176547,0.2153905200447902,-0.08581923157462341,56.487,56.520999999999994,55.982,1,25,2,55.36685486611756,55.90517002980589,26.224328593996844,-0.32580766410767126,0.38524322278772305,60.52364070727778,52.51835929272221,0.028012071428205637,0.02350695630729971,0.021746242472689945,417112623.0,-3.4282367575610815,0,0,-1,0,0,0.005544261689151676,2.5937273258268303,0.5381697238192202,0.3731613628150575,-0.13784722222222234,-0.11715555555555557,-1.288026161773548,0.09967780910189293,0.0
2020-02-26,48.9,49.66,-0.08272657312830842,-0.07662348343624076,-0.03011597054904488,-0.006622114638466418,-0.015422383599194121,55.58399999999999,56.086,55.812333333333335,2,26,2,54.191063072278006,55.45322357627003,16.872427983539083,-0.8359545826418397,0.14100366170181053,61.301993219237964,50.87000678076203,0.0268318373741784,0.02249335082839933,0.02185921760999302,407826324.0,-2.7553716801226376,0,0,-1,0,0,0.008658880386629215,2.199067225798867,0.5240430675800641,0.35707087466683995,-0.1437576606548766,-0.15104166666666674,-1.2568713974393708,0.04907975460122697,0.0
2020-02-27,46.63,48.9,-0.060487378290058985,-0.025480363355070826,-0.0520817652330772,0.10844875046065512,-0.047533285660596725,54.399,55.57299999999999,55.550333333333334,3,27,2,52.81632433186382,54.88398334554293,9.3772893772894,-1.4071984124604384,-0.16863675313063925,62.26529596350435,48.880704036495636,0.02664690908214184,0.024082026722184124,0.023105595349325245,397476300.0,-2.672625373644435,0,0,-1,0,0,-0.03578732106339468,2.258244598639214,0.47036272269761675,0.38229032263986695,-0.18106779065683165,-0.18034804007734218,-0.6087893972537232,0.0765601544070341,0.0
2020-02-28,46.19,46.63,-0.045117172376909556,-0.050854883140092,-0.014566578462705359,0.13542501689599007,-0.009480786377715574,53.164,55.090999999999994,55.25566666666667,4,28,2,51.611538089706755,54.32308119421758,9.391049156272942,-1.873817385538139,-0.5096728796121393,62.98590948583027,47.19609051416972,0.025832962356924487,0.02398828428153392,0.022947014796158436,385625281.0,-2.2548706900251223,0,0,-1,0,0,-0.03345485738794772,2.283169566866262,0.4610791207449613,0.38080220752835087,-0.182911728285866,-0.1726670248970088,-0.6753048066895185,0.038752976834812866,0.0
2020-03-02,46.95,46.19,0.032095321171588746,0.008728102241734002,-0.014330742343004107,-0.27046910235362304,0.016319881211758012,52.062,54.689499999999995,54.977333333333334,0,2,3,50.76398570976007,53.84739853652613,13.211524947294464,-2.157421226148429,-0.8392225489193973,63.384387729669555,45.994612270330435,0.028525789003691408,0.024603968645703626,0.023223793973910813,394667863.0,-1.7802415029674272,0,0,-1,0,0,0.007577397705131012,1.2654251320250476,0.6024680009773729,0.3905758938105747,-0.13232304564775454,-0.14605311022189882,-0.6104381310494987,0.06048988285410002,0.0
2020-03-03,45.21,46.95,0.021259304057902263,0.025323106825698157,0.015885779866181476,-0.20960927470221818,-0.03776490434775819,50.823,54.189,54.650666666666666,1,3,3,49.754170126167324,53.29014701804057,8.861578266494206,-2.4938353892915615,-1.1701451169938302,63.853635261447884,44.524364738552116,0.02849056588825114,0.025281131428904077,0.023942457697804224,387335224.0,-1.8581146121089795,0,0,-1,0,0,0.012566560170393957,0.6813592452342568,0.3919208900258172,0.40132551973931513,-0.089609343536045,-0.18127490039840632,0.39457553668817436,0.07387746073877469,0.0
2020-03-04,46.93,45.21,-0.03532423352530575,-0.027657325392176264,-0.004226454962284622,0.20348355607849286,0.037338828499812536,49.80499999999999,53.75150000000001,54.43033333333333,2,4,3,49.240684648682354,52.87981495236054,15.273601924233347,-2.5917799856083548,-1.4544720907167352,63.911446694844685,43.59155330515533,0.034409834794238564,0.02719339174819076,0.02493100135081118,396322583.0,-1.3428220058401192,0,0,-1,0,0,0.015040920150409195,1.0735379156987852,0.5635104049175934,0.4316817112204124,-0.040286298568507184,-0.15714798850574718,0.24405651257041688,0.04709141274238229,0.0
2020-03-05,45.25,46.93,-0.01825229340264372,-0.029537557512891825,-0.015274331100091146,0.18133117617293149,-0.036454459660391195,48.636,53.1665,54.15599999999999,3,5,3,48.5151056216492,52.387568826401804,13.589041095890437,-2.7729983447100253,-1.7181773415153931,63.88310840888823,42.449891591111765,0.03428787815085943,0.026836967032288286,0.025584592839871648,385548428.0,-1.4774263830400194,0,0,-1,0,0,-0.039846580012784946,1.4210041532631001,0.5209420314013599,0.4260236442640436,-0.029594681535492273,-0.20544337137840218,0.4079754937601016,0.033591160220994544,0.0
2020-03-06,45.73,45.25,-0.03385563693933863,0.0237849050234419,-0.03360500334003174,-0.006313280658100589,0.010551867524028655,47.556,52.56699999999999,53.833666666666666,4,6,3,48.00872278134934,51.95804825695653,16.29955947136564,-2.84508682155937,-1.9435592375241888,63.5492461512341,41.584753848765885,0.03558989077757454,0.026703999181121846,0.02457936489720711,396254777.0,-1.2451004841539997,0,0,-1,0,0,-0.03734806629834249,1.258503852691345,0.5308842581855003,0.42391284506472526,-0.009958865555315,-0.20772695772695782,-0.16973246993492208,0.08921933085501856,0.0
2020-03-09,43.62,45.73,-0.015500599535970685,-0.025756212199991895,0.0,-0.10919196348625844,-0.04723877689648082,46.507,51.885000000000005,53.40266666666667,0,9,3,47.21077318474037,51.42010965973353,14.874371859296474,-3.037462843916437,-2.1623399588026384,63.32471199490166,40.44528800509835,0.035837715367214314,0.027800465434262126,0.025090367918035202,386655911.0,-1.4449664473517296,0,0,-1,0,0,-0.06210365186966973,0.866912351050091,0.5807835005633859,0.44131870722542915,-0.07092651757188506,-0.2382116660845267,0.86073544576921,0.06625401192113711,0.0
2020-03-10,45.56,43.62,0.05422673536613833,0.005248207978864833,-0.004927852281240694,-0.024921189147022484,0.043514377805498564,46.096999999999994,51.291999999999994,53.04633333333333,1,10,3,46.91063260569666,51.04203806878298,22.95081967213116,-2.998812002812528,-2.3296343676046165,62.75319053244618,39.830809467553806,0.034028564120069514,0.03048969051596648,0.026877998565447824,396018518.0,-1.0002451287713823,0,0,-1,0,0,0.03805593764328299,0.7229183978926313,0.6604320699799181,0.4840088319394316,0.007741650077416562,-0.20654824103099967,-0.26853387820413965,0.07330992098331877,0.0
2020-03-11,42.49,45.56,-0.028903098534299086,-0.03258628119802601,-0.02091828116381454,0.11391149180469722,-0.06976138445226114,45.456,50.519999999999996,52.54266666666667,2,11,3,46.10688122284272,50.490293677248594,20.206185567010323,-3.179255793938381,-2.49955865287137,62.17691301557207,38.86308698442792,0.03889772625937732,0.03256407004587402,0.028419273767126094,385526285.0,-1.377723242726954,0,0,-1,0,0,-0.03446005267778754,0.9353809452080467,0.7216064938847859,0.5169385861048221,-0.09460899211591722,-0.26652856896254096,0.6207301686726514,0.06472111084961167,0.0
2020-03-12,36.07,42.49,-0.11197474891691035,-0.08902085089676093,-0.15619456391719785,0.4409032045316676,-0.1638072592112726,44.4,49.3995,51.84866666666667,3,12,3,44.2819937277804,49.55995214968417,16.192994051553214,-3.7965350514422553,-2.758953932585547,62.09660033204779,36.702399667952214,0.058136875083094716,0.044023716190256815,0.03840255135924442,369220198.0,-2.0996132426166665,0,0,-1,0,0,-0.07437044010355386,2.140746003107632,1.1987228249313722,0.6988548289698445,-0.20287292817679559,-0.3832079343365252,-0.5118335179980591,0.13834211255891327,0.0
2020-03-13,41.28,36.07,-0.0035659742321781365,0.016610054565620338,0.019466688136558136,-0.13200717354823774,0.1349166262578597,43.909000000000006,48.536500000000004,51.36366666666666,4,13,3,43.73617668636578,49.02576168841423,30.590015128593052,-3.821280509014322,-2.971419247871302,60.961092379207344,36.111907620792664,0.07897222673233797,0.057685299390221746,0.04809012353845712,383509788.0,-1.1680866105746566,0,0,-1,0,0,0.08649847518713605,1.4688870367083942,1.7958934416200885,0.9157257389449958,-0.09731029958451776,-0.29484113426716774,0.45771607407905945,0.12039728682170539,0.0
2020-03-16,37.52,41.28,-0.07110935162309416,-0.04534407388142395,-0.012749618380615056,0.10273413233349447,-0.0955039970352833,42.966,47.513999999999996,50.78166666666666,0,16,3,42.60596274339018,48.28345448271009,31.242274412855394,-4.097063639487999,-3.196548126194642,60.03532564026101,34.992674359738984,0.08246475581355647,0.06006004558190203,0.05037533363283369,367674111.0,-1.5963166021120536,0,0,-1,0,0,-0.11579457364341088,1.658500753447641,1.8715229022743736,0.9534236660454983,-0.13984410820724424,-0.3527686734517853,0.682787505981316,0.0959488272921109,0.0
2020-03-17,38.25,37.52,0.04578500087036282,0.03094831472171515,0.004175371410480592,-0.66680094652565,0.01926943613452076,42.269999999999996,46.546499999999995,50.215999999999994,1,17,3,41.81396951731924,47.63613483866428,33.52922981750696,-4.208209241545852,-3.3988803492648842,58.77326318142792,34.31973681857207,0.08303174425703219,0.06063876956976675,0.05061308053557889,375803327.0,-1.3571048816259272,0,0,-1,0,0,0.018390191897654524,-0.31345901196125986,1.8215047294166344,0.9626106245433239,-0.16044776119402993,-0.3359375,0.8925883489950147,0.12261437908496726,0.0
2020-03-18,35.15,38.25,-0.06570818337823552,-0.11086428771413659,-0.2110640256596086,0.558255533389495,-0.08451894201587098,41.092,45.448499999999996,49.531666666666666,2,18,3,40.602338695988465,46.830577752298844,32.68998793727383,-4.494625776018012,-3.6180294346155097,57.62505949160587,33.271940508394124,0.08336547529540629,0.062159947324509725,0.05205167499853639,361596537.0,-1.69152871253977,0,0,-1,0,0,-0.06457516339869278,1.1926859630648752,1.8420456270855352,0.986758572777165,-0.17274652859496364,-0.38452109963228853,0.9584412908848003,0.20682788051209114,0.0
2020-03-19,30.86,35.15,-0.03209135244466096,-0.038342460818862896,0.045271770816864586,0.2393749162338056,-0.13016377132165913,39.653,44.1445,48.662000000000006,3,19,3,38.83100438762692,45.800217897311825,29.289381248311273,-5.010027610421915,-3.896429069776791,56.71880374759686,31.570196252403143,0.08884728843494148,0.0658236237969344,0.05515651351096825,343547453.0,-2.112959932678399,0,0,-1,0,0,-0.01422475106685633,2.032287298431187,1.731848651433806,1.0449176337585695,-0.14444136401441643,-0.4580259922725676,1.195250293363836,0.1474400518470511,0.0
2020-03-20,31.94,30.86,-0.07768857845450526,-0.03188675947589381,-0.028264558169631582,-0.35828778588127363,0.034398295851851675,38.274,42.915000000000006,47.80266666666667,4,20,3,37.578094498967474,44.906010291033645,29.8955263862845,-5.270584288539837,-4.1712601135294,55.19552030442341,30.6344796955766,0.09052617531119792,0.06719018068133936,0.05572575187351602,356161451.0,-1.7873835518266834,0,0,-1,0,0,0.03888528839922239,0.4609766614466926,1.1188521819802215,1.066611051769922,-0.22625968992248058,-0.43499027065275075,0.42047510054930476,0.13462742642454614,0.0
2020-03-23,33.73,31.94,-0.01160797347857752,0.01578057294404435,0.020034059033116097,-0.27348591965648505,0.054528506286692396,37.285000000000004,41.896,47.01833333333333,0,23,3,36.878440953700654,44.18497736903147,34.6441947565543,-5.271868474660252,-4.391381785755571,53.63547080309968,30.15652919690032,0.09438036347155691,0.06948294928346394,0.057325566014667276,365757210.0,-1.3912041074021597,0,0,-1,0,0,-0.007827175954915467,-0.5784870717610133,1.2422097137171924,1.103007624980155,-0.10101279317697243,-0.3766401774163741,-0.6361032180157999,0.1257041209605693,0.0
2020-03-24,37.66,33.73,0.18683434190970016,0.12622000927357155,0.1754106792541076,0.2831160315980113,0.11021087415544753,36.495,41.296,46.35966666666666,1,24,3,37.02054259848235,43.76401108715848,38.29249810558221,-4.899292056667299,-4.492963839937916,52.582564719075634,30.009435280924365,0.10237168914187013,0.0743126182491257,0.06215810430707318,378493269.0,-0.6443058788038013,0,0,-1,0,0,0.1325229765787135,0.4283586228278397,1.575523476810568,1.1796762429676007,-0.015424836601307224,-0.24164317358034637,-0.2792321517407559,0.08178438661710052,0.0
2020-03-25,39.4,37.66,0.08333972324510379,0.06433085838113992,0.03435452350210864,0.249170810634871,0.04516729307488185,36.186,40.821,45.742,2,25,3,37.4531712169401,43.48246198476116,42.622950819672134,-4.412751648762082,-4.476921401702749,51.5457630816668,30.096236918333197,0.10210640539308675,0.07539384779021045,0.06296028413605419,394833138.0,-0.26499419878637603,0,0,-1,0,0,0.10249601699415845,1.463523696317728,1.4087693589826207,1.196840229822921,0.12091038406827881,-0.19427402862985688,-1.4901879015121662,0.11218274111675114,0.0
2020-03-26,41.23,39.4,-0.015045175808877218,0.04291900346129853,0.07111694300460561,-0.5980054762951793,0.04540033041492043,36.702,40.551,45.167,3,26,3,38.13986735931462,43.33714185671205,44.51219512195122,-3.8352883474259514,-4.34859479084739,50.92619694169397,30.17580305830603,0.08841080470355682,0.07576279911103238,0.06372840903845939,403818552.0,0.13088908168506222,0,0,-1,0,0,0.03807106598984772,-0.8868087587309417,0.5149218041377763,1.2026971504676227,0.3360337005832792,-0.11580527557366516,1.9432560275528048,0.08488964346349746,0.0
2020-03-27,36.38,41.23,-0.026258630332358483,-0.08176595469656772,-0.10408546489883692,-0.08056432773431993,-0.12514697362883226,36.212,40.060500000000005,44.428333333333335,4,27,3,37.81989147580287,42.88829399498869,41.72382258802013,-3.7260474321634405,-4.2240853191106,50.2389032973841,29.88209670261591,0.08521898336630918,0.07996504929133512,0.0666610379342295,395528649.0,-0.7231979108051085,0,0,-1,0,0,-0.03371331554693169,-1.0212658660644827,1.3859565825941118,1.2694058040113672,0.1390106449592987,-0.21238363282095685,-1.5648862103184376,0.11105002748763053,0.0
2020-03-30,35.1,36.38,-0.11477551459242818,-0.07740957220442393,-0.04533354130152119,-0.10808274555493233,-0.03581804261815611,35.97,39.468,43.666000000000004,0,30,3,37.32536575292962,42.385823414666845,37.8597957288765,-3.7001060035997853,-4.1192894560084365,49.33255344842489,29.603446551575118,0.0809798864888269,0.07994104540770092,0.06677260187101818,388088019.0,-0.8855950799673469,0,0,-1,0,0,-0.023639362286970847,-1.227332576284078,1.4266718144472594,1.269024754171792,0.040616661725467074,-0.25239616613418536,-0.5683579115408088,0.07549857549857546,0.0
2020-03-31,35.61,35.1,-0.007063173876008742,0.008576841641827926,0.012959144642505336,0.04638649529957953,0.014425366817866183,35.706,38.988,42.933,1,31,3,37.01348107057878,41.94867351694641,41.51036525172753,-3.5969313116641572,-4.014817827139581,48.607337103760266,29.368662896239734,0.08083873098569651,0.07990051819904559,0.0669680857701559,395881924.0,-0.7023352989011095,0,0,-1,0,0,0.004843304843304892,-1.1375864062252115,1.0987282006675172,1.2683814046791904,-0.054434413170472595,-0.21234240212342403,-1.1823883001848285,0.07076663858466711,0.0
2020-04-01,32.04,35.61,-0.03520271165243944,-0.09131496873703639,-0.09413776291876663,0.09135517045485061,-0.10564137508952792,35.394999999999996,38.2435,42.09733333333334,2,1,4,36.109211785019,41.30940425778858,44.65091584815503,-3.7598920936329563,-3.963832680438256,47.575268659572494,28.9117313404275,0.08306705901726463,0.08160088999443826,0.06879251255032558,387342469.0,-1.3295443181902005,0,0,-1,0,0,-0.04380791912384168,-0.8981545001014886,1.1257050722948025,1.2953739701209348,-0.18680203045685273,-0.31728105689324526,0.03062290200254577,0.07459425717852697,0.0
2020-04-02,31.5,32.04,-0.058662524494098735,-0.04057835948433197,-0.029995867246984793,-0.08520098923352641,-0.01699757636857102,35.458999999999996,37.556,41.24933333333333,3,2,4,35.27117327865191,40.67653946696351,35.18181818181817,-3.8877970698918887,-3.948625558328983,46.73916170756885,28.372838292431148,0.07276548370182319,0.08146512605416889,0.06874325027196497,379500451.0,-1.3189357201471437,0,0,-1,0,0,0.0021847690387016318,-1.0343764379270048,0.8901054103286532,1.2932187843831568,-0.23599320882852282,-0.30386740331491713,-0.20607205350974464,0.06253968253968262,0.0
2020-04-03,30.54,31.5,-0.024591403137322207,-0.02966843066221336,-0.03762820150406164,0.21634247608874443,-0.030950246041101075,35.319,36.796499999999995,40.383,4,3,4,34.41095995526065,40.022569178772315,38.44370860927152,-4.020283338244134,-3.9629571143120135,45.639491337181354,27.953508662818635,0.07266012675199443,0.0813098804449633,0.06875754482039154,369764370.0,-1.4150189141753042,0,0,-1,0,0,-0.005396825396825451,-0.46057285173478196,0.6665291424264813,1.2907543367386007,-0.16052776250687195,-0.3321670675705226,-1.0069871404808748,0.07039947609692203,0.0
2020-04-06,30.7,30.54,0.014575669958610921,0.0025062669760597587,0.009040744652149024,0.350584319039211,0.0052253548026650306,35.016,36.1505,39.60266666666667,0,6,4,33.73623996339508,39.42111310272249,37.2595342558218,-4.065504393639841,-3.983466570177579,44.77974885430157,27.521251145698425,0.06986817681077509,0.08114573660072151,0.06871936494744658,383588602.0,-1.2632617489720426,0,0,-1,0,0,0.040929927963326784,0.6707323195192104,0.7202703122041361,1.2881486339919652,-0.1253561253561254,-0.2961944062356717,-1.4383680657711666,0.06384364820846908,0.0
2020-04-07,32.77,30.7,0.062491759815311326,0.10307379797930667,0.07448885199073918,0.014436496133457452,0.06525080811757183,34.527,35.511,39.03966666666667,1,7,4,33.56055997005052,38.99200903157911,45.83916083916085,-3.8894752559169277,-3.9646683073254487,43.02818844417612,27.993811555823886,0.061429680666157276,0.08217549949410659,0.06920574357935189,397613855.0,-0.729262016072929,0,0,-1,0,0,0.10228013029315974,0.6606015111710277,0.9628238569162972,1.3044956131435208,-0.07975287840494238,-0.28072870939420536,-0.10411689285776397,0.09490387549588035,0.0
2020-04-08,34.3,32.77,-0.00830865313901717,-0.01851640995124358,0.00954587695233477,-0.45448107622771755,0.04563189146117075,34.016999999999996,35.1015,38.553,2,8,4,33.69500361185951,38.68929877147723,56.656346749226,-3.5851849029326885,-3.8887716264468972,41.873265765215116,28.329734234784887,0.06148108242077045,0.08216738543822717,0.07000640665001988,406516767.0,-0.2367181700575385,0,0,-1,0,0,0.0241074153188892,-0.7946000919290006,0.6607027772555907,1.3043668064996345,0.0705368289637951,-0.19275123558484364,0.35248090087750616,0.0626822157434402,0.0
2020-04-09,36.47,34.3,0.07848285967179945,0.07021887830692959,0.0738233556725064,0.1494282793213292,0.06134465064869471,33.541000000000004,35.1215,38.214333333333336,3,9,4,34.19954840970323,38.546118205575475,58.410694392870404,-3.132818559108202,-3.7375810129791582,41.9076570397695,28.3353429602305,0.06345611305751554,0.0761989927902192,0.07086231518419224,416854563.0,0.397426700295107,0,0,-1,0,0,0.05830903790087464,-0.3124544395323243,0.6667018984413732,1.2096215104591426,0.1577777777777778,0.011089548100914781,-0.8524480711537138,0.05977515766383328,0.0
2020-04-13,34.26,36.47,0.011503824481484713,-0.015939821480776814,-0.04007504895919694,-0.1325856863499893,-0.06251151192461506,33.329,34.7705,37.81666666666667,0,13,4,34.210539607939005,38.26959445037706,50.96892138939672,-2.918995143757293,-3.5738638391347854,40.910921638188135,28.630078361811858,0.05469835489351761,0.06973377369388782,0.07156773362360522,407800433.0,-0.16627522671248815,0,0,-1,0,0,0.006854949273375377,-0.6268153299197147,0.849337047023739,1.106989339056511,0.12180746561886058,-0.1700581395348838,-1.2836142068147447,0.08669001751313482,0.0
2020-04-14,34.78,34.26,-0.04312811926639851,-0.018414702021331643,0.028047412555156116,-0.04262468412756566,0.015064016030163165,33.297,34.6335,37.410999999999994,1,14,4,34.314077861041,38.04445932454629,43.98496240601505,-2.6767232924851356,-3.3944357298048553,40.636352918228724,28.630647081771276,0.05388413314477269,0.06697713030872463,0.07155345261082259,416476743.0,0.04881012478421054,0,0,-1,0,0,0.026561587857559944,-0.6642158911487922,0.8380638079048852,1.0632289819539127,0.13289902280130295,-0.0730277185501067,-1.5067780014776686,0.03852788959171927,0.0
2020-04-15,32.82,34.78,-0.0005688282292172925,-0.02215768676123386,-0.06517254519408494,0.8343446875102036,-0.058004423264192126,33.017999999999994,34.362,36.998,2,15,4,34.042427340851724,37.70739743264008,36.382450331125824,-2.6127584712036978,-3.238100278084624,40.16396191863198,28.56003808136802,0.0564235176866803,0.0678618117476466,0.07191468576534665,396492562.0,-0.5315443367693056,0,0,-1,0,0,0.010638297872340352,2.345767323730223,0.9135514316699126,1.0772728644153267,0.0015257857796764362,-0.1419607843137255,-0.23619919110744836,0.08348567946374147,0.0
2020-04-16,30.68,32.82,-0.09014572917811303,-0.08613515602281449,-0.07401336029878604,-0.12609999565346222,-0.06742710916288945,32.882,34.1385,36.45633333333333,3,16,4,33.431076915242315,37.25401695311491,28.44299141806293,-2.7035808081347312,-3.1311963840946455,40.1531357460687,28.1238642539313,0.0507701291399225,0.06701958021241408,0.07210154023205302,378875973.0,-1.1500280801744487,0,0,-1,0,0,-0.021328458257160354,1.5660552680200805,0.9112669718988358,1.0639028532839583,-0.10553935860058306,-0.12716927453769555,0.9754714663619897,0.07007822685788795,0.0
2020-04-17,31.19,30.68,0.011761200257130924,0.018377240001606704,0.022914259522875832,0.1326870306381319,0.016486554120656444,32.851,34.155,35.98766666666667,4,17,4,33.02360838519825,36.86279005291396,37.108792846497764,-2.7032441113355645,-3.0456059295428295,40.13346838333356,28.176531616666445,0.05087110467202615,0.061145511809583726,0.07212811722157977,398992225.0,-0.9918928427440253,0,0,-1,0,0,0.05932203389830509,2.072639333949346,0.6680911579798587,0.9706549082155294,-0.14477652865368795,0.010693454309786299,0.5840331791888357,0.06572619429304277,0.0
2020-04-20,31.06,31.19,-0.05893374446330121,-0.04563883739931379,-0.04602699494885158,-0.32493301167596483,-0.004176712899171004,32.903,34.111,35.498666666666665,0,20,4,32.66658867879857,36.488416501113065,39.3572181243414,-2.6825444872184363,-2.972993641077951,40.170511531467916,28.051488468532078,0.049778143726108295,0.06066955478124811,0.07203452919579148,384456709.0,-1.0070118636314873,0,0,-1,0,0,-0.017633857005450487,0.6796324451452208,0.624327978544383,0.9630993246251531,-0.09340338587273789,-0.02755165936130255,-0.45449624882560224,0.0634256278171281,0.0
2020-04-21,30.11,31.06,-0.019443683891173937,-0.007973252254215234,0.003045172375166584,-0.1469654481637682,-0.03106347522689852,32.844,33.92999999999999,35.04833333333333,1,21,4,32.201754373562466,36.07690575910578,35.83934088568486,-2.711540001232443,-2.9207029131088493,40.24817095451832,27.61182904548166,0.05086124869232363,0.05956818226633359,0.07182308458819671,371907852.0,-1.2092107122451903,0,0,-1,0,0,-0.03251770766258848,0.16577142273599424,0.547266209906576,0.9456155779733196,-0.1342725704427833,-0.10732285798991992,0.27655596023500295,0.0541348389239455,0.0
2020-04-22,29.71,30.11,0.019117259863467233,-0.013539858686410743,-0.027398974188114503,0.22247431031590334,-0.013373653019126141,32.538,33.5325,34.519999999999996,2,22,4,31.748708123823835,35.66613764561508,42.830769230769235,-2.7352653754458913,-2.883615405576258,39.86291072917018,27.202089270829816,0.0448896720501503,0.052390118172646695,0.07108985860509898,356232275.0,-1.2076625557283758,0,0,-1,0,0,0.017270009963467274,0.8715833525978683,0.4886538293957486,0.831667343052653,-0.09475929311395492,-0.2110993096123207,-0.6836010225290015,0.06765398855604167,0.0
2020-04-23,30.14,29.71,-0.027136013154703837,-0.0009741841978432636,0.027061079270218103,-0.29992801804960134,0.0143695037238331,32.122,33.0695,34.108333333333334,3,23,4,31.456215737674047,35.309612636220564,45.78686493184635,-2.6883805219043424,-2.844568428841875,38.93009265909026,27.208907340909732,0.04148860428687595,0.051047484205253346,0.07044585237804883,367845864.0,-0.9997282426568583,0,0,-1,0,0,0.00336587007741494,-0.040065619871415624,0.3132705607370193,0.8103536895755882,-0.017601043024771834,-0.23502538071065981,-0.39986167350712065,0.039482415394824194,0.0
2020-04-24,29.33,30.14,0.012998016690843862,-0.011436164501853486,-0.02706107927021806,0.26100487262999755,-0.02724231020898986,31.407999999999998,32.4745,33.88366666666666,4,24,4,31.069631058096945,34.92383117581924,46.21638524077548,-2.6856259440936796,-2.812779931892236,37.141420431696154,27.807579568303844,0.03201353694990889,0.049226757626712615,0.06526247980171149,352768708.0,-1.3475695787070265,0,0,-1,0,0,0.001990710019907058,0.7333524632552034,0.28951676740325405,0.7814505511820025,-0.059634498236614375,-0.2886247877758913,0.6642935133572361,0.05557449710194337,0.0
2020-04-27,29.11,29.33,-0.013669157655633007,-0.017236091267023076,0.0017346058122083715,-0.06051014640038006,-0.007529125231827776,30.893,32.111000000000004,33.477999999999994,0,27,4,30.713334502079316,34.54874529350832,45.04672897196262,-2.6704122327708646,-2.784306392067962,36.627169312941184,27.594830687058824,0.028991485658630824,0.042989087211626184,0.058862801696545015,338576819.0,-1.3290024319507125,0,0,-1,0,0,0.01568360040913743,0.4527986264727153,0.28469964075843873,0.68243060310978,-0.06278171281390854,-0.19983507421660263,0.8556173688936065,0.036413603572655405,0.0
2020-04-28,29.69,29.11,-0.022747543396705667,0.0188778581765888,-0.021016535361658664,1.3377663308260452,0.019728531018136725,30.384000000000004,31.8405,33.217,1,28,4,30.52727368351944,34.23527785521746,39.42307692307692,-2.5817928038681366,-2.743803674427997,36.24966975118113,27.431330248818863,0.02958718096890578,0.043069169589791206,0.057042276684944306,392655332.0,-0.9754670930616443,0,0,-1,0,0,0.0003435245620062372,3.9253446811177373,0.3100883592372316,0.6837018714519197,-0.013948854201262018,-0.1541310541310541,0.056093578390494635,0.07510946446615023,0.0
2020-04-29,30.97,29.69,0.0126259994986995,0.04239555896768555,0.04092110465293145,0.6226879780316967,0.042208705209442886,30.198999999999995,31.6085,32.974333333333334,2,29,4,30.607769377424994,34.02461476778408,38.36477987421385,-2.380831225054113,-2.671209184553221,35.65600358408141,27.560996415918588,0.03093868801685829,0.04429335346998044,0.057569784045166494,493453977.0,-0.31550311777915774,0,0,-1,0,0,-0.006736274840013568,3.7750816447369147,0.42532919324919005,0.7031351880878884,0.042409962975429094,-0.13030047739399042,-0.1361810457951673,0.07652567000322896,0.0
2020-04-30,31.25,30.97,0.040537111625546254,-0.0034651160833017165,0.025164891094321403,-0.4809053986105729,0.009000382197299166,30.256,31.569,32.84433333333333,3,30,4,30.724538581529536,33.84560736341091,28.98550724637684,-2.1739145325353846,-2.571750254149654,35.6141915574959,27.523808442504098,0.022822867107343867,0.03840500497135425,0.05580948605671648,555770058.0,-0.15771811814888195,0,0,-1,0,0,-0.008395221181788764,1.719014618505029,0.42236308281949614,0.6096605535264157,0.036828135368281334,-0.024656679151061178,0.06082284049069242,0.04832000000000005,0.0
2020-05-01,29.23,31.25,-0.006861650839365049,-0.02330512498130302,-0.048541686096343385,-0.5403954371371408,-0.06682379705925597,30.060000000000002,31.4555,32.79,4,1,5,30.45280429397871,33.547826243190855,29.435813573180724,-2.148165961102926,-2.4870333955403083,35.634028952935516,27.276971047064485,0.030307648685808486,0.04087968343281438,0.05244763115599749,519469828.0,-1.0652074091464818,0,0,-1,0,0,-0.024,0.5487176815523389,0.6434549385455285,0.6489448562296445,-0.0034094783498124226,-0.07206349206349205,-1.135441565068487,0.07560725282244272,0.0
2020-05-04,27.56,29.23,-0.11340737692769769,-0.10263669489271064,-0.08149303425118291,0.17843278564622406,-0.05883013297769679,29.71,31.3065,32.644,0,4,5,29.92683987689167,33.161514872662416,23.01943198804186,-2.2367314283726216,-2.4369730021067713,35.82146354242953,26.79153645757047,0.034306393507904244,0.04223690676625048,0.05299412615350148,476078619.0,-1.6595925813318908,0,0,-1,0,0,-0.06842285323297981,0.7743934927642652,0.7648635036410503,0.6704901087127205,-0.05324630711095846,-0.09757694826457108,-0.32039287731824506,0.05224963715529758,0.0
2020-05-05,26.42,27.56,0.030382083688122972,0.006777268672949691,-0.012148972510422629,-0.16965402229859877,-0.04224414705127846,29.341,31.0925,32.400333333333336,1,5,5,29.28923262654773,32.72657842926484,24.522292993630586,-2.371570681323263,-2.4238925379500698,36.10663528253608,26.07836471746392,0.035137261915780045,0.042964046245050326,0.0521960289773933,439458315.0,-1.863731126790306,0,0,-1,0,0,0.0185050798258346,0.4389765202622209,0.7373714328868014,0.6820330900888897,-0.11013809363422022,-0.13941368078175886,0.7604087115046531,0.07380772142316423,0.0
2020-05-06,24.93,26.42,-0.05567164268584329,-0.05067605082796841,-0.05536251698048572,0.007814949253868714,-0.05804940155871281,28.863000000000007,30.700499999999998,31.976,2,6,5,28.496644876266323,32.22357336931227,25.860621326616297,-2.569047923021653,-2.4529236149643863,36.348256797357664,25.052743202642336,0.03779855629015653,0.04059150572814909,0.04744208204231554,402550704.0,-2.0434661785364985,0,0,-1,0,0,0.004920514761544247,0.4037872119572115,0.47320838958020917,0.6443701769900178,-0.195027445915402,-0.23924321025328055,1.8242049490441172,0.07902125952667464,0.0
2020-05-07,25.45,24.93,-0.06055400284108686,-0.01773296797634858,0.007240578696259487,-0.40954338652660877,0.020643845461065114,28.394,30.258000000000003,31.511,3,7,5,27.942709444217897,31.78656863580825,25.9228187919463,-2.6530081787908024,-2.4929405277296697,36.10169601860752,24.414303981392482,0.03843294507034098,0.038978293142113395,0.04657764867977204,427055636.0,-1.645533917127226,0,0,-1,0,0,0.0024067388688326806,-0.16097678303827762,0.5541760158385866,0.6187612211028387,-0.1856,-0.2580174927113702,1.9306362462778106,0.05186640471512771,0.0
2020-05-08,27.2,25.45,0.04115807249350755,0.035891702988219816,0.037755172376490884,-0.24831482496730964,0.06650123030541993,28.181,29.7945,31.043333333333333,4,8,5,27.807671363451004,31.49066098188514,35.745937961595274,-2.548954154920011,-2.5041432531677383,34.99920424863741,24.589795751362587,0.04650470475080455,0.039567325016365236,0.04773013409234927,446172284.0,-0.9969826818418116,0,0,-1,0,0,0.023182711198428286,-0.41867764606439833,0.8862390973518467,0.6281118122242026,-0.06944919603147459,-0.254181519056759,0.9505195724644218,0.0485294117647059,0.0
2020-05-11,26.09,27.2,0.022028995626597186,-0.013681115590576722,-0.005029997062977281,0.0841666036964456,-0.04166487415331453,27.878999999999998,29.386000000000003,30.700333333333333,0,11,5,27.49536747918718,31.142231241118356,35.32846715328468,-2.5269294449936623,-2.508700491532923,34.39373464909879,24.378265350901216,0.0477576022780773,0.038570521846500026,0.043802455890211624,425377001.0,-1.316363677773208,0,0,-1,0,0,-0.021323529411764644,-0.37711900997762704,0.8415387295602581,0.6122880524629373,-0.053338171262699574,-0.23847051955633392,0.9814816269299295,0.041395170563434204,0.0
2020-05-12,25.24,26.09,-0.016285154447345022,-0.008975378128125924,-0.025138794348940036,-0.2121178137612646,-0.03312206147562471,27.433999999999997,28.909000000000002,30.37166666666667,1,12,5,27.08530066478951,30.761442128788143,34.20494699646643,-2.54868296918249,-2.5166969870628364,33.55796547631786,24.260034523682144,0.046998850482456986,0.038222893080877764,0.04375354568494066,408556333.0,-1.5784156792258994,0,0,-1,0,0,0.0038328861632810052,-0.5810726547713443,0.8228777211888104,0.6067696168884841,-0.04466313398940214,-0.27429557216791267,0.9389863732837643,0.058637083993660875,0.0
2020-05-13,24.0,25.24,-0.04570215348085551,-0.05879496682922735,-0.0666090801316752,0.3071063085762173,-0.05037620732506672,26.737000000000002,28.468,29.98466666666667,2,13,5,26.524336907555053,30.3252200559631,29.478609625668454,-2.6355988873454486,-2.540477367119359,33.226901244260816,23.709098755739184,0.04319944681339115,0.03784575828653561,0.044065485859388444,385688879.0,-1.8777443660501936,0,0,-1,0,0,-0.008716323296354947,-0.31455162558040506,0.797181552242919,0.600782787629011,-0.03730445246690728,-0.2687385740402194,1.0318121328830474,0.06583333333333341,0.0
2020-05-14,24.78,24.0,-0.06779454899484273,-0.01162104843402871,-0.04567003683318844,0.011157313654409525,0.03198304585305074,26.089999999999996,28.173000000000002,29.742666666666665,3,14,5,26.207184742545046,29.96746392332032,34.76222371064971,-2.6114378672469662,-2.5546694671448806,33.08360763739242,23.262392362607585,0.04577376750787545,0.03730505522857509,0.04150091930743704,408812901.0,-1.3819063751555267,0,0,-1,0,0,-0.025833333333333375,-0.3172236022756619,0.8261813326821563,0.5921993926820371,-0.026326129666011666,-0.1923076923076923,0.818405145939475,0.09443099273607747,0.0
2020-05-15,23.87,24.78,0.04147191159319265,0.00241546011160378,0.05540144428341236,-0.21466178211487935,-0.037414435850257714,25.554,27.807,29.488333333333333,4,15,5,25.782242062082307,29.57407915407385,33.22663252240717,-2.6353409099932,-2.5708037557145444,32.859903698812154,22.754096301187843,0.0436875481449904,0.03721144678714954,0.04180951907354983,390156110.0,-1.558311907240787,0,0,-1,0,0,-0.01654560129136401,-0.5170280352967007,0.5224512211435753,0.590713404742267,-0.12242647058823519,-0.23469060596344982,2.0406419255060873,0.04692082111436954,0.0
2020-05-18,27.09,23.87,0.055081759472630346,0.09102422346599814,0.07305478616906332,0.37505401383860304,0.12654221574626492,25.506999999999998,27.608500000000003,29.373333333333335,0,18,5,26.020016232612797,29.41381598284328,42.88061336254107,-2.367169893227512,-2.530076983217138,32.429948897756795,22.78705110224321,0.0630673665134019,0.04975399466464898,0.049065112320752814,417303047.0,-0.21508057473812003,0,0,-1,0,0,0.07875994972769162,-0.16080748112830623,1.2192826388728417,0.7898201796881741,0.03832886163280946,-0.12781712813908563,1.460639845201696,0.06238464377999253,0.0
2020-05-19,27.69,27.09,0.10146946016485965,0.057423511672797016,0.05260359017379416,0.2743623196000838,0.021906681085866807,25.634000000000004,27.4875,29.273,1,19,5,26.323649644865014,29.302602048466294,40.671217292377705,-2.082224852818751,-2.4405065571374607,32.163903813998,22.811096186002008,0.06162014127906598,0.04976154790214765,0.049257929111380855,453020039.0,0.0866050101977303,0,0,-1,0,0,0.05204872646733112,0.18504945064347092,1.1599201070418257,0.7899400836162634,0.09706814580031708,-0.08037196944536695,1.0238416168740814,0.06933911159263277,0.0
2020-05-20,29.15,27.69,-0.0010531859846587012,0.016500890035251094,0.04501667506477367,-0.27222807775165087,0.05138357561363088,26.056,27.459500000000002,29.15233333333333,2,20,5,26.83753152761683,29.292756755016857,44.40298507462686,-1.7187810194179391,-2.2961614495935563,32.08631645695092,22.832683543049086,0.058874236064872125,0.05121397867715918,0.04860942845809432,480224976.0,0.7307400307441805,0,0,-1,0,0,0.028169014084506953,-0.2463391576881527,0.9857126961708327,0.8129967073795674,0.21458333333333335,-0.018848872433524178,0.6048889068364833,0.03979416809605477,0.0
2020-05-21,29.6,29.15,0.029077853432854957,0.026578519942333227,0.02972766556776052,-0.20587045124429,0.01531944853351346,26.471000000000004,27.432499999999997,28.99566666666667,3,21,5,27.339798522595586,29.312578899854483,51.076207097149506,-1.3785468933128229,-2.1126385383374098,31.999368672699077,22.865631327300918,0.058862432224214965,0.05122850874574399,0.04784172292721258,502368122.0,0.9492280839855997,0,0,-1,0,0,0.005488850771869645,-0.5237840617501922,1.0024035114752365,0.8132273650676162,0.1945117029862793,-0.01791639017916391,0.818769278707453,0.037162162162162206,0.0
2020-05-22,28.87,29.6,0.015236455242090203,-0.0046589102572411785,-0.024770148332233566,-0.23315001793003565,-0.024971367655171016,26.637999999999998,27.409499999999998,28.74233333333333,4,22,5,27.618016973032752,29.28402542244452,54.03076923076924,-1.1545053769249094,-1.9210119060549098,31.94062499101565,22.878375008984346,0.057072026704915034,0.051169065256305934,0.046257721430412006,484829981.0,0.6446522675476369,0,0,-1,0,0,0.00540540540540541,-0.7581366055978995,0.9481817293318823,0.8122837289269261,0.20946795140343522,-0.0156836004091373,1.0971191647675373,0.057845514374783566,0.0
2020-05-26,32.52,28.87,0.06346687858536476,0.09415723207504252,0.10486586843719757,0.8529207045300881,0.11905229100476616,27.281,27.579999999999995,28.68433333333333,1,26,5,28.509286614299523,29.492797975835195,66.25799573560766,-0.6746494267414995,-1.6717394101922278,32.60973892803657,22.55026107196342,0.0652927626746587,0.05833878557836955,0.05109908620871095,525983058.0,1.9643166656080904,0,0,-1,0,0,0.09837201246969171,0.33985449335916107,0.8952770656805397,0.9260995105793236,0.20044296788482852,0.11714187564410872,0.9692952065967496,0.046125461254612435,0.0
2020-05-27,33.66,32.52,0.09585474065812541,0.06522134806748199,-0.0012730746467982078,0.08555465579133317,0.03445490408304997,28.123,27.7785,28.647000000000002,2,27,5,29.44577995715415,29.7616497193297,73.7099402498642,-0.2000654267204105,-1.3774046134978644,33.43336385894071,22.123636141059293,0.06219833219998543,0.0586110490209749,0.05143726910716714,570811973.0,2.080156179428073,0,0,-1,0,0,0.07318573185731843,0.5574028851329395,0.8851337848713359,0.930421558740692,0.2156013001083421,0.13371505557426722,0.7815699928037081,0.11170528817587637,0.0
2020-05-28,32.55,33.66,-0.02907181482197696,-0.030611688527504954,0.029496961234753205,-0.5946010406508617,-0.03353282010808168,28.978,27.857499999999998,28.637999999999998,3,28,5,30.01018360130794,29.941543285824558,68.68421052631578,0.08549258385702885,-1.0848251740268857,33.739672441502776,21.975327558497217,0.06006325171778463,0.05867296745089865,0.05072383113470953,546076155.0,1.595498957797013,0,0,-1,0,0,0.00713012477718366,-0.45578769936162,1.013406247828011,0.9314044833435909,0.11663807890222988,0.051017113335485975,1.2527109562500869,0.05407066052227337,0.0
2020-05-29,32.1,32.55,-0.07406259083720208,-0.03825929862752633,-0.03588675933352429,-0.22568552705607348,-0.013921338518607895,29.709999999999997,27.9,28.685333333333336,4,29,5,30.39015021925195,30.080798557706846,63.84180790960453,0.2723486595646314,-0.8133904073085824,33.89654988525165,21.903450114748345,0.0618224921000089,0.05879370546799999,0.04926007494104209,526337739.0,1.4008054899467395,0,0,-1,0,0,-0.032872503840245676,-0.895238914221567,1.0493762325869977,0.9333211399458382,0.08445945945945943,0.027200000000000113,1.4960552043957769,0.0504672897196262,0.0
2020-06-01,33.62,32.1,0.025714806679408175,0.04701847871740784,0.030305349495328843,0.0529308584211629,0.046265097844499205,30.684999999999995,28.1195,28.766333333333332,0,1,6,30.977395633933412,30.309134134628984,70.78961899503037,0.536895742702324,-0.5433331773064011,34.62114829303397,21.617851706966032,0.057640495574267064,0.057334685338522345,0.0498763899536609,547149071.0,1.6920324668725548,0,0,-1,0,0,0.0062305295950154434,-0.7008621710182625,0.9876349648849784,0.9101599134232276,0.16453065465881522,0.15018816284639058,0.7893064715861237,0.06662700773349203,0.0
2020-06-02,34.48,33.62,0.07627280986326411,0.02298951822469878,0.056519044202048875,0.08883727504943106,0.025258317815022736,31.424,28.465500000000002,28.880333333333333,1,2,6,31.614232791400063,30.5782222549755,75.49668874172187,0.8066474945315498,-0.2733370429388109,35.552001549461615,21.37899845053839,0.04605691383895385,0.05529599977399283,0.05001074309002964,569893834.0,1.697452532260277,0,0,-1,0,0,0.03688280785246883,-0.41110197184306496,0.5415563442323149,0.877796783392013,0.06027060270602691,0.25108853410740206,-0.5517782993551241,0.03393271461716943,0.0
2020-06-03,36.42,34.48,0.006006024060211949,0.04851956479015945,0.02524434069556714,0.15289452528984707,0.054738628503969586,32.297000000000004,28.9655,29.090666666666667,2,3,6,32.48800864750914,30.955111141751274,82.99681190223168,1.1635567303575058,0.01404171172045246,36.81444086049667,21.11655913950333,0.04704823092882603,0.05458005383160312,0.05041222911352523,596396079.0,1.8994919524793803,0,0,-1,0,0,0.017111368909512863,0.10705471454796234,0.6139486417201906,0.8664314938976394,0.08199643493761166,0.37850113550340647,-0.400720453378851,0.056287753981329056,0.0
2020-06-04,38.27,36.42,0.07469845320931082,0.07329573439416241,0.0475614111989392,0.7138646132758427,0.04954822513814898,33.209,29.6325,29.375999999999998,3,4,6,33.53927980250748,31.427039455186677,83.91151332327804,1.5775049153452763,0.32673435244541726,38.265589036711276,20.999410963288724,0.046942713774420976,0.052145700874278084,0.05085441379734978,650510140.0,2.0010218736931757,0,0,-1,0,0,0.037616694124107564,2.7862425266847253,0.45673899724167893,0.8277873387270193,0.17572964669738877,0.5350982751704776,-1.4731871952553997,0.08257120459890244,0.0
2020-06-05,38.18,38.27,0.10514879703108923,0.06310703930969029,0.026157619178557003,0.001094661259655201,-0.0023544811400094084,34.067,30.269,29.644,4,5,6,34.38304711114248,31.862714329045602,87.51966439433666,1.8766665427249265,0.6367207905013191,39.46261769467189,21.07538230532811,0.047823424446127735,0.05245102688870153,0.0508926214450019,596336810.0,1.7209764997264956,0,0,-1,0,0,0.09694277501959743,2.2457065534810297,0.3836876266916087,0.832634238944797,0.1894080996884735,0.500196463654224,-1.216052771734066,0.12519643792561552,0.0
2020-06-08,40.59,38.18,-0.04481997102429477,-0.04195407939985702,0.029633740449858694,-0.550577716110355,0.06120991255320491,35.239,30.938499999999998,30.019333333333336,0,8,6,35.511584000025664,32.42576501749428,86.96604600219058,2.281916632065389,0.9657599588141332,41.09124974420306,20.785750255796934,0.045325973516582546,0.052199483759750726,0.05134750443557634,627574051.0,1.9012583276783206,0,0,-1,0,0,0.05133577789418546,0.22940854561581825,0.4280707240231849,0.8286411155655318,0.2073170731707319,0.492279411764706,-1.0524826157435088,0.04705592510470551,0.0
2020-06-09,38.01,40.59,-0.045358093352954605,-0.045336396317391454,-0.05633795707301665,-0.1589902736333577,-0.06567244784964914,35.788,31.5345,30.316,1,9,6,35.96584145456645,32.78603824217207,75.49407114624505,2.3676035495593126,1.2461286769631692,41.88637137925436,21.18262862074564,0.04274287245315922,0.05384997785779649,0.05307759326005549,600928539.0,1.2510781409006309,0,0,-1,0,0,-0.05493964030549406,-0.19823520649487514,0.8549300894460192,0.8548418971083854,0.10237819025522055,0.45688003066308913,-1.2464740587235985,0.058668771375953804,0.0
2020-06-10,37.14,38.01,-0.0632185723544536,-0.015842429768285406,-0.051034342565528405,0.3510326526828861,-0.023154727076597614,36.136,32.1295,30.56433333333333,2,10,6,36.17932482646346,33.06693900074161,70.33078880407125,2.338354227942766,1.4645737871590887,42.32481672670783,21.93418327329217,0.04386755536376223,0.05339052862092484,0.05338351508306687,563077691.0,0.9829022745069622,0,0,-1,0,0,-0.052617732175743226,0.7093185758433846,0.8327729025804506,0.8475483665834607,0.019769357495881268,0.4714738510301111,-0.1522568284597768,0.09262250942380196,0.0
2020-06-11,32.83,37.14,-0.08910895291128965,-0.08264206912663845,-0.06722721106149941,-0.2855320426276627,-0.12335182441105856,36.164,32.571,30.62633333333333,3,11,6,35.57035667619737,33.05165261359699,56.86941726924713,1.9449725175258976,1.5606535332324507,42.02158928822591,23.12041071177409,0.058494921659541725,0.0597252571683829,0.05760160456803648,534628454.0,0.05481139685599871,0,0,-1,0,0,-0.11308562197092091,-0.16112459671879548,1.0650014936666343,0.9481090647415135,-0.14214789652469306,0.36791666666666667,0.08932307073367385,0.08132805360950356,0.0
2020-06-12,35.87,32.83,0.09049649302567718,0.05045415935847155,0.05419676753466656,-0.05764507687258151,0.08855856003068995,36.541000000000004,33.1255,30.78033333333333,4,12,6,35.62483728052512,33.2334814772359,63.555383423702544,1.8571096672844618,1.6199447600428531,41.9306909928772,24.320309007122802,0.06457160554033589,0.06199047190888558,0.059853427470122914,561484105.0,0.6233822758007426,0,0,-1,0,0,0.09838562290587889,-0.3253908046141433,1.3782570129662912,0.9840682339586803,-0.0605028810895758,0.44753833736884574,0.04090591640135783,0.07471424588792863,0.0
2020-06-15,36.34,35.87,-0.0647234152861983,-0.0018941962097112233,-0.02061321513334417,-0.12611174824266963,0.013017771423834059,36.813,33.749,31.017333333333337,0,15,6,35.75486686588419,33.43390202709165,58.43639575971731,1.804600486414003,1.6568759053170832,41.49724638903901,26.00075361096099,0.06345075858762081,0.06055566787506246,0.05833925820894056,585157800.0,0.6687964914655624,0,0,-1,0,0,-0.05770839141343743,-0.653116229350493,1.2525591246769188,0.9612914260370305,-0.10470559251047051,0.5224130708001677,0.37934838227285017,0.09108420473307656,0.0
2020-06-16,36.57,36.34,0.13045714533784444,0.04527576704353853,0.05527227638695523,0.24443708008203013,0.0063091691932645345,37.022000000000006,34.223,31.317666666666664,1,16,6,35.90307289026888,33.6362309285696,56.69581224114129,1.7612431454310027,1.6777493533398673,41.394434856061196,27.051565143938802,0.06320568701204458,0.05457629072745584,0.056997224192822285,615386796.0,0.6545412590665449,0,0,-1,0,0,0.059713813979086254,-0.05513457889185933,1.1940827598425108,0.8663717564712513,-0.037884767166535105,0.3499446290143964,-0.4035241921711591,0.08504238446814327,0.0
2020-06-17,36.31,36.57,-0.06075446665203889,-0.048531331503304846,0.004214081246830893,-0.4810509912840363,-0.007135046735045347,37.011,34.654,31.647333333333336,2,17,6,35.97705963749272,33.80873215898447,59.003831417624525,1.6864618310376969,1.6794918488794333,41.17925909951337,28.128740900486644,0.06093568067389202,0.054809432689990445,0.0562498056629478,596701244.0,0.5075660520893338,0,0,-1,0,0,-0.009023789991796509,-1.031533554606837,1.1847254336924102,0.8700727703894919,-0.02234787291330098,0.31130371975442395,-0.6193735458391326,0.031120903332415184,0.0
2020-06-18,35.85,36.31,-0.016414334314473693,-0.006269613013595262,-0.00731573324698796,-0.3063887784276287,-0.012749618380615056,36.769,34.989000000000004,32.01133333333333,3,18,6,35.953957885221314,33.94042685840483,58.97558640497845,1.5719583872134564,1.657985156546238,40.991493867682934,28.98650613231707,0.058474521506859986,0.05439368738147493,0.05496381184636081,582946802.0,0.2868807595574798,0,0,-1,0,0,-0.01817681079592409,-1.3497353354302424,0.6779333367458457,0.8634730182190486,0.09198903441973805,0.22984562607204118,1.9199485405208083,0.03235704323570442,0.0
2020-06-19,34.55,35.85,0.025479085300984968,0.001093194970855028,-0.042105412119107066,0.39691514478265455,-0.03693601683195056,36.406,35.2365,32.31466666666667,4,19,6,35.698692815181076,33.97975415786258,52.24963715529753,1.3606299524541399,1.5985141157278184,40.68614421822703,29.78685578177297,0.05928490377450105,0.05543025968553401,0.05568903277773564,562490787.0,-0.25194305261393596,0,0,-1,0,0,0.02008368200836817,-0.7562751205330335,0.3042874241874481,0.879928093413914,-0.03679955394480072,0.1672297297297296,-0.788494140306096,0.07698986975397965,0.0
2020-06-22,34.36,34.55,-0.07198574364847549,-0.050129492792101785,-0.009173018899957908,-0.35303601574165583,-0.005514453097624183,35.783,35.511,32.553333333333335,0,22,6,35.45529412151179,34.0042861476779,49.70000000000001,1.164396791859751,1.511690650954205,40.09466389876419,30.927336101235817,0.05381329356782719,0.054977648970135275,0.05470774290916048,548119375.0,-0.5022183237782017,0,0,-1,0,0,-0.015050651230101188,-1.2480298371787246,0.24931640066169122,0.8727431210519055,-0.05448541552008812,0.19016279875303077,-1.1371415750123466,0.034342258440046555,0.0
2020-06-23,34.75,34.36,0.021800020413322636,-0.0005745475596144653,0.006223164253536796,0.05356703912034444,0.011286474894746608,35.45700000000001,35.6225,32.842,1,23,6,35.32705882669146,34.05239671879546,45.47425474254743,1.0284944946207304,1.4150514196875101,40.003842620463125,31.241157379536876,0.05149731470610433,0.04771177452670143,0.053884903764171745,563281613.0,-0.39827974006186057,0,0,-1,0,0,0.012223515715948827,-1.0677415561134984,0.27280014635963346,0.7574009400434307,-0.049767569045665816,0.06857318573185722,-0.6691512639815443,0.027338129496402755,0.0
2020-06-24,32.25,34.75,-0.022681984309975665,-0.01534705089391106,-0.04904130353093761,0.2206273820884576,-0.07466152876901964,34.968,35.552,33.07566666666666,2,24,6,34.767593585474835,33.936113059518334,34.24083769633508,0.710867401403604,1.274214616030729,40.108192316073215,30.995807683926785,0.055299782874863174,0.050037716760034566,0.05543898961411249,544376444.0,-1.4494559364192294,0,0,-1,0,0,-0.02158273381294964,-0.6725603966068033,0.5121965271274561,0.7943241283232406,-0.11181492701735063,-0.041889483065953526,-0.8995446770324109,0.06325581395348856,0.0
2020-06-25,32.97,32.25,-0.08626299399644949,-0.035946243493639334,-0.04084785068242632,-0.04036996286138757,0.022080013841858256,34.982,35.573,33.37466666666667,3,25,6,34.44075838811577,33.8737831847107,36.79675620881906,0.5113491101206264,1.1216415148487087,40.07447624908147,31.07152375091853,0.04233522878422368,0.04970058156422882,0.054350069342932586,562533612.0,-1.156509489761784,0,0,-1,0,0,-0.03286821705426353,-0.7006289511431353,0.6079788429364704,0.7889722730053861,-0.08033472803347286,0.012903225806451646,-0.7816242142026522,0.06430087958750383,0.0
2020-06-26,31.96,32.97,0.06034168569209273,0.0027186242389932425,0.00772701848471037,0.2763577509707729,-0.031112936185565713,34.590999999999994,35.565999999999995,33.614,4,26,6,33.989711408458355,33.75031330182614,26.45935624659029,0.26863421968387513,0.951040055815742,40.09059198509334,31.04140801490665,0.02843532308242297,0.0501196558658814,0.05475172882429773,538596665.0,-1.5939558801678784,0,0,-1,0,0,0.004852896572641908,-0.2125136740854056,0.5973855916210792,0.795624871303571,-0.07496382054992756,-0.004361370716510882,-0.933052210694909,0.061639549436795955,0.0
2020-06-29,35.04,31.96,0.0006035003200667957,0.06453852113757116,0.03621872810771128,0.07187598289918734,0.09200514517011667,34.461,35.637,33.986333333333334,0,29,6,34.180672970556834,33.83351889525671,42.11364843335104,0.32110962780682684,0.8250539702139591,40.076787097787026,31.197212902212975,0.04415630975605447,0.05358476091461754,0.056212552173873546,564317443.0,-0.2689318144546034,0,0,-1,0,0,0.03723404255319142,-0.07672888380488548,1.000149435485603,0.8506317086575919,0.019790454016298087,0.042236763831053015,0.40648807998088266,0.08647260273972607,0.0
2020-06-30,34.18,35.04,0.05373375295858452,-0.01051893138984599,0.037637219254601936,-0.3199662254179147,-0.024849588380745864,34.221999999999994,35.622,34.22266666666666,1,30,6,34.18055061227378,33.85587251491757,42.13602550478215,0.2899594817173252,0.7180350725146324,40.08023472263375,31.163765277366252,0.04452682282594029,0.05366702570273249,0.05178852311961912,545639694.0,-0.6468928128342798,0,0,-1,0,0,-0.0017123287671233526,-0.6799738974806495,1.01918900738612,0.8519376216836494,-0.016402877697841767,-0.008700696055684354,0.9031254237037147,0.04154476301930959,0.0
2020-07-01,33.81,34.18,0.008823168096722676,0.01728333147838819,0.0029744221810396126,-0.1485067559510209,-0.010884060967650181,33.971999999999994,35.4915,34.42666666666666,2,1,7,34.113177773678544,33.85291299782612,53.29301075268818,0.23273404553076205,0.6209748671178583,40.00385158671145,30.97914841328856,0.04455388926632352,0.05210064709360232,0.05185118670275589,529539583.0,-0.7452876699377321,0,0,-1,0,0,0.03247513165593913,-0.8444764926630394,0.8282313486429951,0.8270721321312714,0.04837209302325585,-0.07166392092257001,1.499900315056675,0.05708370304643595,0.0
2020-07-02,34.12,33.81,-0.01685995073436508,-0.019285906886583343,0.008576128270163347,-0.27266157622534776,0.009127105903683515,33.799,35.284000000000006,34.592333333333336,3,2,7,34.11441817846426,33.87014441732121,42.798353909465014,0.20997640697398623,0.5387751750890839,39.637246338561916,30.930753661438096,0.04473818516474274,0.05067492413064682,0.05115988797762772,541797409.0,-0.5347733206315797,0,0,-1,0,0,0.026323572907423855,-1.1707065702383839,0.8216762018567582,0.804439481740545,0.03488019411586296,-0.10844003135615377,1.7856138275302091,0.028135990621336485,0.0
2020-07-06,34.3,34.12,0.0005762028393357005,-0.0011461319306225722,-0.024140644811275112,0.292125564916909,0.005261631548415919,33.774,35.089999999999996,34.749,0,6,7,34.1481603278344,33.89787703555855,41.39966273187181,0.20411242910786598,0.4718426258928404,39.240961841611956,30.939038158388037,0.04332086009658206,0.05072060844964971,0.05113241688870869,558213962.0,-0.38063467222489106,0,0,-1,0,0,0.01758499413833533,-0.7961883538855539,0.7521691253393106,0.8051646978219268,0.0732165206508133,-0.10162388685175494,1.7868381941008749,0.05043731778425668,0.0
2020-07-07,33.01,34.3,-0.03606900298603608,-0.03917484264571615,-0.006354991882377228,-0.4106458810462908,-0.03833480830679254,33.638999999999996,34.711,34.88699999999999,1,7,7,33.94122208640996,33.84059464616768,36.22291021671825,0.09428609398076304,0.39633131951042494,38.052867741247766,31.36913225875223,0.04494207231860625,0.04865146024571344,0.05145530652723166,547326147.0,-1.0179936081880316,0,0,-1,0,0,-0.02361516034985409,-1.4439355379829064,0.3135656303874598,0.772317988381819,-0.057933789954337955,-0.18674550381867472,-0.29729448095329203,0.018176310209027612,0.0
2020-07-08,32.89,33.01,-0.02816234567177362,-0.0020892411718275456,-0.02676671104443067,0.386132117659275,-0.0036418856641359486,33.452999999999996,34.455,34.89933333333333,2,8,7,33.75009079797178,33.77926595931815,36.61971830985914,-0.0024073149533592186,0.3165835926176681,37.50442790147732,31.405572098522676,0.044655389549425016,0.04693942846021456,0.0461412876996447,531307133.0,-1.026422037551253,0,0,-1,0,0,-0.013632232656770547,-0.6294703910676264,0.2941741390384522,0.7451403263354114,-0.037741369221767074,-0.13470139436990258,-1.339323273359575,0.042566129522651215,0.0
2020-07-09,31.57,32.89,-0.0027679550195850214,-0.02235742671014611,-0.02430291615895598,0.06888692510552684,-0.04096135763106529,33.385,34.1765,34.82966666666666,3,9,7,33.353710652886,33.63673267162021,34.31085043988267,-0.18343597078546736,0.21657967993704103,37.21079710927608,31.142202890723915,0.04024054202483643,0.04741889658335503,0.046292553293304735,514145722.0,-1.7180255631735761,0,0,-1,0,0,-0.01276983885679543,-0.3886294162537215,0.37685364707950647,0.7527516468278869,-0.06625258799171851,-0.1499730748519117,-0.4498564804247429,0.04529616724738664,0.0
2020-07-10,33.22,31.57,-0.041181365112207075,0.01876568384854371,-0.004482876543560054,-0.13960676321413198,0.050944801615248544,33.410000000000004,34.196000000000005,34.852,4,10,7,33.32939962508855,33.609846692806,45.246604717655465,-0.1915531687076566,0.13495311020810152,37.19871035460915,31.193289645390863,0.04320818138581131,0.04163346996062664,0.04688054994497707,529071004.0,-0.6500793514778087,0,0,-1,0,0,-0.012987012987012991,-0.7210877242052298,0.5984177545546401,0.6609108463949771,-0.02637749120750288,0.011879378617118519,0.8312231890147057,0.06592414208308252,0.0
2020-07-13,32.64,33.22,0.0700193021647001,0.005382788116504477,0.03500278506132305,0.03507477288368067,-0.01761357408924247,33.477999999999994,34.0345,34.87,0,13,7,33.204054238708814,33.547275938431426,44.01947148817802,-0.24199766088364072,0.05956295598975308,37.005393716321244,31.06360628367876,0.042308645238552024,0.0358106467858972,0.0469268476463386,513612932.0,-0.9387747480423246,0,0,-1,0,0,0.006020469596628623,-0.5419760166116842,0.596141621009188,0.568476394103151,-0.04839650145772589,-0.09004739336492884,1.4258255497390777,0.03860294117647053,0.0
2020-07-14,33.25,32.64,-0.048431162191065386,-0.004483642244448071,-0.016245280725169866,-0.304484287412534,0.018516237005956768,33.299,33.88,34.85766666666667,1,14,7,33.212408013489025,33.5280968456294,44.863013698630134,-0.2301009221510597,0.0016301803615905233,36.66141198522835,31.098588014771657,0.027923186194573475,0.035973344237889116,0.04625063795499606,525013316.0,-0.4530073238670408,0,0,-1,0,0,-0.024509803921568648,-1.2555113921588705,0.5607279601889866,0.5710591360846378,0.007270524083611063,-0.08503026967528904,0.4738716438347379,0.04902255639097752,0.0
2020-07-15,35.75,33.25,0.09548147623321318,0.07833594710514608,0.07637761054781698,0.6218531129563476,0.07249550203815361,33.456,33.839,34.9,2,15,7,33.67378837467284,33.67144543623396,61.98630136986302,-0.018727683290471475,-0.0024413923688218764,36.47376274773177,31.204237252268232,0.036586427978070026,0.04005966015221461,0.04802478801883416,546245118.0,1.4506049940512904,0,0,-1,0,0,0.0535338345864662,1.0957642197048876,0.7563955849113149,0.6359273902111425,0.08695652173913038,-0.0224227508887066,-0.02264607430193909,0.05118881118881114,0.0
2020-07-16,34.21,35.75,-0.0057257528314856665,-0.02866169783485299,-0.010855321500113037,-0.624044737314813,-0.04403227015050328,33.495999999999995,33.733999999999995,34.82633333333333,3,16,7,33.771281397459596,33.7061908919608,54.02075226977952,0.024242548674841657,0.0028953958399108304,36.10867693093372,31.359323069066274,0.039454608189984613,0.04116940878358437,0.047600139019827375,534869692.0,0.4008966388643387,0,0,-1,0,0,-0.025734265734265783,-1.2952072817852318,0.7707277675957163,0.6535441035895345,0.08362369337979092,-0.057835307077940046,-0.07390266180129264,0.034492838351359245,0.0
2020-07-17,34.13,34.21,-0.022061852705034597,-0.016092301288754905,-0.0023626709159702804,-0.3810066304804894,-0.002341236070897563,33.497,33.647999999999996,34.68833333333334,4,17,7,33.83650296155785,33.73353341506011,57.48792270531403,0.05125065008726182,0.012566446689381028,35.815565697418336,31.48043430258166,0.039385734164562244,0.04109566519940956,0.046584526771056414,527098304.0,0.44473853832812454,0,0,-1,0,0,-0.004092370651856199,-1.9122899734090053,0.7088725337609124,0.6523734604824559,0.027393136664660034,-0.04797768479776843,0.9206833500211423,0.020509815411661376,0.0
2020-07-20,32.98,34.13,-0.0029394495003827394,-0.006393512043333139,-0.032760254957345254,0.47653331420161676,-0.03427544578716297,33.364999999999995,33.5695,34.515,0,20,7,33.680775150365506,33.68491835602397,41.79936305732482,-0.019911101228792916,0.00607093710574624,35.71310714193167,31.425892858068323,0.04078751703902224,0.04098576940896484,0.04692527495335206,514582626.0,-0.5500074976133764,0,0,-1,0,0,-0.004687957808379832,-0.7680313624043292,0.75112223824587,0.6506289188925584,0.010416666666666519,-0.04544138929088282,0.9200317710772772,0.04760460885385083,0.0
2020-07-21,33.62,32.98,-0.019019889852844248,-0.004089985251525166,0.015762678588774188,-0.04859742051578273,0.01921981084901664,33.426,33.5325,34.282666666666664,1,21,7,33.66972512302632,33.680730074990166,47.73095623987033,-0.024383571903996426,-1.9964696202292784e-05,35.64396120519553,31.421038794804467,0.03940153699124324,0.04123665046446575,0.045430232269705856,526504617.0,0.08288099235230385,0,0,-1,0,0,0.010612492419648316,-0.8591125031222525,0.7520851306625328,0.6546115321816351,0.011127819548872209,-0.021536670547147918,0.9035523412615585,0.027067221891731014,0.0
2020-07-22,33.3,33.62,0.005087546511372423,-0.007345412782821905,-0.0060332008041679205,-0.1342707682338895,-0.009563730994071387,33.467,33.46,34.12566666666667,2,22,7,33.602502373385164,33.65616684434564,47.92514239218875,-0.053136834434099,-0.010643338643781634,35.49358123308909,31.426418766910913,0.03954731217414498,0.04119053053086204,0.044090461973912684,516080585.0,-0.15735786443795768,0,0,-1,0,0,-0.003569303985722708,-1.1002386766926775,0.3972788785183317,0.6538794009328457,-0.06853146853146863,-0.04172661870503602,0.14788758784556413,0.02582582582582581,0.0
2020-07-23,32.79,33.3,-0.022642476749759777,0.007345412782821853,-0.030331324463188508,0.7865226137220083,-0.015433806129841214,33.589,33.487,33.98066666666667,3,23,7,33.454774669133315,33.600285112452376,44.675740592473986,-0.11574253203535534,-0.03166317732209638,35.46655975966841,31.507440240331597,0.03733069155625664,0.037896238894109875,0.04399696983976782,493192041.0,-0.7041969777328239,0,0,-1,0,0,-0.016516516516516432,1.4542323050893398,0.30727878862947994,0.6015841424310489,-0.04150833089739847,0.016744186046511622,0.2711621317900144,0.06396462336078053,0.0
2020-07-24,31.66,32.79,-0.013526182244853979,-0.051354925770269906,-0.015482939264606418,-0.4241416645277147,-0.035069536403690774,33.433,33.421499999999995,33.94166666666667,4,24,7,33.128452002018165,33.47510542777803,40.178571428571445,-0.25361602694191987,-0.07605374724606108,35.55387969364931,31.28912030635068,0.034978996590803856,0.03837771372299364,0.039021872089416716,478215353.0,-1.6521447894538857,0,0,-1,0,0,-0.014638609332113355,-0.12868340088306943,0.3497575918681322,0.6092273183896317,-0.0723703486668621,-0.03973309068850461,0.9870973064613285,0.02779532533164885,0.0
2020-07-27,31.53,31.66,-0.023169477266506693,-0.016154436423408466,-0.01066804162436708,-0.4283005165121834,-0.0041145808958966395,33.321999999999996,33.4,33.797,0,27,7,32.83782436528759,33.34961475501816,43.97394136807819,-0.3691167306215206,-0.13466634392115298,35.601960848639365,31.198039151360632,0.034672586203152875,0.037765678155574724,0.034836902350512094,468456310.0,-1.6984861480670808,0,0,-1,0,0,-0.002842703727100438,-1.1119333444063624,0.30935779135111646,0.5995115549601312,-0.04396604002425697,-0.013454317897371726,0.30193440454473147,0.022042499207104355,0.0
2020-07-28,32.29,31.53,-0.0019023468007170312,0.022911218886288207,0.007813162603669198,0.04982728159171134,0.023818111213214286,33.226,33.2625,33.662,1,28,7,32.73821993523529,33.281252512758925,47.67801857585139,-0.3947754958334926,-0.1866881743036209,35.3748882717246,31.150111728275405,0.03508743692455647,0.030889215697769114,0.03507707929307722,478713938.0,-0.9207587572961053,0,0,-1,0,0,-0.0006343165239454352,-0.9762346223999997,0.33691503260029726,0.49035109758077744,-0.039559785841760786,-0.07848173515981738,0.5868116261091553,0.03685351502013011,0.0
2020-07-29,31.79,32.29,0.033393647404715655,-0.0012251150077495648,0.0,0.08349042739738924,-0.015605809847472488,32.83,33.143,33.50266666666667,2,29,7,32.56581631064706,33.18504267322609,50.909090909090914,-0.4502656908476155,-0.23940367761241982,35.30663339632147,30.97936660367853,0.0221427055963701,0.030631777409651773,0.035095704966536086,467563129.0,-1.2506739841419714,0,0,-1,0,0,0.008981108702384614,-0.6723607710534134,0.34139848008948404,0.48626439145094935,-0.04534534534534529,-0.06992393212404913,0.8234041617385053,0.036174897766593335,0.0
2020-07-30,30.96,31.79,-0.03912249820979866,-0.030493962015044236,-0.022812234215252095,0.09943037364427024,-0.026455726201184863,32.505,33.0005,33.324333333333335,3,30,7,32.27384970871123,33.04149153301796,39.98226950354611,-0.5548205081282305,-0.302487043715582,35.34686090013401,30.654139099865994,0.019995766693196228,0.031020766696146368,0.03532308448430476,455246597.0,-1.7392891263091368,0,0,-1,0,0,-0.014469959106637335,-0.32361915735512925,0.3618584008675418,0.4924394049393483,-0.055809698078682524,-0.08429458740017748,1.000852053543789,0.028423772609819088,0.0
2020-07-31,30.89,30.96,-0.01706141498457152,-0.020105990841792414,-0.017374638022618297,-0.10114651917630293,-0.0022635417910360695,32.181,32.839,33.159,4,31,7,32.02224067076373,32.90268562766197,41.875580315691735,-0.6359979802640012,-0.3691892310252659,35.302629329602524,30.375370670397473,0.019998974630212454,0.030871432647708023,0.03529327795848716,444114908.0,-1.5822185396002288,0,0,-1,0,0,-0.005167958656330754,-0.6137926783039988,0.29810656232212657,0.4900688004126943,-0.024320909665192625,-0.09466588511137153,0.8272190076430117,0.02525089025574623,0.0
2020-08-03,31.58,30.89,-0.001624695727001922,0.03578029293523554,0.0018171310856203045,0.19081079693072014,0.022091501897005688,32.041,32.702999999999996,33.059999999999995,0,3,8,31.941833276079414,32.817351071038615,42.30414746543777,-0.6373079885724948,-0.42281298253471167,35.127029702787,30.27897029721299,0.020388603521645572,0.03138761120499827,0.03508770101381391,457586817.0,-0.9265563030921932,0,0,-1,0,0,-0.004532211071544208,0.03151922292652557,0.35542420985972983,0.49826288098085886,0.0015857913098635823,-0.07930029154518947,0.019113821772652275,0.05873970867637736,0.0
2020-08-04,31.4,31.58,0.030426686630707935,0.0037255553802421075,0.03518806490793414,-0.1123614655619869,-0.0057161159132883554,31.819,32.6225,32.96133333333333,1,4,8,31.843318134974062,32.72590906645548,24.50175849941381,-0.6454305536167801,-0.46733649675112543,35.10971255942937,30.135287440570636,0.018637527198342642,0.030365494406639593,0.03508832979769216,445546687.0,-0.9830281656992581,0,0,-1,0,0,0.0037998733375554463,-0.3637696496197528,0.28726387611342147,0.4820372798249472,-0.02756271291421497,-0.04877309906089067,0.818088920859386,0.02834394904458612,0.0
2020-08-05,32.72,31.4,0.006289328907563918,0.028402833673167753,0.012981027617824908,0.23763702348891674,0.04117861882033862,31.760999999999996,32.614,32.89366666666667,2,5,8,32.00271483770605,32.72552783636158,41.034897713598056,-0.5391399073851915,-0.48169717887793867,35.09852388746056,30.129476112539436,0.024089818446790333,0.0319189367050754,0.03594036265365802,460816567.0,0.0853282196520514,0,0,-1,0,0,0.01592356687898089,0.5071070113181426,0.4201311914104293,0.5066974118114456,0.029254482541679838,-0.005168744299179129,0.34574441711266174,0.04308374083129587,0.0
2020-08-06,33.02,32.72,0.04174946397398277,0.004516932624594406,0.016379743792147444,-0.017308796477287565,0.009126926757435838,31.784000000000002,32.6865,32.919333333333334,3,6,8,32.18767577630495,32.744526040467285,43.493552168815945,-0.42578809159252273,-0.4705153614208555,35.12698549958362,30.24601450041639,0.023771317005637147,0.030511279364459628,0.03341175500801274,475824418.0,0.2733062745563548,0,0,-1,0,0,0.016503667481662567,0.4766519401685237,0.3102232708043581,0.4843515442846623,0.06653746770025837,0.045929680076021606,0.815973491340594,0.031344639612356257,0.0
2020-08-07,33.28,33.02,-0.012708189180553942,-0.0015003753752346762,0.011537702021260542,-0.4698662039556961,0.007843177461025879,31.945999999999998,32.689499999999995,32.92966666666667,4,7,8,32.38628018061314,32.77907274753391,51.963350785340346,-0.3113866622211461,-0.4386896215809136,35.13289259400013,30.246107405999858,0.020276364439041437,0.028245106797763708,0.033201896087856744,485205614.0,0.48334434789563147,0,0,-1,0,0,-0.0054512416717141035,-0.9658587181717432,0.2859685933784749,0.4483771700480563,0.07737131757850446,0.0018061408789886713,0.7250403594899126,0.018329326923076907,0.0
2020-08-10,34.99,33.28,0.024365771506509287,0.05392496364147073,0.02596764268157156,0.5312528853365828,0.05010569042658873,32.292,32.807,33.03066666666667,0,10,8,32.85968378413802,32.92171321543495,57.86452353616536,-0.0817970903521541,-0.36731111533516175,35.4576015206074,30.156398479392607,0.02458547150795512,0.030080940951693974,0.03389105708748299,501163612.0,1.6471732797465222,0,0,-1,0,0,0.011117788461538384,0.7848617929766489,0.3881004710938519,0.4775201337660052,0.1079797340088664,0.07199754901960786,0.42043579678102166,0.04558445270077182,0.0
2020-08-11,35.29,34.99,0.08430837104140815,0.06325729098152243,0.044309200734395995,0.3151671659747323,0.008537331307582016,32.592,32.909,33.039,1,11,8,33.301559459749285,33.074505911213336,61.44994246260072,0.12294456385120611,-0.2692599794978882,35.77928258282293,30.038717417177065,0.024133495145555076,0.029903830901732043,0.02904518699242301,523033863.0,1.6590700959194606,0,0,-1,0,0,0.04629894255501564,1.9760647202963506,0.33608972912298757,0.47470859888466826,0.12388535031847137,0.061353383458646604,0.716071163820472,0.06715783508075936,0.0
2020-08-12,35.25,35.29,-0.02153589581528238,-0.037000956414968374,-0.020420953578736044,-0.5179505135818605,-0.001134108428901019,32.938,32.884,33.074666666666666,2,12,8,33.65582137615851,33.21486036855441,64.96350364963507,0.2787627309467027,-0.15965543740897006,35.65716008230661,30.11083991769339,0.022898807951417376,0.024673001208126318,0.028657154047818267,510004874.0,1.7063565966462702,0,0,-1,0,0,0.015301785208274275,-0.025439008020634354,0.3282112535123612,0.3916717517657906,0.07732273838630821,-0.013986013986013957,1.9916200268431103,0.04876312056737583,0.0
2020-08-13,34.71,35.25,-0.031757701443167495,-0.010590807533200805,0.0075439890185239784,-0.41811136724995757,-0.015437699384582695,33.313,32.909000000000006,33.10466666666667,3,13,8,33.847490216856954,33.311320989938004,69.98689384010487,0.3545887851560394,-0.056806592895968164,35.74088536788403,30.07711463211598,0.02116456879841236,0.02286112998303773,0.028735013506395714,501428035.0,1.2719441404125025,0,0,-1,0,0,-0.01531914893617019,-1.1230113437275755,0.3955648118253957,0.36290918775024056,0.051181102362204633,0.014615609470914892,1.3785487435876242,0.031074618265629544,0.0
2020-08-14,34.9,34.71,-0.011882475701800739,-0.016092421383486287,-0.012243455523315112,-0.15117999129783613,0.005458999334686612,33.714,32.947500000000005,33.13066666666667,4,14,8,34.03885563197387,33.41381640994201,71.91157347204162,0.42511245970572986,0.03957721762437144,35.86880378246892,30.02619621753109,0.020734788957081127,0.022868328126162674,0.028707897497584345,508801483.0,1.3367319151929171,0,0,-1,0,0,-0.011812157879573716,-1.4141054722605741,0.39684767993634745,0.3630234547299009,0.04867788461538458,0.0225607969528272,1.4586617855413424,0.026647564469914033,0.0
2020-08-17,33.81,34.9,0.021915525321194375,0.0014222730316764702,-0.011980841237193791,0.08779186940599482,-0.03173021248858674,33.937,32.989,33.114333333333335,0,17,8,33.99724551706952,33.43937664155865,59.4763092269327,0.38856989749018567,0.10937575359753429,35.93571913900935,30.042280860990648,0.02448328066430073,0.022675449378092433,0.029294647031210697,500751441.0,0.5572298962133287,0,0,-1,0,0,0.004584527220630479,-1.143215395154426,0.2618802675646063,0.3599615995264009,-0.03372392112032008,0.025166767738023177,-0.9071807173721018,0.04103223898254943,0.0
2020-08-18,34.16,33.81,-0.0360085360226543,-0.026791174601177806,-0.007506046436303011,-0.10382875054726902,0.010298752200574253,34.213,33.016000000000005,33.15266666666666,1,18,8,34.026837241238695,33.48586847113552,65.05717916137232,0.38343176586842986,0.1641869560517134,35.99676217734462,30.035237822655393,0.02407268525790948,0.022387417979438454,0.02847250196421272,508007585.0,0.7675889131276578,0,0,-1,0,0,0.000295770482105827,-1.2266437780443973,0.268642327885534,0.3553892428227017,-0.03202040238027781,0.016061867935752483,-0.8251417955855735,0.02078454332552696,0.0
2020-08-19,34.27,34.16,0.031720977646510246,0.0437025133723388,0.017877406017990004,0.7234893679469542,0.003214966966148436,34.368,33.064499999999995,33.19866666666667,2,19,8,34.07104865192257,33.53645760203,73.14685314685319,0.38381150017196575,0.20811186487576389,36.09585526404206,30.03314473595793,0.021041596465862226,0.02225222863620862,0.02845713065727258,522966956.0,0.7953538236178702,0,0,-1,0,0,0.021955503512880566,0.5186300515000064,0.2756763806338083,0.3532431785301479,-0.027801418439716175,0.02912912912912935,-0.9557623598765917,0.047709366793113446,0.0
2020-08-20,34.46,34.27,-0.03676026502620785,-0.034258200529751134,-0.01966791679177816,-0.49165661785963866,0.005528895213266029,34.512,33.148,33.294999999999995,3,20,8,34.14176707884573,33.596040982544196,74.55295735900967,0.39489178772976175,0.24546784944656347,36.23893479302463,30.057065206975373,0.02098982470899395,0.02190027613703247,0.027338454418641585,532116292.0,0.8489341172520443,0,0,-1,0,0,-0.01809162532827559,-0.8003096006336068,0.2685626321655316,0.34765610581338136,-0.007202535292422985,0.0509301616346447,-2.100822742825707,0.03177597214161364,0.0
2020-08-21,34.69,34.46,0.019132298081157354,0.017631073782671744,0.023613848108304546,0.22304141846902,0.006652229881874743,34.653000000000006,33.2995,33.344,4,21,8,34.241445791782866,33.666618983670375,72.83406754772398,0.41742031173966154,0.2798583419051831,36.38035753612335,30.21864246387666,0.0209716512227125,0.020081329324999914,0.025742148206158735,543551794.0,0.9026707555907747,0,0,-1,0,0,-0.004643064422518969,-0.12271387246172333,0.2706056881602229,0.31878122033723,-0.006017191977077396,0.09570435881238137,-2.1073905167866016,0.026232343614874507,0.0
2020-08-24,36.91,34.69,0.028454283515284465,0.048533023437600215,0.019642457057755566,0.2853580504621278,0.06203105606024873,34.845,33.5685,33.486333333333334,0,24,8,34.726637466004156,33.87586937182068,81.12994350282489,0.607407955203378,0.34536826456482206,36.9259067373485,30.211093262651506,0.024239166275380256,0.02390652895489545,0.027854114949357318,558763736.0,1.9905243906426056,0,0,-1,0,0,0.017296050735082197,0.852635124447894,0.4105884809518685,0.3795043819525094,0.09168884945282452,0.17063114494132559,2.1814477293568655,0.05364399891628277,0.0
2020-08-25,37.06,36.91,0.05887288422915886,0.015045958205271333,0.03871451218069043,-0.2561850282856956,0.0040557038153067005,35.022,33.807,33.61333333333334,1,25,8,35.150885199457946,34.08129715428386,78.25520833333339,0.7613024570031186,0.42855510305248135,37.44774081530167,30.166259184698337,0.024219943100108412,0.02362203014078751,0.027724462764347528,570537760.0,1.7869989461089733,0,0,-1,0,0,0.014088322947710733,-0.1250764022006979,0.42023952622539007,0.374988103289975,0.08489461358313832,0.14772375348405098,2.221980794824189,0.0313005936319481,0.0
2020-08-26,36.38,37.06,-0.01399000487443045,-0.011532915813724188,-0.000412853511678547,-0.3942089477406422,-0.018519047767237527,35.135,34.036500000000004,33.63433333333334,2,26,8,35.37436061773832,34.229600563684905,70.84367245657572,0.8189542466524458,0.5066349317724743,37.72031538482406,30.352684615175942,0.02530480304372424,0.023774797371572717,0.02451503172772137,562599558.0,1.2723221742622288,0,0,-1,0,0,-0.004047490555855523,-1.1164185994890559,0.4864983181205449,0.377413207896801,0.06156988619784065,0.14438502673796805,1.5539766979282812,0.020478284771852595,0.0
2020-08-27,37.65,36.38,0.016924514116455527,0.047671962429597446,0.026835581941698976,0.5915437029321466,0.0343137811559263,35.429,34.370999999999995,33.749,3,27,8,35.78811323269498,34.45027149506007,74.09040793825801,0.9561007570996125,0.596528096837902,38.09332468393396,30.64867531606603,0.026138256967556922,0.023206757944433443,0.023819133742955793,576942106.0,1.7618022490905165,0,0,-1,0,0,0.03188565145684433,0.5852265732709621,0.5048037376883354,0.36839586154226034,0.0925710969239697,0.2160852713178294,0.6066203998569571,0.04162018592297478,0.0
2020-08-28,38.81,37.65,0.01506968372740615,0.004618945856294458,0.007396266178041121,-0.018288736172962918,0.03034499113491237,35.82,34.767,33.905,4,28,8,36.3375471903868,34.7315443018304,72.41784037558688,1.1451916042351513,0.7062607983173519,38.61313599671871,30.920864003281295,0.027028848593507557,0.023457942389008144,0.024304326160151907,591024731.0,2.1023697567892783,0,0,-1,0,0,0.012217795484727779,0.4739324022503506,0.4989557997399147,0.3723832909835756,0.11876621504756435,0.25639365490449983,-0.09984136951373741,0.037876835867044545,0.0
2020-08-31,37.58,38.81,0.01665404091358726,-0.006420980067717991,-0.0002660635907675185,-0.36008520075085454,-0.03220595139549575,36.196999999999996,35.06699999999999,34.05833333333333,0,31,8,36.56344770122556,34.91531563719618,62.116402116402114,1.1821694291506333,0.8014425244840082,38.800817575110294,31.333182424889692,0.027109114067304638,0.02521773568450328,0.024198149869243808,581200454.0,1.3460754037646143,0,0,-1,0,0,-0.0015459933006957555,-0.6104095560997594,0.46604575390294783,0.4003191434961292,0.018152262259550245,0.18999366687777086,-0.12019645748741502,0.03273017562533273,0.0
2020-09-01,37.91,37.58,-0.05054654441224977,-0.0036138397616091917,-0.02750083615547938,0.1024990856326139,0.008742935542924248,36.572,35.3925,34.20133333333333,1,1,9,36.80827539191182,35.10852107995772,63.65503080082134,1.2239934295356818,0.885952705494343,38.90902864117475,31.87597135882525,0.027117531063891552,0.024979233906222517,0.02405192453175287,592085127.0,1.4318097515389439,0,0,-1,0,0,-0.019691325172964208,-0.3130938906271767,0.4673209806031292,0.39653304514066384,0.022935779816513513,0.2073248407643311,-0.2776838802197014,0.055642310735953604,0.0
2020-09-02,39.17,37.91,0.04589056083303024,0.017177707341707434,0.030158291878322363,0.02474909453663893,0.03269621814949667,37.062,35.715,34.397000000000006,2,2,9,37.23767986610967,35.37055197802496,71.31931166347994,1.343325698446641,0.9774273040848027,39.3794953698676,32.05050463013241,0.02783752376891784,0.02445255156299632,0.024468763343111204,603242547.0,1.8856620905621904,0,0,-1,0,0,0.017409654444737636,-0.1902303959445207,0.4488298394200129,0.3881722221400321,0.07669048927982414,0.19712713936430326,-1.5879330379959704,0.04237937196834321,0.0
2020-09-03,38.74,39.17,0.018240711266128824,0.032880016698887723,0.004501530175295445,0.40458291427569365,-0.011038489698890057,37.489999999999995,36.001,34.59533333333333,3,3,9,37.51082898136246,35.587935721378194,67.94392523364488,1.3872090920555564,1.0593836616789536,39.67271779674565,32.329282203254344,0.028853549380087308,0.024870367396485273,0.02435276683777355,586521175.0,1.4919447253967377,0,0,-1,0,0,0.002808271636456457,1.2543518431714673,0.44007771527861245,0.39480484287545375,0.028950863213811573,0.17322834645669283,-0.45446452099606793,0.07240578213732575,0.0
2020-09-04,39.39,38.74,-0.0022938712747251253,-0.014496400647504721,0.0055328819845455995,-0.07304974907304684,0.016639319003964724,37.959999999999994,36.3065,34.852999999999994,4,4,9,37.85249643929655,35.833230190966695,77.19298245614033,1.4576338694750106,1.139033703238165,40.04117549495572,32.571824505044276,0.028817577856021244,0.024941764660688946,0.023196915417695016,602064603.0,1.6512813518415512,0,0,-1,0,0,0.011615900877645734,0.8569052414394046,0.3997290733540753,0.39593823930769356,0.014944601906724975,0.18359375,-0.4109593827399361,0.05102564102564089,0.0
2020-09-08,40.5,39.39,-0.00025519969514536207,0.01805665239781985,0.02900255064839117,0.016918207330176696,0.027789997129679035,38.319,36.582,35.152,1,8,9,38.333860723060816,36.13431211413013,78.76588021778583,1.5847457734990797,1.228176117290348,40.70092474471465,32.463075255285354,0.02353918418195871,0.02334303194460714,0.023384940667898667,617873235.0,1.902438254074697,0,0,-1,0,0,-0.005331302361005353,0.9298059249133569,0.2775499614460945,0.37055914423000175,0.077700904736562,0.1574735638753928,-0.7908106628727698,0.03999999999999994,0.0
2020-09-09,39.22,40.5,0.02296051413802088,-0.008862687257845317,-0.009488467135579673,-0.2581768428037762,-0.03211515334429323,38.535000000000004,36.7785,35.383,2,9,9,38.49497695523157,36.33338875192819,70.30352748154222,1.5641668290906026,1.295374259650399,41.011300615741604,32.5456993842584,0.026925736140492835,0.02492933503920134,0.024308381119047946,605661721.0,1.1536097357953334,0,0,-1,0,0,-0.010123456790123372,0.1441064036098118,0.4380636551488491,0.3957409251836123,0.034555526246373036,0.11136299234910729,-0.713165254261041,0.04156042835288107,0.0
2020-09-10,38.94,39.22,-0.014320053774748558,-0.0121907219399869,0.001416157301367999,-0.3024067012546822,-0.00716482082414666,38.791000000000004,36.963,35.62133333333334,3,10,9,38.57589023609856,36.50155721954573,68.24104234527685,1.5078822791512962,1.3378758635505785,41.23675885337871,32.68924114662129,0.026017122388259997,0.025050405951482793,0.024091534607091496,596636955.0,0.9251808854105268,0,0,-1,0,0,0.0076491585925549275,-0.8116505361308355,0.3757793517286933,0.39766286633301495,-0.005871840694409047,0.10468085106382974,0.008029343587506206,0.027863379558294835,0.0
2020-09-11,38.95,38.94,-0.011963996593972228,-0.01360908100537156,-0.004771432097089412,-0.1149374574850741,0.000256772372703797,38.921,37.175,35.88766666666667,4,11,9,38.64391019317155,36.659521269897624,67.66169154228855,1.4473985744506876,1.3597804057306004,41.3985455297766,32.951454470223396,0.024146208927566703,0.024614445556740316,0.02330788337612457,604681829.0,0.840526040259777,0,0,-1,0,0,0.0028248587570621326,-1.105897435637681,0.36521275905304323,0.3907422096172421,0.0054207537429014074,0.12215499855949297,-0.4469861433608623,0.018741976893453062,0.0
2020-09-14,40.06,38.95,0.007653098577717432,0.021090412657660075,0.009853056829607408,0.18510415590827736,0.028099557920914925,39.046,37.433,36.193333333333335,0,14,9,38.901381067140356,36.87890699442036,64.38356164383562,1.4720634944208584,1.382237023468652,41.701573532222504,33.164426467777496,0.023866842548785024,0.02511864457505677,0.023519190179294405,614362578.0,1.2308561537803524,0,0,-1,0,0,0.010269576379974289,-0.649468287518927,0.40394040514053736,0.3987461208997315,0.017009393247017,0.1478510028653297,-0.37730760752824133,0.02963055416874682,0.0
2020-09-15,40.61,40.06,0.022862445348233056,0.017974138946181193,0.026200606897822585,0.045476647434288774,0.0136360114605342,39.349000000000004,37.772999999999996,36.49433333333333,1,15,9,39.212039054933015,37.11962267219969,65.63876651982378,1.5184868534354266,1.409486989462007,41.90767035534378,33.63832964465621,0.02052811689175746,0.023453357322657586,0.023402664617461964,624493739.0,1.3722980340299054,0,0,-1,0,0,0.004992511233150168,-0.5529551593468778,0.35917679649364054,0.37231050531172577,0.002716049382716079,0.20112392783200228,-0.388431799468382,0.02166953952228504,0.0
2020-09-16,42.1,40.61,0.0064372591688374135,0.045321373951793094,0.004354594750514497,0.6730161549449509,0.03603339899012927,39.76800000000001,38.17,36.851,2,16,9,39.73712286312701,37.44093733850939,73.51973684210523,1.6564141363849032,1.4588724188465862,42.36826029131999,33.97173970868001,0.022456704795552136,0.02423240709922461,0.02378117657998772,644352238.0,1.8722040689689365,0,0,-1,0,0,-0.0022162029056881634,2.2903500367382192,0.29271554478395534,0.38467753711814645,0.07343192248852626,0.23243559718969564,0.06820043036003084,0.06187648456057016,0.0
2020-09-17,40.4,42.1,0.01930892202819059,-0.020854953184956282,-0.004728729568123127,-0.265060556908301,-0.041217955721231374,39.891000000000005,38.4765,37.10699999999999,3,17,9,39.8576459789221,37.631844606992665,60.921366163621904,1.6099877724691325,1.4890954895710955,42.35911048915754,34.593889510842466,0.026050377572518418,0.026776023454299993,0.02470610337454532,629117602.0,0.9908282097168944,0,0,-1,0,0,-0.018764845605700693,0.8651048011598979,0.4812644307253364,0.4250561949558626,0.03749357986646129,0.17887365042311054,-1.175752761350486,0.047277227722772194,0.0
2020-09-18,39.83,40.4,-0.03799174218907393,-0.03600170636299123,-0.019523260061145985,0.3307253257131658,-0.014209387773551541,40.0,38.745,37.333999999999996,4,18,9,39.8526194372999,37.77366108396088,54.24999999999998,1.509796316153711,1.4932356548876187,42.17436237743681,35.31563762256319,0.026260404764420892,0.027250501736946906,0.02501052240042138,607911333.0,0.6327706906325579,0,0,-1,0,0,-0.015594059405940481,2.2032772397417633,0.5055651894361337,0.4325883041861711,0.02259306803594341,0.15583284968078925,-0.6910646779883239,0.030128044187798037,0.0
2020-09-21,37.52,39.83,-0.04421177491190459,-0.05167014045039539,-0.0673407137749233,-0.3963521532661595,-0.05974627305552884,39.813,38.8865,37.47533333333333,0,21,9,39.42850681233628,37.7572958527376,49.770642201834875,1.2298195761213577,1.4405524391343667,41.80719404152506,35.96580595847494,0.03195749113895006,0.030953621499797666,0.027644731720449636,593644397.0,-0.9357364931565832,0,0,-1,0,0,-0.04468993221190061,0.3015203278271272,0.6126337533273291,0.49137350799172064,-0.06340489266100846,0.0815797059671377,0.14258334363891892,0.0458422174840085,0.0
2020-09-22,38.12,37.52,-0.01856817272886846,-0.007100794433172079,0.009748249413660436,-0.2839661581061563,0.015864954647977342,39.575,38.947,37.57966666666666,1,22,9,39.19059648282059,37.78069612030292,50.78651685393259,1.0443127903282416,1.361304509373142,41.74276446564403,36.151235534355976,0.03078844083750926,0.02778716817128022,0.026291561828911555,604384434.0,-0.5916092075442402,0,0,-1,0,0,-0.004530916844349725,-0.587569518165281,0.6188934935554505,0.4411076197196214,-0.06131494705737506,0.032782443782172876,0.11578976489671032,0.02853620146904516,0.0
2020-09-23,37.55,38.12,0.027464097433879973,0.02781026181065321,0.009920982297715198,-0.45742275393840715,-0.015065700575857675,39.408,38.9715,37.655,2,23,9,38.89230621321684,37.765812499638216,43.60189573459714,0.8416016300592446,1.2573639335103626,41.705544815400984,36.237455184599014,0.02965552619767407,0.0280364876476091,0.026475794001417568,597586928.0,-1.0398512796810324,0,0,-1,0,0,0.007082896117523692,-1.4855177128766885,0.44818707367747346,0.4450654437078479,-0.10807600950118779,0.013221802482460632,0.10354553340475572,0.04780292942743014,0.0
2020-09-24,36.86,37.55,-0.036068614087185,-0.048382863295741166,-0.04530106073765561,0.46287618074444326,-0.01854642596846649,39.2,38.9955,37.708666666666666,3,24,9,38.522795992631956,37.70737298353252,42.72445820433435,0.6181487081384134,1.1295208884359726,41.64074578501645,36.35025421498355,0.030001018812951835,0.02803746611801328,0.026741181525365938,586788161.0,-1.6145947662755435,0,0,-1,0,0,-0.013848202396804156,-0.5277983035358584,0.41847050193741425,0.44508097644397604,-0.08762376237623759,0.01319406267179768,-0.5811886340173574,0.0434074877916441,0.0
2020-09-25,37.1,36.86,-0.016884932738179374,-0.003748331028553094,0.013586788793678726,-0.1497103993587414,0.0064900173717123135,39.015,38.968,37.78833333333333,4,25,9,38.26410581215342,37.66818762975623,40.847322142286174,0.45517962448946037,0.9946526356466703,41.682666597730105,36.2533334022699,0.030188887585535822,0.026928656763933058,0.0265546529186562,596085438.0,-1.376227932786996,0,0,-1,0,0,-0.012208355941399969,-0.8411200363726642,0.4542759232107581,0.42747917363030546,-0.06854130052724072,-0.014608233731739584,-0.9237935293766976,0.026145552560646868,0.0
2020-09-28,38.24,37.1,0.044583108207064084,0.04792119895003235,0.03411267415963307,-0.006703730975440269,0.030265118569811105,38.833,38.939499999999995,37.89966666666667,0,28,9,38.25972293721643,37.70507875041712,40.98883572567784,0.41325023274752226,0.8783721550668407,41.67305349990292,36.20594650009707,0.03046614697164159,0.02692364237684519,0.027045851240868835,605320597.0,-0.5117880444080087,0,0,-1,0,0,0.026145552560646868,-0.7843882812600395,0.3295961659363536,0.427399572703034,0.019189765458422103,-0.014686936356609115,0.1361424505910252,0.040271966527196626,0.0
2020-09-29,37.61,38.24,-0.0005254860867111793,-0.027477104459728,-0.010165951648898976,-0.5622195360405982,-0.01661211570095556,38.533,38.941,38.02633333333333,1,29,9,38.14159149408617,37.69894463748699,43.22960470984021,0.3254337550836368,0.7677844750702,41.67144357298454,36.21055642701546,0.029982711427183853,0.026197745098890505,0.02652331140362148,600057086.0,-0.9749331670276113,0,0,-1,0,0,-0.00496861924686205,-1.622002808736057,0.3355951932576259,0.41587631065395303,-0.013378803777544523,0.0007982969664714901,1.2712133111619746,0.0228662589736772,0.0
2020-09-30,37.5,37.61,0.0073317950847688945,0.02670974286688716,0.005630796483507506,0.656170554433949,-0.0029290395058798853,38.073,38.920500000000004,38.13766666666667,2,30,9,38.02493849516141,37.6861094995846,43.856655290102395,0.24414809588733277,0.6630571992336266,41.689421317615825,36.151578682384184,0.025868729675582413,0.02613057824221694,0.026522650926557784,589912209.0,-1.0260313219901274,0,0,-1,0,0,0.019143844722148334,-0.4527477489301624,0.31790341500246,0.414810069859328,-0.0013315579227695107,-0.010815088367185366,0.9911187928024006,0.04479999999999999,0.0
2020-10-01,37.93,37.5,-0.009699905650736498,-0.021205863162475178,-0.00026741543146387804,-0.21444965662077656,0.011401422724442507,37.826,38.8585,38.25966666666667,3,1,10,38.00767695058661,37.701844370579146,45.79901153212519,0.21198243018211826,0.572842245423325,41.65924632910399,36.057753670896005,0.0245312473932648,0.02509666863926792,0.026562846489076624,598098977.0,-0.6630375556339961,0,0,-1,0,0,0.01226666666666669,-0.8636046648002008,0.2779494129523244,0.39839726373418016,0.029028757460662025,-0.03165688026550939,0.2896046564932425,0.022936989190614224,0.0
2020-10-02,38.76,37.93,-0.04913268857764465,0.027328331266858952,-0.036496425258064416,0.3771574715053058,0.02164643132175796,37.719,38.8595,38.403000000000006,4,2,10,38.14446295957086,37.77011247570307,44.519392917369295,0.25057648206342265,0.5083890927513446,41.6600824582134,36.05891754178659,0.025818075275025016,0.025502459934425584,0.026768042502081885,610036381.0,-0.07105664731148369,0,0,-1,0,0,-0.04719219615080409,0.06412417728182321,0.3007041983240439,0.4048390008412721,0.044743935309973004,0.0005162622612286949,-0.33958839213803554,0.08436532507739947,0.0
2020-10-05,38.49,38.76,0.08025553249822716,-0.002036660581803459,0.05714300302618035,-0.24919914517998662,-0.006990319726910589,37.815999999999995,38.814499999999995,38.529666666666664,0,5,10,38.20728787601252,37.81655683210933,40.84628670120898,0.25641995311499954,0.4579952648240756,41.608105291787886,36.020894708212104,0.01722434911699213,0.025248229289781238,0.026841601253137032,600732073.0,-0.23231628387438738,0,0,-1,0,0,0.010319917440660438,-0.5025694890214737,0.24193284511853255,0.40080321447298867,0.006537656903765621,-0.022848438690022843,0.3819214083649003,0.02779942842296701,0.0
2020-10-06,37.58,38.49,-0.004863698311691677,0.002418073084043563,-0.016776035732172803,0.08561967331551867,-0.023926473310335643,37.762,38.6685,38.552,1,6,10,38.09323553491934,37.8012951010055,29.454545454545425,0.18548341387489842,0.4034928946342402,41.39562900897053,35.94137099102947,0.018346588709857177,0.024766847471594106,0.024754363486975423,590596035.0,-0.7982753998212243,0,0,-1,0,0,0.012470771628994463,-0.23727767012416018,0.27795854583832935,0.3931615150134411,-0.0007976601967562003,-0.07209876543209881,-0.11309343542614417,0.04789781798829176,0.0
2020-10-07,38.59,37.58,-0.025205959624232062,-0.015371123697339987,0.004651480245300212,-0.15515423786843688,0.026521181564208348,37.866,38.637,38.602999999999994,2,7,10,38.183556346752184,37.852179288037405,41.22211445198838,0.2083623826882075,0.3644667922450337,41.3518333282155,35.9221666717845,0.019606673706874234,0.024718841965517498,0.025201314503847386,599275353.0,-0.034624593349081106,0,0,-1,0,0,0.01117615753060143,-0.5571771674480028,0.33343148538177875,0.3923994512295981,0.029066666666666796,-0.016063233044364966,-0.6543430569409195,0.02656128530707433,0.0
2020-10-08,38.99,38.59,0.025975486403260736,0.022085534176569104,0.008450010669902572,0.0515898520554069,0.010312027444978432,38.079,38.639500000000005,38.690000000000005,3,8,10,38.330182465524516,37.92558707590596,45.85798816568048,0.25582183252554813,0.3427378003011366,41.355599951650916,35.923400048349095,0.018195891247712048,0.024781824520270883,0.024959381317915596,608414187.0,0.25809064926859915,0,0,-1,0,0,0.01062451412282966,-0.44353958928923043,0.33236798325536154,0.39339926829047583,0.027946216715001304,0.0012840267077556256,-0.6117963896881409,0.04026673506027187,0.0
2020-10-09,39.73,38.99,-0.0015396461855928612,0.005037794029957081,0.014876954530616857,0.13901681670106966,0.018801366832001516,38.342,38.6785,38.75933333333333,4,9,10,38.58469474452006,38.04200081294429,62.8938156359393,0.34912115268272004,0.3440144707774533,41.43546457797342,35.92153542202658,0.018672322943269818,0.025128957196598148,0.024412096537996864,618916018.0,0.7627954369823144,0,0,-1,0,0,-0.0012823800974609966,-0.1338101191334724,0.3239982065990789,0.3989098286915132,0.025025799793601644,0.020025673940949673,-0.6110361035204858,0.03020387616410762,0.0
2020-10-12,39.19,39.73,0.014025475354504458,0.0022587536269232404,0.011590599814909616,-0.35298047675275834,-0.013684957614967465,38.437,38.635000000000005,38.772000000000006,0,12,10,38.6947502455164,38.11606527662531,56.28672150411282,0.3751633989291392,0.3502442564077905,41.32687080318546,35.94312919681455,0.017654262603890865,0.024485053917765346,0.023952106967263215,611537527.0,0.41235262802600225,0,0,-1,0,0,-0.0060407752328214175,-0.8835004179375309,0.34246087262023794,0.38868818102648917,0.018186541958950198,-0.021717423864203833,-0.4085158485962623,0.021434039295738797,0.0
2020-10-13,39.13,39.19,-0.020207875262821865,-0.0113451361828807,-0.012108868808111977,0.18064431150434224,-0.0015321759892188932,38.589,38.561,38.82366666666666,1,13,10,38.77388656451342,38.18148042006884,59.87500000000005,0.38650517705463017,0.35749644053715846,41.10137626719686,36.02062373280314,0.016452046767060326,0.02424472883873765,0.023169942295121784,602698176.0,0.4479651359897618,0,0,-1,0,0,-0.012503189589180784,-0.49912218982045153,0.2558757069150582,0.38487313866897377,0.0412453432676958,-0.03644422556020677,-0.3536331133759396,0.021978021978021962,0.0
2020-10-14,39.25,39.13,0.014111844192681196,0.013848893124292412,0.01492181018472648,-0.24643949749487917,0.003062008006096362,38.763999999999996,38.4185,38.86833333333333,2,14,10,38.860452643692796,38.250417167161174,66.0834454912517,0.40055921772782455,0.3661089959752917,40.37584809856018,36.46115190143982,0.016276304321213495,0.022558994476138267,0.023132408219781162,609606824.0,0.8496189314630832,0,0,-1,0,0,0.00306670074111928,-0.9389713917175426,0.19512691945391392,0.3581129352692501,0.0171028763928478,-0.06769596199524941,-0.22687132261923892,0.021146496815286762,0.0
2020-10-15,38.8,39.25,-0.015404669194986467,-0.02763517223432647,-0.026339780479982804,-0.42957761807507844,-0.011531197599189792,38.851,38.338499999999996,38.856,3,15,10,38.849461253930464,38.285874124118514,61.12565445026176,0.37110800494782126,0.3671087977697976,40.07294697692933,36.60405302307066,0.01682181235772506,0.020921561054769437,0.022441624667623884,605110787.0,0.5321580955066623,0,0,-1,0,0,-0.015286624203821693,-1.4696513742901336,0.20758841181131274,0.3321194855410447,-0.00487304437035152,-0.03960396039603964,0.8779111977881591,0.019536082474226692,0.0
2020-10-16,39.68,38.8,0.009783806159092715,0.025006062738692283,0.022501986336238223,0.4894354386330692,0.022427035787444424,38.943,38.331,38.88733333333333,4,16,10,39.00046829867038,38.3758177290141,59.756097560975604,0.4140039720865829,0.37648783263315466,40.0393929043927,36.62260709560731,0.016926086088112413,0.021395068227484226,0.02271721138185509,612445599.0,1.5792620029401767,0,0,-1,0,0,0.005927835051546495,-0.721939662254749,0.23034307679340535,0.33963617887909653,-0.0012584948401710427,-0.0037660055234747247,1.1045725526130963,0.022051411290322582,0.0
2020-10-19,39.85,39.68,0.02454887292141258,0.021455526323778867,0.014152140087335214,0.15822687492038703,0.004275122819552102,39.079,38.447500000000005,38.90266666666667,0,19,10,39.15492860800303,38.470926262626094,66.18497109826592,0.45645518312593936,0.39248130273171167,40.23879914630938,36.65620085369063,0.01659942543250933,0.01647030127419343,0.022532713148666787,621037832.0,1.5659026052567178,0,0,-1,0,0,0.008064516129032265,-0.04938434012060182,0.19730249929061494,0.26145792713895644,0.016841030875223373,0.06210021321961623,0.813841949995534,0.029711417816812986,0.0
2020-10-20,40.16,39.85,0.01242251999855711,0.0036742233618843254,0.012907293170708928,-0.1762308347014921,0.007749070147249695,39.337,38.5495,38.891333333333336,1,20,10,39.33766886109339,38.57989876181151,68.67977528089888,0.5092422552151703,0.41583349322840346,40.48851195674776,36.610488043252246,0.013565932649993652,0.016233855648027127,0.021973652869418936,628241770.0,1.6611553058200192,0,0,-1,0,0,0.016311166875784155,-0.7043413855008047,0.19365984525622384,0.2577044691864065,0.026322514694607557,0.053515215110178316,0.1368756939107447,0.0204183266932271,0.0
2020-10-21,39.84,40.16,-0.012422519998557209,-0.01800961467756521,-0.013817579468015106,-0.09782310073324595,-0.008000042667076152,39.462,38.664,38.912000000000006,2,21,10,39.429001795440044,38.66119561588819,63.62339514978608,0.5192692518068398,0.43652064494409076,40.62483118787877,36.703168812121234,0.012229621728889884,0.01590512473695457,0.02121365291713861,621709172.0,1.199491325178485,0,0,-1,0,0,-0.003984063745019836,-1.0517606979389222,0.2161097636582833,0.25248602775266044,0.015031847133758047,0.06098535286284967,0.5366555084623608,0.016064257028112462,0.0
2020-10-22,41.93,39.84,0.0032447301648890294,0.0575594066481921,0.013817579468015193,0.7379533301598558,0.05113012846627368,39.75599999999999,38.917500000000004,39.01166666666666,3,22,10,39.88372874172367,38.87208622131476,69.16565900846439,0.6879312092298733,0.48680275780124727,41.18350390207078,36.651496097929225,0.019829893145889357,0.018543079579001302,0.023152224244080703,635373082.0,2.6588656773688966,0,0,-1,0,0,0.007279116465863432,2.345991905775875,0.36830417495354323,0.2943622626439064,0.08067010309278366,0.1375474769397722,1.128343085126796,0.05890770331504887,0.0
2020-10-23,42.79,41.93,0.046497361729925024,0.019549144790876223,0.035538600866052796,-0.08753212754634755,0.020302869246054133,40.062,39.202,39.13966666666667,4,23,10,40.41214169777391,39.12485485219768,74.26636568848761,0.8808380851683637,0.5656098232746706,41.89563069402225,36.508369305977745,0.019934276781784336,0.018800953041876036,0.023371906529719065,647891812.0,2.6640623066573674,0,0,-1,0,0,0.002623419985690423,1.6107690598835638,0.36608319964149294,0.29845587695884396,0.07837701612903225,0.15336927223719665,1.235722854623412,0.043468100023369934,0.0
2020-10-26,41.1,42.79,0.0009510224207039318,-0.021313332252263555,-0.027710042710990243,-0.25377298010351684,-0.04029630892653651,40.253,39.345,39.17433333333334,0,26,10,40.5372068436332,39.25228357141073,68.25726141078843,0.8871230952607121,0.629912477671879,42.12584803422678,36.56415196577322,0.024219628319035052,0.020665277939419184,0.024138727009398626,638178931.0,1.2622048946216413,0,0,-1,0,0,-0.016592661836877794,0.3839238070198717,0.5403746431508537,0.3280511172103948,0.031367628607277265,0.07479079497907959,-0.028380706394799775,0.05060827250608268,0.0
2020-10-27,39.93,41.1,-0.03334447598090496,-0.03485591491376115,-0.01534174150584588,-0.39779084031320505,-0.028880200427058966,40.333000000000006,39.461,39.15166666666667,1,27,10,40.42680559933625,39.29600721196488,56.836734693877546,0.7886042502303781,0.6616508321835788,42.12835350803587,36.793646491964125,0.02642786009381325,0.0214442692167701,0.024604598519918447,631653793.0,0.3516594246597282,0,0,-1,0,0,-0.009732360097323567,-1.0593018145663473,0.5942188447952198,0.3404172203705492,-0.005727091633466075,0.061685721882478006,0.6178435709387055,0.03105434510393193,0.0
2020-10-28,38.14,39.93,-0.04600534758441768,-0.040801679433255064,-0.05955681605560484,0.6176269004208875,-0.04586432090285689,40.222,39.493,39.019666666666666,2,28,10,40.011022763093294,39.22142610151553,46.201966041108115,0.5596381551185132,0.6412482967705657,42.07529681525855,36.91070318474146,0.030332757229321834,0.02397361870405547,0.024881955512033985,619552782.0,-1.047904324557313,0,0,-1,0,0,-0.02654645629852247,1.3385015680309573,0.6751526578120071,0.3805693987033041,-0.04267068273092378,0.017066666666666785,0.8320853607393685,0.04981646565285804,0.0
2020-10-29,39.57,38.14,-0.020270964373618992,0.012366088182284062,0.012462046471417633,-0.3670108706316745,0.03680765522505993,40.299,39.575,38.992000000000004,3,29,10,39.930836806167235,39.24391474012744,49.326599326599336,0.4879451956420624,0.610587676544865,42.05025437289088,37.09974562710912,0.03258373537262172,0.02523788914231139,0.024908388955165953,627936388.0,-0.004039988822775414,0,0,-1,0,0,-0.0013109596224435542,-0.26271565935310737,0.594285225296705,0.40063906972063895,-0.05628428332935842,0.04323754284207748,0.6149088152950831,0.04852160727824095,0.0
2020-10-30,39.53,39.57,0.033560196492301686,0.008242834231711823,0.026779190237775596,0.29484659904376503,-0.0010113780887387421,40.284000000000006,39.6135,38.982,4,30,10,39.8579573868641,39.2623718536676,51.49384885764501,0.4230239858455036,0.5730749384049928,42.05915586940764,37.167844130592364,0.03180082980938257,0.02482454294901544,0.024774067418210036,616677873.0,-0.06828434126361806,0,0,-1,0,0,-0.004548900682335095,1.0059055216195534,0.5396183545626703,0.39407740232362104,-0.07618602477214298,0.019865841073271495,1.1386015029413152,0.030862635972679128,0.0
2020-11-02,38.4,39.53,0.013615944092315507,-0.00648866763730638,-0.026779190237775717,0.009150338980085394,-0.029002417714913027,40.138999999999996,39.609,39.01133333333333,0,2,11,39.59287422561608,39.206734959882596,47.06827309236946,0.2771965538300165,0.5138992614899975,42.0636745952183,37.1543254047817,0.03299388247911932,0.02565905118202737,0.022909787409317425,605315866.0,-0.9850592843182808,0,0,-1,0,0,0.010118897040222579,0.979670599501954,0.5136880324395081,0.4073248098331341,-0.06569343065693434,-0.0023382696804366,1.1280213334583347,0.05182291666666654,0.0
2020-11-03,38.85,38.4,-0.017686160853668805,-0.013612511683780993,0.018665294219359658,-0.44579167032060946,0.011650617219975274,40.008,39.6725,39.03566666666667,1,3,11,39.45780618459497,39.183719801180494,48.435054773082946,0.19568279309046943,0.450255967810092,41.966628661557266,37.37837133844273,0.03316278086435175,0.02514313656405256,0.022826676449443986,612591154.0,-0.7170478393671975,0,0,-1,0,0,0.02161458333333329,-0.6957063609328227,0.5170627768049593,0.3991349191717087,-0.02704733283245675,0.03379457158062804,0.06882883473518242,0.018918918918918903,0.0
2020-11-04,38.93,38.85,-0.00973368340780468,0.006325131776968795,-0.01603371375330397,0.21272473285371088,0.002057084808707924,39.916999999999994,39.689499999999995,39.08166666666666,2,4,11,39.36184142375952,39.16735078174949,50.52377115229654,0.1359704985727106,0.38739887396261574,41.954710342269756,37.424289657730235,0.033141322630917236,0.0244518348900476,0.0226301493609158,621591006.0,-0.6705779024820896,0,0,-1,0,0,0.0,0.0268473823272516,0.37829525244208606,0.38816084530967004,0.020713162034609267,0.008810572687224516,0.0312959389018916,0.04109940919599284,0.0
2020-11-05,41.05,38.93,0.01507245292077816,0.039533497677604446,0.03435698890328482,-0.10902391984404676,0.053025674276072764,39.829,39.7925,39.221333333333334,3,5,11,39.668779346712334,39.28881202163662,55.018315018315015,0.2567546496078208,0.3612700290916568,42.110510717015664,37.47448928298433,0.03350866055623181,0.027200151093438752,0.024276614438624104,629661254.0,1.084982041514435,0,0,-1,0,0,0.013100436681222656,-0.3427384610405728,0.4779980348893954,0.43178901249972323,0.03740207227697745,0.052834060015388484,0.8144877186259531,0.045527405602923184,0.0
2020-11-06,40.01,41.05,0.032429881064225216,-0.0077611552541497954,0.009854786008619863,-0.29753719556299774,-0.025661413029293555,39.551,39.8065,39.31833333333334,4,6,11,39.730819465491905,39.335340278305225,50.550964187327814,0.26549716509563126,0.34211545629245166,42.12630285006008,37.48669714993992,0.03328063537240539,0.027625325891778487,0.024847104271970403,623667925.0,0.17544594360225743,0,0,-1,0,0,-0.007551766138854938,-1.0995656353218755,0.5339323622031318,0.4385384531805571,0.012142676448267054,0.007047571104958461,0.9254226232639513,0.028992751812046906,0.0
2020-11-09,43.89,40.01,0.13974059788577137,0.18950313473530553,0.09629262159370762,1.615212313852554,0.09255708083099896,39.83,40.0415,39.50666666666667,0,9,11,40.487034108129734,39.62918929260811,60.30956329463794,0.5788367750636354,0.3894597200466884,42.97057224399043,37.112427756009566,0.04427500773236063,0.034755517379612653,0.029852801501448346,653808110.0,2.6277945229216884,0,0,-1,0,0,0.1709572606848289,3.7968627596601463,0.7629774462396012,0.5517267340430301,0.1429687500000001,0.11992855320234752,0.6525439281934362,0.12941444520391887,0.0
2020-11-10,44.81,43.89,-0.06549237327740168,-0.09204081804981379,-0.010560245061488996,-0.58195084929995,0.020744825097909144,40.318,40.3255,39.74666666666666,1,10,11,41.2730279066516,39.96343514469791,63.29588014981273,0.8911246543825655,0.4897927069138639,43.91047140853155,36.74052859146845,0.04254529348755414,0.03485459761221556,0.029705142145127966,670650661.0,2.501833063063067,0,0,-1,0,0,-0.00022784233310544567,1.191724097935517,0.7533314436005242,0.5532995839748884,0.15341055341055343,0.14515716841298243,0.4984469761517439,0.03994644052666813,0.0
2020-11-11,43.22,44.81,0.022979159341178917,-0.004665120090156822,-0.015583522708613523,-0.4885901160711038,-0.03612797771931184,40.826,40.524,39.93733333333333,2,11,11,41.62702283271494,40.1735361031045,53.54590434304563,0.9988017717477362,0.5915945198806384,44.29314006665895,36.75485993334105,0.04123114031750293,0.03614675067480483,0.030633057459623633,660317912.0,1.430565037287029,0,0,-1,0,0,0.002008480249944126,-0.00619747370234208,0.877427259195843,0.5738118779315385,0.11019779090675574,0.10114649681528665,0.36543715242445235,0.052059231837112446,0.0
2020-11-12,41.92,43.22,-0.0720200386197888,-0.03696985256142053,-0.029980832211935784,0.06779020318383831,-0.03054031106595315,41.061,40.68,40.07033333333334,3,12,11,41.68029140858496,40.28621119322679,47.66505636070854,0.9680781255609361,0.6668912410166979,44.406728493349945,36.953271506650054,0.04235201001840654,0.03683785806913949,0.03127185615828764,649260416.0,0.6654630205622352,0,0,-1,0,0,-0.033317908375751916,0.06776452213814034,0.8875214448166726,0.5847828676994227,0.021193666260657773,0.08041237113402078,1.5006627190225938,0.04484732824427487,0.0
2020-11-13,43.88,41.92,0.00929131163004868,0.019789035815319832,0.017004361342567696,-0.34164466094569446,0.04569559539424278,41.496,40.89,40.24099999999999,4,13,11,42.08023842520587,40.518068535599255,57.354497354497354,1.089327939795652,0.7513785807724888,44.84576594486007,36.93423405513993,0.04406144626876006,0.03784265217682354,0.032086828226231934,657117880.0,1.5117173471221488,0,0,-1,0,0,0.005963740458015267,-0.5370294532183194,0.8777096478771469,0.600733479665953,0.09672581854536388,0.10584677419354849,0.45664225086149457,0.046376481312671004,0.0
2020-11-16,45.58,43.88,0.08823582663407056,0.045500127734147425,0.05610241965538515,0.6008922409582239,0.03801038841050852,42.214,41.1765,40.477333333333334,0,16,11,42.71655871153207,40.84464475910898,64.53937210499228,1.307522774996123,0.8626074196172155,45.615590826780775,36.73740917321922,0.04239442263384619,0.03855206141864347,0.03259821787853657,671447893.0,1.9839648125395142,0,0,-1,0,0,0.04968094804010938,0.6190486499559683,0.6125424653829247,0.6119950022557116,0.03850535429482793,0.1437892095357589,-0.3712885101209241,0.03641948222904791,0.0
2020-11-17,45.66,45.58,-0.0263983653004769,0.0008654262764289014,-0.002472744881404402,-0.5359704316812443,0.001753617284111244,42.894999999999996,41.451499999999996,40.74666666666666,1,17,11,43.251729854889874,41.15531283916647,71.21896162528216,1.4699543663925425,0.9840768089722811,46.28901251868241,36.61398748131758,0.042676609953709706,0.038572741271377955,0.03212399607328561,679832401.0,1.739943817714921,0,0,-1,0,0,-0.015796401930671323,-0.503441988464026,0.6023848863536113,0.6123232847406208,0.0189689801383619,0.13695219123505975,0.09996555338708953,0.03964082347788003,0.0
2020-11-18,45.6,45.66,0.042763932970702474,0.02224214873372074,0.02599279957252329,0.3093924860614497,-0.0013149245813089175,43.562,41.7395,40.980333333333334,2,18,11,43.67868806309171,41.44206684954283,68.44036697247708,1.575677643225724,1.1023969758229697,46.851127508872445,36.627872491127555,0.04282162331077436,0.03846418834873834,0.031934367458590525,668407695.0,1.51047782464555,0,0,-1,0,0,0.02540516863775742,0.021644414515478317,0.50026767514645,0.6106000605162589,0.05506709856547909,0.14457831325301207,-0.09269476143463719,0.036842105263157884,0.0
2020-11-19,46.08,45.6,-0.02793901271607394,-0.017495645755579624,-0.004175371410480733,-0.544390315645501,0.010471299867295437,44.065,41.947,41.21666666666667,3,19,11,44.11529023343867,41.741288343120715,69.50565812983919,1.6788434282861786,1.2176862663156114,47.41564786521055,36.47835213478945,0.04072483616334943,0.03699733660864646,0.03193512863376257,675036257.0,1.5115253722195434,0,0,-1,0,0,-0.001535087719298252,-0.8187376570678034,0.34973917514743846,0.5873145110293461,0.09923664122137388,0.09897448127832087,0.5162774928065618,0.022786458333333426,0.0
2020-11-20,45.54,46.08,0.011356313354625095,-0.008863964640947283,-0.00829237987415365,-0.00497224042099189,-0.01178795575204224,44.618,42.084500000000006,41.410333333333334,4,20,11,44.37432837281346,41.986366514532286,72.03703703703705,1.6974622806465192,1.313641469181793,47.7761355063224,36.392864493677614,0.03953508116390171,0.03700495985309302,0.0319989215837514,668440572.0,1.2142379799836271,0,0,-1,0,0,-0.0006510416666666914,-0.7584458552280222,0.3038243254777537,0.5874355262832803,0.03783044667274371,0.06426735218509005,1.3144958509199278,0.02228809837505491,0.0
2020-11-23,46.81,45.54,0.0013020835172984225,0.01935544295295629,0.005425468659221384,0.4274096373471454,0.02750579467638561,44.91,42.37,41.66433333333334,0,23,11,44.81717775957465,42.29756867488505,73.38425381903645,1.7940159424029574,1.409716363826026,48.41554294283579,36.3244570571642,0.027604358078435618,0.03591112391839815,0.032061952775581666,678553608.0,1.4688507027351712,0,0,-1,0,0,0.012516469038208175,-0.10647045647893806,0.235908935990924,0.5700714191334294,0.026985519964896953,0.13892944038929445,0.7701852346405281,0.03567613757744075,0.0
2020-11-24,48.25,46.81,0.05874755026221206,0.0474199881158371,0.05099830830392828,0.16739917749347744,0.030298972473015738,45.254,42.785999999999994,41.96833333333334,1,24,11,45.4413272578338,42.68159650231182,75.35364526659414,1.9640905669425806,1.520591204449337,49.25479928661521,36.31720071338478,0.02832743866994135,0.03525772482838489,0.03232655613477491,690509503.0,1.6893397856092802,0,0,-1,0,0,0.04464857936338381,0.18964776147232465,0.29092966102384676,0.5596990301391234,0.056723609286027266,0.20836463811670414,-0.13407731608417128,0.032764766839378234,0.0
2020-11-25,48.27,48.25,-0.008832346623541744,-0.013497137412455677,-0.003134031158260181,-0.49585187095018435,0.0004144218874066633,45.759,43.2925,42.269000000000005,2,25,11,45.9556313927731,43.042138663452995,72.17444717444721,2.0765525597648775,1.6317834755124454,49.81571481931526,36.76928518068473,0.024210718659689504,0.0329229883985262,0.03234273273568675,697791263.0,1.5260880218942385,0,0,-1,0,0,0.004559585492227956,-0.6439479560590637,0.2864591452372391,0.52263623831739,0.0585526315789473,0.26560041950707935,-0.1860153881593561,0.02216697741868656,0.0
2020-11-27,47.73,48.27,-0.004549222072289686,0.003493991839406802,0.003152919059615515,-0.586186684320417,-0.011250118654596434,46.339999999999996,43.7005,42.56666666666667,4,27,11,46.27824386681435,43.344581330326996,74.46134347275031,2.097922467990159,1.7250112740079881,50.26401470350638,37.13698529649361,0.021161935534211404,0.032765328772420596,0.03233717801239511,693739363.0,1.2278482435172557,0,0,-1,0,0,-0.00041433602651757043,-1.1687776252633875,0.3296795380839052,0.5201334693425649,0.03580729166666674,0.20621683093252452,0.3940495572735379,0.022836790278650817,0.0
2020-11-30,46.34,47.73,-0.012513197684783836,-0.02156865030276457,-0.03437204624652918,0.7746020548512526,-0.02955461201357492,46.586,44.041000000000004,42.78866666666667,0,30,11,46.28947225466628,43.537834147725256,59.21745673438677,1.9798741343434116,1.7759838460750728,50.396830808253505,37.6851691917465,0.02142000750757221,0.03384390446059199,0.03287312026623997,684947840.0,0.7234302074292427,0,0,-1,0,0,-0.0016760946993504776,-0.2865140434556468,0.4068278667949979,0.537255327588936,0.017566974088713216,0.17227422210979015,-0.12688366550403918,0.03582218385843771,0.0
2020-12-01,47.27,46.34,-0.023355626377135064,0.008142857395275852,0.009941728739628735,-0.16254175254544495,0.01987032580091491,46.755,44.4845,43.035999999999994,1,1,12,46.46775002654513,43.7786190414204,59.248120300751886,1.9390114896418922,1.8085893747884367,50.40601287567866,38.56298712432133,0.018880410472802305,0.032768704870634956,0.032975870697598414,692420464.0,0.9408068709740866,0,0,-1,0,0,0.00453172205438053,-0.4872386109252444,0.3805419715088677,0.5201870632402265,0.009826960051271039,0.23098958333333353,-0.12218559753851715,0.03363655595515133,0.0
2020-12-02,47.44,47.27,0.007064141545681125,-0.0068857862052247734,-0.0008605852510475396,-0.2104092321791649,0.0035899098843249684,46.933,44.914,43.27866666666667,2,2,12,46.64452274899147,44.01483716778038,67.76094276094278,1.8984608535977827,1.826563670550306,50.34012549566656,39.48787450433344,0.01886714724250642,0.03280888337919136,0.03297791310392903,698475177.0,0.9310510794552473,0,0,-1,0,0,-0.008250475988999377,-0.7261896262392061,0.2901654807550585,0.5208248772903649,-0.016787564766839402,0.221106821106821,-0.3264009415747557,0.0274030354131534,0.0
2020-12-03,47.82,47.44,0.02256765606068999,0.036390077515799694,0.025500744328332853,0.4909097929547611,0.007978207340708796,47.155,45.3585,43.544666666666664,3,3,12,46.85824588553847,44.26033154405261,76.91605839416061,1.875368921043595,1.8363247206489641,50.13868839091276,40.57831160908724,0.018806117617865045,0.03275489905058387,0.03287197993671751,708367379.0,1.0298757281948823,0,0,-1,0,0,0.01075042158516031,-0.048535983504654816,0.3010097852375134,0.5199679026412235,-0.009322560596643936,0.22835859234523515,-0.6098655232953538,0.03910497699707245,0.0
2020-12-04,47.59,47.82,0.00872098550544442,-0.015053172772400548,-0.012456616257545038,-0.26152344033153196,-0.004821306897159518,47.306000000000004,45.685500000000005,43.733333333333334,4,4,12,46.99129208816784,44.475148863791155,70.09750812567718,1.8175576471502097,1.8325713059492132,50.105938058786066,41.26506194121394,0.018923430470776662,0.031246820224182972,0.031762151207148016,700751592.0,0.8616793062916542,0,0,-1,0,0,0.01150146382266828,-0.4508465490318324,0.2916416668758353,0.49602789344839,-0.0029331657238632625,0.15931790499390996,-0.963446936206686,0.03614204664845553,0.0
2020-12-07,47.89,47.59,-0.0006204115595547885,-0.007405917412608053,0.009199113245662032,0.06132500316794602,0.006284059221498805,47.541000000000004,46.0795,43.90333333333333,0,7,12,47.15469352668278,44.69546184032076,64.75095785440618,1.7754826303146558,1.8211535708223017,49.7028190658037,42.456180934196304,0.01816771064338178,0.03026263860329791,0.031624039058969565,708849035.0,0.9993599609193707,0,0,-1,0,0,0.01575961336415213,-0.3879676052785344,0.14258122705413198,0.480404494565696,0.03344842468709541,0.19695076230942266,0.5181117597614712,0.01931509709751508,0.0
2020-12-08,47.28,47.89,-0.02174907977744979,-0.010482167483429582,-0.00941158535949634,0.12025095990250505,-0.012819341256675209,47.588,46.249,44.10933333333333,1,8,12,47.177476521831366,44.86220623771942,59.688995215311046,1.6736234845852067,1.7916475535748828,49.75636908447368,42.74163091552632,0.01703582049637107,0.022514220899191032,0.0307123362953699,699716902.0,0.5879050508621978,0,0,-1,0,0,-0.012319899770307025,-0.021475936801357058,0.13797715783223444,0.3574021767697949,0.0002115506663844524,0.07723855092276155,-0.9091420462438613,0.018295262267343376,0.0
2020-12-09,45.76,47.28,0.0008453085879506901,-0.008065826999660325,-0.039220713153281385,0.819962260611793,-0.03267702602630036,47.339,46.2965,44.303666666666665,2,9,12,46.91975351786203,44.920128415931075,50.814663951120146,1.4534931170241236,1.7240166662647312,49.74708515250989,42.845914847490114,0.016484262777689426,0.02351414943995797,0.03085821539031611,678983178.0,-0.3109617507104638,0,0,-1,0,0,0.001269035532994972,3.1914868069266533,0.25993149278814653,0.3732755502560251,-0.03541315345699836,0.0212006248605221,-0.9587633646387557,0.050043706293706275,0.0
2020-12-10,46.8,45.76,-0.04869511165284508,-0.01153024885978312,-0.005095834667348922,-0.9127469567436173,0.022472855852058576,47.192,46.4755,44.592333333333336,3,10,12,46.89798015097802,45.04141045361294,53.46820809248555,1.3474252436697256,1.6486983817457301,49.61116563066809,43.3398343693319,0.018685907640113172,0.022290892864381677,0.02953275863640291,687306110.0,0.2069735987321209,0,0,-1,0,0,-0.014641608391608274,-0.2719728334545015,0.32627698287106977,0.3538569541244289,-0.021329987452948673,0.08283202221193897,-0.10129839670700932,0.04220085470085458,0.0
2020-12-11,45.88,46.8,0.0199809040561022,-0.00865528724355921,0.003096046367722325,-0.08587579654133734,-0.019853910662431043,47.007,46.673500000000004,44.80266666666667,4,11,12,46.7128928508002,45.09551300499275,51.579925650557634,1.1755780466693224,1.5540743147304485,48.99147802087245,44.35552197912756,0.019284263555489144,0.02155665193676257,0.0293578031307335,679668087.0,-0.6846484244931222,0,0,-1,0,0,-0.017094017094017033,-0.41740747217956775,0.3447240553942944,0.3422012407431157,-0.03593191847026689,0.09446564885496178,0.45096014334468254,0.03117698343504808,0.0
2020-12-14,45.26,45.88,0.012529867967099843,0.0002146153028946536,0.0017787694016111982,-0.09587549890213823,-0.013605652055778709,46.899,46.7425,44.99366666666666,0,14,12,46.44873051429107,45.106125069186774,42.33432245301678,0.9780843390858891,1.4388763196015368,48.774920128549184,44.710079871450816,0.017559438537550195,0.019487747320572214,0.029539410139529258,672728354.0,-1.458851916663769,0,0,-1,0,0,0.015257192676547422,-0.5974387603926532,0.3242718243231095,0.3093583981385964,-0.05491751931509714,0.031449407474931634,1.396475959136404,0.030048608042421553,0.0
2020-12-15,46.42,45.26,-0.019510699108440183,-0.002363305429106768,-0.006366376282334157,-0.14955435757564134,0.02530676064089982,46.814,46.784499999999994,45.261,1,15,12,46.44350678441997,45.19089119375537,40.691759918616484,0.9047421540665468,1.332049486494539,48.749364800487555,44.81963519951243,0.018410966426783196,0.018365245987096726,0.029072703682071415,678704100.0,-0.37101789386175166,0,0,-1,0,0,0.009279717189571404,-0.786203181017237,0.4138397872963113,0.2915392418903093,-0.01818950930626051,0.018429135585783296,0.3091882826726996,0.033112882378285274,0.0
2020-12-16,45.73,46.42,0.01606983549853615,-0.0015068348562024293,0.0070270775114301635,0.07510356242480958,-0.014975863176327302,46.643,46.788,45.490333333333325,2,16,12,46.313778278161784,45.22567240706148,37.90476190476188,0.781927141255764,1.222025017446784,48.74466311006782,44.831336889932174,0.018747786966851938,0.018705621890867365,0.029319831833702528,672262271.0,-1.0814329708125672,0,0,-1,0,0,0.0,-0.6145178474837861,0.3517012529520393,0.29694254185224506,-0.000655594405594484,0.0015330705212439621,0.5689014753335075,0.025149792258911043,0.0
2020-12-17,46.39,45.73,-0.013446309726151755,-0.00043094161408150576,0.003970468146472236,-0.01141195730358872,0.014329381093688637,46.5,46.8275,45.739000000000004,3,17,12,46.32763677304146,45.300790316283326,43.69114877589455,0.7294432749082134,1.1235086689390699,48.71381498178612,44.94118501821388,0.01928834571561119,0.018966225974001334,0.029351599840229937,678631004.0,-0.4638673861199346,0,0,-1,0,0,0.0015307238136890507,-0.5682964152191987,0.32167597032051026,0.3010795034199679,-0.00876068376068373,0.017324561403508687,0.7196699098630975,0.020478551411942138,0.0
2020-12-18,46.03,46.39,0.009128513726095449,-0.0012939402279792834,0.004609820478161486,0.27659934456679797,-0.007790560934502237,46.344,46.825,45.904999999999994,4,18,12,46.27352099612483,45.347836102329566,48.38373305526589,0.6512927440101919,1.0290654839532944,48.715613935370214,44.93438606462979,0.01934390695037141,0.0189250682145981,0.02799603907287188,670232951.0,-0.8409966573575779,0,0,-1,0,0,-0.0036645828842423304,0.0012939039057911592,0.2890167416271374,0.30042614424455844,0.0032693984306886303,-0.0010850694444444198,0.7248436443822263,0.01477297414729539,0.0
2020-12-21,45.8,46.03,-0.032097721402510236,-0.004542021434501009,-0.026857679141735796,-0.09238668353278366,-0.005009266709010923,46.135,46.838,46.09799999999999,0,21,12,46.187426269556674,45.3770079666954,41.7322834645669,0.5642939777053471,0.936111182703705,48.69468181668414,44.981318183315864,0.019057642899267684,0.0187628271465061,0.02749814515870519,662576005.0,-1.1181237309188248,0,0,-1,0,0,-0.027590701716272065,-0.23483713141623547,0.26803492327171763,0.2978506471328809,0.01193106495802021,0.005709266578831862,0.6384917632504821,0.03668122270742358,0.0
2020-12-22,45.32,45.8,0.02732651304537046,0.00043346337913197547,0.011852984571255817,-0.5168683524494833,-0.010535654960333643,45.939,46.7635,46.14566666666667,1,22,12,46.02971240236455,45.37333003336022,38.47826086956524,0.45141125222200884,0.8391711966073657,48.7405821136703,44.7864178863297,0.01895957538780646,0.01774380968532789,0.021412186576618024,658009515.0,-1.4602327237893564,0,0,-1,0,0,0.004366812227074298,-1.0454857755257878,0.17963933749026903,0.2816742464294211,-0.023696682464455,-0.031830805383465166,1.6629667050351982,0.02581641659311566,0.0
2020-12-23,46.75,45.32,-0.011588628652175886,0.020376040073510925,0.010834821305749505,0.34907849148953823,0.031065819574890532,46.038,46.6885,46.21033333333334,2,23,12,46.16067378375281,45.46214745056279,44.78048780487806,0.4719001567325378,0.7657169886324002,48.53782733147269,44.839172668527304,0.019175028737596612,0.017820120020885892,0.021830961468419983,664483704.0,0.06651067007269877,0,0,-1,0,0,0.003309796999117356,-0.42476590114917867,0.28567973896960663,0.2828856354515233,0.02230483271375472,-0.031088082901554404,1.038447124422378,0.03486631016042786,0.0
2020-12-24,46.28,46.75,0.03309483387313944,-0.00021233676690885267,0.007449640061731575,-0.7781165969482476,-0.01010435340922014,45.986000000000004,46.589000000000006,46.312333333333335,3,24,12,46.18236945943411,45.51491213117164,43.755958055290755,0.445082060189705,0.7015900029438612,48.28808830041767,44.88991169958234,0.018066140932407156,0.017916650498422365,0.020809506523689614,661510302.0,-0.363724474971722,0,0,-1,0,0,0.0053475935828877,-1.3365574337286672,0.2852018749072723,0.28441800927652217,-0.0023712006898037874,-0.04122643463849185,2.155664563002974,0.027657735522904087,0.0
2020-12-28,46.12,46.28,-0.0027697897754438406,0.0016974330407069991,0.0065274383199633475,0.6029970988560095,-0.003463206924617591,46.010000000000005,46.508500000000005,46.45233333333333,0,28,12,46.17102955771882,45.55395005819283,41.449275362318836,0.406235037995863,0.6425190099542616,48.13079564441239,44.88620435558762,0.01689246593295533,0.017789839200444454,0.019921413723860353,656076148.0,-0.4789509252991034,0,0,-1,0,0,0.01274848746758851,-0.669146398266278,0.2797395405698051,0.282404942329225,0.0019552465783183592,-0.03373140582442902,2.068718267703928,0.022983521248915922,0.0
2020-12-29,46.15,46.12,-0.011156519922750503,-0.008516125558375463,-0.003040836400477525,-0.1346682912152548,0.000650265548002937,46.099000000000004,46.499,46.528000000000006,1,29,12,46.16720600176994,45.592404893148135,44.21699078812692,0.3735630401175456,0.5887278159869184,48.12766299702529,44.870337002974715,0.01615054412658541,0.01656601025001266,0.0181601947009878,660825630.0,-0.4285723942122388,0,0,-1,0,0,0.004986990459670512,-0.7963149636945046,0.2755739094858042,0.26297726002848265,0.007641921397379958,-0.004100129477773051,1.8513968204536275,0.017334777898158273,0.0
2020-12-30,46.41,46.15,-0.003025067129689147,0.003415158068531304,0.00336609254255466,0.020033453486252448,0.005617992304223274,46.098,46.456,46.55566666666666,2,30,12,46.21135036508449,45.64515296455794,53.819036427732065,0.3644489330605438,0.5438720394016434,48.04385389755628,44.868146102443724,0.014004101001829238,0.015944969930214672,0.016795081716732906,665671220.0,-0.05793983951647037,0,0,-1,0,0,0.0013001083423619128,-0.7209649495151553,0.25379908681565344,0.2531185505865057,0.024051191526919702,-0.018193357309075675,1.5331436613288132,0.01734539969834087,0.0
2020-12-31,46.61,46.41,-0.0006494209558257699,-0.003201368650293316,-0.00969453701293644,0.09069743467965273,0.004300157131565117,46.186,46.4145,46.58733333333334,3,31,12,46.28383211688731,45.70740116039291,48.761408083442,0.3691094026533648,0.5089195120519877,47.93607086418002,44.892929135819976,0.013010132752657638,0.015956104063039718,0.016806887806863062,670976839.0,0.2569712717328587,0,0,-1,0,0,-0.004955828485240183,-0.578331636564973,0.10104248163729526,0.25329529946562224,-0.0029946524064171642,-0.01749578414839792,-0.8300253991185561,0.023600085818493915,0.0
2021-01-04,45.04,46.61,0.006475308617306422,-0.005143603281887306,-0.02482172556607375,0.6591215107324899,-0.03426412655321462,46.051,46.2755,46.568666666666665,0,4,1,46.0576808229078,45.664343021012726,44.95192307692307,0.2433122275177908,0.4557980551451484,47.764017100297984,44.78698289970202,0.01636050740640463,0.01740744639719774,0.01794905109039772,660720582.0,-1.6600413925411661,0,0,-1,0,0,-0.002789101051276605,0.7948908088541605,0.25797055415383097,0.27633464476603503,-0.026793431287813307,-0.05813467168548725,-1.9831478419507231,0.04395870337477799,0.0
2021-01-05,45.64,45.04,-0.03458431779544719,-0.009130512290628749,0.006261758422278344,-0.6783875717749202,0.013233541162439905,46.01199999999999,46.178,46.554,1,5,1,45.98173885510638,45.66277250352804,52.289156626506035,0.18984364611507232,0.4026071733391332,47.55528336723749,44.8007166327625,0.017000164132946204,0.01776819377501953,0.01801408934700154,665924961.0,-0.7812480899687302,0,0,-1,0,0,-0.0031083481349911315,-0.5705570895810754,0.29095278169854055,0.2820613318530457,-0.010407632263659927,-0.04097499474679556,-1.8733064432433977,0.027979842243645792,0.0
2021-01-06,46.75,45.64,0.013274531208696108,0.018327454455386874,0.011750495471913189,0.36444857898474964,0.02402973074082121,46.107,46.120999999999995,46.59433333333334,2,6,1,46.12142269963249,45.73291621297785,51.99999999999999,0.23433585560166392,0.36895290979163936,47.27645206463491,44.96554793536508,0.0186305174220896,0.01864331140644411,0.018414142763077367,673417809.0,1.0887513541269211,0,0,-1,0,0,-0.0030674846625766993,0.06821647861303788,0.3473595604692198,0.29595339357710965,0.01300108342361872,-0.02380455209855925,-1.4830564172286085,0.03422459893048131,0.0
2021-01-07,47.33,46.75,0.02710192977779118,0.018353009603472605,0.029535263036462346,-0.17621615283883088,0.01233008818346065,46.30800000000001,46.1235,46.611666666666665,3,7,1,46.34116402697204,45.8359538766567,59.82800982800983,0.3127917364746011,0.3577206751282317,47.28967729083921,44.95732270916079,0.01830100341393797,0.01866066684655428,0.017843864696733314,679700088.0,2.069153651811845,0,0,-1,0,0,0.0,-0.2277546464778657,0.3541262819958459,0.29622890264766316,0.01982331394096093,0.0010575296108290555,-1.671112746694781,0.023452355799704342,0.0
2021-01-08,46.98,47.33,0.018858488752403355,0.0020151087720787298,-0.00042808219831806286,-0.275271210501209,-0.007422364687389882,46.331,46.1845,46.56933333333333,4,8,1,46.45731602206803,45.90976330396918,53.76756066411236,0.34277521309615366,0.3547315827218161,47.39731707736275,44.97168292263725,0.01588939525832254,0.017161569148889475,0.01695162526604132,674929538.0,1.3118218977090903,0,0,-1,0,0,0.006549757025142664,-0.913168587138594,0.36339006762381937,0.2724314644535998,0.00793821068440237,0.026660839160839167,-1.0862547695696665,0.026106853980417233,0.0
2021-01-11,47.44,46.98,-0.024005401251093808,0.002156778797327798,-0.012711579113158506,0.5062310010380433,0.009743775458703238,46.446999999999996,46.216499999999996,46.541666666666664,0,11,1,46.635985836237474,46.0084882521002,58.890290037830994,0.39905542739398925,0.3635963516562507,47.52749439959683,44.90550560040316,0.01564767932078784,0.016550589266395424,0.01705993245028322,682844007.0,1.866522084878862,0,0,-1,0,0,-0.010004257130693889,0.9838999286604243,0.18157714490665222,0.26273245950274343,0.05328596802841923,0.013675213675213627,-0.8475840796481432,0.040472175379426684,0.0
2021-01-12,48.13,47.44,0.02526405465828999,0.009117344549276239,0.024840677696984486,-0.39455087086546226,0.014439928625548036,46.647999999999996,46.32899999999999,46.55499999999999,1,12,1,46.907624775103386,46.145359977771164,63.88557806912994,0.49364470722967724,0.38960602277093603,47.88219568699181,44.77580431300818,0.0159080524610965,0.016084921796436422,0.0171474507878872,688178222.0,2.3190896228769895,0,0,-1,0,0,0.005480607082630799,-0.5099073705705635,0.1829814575101062,0.25534021758775843,0.054557405784399604,0.04904097646033123,-0.9223903045558356,0.02493247454809881,0.0
2021-01-13,47.99,48.13,0.003975316460222499,-0.0009554893378851337,0.0042211966436243396,0.16034176133281566,-0.0029130274448638162,46.832,46.4655,46.61,2,13,1,47.10442027053913,46.26436901146335,66.583850931677,0.5509594454801032,0.4218767073127695,48.10080103457095,44.83019896542905,0.016040284412220218,0.015698735632003302,0.016233660356055266,681916323.0,1.8644885165133915,0,0,-1,0,0,-0.004986494909619821,0.07773757037612673,0.1556757793669245,0.24920970228257486,0.026524064171123074,0.06031816173221394,-0.5943800573955585,0.019872890185455405,0.0
2021-01-14,48.82,47.99,0.015745094277496034,0.02117057281644345,0.02001734894342422,0.2562144561936536,0.017147409094659866,47.07299999999999,46.5855,46.66166666666666,3,14,1,47.41634385771383,46.42924843007862,63.892617449664414,0.6557962410269553,0.46866061405560666,48.52978149358582,44.641218506414184,0.016584189770796627,0.015169503531786983,0.01613061349388149,690006883.0,2.298535481998474,0,0,-1,0,0,0.013752865180245813,1.0978642576694344,0.17269802933379486,0.2408084031445461,0.03148109021762102,0.05170185264971994,-0.44276098721816404,0.02109791069233923,0.0
2021-01-15,46.66,48.82,-0.0014398850579876432,-0.015482077421165879,-0.03786737664265451,-0.09475582304663077,-0.04525279837153022,47.078,46.632,46.635666666666665,4,15,1,47.27882679267495,46.44413562813806,52.07877461706781,0.5581521778112233,0.48655892680673,48.5341605444406,44.72983945555939,0.02281209429456213,0.01809378655256149,0.018126977752552318,682647750.0,0.029440206907701404,0,0,-1,0,0,-0.0049160180253994675,0.6296725885783818,0.40210281818985777,0.28722995696137454,-0.006811409110259681,0.02033675923901157,-1.7673626323670615,0.0443634804972139,0.0
2021-01-19,46.91,46.66,-0.028818030982516604,-0.022001717718240194,0.0025695945616307143,-0.43134949990015403,0.005343605747082668,47.265,46.658,46.605333333333334,1,19,1,47.211767375824955,46.47419139406464,54.27952329360778,0.4952327302454975,0.48829368749448354,48.56044828409833,44.755551715901674,0.0194316026182251,0.017855758942930604,0.018091015107858373,687428477.0,0.2649217874739043,0,0,-1,0,0,0.01157308186883854,-0.8221745994597971,0.39571550954416057,0.2834513857998716,-0.011172006745362562,0.011209312351799783,-1.7039208793199612,0.01897250053293542,0.0
2021-01-20,48.21,46.91,-0.0021208915691376244,0.01654650373675647,0.00293623252355799,0.377378201694023,0.02733559607716426,47.522000000000006,46.766999999999996,46.626,2,20,1,47.39326421658405,46.58617904606047,59.8095238095238,0.5439968926342189,0.49943432852243064,48.76533720350989,44.768662796490105,0.020671521309648135,0.018711375225213503,0.018783846856172563,694400956.0,1.4442007059324236,0,0,-1,0,0,0.004050309102536876,0.5010969616206711,0.43905043801852284,0.29703387320358077,0.0016621649698731478,0.04736041711927008,-1.2983436298056474,0.03209914955403442,0.0
2021-01-21,47.77,48.21,0.013706065904367076,-0.010478904830729146,0.004733170215905508,-0.20785530290980245,-0.009168641015660336,47.624,46.8655,46.622,3,21,1,47.46176163175058,46.662554591475924,56.367041198501894,0.5409033230796894,0.5077281274338824,48.85734098921075,44.87365901078925,0.020017318193782583,0.018820747059105688,0.01883355823477472,688737040.0,0.908205027308335,0,0,-1,0,0,-0.009541588881974712,-0.22834461043719584,0.4444055042262523,0.29877009724106346,-0.004584288393415292,0.043013100436681384,-1.0465357320738575,0.017165585095248067,0.0
2021-01-22,47.39,47.77,-0.01200899294721034,-0.003971162079499048,-0.001061683930280291,-0.16289093008634636,-0.007986591422373587,47.629999999999995,46.969,46.62566666666667,4,22,1,47.44871406234139,46.70948655331619,53.59116022099448,0.502002055501876,0.5065829130474812,48.83377485588531,45.10422514411469,0.0199152834924272,0.018738938187322782,0.018741258654472598,683924502.0,0.4515290397350704,0,0,-1,0,0,-0.012350847812434652,-0.7625111744842714,0.41556273191168125,0.2974714216624055,-0.029291274068004913,0.045675198587819876,-0.4427744027158874,0.014349018780333397,0.0
2021-01-25,45.62,47.39,0.0021172991183137494,-0.008623462840901269,-0.041202705746538136,1.0199661181570612,-0.03806501912325497,47.494,46.912499999999994,46.621,0,25,1,47.11622059646113,46.63919709826354,52.62206148282096,0.3246064520662415,0.4701876208512332,48.87131677496364,44.95368322503635,0.023186580155109125,0.019419266034227636,0.01907239528899964,670578849.0,-1.3196742201924274,0,0,-1,0,0,-0.0023211648027009796,3.0209264960800657,0.3762471713274648,0.30827129141981907,-0.022288898414059122,-0.024171122994652516,-0.08577679471759243,0.0475668566418238,0.0
2021-01-26,45.81,45.62,-0.03289558137631247,-0.023942999239603288,0.009474566853827589,-0.8564944865139842,0.004156191042408817,47.331,46.888999999999996,46.588,1,26,1,46.87872594255911,46.585700511278795,50.79812206572771,0.1970787690090816,0.4155658504828029,48.89057727278554,44.88742272721445,0.022916794324121418,0.019332044632892623,0.01860759542861257,676246055.0,-1.078149731884571,0,0,-1,0,0,0.002849627356422678,-0.3970669595582916,0.37441424085474667,0.30688669459820905,-0.023449157962054934,-0.010155574762316322,-0.0457454080374439,0.01353416284654,0.0
2021-01-27,44.15,45.81,-0.010989121575595206,-0.011314306946075525,-0.038677001342217826,0.609866927680984,-0.03690948084868178,46.93300000000001,46.790499999999994,46.53033333333333,2,27,1,46.38259395300291,46.4285585428092,38.39285714285716,-0.03750364670817419,0.32495195104460756,49.11866598250416,44.46233401749583,0.02412955452520471,0.02093420457868347,0.0194231341562237,665817339.0,-2.2683090637377,0,0,-1,0,0,-0.01222440515171365,1.5768075627680465,0.29437038780566804,0.3323201952608769,-0.08421489317568975,-0.04271465741543801,-0.23498104034353304,0.041449603624009186,0.0
2021-01-28,44.6,44.15,-0.001990930864473895,0.011963166058275224,0.01043093357883962,0.17350171747467324,0.010140931976049435,46.594,46.713,46.50833333333333,3,28,1,46.05848596154783,46.31058702391828,37.669376693766985,-0.18496846076917706,0.22296786868185065,49.22673573957277,44.199264260427235,0.02480282831439567,0.021105095190681107,0.019382735046202634,678221908.0,-1.6811631920856753,0,0,-1,0,0,0.022876557191392935,2.0323714380625773,0.35406487271480397,0.3350329996253252,-0.06635963994138583,-0.03358613217768136,-0.2521676084286328,0.043049327354260127,0.0
2021-01-29,43.94,44.6,-0.020356367827522665,-0.028621943933071544,-0.013968068582403037,-0.23009790556981302,-0.0149087920695543,46.106,46.5895,46.425666666666665,4,29,1,45.67330669581186,46.157645925600974,36.64323374340953,-0.35104524146347416,0.10816524665278568,49.39202874533082,43.78697125466918,0.023340388642306573,0.021236096033108238,0.018917120833040868,668367026.0,-1.8907923812836727,0,0,-1,0,0,-0.007847533632287027,0.9448846692534635,0.3507069363795087,0.33711257352893803,-0.0728001688119857,-0.053221288515406195,0.044314216463409724,0.027990441511151588,0.0
2021-02-01,44.79,43.94,0.002031832734226852,0.005436303397825577,0.008539419195287229,-0.5196129473609239,0.019159833262744615,45.919,46.4985,46.394333333333336,0,1,2,45.512705478391524,46.06941070459446,38.742565845369626,-0.40935559395657606,0.00466107853091334,49.41413679060363,43.58286320939637,0.021643774702272408,0.021750255855972768,0.01912327666466077,674228224.0,-1.1719566754721114,0,0,-1,0,0,0.009103322712790298,-0.614359814158168,0.35206349718277424,0.34527460768158147,-0.01819377466023675,-0.039047414717871654,-0.8320567811014071,0.024559053360124903,0.0
2021-02-02,45.62,44.79,0.0280205123321749,0.021670980503161033,0.028177177191299398,0.03891554388425534,0.018361316637033283,45.790000000000006,46.5275,46.36866666666666,1,2,2,45.53221357322943,46.04041646558837,39.46263643996641,-0.38416449583628065,-0.07310403634252546,49.393165165732,43.66183483426801,0.022645465576452545,0.020831290859512273,0.01924796449407908,680322010.0,-0.6333608063161112,0,0,-1,0,0,0.018084393837910297,-0.4555688857045722,0.3849211781007947,0.33068649061633454,-0.0041475660336172115,0.01287744227353449,-0.9344799601483873,0.0181937746602367,0.0
2021-02-03,46.55,45.62,0.0,0.014831008008265303,0.003192253247508528,0.004085648941210348,0.0201807868668342,45.624,46.573,46.385999999999996,2,3,2,45.717265650824075,46.07329282264719,44.33070866141732,-0.28586190333934525,-0.11565560974188943,49.40806687937177,43.73793312062823,0.021654301438510434,0.02111191527163204,0.019559126599358965,686440744.0,-0.016225366792828405,0,0,-1,0,0,-0.0004384042086803161,-0.4697182341334915,0.23549414038446198,0.3351412650540302,0.05436013590033961,0.019938650306748462,-1.8666127352233526,0.02953813104189044,0.0
2021-02-04,49.13,46.55,0.025761788357784466,0.048109224853431755,0.026355844705362674,0.5515463137686748,0.05394284245748092,45.760000000000005,46.692,46.497,3,4,2,46.3377628052197,46.27049973731512,51.0726643598616,0.00022544865499440903,-0.09247939806251267,49.74942650640857,43.63457349359143,0.028315905748835756,0.02387001143812533,0.021933771998258956,697062470.0,1.5948053010528924,0,0,-1,0,0,0.005155746509130011,1.239170425006612,0.39433723787009844,0.3789246843452812,0.10156950672645748,0.050909090909091015,0.10764131390332699,0.050274781192753894,0.0
2021-02-05,50.05,49.13,0.06154194355279903,0.034179403812694714,0.05010440553713653,-0.014143977911940319,0.018552659580672717,46.025999999999996,46.827999999999996,46.654666666666664,4,5,2,47.012715022452475,46.51433846393995,62.83118849356546,0.2977557050761561,-0.01443237743477891,50.227737451160955,43.42826254883904,0.02840800496443273,0.02404564588401167,0.02198243048075891,707535020.0,1.8954404840289867,0,0,-1,0,0,0.012823122328516089,1.0702848908886056,0.2570910547157052,0.38171279473811254,0.13905325443786976,0.05746883583350937,2.225030670444027,0.03556443556443559,0.0
2021-02-08,52.24,50.05,0.01515784905136648,0.04608225570794951,0.02215152999546095,0.08125793908270823,0.04282597920694604,46.688,47.090999999999994,46.837666666666664,0,8,2,47.96313047291566,46.883735982395436,67.59075907590758,0.7021710831260535,0.12888831467738757,51.26573049870601,42.916269501293975,0.026199802606513563,0.025547080073720686,0.022622092033586266,718894078.0,2.4667460577855103,0,0,-1,0,0,0.009390609390609511,1.2647813218834842,0.2723527036496708,0.40554732359351153,0.1663317704844831,0.11196253724989358,0.8559458144200718,0.05895865237366,0.0
2021-02-09,51.18,52.24,0.01979486485784241,-0.029324264163212398,0.006354988277607674,-0.7434802467405018,-0.020499654236532945,47.225,47.278000000000006,47.001,1,9,2,48.54801584147644,47.16091430611186,59.95975855130783,0.9264603840696921,0.2884027285558485,51.836012493918915,42.7199875060811,0.028273867864873098,0.026167243805189658,0.022916005365107524,713493342.0,1.7121497605396503,0,0,-1,0,0,-0.013591117917304763,-0.8921748083727994,0.46142446493076733,0.41539211762716394,0.12187637001315221,0.07883642495784149,-0.7513297394637222,0.023835482610394736,0.0
2021-02-10,51.28,51.18,-0.0005823546704425115,0.011367033843510555,0.012388778386420015,0.23847370653932423,0.001951981880771944,47.938,47.435500000000005,47.173,2,10,2,49.04474023393527,47.42666177023368,62.0452985586822,1.0996048747341405,0.4506431577915069,52.32323965625751,42.547760343742496,0.023240130375504615,0.02605461665968669,0.02287969462365712,720348552.0,1.5731197937591002,0,0,-1,0,0,0.006252442360296997,-0.3967234995592973,0.4873402021872893,0.4136042171199083,0.1016111707841032,0.06544774568875966,-0.1793113506252525,0.023042121684867453,0.0
2021-02-11,51.42,51.28,-0.009364094956025103,-0.016598083261063087,-0.016157987003472,-0.26863725920522546,0.002726389225328762,48.62,47.607,47.34866666666667,3,11,2,49.47660564594704,47.68429649473474,64.06140963014653,1.2338963716965026,0.607293800572506,52.8073647645328,42.4066352354672,0.023541017738772537,0.02601212775488919,0.022872989866191944,725588815.0,1.4664355954432986,0,0,-1,0,0,-0.005070202808112286,-0.9634380563281295,0.3763970071579033,0.4129297266664662,0.04661103195603489,0.07147322358824759,0.4578657541249761,0.022170361726954364,0.0
2021-02-12,51.34,51.42,0.005473039463058482,0.006949379006579862,0.012437234644780363,-0.11735345007989334,-0.0015570263947490895,49.36,47.733,47.513000000000005,4,12,2,49.81540461941121,47.92014833378411,72.626582278481,1.3186672439981066,0.7495684892576262,53.17367371988979,42.2923262801102,0.022028931763376204,0.025837524343691146,0.022891462571479296,720928802.0,1.3259387295414102,0,0,-1,0,0,-0.0023337222870479296,-1.0770017800163487,0.3721701615532689,0.41015798344190474,0.025774225774225945,0.05161818926669404,1.2808580458988046,0.01692637319828593,0.0
2021-02-16,51.96,51.34,0.009892428649973178,0.0034854982859999087,-0.0029472464599322808,0.4628068379665948,0.012004016359404294,50.077,47.998000000000005,47.69133333333333,1,16,2,50.20533105224553,48.18078392515288,73.52716143840854,1.4195143121090723,0.8835576538279155,53.72726228373016,42.26873771626985,0.022022574636434797,0.02338938521483679,0.022943342478601886,728331356.0,1.3830750989533858,0,0,-1,0,0,0.009154655239579253,-0.10572769122243332,0.18884643015246488,0.37129497958289515,-0.0053598774885145195,0.11358765537934001,-1.1969187739743372,0.023094688221709063,0.0
2021-02-17,52.44,51.96,-0.0021253993123134776,0.009756174945364656,0.0076448475824408375,-0.17314095684301534,0.009195467093100176,50.759,48.2745,47.938,2,17,2,50.6116344972918,48.45557205901399,84.86122792262402,1.5206393448215465,1.0109739920266416,54.30834655178681,42.240653448213195,0.022061203935602104,0.023402903074008583,0.02183125879863821,734557045.0,1.3807112806892516,0,0,-1,0,0,-0.005003849114703579,-0.5605941640426786,0.08887672441959549,0.3715095689446545,0.024618991793669442,0.11788531230014931,0.35777764936204254,0.025171624713958816,0.0
2021-02-18,51.95,52.44,0.004438876341844151,-0.006301940077277123,-0.0046976011225086664,-0.21270107271845695,-0.009387941350262635,51.299,48.4615,48.148333333333326,3,18,2,50.85497367960238,48.681019022948576,80.80469404861694,1.5434508166638352,1.1174693569540803,54.71475944481705,42.208240555182954,0.023119444291922583,0.023044761536774917,0.021936518821423223,729524212.0,1.1157381301015459,0,0,-1,0,0,-0.009725400457665866,-0.9362550562848476,0.13605056268740642,0.3658242482945585,0.01306552262090488,0.07757726612735949,-0.4353346124576184,0.02367661212704531,0.0
2021-02-19,52.81,51.95,0.0057603845919798145,0.030934190447879414,0.021927724407370962,0.23004883373348994,0.01641884917360542,51.666999999999994,48.713499999999996,48.35033333333333,4,19,2,51.21043301058376,48.94740489243576,86.56224237427868,1.6123378579458176,1.2164430571524278,55.249258402413574,42.17774159758642,0.017441722875748404,0.022990647897853114,0.021740201345692496,735858845.0,1.2535653088055443,0,0,-1,0,0,0.005389797882579288,-0.4907243918605958,0.16827955913986273,0.3649652209078155,0.027032283158304082,0.10550554741469531,-0.6265678096392521,0.032948305245218745,0.0
2021-02-22,54.79,52.81,0.03388240540776716,0.03468133671732966,0.022583747549369645,0.5673083216627304,0.036807128831482405,52.141000000000005,49.0835,48.599000000000004,0,22,2,51.8612633722958,49.324346512278616,87.70739064856714,1.8058836839308938,1.3343311825081212,56.12227763012147,42.044722369878535,0.01966552849953828,0.02384412445624356,0.022530869561505136,747030058.0,1.621446307830447,0,0,-1,0,0,0.023101685286877463,1.1160941134302502,0.26641168393746995,0.37851374124776205,0.06719906505648598,0.1561510867271576,0.2504412235358089,0.044716189085599614,0.0
2021-02-23,56.72,54.79,0.039377309043670955,0.029694652639115693,0.018959675738062978,0.20072908246858753,0.03461918667354767,52.589,49.63850000000001,48.92366666666667,1,23,2,52.74467003187838,49.80148544697032,88.6490250696379,2.0909023945011853,1.4856454249067341,57.25421305021008,42.02278694978993,0.01812778639332134,0.022110881195080683,0.023051214910163226,760684560.0,1.8597076736772942,0,0,-1,0,0,0.025734623106406347,1.970316959537085,0.3077268797942539,0.35099935746406874,0.09160892994611225,0.24331433581762396,-0.4490869775672713,0.05483074753173483,0.0
2021-02-24,59.29,56.72,0.024605810802200194,0.03793381520361972,0.05498743850646478,0.08539166812008689,0.04431377549540429,53.4,50.3125,49.318666666666665,2,24,2,53.934730026082306,50.413647676198046,89.81250000000003,2.4953939495690634,1.6875951298392,58.833732614072886,41.791267385927114,0.018455184563169094,0.023305826920465587,0.02411091630158595,775556273.0,2.1070895272060954,0,0,-1,0,0,0.015514809590973247,2.0093299417788058,0.3481522291782034,0.3699685327815976,0.13062547673531655,0.29425889543767725,-1.184575853862775,0.03811772642941471,0.0
2021-02-25,58.31,59.29,0.02655402272255011,-0.006391947751118547,-0.005242017944583113,0.12720914908132047,-0.016667052485211647,54.102999999999994,51.0205,49.658,3,25,2,54.7302336577037,50.92308976160463,81.87500000000003,2.7056891115217354,1.8912139261757073,59.73663742313235,42.304362576867646,0.020693201820296707,0.021446467326327084,0.024473249290347766,758667145.0,1.6726445777814152,0,0,-1,0,0,-0.0023612750885478252,2.19919001237371,0.39363262503214286,0.34045211427800276,0.12242540904716082,0.3207248018120046,-1.3818621346799884,0.037386383124678436,0.0
2021-02-26,58.13,58.31,-0.029683915731477842,-0.009665187575176044,-0.0014025247740854356,-0.5510137541844166,-0.0030917235208054684,54.774,51.697,49.996,4,26,2,55.34837299266666,51.38805171246885,79.57540263543196,2.825257239985838,2.0780225889377335,60.41517967479942,42.97882032520059,0.02109556903590044,0.02178071586545845,0.024475683972331155,748932839.0,1.475766786177874,0,0,-1,0,0,-0.015263248156405429,0.2912136219343988,0.4380106783464201,0.3457581453417722,0.1007384964968756,0.30336322869955157,-0.6555832764533724,0.029072767933941125,0.0
2021-03-01,58.06,58.13,0.03642362110839121,0.019404979095978738,0.011685839792771118,0.15448343855643779,-0.0012049231167753393,55.446000000000005,52.403,50.304,0,1,3,55.84139608490908,51.81849998908376,75.21663778162915,2.8811552638253914,2.2386491239152653,60.7554924738844,44.050507526115595,0.021069744505068815,0.02104909309036219,0.02443250217644075,737572369.0,1.354565722193142,0,0,-1,0,0,0.02442800619301556,0.7165425796414328,0.42483558384114645,0.3341439938432783,0.05968242379996358,0.321347291761493,0.4569723677623956,0.037375129176713776,0.0
2021-03-02,57.81,58.06,-0.03155912228725513,-0.024358443832040527,-0.00783362000535707,-0.5494304722787938,-0.004315187502099152,56.031000000000006,53.053999999999995,50.675666666666665,1,2,3,56.19932406947106,52.20504837688481,80.89468779123958,2.872173313684584,2.365353961869129,60.92374860830216,45.18425139169783,0.021738930604083082,0.021408313306954824,0.022616362659334727,731014214.0,1.2086790154853684,0,0,-1,0,0,-0.006200482259731303,-0.6249546162717307,0.37852188120578134,0.3398464379973435,0.01921720733427379,0.2906898861352982,1.860153098554286,0.02041169347863691,0.0
2021-03-03,57.82,57.81,0.01325662867352519,0.004612633103587147,0.0066190800798814784,0.26551467524638933,0.00017296549381518283,56.569,53.664,51.039333333333325,2,3,3,56.493992420476324,52.567303320311595,80.73308270676698,2.833202574244524,2.458923684344208,60.9793030659944,46.3486969340056,0.02200493664855155,0.021554201916370298,0.022652392490819108,739566717.0,1.1362482080392267,0,0,-1,0,0,0.011416709911779909,-0.10557526995202487,0.10596310674518801,0.3421623478751258,-0.024793388429752095,0.2674265672950462,-1.8730186383709084,0.018505707367692845,0.0
2021-03-04,56.08,57.82,-0.012910068281909059,-0.013556621174485382,-0.059735260471059946,0.4073755876517652,-0.030555493861865363,56.98199999999999,54.140499999999996,51.30166666666667,3,4,3,56.418721071298805,52.79392891254956,69.03594771241832,2.631579316002373,2.493454810675841,60.707994034615865,47.57300596538413,0.02483138165754028,0.023412763310024034,0.023300214012090804,726713430.0,0.5906362426147046,0,0,-1,0,0,-0.0017295053614666451,1.00443721845633,0.2005540824894355,0.3716660953388462,-0.03824386897616194,0.20472610096670252,-2.1331406068391248,0.06455064194008568,0.0
2021-03-05,56.92,56.08,-0.02384404687519062,-0.013042529026911989,-0.03698215903074642,-0.11817347894052788,0.014867530495316993,57.39300000000001,54.529999999999994,51.60666666666666,4,5,3,56.509862694699024,53.06012704722379,71.46153846153848,2.510631414918045,2.4968901315242817,60.76172190447509,48.2982780955249,0.02477567527625053,0.020854480145356104,0.023200495853141646,738134114.0,0.7670432142627263,0,0,-1,0,0,0.0049928673323823315,0.589162050241971,0.2591893848175319,0.33105460911687834,-0.02081541372785134,0.15855892530022397,-1.0096033927080426,0.08503162333099092,0.0
2021-03-08,60.55,56.92,0.028855722447493508,0.06061432532908138,0.09584898696785236,0.2791410886614278,0.061822696777449615,57.968999999999994,55.05499999999999,52.04533333333334,0,8,3,57.24443311384465,53.54334465708032,76.8269831355403,2.676833128713298,2.5328787309620853,61.46421540480896,48.645784595191024,0.0292632369234177,0.024273002183197844,0.025301231931946208,753232188.0,1.7147184648769938,0,0,-1,0,0,0.019149683766690025,1.4579685980701622,0.5510029601961687,0.3853219640980162,0.04288666896314153,0.2097902097902098,1.0275177209135178,0.052023121387283336,0.0
2021-03-09,58.93,60.55,0.03655847975428748,-0.007441125694688297,0.01114530522604815,-0.7253337618248772,-0.027119171149279284,58.19000000000001,55.3895,52.489,1,9,3,57.55089982041835,53.890870808236436,68.92128279883384,2.647312156573257,2.55576541608432,61.87793984166644,48.90106015833356,0.029981567192807174,0.024208566312872343,0.024706006137685095,745922260.0,1.0913255224358172,0,0,-1,0,0,-0.006275805119735681,-0.5288821938538948,0.6052864796462967,0.38429907636765653,0.019373810759384158,0.12806278713629404,1.0437658428493173,0.034871881893772265,0.0
2021-03-10,58.51,58.93,-0.02303203432767923,-0.009338070190205919,-0.0040463229414579695,-0.12524197948733415,-0.0071526190496773185,58.112,55.75600000000001,52.91233333333333,2,10,3,57.72528167125138,54.18887914318893,69.20374707259953,2.5605101167874906,2.5567143562249544,62.06898544772081,49.4430145522792,0.02636510830547015,0.023618828931416393,0.024865522403085604,739472832.0,0.872487358891117,0,0,-1,0,0,-0.0022060071270999927,-0.7779030490345222,0.6107043861354318,0.37493728566663126,0.011933586994119727,0.143220007815553,1.195407484516952,0.02956759528285758,0.0
2021-03-11,58.47,58.51,0.002208443945240859,-0.004365352801989167,0.002928764260777645,0.12323392578595922,-0.0006838776125655731,58.128,56.1155,53.38966666666667,3,11,3,57.86068500375113,54.465080488789646,67.40467404674047,2.4601323349976383,2.537397951979491,62.16880523024428,50.06219476975571,0.025799382267202308,0.023655676295676328,0.023468586554192945,732177568.0,0.7779221137689056,0,0,-1,0,0,0.007178260126474136,-0.5616237797749454,0.5422968585538537,0.37552221944043124,0.04261768901569196,0.14021060842433686,1.212475462422452,0.02223362408072511,0.0
2021-03-12,61.03,58.47,-0.008863190797603978,0.028694231682292255,0.0029202116431874974,0.333471116548991,0.042851744368824496,58.418000000000006,56.596000000000004,53.93733333333333,4,12,3,58.43692409397819,54.88862368306128,68.52731591448932,2.5576696018574694,2.5414522819550873,62.60544659856702,50.58655340143299,0.029107237723882868,0.02502166120452627,0.02428160952453667,742360332.0,1.4756766458519852,0,0,-1,0,0,-0.001026167265264277,0.14598867571220828,0.5984911460942479,0.39720655762133633,0.07220660576247373,0.18689225982108137,0.46057612720105007,0.04686219891856463,0.0
2021-03-15,62.1,61.03,0.060453403598398285,0.02576240338171219,0.04231658889277202,0.09224511084883044,0.017380442383029594,58.82199999999999,57.13399999999999,54.54266666666667,0,15,3,59.10293789507306,55.353873768025075,66.83354192740927,2.690296581854696,2.571221141935009,63.088537942211694,51.17946205778829,0.029248034266865605,0.024965991164738726,0.02381986779068123,753527093.0,1.6679715699839786,0,0,-1,0,0,0.016713091922005506,0.3449470763165401,0.42360802629158995,0.39632282313680683,0.0255986787778697,0.20958317101675106,0.5114657243637305,0.031177133655394578,0.0
2021-03-16,60.54,62.1,0.0033786533628459518,-0.007294358649166239,-0.00477957234562271,-0.6331715487102492,-0.025441685345860582,59.095000000000006,57.56300000000001,55.06766666666667,1,16,3,59.36422191415068,55.68846255718475,54.1750167000668,2.6391035139681307,2.5847976163416333,63.17442106028097,51.95157893971905,0.03084897727196159,0.02614893034458369,0.024705496164298128,747598600.0,1.0610503001002505,0,0,-1,0,0,0.002576489533011217,-1.1299834141894698,0.4158948999058827,0.4151014004527137,0.02732054980485321,0.16512702078521935,0.5892937519461139,0.029236868186323026,0.0
2021-03-17,61.77,60.54,-0.035309323472300196,-0.005861446529297188,-0.007129268362433962,0.05583531796236305,0.02011350611423533,59.489999999999995,58.029500000000006,55.606,2,17,3,59.80163611157783,56.08081981155993,61.36662286465177,2.6670393893964004,2.6012459709525872,63.393502727733534,52.66549727226648,0.0311516235160633,0.026293700570030647,0.024727947304601806,753867528.0,1.3946674488662998,0,0,-1,0,0,-0.007267922035018132,-1.0345417098473688,0.40823231272071464,0.4173995565353902,0.05571697145787047,0.17791762013729984,-0.33604056386199577,0.029721547676865714,0.0
2021-03-18,60.94,61.77,0.025138923432989946,0.005540367701687473,0.011744407590856409,0.2463914071500645,-0.013528036150244909,59.976,58.479,56.085666666666675,3,18,3,60.008611364018215,56.39431530758832,58.853182104599846,2.592322033798645,2.5994611835217993,63.161311170214056,53.79668882978594,0.029336745038802788,0.026455685904817464,0.025028281304119555,745847060.0,1.051190282121934,0,0,-1,0,0,-0.0022664723976040238,-0.6061436886317842,0.44033149096919905,0.4199709940067029,0.042243885753377786,0.17305101058710282,-0.06463646306088237,0.02412208729898259,0.0
2021-03-19,61.05,60.94,-0.016029129584092663,-0.012928428295402512,-0.01959376899019275,0.15485612542266397,0.0018034269991507267,60.388999999999996,58.891000000000005,56.483,4,19,3,60.197954752378536,56.69468206193746,59.396605908233795,2.5130155924180855,2.582172065301057,62.870335570031955,54.911664429968056,0.02932055845221923,0.02642020056481604,0.023489361672447178,755210876.0,1.085105773063847,0,0,-1,0,0,-0.0047587791270101605,-0.25974872871563287,0.31095324467092655,0.41940768169770887,0.0003277076847452154,0.15603105472448386,-0.3052964306056273,0.030301392301392272,0.0
2021-03-22,59.46,61.05,-0.0019805254864631913,-0.00865806274311443,-0.003529610107364058,-0.14580534412476917,-0.026389382986761977,60.279999999999994,59.1245,56.79666666666667,0,22,3,60.06378116103698,56.87308967084473,54.78260869565216,2.2954049549556217,2.52481864323197,62.60774999480223,55.64125000519777,0.023268086810739035,0.026456841448988938,0.024165950857076825,747117487.0,0.19263618775605684,0,0,-1,0,0,-0.008517608517608452,-0.5989391163143959,0.31199015200235913,0.41998933770174296,-0.04251207729468598,0.08523453184887764,0.8174924343106897,0.025731584258324943,0.0
2021-03-23,57.62,59.46,-0.025601665997876385,-0.009395931648587805,-0.04052752424910759,0.19641151373199509,-0.03143408791356926,60.14899999999999,59.169500000000006,56.976,1,23,3,59.61945731357571,56.92127743401604,49.47589098532494,1.9519732024712866,2.4102495550798335,62.54349638098818,55.79550361901183,0.023803555171828358,0.026539801684625913,0.02399338705525367,737267609.0,-0.9184953538961376,0,0,-1,0,0,-0.007736293306424501,-0.004268638729934587,0.33353881327412893,0.42130629061495944,-0.04823257350512056,0.015867418899858876,0.6448084847754784,0.057618882332523436,0.0
2021-03-24,57.7,57.62,-0.006973410349022139,-0.011996145192090371,0.010980502483444048,-0.3803790011537492,0.0013874438576716374,60.068,59.09000000000001,57.193333333333335,2,24,3,59.27046507474376,56.9715175995634,54.649827784156145,1.6670397986448577,2.2616076037928385,62.52639345826028,55.65360654173974,0.023751701548812818,0.02442328036640479,0.023573453769776986,744001008.0,-0.8089876883328241,0,0,-1,0,0,0.016834432488719298,-0.9069769620105375,0.24043339086854687,0.38770755629948134,-0.06588959041605957,-0.026817338505650157,-0.06533355299677028,0.03414211438474868,0.0
2021-03-25,59.91,57.7,-0.034378385508128835,0.005015894147794576,-0.022260142694947704,0.013702437971942065,0.03758626258177948,60.212,59.169999999999995,57.481,3,25,3,59.38674415206307,57.161097109268994,57.95635976583288,1.6011000685968568,2.1295060967536426,62.60443245904813,55.73556754095186,0.026834409920518318,0.02564458299277104,0.02437088866462047,750827306.0,0.43093000594636627,0,0,-1,0,0,-0.018890814558058983,-0.8539497548052055,0.43907333989661784,0.4070951344489721,-0.01690187069248439,0.02743954724747022,0.7383423074556777,0.059088632949424125,0.0
2021-03-26,61.29,59.91,0.06563092901223327,0.024057841778279306,0.0580147173189627,-0.05468023518867128,0.02277326140180695,60.238,59.327999999999996,57.809999999999995,4,26,3,59.732790669869786,57.42747794092906,52.23700120918984,1.6412772023929065,2.0318603178814953,62.85059832330372,55.80540167669627,0.023957830122778443,0.026051910714575074,0.024572944624663955,757290362.0,1.1139504535730953,0,0,-1,0,0,0.009013520280420736,-0.9147043576757984,0.4781399971963909,0.413561261572948,0.0039312039312040525,0.05436091519009101,0.13143501633693142,0.026594876815141173,0.0
2021-03-29,60.96,61.29,0.02321883248209562,0.015348875525354862,0.009653869915521824,0.1295449407635999,-0.005398786119249552,60.124,59.473,58.13066666666667,0,29,3,59.95591963898437,57.65538258990138,56.65573770491803,1.6277262137443103,1.9510334970540584,63.01452568965693,55.93147431034307,0.023252720221210478,0.02610386418983209,0.024624275726770384,749933399.0,0.8397510735798448,0,0,-1,0,0,0.009463207701093136,-0.49549940300215156,0.4234940546921711,0.4143859974246016,0.025227043390514625,0.049948329314502216,-0.15792486961018704,0.03280839895013123,0.0
2021-03-30,61.91,60.96,-0.011705547409716067,-0.00240789906854029,0.01136469449839712,-0.20390290926723903,0.01546380615274994,60.261,59.678,58.462333333333326,1,30,3,60.31120697735084,57.92987403571419,60.773130544993656,1.674343231598023,1.8956954439628515,63.28819958625628,56.06780041374371,0.02221927333040976,0.026199224027615823,0.024662269220754904,755933308.0,1.2364967346941316,0,0,-1,0,0,0.00311679790026243,-1.018753516268323,0.27584540469924446,0.41589978791963694,0.07445331482124251,0.07092198581560272,0.2925125168981135,0.018736876110482904,0.0
2021-03-31,61.06,61.91,0.0078189028409704,-0.0037034097556628647,-0.0018031313794512108,-0.04760313428760436,-0.013824730224408917,60.19,59.839999999999996,58.74966666666667,2,31,3,60.447351163287045,58.13181764631328,57.80590717299579,1.6239794338298807,1.8413522419362574,63.38941655694427,56.29058344305572,0.0217835554957047,0.026482146861472773,0.024918193455383826,750212322.0,0.6874369240280521,0,0,-1,0,0,-0.004522694233564756,-1.040674443213361,0.33577870725600556,0.42039104867127974,0.0582322357019065,0.05603597371151858,-0.015265219994061196,0.01703242712086471,0.0
2021-04-01,61.3,61.06,-0.005858438236588623,-0.00696077274314952,-0.0031221781997084674,-0.1396794163004708,0.003922855635433955,60.226,60.101,59.06133333333334,3,1,4,60.602378224507575,58.336216507841456,50.94604064470917,1.5851590289251618,1.7901135993340382,63.22893121474619,56.97306878525381,0.02136504892508775,0.02530714420681224,0.02476506709137981,755187503.0,0.7666408994849252,0,0,-1,0,0,0.003439240091713083,-1.2299131656812403,0.23766085705695414,0.4017384597868449,0.023201468869971542,0.09308131241084161,0.025064945779267347,0.013050570962479678,0.0
2021-04-05,62.97,61.3,0.01907590983402346,0.0438583159000324,0.023905520853554386,0.3940480308089531,0.026878579558485518,60.41799999999999,60.403499999999994,59.4,0,5,4,61.03285491096074,58.635170281529106,52.925353059852036,1.669899064638841,1.766070692394999,63.40371244861341,57.403287551386576,0.02295407259910347,0.025713117477680358,0.0250005250330088,762565556.0,1.7108788420540972,0,0,-1,0,0,0.01876019575856453,-0.1897206861732391,0.25904542068215625,0.40818308566878386,0.027410670582476815,0.10628952916373846,0.2693318348878632,0.03319040813085591,0.0
2021-04-06,64.1,62.97,0.01667366932705916,0.004962789342129097,0.016099813760144837,-0.24446550712252788,0.017785941425972902,60.882000000000005,60.581,59.71033333333333,1,6,4,61.59051765442242,58.987739940785296,62.32686980609417,1.8074030918830175,1.7743371722926027,64.00747832098544,57.154521679014564,0.020812816401096074,0.022010231726015038,0.02440391379620022,768343479.0,2.0540039482800214,0,0,-1,0,0,0.008416706368111818,-0.9557568632799651,0.24991275183788447,0.3494015966756384,0.05150918635170587,0.05862923203963666,-0.892967868456772,0.021840873634945378,0.0
2021-04-07,63.52,64.1,0.006279455484843101,-0.00778548831662569,-0.004437408232123451,-0.29067267633612814,-0.009089546987743915,61.472,60.810500000000005,59.937,2,7,4,61.94133262634561,59.280143815573346,56.34517766497463,1.8482691748591336,1.789123572805909,64.38311794029825,57.23788205970176,0.017114187665097657,0.02108353913186464,0.02387921694572554,764022977.0,1.5168148653330715,0,0,-1,0,0,-0.0031201248049921334,-1.6156762540692964,0.2762423568753101,0.3346908078000748,0.02600549184299794,0.07788902087222138,0.2257930732047045,0.018556360201511322,0.0
2021-04-08,63.46,63.52,-0.012281684845870338,-0.010165512713855697,-0.014881465124121657,0.18661614271221735,-0.0009450307838308314,62.048,61.05800000000001,60.076,3,8,4,62.217453967010044,59.5498119565041,59.67741935483874,1.854437539870517,1.8021863662188307,64.64539078322271,57.470609216777305,0.017258801042895334,0.020957258858016095,0.022581528596520597,758816061.0,1.3391348448758507,0,0,-1,0,0,-0.006297229219143666,-1.0562562987653492,0.23225921521081538,0.33268617059949657,0.0393056010481494,0.0846009229191591,0.37521052674902,0.023006618342262856,0.0
2021-04-09,63.42,63.46,0.002847652612511697,0.0014165423002980672,0.007788388961936717,-0.24231821608028334,-0.000630517044848206,62.399,61.305499999999995,60.24633333333334,4,9,4,62.436098700280944,59.79950150769739,59.15057915057918,1.8349462299521377,1.8087383389654923,64.8234448246733,57.78755517532669,0.014210182184701332,0.02095659799284255,0.02230411934658857,754729640.0,1.2021223216292871,0,0,-1,0,0,-0.002521273242987767,-1.4803984610578487,0.23922969937337518,0.33267567969010053,0.034584013050571016,0.08465879938429977,0.5800614609459462,0.01679280983916742,0.0
2021-04-12,62.66,63.42,-0.0001579903629164978,-0.0038608565470607853,-0.00891751239829508,0.10480518129510656,-0.012055983586155623,62.53599999999999,61.387,60.39733333333333,0,12,4,62.476808027502585,59.98404979752337,63.20132013201321,1.738137411868486,1.7946181535460912,64.9532635614107,57.820736438589314,0.013800015578758809,0.019046761849685134,0.022447101708837836,750191693.0,0.7139124622053687,0,0,-1,0,0,-0.0020498265531378517,-1.1527439728724602,0.18520311680630436,0.3023579708120368,-0.0049229791964428005,0.026708176306734277,1.2707054035198972,0.02194382381104373,0.0
2021-04-13,63.23,62.66,-0.023015239948717067,0.001656478390996758,-0.021699195465028527,0.6433905785843143,0.009055586546476133,62.763,61.44350000000001,60.56966666666666,1,13,4,62.61375202250211,60.19346593961864,75.85253456221203,1.6879522989896216,1.7732849826347974,65.09217834759143,57.79482165240859,0.013663390268066032,0.018764134405893067,0.02246338606077111,758827052.0,0.9792586957846267,0,0,-1,0,0,-0.01292690711777841,1.2616569986591826,0.13114842232602436,0.29787139923230266,-0.013572542901716056,0.018196457326892013,0.44456532253761655,0.04444092993832034,0.0
2021-04-14,63.03,63.23,0.03713533648518987,0.020439123253054584,0.03500600504237869,-0.3582948992881395,-0.003168068545503081,62.875,61.568,60.74366666666666,2,14,4,62.68943347295627,60.3764681370626,74.29352780309942,1.6134431387684103,1.74131661386152,65.2565803858842,57.87941961411579,0.01313458915751884,0.01776700797134948,0.02245137975964977,752792085.0,0.7927168975874378,0,0,-1,0,0,0.015182666455796313,-0.33607282360117796,0.11932934219889973,0.28204250780335755,-0.007714105793450887,0.041129831516352855,0.0498904279487101,0.03109630334761226,0.0
2021-04-15,62.94,63.03,-0.011910499677881006,-0.01902146530120525,-0.010566861050415549,-0.15877971239855695,-0.0014289118887580096,63.063,61.6265,60.91433333333334,3,15,4,62.73499102332785,60.54185728951018,67.11864406779665,1.5295007125122737,1.6989534335916707,65.36533896979758,57.887661030202416,0.012041654434630589,0.017255829337843226,0.02246054252513182,747643146.0,0.702624536980853,0,0,-1,0,0,0.006346184356655538,-0.8300801254266291,0.11923053761659998,0.2739277985646333,-0.008194138039710142,0.018941233608547714,0.11417577897224669,0.022243406418811545,0.0
2021-04-16,62.39,62.94,-0.0031580635752839967,-0.0018906575665017518,-0.0012723365193929317,-0.01290083969088137,-0.008776885513565768,63.172000000000004,61.699,61.12466666666667,4,16,4,62.672265382722784,60.66109230309017,56.85785536159604,1.4024290029097486,1.6396485474552864,65.43802266993495,57.959977330065044,0.012598354659122922,0.017078873795690425,0.02169863701643316,742560206.0,0.3696153037831266,0,0,-1,0,0,0.004607562758182382,-0.785708290193366,0.12851684733603203,0.27111871641872776,-0.016240933459476525,0.023793895635050966,0.8256197690299425,0.021782336912966736,0.0
2021-04-19,62.03,62.39,-0.014977972804467695,-0.01653718717390896,-0.010872578364619452,-0.04588917753690518,-0.005786867137668802,63.077999999999996,61.74799999999999,61.295,0,19,4,62.555489858591365,60.74940892869726,56.64596273291927,1.2581713500540914,1.5633531079750476,65.47688356368907,58.0191164363109,0.009016888183162389,0.01715126623993221,0.02166018922964328,737705247.0,0.15125170587038678,0,0,-1,0,0,-0.0016028209648982436,-0.8522876275276762,0.10779428807484258,0.272267910844311,-0.010054261091605454,0.01605241605241603,1.3384644980615525,0.015960019345477913,0.0
2021-04-20,59.85,62.03,-0.019780152031010797,-0.019427517283557676,-0.03514950704617097,0.23033241680556168,-0.03577670698104397,62.653,61.767500000000005,61.27166666666666,1,20,4,62.06358261157475,60.691382546200664,38.900862068965516,0.9569077035141476,1.4420640270828677,65.44979262109085,58.08520737890916,0.01158197273259643,0.018004182675056893,0.01952859391401319,731592764.0,-1.0414707343013727,0,0,-1,0,0,-0.015476382395615038,0.039413853458542765,0.22001244015171895,0.285807539503069,-0.05345563814644938,0.006559031281533789,-2.0206398324121544,0.0319131161236425,0.0
2021-04-21,62.04,59.85,-0.024029658985118066,0.014605907171087779,-0.0059067117092162745,0.17851983669105445,0.03593790630435591,62.50500000000001,61.9885,61.37533333333333,2,21,4,62.059294864015705,60.77839012386514,54.613935969868166,0.8846708556151626,1.3305853927893267,65.11065360894787,58.86634639105213,0.017871452532327102,0.018132847711157255,0.019978265502925547,738899911.0,0.03299004882552986,0,0,-1,0,0,-0.0038429406850460147,1.156004647536681,0.4081140809651099,0.2878500336307732,-0.015706806282722585,0.07670947587643173,0.6824155956249631,0.05091876208897484,0.0
2021-04-22,61.07,62.04,0.05514363814160738,0.02592178215255644,0.035009954727558176,0.29212318088326283,-0.015758591073294657,62.266,62.157,61.460666666666675,3,22,4,61.879423070558296,60.797203664260934,48.98678414096918,0.74061439808046,1.2125911938475535,64.59299412322615,59.72100587677384,0.01835304384061524,0.0186471087014743,0.020170403323605084,729113683.0,-0.8924487868307385,0,0,-1,0,0,0.01547388781431336,2.528306296160997,0.4172512820056764,0.29601367376693744,-0.029710835716555417,0.0584055459272097,1.134220629407814,0.04404781398395292,0.0
2021-04-23,61.53,61.07,-0.02719176461693605,-0.030281198114472663,-0.004270702943103235,-0.6662314841948588,0.0075041135173554725,62.077,62.238,61.56266666666667,4,23,4,61.815891603184056,60.84448084721184,42.89940828402367,0.6560047587232987,1.1012739068227027,64.45751725428673,60.01848274571327,0.01868234073935596,0.016755164291187855,0.020193752584492033,734140287.0,-0.6379765677717363,0,0,-1,0,0,0.003929916489274636,-0.6546390125908754,0.4257849510376543,0.26597998734307726,-0.01378426029812474,0.02704056084126205,0.508096587308817,0.017064846416382205,0.0
2021-04-26,61.97,61.53,0.013286002301006026,0.01732478365730614,0.011294006618758913,-0.014579353081325009,0.007125536221617045,62.007999999999996,62.272000000000006,61.59400000000001,0,26,4,61.84391131169604,60.917094986101404,38.73015873015874,0.6173390326318042,1.004486931984523,64.45083213526317,60.09316786473684,0.018624344673371505,0.016040307467918086,0.01861991613117869,739094138.0,-0.2772127279677109,0,0,-1,0,0,0.00975134080936131,-0.647032524484653,0.42937068267919487,0.2546319870787405,-0.0009672738997259511,0.011094795235764288,0.03552853545517606,0.023237050185573743,0.0
2021-04-27,62.4,61.97,-0.002578567101586419,-0.005741642567675283,-0.001302931780415906,-0.11063605979486278,0.006914878401365847,61.925,62.34400000000001,61.604,1,27,4,61.94501834593312,61.01276627732067,43.978494623655884,0.6143121642395357,0.9264519784355256,64.43362751653636,60.254372483463655,0.018507129172355426,0.016032036374099255,0.0183882470440688,743529145.0,0.05359806908822931,0,0,-1,0,0,0.0,-0.9012898962774818,0.29451652909531784,0.25450068753484983,0.04260651629072676,0.023622047244094446,0.5243944339705137,0.01858974358974365,0.0
2021-04-28,61.77,62.4,0.0019345484027854768,-0.00031994881092005476,0.0036601773344468393,0.005013783083497927,-0.010147465667574173,61.799,62.337,61.644999999999996,2,28,4,61.91319682849073,61.06162006588063,41.4387031408308,0.5546835674736315,0.8520982962431469,64.43367506203528,60.24032493796473,0.018718884568012614,0.015854344168692303,0.01786860740432511,739071846.0,-0.5408563398942742,0,0,-1,0,0,-0.0049679487179486405,-0.8190280029852878,0.17731036726528904,0.2516799112223215,-0.004352030947775587,-0.002261347116782275,-0.7448300382590217,0.014813016027197654,0.0
2021-04-29,62.27,61.77,0.0006440186988009829,0.0023971245997214514,0.002432696626259313,-0.08223711750257937,0.008061959176552802,61.732000000000006,62.3975,61.66166666666666,3,29,4,61.978070132401506,61.13958006163027,44.43368828654405,0.5415308655348383,0.7899848101014852,64.4070443316891,60.387955668310916,0.018983634061327578,0.015608352752546396,0.01754525132093515,743177257.0,-0.12689443869380068,0,0,-1,0,0,0.005828071879553171,-0.9723648186659805,0.1246126015997455,0.24777491855164943,0.01964958244637316,0.019816573861775266,-2.2184623182023278,0.014694074193030338,0.0
2021-04-30,62.78,62.27,-0.0037087843850521526,0.0062057642075463,0.0010523334439380692,0.13031253209880966,0.008156782529446774,61.771,62.471500000000006,61.72299999999999,4,30,4,62.123875562873955,61.24541360604122,50.59523809523812,0.5657385108473463,0.7451355502506575,64.41891691261785,60.524083087382174,0.018962517062176044,0.01567795723050843,0.01740009037275239,747854077.0,0.3168299484318341,0,0,-1,0,0,-0.0059418660671271,-0.5907443390047289,0.12589348116815105,0.24887985538459356,0.020315293352836106,0.024143556280587397,-2.208776395170852,0.019751513220770976,0.0
2021-05-03,62.15,62.78,0.017773264263413618,0.0004757751259362884,-0.002430134853291782,-0.12346606501163185,-0.01008573345708736,61.783,62.43050000000001,61.75966666666667,0,3,5,62.12862546053323,61.30377401855469,44.67455621301775,0.5280010419514767,0.7017086485908214,64.36823035981261,60.492769640187404,0.019173129602249688,0.014612316627647667,0.017518317349591406,743720462.0,-0.2895139652218043,0,0,-1,0,0,0.003663587129659077,-0.8500642684482158,0.15502443808749158,0.2319633352517384,0.002904631273196623,-0.013022074003493755,-0.5971787270484755,0.022847948511665352,0.0
2021-05-04,60.82,62.15,-0.02068541645900397,-0.016627081690533688,-0.0254617241770649,0.4203601022378859,-0.021632135707501544,61.88000000000001,62.26649999999999,61.80499999999999,1,4,5,61.890693558618096,61.27256279155117,40.195208518189865,0.38632067695384364,0.6386310542634258,64.1640804538724,60.368919546127586,0.01667519470959803,0.014639207098749378,0.017292492854963606,737426993.0,-1.5245730393650618,0,0,-1,0,0,-0.0069187449718423125,0.5412323479800175,0.20479221137626896,0.2323902082467734,-0.02532051282051284,-0.05117004680187198,-0.006270392944627247,0.03173133837553442,0.0
2021-05-05,60.83,60.82,-0.015511781347696124,-0.003067734705859605,0.004812022886521497,0.16887608479271318,0.00016440608339539904,61.75899999999999,62.13199999999999,61.912000000000006,2,5,5,61.697840184323894,61.24401035338658,40.571939231456646,0.27171274794483224,0.5652473929997072,64.03680389927892,60.22719610072106,0.011339356557984882,0.014567780283656169,0.016216377418590985,744878293.0,-1.3670698600447746,0,0,-1,0,0,-0.0008220979940808477,1.1635462206606966,0.20179483701666004,0.2312563427087052,-0.015217743241055626,-0.04234886649874059,-0.7676602891291897,0.023836922571099834,0.0
2021-05-06,60.69,60.83,0.0032856937724607804,-0.010076470761900097,-0.009065641994476091,-0.5148612410631903,-0.0023041484848501884,61.721000000000004,61.9935,62.01166666666666,3,6,5,61.51459651444682,61.20826774994229,42.115027829313526,0.16765567823184568,0.48572905004613487,63.89454984844882,60.092450151551176,0.010280577628338375,0.014565469455838295,0.01623465084532755,740425519.0,-1.3713475225950555,0,0,-1,0,0,0.002301495972382058,-0.7053610807442888,0.17787422596544478,0.2312196594543325,-0.0253733740163804,-0.043649543019224746,-0.5838221790145296,0.022656121272038227,0.0
2021-05-07,61.66,60.69,-0.004767785439393268,0.01507688443945372,0.010058690735467888,0.15024790975426244,0.01585648261024043,61.734,61.9055,62.07,4,7,5,61.541033511820125,61.23741176607504,48.37576821773484,0.16159779537144914,0.42090279911119777,63.687745478978705,60.1232545210213,0.011316282662132984,0.015118610721497582,0.01496672519238017,745600187.0,-0.2754951580976249,0,0,-1,0,0,-0.00016477179106933615,-0.2937058417158397,0.21846284693862764,0.24000050482726443,-0.017840076457470655,-0.02775149795017351,0.23540190818794213,0.02757054816736938,0.0
2021-05-10,61.35,61.66,0.019097944358165475,0.0030524563824709553,0.01445254257709051,-0.2138077749775664,-0.005040251301083757,61.672000000000004,61.839999999999996,62.071999999999996,0,10,5,61.50630014603465,61.244675523102465,57.87815126050422,0.13028067580422942,0.3627783744498041,63.60166189478872,60.07833810521127,0.011147409893246425,0.014938785043617444,0.014413205090423386,741421624.0,-0.5562928975752865,0,0,-1,0,0,0.0030814142069413696,-0.9114726618038674,0.2118438035641876,0.2371458606891777,-0.012872083668543755,-0.020906479412703405,-0.07002257333376416,0.016462917685411655,0.0
2021-05-11,59.78,61.35,-0.028702257297335027,-0.02633014125181667,-0.04229734722372878,0.43923030377401695,-0.025924014301128683,61.410000000000004,61.6675,62.032666666666664,1,11,5,61.19242739221016,61.150180328063605,37.30337078651684,-0.020982374293218697,0.2860262247011996,63.52889591081906,59.806104089180934,0.01315536608491546,0.01570495188742747,0.015134038969548687,734938531.0,-2.028047863465485,0,0,-1,0,0,-0.020374898125509373,0.6844905884438989,0.23608236127023466,0.2493083822782053,-0.017099638276882545,-0.054562707575517844,-0.4717314006179729,0.03228504516560722,0.0
2021-05-12,58.21,59.78,-0.010537857822659667,-0.005615208808681636,-0.012100472014663686,-0.07753241317308827,-0.02661399557214769,61.053999999999995,61.4265,61.90933333333333,2,12,5,60.65016786635377,60.960491274640155,34.947368421052616,-0.26449636084485917,0.17592170759198786,63.738667131086615,59.11433286891338,0.014845068907465918,0.01656774384029826,0.015520165784031367,728939096.0,-2.7822383224420113,0,0,-1,0,0,-0.005185680829708971,0.34655597641218316,0.2814551395989591,0.26300477992110854,-0.04307085319743542,-0.07647152149769953,0.3653191102712474,0.03946229170245663,0.0
2021-05-13,59.93,58.21,-0.008443143706089588,0.0003311806620763961,0.009545757178896108,-0.07531315767191604,0.029120053186449668,60.81999999999999,61.275999999999996,61.87166666666666,3,13,5,60.519228254289445,60.894007966598856,42.56505576208177,-0.31506149149534224,0.07772506777452186,63.56509911030831,58.98690088969168,0.018240955308275863,0.01817494026378055,0.01637395941930798,734503290.0,-1.1760084951662102,0,0,-1,0,0,0.013056175914791239,0.026509797962493357,0.39468937513075264,0.28851823218850803,-0.012522656121272013,-0.04782332380044485,0.3193035839710249,0.029367595528116103,0.0
2021-05-14,62.3,59.93,0.029079589129929903,0.03537673237706873,0.030399519482405758,0.3672208550037715,0.03878421132331364,60.772000000000006,61.2715,61.904999999999994,4,14,5,60.84300493532773,60.98471713004409,51.300236406619376,-0.16202777344093278,0.02977449953143093,63.55171490214678,58.99128509785323,0.022665307717745997,0.020350079723070614,0.017923567125128093,742536410.0,0.9021079539754636,0,0,-1,0,0,0.01301518438177876,1.5488518055063796,0.4878069775790533,0.32304750064549814,0.010379500486539017,-0.001442538868408505,0.3574574724716021,0.03410914927768861,0.0
2021-05-17,62.1,62.3,0.025050106202474352,-0.002159741670606717,0.011022567797463233,-0.299326679416101,-0.0032154368539743547,60.766999999999996,61.275,61.876,0,17,5,61.07154949254086,61.05667086358964,48.79614767255217,-0.05623750689185414,0.012572098246773918,63.56032618885049,58.98967381114951,0.02244927569887333,0.020319084505175153,0.017216532304185583,736581320.0,0.7219975896876016,0,0,-1,0,0,-0.0008025682182985098,0.14954185043689872,0.48622174440527327,0.3225554668151962,0.012224938875305513,0.00112848621634698,0.305054636201428,0.021256038647343,0.0
2021-05-18,62.07,62.1,0.0022464707778780423,0.019664445888896192,0.011549538712212324,-0.116857848040698,-0.00048320851387177353,60.891999999999996,61.386,61.80833333333333,1,18,5,61.25308594844252,61.12204693690644,51.26475548060708,0.024894325953056295,0.015036543788030394,63.59425627802703,59.17774372197297,0.021156031645409384,0.018541595853176922,0.016867557421402134,731283007.0,0.6194933140741428,0,0,-1,0,0,0.004669887278582917,-0.2579416624618041,0.4223125083178302,0.29433870922663574,0.03830712612914011,0.037092731829573955,0.013735215704721568,0.029805058804575502,0.0
2021-05-19,60.39,62.07,-0.0225311419493838,-0.04005020281337014,-0.037404475754669035,0.4996143307052367,-0.02743925210575158,60.848,61.3035,61.704,2,19,5,61.09616123054387,61.07481810226732,42.79141104294477,-0.04584163778329753,0.0028609074737648097,63.532073062457016,59.07492693754298,0.02311422314209441,0.017734531983071705,0.017476195526748357,722550934.0,-0.8198070912630173,0,0,-1,0,0,-0.01723860157886258,1.8328562376722093,0.42641607395218206,0.28152696747197326,0.037450609860848694,-0.02659574468085102,-0.01838817560458043,0.02682563338301039,0.0
2021-05-20,59.92,60.39,-0.0013123361463501263,-0.004258810695796338,-0.00454355009653196,-0.11310062801698498,-0.007813189110845805,60.771,61.246,61.586,3,20,5,60.88231373408135,61.00031370857266,38.999999999999986,-0.1382320180578418,-0.025357677632556513,63.5577311808694,58.9342688191306,0.0232267615251772,0.01748323375126901,0.017512774507991893,714752662.0,-1.1471922090018412,0,0,-1,0,0,0.008776287464812073,1.517500317309802,0.386193353869793,0.2775377317144121,-0.00016686133822785276,-0.018830849844440833,1.1600676388842308,0.027202937249666263,0.0
2021-05-21,60.09,59.92,-0.01089299432480591,-0.005266634951692346,0.011403779461142054,-0.4675701553461167,0.0028330991368726273,60.614,61.174,61.475,4,21,5,60.7382566915211,60.94158379189056,41.786283891547065,-0.19548109641473133,-0.05938236138899147,63.537604740305234,58.810395259694765,0.022517784759656115,0.0173966930254769,0.017531944622507976,719638457.0,-0.9172430411186338,0,0,-1,0,0,0.005674232309746266,-0.5431702899494024,0.18728677037260386,0.27616394028206237,-0.03547351524879605,-0.023403217942467025,-1.6648298716149477,0.010484273589615619,0.0
2021-05-24,60.68,60.09,0.003313455649156967,0.007398307481444925,-0.0026715661239526955,-0.19056689379262082,0.009770716134494798,60.547000000000004,61.109500000000004,61.409,0,24,5,60.727664565789986,60.9247074182202,49.40677966101695,-0.19104113106568832,-0.08571411532433085,63.451954627988115,58.76704537201189,0.022809105068237367,0.017472859765854973,0.01754061745524243,723676520.0,-0.3667093440088473,0,0,-1,0,0,0.006157430520885296,-1.081617979023425,0.22379615936982528,0.2773730498013512,-0.022866344605475097,-0.020816524124576352,-1.1966936873514091,0.020435069215556937,0.0
2021-05-25,60.55,60.68,0.020464002981663575,0.021711805565981453,0.010891814180773143,0.554311478635913,-0.0021446844812302484,60.624,61.016999999999996,61.31966666666667,1,25,5,60.69536191746453,60.90053274607697,48.82550335570469,-0.19575578919888414,-0.1077224500992415,63.289963287260846,58.744036712739145,0.021128072606143793,0.017375974680708593,0.017438998692007858,716647294.0,-0.41091732771696493,0,0,-1,0,0,0.016974291364535286,0.8872103654002703,0.22220776890657973,0.2758350467550594,-0.024488480747543173,-0.029647435897435903,-1.1119993813660667,0.03179190751445082,0.0
2021-05-26,61.21,60.55,-0.015678910112317614,-0.017054363637979675,-0.0006617586476922309,-0.4401160984159786,0.010841104863877255,60.924,60.989,61.259,2,26,5,60.78893247792553,60.92049837536233,52.09003215434085,-0.14456920181948618,-0.11509180044329045,63.23656148559977,58.74143851440022,0.018851755416679238,0.017454523619836834,0.017575560559475983,721173846.0,0.19665757881682885,0,0,-1,0,0,0.0033030553261767606,-0.8352718320788076,0.12581685218568311,0.277081972507147,0.013578407021030081,-0.009065889590416099,-0.31221039260226296,0.014866851821597839,0.0
2021-05-27,61.73,61.21,0.014057112805821422,0.007552721978929714,0.010617820645496802,-0.019787547499166946,0.008459461542825905,61.104000000000006,60.962,61.218666666666664,3,27,5,60.96003566375724,60.97272428662928,50.29190992493745,-0.061336756416032756,-0.10434079163783892,63.157129536993914,58.76687046300609,0.01690514502725787,0.017464909184162318,0.017657056841528664,725611709.0,0.6997309152440465,0,0,-1,0,0,0.0065348799215814175,-0.9190490621702168,0.08735304838728412,0.2772468382297288,0.030206942590120134,-0.00867191263850986,-0.9401580903342557,0.011825692531994118,0.0
2021-05-28,61.46,61.73,0.00032456994767243475,-0.0004855547558372266,0.00016373311538816837,-0.23162560475552244,-0.004383479703465805,61.019999999999996,60.896,61.187666666666665,4,28,5,61.05093827034683,61.0041614294274,50.46025104602509,-0.016965618206306488,-0.08686575695153244,62.93478601648757,58.85721398351243,0.01108516834220417,0.017369492306539062,0.017604708499381776,722091405.0,0.5532704221423503,0,0,-1,0,0,-0.0016199578810949995,-1.44978712374156,0.11449216426996935,0.2757321422553123,0.022799134631386275,-0.021025804396304526,-0.5999083208074382,0.011226814188089893,0.0
2021-06-01,61.35,61.46,0.005017409570904892,0.007901355305654261,0.0001637063112439453,0.4117361485542808,-0.0017913855454181273,60.94500000000001,60.855999999999995,61.165,1,1,6,61.10531313028377,61.0264735952708,57.4833174451859,0.009216505669762398,-0.06764930442727347,62.82126039522127,58.890739604778716,0.011067066738051143,0.017239101502978835,0.01757743662522772,716777731.0,0.5027323617788411,0,0,-1,0,0,0.007809957696062428,-0.3043573491415643,0.11035690640660792,0.27366225241849085,0.011041529334212319,-0.012872083668543755,0.5806105711846028,0.019070904645476686,0.0
2021-06-02,60.87,61.35,-0.004206445289982679,-0.0054759357319903714,-0.007888290698481964,0.0026509553273062598,-0.007854728651087436,60.825,60.85850000000001,61.199,2,2,6,61.062528924777624,61.01637852460817,64.14893617021276,-0.008666064007620378,-0.055852656343342855,62.823694780750365,58.89330521924965,0.01125907128408594,0.016629643065249042,0.016371934163689855,711449952.0,0.011703674478109457,0,0,-1,0,0,0.005378973105134447,-0.26212731013141294,0.1301037656224716,0.263987399654513,0.005284888521882802,0.0008220979940809503,0.3494553902024038,0.02152127484803684,0.0
2021-06-03,58.26,60.87,-0.02495204961348969,-0.025847995550556613,-0.04160600083246379,0.6259920551294457,-0.04382469097454447,60.612,60.730000000000004,61.073,3,3,6,60.55297821118169,60.83854765205281,41.885325558794925,-0.23078299393711177,-0.09083872386209664,63.0133770004729,58.44662299952711,0.01549912588893706,0.019214901659687842,0.01678700126005561,701486471.0,-2.163462274944925,0,0,-1,0,0,-0.011664202398554311,2.423002133612302,0.31009409967468055,0.3050271075485777,-0.04819473942166319,-0.04224889035015622,-1.6750052408885678,0.03776175763817376,0.0
2021-06-04,58.55,58.26,-0.025590622063188306,-0.02500509926141716,-0.003963813893031454,-0.6893184105765544,0.004965338512437776,60.475,60.623000000000005,60.989,4,4,6,60.18880035460319,60.69089941643651,27.161997563946386,-0.3790423208740279,-0.1484794432644829,63.106097386642716,58.13990261335729,0.015629703449616835,0.019277334589444785,0.01662893459136435,706487322.0,-1.6696888419691174,0,0,-1,0,0,0.006522485410230048,-0.5118245886431264,0.2978738696056299,0.3060181995831259,-0.051514660618823926,-0.03526116328884499,-1.8820723933575914,0.01605294619982923,0.0
2021-06-07,58.28,58.55,0.0008522969918470756,0.0011904571249316495,0.0001726668397625809,-0.05002850996717903,-0.004622108716722202,60.294000000000004,60.45399999999999,60.88066666666666,0,7,6,59.841745744675336,60.5353575186019,26.932367149758434,-0.5124188041337376,-0.22126731543833386,63.0949918391979,57.813008160802084,0.015540319258685948,0.018832685770622366,0.016554925469072484,701730501.0,-1.646351168324893,0,0,-1,0,0,0.002391118701964143,-0.6399064446543494,0.29757684887460645,0.29895961841094953,-0.051740969736413955,-0.05481673694453448,-1.8766024165382615,0.017158544955387784,0.0
2021-06-08,58.9,58.28,0.0028923882350836896,0.006428714409250147,0.006710857156603784,0.015256527659481057,0.010582109330536788,60.116,60.331500000000005,60.77833333333333,1,8,6,59.670519245643455,60.429850581917904,32.130777903043935,-0.561617828862758,-0.2893374181232187,63.024276106152904,57.63872389384711,0.015617082051767291,0.01905291965338238,0.016631099552994313,706560451.0,-1.0632150194210936,0,0,-1,0,0,0.009951956074124885,-0.6261810802313474,0.331449963701677,0.30245572291526845,-0.03993480032599839,-0.03993480032599839,-1.5584899589814845,0.01680814940577241,0.0
2021-06-09,58.42,58.9,0.0023757011003927614,-0.0021946493150769826,-0.0018882504966725,-0.018784001146269543,-0.008182793697946037,59.903,60.2635,60.64566666666667,2,9,6,59.443152110071914,60.30018280243933,37.15775749674054,-0.632054468421245,-0.357880828182824,63.080727266951946,57.446272733048055,0.01570167611175907,0.01829372660739962,0.01659338127644598,701820380.0,-1.308733606000161,0,0,-1,0,0,0.0016977928692699733,-0.6233225213750067,0.3314508669478062,0.2904039069347084,-0.04024971250205345,-0.022750083640013408,-1.5428907907332268,0.016603902773022917,0.0
2021-06-10,57.5,58.42,-0.0025456101994337423,-0.0005071422642716042,-0.012622282217742047,-0.036414190892319,-0.015873349156290233,59.532,60.227999999999994,60.50333333333334,3,10,6,59.08985172642247,60.11952584744325,35.09852216748766,-0.7534272832500193,-0.4369901191962631,63.16933947287799,57.286660527122,0.015248218566640546,0.01766964456820452,0.016719361442535552,697249810.0,-1.8549371979363845,0,0,-1,0,0,0.007360492981855524,-0.6733543945976114,0.16656589879565617,0.2804969116942346,-0.013044970820459967,-0.012197216973028668,0.09915989842179464,0.029043478260869594,0.0
2021-06-11,57.57,57.5,-0.024250908966317018,-0.018430555827847323,-0.0010445683401047756,0.10165681799012785,0.001216650884413489,59.116,60.11,60.34666666666667,4,11,6,58.813515048891105,59.955040308898525,34.28927680798,-0.8343498329506218,-0.516462061947135,63.281989248003086,56.93801075199691,0.014634105321698631,0.01621244378414286,0.016619492573191213,702309447.0,-1.6015186694589514,0,0,-1,0,0,-0.0010434782608696048,-0.3697213896138698,0.1577235186007128,0.25736456638474164,-0.01673783091374892,-0.039379275821792126,0.336111856638132,0.011290602744485073,0.0
2021-06-14,57.28,57.57,0.0010440230633361085,0.00017222078747459945,-0.008396061216554925,-0.03035731261503864,-0.00505007603532808,58.698,59.859,60.163333333333334,0,14,6,58.5346941309109,59.782457063163136,27.97927461139895,-0.9113763339075049,-0.5954449163392089,63.09514390415427,56.622856095845734,0.01462311112902149,0.01295407772333576,0.01650173322475724,697401099.0,-1.5938722605563471,0,0,-1,0,0,-0.0012159110647906946,-0.3859819174964818,0.15797019751240102,0.20563960872088918,-0.017158544955387822,-0.08057784911717492,0.3761265960791693,0.01990223463687152,0.0
2021-06-15,57.12,57.28,-0.0006958942521612049,-0.003795725744272894,-0.00281442578035565,0.27014907811689715,-0.002797204621061254,58.275,59.61,59.995666666666665,1,15,6,58.277477016199825,59.61068563973326,27.87096774193546,-0.974102209769363,-0.6711763750252397,62.8862301827711,56.3337698172289,0.014587389076870808,0.01295593845480345,0.016446933835070763,690970379.0,-1.520039717046934,0,0,-1,0,0,0.003142458100558654,0.5343260457283403,0.10130258862220873,0.20566914691721025,-0.030220713073005112,-0.08019323671497591,-0.7639714111857351,0.018907563025210055,0.0
2021-06-16,56.67,57.12,-0.006985707765789564,-0.006242434004486025,-0.007780764276012315,-0.08591773892768768,-0.007909347849801043,57.855,59.339999999999996,59.85733333333334,2,16,6,57.98520846779986,59.420963985556924,19.89389920424398,-1.048042970518459,-0.7465496941238836,62.652464498316306,56.02753550168369,0.014587730639143308,0.01295311361326835,0.016097754393278384,685069102.0,-1.6120927492850898,0,0,-1,0,0,-0.0010504201680671423,0.1914900646803377,0.10097500270408596,0.20562430394804002,-0.02995549469359804,-0.08699855002416623,-0.809254214906299,0.020469384153873366,0.0
2021-06-17,55.57,56.67,-0.0049191947405288535,-0.006106622832572591,-0.022985389737933612,0.34520236224189066,-0.01960148288969807,57.586,59.099000000000004,59.681999999999995,3,17,6,57.5460796554726,59.17251469616616,12.068965517241352,-1.181779544090908,-0.8335956641172885,62.77159495237157,55.426405047628435,0.008994751202175145,0.012348923404735701,0.016391502026991356,676734872.0,-1.9218019115999507,0,0,-1,0,0,0.0019410622904534925,1.7342114429472208,0.12388919179855064,0.19603308172989414,-0.03356521739130436,-0.07981453883093226,-1.2586479798493595,0.037610221342451025,0.0
2021-06-18,55.19,55.57,-0.03185096581235428,-0.025703799201049787,-0.0069267502617809465,0.05418704961732262,-0.0068617098404199686,57.25,58.8625,59.498666666666665,4,18,6,57.11770153629577,58.91557826415544,11.907654921020622,-1.3034047280113015,-0.9275574768960911,62.90322361940233,54.82177638059766,0.00833724838102584,0.012335803637053345,0.016406900972573177,667936575.0,-1.8177437241021699,0,0,-1,0,0,-0.010257333093395722,1.8908282053162955,0.10247591365311126,0.1958248118746154,-0.04134097620288346,-0.07893858477970639,-1.7361257627588678,0.01848160898713528,0.0
2021-06-21,56.3,55.19,0.005439723295818121,0.013908926083168063,0.011276947442933578,-0.47526000254323325,0.019912757694234687,57.052,58.673,59.32,0,21,6,56.96902852969653,58.74683127937122,22.643553629469082,-1.2952944905926742,-1.0011048796354078,62.825280793666145,54.52071920633386,0.01172612426049913,0.013400757574860353,0.01658824488191339,673406682.0,-1.1429862853301056,0,0,-1,0,0,0.001993114694691057,-0.10625044164972347,0.23023592675030163,0.21273043153767315,-0.017108938547486074,-0.0630720585787986,1.1836910597738408,0.02095914742451154,0.0
2021-06-22,55.75,56.3,0.014362904000361623,-0.002659811834958312,0.0021680225294167066,-0.15298985919312846,-0.009817124805416473,56.737,58.4265,59.13333333333333,1,22,6,56.74738697884261,58.5534873258634,22.473118279569874,-1.3180537690755898,-1.0644946575234442,62.661627662274746,54.19137233772525,0.01074876899761986,0.01311458094535508,0.016631809546241,668712573.0,-1.2639524535902222,0,0,-1,0,0,-0.0035523978685612035,-0.5992928914171404,0.23443897243010062,0.20818751838141542,-0.02398459383753493,-0.08124588002636779,1.5612144525949392,0.016322869955157016,0.0
2021-06-23,55.19,55.75,-0.01075279177626185,-0.010710562938181978,-0.007790600142158637,0.27141060302214526,-0.010095632888818273,56.414,58.158500000000004,58.98033333333333,2,23,6,56.464225709962136,58.33648814354964,28.827586206896527,-1.365536921515769,-1.1247031103219092,62.50474229711585,53.81225770288416,0.010818547669652711,0.013169992815186264,0.01614025506242759,662554777.0,-1.3660075978598325,0,0,-1,0,0,-0.004484304932735426,0.32140381189431083,0.23674963493375967,0.2090671545449418,-0.026116110817010818,-0.08852188274153594,1.6465244154581444,0.013408226127921762,0.0
2021-06-24,54.66,55.19,0.0005403945011269969,-0.0017963001057861967,-0.00656936669154064,0.278426947982035,-0.00964959695148799,56.13000000000001,57.830999999999996,58.862,3,24,6,56.1361846717872,58.09929536009482,24.032042723631477,-1.429456349535677,-1.1856537581646627,62.196158223451405,53.46584177654859,0.010343377833256881,0.01269424931872115,0.01557226335953612,654420020.0,-1.4528682983192196,0,0,-1,0,0,0.006160536329045179,1.371751448544688,0.20814734246968947,0.20151496066792363,-0.01637574230700023,-0.10700865871589615,2.1835282734588923,0.018294914013904137,0.0
2021-06-25,54.55,54.66,-0.015242537894834492,-0.013576097734934735,-0.007165855192589664,-0.21579556275018613,-0.002014468220842166,55.827999999999996,57.472,58.68266666666667,4,25,6,55.84778745873497,57.87030856266935,24.556616643929033,-1.4720205014084087,-1.2429271068134118,61.66458794590965,53.27941205409035,0.010176587892391346,0.012292773165370348,0.014390200199979965,647864219.0,-1.393888470652475,0,0,-1,0,0,0.0005488474204171449,0.37993845590690495,0.20567988654681166,0.1951417243133893,-0.011596303678202635,-0.11631297586262757,1.899095350022992,0.011732355637030258,0.0
2021-06-28,53.23,54.55,-0.008077884938112437,-0.011363758650315095,-0.025587351676826096,0.23827264462954176,-0.024495565094413838,55.423,57.060500000000005,58.38033333333333,0,28,6,55.37182610260134,57.57093381669069,14.69489414694894,-1.5938924665348253,-1.3131201787576945,61.2204163706141,52.900583629385906,0.011791545650753205,0.012929780403759007,0.012463954386303313,639544546.0,-1.8416235610210299,0,0,-1,0,0,-0.005499541704857877,1.3103531436579245,0.12780279409151282,0.20525390073013589,-0.05452930728241567,-0.13390823299707133,-1.1736508764454365,0.026113094119857235,0.0
2021-06-29,52.92,53.23,-0.02406608079181612,-0.009817620765532168,-0.005881811853183041,-0.029462293490023824,-0.005840807937910973,55.003,56.638999999999996,58.074333333333335,1,29,6,54.926039538492006,57.270873570452586,15.012722646310422,-1.695941527912673,-1.3896844485886903,60.67538660711317,52.60261339288682,0.011703074282015388,0.01287422340390321,0.012459026110606264,631466414.0,-1.842737260819437,0,0,-1,0,0,-0.005072327634792336,1.0536574627821698,0.1333879337427418,0.20437196069889213,-0.050762331838565045,-0.13740831295843525,-1.4006574580489854,0.022108843537414997,0.0
2021-06-30,53.09,52.92,0.002640016619140454,-0.0029828508320650245,0.005503382331164583,-0.1634721665651852,0.003207247348825191,54.644999999999996,56.25,57.775,2,30,6,54.592214167857094,57.00113979171371,18.987341772151908,-1.74300627368833,-1.4603488136086182,60.06290330049493,52.43709669950507,0.012183794130329028,0.013084650369477369,0.012525790397821798,638326284.0,-1.6575295783608348,0,0,-1,0,0,0.0034013605442176817,0.28768127677197397,0.16473452099730887,0.20771238521919919,-0.03805037144410206,-0.12781337276162308,-1.1285149691741418,0.013561876059521544,0.0
2021-07-01,53.86,53.09,0.009372139828863252,0.015285859722841655,0.00941803909974358,0.03634497584589663,0.014399500787872685,54.474000000000004,56.029999999999994,57.557333333333325,3,1,7,54.45908431915581,56.798485611603155,26.248399487836082,-1.6985925414762377,-1.5079975591821422,59.862289407813705,52.19771059218628,0.012872103450772896,0.010840249016095921,0.012311647073822833,645440062.0,-1.132482320137697,0,0,-1,0,0,0.009606328875494405,0.6011102878960317,0.22494561043155334,0.17208361827961455,-0.014635931211123276,-0.07552351527634737,-0.6257430056956779,0.019402153731897413,0.0
2021-07-02,53.66,53.86,0.00706453951310224,-0.006363867453815413,-0.0006563833514298454,-0.05241363173910706,-0.0037202423859748154,54.321000000000005,55.7855,57.34866666666667,4,2,7,54.31379626112748,56.596002668919084,26.554404145077683,-1.6603926938288467,-1.5384765861114833,59.56443036940618,52.006569630593816,0.012807584689655083,0.010639549781237661,0.012287886540885501,638689540.0,-1.1249214948271196,0,0,-1,0,0,0.0022279985146676094,0.29776674741740367,0.2248642178729361,0.16889761669707912,-0.0163153070577452,-0.08351836037574722,-0.5064982233621949,0.013697353708535212,0.0
2021-07-06,52.36,53.66,-0.004083911374964419,-0.0005552984871983867,-0.022193627160882065,0.14698057256677008,-0.024524903955778818,53.927,55.4895,57.090999999999994,1,6,7,53.95856057728612,56.32271217415011,23.137697516930018,-1.7152458879076278,-1.5738304464707125,59.371731995017356,51.60726800498264,0.011641516342315836,0.01153630263231866,0.012782680739995654,630870198.0,-1.6122168917347284,0,0,-1,0,0,0.0018635855385762473,0.9441676597530758,0.2250326371801596,0.18313312688576988,-0.01634416682321993,-0.10157858613589565,-0.5088868113816089,0.035809778456837284,0.0
2021-07-07,51.38,52.36,-0.027724548014854862,-0.02512318110950166,-0.019660698172277117,0.15349125462978042,-0.018893949359961627,53.489999999999995,55.1135,56.781,2,7,7,53.489731381415915,56.00382751775333,21.83173588924386,-1.816851713605736,-1.6224346998977173,59.061041673388246,51.16595832661176,0.012194401754364294,0.011268993474021698,0.012742105243636653,621753646.0,-1.8915569784450024,0,0,-1,0,0,-0.0013368983957219305,1.6358557120529693,0.2515237881237955,0.17888972554962734,-0.02910052910052907,-0.1276740237691001,0.06951641247816322,0.030167380303620168,0.0
2021-07-08,51.19,51.38,-0.0348318119187251,-0.01453651006911205,-0.020114882615567986,-0.07883453777329846,-0.003704791212245731,53.089999999999996,54.751999999999995,56.469,3,8,7,53.071598402976655,55.69325800047893,24.174528301886767,-1.8909092498238422,-1.6761296098829424,58.748496360297864,50.75550363970213,0.012244814690820316,0.0112837637169908,0.012731338276731442,613328194.0,-1.7825613631908894,0,0,-1,0,0,-0.017127286882055323,1.0645142227307718,0.24048744479353162,0.17912419588782882,-0.035788284045959795,-0.12375898664840812,0.45097865558972905,0.0353174448134402,0.0
2021-07-09,52.84,51.19,0.029270382300113237,0.020216192130249364,0.032943046869680324,-0.21818146132076766,0.03172427918463281,52.908,54.519000000000005,56.190000000000005,4,9,7,53.02948960243544,55.5091768391577,37.948717948717984,-1.7957587810508642,-1.700055444116527,58.38206069001207,50.65593930998794,0.01745664737596528,0.013994317165653167,0.01419115038646568,620102085.0,-0.8692589295017054,0,0,-1,0,0,0.015823403008400124,-0.15615042296745804,0.34941782638059765,0.22215289793088344,-0.018937987374675003,-0.08104347826086955,1.3253080173946234,0.022520817562452642,0.0
2021-07-12,52.98,52.84,0.01337173696588924,0.002074493907571541,-0.0011594204197349304,0.021305857157981695,0.0026460041897990415,52.751,54.2895,55.89833333333333,0,12,7,53.02049149290172,55.346004139857214,31.093394077448735,-1.6895781142794348,-1.6979599781491088,57.92823589964266,50.650764100357335,0.017555163580276215,0.014026714043026469,0.014041762497496174,627021848.0,-0.7197554514075053,0,0,-1,0,0,-0.002649507948523856,-0.12419679484649868,0.35222426929649975,0.2226671824155923,-0.012672381662318322,-0.07972902553413241,1.016138206918559,0.025670064175160427,0.0
2021-07-13,51.57,52.98,-0.003802285949738682,-0.008513910098319128,-0.004262746233966266,-0.04023891359645428,-0.02697437578105604,52.585,54.004,55.568666666666665,1,13,7,52.756765766919585,55.10239096954385,28.319502074688785,-1.6996123142245523,-1.6982904453641976,57.549620872061936,50.45837912793806,0.017896001461523228,0.014908467356292861,0.014584878215145857,620375001.0,-1.3729612317994495,0,0,-1,0,0,-0.009060022650056567,-0.441149178417817,0.36184090841813926,0.23666458232325294,-0.015087853323147438,-0.09968575418994419,0.9077980321923996,0.021911964320341332,0.0
2021-07-14,51.98,51.57,-0.003052272495578181,-0.0009504800639525407,0.0013583003931771792,0.23946675626118402,0.00791892115047662,52.491,53.747,55.25633333333333,2,14,7,52.61553562747966,54.9009463908636,33.08746048472072,-1.655398512879863,-1.689712058867331,57.08041677088262,50.41358322911738,0.01818393403989548,0.015188085989802723,0.01478263565430047,628820295.0,-1.0601734625173413,0,0,-1,0,0,0.014931161528020227,0.9873923753803018,0.3367304797829657,0.2411033905204938,0.011677695601401306,-0.08998599439775912,0.06587709369322102,0.019430550211619817,0.0
2021-07-15,51.78,51.98,-0.013270701536352377,-0.0023801601182862706,-0.003837098230979288,-0.3017633697966457,-0.0038550548899525558,52.36,53.5025,54.95333333333333,3,15,7,52.46362005884699,54.69959501080789,34.279475982532745,-1.6178475458675905,-1.6753391562673827,56.64507604689322,50.35992395310677,0.01811143010906921,0.015168947729656981,0.01477800705406802,622574890.0,-1.0962344104308135,0,0,-1,0,0,-0.006348595613697544,-0.8821202989761757,0.33690581583746915,0.24079958005926122,0.01152568861105685,-0.08628904182106933,0.07205649810232458,0.020905755117806027,0.0
2021-07-16,49.91,51.78,0.009250403214367143,-0.003915768338528403,-0.033098076729305134,0.2765314624358311,-0.03678259084187376,51.964999999999996,53.219500000000004,54.675,4,16,7,51.99932550269298,54.39058888107835,28.75457875457873,-1.719164052671438,-1.6841041355481938,56.5893257021898,49.84967429781021,0.019866744950361448,0.016445466561139887,0.014225728549361627,614340021.0,-1.964196544556838,0,0,-1,0,0,0.0067593665507918385,0.8165995092658812,0.30441328316353594,0.26106368829122845,-0.05545041635124914,-0.10185351808529786,-0.5360008393316812,0.05109196553796829,0.0
2021-07-19,48.5,49.91,-0.08170660156823187,-0.06504238011060308,-0.04812137377508521,0.63124511766353,-0.02865758553808025,51.449,52.885000000000005,54.34,0,19,7,51.36308450220335,54.010550888750714,28.519527702088993,-1.8914301015613972,-1.7255693287508347,56.726400512146355,49.043599487853655,0.02085043814663528,0.017233918131263317,0.014703992043058065,598858880.0,-2.2830215105843896,0,0,-1,0,0,-0.03746744139451007,3.6391941705231994,0.29476676383742856,0.27357996894341846,-0.0845602114005285,-0.12121761188621127,0.6549661966087343,0.03288041237113394,0.0
2021-07-20,51.43,48.5,0.01692506861781162,0.052330344522241286,0.024916587423744974,-0.19230317601131,0.05865786184338725,51.355999999999995,52.64149999999999,54.11166666666667,1,20,7,51.37525095634819,53.84406373463777,44.534115920763014,-1.7711094264573788,-1.7346773482921436,56.17663656402372,49.10636343597627,0.02968106548515692,0.022141600782335145,0.01908024398470099,611631699.0,-0.6854049217386124,0,0,-1,0,0,0.007422680412371123,2.0094432576738055,0.6060454891015145,0.3514870157935919,-0.0027147566414582602,-0.0865008880994671,1.1288835232988539,0.058915030138051744,0.0
2021-07-21,53.13,51.43,0.06401392592750574,0.036727560563414474,0.06998085114907086,0.08827773831328732,0.03252008067602709,51.53099999999999,52.5105,53.919333333333334,2,21,7,51.69429623701215,53.79799510659663,50.131926121372025,-1.5210449724418922,-1.6919508731220936,55.74173880431455,49.27926119568545,0.030818252615248325,0.02360543622257767,0.020085139616855145,625583340.0,0.3834442686023746,0,0,-1,0,0,0.012832976861753912,2.116501263404591,0.651235529939684,0.3747246830048187,0.02212389380530988,-0.046995515695067214,0.5084155826855913,0.027103331451157626,0.0
2021-07-22,51.29,53.13,0.00019195700222106692,-0.02363282309514254,-0.024097551579060416,0.0527602280212984,-0.03524593906167483,51.541,52.3155,53.68166666666666,3,22,7,51.62078783028267,53.63618897068718,42.08256315465187,-1.4545723093535088,-1.6444751603683767,55.32928220146658,49.30171779853342,0.03311864466473656,0.024655540834813593,0.02087487728549887,610875843.0,-0.6805402191976361,0,0,-1,0,0,-0.019386410690758537,2.0171146128578945,0.7116083586182319,0.3913945769322877,-0.009463113171108595,-0.07066497553904694,0.7960230426081906,0.027880678494833295,0.0
2021-07-23,50.7,51.29,-0.013137746921577775,-0.0049865849398494505,-0.005522696482651305,-0.5105984638461759,-0.011569890804039508,51.327,52.11749999999999,53.455,4,23,7,51.45337186114037,53.44675742419124,41.095066185318906,-1.432981792012427,-1.602176486697187,55.00021710279018,49.234782897209804,0.03132894356705062,0.024684458839030237,0.02080762598146492,602049340.0,-0.9834471781001243,0,0,-1,0,0,0.0025346071358939865,-0.026205903066232935,0.6544871066148232,0.39185363601770506,0.015828491284311852,-0.07244785949506027,0.6710905049606201,0.02859960552268236,0.0
2021-07-26,51.78,50.7,-0.020432930913279298,-0.003081073109444675,-0.003566478914137812,-0.325103629974276,0.021078063726254075,51.20700000000001,51.979,53.26199999999999,0,26,7,51.51275879547848,53.33922468714665,48.23170731707317,-1.31358202153708,-1.5444575936651657,54.62618241472409,49.33181758527591,0.032288825862045574,0.02529958835992602,0.021297922670540804,608426069.0,-0.15034853578138402,0,0,-1,0,0,-0.006311637080867855,-0.8683839466899852,0.5932065245766581,0.4016185144360124,0.06762886597938156,-0.05077910174152145,-0.1576347059899904,0.028389339513325586,0.0
2021-07-27,51.15,51.78,0.022375810871633945,-0.0016928496123293703,0.007120283246671778,-0.2825150976441203,-0.012241481925756118,51.165,51.875,53.05766666666667,1,27,7,51.446802650846024,53.197984384750086,49.28348909657319,-1.2553220073864608,-1.486630476409425,54.47831367784323,49.27168632215677,0.03136645534526569,0.024891273884773208,0.02135755691991837,603618747.0,-0.5569824383211802,0,0,-1,0,0,-0.005021243723445307,-1.2873028785975205,0.4364042873083652,0.39513672308823916,-0.005444293214077356,-0.0390757091865489,0.1620609504621597,0.019986314760508335,0.0
2021-07-28,51.76,51.15,-0.00077669906817236,0.00688666719343732,0.0011818004133003531,0.3465993348697514,0.01185515779500967,51.143,51.81700000000001,52.879000000000005,2,28,7,51.50374762341947,53.10521119863718,51.7304189435337,-1.146710064591673,-1.4186463940458744,54.37355277771568,49.260447222284334,0.03150862771728068,0.025052385238356657,0.021543733810829597,610417502.0,-0.04459129535431679,0,0,-1,0,0,0.0064516129032257735,-0.6051724417941354,0.35049740233123705,0.39769428653806393,-0.025785808394504173,-0.02191987906273629,-0.13666810129985665,0.02550231839258115,0.0
2021-07-29,51.55,51.76,0.013505896980656571,0.00535783907035207,0.014461850639782902,-0.14478197525243264,-0.004065439729676176,51.12,51.739999999999995,52.708333333333336,3,29,7,51.51215714643411,53.00487499227349,45.70858283433132,-1.0652994534038314,-1.347977005917466,54.22693427843314,49.25306572156685,0.0315115537919747,0.025043657997404812,0.02152553471755372,604535145.0,-0.15279856942556932,0,0,-1,0,0,0.008114374034003124,-0.8774165152867345,0.23635896332662,0.39755574588292203,0.0050692142717878586,-0.02900734601619903,0.6360921535838195,0.016682832201745868,0.0
2021-07-30,50.52,51.55,-0.022089640672047925,-0.012288941134351352,-0.02276393429975476,0.10936685677511286,-0.020182912980678425,51.181,51.573,52.54,4,30,7,51.331764937991544,52.84456047664295,42.27386934673368,-1.071541288474286,-1.29268986242883,53.904216985087785,49.241783014912215,0.029825136403705606,0.02509440088219785,0.021540829331047246,597972955.0,-0.9033908098094491,0,0,-1,0,0,-0.009893307468477169,-0.6460204829379474,0.2700921822120133,0.3983612642067323,-0.0035502958579881616,-0.06201262532491636,0.3034457783735743,0.02731591448931107,0.0
2021-08-02,49.74,50.52,-0.008658062743114541,-0.004841686615151293,-0.014696590438906693,0.12002506244167542,-0.015559859107031804,51.30499999999999,51.376999999999995,52.358333333333334,0,2,8,51.04235313108399,52.64426625234341,44.015696533682146,-1.1264425405839091,-1.259440398059846,53.627156485782564,49.12684351421743,0.028652009086470157,0.02525090742119404,0.021651343776830676,590573921.0,-1.4550099162820413,0,0,-1,0,0,0.0015835312747426423,-0.390210882299833,0.19903468239519434,0.4008457284911684,-0.03939745075318657,-0.07305255311218772,1.197048299354033,0.03749497386409318,0.0
2021-08-03,50.65,49.74,-0.01513370181422207,-0.01663931900396467,-0.010835000434404296,-0.17550454715222139,0.018129792319433787,51.227,51.2915,52.17,1,3,8,50.97101619815963,52.51560391348254,45.78847371754276,-1.084026797472255,-1.224357677942328,53.51417051325865,49.06882948674135,0.02144676918835676,0.02520275416498212,0.02158621652264522,596781959.0,-0.5772335541172955,0,0,-1,0,0,0.0020104543626859954,-0.7380757880714622,0.2649021584368043,0.4000813192466401,-0.009775171065493637,-0.032658517952635635,0.2074619724981061,0.030602171767028574,0.0
2021-08-04,48.9,50.65,-0.0006021073940056671,-0.00932084090668679,-0.012498882107715754,0.6157615963750648,-0.035161834213866094,50.803999999999995,51.167500000000004,51.94166666666667,2,4,8,50.59446779849424,52.28233914487077,41.69550173010381,-1.1780426477697077,-1.215094671907804,53.632846137752395,48.70215386224761,0.020014633715705978,0.02601239110257591,0.022304693678058412,585290472.0,-1.8394982881123876,0,0,-1,0,0,-0.016584402764067054,0.8852556619276774,0.3136271980819226,0.4129339071813906,-0.05525502318392583,-0.04826780848579226,0.6639638147093339,0.034560327198363966,0.0
2021-08-05,50.45,48.9,-0.014356732284717132,0.011292839179344686,0.011276388067934537,-0.5095103264393407,0.031205350318791802,50.720000000000006,51.1305,51.78366666666667,3,5,8,50.56820092604074,52.164123716169435,51.58636897767334,-1.1146300786549546,-1.1950017532572341,53.61654928603897,48.64445071396103,0.02119391413357655,0.02708365703411426,0.023206221345971646,592194439.0,-0.5474549549934605,0,0,-1,0,0,0.004089979550102308,-0.5154413014304055,0.44128327153134017,0.4299397266385892,-0.02133850630455858,-0.014455948427427145,0.4352429509794589,0.03389494549058475,0.0
2021-08-06,50.72,50.45,0.04070793506256566,0.008044779970813513,0.02038209999225618,-0.3095728501491871,0.005337563329352346,50.721999999999994,51.0245,51.65233333333333,4,6,8,50.59580075766969,52.07095444415851,56.98992443324937,-1.030707067768411,-1.1621428161594696,53.381058373646724,48.66794162635328,0.020974463006244726,0.026026293664444713,0.023214119985994194,597260296.0,-0.25842771679684545,0,0,-1,0,0,0.013676907829534147,-1.0342046001043008,0.4195857103695621,0.4131546035091399,0.003958828186856556,-0.04012112036336113,-0.35618479911897444,0.021884858044164027,0.0
2021-08-09,49.71,50.72,-0.02054596177222143,-0.02053379154158842,-0.022831580702596003,0.10910443337890621,-0.020114190022389178,50.515,50.861000000000004,51.491,0,9,8,50.43474607445702,51.9186348025999,43.83954154727794,-1.0337792721419916,-1.136470107355974,53.09696346829785,48.62503653170216,0.020417447700799823,0.02631406723567107,0.023437271559409226,591610453.0,-1.0295338151264302,0,0,-1,0,0,-0.01222397476340689,-0.8275367211516107,0.43170333426805274,0.41772286732931113,-0.0006031363088058184,-0.061721404303510696,-0.2606289071572027,0.02414001207000609,0.0
2021-08-10,51.11,49.71,-0.006006024060211922,0.029483267616145597,0.013801721011925335,-0.02630055990963081,0.027774052673606848,50.511,50.838,51.42033333333333,1,10,8,50.55751951546483,51.86646481533539,42.60614934114201,-0.912724397823375,-1.0917209654494542,53.05261746726143,48.623382532738574,0.022478653443743862,0.02656045487334411,0.023738756008570366,597113639.0,0.24564061651365127,0,0,-1,0,0,0.0018105009052503782,-0.843811490058341,0.46239051181889984,0.4216341498217325,0.009081934846989048,-0.008919914679077046,-0.282224475526962,0.03952259831735479,0.0
2021-08-11,51.84,51.11,0.0012040940648047318,0.006563730128792585,0.003276223765474799,0.4597073514227996,0.014181879263831108,50.519,50.831,51.38433333333333,2,11,8,50.79069778538032,51.8647574078944,52.19123505976098,-0.7492457994504065,-1.0232259322496446,53.03125740120618,48.63074259879382,0.022627733560680194,0.026699048728178038,0.023883696558345446,605828542.0,0.9171654184159248,0,0,-1,0,0,-0.024457053414204656,0.09894000392341902,0.32890025259557465,0.42383425906052663,0.060122699386503164,-0.0026933435936897787,-0.9598677385811615,0.0423842592592593,0.0
2021-08-12,50.99,51.84,0.03080812374233174,-0.007648959489981025,0.015889865013459244,-0.4167251771846893,-0.016532516976954945,50.46300000000001,50.7915,51.31433333333334,3,12,8,50.8269345516748,51.808321446094766,51.13192818110851,-0.68043213064594,-0.9546671719289037,52.947952008077515,48.635047991922484,0.023225441624613187,0.026945530989057682,0.024048809611094114,600083660.0,0.18409869476016397,0,0,-1,0,0,-0.008101851851851884,-0.7648253115347678,0.32385632371483264,0.4277470436497855,0.01070366699702685,-0.015256855928930113,0.0767890044936077,0.019690135320651062,0.0
2021-08-13,50.41,50.99,-0.01016427828126648,-0.010212124919694851,-0.005552264908018281,-0.14452299896521764,-0.011439966972524996,50.452,50.816500000000005,51.199333333333335,4,13,8,50.751128269552105,51.718107159249946,44.43541835905766,-0.6650318815182672,-0.8967401138467764,52.94128382801007,48.69171617198994,0.02258848857911341,0.0257628742622485,0.02393490543384224,595111838.0,-0.3826271591879629,0,0,-1,0,0,-0.0017650519709747677,-0.9211841516502357,0.33548018297217336,0.408972950136817,-0.0061119873817034875,0.010018032458425141,0.7547387996647225,0.015076373735369929,0.0
2021-08-16,50.11,50.41,-0.017839918128331005,-0.011822797811056504,-0.016439824944256186,0.1519955986376031,-0.005968979122906178,50.489,50.897000000000006,51.081,0,16,8,50.6345594932699,51.614358310266084,45.65943238731219,-0.6693190722983786,-0.851255905537097,52.757855490863896,49.036144509136115,0.0220604648261213,0.024907261500539537,0.0239441428729896,589323866.0,-0.8458475189114731,0,0,-1,0,0,-0.008133306883554783,-0.6233273970911313,0.2986355728853523,0.3953905186204865,0.008046670690001978,0.03319587628865972,0.7338210265312369,0.019556974655757415,0.0
2021-08-17,48.73,50.11,-0.01308523954865548,-0.020627546239154002,-0.027252992884691348,0.2220333237902489,-0.027925732116218512,50.297000000000004,50.762,50.96000000000001,1,17,8,50.288275949039004,51.428270677345694,38.11764705882352,-0.7751358847637277,-0.8360319013824232,52.839220815362,48.684779184638,0.022807508126572725,0.021579513644248028,0.024057535400181948,582096929.0,-1.9564602713129309,0,0,-1,0,0,-0.015166633406505647,-0.07122558612358189,0.24524256689078977,0.3425641590984327,-0.04656622970064572,-0.05249854170717483,0.7903156267829867,0.026267186538066926,0.0
2021-08-18,48.44,48.73,-0.016137619128247727,0.001011224679153111,0.003939053502066798,-0.10193666884102061,-0.005968938170523304,50.251,50.527499999999996,50.861999999999995,2,18,8,49.95222577648645,51.23547902074275,37.87996882307093,-0.8723412405726094,-0.8432937692204605,52.536950042590796,48.5180499574092,0.020134934971105998,0.01989677460593832,0.02386588900867473,575570378.0,-2.0776829040333524,0,0,-1,0,0,-0.0034886107120868995,-0.2223068082774961,0.142862837362457,0.3158515049977078,-0.06558641975308654,-0.08827404479578405,-1.130366396614351,0.023534269199009097,0.0
2021-08-19,47.46,48.44,-0.007856149564517549,-0.02227992005773595,-0.028969280202720642,0.17337325938003798,-0.020438667677273956,49.952,50.336,50.73766666666666,3,19,8,49.49909381712527,50.99189972908193,38.0281690140845,-1.0167347103308657,-0.8779819574425416,52.73225497281091,47.93974502718909,0.017334649085650484,0.018985680040118573,0.024103592980436628,567808286.0,-2.400412337278388,0,0,-1,0,0,-0.005367464905037119,0.661142063125217,0.15026019849665578,0.3013883271455793,-0.0692292606393411,-0.07467342561902901,-0.7063263529444573,0.030130636325326584,0.0
2021-08-20,47.36,47.46,-0.01843370168883802,-0.009971000765011697,0.007215651001512355,-0.4019037335846798,-0.0021092604318673097,49.616,50.169,50.555,4,20,8,49.11016766855703,50.75758361752826,40.165289256198335,-1.126253984810063,-0.927636362916046,52.900530513714386,47.43746948628561,0.016950238229309175,0.018898528525094615,0.023208836375363598,562615096.0,-2.0567224022551858,0,0,-1,0,0,-0.003371260008428228,-0.8656763317721109,0.1738312446857632,0.3000048397347639,-0.060503868280103124,-0.06587771203155823,-0.7573603193988003,0.012880067567567556,0.0
2021-08-23,48.71,47.36,0.01739538781713076,0.021683864559649883,0.015526959020948703,0.5875838145978862,0.028106357242701028,49.516000000000005,50.015499999999996,50.412666666666674,0,23,8,49.03740991063757,50.62548144865547,42.264752791068595,-1.0915325732503405,-0.960415604982905,52.71064553849485,47.32035446150514,0.019483174410757708,0.01945125524663085,0.023910109475184245,571960942.0,-0.9687788517195031,0,0,-1,0,0,0.016258445945946012,1.6022606459066766,0.3433078916961166,0.3087791044237534,-0.02793853522251044,-0.05928930088837392,1.0405946692275647,0.0188872921371382,0.0
2021-08-24,50.81,48.71,0.02806698625962656,0.04298512823313933,0.030146853897911597,-0.07125589972252203,0.04220883778718929,49.486000000000004,49.9985,50.38733333333334,1,24,8,49.35969901779437,50.63738587132286,57.40884406516681,-0.8843687029599607,-0.9452062245783162,52.66767905770479,47.32932094229521,0.0223981795144844,0.021841579580469606,0.024857677596533727,580664014.0,0.6080521257332262,0,0,-1,0,0,0.016218435639499058,1.1009547147404686,0.41584731956390997,0.34672432686449434,0.04268417812435876,-0.006647116324535629,0.46774376467750356,0.031489864199960665,0.0
2021-08-25,51.25,50.81,0.026710776746608853,0.0178053153205019,0.016628651213624005,-0.07930817949386935,0.008622432412877074,49.427,49.973,50.36300000000001,2,25,8,49.70339010546812,50.67690936349558,53.395585738539886,-0.6768828364594057,-0.8915415469545341,52.5803507425587,47.3656492574413,0.02205756761538311,0.021758926760623905,0.024866032212753315,588703522.0,0.9795383330336503,0,0,-1,0,0,0.0005904349537492843,0.6567014435627941,0.39595361643990157,0.34541225402567466,0.05800990916597848,-0.00985316846986084,0.03657159970745649,0.032936585365853706,0.0
2021-08-26,50.27,51.25,0.0017686945752598939,-0.013899060353436899,-0.00998410849495538,-0.3300680162209202,-0.019307140314033588,49.355,49.909000000000006,50.31266666666667,3,26,8,49.80641008629209,50.65065714649587,48.19855884707768,-0.58478555830132,-0.8301903492238913,52.41420216643718,47.403797833562834,0.02228559341048857,0.02215404816351093,0.025099109522140287,582924122.0,0.2882002936420907,0,0,-1,0,0,-0.006243902439024396,-0.6815378665813321,0.3903767865621875,0.3516846118439828,0.059207753898019355,-0.024830261881668148,0.08419821714328644,0.02924209269942309,0.0
2021-08-27,50.88,50.27,-0.012248276393286057,0.0007794232662706999,0.009586652209914047,0.027557062831656348,0.012061441327382828,49.402,49.927,50.345,4,27,8,50.001608252420795,50.66545345962517,54.83870967741936,-0.4573043795928271,-0.7556131552976786,52.45574922275096,47.39825077724904,0.02233293806803016,0.021869818786765954,0.024283100286764784,588865000.0,0.7537323127385958,0,0,-1,0,0,0.0007957032027053739,-0.5631197863410893,0.37100367429590636,0.3471726103669862,0.07432432432432434,0.0071258907363420665,-0.427071967203386,0.02024371069182392,0.0
2021-08-30,49.17,50.88,0.014209830572652784,-0.004196561080028544,-0.024141184452073958,0.0453200318236547,-0.03418623760801873,49.308,49.8985,50.367333333333335,0,30,8,49.85040675198064,50.56897259126226,42.177419354838726,-0.4886247737147471,-0.7022154789810923,52.44887891921252,47.34812108078748,0.024877761431444906,0.022922364844771084,0.024523575687617722,582648687.0,-0.5712876580903802,0,0,-1,0,0,0.002948113207547142,-0.3657821141949043,0.4729900877169214,0.36388126104452384,0.009443646068569178,-0.011459589867309994,0.2165215339993499,0.040980272523896695,0.0
2021-08-31,49.78,49.17,-0.04018531697591355,-0.02175073389316879,-0.004489803460598982,0.03398651268555925,0.012329615515597863,49.413000000000004,49.855000000000004,50.31233333333333,1,31,8,49.837605524347794,50.518071133761474,41.61237785016286,-0.45893420188759393,-0.6535592235623927,52.38097037111962,47.329029628880384,0.023416654250770774,0.022707370516409187,0.021924476347271307,589079902.0,-0.05938311934099182,0,0,-1,0,0,-0.003050640634533223,-0.24658268556712631,0.3362845413761398,0.3604683318877142,-0.02027160007872464,-0.01717670286278372,-0.8448478142344343,0.02280032141422254,0.0
2021-09-01,49.55,49.78,0.019794627328179496,0.0016977085018361998,0.01078232396990981,-0.35503574057435916,-0.0046310361634490475,49.524,49.8875,50.193,2,1,9,49.78531361083001,50.45561493158331,43.82504288164664,-0.44878991681631675,-0.6126053622131775,52.378214334226534,47.39678566577347,0.02336777738525955,0.021296004882961312,0.02097357570959216,584570666.0,-0.2710065906492751,0,0,-1,0,0,0.004419445560466028,-1.4411267329095145,0.3177258002859136,0.3380635970371969,-0.0331707317073171,0.013292433537832382,-0.4364600733786653,0.013925327951564032,0.0
2021-09-02,49.6,49.55,-0.008838948667204279,0.000997307353031883,-0.007674048601064228,0.09706612100810386,0.0010085729548849716,49.738,49.845,50.13666666666667,3,2,9,49.751620227042736,50.400413968255364,46.36118598382752,-0.43173909612724515,-0.5764321089959911,52.32428257874085,47.36571742125915,0.021995785404482843,0.02002601172723297,0.020057299212518486,589539543.0,-0.19763781837601208,0,0,-1,0,0,0.00020181634712422033,-1.0110665007063941,0.2991929982469591,0.317903080696329,-0.013328028645315348,-0.01684836471754214,-1.460792860164649,0.022536290322580553,0.0
2021-09-03,48.86,49.6,-0.004448945659730993,-0.006801386490630864,-0.007721066080942888,0.046197382931692156,-0.015031767901287478,49.888,49.752,50.07533333333333,4,3,9,49.58950745848951,50.30103242191632,44.598098530682805,-0.4724914264007296,-0.5556439724769389,52.23262470909109,47.271375290908914,0.022791034872900535,0.020217815891412964,0.020129010677319203,584335732.0,-0.719173679703316,0,0,-1,0,0,-0.005241935483870927,-0.8543473179428925,0.2763995346248913,0.3209478774094102,-0.03970125786163525,-0.036671924290220814,-0.6356324888129137,0.02363896848137538,0.0
2021-09-07,48.53,48.86,-0.020062085354618744,-0.021916461636974176,-0.014071623808865893,0.21846145387631136,-0.006776902412469577,49.87,49.693,49.967,1,7,9,49.39686973876414,50.186772265663656,49.0494296577947,-0.5253601589352286,-0.5495872097685968,52.233245325903454,47.15275467409654,0.021135206455877315,0.019802838105469626,0.01970262301968458,577861353.0,-0.9156595925130706,0,0,-1,0,0,-0.010233319688907082,0.015821848462191798,0.16097263575656093,0.3143603092820766,-0.0130160667073419,-0.0237376785355059,0.5780249754702881,0.01555738718318571,0.0
2021-09-08,48.12,48.53,0.00823727886647893,0.013045435719973223,0.002185793219980447,-0.27822430253612074,-0.008484272310646792,49.601,49.5435,49.866,2,8,9,49.16471160444338,50.05343211949181,48.496240601503764,-0.5935010729273813,-0.5583699824003537,52.0845505494228,47.0024494505772,0.014717976957996702,0.018620509325251527,0.01964789185135247,572959426.0,-1.1204027407666899,0,0,-1,0,0,0.004739336492890931,-1.063697636997983,0.09200426577324548,0.295591421759848,-0.03334672559260754,-0.05850127176677755,-0.15987480236469478,0.026807980049875297,0.0
2021-09-09,49.23,48.12,-0.017586053718040076,0.01627031974980878,-0.005630293259392682,0.3702097382823151,0.022805302663631125,49.399,49.413,49.781666666666666,3,9,9,49.17658222181731,50.00030746662138,58.21727019498604,-0.5515772753665047,-0.557011440993584,51.71422255836829,47.1117774416317,0.01679749411188598,0.019142102493266616,0.020019006236342646,580057604.0,-0.15904589439602745,0,0,-1,0,0,-0.004364089775561115,0.5668146877119986,0.23349420438378193,0.3038714566085575,-0.0064581231079717805,-0.05034722222222232,1.4653135386574934,0.04814137720901884,0.0
2021-09-10,47.9,49.23,0.03022123302200274,-0.015460603106378153,0.0009405863681378724,-0.07503422904882907,-0.027387689353239684,49.162,49.2585,49.66,4,10,9,48.94447636330507,49.86480375909743,52.24999999999999,-0.6185420804072237,-0.569317568876312,51.52862890892638,46.98837109107362,0.01775150166379574,0.019690031956151044,0.020552806467593967,573472541.0,-1.1968483328486208,0,0,-1,0,0,0.0030469226081658684,0.15183306775067487,0.2937200389788956,0.31256956717734186,-0.03427419354838712,-0.060600117670131515,1.177412206750185,0.032463465553235905,0.0
2021-09-13,48.73,47.9,-0.017363320499908654,-0.00720925090200715,-0.007865385837286023,-0.1778870726123094,0.017179352438545126,48.947,49.1745,49.60033333333333,0,13,9,48.905480660885964,49.79159061334921,50.08710801393727,-0.5977476446937473,-0.5750035840397991,51.388869103447135,46.96013089655287,0.018363334067772102,0.020084754295412944,0.020571144531709048,578984482.0,-0.40146875180659464,0,0,-1,0,0,0.013152400835073123,-0.6890371169417776,0.32518985862833094,0.3188355900569938,-0.002660663119115947,-0.03332672088871258,-0.06377742632647182,0.03232095218551192,0.0
2021-09-14,48.03,48.73,0.0,-0.0021831619619594716,0.005040968456774515,-0.1325820871827288,-0.014469041178681731,48.833,49.070499999999996,49.54333333333333,1,14,9,48.746302358906696,49.67793960603636,36.210317460317455,-0.6304842247507807,-0.5860997121819954,51.29522683124688,46.84577316875311,0.01575730821711822,0.020270100397294107,0.020546051526999804,574156953.0,-0.9353957397248889,0,0,-1,0,0,-0.0041042478965728655,-1.141105711381246,0.3388141995310997,0.3217778682093106,-0.010302905419328212,-0.04150868090201554,0.19453836523706364,0.025567353737247583,0.0
2021-09-15,48.46,48.03,-0.008899986305409356,-0.009605196579236383,-0.008204526931967182,-0.0057038247512720755,0.008912899711646651,48.701,49.057,49.47033333333333,2,15,9,48.69424738456002,49.59936285725982,36.14697120158888,-0.6146455427470201,-0.5918088782950004,51.29367139905576,46.820328600944244,0.015435444244426498,0.019469492597108447,0.020313596846413005,578957025.0,-0.5338289748346884,0,0,-1,0,0,0.0014574224443056481,-1.05014985237257,0.3401024531665821,0.3090686133873721,0.007065669160432275,-0.005540734660373414,-0.5628700503469247,0.023730912092447348,0.0
2021-09-16,49.12,48.46,0.016086137751624444,0.021019037259079852,0.026267926820610105,0.17206803696135353,0.013527568450507257,48.658,49.091,49.47766666666667,3,16,9,48.77165695100365,49.56843622130758,44.102564102564074,-0.5425822386956725,-0.5819635503751348,51.308774133055195,46.87322586694481,0.01622461697515515,0.01965081685323305,0.019479147814334925,584658352.0,0.026152347588296623,0,0,-1,0,0,0.00866694180767647,-0.3623328572032472,0.3075796839022796,0.311947046717589,-0.002234409912654889,0.014037985136251097,-0.7390097774626675,0.01872964169381111,0.0
2021-09-17,49.08,49.12,0.010379659689193592,0.0063208536232284155,-0.000617474548794676,0.24589800253275795,-0.0008146639961763357,48.606,49.172,49.432,4,17,9,48.827719323548436,49.53692420702967,40.19607843137252,-0.4831299949096248,-0.5621968392820329,51.25307866767167,47.09092133232832,0.01621286004937625,0.019022520986720217,0.01855652964794848,577367671.0,-0.08841568695039191,0,0,-1,0,0,0.005496742671009836,0.8249416667667078,0.2024672528346958,0.3019731590422122,0.024634655532359107,0.03413400758533491,-0.9586941519122523,0.025753871230643908,0.0
2021-09-20,49.58,49.08,-0.01140309647896461,-0.0039005216631627752,-0.01347310255045956,0.06383020891567967,0.010135906764333777,48.678,49.283,49.394,0,20,9,48.96449762835781,49.53970329044711,52.572145545796715,-0.391158806816172,-0.5279892327888607,51.18637207690542,47.37962792309458,0.015743857010666863,0.01908642876029191,0.01863221903116432,585138891.0,0.3120777105051074,0,0,-1,0,0,-0.005093724531377343,1.0662249948079194,0.18005916645540943,0.30298766349649936,0.017443053560435073,0.046875,-1.2304158636281852,0.03469140782573616,0.0
2021-09-21,49.15,49.58,0.019670105957038348,0.013406904166820657,0.018402256091862305,-0.014358003936702578,-0.008710680013868922,48.739999999999995,49.305,49.37533333333333,1,21,9,48.998225332292755,49.51456114267633,45.956354300385094,-0.34894595224932345,-0.4921805766809533,51.1905740435394,47.4194259564606,0.015867864870494144,0.01820707028700966,0.018340989122049664,577478453.0,-0.16440616642033457,0,0,-1,0,0,0.004437273093989489,1.1780403252005711,0.14570551679160787,0.2890282804950058,0.02331875910889014,0.00903305276123989,-0.8413617477199093,0.030518819938962362,0.0
2021-09-22,50.65,49.15,-0.008672031759835672,0.018023829621736157,0.011407742371715334,0.24258731121218766,0.030062384101516796,48.993,49.297,49.36,2,22,9,49.29854799914862,49.58781526250366,56.07064017660045,-0.19223849123826398,-0.43219215959241547,51.15687096326205,47.43712903673794,0.017846360664439405,0.016825000508799443,0.01847124417845845,587242007.0,1.4549396455192283,0,0,-1,0,0,0.00447609359104779,2.5819307562320235,0.23738292935446909,0.2670886029289112,0.045191910854312844,-0.0031489864199961692,0.4593377218982639,0.03662388943731498,0.0
2021-09-23,52.32,50.65,0.036982345680339285,0.03009408471056145,0.033462592339902994,0.05177411020841644,0.032439476454250896,49.302,49.3505,49.376,3,23,9,49.847902908394325,49.76408524556794,62.734082397003746,0.06594813481014938,-0.33256410071190257,51.487782829838416,47.21321717016158,0.01916894582659058,0.018298997850855203,0.01927210414532283,597524375.0,2.7787618545782307,0,0,-1,0,0,0.01145113524185584,2.466670984390321,0.2942241020433849,0.2904875853304097,0.06514657980456029,0.020878048780487823,0.07665233387642438,0.03325688073394499,0.0
2021-09-24,52.85,52.32,0.022581293375885568,0.007736617512074009,0.022851497837532833,-0.3802182736483361,0.010079005167303406,49.797000000000004,49.4795,49.437999999999995,4,24,9,50.393738743231715,49.963176520047426,69.05444126074501,0.30975876051976314,-0.20409952846556942,52.105928233008285,46.85307176699172,0.015187426673849994,0.01775064052712338,0.0190783640640772,604554555.0,2.566603539849605,0,0,-1,0,0,0.0015290519877675516,0.3683824908780199,0.27162137926850205,0.2817826826812377,0.07681336593317045,0.051322856574497644,-0.33655801134086805,0.018353831598864823,0.0
2021-09-27,52.96,52.85,0.020775062574964448,0.022228548651417688,0.01161143720591729,0.17565087879364244,0.002079199312506115,50.22,49.5835,49.523,0,27,9,50.86033169900776,50.15651997036695,71.60975609756099,0.5060233959273504,-0.06207494358698548,52.581824268827106,46.585175731172896,0.015133642626248734,0.017609866747607984,0.01892596361200917,612934683.0,2.2522580596800013,0,0,-1,0,0,0.012298959318826842,1.1094366684698307,0.2864136819083785,0.2795479682109394,0.06817265026220265,0.04088050314465397,0.0178621615406649,0.02937688821752262,0.0
2021-09-28,53.05,52.96,-0.01108929698592053,-0.014364812191203313,-0.00512286482276798,-0.19449918092879062,0.0016979534312391977,50.722,49.7775,49.620999999999995,1,28,9,51.258453208279064,50.34319610131102,74.82376636455189,0.6612048237147476,0.08258100987336114,53.14280830682491,46.412191693175096,0.013166202612694454,0.015476732702821443,0.01886911548878988,619833597.0,1.9448440984520217,0,0,-1,0,0,-0.0009441087613293856,0.18053091830629647,0.24207525958241843,0.24568551503691635,0.0793489318413021,0.07890990441325996,0.42026278689443086,0.019792648444863285,0.0
2021-09-29,52.54,53.05,0.005466039431558359,-0.0046733424619597366,-0.003048202017281814,-0.35263832466017475,-0.009660080802598272,51.129999999999995,49.915499999999994,49.748,2,29,9,51.49146171586469,50.48492538509741,67.73847802786713,0.7345668560414609,0.21297817910698108,53.50043030101596,46.33056969898403,0.014574579111614238,0.015623653549281673,0.018169892231222107,614984824.0,1.4641846728547117,0,0,-1,0,0,0.0028275212064091553,-0.9997248078380037,0.25244708048502573,0.2480178111697856,0.03731490621915112,0.055443953394937795,1.1725825495636937,0.01827179291968026,0.0
2021-09-30,51.43,52.54,-0.01897590145900569,-0.021208899500933045,-0.02962749378220812,0.27838572619922414,-0.021353124470568946,51.361000000000004,50.009499999999996,49.84766666666667,3,30,9,51.480286858434745,50.54589794089758,69.37431394072452,0.6951260909864203,0.30940776148286897,53.65220272708042,46.36679727291957,0.017070010794309382,0.01645126911403628,0.0186237968355723,608579616.0,0.7799154124984088,0,0,-1,0,0,-0.006471259992386682,-0.13360517699686078,0.1931135601724898,0.2611558009628274,-0.017010703363914415,0.03794147325933417,-0.716732543373735,0.026638148940307162,0.0
2021-10-01,54.35,51.43,0.029633195932993732,0.046006617230814124,0.035335271835248865,0.6729272931974403,0.05522295378039366,51.888,50.247,50.07733333333333,4,1,10,52.00205288417388,50.79132388019452,75.08928571428577,0.8892380147639685,0.42537381213908887,54.36558994777082,46.12841005222918,0.023495075025085,0.020503035551097434,0.020629392135661367,621133608.0,1.992429473208782,0,0,-1,0,0,0.04549873614621823,2.7271651314807097,0.47568668855992857,0.3254755991407197,0.02838221381267747,0.09576612903225801,1.6631469912783896,0.03679852805887764,0.0
2021-10-04,55.06,54.35,0.035623458090018136,0.02918074483088803,0.03879375804824,-0.053007482809679866,0.012978886147242772,52.436,50.557,50.333999999999996,0,4,10,52.55804326886954,51.06672233953681,81.35593220338986,1.0878244164157351,0.5578639329944182,55.142845958803946,45.97115404119606,0.02350848899240264,0.020037477405200566,0.020641890591012114,633039474.0,1.9638688435903981,0,0,-1,0,0,0.02520699172033114,2.0187907596191654,0.476429174666317,0.31808509269141905,0.03965256797583083,0.12689316414244778,1.295063868655354,0.027878677806029723,0.0
2021-10-05,54.47,55.06,-0.014097468244477216,-0.015114538954095591,-0.007602509711030845,-0.7713422975920488,-0.010773408318878266,52.968,50.854,50.525999999999996,1,5,10,52.90567176543871,51.28628864021186,76.42919964819701,1.1839496665256277,0.6830810797006601,55.651610808899314,46.056389191100685,0.02370438791110476,0.02019104972130935,0.02035751954065333,627534297.0,1.50741698067401,0,0,-1,0,0,-0.0021794406102434534,-0.7763778285409589,0.49483213672799586,0.32052297763154736,0.026767200754005627,0.12239851638161947,1.4664091823794259,0.02028639618138419,0.0
2021-10-06,54.45,54.47,-0.025252470774258774,-0.01791201228332865,-0.027215099957569735,0.14301562325203188,-0.00036724201661360355,53.348,51.1705,50.64733333333333,2,6,10,53.186458717177125,51.49039905052078,74.83690587138867,1.2441737266798043,0.795299609096489,56.0432835987229,46.29771640127709,0.022812952119276277,0.019966703650397793,0.018972472123280973,621182711.0,1.3460478732770007,0,0,-1,0,0,-0.016522856618321986,-0.4502046904949754,0.4809926219871972,0.31696159416406866,0.03635325466311379,0.13154613466334175,1.341264580521778,0.02901744719926535,0.0
2021-10-07,54.04,54.45,0.024341972668928798,0.00873786025519074,0.020387875358044726,-0.22612220086751125,-0.0075583362869714385,53.52,51.411,50.74033333333333,3,7,10,53.341648041326735,51.65488943435815,72.34234234234233,1.2444726487187836,0.885134217020948,56.35480590659543,46.46719409340457,0.021333663960040248,0.01979266469746477,0.01902086130591389,616116555.0,1.0635530802261888,0,0,-1,0,0,0.00808080808080804,-0.9547586545831052,0.4377023718038647,0.31419881143667555,0.05074859031693557,0.09770465163518183,1.684500228953359,0.017918208734270896,0.0
2021-10-08,53.92,54.04,-0.010991134644438114,-0.011126030766559797,-0.009102588085334944,-0.45317365625540845,-0.002223046487946426,53.626999999999995,51.712,50.861999999999995,4,8,10,53.44680294290369,51.80102559988343,70.24253731343285,1.2209521728379968,0.9522978081843578,56.48587010605189,46.938129893948116,0.021260692892821214,0.018420217687375052,0.018621573217149388,612896467.0,0.925035642340118,0,0,-1,0,0,0.0046262028127313105,-1.5702900600658345,0.1453122051076627,0.29241189057880623,-0.007911683532658698,0.1256784968684761,1.1637418749229802,0.015752967359050365,0.0
2021-10-11,51.67,53.92,-0.04328865552173532,-0.01931350654531846,-0.03654495403194767,1.5798405241672258,-0.0426241243049583,53.498000000000005,51.859,50.888333333333335,0,11,10,53.12374786237574,51.79257233537483,60.04784688995217,1.0091232852067478,0.9636629035888359,56.42267764902305,47.29532235097695,0.025399764414907718,0.021067969370702995,0.020191585531476403,597265575.0,-0.08282793594786853,0,0,-1,0,0,-0.03579376854599406,2.6059441447343508,0.26741152126622336,0.33444364550403655,-0.06156919723937526,0.06033244407962246,-1.9113298302666983,0.033481710857363976,0.0
2021-10-12,52.18,51.67,-0.005013508380200815,-0.01644805017378317,-0.00446538134875972,-0.621092866675735,0.009821937409489135,53.411,52.0665,50.98866666666667,1,12,10,52.95215734194379,51.81756766857646,56.62337662337663,0.8723442617326143,0.9453991752175916,56.25946792260348,47.87353207739652,0.02566830308312159,0.020701798871217834,0.019178357665743547,605664942.0,0.05413826296554544,0,0,-1,0,0,0.0011612154054576188,0.20745677710748064,0.31229454349849434,0.3286308690295203,-0.04204149072884156,0.08640433062669173,-1.652173275387824,0.020887313146799542,0.0
2021-10-13,51.25,52.18,0.002702704347885073,-0.010924881059079329,-0.013919646565228285,0.016314924413346758,-0.017983661690064785,53.282000000000004,52.205999999999996,51.037666666666674,2,13,10,52.6426741888631,51.78095039963604,45.05087881591119,0.6810519298171798,0.8925297261375092,56.066195795413606,48.345804204586386,0.026089453308038604,0.021247352111351692,0.019414079244469938,597127416.0,-0.4953116632766878,0,0,-1,0,0,-0.005940973553085517,0.1964657112702613,0.30859033388878754,0.3372912582315584,-0.058769513314967936,0.05757325629385068,-0.8792373936060269,0.024000000000000077,0.0
2021-10-14,51.51,51.25,-0.0042503927976612794,0.0038468983774520567,0.014501527887590196,-0.3374830165384651,0.005060345558976299,53.29,52.3255,51.103,3,14,10,52.436733427251625,51.76346972869178,43.643263757115726,0.5441584853840951,0.8228554779868265,55.92244885321059,48.72855114678941,0.025278291706167542,0.021108346418892848,0.019395364265044422,603219488.0,-0.4534398643295113,0,0,-1,0,0,0.00780487804878046,-0.6455323631998509,0.3318904806780353,0.33508461127314787,-0.04681717246484085,0.04865635179153105,-1.0945807564889447,0.013395457192778196,0.0
2021-10-15,50.36,51.51,0.011358289402528041,0.007649683507108197,-0.021633095355425937,0.22089127323788946,-0.022578754401347365,52.891,52.3895,51.12833333333333,4,15,10,52.05914553138769,51.67292329458264,38.77374784110534,0.3389666587156128,0.7260777141325837,55.783106837629006,48.99589316237099,0.016565380231194405,0.021826667514066634,0.019876608200127797,595621530.0,-1.1960725547205333,0,0,-1,0,0,0.014172005435837779,-0.13594475879818343,0.3352961442628166,0.3464876051490762,-0.06602373887240365,0.026079869600652117,-0.20770119884576854,0.04348689436060375,0.0
2021-10-18,49.77,50.36,-0.043625499537363416,-0.03538733836392761,-0.012916056280477116,-0.2139964332441143,-0.011784816305683515,52.362,52.399,51.15866666666667,0,18,10,51.64293725295356,51.55015404977086,36.42384105960266,0.1272754365825861,0.6063172586225842,55.76040258945613,49.037597410543874,0.014924592031700499,0.021917791851997357,0.019798267679695388,589487309.0,-1.564227985214571,0,0,-1,0,0,-0.006949960285941251,-0.6029413008486696,0.22504368903651178,0.3479341591683769,-0.03677182117282751,0.0038321903993547846,0.36791239120452013,0.02030339561985132,0.0
2021-10-19,49.38,49.77,-0.008433784929769693,-0.016618124606967672,-0.00899216594732953,0.0646057543910515,-0.0078669089534294,51.852999999999994,52.4105,51.187000000000005,1,19,10,51.23149411605291,51.41014411107597,36.78929765886288,-0.07114105296987816,0.4708255963040918,55.726366005797324,49.094633994202674,0.014935916649321604,0.021900317621304122,0.019813490294767436,582943700.0,-1.8278784454508066,0,0,-1,0,0,-0.0036166365280289273,-0.4429289013328992,0.167185571595759,0.347656764355778,-0.05366040628593327,0.004679552390640884,0.8254236424437437,0.012555690562980911,0.0
2021-10-20,49.47,49.38,-0.010745161670699301,0.002805613062800421,-0.007137789048292406,0.0668256950192676,0.001820941322583699,51.355,52.3515,51.232,2,20,10,50.91122245858874,51.284973523264625,41.04204753199268,-0.21860535614664656,0.33293940581394416,55.8369178938426,48.8660821061574,0.015102427115986522,0.020736380765131276,0.01973734886023814,589939532.0,-1.6534602666099298,0,0,-1,0,0,-0.006480356419603084,-0.24623284935836787,0.17415263814160453,0.32917983957648383,-0.0347317073170732,-0.023297137216189534,-0.39885191910037393,0.022437841115827764,0.0
2021-10-21,48.66,49.47,0.004880042218301153,-0.011269992498455034,-0.00904611431968196,0.43314312845343605,-0.016509087884240724,50.817,52.168499999999995,51.212999999999994,3,21,10,50.50190928429987,51.11562039273143,17.780294450736065,-0.3962642220982886,0.18709868023149762,56.02541600279461,48.31158399720538,0.01523639958644591,0.019375641353946284,0.01953687867614362,579151281.0,-1.8193292244154855,0,0,-1,0,0,-0.0034364261168385226,1.0275952170499734,0.14455432449362046,0.3075787710895241,-0.0553290623179965,-0.06995412844036708,0.4502951221931901,0.02034525277435255,0.0
2021-10-22,47.63,48.66,-0.02360294280450988,-0.019414117469278853,-0.020974317174221768,-0.34726787031502543,-0.021394522542607434,50.188,51.90749999999999,51.204,4,22,10,49.9797439598817,50.8907416577165,9.398907103825067,-0.6131050518655456,0.027057933812088958,56.246580062577266,47.56841993742272,0.015294444837166283,0.01948527742533275,0.0192876984069554,571528130.0,-1.971616074518473,0,0,-1,0,0,-0.010480887792848295,-0.050982001546726864,0.1391117943487844,0.30931918976718836,-0.0542096902303415,-0.09877010406811726,0.608717848789442,0.02193995381062359,0.0
2021-10-25,47.48,47.63,-0.013801975683104071,-0.012040834698607221,-0.004332899777495347,-0.2534853087875358,-0.0031542450713018927,49.769,51.633500000000005,51.162333333333336,0,25,10,49.52524505808503,50.670693808831565,9.873708381171,-0.7879734506647864,-0.13594834308328613,56.36691214414064,46.90008785585937,0.011392004473256494,0.019420111993171604,0.019013354993762777,565611870.0,-1.7549707794372023,0,0,-1,0,0,-0.002939323955490249,-0.581594855959391,0.14945370253166024,0.30828472060172973,-0.04601165360659043,-0.1034743202416919,-0.18479008620723927,0.014111204717775943,0.0
2021-10-26,47.59,47.48,0.010681848346860354,0.005623257554362039,0.0022216354020005926,0.16463170617090941,0.002314085391551942,49.309999999999995,51.3605,51.147666666666666,1,26,10,49.173382320251385,50.47193936955211,11.022727272727266,-0.9072239232207195,-0.29020345911077283,56.37159285275478,46.34940714724522,0.010241016392642282,0.01943225876232746,0.018842882176387247,572586897.0,-1.50486135890586,0,0,-1,0,0,0.01095197978096047,-0.22792638557801098,0.17162887544909317,0.30847754458424553,-0.03624949372215469,-0.10292177191328922,-0.5536954987608973,0.017545702878756057,0.0
2021-10-27,46.57,47.59,-0.00836824967051658,-0.010018869027400193,-0.01716002672419031,-0.08737410020843801,-0.02166609813873333,48.842,51.062,51.084666666666664,2,27,10,48.700040080205675,50.220201345710045,10.308182784272049,-1.071682567836099,-0.4464992808558381,56.472576776334904,45.65142322366509,0.010637926449278466,0.019749455607263287,0.01915159322019219,566195441.0,-1.660451440093177,0,0,-1,0,0,0.00021012817818865328,-0.45830316468019194,0.17306992098180937,0.31351288839437264,-0.058621386699009514,-0.11362771221926149,0.6042102530610342,0.02490873953188756,0.0
2021-10-28,47.24,46.57,-0.022735495380817206,-0.005152753395656441,-0.0015061864063148514,-0.061242551439348515,0.014284434334875674,48.415,50.852500000000006,51.022,3,28,10,48.43457824744101,50.02793029114811,16.46586345381526,-1.134871733072245,-0.5841737712991195,56.52139156528247,45.18360843471754,0.01232715514509082,0.01989765162698398,0.01917250251599263,572207213.0,-1.2744995942853259,0,0,-1,0,0,-0.0008589220528236879,-0.5792936203542416,0.24605063639422559,0.3158654272751961,-0.029182079736950195,-0.08146995916780086,0.1518028852209987,0.02085097375105841,0.0
2021-10-29,47.28,47.24,0.01047577725536633,-0.00010543518381833665,0.0067600450577193615,0.011216725564724334,0.0008463817686811172,48.107,50.499,50.961999999999996,4,29,10,48.224654929724466,49.85064446591275,21.677419354838705,-1.1682550194188224,-0.7009900209230602,56.13121149423326,44.86678850576674,0.01160622666616481,0.01393544661975753,0.019175825400281045,578286797.0,-1.1430678706919613,0,0,-1,0,0,-0.004657070279424192,-0.4807538586626744,0.20582963332463577,0.22121835698696463,-0.00734830988872559,-0.1300827966881325,-0.7712767552302234,0.014065143824027054,0.0
2021-11-01,49.13,47.28,0.006782560973914375,0.035425765543297495,0.006502181411806241,0.31744274440726156,0.03838247308271413,48.043,50.2025,50.947,0,1,11,48.38926312432001,49.804151274563544,33.22332233223324,-1.0335182207511195,-0.767495660888672,55.4338181392139,44.9711818607861,0.018199985695463973,0.016816760897511832,0.020447446748965988,586637778.0,-0.4100305014755461,0,0,-1,0,0,0.001269035532994972,0.4525038923424365,0.35095199101043395,0.26695780315471,0.03475147430497061,-0.10770069015619321,0.383952864679963,0.04213311622226746,0.0
2021-11-02,48.91,49.13,0.03792807733801004,0.0050756377364764805,0.03244703070933732,-0.30723461908777844,-0.004487971629291153,47.995999999999995,49.9245,50.939,1,2,11,48.48394255626182,49.746464095559446,36.03818615751789,-0.9337270739801085,-0.8007419435069594,54.77825806653006,45.07074193346995,0.01809349466646257,0.016773646019933214,0.02040111690755154,580495815.0,-0.41802660375500317,0,0,-1,0,0,0.0008141664970486291,-0.43989780533992134,0.35992460997425413,0.26627337569142995,0.02773691952090762,-0.1020745364420782,0.6051112594213197,0.015702310365978342,0.0
2021-11-03,49.46,48.91,-0.005097370604876347,0.00947301249081381,-0.0004526655907421911,-0.09405420454394102,0.011182387542004403,47.995000000000005,49.675,50.89933333333333,2,3,11,48.6614075460324,49.72798254100722,38.177623990772815,-0.8010277188292605,-0.8007990985714197,54.037416037495206,45.31258396250479,0.018486894501016142,0.017147822870386874,0.019699487638154302,586086435.0,-0.0985692323483406,0,0,-1,0,0,0.00020445716622378076,-0.6399799148416986,0.2677443842570082,0.27221324904737665,0.06205711831651284,-0.09164370982552805,1.1589909637719986,0.02547513141932871,0.0
2021-11-04,49.07,49.46,0.014610649517434854,-0.0002006219286496406,0.0024665994006397235,0.18235598887589383,-0.007916411991458136,48.036,49.426500000000004,50.791000000000004,3,4,11,48.735697083117415,49.68553205449063,41.845764854614444,-0.7190435776845305,-0.7844479943940419,53.27831993894971,45.5746800610503,0.0178279376235295,0.017151142356279382,0.018684215970729768,579377460.0,-0.18510730285965188,0,0,-1,0,0,0.00363930448847553,-0.2333810657639592,0.30103704600492665,0.27226594425228967,0.03873835732430142,-0.09196891191709844,1.5192977739527396,0.023028326879967444,0.0
2021-11-05,52.23,49.07,0.026636438611562813,0.0529472228437623,0.044371425870754405,0.6632467312709356,0.06240919234639536,48.496,49.342,50.77033333333334,4,5,11,49.37102488618697,49.849691276781556,61.73664122137399,-0.3945369875832796,-0.7064657930318894,52.83631779351715,45.847682206482844,0.025076546204556863,0.023092303743043094,0.02219336531460813,592400146.0,1.6529692893748658,0,0,-1,0,0,0.0389239861422457,2.0219341573790635,0.48859620530675224,0.3665789574219481,0.10469543147208116,-0.0313427299703265,0.7433457297770186,0.031208117939881208,0.0
2021-11-08,51.37,52.23,0.02937977064960871,0.004556681512564768,0.0054837583562562875,-0.46851315885817907,-0.016602697969030872,48.885,49.327,50.717333333333336,0,8,11,49.73447490688025,49.947775710537584,59.08675799086754,-0.2044017732579917,-0.6060529890771099,52.78159023390558,45.872409766094414,0.026155472741842795,0.02139545941406672,0.022386284770761745,584248827.0,1.1827741420378448,0,0,-1,0,0,0.005169442848937452,0.4093450011569957,0.5136918024341821,0.3396423887735776,0.04559332383472414,-0.005806077027288636,1.7422426306863772,0.030951917461553364,0.0
2021-11-09,50.91,51.37,-0.02605067719994255,-0.026489072768111577,-0.01833105434097825,-0.02085470115077853,-0.008994976564931876,49.217,49.2635,50.646,1,9,11,49.948206741992934,50.00985469695451,56.360424028268525,-0.08980122900589294,-0.5028026370628665,52.53934637516316,45.98765362483684,0.026675163982088617,0.021348790946386007,0.02243009997637049,576265741.0,1.0052363947732363,0,0,-1,0,0,-0.004282655246252654,0.3304776385761276,0.5222034704147864,0.33890154981626786,0.04089143324473521,-0.024338827136834107,1.7536562066751407,0.02239245727754849,0.0
2021-11-10,49.69,50.91,-0.017950970237692168,-0.011149259746159882,-0.018673366603273216,-0.15815335476126935,-0.024255662300015364,49.529,49.1855,50.551,2,10,11,49.90126006163058,49.98921891005422,54.390451832907075,-0.0963130393040359,-0.42150471751110047,52.33400323670859,46.036996763291405,0.026985920016391676,0.021645286579643038,0.022767675390729526,569450430.0,0.32046973566233256,0,0,-1,0,0,-0.01316047927715566,-0.2665175422129935,0.5682019659286629,0.34360827207875616,0.004650222401940907,-0.03043902439024393,2.0507088702646143,0.030187160394445564,0.0
2021-11-11,49.08,49.69,-0.010404255517432898,-0.01706052091444714,-0.005487260999398623,-0.2864994071497557,-0.012352085771518553,49.713,49.064,50.47266666666667,3,11,11,49.75194005042501,49.93055962553459,56.41025641025637,-0.14897826914669565,-0.36699942783821954,52.01624018420738,46.11175981579262,0.027468728210858207,0.02172282132097418,0.02256249073256898,564332898.0,0.010839226486779848,0,0,-1,0,0,0.0006037432078889342,-1.1514842214322714,0.5735647618024843,0.3448390979399357,0.00020379050336249982,-0.0471753057658707,2.0996877771710807,0.01854115729421346,0.0
2021-11-12,48.42,49.08,-0.0131594165406983,-0.01837507530499423,-0.02559479240960655,0.2212295490534236,-0.01353866833279818,49.827,48.967,50.275,4,12,11,49.509769132165914,49.83310416582269,53.97631133671745,-0.24119201595622997,-0.34183794546182167,51.866968057897864,46.06703194210213,0.028026528130102233,0.02137774110233161,0.0198016014954305,557948215.0,-0.3772455344880646,0,0,-1,0,0,-0.0002037489812550532,-0.4316651808431926,0.09010544701280268,0.3393611192945595,-0.07294658242389418,-0.03852263701350278,-1.071289231787507,0.025609252375051673,0.0
2021-11-15,49.13,48.42,-0.00020381127146874,0.006297633815221401,0.016587566723488986,-0.3721620815858703,0.014556894670644447,49.827,48.934999999999995,50.07733333333333,0,15,11,49.44072019904483,49.78774260673736,56.199677938808364,-0.25405244988443343,-0.324280846346344,51.811690349760795,46.058309650239195,0.025445088944289113,0.021543643556920095,0.019850279787712886,562348810.0,0.1355724643886139,0,0,-1,0,0,0.01321767864518795,-1.386224374250468,0.22648001867236822,0.34199473911497735,-0.04360521705275444,-0.012859152099658488,1.331184052371157,0.01526562181966212,0.0
2021-11-16,47.6,49.13,-0.012305323441963617,-0.01653942755938003,-0.023525650325792614,0.6382517801577046,-0.03163708494318258,49.696000000000005,48.846,49.84833333333333,1,16,11,49.1060437992185,49.646597922431724,53.98298530549111,-0.3832843858693735,-0.33608155425094993,51.77439744210606,45.917602557893936,0.027326954488619805,0.02257106075860927,0.020444076369327463,554017743.0,-0.8509773858454748,0,0,-1,0,0,-0.013637288825564862,0.582341515961039,0.27667308135552443,0.3583044815652541,-0.06501669613042615,-0.03604698258404215,1.1593779036279088,0.02249369747899164,0.0
2021-11-17,47.4,47.6,-0.021905538474352844,-0.019963233151226018,-0.0130171792183134,-0.22313538912772315,-0.004210532536343605,49.489999999999995,48.7425,49.61333333333334,2,17,11,48.7958540175424,49.501656120984514,50.64205457463883,-0.496120980890403,-0.36808943957884055,51.72387993482474,45.76112006517526,0.026904332080070443,0.0225632284692938,0.02043072388353655,547352835.0,-0.9005896795095466,0,0,-1,0,0,-0.003991596638655563,-0.2583942055418432,0.2636506059674648,0.3581801478269038,-0.0460857315355202,-0.041843541540327434,0.30121175136929573,0.01529535864978906,0.0
2021-11-18,46.37,47.4,-0.0004219409345299148,-0.003998742569167963,-0.01840443704243841,0.10409168152196022,-0.02196953029766143,49.22,48.628,49.35766666666666,3,18,11,48.354789650716505,49.29961379059842,46.617100371747206,-0.6610371623924607,-0.4266789841415646,51.79296345700811,45.46303654299189,0.027480667401341276,0.022774894625058394,0.020668553576934586,539956772.0,-1.4268727147545162,0,0,-1,0,0,-0.00021097046413497914,0.2218112635034959,0.2785393787845679,0.36154024388163686,-0.055215973920130446,-0.04706124126592681,0.6501007073030362,0.029976277765796866,0.0
2021-11-19,46.83,46.37,-0.025864432053147708,-0.009119908140967916,-0.01433206524413523,0.28901918726952697,0.00987132479208097,48.68,48.588,49.12133333333334,4,19,11,48.07755516876805,49.14028386862434,40.464344941956874,-0.746016653171651,-0.49054651794758186,51.825462294027446,45.350537705972556,0.014424002802395607,0.0224685641178134,0.0208406750158212,549831384.0,-1.086035814683129,0,0,-1,0,0,-0.004097476816907434,1.4658647757794008,0.3136939575190968,0.35667739783466174,-0.03283767038413887,-0.016796136888515778,-0.2476795401049429,0.03447576339953021,0.0
2021-11-22,47.72,46.83,0.019513860329114,0.021901643180441566,0.034547807453888885,-0.17343684300110104,0.018826574034265083,48.315000000000005,48.6,48.98966666666667,0,22,11,48.01254513808294,49.048652651293736,45.326001571091915,-0.7330972610109399,-0.5390566665602534,51.821911822111204,45.3780881778888,0.01699682830259567,0.022879195519820986,0.020031800522372713,558133664.0,-0.5462595183150418,0,0,-1,0,0,0.005551996583386828,0.56848362118205,0.33306139684902425,0.3631959692560169,-0.028699369020964816,0.005054759898904804,-0.09320617404609328,0.022212908633696613,0.0
2021-11-23,46.98,47.72,0.02142939145589899,0.005812762889582257,-0.0010650762536289168,-0.28122330941285995,-0.015628617998948716,47.922,48.5695,48.81633333333333,1,23,11,47.82480965843149,48.91519118991995,40.402476780185744,-0.7736521844062665,-0.5859757701294561,51.84280816083297,45.29619183916702,0.0171965728977134,0.023150102698720955,0.02002913837453648,551866607.0,-0.971188731338703,0,0,-1,0,0,0.00817267393126573,-0.4933467299568426,0.27016936487013454,0.3674964873985253,-0.013025210084033678,-0.0128178188695105,0.2158766412354644,0.02958705832269052,0.0
2021-11-24,46.99,46.98,-0.03403774311805167,-0.02515328585436563,-0.013302062693086422,-0.23035138512875059,0.0002128338839577157,47.652,48.5905,48.67433333333334,2,24,11,47.67302608417122,48.79098530669931,41.70653907496013,-0.7958117148794628,-0.6279429590794575,51.814818614265974,45.36618138573402,0.0163614355847133,0.022614549860787064,0.01984812135539911,556844245.0,-0.992767893916312,0,0,-1,0,0,-0.010217113665389462,-1.1047352419468544,0.2702381859517518,0.3589948496598776,-0.008649789029535837,0.00901868155464891,-0.04179496121531566,0.017237710151096024,0.0
2021-11-26,44.96,46.99,-0.037244173172371206,-0.035212623829614556,-0.05527985926638122,0.8435405233592823,-0.04416160752928877,47.239999999999995,48.4765,48.455999999999996,4,26,11,47.17974861432191,48.54382496433161,18.14198071866788,-0.9660414129438735,-0.6955626498523408,52.0447475427445,44.9082524572555,0.020254318669981026,0.02437605616562377,0.02111265993140567,545273314.0,-1.970995542139601,0,0,-1,0,0,-0.046605660778889224,1.9244020768029415,0.3881582756015422,0.3869578953526991,-0.030407591114944954,-0.04826418289585099,-0.9419414342420702,0.037144128113878884,0.0
2021-11-29,44.54,44.96,0.0207650491736958,0.009410289378795384,0.009088906012344768,-0.15661024598477322,-0.009385543756214053,46.852,48.3395,48.26200000000001,0,29,11,46.699794320808834,48.285513676310224,18.869644484959025,-1.121907513559087,-0.7808316225936901,52.29099258941442,44.38800741058558,0.020185344792325526,0.024415645413774535,0.020862211222689414,535379737.0,-1.9230707961737865,0,0,-1,0,0,0.0173487544483986,1.0397652451578143,0.36185186044384576,0.38758635518389284,-0.04890027759982918,-0.05795262267343493,-0.4486773012041732,0.038167938931297614,0.0
2021-11-30,44.4,44.54,-0.03992056446344906,-0.024921347090521816,-0.024036867448218015,0.20537023967749027,-0.0031481923910425527,46.379,48.102999999999994,48.083,1,30,11,46.28164989884359,48.0348353746128,19.4366197183099,-1.2424076492142078,-0.8731468279177936,52.40585144134707,43.80014855865292,0.018680290286398893,0.022345943559949375,0.020809791763517306,523230626.0,-1.7211842195698557,0,0,-1,0,0,-0.013246519982038534,1.7957816784589835,0.27453422893282337,0.3547308568242684,-0.06957250628667222,-0.09627518827600257,-1.6068631619266351,0.03648648648648659,0.0
2021-12-01,42.55,44.4,0.02338761872189484,0.01682944946498475,-0.017999295981225665,0.15843198635856381,-0.04255961441879601,45.873999999999995,47.785000000000004,47.85533333333333,2,1,12,45.60316809905384,47.68097502786358,18.351063829787265,-1.4702364432549473,-0.9925647509852245,52.72902563440678,42.840974365593226,0.02024059812112092,0.02381539916081723,0.021934004059548158,508995850.0,-2.1177074663886284,0,0,-1,0,0,0.013288288288288366,2.16746289176092,0.33790615213316083,0.37805774131955244,-0.09429544487015751,-0.130034757718258,-0.49735748973814264,0.0740282021151587,0.0
2021-12-02,45.34,42.55,-0.04059974760301631,0.0004390779433878538,0.01055740117083984,-0.09782490652658501,0.06350979005999992,45.668,47.579,47.717666666666666,3,2,12,45.55531935377132,47.52994438090464,36.106983655274924,-1.4094158523380926,-1.0759349712557982,52.572253975429774,42.58574602457023,0.03164424106981609,0.028586736040391122,0.025403124839890268,521904054.0,-0.8968099804325629,0,0,-1,0,0,0.015276145710928455,1.496897786198622,0.700862092353052,0.4538003661475332,-0.03511385401149181,-0.08329963606955115,1.346311716651256,0.059991177767975266,0.0
2021-12-03,44.28,45.34,0.042154439754033816,0.0008775779413589422,0.018501915385321987,-0.4168302056642415,-0.023656537238946913,45.458999999999996,47.3395,47.57166666666667,4,3,12,45.32344310763108,47.320270549878536,35.0649350649351,-1.4302610776614983,-1.1468001925369382,52.488703208672014,42.19029679132799,0.03175108060337177,0.02890691030296174,0.025565829869009897,513395833.0,-1.1883391957992078,0,0,-1,0,0,-0.0061755624172916,-0.04852940802047428,0.6472943299243029,0.4588829749973253,-0.015124555160142328,-0.09761565111065817,1.4980294145141173,0.044263775971093065,0.0
2021-12-06,45.56,44.28,-0.0015546921510174148,0.029388458999500704,0.03046608188821085,0.4439188660081998,0.02849703073854527,45.332,47.00599999999999,47.50266666666666,0,6,12,45.36645345169815,47.20670470795089,37.62993762993765,-1.3281852732549098,-1.1830772086805326,51.66190920511813,42.35009079488186,0.03321986913681169,0.025304683493190754,0.02595880792746355,526658482.0,-0.6211461333526161,0,0,-1,0,0,0.016034327009936785,1.5908396062598105,0.6776657389557036,0.40169939716910363,0.022900763358778775,-0.12770438445337917,0.5635567283553523,0.04323968393327478,0.0
2021-12-07,45.21,45.56,0.02718869514705306,-0.004481919785144992,-0.0031166543482758114,-0.1555838737439558,-0.007711837272467614,45.081,46.698,47.427,1,7,12,45.33800736957121,47.077885049373414,40.98113207547171,-1.2609955658337384,-1.1986608801111738,50.9344811614791,42.4615188385209,0.03238367511641815,0.02519875042588114,0.025983973116493583,515306778.0,-0.7024697824835786,0,0,-1,0,0,0.014705882352941057,0.8578014673222526,0.6819631131023902,0.4000177618587866,0.018243243243243334,-0.11991434689507485,0.6503748735382713,0.04202610042026097,0.0
2021-12-08,45.27,45.21,-0.036792342381105375,-0.01032045281578777,-0.006486992885776568,0.1191571954362481,0.0013262601413535377,44.910000000000004,46.416,47.349666666666664,2,8,12,45.325642393285534,46.96124730425255,41.87643020594969,-1.1891974125455391,-1.1967681865980468,50.19849931297022,42.63350068702977,0.03220942828246508,0.02524160183089754,0.025979838009169653,528095006.0,-0.605948556855172,0,0,-1,0,0,-0.01437735014377347,1.2131882902587878,0.5558372189859286,0.4006980068248053,0.0639247943595771,-0.11078373600471403,0.8879305439616378,0.03777335984095429,0.0
2021-12-09,43.61,45.27,-0.010376813166228238,-0.041930237528090206,-0.027068637771753848,0.21080224177176834,-0.037358079593192206,44.572,46.112,47.251,3,9,12,45.01370741268816,46.74503780075239,39.95633187772929,-1.2518148433021352,-1.2077775179388646,49.76153984121568,42.462460158784324,0.03384046381013731,0.02588108191795538,0.02652921558042799,512305788.0,-1.371131763924832,0,0,-1,0,0,-0.025844930417495065,1.8642141065231344,0.3973688702839303,0.41084943849720307,-0.03815615350683732,-0.12235862346548598,0.5343929732286151,0.02293052052281587,0.0
2021-12-10,41.97,43.61,-0.03742640551911703,-0.033458666387384775,-0.04275010684228515,0.07832535017564586,-0.03833140450917554,44.272999999999996,45.7565,47.07533333333333,4,10,12,44.46030606492668,46.43697084586515,33.713136729222555,-1.4174345985296455,-1.2497089340570207,49.57019981983098,41.94280018016902,0.033214616071132234,0.026798147098916144,0.02712350253640883,495230152.0,-1.9857357311188786,0,0,-1,0,0,-0.02591148819078199,1.9349026508694185,0.4433620301243226,0.4254073969263549,-0.052168021680216836,-0.14486552567237165,0.45099928249200505,0.03228496545151291,0.0
2021-12-13,40.48,41.97,-0.024063102675393452,-0.027824697256027126,-0.037014029229344055,-0.27914484319102717,-0.03614705236628943,43.867000000000004,45.359500000000004,46.84866666666667,0,13,12,43.736614053121826,46.05265014613191,26.67525773195881,-1.6499009640380393,-1.3297473400532245,49.63132926427868,41.087670735721325,0.034480856105540206,0.027502181098297444,0.027723956720668793,482313623.0,-2.284501415261472,0,0,-1,0,0,-0.011913271384322134,0.7010890840414671,0.2951391913278517,0.4365835901877376,-0.11150131694468846,-0.16398182569186293,0.7330347055422609,0.04168725296442688,0.0
2021-12-14,40.24,40.48,-0.027378879542332025,-0.012356626285093134,0.0008736350009637212,-0.2966211765001186,-0.005946499187726191,43.451,44.915000000000006,46.55233333333333,1,14,12,43.10086604346331,45.67764045928469,27.563249001331613,-1.8323757408433252,-1.4302730202112446,49.38057593385702,40.449424066142996,0.03443965174509286,0.026967326876565955,0.026453735473052478,472712437.0,-2.093794874052049,0,0,-1,0,0,-0.003211462450592773,-0.33545240972049106,0.3011578793174628,0.4280930426374905,-0.10993143109931425,-0.1809485039690617,0.6841585741649323,0.028330019880715717,0.0
2021-12-15,40.11,40.24,-0.0084619718468142,-0.02145610416184314,-0.01901700783226771,0.3106510147633822,-0.003235846009522293,43.20700000000001,44.540499999999994,46.259,2,15,12,42.55707221737907,45.318437849008255,27.278731836195533,-1.9648289051113679,-1.5371841971912692,49.30429536879788,39.77670463120211,0.03251231981831605,0.026511551887038458,0.02645767358419924,459613414.0,-1.8600715005598583,0,0,-1,0,0,-0.005715705765407654,0.6673632456384457,0.27900524825614337,0.42085783898093354,-0.11398277004638846,-0.15735294117647058,0.6138167399266024,0.02543006731488397,0.0
2021-12-16,39.53,40.11,0.018080987929516297,0.009988368386401845,0.0019053673595465362,0.023313448972397507,-0.014565802473367284,42.626,44.147000000000006,45.928000000000004,3,16,12,42.006695450582875,44.944990245846434,30.168005843681556,-2.0924793454340502,-1.6482432268398255,49.20720220107662,39.08679779892339,0.02085730611256838,0.026529512171400205,0.026287042594266334,446205420.0,-1.8248282643795086,0,0,-1,0,0,0.015706806282722578,0.6836055418695056,0.25817770565395826,0.42114294965631666,-0.09355652373308865,-0.16603375527426156,-0.3476743217741894,0.034151277510751366,0.0
2021-12-17,39.66,39.53,-0.03141619623337904,-0.0064008096428019015,-0.008154989129306144,0.12629962363484692,0.0032832457830556058,42.164,43.8115,45.61433333333333,4,17,12,41.580023550476895,44.604023133211186,31.79104477611942,-2.1582740853400395,-1.7502493985398684,49.134084552243486,38.48891544775652,0.02114566267492335,0.026472824395880185,0.026354792917109866,461418426.0,-1.5599564306592875,0,0,-1,0,0,-0.0012648621300279349,1.1431968045018455,0.23843563496048023,0.4202430591178961,-0.05503931379556837,-0.14470562863920644,-1.3258986013443244,0.03555219364599102,0.0
2021-12-20,39.36,39.66,-0.014542927568818581,-0.01326867314326837,-0.010805353394397239,-0.21637126400792409,-0.007593050907597207,41.544,43.438,45.18533333333333,0,20,12,41.176382904935636,44.265699060100786,31.415929203539847,-2.20915857859584,-1.8420312345510628,48.9148704086984,37.96112959130161,0.01608417120287279,0.026155658959393847,0.022674704273957343,449165320.0,-1.4891716238249126,0,0,-1,0,0,-0.018910741301059002,0.15400039513932182,0.10259959088116848,0.41520821390144746,-0.02766798418972327,-0.15951313260730304,0.002944537311319229,0.03293445121951225,0.0
2021-12-21,40.87,39.36,0.02060355218050973,0.03573604065667432,0.02503323568160241,0.025526804574715747,0.037646225392133234,41.11,43.0955,44.83533333333333,1,21,12,41.12067692222006,44.04662170138461,43.64599092284418,-2.1033939100230867,-1.8943037696454676,48.29457876454977,37.896421235450234,0.023226949976114006,0.027541902516329052,0.024220785328653103,461735235.0,-0.8561132080455138,0,0,-1,0,0,0.00914634146341462,0.19433900323886563,0.3277977658388617,0.43721414815074444,0.015656063618290084,-0.14354568315171834,1.7060930560507617,0.04330804991436252,0.0
2021-12-22,41.12,40.87,0.028051982129040184,0.004577769709741938,0.02047512227781207,-0.37768833823929493,0.0060983235707236984,40.695,42.8025,44.509,2,22,12,41.120553845452775,43.857807398069475,30.243445692883867,-1.9766165325370508,-1.9107663222237845,47.733407357516846,37.87159264248316,0.023529283274877938,0.027629569603348652,0.024341529855461688,470351209.0,-0.6824301809017541,0,0,-1,0,0,-0.0004893564962073898,-1.2583420221651997,0.3227811152754799,0.4386058200132604,0.025180752929443884,-0.12473392933163052,1.3403543573109407,0.027723735408560327,0.0
2021-12-23,41.87,41.12,0.022510934822407812,0.008854910078281923,0.018124424615881325,-0.26839679882865713,0.01807495888414223,40.521,42.5465,44.248333333333335,3,23,12,41.25681678264318,43.729561759484355,38.37994214079073,-1.794934923024769,-1.8876000423839816,47.07743356245282,38.015566437547186,0.022834208239914267,0.028141781946056696,0.024534663643009488,476939020.0,-0.29861395700261884,0,0,-1,0,0,0.01605058365758764,-2.1759880675633547,0.2780028859995529,0.44673693887684,0.05919554768530211,-0.1089593530538413,0.8812199872123753,0.018390255552901746,0.0
2021-12-27,41.76,41.87,-0.018114249674325043,-0.001549925794629971,-0.012701685175121633,0.050529448646696486,-0.0026306364566686673,40.5,42.3865,44.00433333333333,0,27,12,41.348304640344416,43.602493258872464,29.347826086956488,-1.6409116116060432,-1.838262356228394,46.782576121173406,37.99042387882659,0.01952423756292929,0.02669707614610804,0.024504670359130756,470009777.0,-0.2850269116053311,0,0,-1,0,0,-0.020062096966801918,-1.777005124650244,0.29208035899929496,0.4238029452909393,0.05295007564296528,-0.07117437722419939,0.9253045466270423,0.0293342911877395,0.0
2021-12-28,42.29,41.76,0.014037016540755185,0.020665552103389953,0.018027284787078914,-0.054193513682470995,0.012611707910013956,40.681,42.274,43.8,1,28,12,41.51952197846361,43.51781627442908,34.43496801705756,-1.4592590273138129,-1.7624616904454777,46.55159598003532,37.99640401996468,0.015387827507064952,0.02689069041616361,0.02466111918749389,476573494.0,0.0074808374024449694,0,0,-1,0,0,-0.003591954022988472,-1.7155171595528569,0.2446856302739606,0.42687647654398136,0.07444105691056913,-0.05051638976201167,0.8944172239518486,0.03215890281390398,0.0
2021-12-29,42.16,42.29,0.014790345951002183,-0.0051558586208706155,0.009132483563272474,0.024126454644818166,-0.00307874725129044,40.873,42.16199999999999,43.56766666666667,2,29,12,41.63597252783386,43.43021522446592,33.5449735449735,-1.3106792643804184,-1.672105205232466,46.32086927952825,38.00313072047173,0.015198392096075207,0.026890573529534743,0.02440433901470886,469849492.0,-0.0009617998862528308,0,0,-1,0,0,-0.0014187751241428771,-1.4763760838931508,0.14870323995723203,0.42687462102627194,0.03156349400538283,-0.05045045045045049,0.23325325142485984,0.01802656546489576,0.0
2021-12-30,42.72,42.16,-0.005699374249750189,0.014694141939220784,0.0011954574047737313,0.13213792931195198,0.013195290418832642,41.134,42.1705,43.405,3,30,12,41.83306843186406,43.3843948874036,44.67065868263473,-1.1346617377017623,-1.5646165117263253,46.333401189769326,38.00759881023067,0.015128937070846721,0.025417508546537782,0.024096735346919883,477523365.0,0.2639985793323384,0,0,-1,0,0,-0.004032258064516001,-1.0690299320383487,0.15672599247555877,0.40349043936598666,0.03891050583657596,0.0039952996474736935,-0.38357861392166237,0.03136704119850179,0.0
2021-12-31,42.84,42.72,0.01465747281571874,-0.0006948465826759121,0.017997170576336232,-0.26237345152646957,0.0028050509276086816,41.464999999999996,42.0455,43.253,4,31,12,42.01614689879787,43.349272636603374,56.368960468521266,-0.9742530004156222,-1.446543809464185,45.94978361243255,38.14121638756745,0.013362457107499988,0.020325818393939137,0.02412186770235651,483426290.0,0.4069888762537905,0,0,-1,0,0,-0.0025749063670411853,-1.4246163282383177,0.12679557056323204,0.3226623639853515,0.023166945306902553,-0.05513895015438908,0.27526033215557266,0.012838468720821594,0.0
2022-01-03,44.0,42.84,0.01305684205556555,0.025167194232969682,-0.0023496251411219506,0.5830024637616087,0.02671738833871305,41.899,42.0315,43.174,0,3,1,42.3768474626528,43.391255047145094,77.07692307692312,-0.7449384284630511,-1.3062227332639582,45.90392491687517,38.15907508312483,0.014471802270020743,0.020742598098763783,0.02446454021680611,494000843.0,1.0166756191562092,0,0,-1,0,0,0.007703081232492957,-0.10819353798651417,0.1828583865071471,0.329278536688141,0.05363984674329503,-0.006323396567299078,0.4199502144031131,0.03977272727272727,0.0
2022-01-04,44.66,44.0,0.03505138067850317,0.028509726012689984,0.045187891181200215,0.058085005481504276,0.014888612493750559,42.429,41.9865,43.10166666666667,1,4,1,42.79196610580683,43.47310956023251,81.93641618497108,-0.504137115070435,-1.1458056096252538,45.70410123565748,38.26889876434252,0.013023443541735813,0.019936021858094333,0.02456339476360524,505207808.0,1.438293044642358,0,0,-1,0,0,0.016136363636363657,0.10786434235449437,0.18527419041759222,0.31647453581079255,0.05604161740364155,-0.0197541703248465,0.22625161059587884,0.023846842812360006,0.0
2022-01-05,43.99,44.66,0.005353570671740036,-0.007493973797407987,-0.015293416169498463,-0.1442035132654314,-0.015115911051383322,42.741,41.9255,42.977333333333334,2,5,1,43.009790450205585,43.50645733054009,76.00536193029497,-0.3631772585369575,-0.9892799394075946,45.45570932732473,38.395290672675266,0.012292131121002053,0.020135078970572977,0.0243785263330264,495505809.0,1.169619027415875,0,0,-1,0,0,0.006493506493506634,-0.3121621111112942,0.2503573751816391,0.3196344695086951,0.043406072106261906,-0.02698518026985175,-0.7189541368904947,0.03182541486701536,0.0
2022-01-06,43.89,43.99,-0.010511110975302447,-0.011571112637185608,-0.016807118316381174,-0.3626867804702443,-0.002275831660485817,43.018,41.8565,42.874333333333325,3,6,1,43.169828550168205,43.53120201889234,81.23209169054445,-0.25657706030090566,-0.8427393635862568,45.158003804089105,38.55499619591089,0.012673753077113119,0.020127639783274778,0.024253020519104405,488755116.0,1.2318628847141686,0,0,-1,0,0,0.011138895203455214,-1.0694996686084584,0.25644119139806804,0.31951637607141037,0.0273876404494382,-0.03048376408217368,0.17069066228990418,0.03668261562998404,0.0
2022-01-07,45.35,43.89,-0.00654113079967833,0.02213459114675478,0.02385981505082914,0.10246997172536072,0.03272367286100306,43.366,41.9435,42.81966666666666,4,7,1,43.56622335922853,43.6485438241251,84.23586040914566,-0.05366719489886407,-0.6849249298487783,45.519827283974294,38.367172716025706,0.014900470033057367,0.019740454789976075,0.02509237254105891,496234236.0,1.905026989707963,0,0,-1,0,0,0.006835269993164665,-0.7798136222752342,0.3195303664995178,0.31337000484954286,0.05859010270774978,0.03989910570969957,-0.3906102327035971,0.03461962513781698,0.0
2022-01-10,45.24,45.35,0.031847697713593436,0.0006565269958982553,0.004072403818258453,0.030510177422977135,-0.0024285253132258896,43.714,42.107,42.829,0,10,1,43.87054638482334,43.751218416117034,86.20689655172417,0.09714443406170403,-0.5285110570666819,45.97548589992108,38.238514100078916,0.014884449087159654,0.01744616540287749,0.02379158692815957,488523410.0,1.6197551605727287,0,0,-1,0,0,0.005953693495038501,-0.6484757051890463,0.29746151821672173,0.27694928992627693,0.028181818181818308,0.0779127948534668,0.7459523308502858,0.031388152077807284,0.0
2022-01-11,45.83,45.24,-0.005936040295096309,0.01174437161478126,0.022338379536747787,-0.23313791862681096,0.012957247273112916,44.068,42.3745,42.87199999999999,1,11,1,44.226810678491816,43.885333357012705,84.44444444444447,0.2612601612067422,-0.3705568134119971,46.50059398571342,38.24840601428657,0.01489675982291656,0.014860832995092952,0.023823945906857224,494630726.0,1.6749497282246357,0,0,-1,0,0,0.002431476569407591,-1.093188041942237,0.2939131065401603,0.23590841028167464,0.026197939991043473,0.13216403162055346,0.8523481689823368,0.020936068077678345,0.0
2022-01-12,45.21,45.83,0.004180884074447894,-0.006945142849316031,-0.012676468625010994,0.24859911572842372,-0.01362059721451883,44.373000000000005,42.623,42.899,2,12,1,44.40557237331148,43.9707957210764,77.01453104359318,0.3374048458792771,-0.22896448155374222,46.8060741654526,38.439925834547395,0.016092371891324092,0.015281943840880233,0.023964637097333933,486799755.0,1.2368893773701917,0,0,-1,0,0,-0.006327732926030965,-0.45707098355454834,0.28761072350991457,0.24259333771574593,0.027733575812684652,0.12350894632206755,0.9471574666373942,0.026761778367617887,0.0
2022-01-13,45.79,45.21,-0.004842624475788015,0.012120914593375302,0.011560822401076006,0.04432677164717152,0.01274742536249023,44.67999999999999,42.907,43.007,3,13,1,44.657286487254844,44.08816373907147,76.48648648648653,0.4394850991596968,-0.09527456541105442,47.14262882922238,38.67137117077761,0.01607370926470306,0.015195870954849837,0.02265827034991796,494985656.0,1.3613090836050856,0,0,-1,0,0,0.0024330900243308877,-0.2618098038278049,0.2814302027915528,0.24122697300937374,0.043290043290043156,0.14161057092994267,0.21355094862185087,0.027298536798427604,0.0
2022-01-14,45.82,45.79,0.005281702419175763,-0.012554277441362754,-0.005986050465303703,-0.2712635648871721,0.0006549503563454197,44.978,43.2215,43.022999999999996,4,14,1,44.868688944117594,44.19989511074428,77.73224043715851,0.5168472907707411,0.027149805825304685,47.333634930203836,39.10936506979616,0.016151529358015036,0.014442534009470327,0.01929712413531523,501226714.0,1.263820396998108,0,0,-1,0,0,-0.005022930770910611,-0.8955814170659074,0.17777310342036687,0.22926811974390635,0.01036383682469677,0.15911965595750055,-0.41223816217490616,0.020515058926233037,0.0
2022-01-18,45.43,45.82,-0.0013178126220766758,0.006296839826562668,0.004216138498845299,0.032270193620608276,-0.008547997254037565,45.121,43.510000000000005,43.06133333333333,1,18,1,44.97074549973257,44.279256716502715,71.86629526462399,0.5404575857278786,0.12981136180581948,47.37208015943305,39.64791984056696,0.015088640698067398,0.014859015830920181,0.01884756905195924,494780971.0,0.9942828324318636,0,0,-1,0,0,-0.0069838498472282904,-0.8007768925136949,0.19222760619106433,0.23587956369471946,0.0041998231653403995,0.14548663640948067,-0.08093834718636458,0.02289236187541286,0.0
2022-01-19,44.43,45.43,-0.002640846605209009,-0.011100342512513175,-0.016972269843282192,-0.16576052262221438,-0.022257762823494773,45.098,43.7635,43.02366666666667,2,19,1,44.872428136144826,44.288982089631574,64.09937888198762,0.4730245394894155,0.1984539973425387,47.10976437436572,40.417235625634284,0.016384905758924855,0.01591389492879526,0.0185405125873996,489319821.0,0.39835465787208385,0,0,-1,0,0,-0.0011005943209332414,-1.2097123108558947,0.2127009197224423,0.2526252502320252,-0.03054767619463228,0.12881097560975618,0.4619868583094459,0.029034436191762304,0.0
2022-01-20,44.34,44.43,-0.01375659590797133,0.0013123361463503109,-0.0032711100173386898,0.27262359898000504,-0.0020277127596516047,45.133,43.937,42.99466666666667,3,20,1,44.77562302048213,44.29227356771986,60.68601583113462,0.40762230053347537,0.24028765798072604,46.99936991130648,40.874630088693515,0.015594393404272886,0.014073193697371431,0.01849545305680707,482147115.0,0.2631948534447793,0,0,-1,0,0,0.007427413909520556,-0.20928708755664333,0.20288837073833293,0.22340502405411838,-0.0192435301924353,0.08490335209199906,-0.28483780955335986,0.03371673432566525,0.0
2022-01-21,43.37,44.34,-0.011459511989785912,-0.03017757287558644,-0.02505421903090646,0.09654065551436333,-0.022119246340890675,45.081,44.0495,42.931333333333335,4,21,1,44.52005519857628,44.23277204722181,53.143534994068766,0.27435704436533825,0.2471015352576485,46.82832576488161,41.27067423511839,0.017188464689869336,0.015215717191279222,0.018897987415830857,474247424.0,-0.4890554914147011,0,0,-1,0,0,-0.0020297699594046775,0.2923311124966423,0.17057332262999617,0.24154202224569019,-0.052849967241755835,0.05471789883268485,-0.215386380752395,0.028360617938667374,0.0
2022-01-24,43.87,43.37,-0.04317881861378543,-0.009961594714757847,-0.030105754387597647,0.358195694640038,0.011462757330847657,44.93300000000001,44.1495,42.940000000000005,0,24,1,44.40186334428968,44.20936739901395,49.163449163449144,0.20670640726078204,0.2390225096582752,46.73532756782372,41.56367243217629,0.013300225337221793,0.014928068747070849,0.017800378825851025,485549872.0,-0.21617837436487602,0,0,-1,0,0,-0.022826838828683305,2.095078961351655,0.22513475211973707,0.23697574475535024,-0.04255783500654742,0.04776689754000474,0.531277843307343,0.047184864372008216,0.0
2022-01-25,43.85,43.87,0.02378288826620613,0.004766777837653628,0.02359713076021054,-0.5076018497140186,-0.0004559963599304351,44.794,44.254,43.00266666666667,1,25,1,44.30152455441883,44.18618240552918,44.31977559607296,0.14975270118443973,0.22116854796350813,46.590100214142566,41.91789978585743,0.01332805883951267,0.01489713219331411,0.016297484240723203,478746506.0,-0.345875572934938,0,0,-1,0,0,-0.01071347162069749,-0.5119650071703712,0.2324330500365806,0.23648464218937998,-0.034778780541492416,0.05004789272030652,0.000989588998951035,0.029190421892816284,0.0
2022-01-26,43.71,43.85,0.022780028331819906,0.02659077459230576,0.010785839558057057,0.4608113883303239,-0.0031978099429689423,44.58200000000001,44.325,43.11033333333333,2,26,1,44.193974635433584,44.15546096001117,47.87878787878787,0.09225617703705069,0.19538607377821665,46.48980459796236,42.160195402037644,0.012082731074996238,0.014750683975832825,0.014756583620302417,467960723.0,-0.5681806113853197,0,0,-1,0,0,0.01254275940706949,1.5728771902986443,0.19027109741463327,0.23415984880895488,-0.01620526671168132,0.03357767793804678,-0.7959691468728727,0.045870510180736734,0.0
2022-01-27,42.82,43.71,-0.025317807984289897,-0.017124848603422935,-0.02086444356324727,-0.18437163046732571,-0.020571625713686426,44.343,44.358000000000004,43.196333333333335,3,27,1,43.94416106535475,44.06930218839755,42.76048714479025,-0.02483946070847054,0.15134096688087922,46.40051238480842,42.315487615191586,0.012811309641189685,0.01553428543104844,0.015272710903817767,458990978.0,-1.5059884203779417,0,0,-1,0,0,-0.009608785175017197,0.5245420560819696,0.22455385849284992,0.24659913627388788,-0.03428055931438889,0.01565464895635693,0.10458835462549029,0.04974311069593637,0.0
2022-01-28,42.93,42.82,-0.01161723102516374,-0.03701587775711349,-0.04382020275772096,0.20184061268189543,0.0025655990749323997,44.057,44.3685,43.29033333333333,4,28,1,43.759768144381155,43.995798821404165,29.9668874172185,-0.10752305768050974,0.09956816196860144,46.37744080497291,42.35955919502708,0.011542340373053992,0.015266908544417495,0.015238456052718126,469966833.0,-1.4320979457823226,0,0,-1,0,0,-0.0007006071929005403,1.4416066466518151,0.18527149981230612,0.24235465978377474,-0.010145261701636987,0.004915730337078594,-0.9555062732232441,0.05427440018634983,0.0
2022-01-31,44.76,42.93,-0.006565088058026693,0.042608107966738896,0.03980745100240143,-0.2915582181948412,0.041744001207255146,43.951,44.4645,43.46466666666666,0,31,1,43.9416284817664,44.045102123249066,46.90721649484533,-0.025095413625201957,0.07463544684984076,46.345311415038125,42.58368858496188,0.01936240275593049,0.017962125638811804,0.01656946427256216,478166878.0,0.31422608097474436,0,0,-1,0,0,-0.009783368273934352,-0.048325190412707726,0.3687983545420303,0.2851399047503594,0.020287212217916517,0.04481792717086819,1.3682939421323856,0.05697050938337796,0.0
2022-02-01,45.18,44.76,0.05692314739962105,0.02206134035368449,0.05923236809002541,-0.21810613569872006,0.009339627596132842,43.926,44.5235,43.64866666666667,1,1,2,44.16678693962706,44.118321341103965,45.718050065876156,0.07327491050502744,0.0743633395808781,46.41694881658916,42.630051183410835,0.019537438006738468,0.017094720256243708,0.016594212109297114,484760043.0,0.6934436191231331,0,0,-1,0,0,0.0053619302949062106,-0.8217784353439903,0.3675230222377631,0.27137027118143525,0.030330672748004606,0.026818181818181852,0.9643651118548295,0.02146967684816288,0.0
2022-02-02,44.29,45.18,-0.007808182447811699,-0.01894329773841667,-0.02917768896271149,0.18783327517837342,-0.01989559310475044,43.912,44.505,43.812999999999995,2,2,2,44.18918931424032,44.12939738361339,44.14758269720101,0.07851348456141949,0.07519336857698639,46.400062837450264,42.60993716254974,0.019264706149360475,0.017406364233462604,0.017039952270765005,476804517.0,-0.22690540466645237,0,0,-1,0,0,-0.011730854360336457,0.01610042233075273,0.41030542055195063,0.2763174659493089,0.013269274765499883,-0.00828481862964614,0.9366093133338239,0.03160984420862494,0.0
2022-02-03,43.44,44.29,-0.011941112937206379,-0.012080683834798942,-0.0055236043775327036,-0.36689461892580405,-0.019378242309426856,43.821999999999996,44.4775,43.89866666666667,3,3,2,44.05297307528753,44.084920133057686,35.54735547355473,0.013916772103478081,0.06293804928228473,46.41941305566954,42.53558694433046,0.02019282549933168,0.017616881351465535,0.01626956841205612,471292271.0,-1.068533935616688,0,0,-1,0,0,-0.003838338225333071,-1.3002215154180063,0.40619006207774533,0.2796593215950557,0.014479215319943783,-0.012502841554898891,0.9645567851786312,0.02532228360957646,0.0
2022-02-04,43.66,43.44,-0.022230776855864727,-0.010862292816631007,-0.013242149594973624,-0.08287226434912968,0.005051675496117908,43.851,44.466,43.983333333333334,4,4,2,43.98152342523525,44.05750593092493,37.01923076923075,-0.01930192594310398,0.04649005423720699,46.42520929270508,42.506790707294925,0.01898780918942598,0.01765399693867522,0.01626187889394392,476366121.0,-0.8227809075845703,0,0,-1,0,0,-0.006675874769797402,-1.433587504601479,0.4063561905865488,0.2802485132761814,0.01700442580945727,-0.0052403736614263785,0.8660506018486082,0.027256069628951097,0.0
2022-02-07,44.6,43.66,0.03013238699316816,0.026049110483291966,0.026880547916316447,0.38792565299742654,0.021301507904220696,43.92399999999999,44.4285,44.074333333333335,0,7,2,44.09397371155611,44.09250554828461,45.32130777903045,0.029877748532577186,0.043167593096281036,46.3447054059743,42.5122945940257,0.01985758435526764,0.016652780592656048,0.016384941085247604,483844571.0,0.17899959938042412,0,0,-1,0,0,0.018552450755840638,-0.0877800353549046,0.2896729695926796,0.26435469651534427,-0.003574620196604039,-0.016538037486218293,-0.09929625968924319,0.026567264573991167,0.0
2022-02-08,46.07,44.6,0.011847685247714781,0.022903562827636906,0.018607810647703598,0.245956240406894,0.03242811992180731,44.146,44.47,44.217999999999996,1,8,2,44.4532512185459,44.22008583549206,58.77944325481799,0.18533330262567915,0.07160073500216066,46.493171038894616,42.44682896110538,0.022113995866158143,0.01826206434815118,0.01728419457159789,493408339.0,1.5816754681049396,0,0,-1,0,0,0.00896860986547082,0.9987185977179548,0.3762043349591954,0.2899012841512014,0.01969898185037633,0.018346595932802856,0.09382731799387724,0.03049706967657914,0.0
2022-02-09,47.02,46.07,0.03300485346568589,0.03376432346856931,0.03620801451134522,-0.0014656636675991854,0.020411064164097898,44.477,44.5295,44.37566666666667,2,9,2,44.91993281517392,44.4007254590087,63.137254901960766,0.3808003800191315,0.13344066400555482,46.77847146081697,42.28052853918303,0.022393936247632744,0.0185991655199979,0.01749021691399524,502958100.0,2.2147902215667044,0,0,-1,0,0,0.009550683742131489,0.8967626735235588,0.31998807283974184,0.2952525993554506,0.06163919620681879,0.025965524765437564,-1.0645498583843467,0.028498511271799306,0.0
2022-02-10,46.53,47.02,0.003648464182349699,-0.0057770235769221715,-0.000646760828840155,-0.278054295075072,-0.010475777255366343,44.848,44.5955,44.52133333333334,3,10,2,45.21267230332412,44.53809801004039,66.25514403292182,0.4905161770650679,0.20485576661745744,47.00061275586223,42.190387244137774,0.021206443561494905,0.01848010206319696,0.017638958233478087,495726489.0,1.608656388591215,0,0,-1,0,0,-0.007230965546575997,-0.3459346643104177,0.26754853524265687,0.29336252557386483,0.07113259668508287,0.029197080291970767,-0.6594926700210274,0.02353320438426834,0.0
2022-02-11,45.53,46.53,-0.0019298815896497778,-0.009632252297722764,-0.03623186955652576,0.15241363700158525,-0.02172581650986644,45.108,44.582499999999996,44.615,4,11,2,45.27036824817428,44.60209168681198,58.12133072407047,0.4911138393994676,0.2621073811738595,46.96311358742273,42.20188641257726,0.023228270720077132,0.018969602764065195,0.01810639030283934,487304252.0,0.7960132673406879,0,0,-1,0,0,0.0012894906511928276,0.29229668316198004,0.36994500806817926,0.30113310830039985,0.04283096655978014,-0.0056780956540728456,-0.5278629329553813,0.05029650779705686,0.0
2022-02-14,45.38,45.53,-0.019944298631797842,-0.013707646632669698,0.004239658252803002,-0.3387284091565675,-0.0032999699949950315,45.17,44.560500000000005,44.699666666666666,0,14,2,45.29030129396077,44.65227931992089,57.39130434782609,0.4740195424888114,0.3044898134368499,46.90075167337342,42.22024832662659,0.01944393440340397,0.01898171820294749,0.018134546128404937,481301926.0,0.7003520256594538,0,0,-1,0,0,0.0030748956731825295,-1.003873238717159,0.3572097404091382,0.30132543493024155,0.01748878923766828,-0.00960279353993887,0.39874416836899135,0.03217276333186427,0.0
2022-02-15,47.3,45.38,0.018010685396402895,0.023445234159857293,0.031776531371904324,0.13546949040132708,0.04143881614619147,45.382,44.653999999999996,44.809666666666665,1,15,2,45.65570105869518,44.823100008958264,64.79802143446,0.6083870358780246,0.36526925792508486,47.27330806451478,42.03469193548521,0.023320027794838032,0.021108827010884772,0.019048755446986473,488175035.0,2.0203809058177082,0,0,-1,0,0,0.02468047598060814,-0.5517030186043308,0.40804945036309664,0.3350922404345042,0.02669850227914039,0.041162227602905554,0.7015793773872829,0.02346723044397462,0.0
2022-02-16,47.42,47.3,0.008352120508184227,0.0034698525955159103,0.007949338240783721,-0.17439505488478385,0.002533785139372211,45.69500000000001,44.8035,44.901666666666664,2,16,2,45.976482684386966,44.99064194386419,70.24647887323943,0.7163001770134159,0.43547544174275105,47.696040496917135,41.910959503082864,0.02172600013672308,0.020324257054321466,0.018904067061663362,493948206.0,1.8091362957847363,0,0,-1,0,0,-0.008668076109936503,-1.1690620261759026,0.38553129406852166,0.3226375784873087,0.008507018290089263,0.06729687148323205,1.4828603676984295,0.019084774356811496,0.0
2022-02-17,46.38,47.42,0.002343168608563571,-0.009491739685446247,-0.015527592544957563,-0.041530290615542954,-0.022175748809873858,45.989000000000004,44.9055,44.98133333333333,3,17,2,46.04984946904388,45.08027794748586,64.03580146460538,0.709721581868628,0.49032466976792644,47.87214598849312,41.93885401150688,0.02210781457515173,0.021080179917362406,0.019161725350854638,488409886.0,0.9940518725316183,0,0,-1,0,0,-0.008857022353437403,-1.206774143113252,0.4161996230974401,0.3346374819230342,-0.003223726627981871,0.046008119079837595,1.348572256424412,0.025334195774040624,0.0
2022-02-18,45.98,46.38,-0.01608613775162438,-0.005418915666970149,-0.004574673047237994,-0.09472271932018461,-0.008661812492350257,46.221,45.035999999999994,45.05100000000001,4,18,2,46.03714956558135,45.13832453151904,55.616942909760574,0.6645705847395931,0.5251738527622598,47.94735273315199,42.124647266848,0.02264371175170562,0.02047451543957067,0.019244795569218497,483372091.0,0.6484957932101725,0,0,-1,0,0,-0.0028029322984045395,-1.3257640783816718,0.3838359403676519,0.3250228564059378,0.00988359323522947,0.06017984782107444,1.4456131888512151,0.024575902566333244,0.0
2022-02-22,45.62,45.98,-0.018769647490059924,-0.014595665847892042,-0.016289156116040832,0.3545879667266411,-0.007860302478793537,46.323,45.12349999999999,45.059999999999995,1,22,2,45.9613041900211,45.169400368195234,52.037037037037024,0.5929044692141119,0.5387199760526302,47.99217858814726,42.254821411852724,0.022222161992540547,0.020513776274802505,0.0183651441566857,476190245.0,0.34615240762867655,0,0,-1,0,0,-0.01283166594171371,-0.16304689744926681,0.3892372898283464,0.3256461028436665,0.005288673424415968,0.03989058582174598,1.5474987179795898,0.02608505041648395,0.0
2022-02-23,44.01,45.62,0.0150871999192614,-0.0007570432416931902,-0.024828551700956575,-0.015578582606900168,-0.03592933603324191,46.117,45.1315,45.019,2,23,2,45.60652161001726,45.0946003444407,48.78472222222222,0.4015660086831687,0.511289182578738,47.986082834300674,42.27691716569933,0.022302825441319916,0.022160018895709677,0.019483243272017566,469119415.0,-0.7857540419034673,0,0,-1,0,0,0.010083296799649297,-0.232520618431215,0.23228175171358792,0.3517793942792399,-0.06955602536997885,0.0036488027366019526,-0.6187684685766515,0.05135196546239503,0.0
2022-02-24,44.34,44.01,-0.10420377753000253,-0.03736589430939685,-0.0647281269476611,0.3896010010113428,0.007470323365165593,45.849000000000004,45.163,44.96933333333333,3,24,2,45.376244953650485,45.04591645125098,54.090909090909115,0.2734054939232067,0.46371244484763174,47.964954956621646,42.36104504337835,0.021020052313861313,0.02219736227989995,0.019374052505998617,479558729.0,-0.5874469880788473,0,0,-1,0,0,-0.05657805044308101,1.6778360918384845,0.2562724934408653,0.3523722021253259,-0.06495149725854066,0.01441317776252582,-0.21956771375476714,0.07487595850248083,0.0
2022-02-25,45.14,44.34,0.07647922951514764,0.025065080633633257,0.079407704010266,-0.4543160563755468,0.017881567201224108,45.71,45.278999999999996,44.967,4,25,2,45.33329132571403,45.05198635762189,56.39032815198619,0.23369676590417754,0.41770930905894094,47.85556564564244,42.70243435435755,0.02219699182561156,0.021916234619751503,0.01952248932319271,486186462.0,-0.10789556263398613,0,0,-1,0,0,0.010825439783491132,-0.4176620021107756,0.3200189135659729,0.34790943887284026,-0.026735661923242837,0.05418028958430643,-0.635894494782432,0.023150199379707612,0.0
2022-02-28,43.8,45.14,-0.010541759617192423,-0.017903008837018192,-0.029693325357302607,0.44679462854435087,-0.030134954006989227,45.537,45.322500000000005,44.900666666666666,0,28,2,45.05451108467511,44.971213044226936,46.661101836393975,0.0930281412065952,0.3527730754884718,47.75757592013702,42.88742407986299,0.023096350667976072,0.023094481485031484,0.020103413963499336,475825372.0,-1.2504743588564098,0,0,-1,0,0,-0.017501107665042072,1.8093241366759567,0.3657136796712808,0.36661352800427377,-0.04741191822531532,0.020265548567435232,0.004424288196324523,0.035159817351598316,0.0
2022-03-01,41.95,43.8,-0.021653267649229438,-0.028961300139199453,-0.04777451383513676,0.08100512201060944,-0.043155384469185126,45.194,45.182,44.77166666666667,1,1,3,44.49005452382509,44.77629607363165,33.33333333333336,-0.16582081707448282,0.2490542969758809,48.04108045577959,42.32291954422041,0.02611932782613336,0.02288835114580484,0.021441359339117366,464590050.0,-2.2608667716688844,0,0,-1,0,0,-0.00913242009132417,1.9930999908419564,0.431713093748966,0.3633413103127193,-0.08044717229285392,-0.06277926720285965,0.5716059405533447,0.05435041716328965,0.0
2022-03-02,42.32,41.95,-0.020955365175987995,-0.011660929916631263,0.01633866235478916,-0.25544291733237656,0.008781354636828642,44.696,45.039,44.668,2,2,3,44.095499155856885,44.617825359203806,30.05093378607809,-0.3372173420289002,0.1317999691749247,48.17151807236186,41.90648192763814,0.020579822854280436,0.02287266667545165,0.021513174390204375,473292631.0,-1.7359835998966329,0,0,-1,0,0,0.013110846245530324,0.5921614387419809,0.42318207595063045,0.36309232706471745,-0.03840036355373777,-0.06330234617087205,-0.6234478582136813,0.025874291115311882,0.0
2022-03-03,41.67,42.32,0.0163364193196936,0.0072734493798212755,-0.013194385970620623,0.1758793645987914,-0.015478342115681805,44.120999999999995,44.908,44.576,3,3,3,43.65449930933745,44.42764307796485,29.648241206030136,-0.5195112878817412,0.0015377177635915174,48.373806505971125,41.44219349402888,0.020055843292696787,0.02272618143292514,0.02133479615232739,462916594.0,-1.8685405514828128,0,0,-1,0,0,0.020793950850661685,1.3414098564392558,0.4027204265919102,0.3607669459299207,-0.060216508795669865,-0.05915556559042667,0.09115883782681193,0.04701943844492455,0.0
2022-03-04,40.68,41.67,-0.056178501953599774,-0.05204198174613657,-0.032894472909422615,-0.1878204178159062,-0.024044874254002917,43.551,44.77,44.454,4,4,3,43.11368125309428,44.185859653580025,29.67309304274937,-0.7353881823489985,-0.1458474622589265,48.67401143225116,40.86598856774884,0.02015771841897049,0.02292163983891943,0.021704406284955284,454317313.0,-2.0952807495451404,0,0,-1,0,0,-0.01991840652747776,0.38402403968638416,0.30261449846219596,0.36386975193342863,-0.09880372175454144,-0.06353591160220995,0.8430473671324631,0.027040314650934157,0.0
2022-03-07,37.19,40.68,-0.011079763721143374,-0.011727473768214805,-0.08648969898920755,0.7176087743818419,-0.08969666324338063,42.672000000000004,44.4465,44.248,0,7,3,42.03664829798622,43.734513869478086,23.18271119842828,-1.1745465676740707,-0.3515872833419553,49.6076393071064,39.2853606928936,0.030487335768915477,0.029338644917922742,0.026306730253556853,436692859.0,-2.8119760263043023,0,0,-1,0,0,-0.007128810226155338,3.2444780366381383,0.5617476544080012,0.4657365495387155,-0.15091324200913236,-0.14819056344480075,-0.832779800710506,0.10594245764990583,0.0
2022-03-08,39.16,37.19,-0.06865691830505573,0.0017188463409254762,0.002717392976499886,-0.15936565410209935,0.05161590972533088,42.025999999999996,44.1745,44.091,1,8,3,41.51362133471599,43.439383942414985,23.433420365535255,-1.3480803844652272,-0.5508859035666097,49.849399396278805,38.4996006037212,0.03835550714355332,0.031725270630778644,0.028211334333185515,451720958.0,-1.7672559986836631,0,0,-1,0,0,0.013982253293896293,1.9512384716997195,0.8034884538127036,0.5036230581915693,-0.06650774731823617,-0.1219730941704037,-0.32459952985562684,0.09984678243105202,0.0
2022-03-09,40.66,39.16,0.07998151003574616,0.015579672476744575,0.08277355436913661,-0.2163303868367624,0.037588990537891005,41.691,43.904,43.98466666666666,2,9,3,41.358417455676715,43.26006884935596,29.760479041916156,-1.3490190684530035,-0.7105125365438885,49.712644737303336,38.09535526269667,0.04089500327693907,0.03209110177081473,0.02921985306046379,463825628.0,-1.1169558982207735,0,0,-1,0,0,0.04315628192032699,0.9616632601439975,0.8769670532778989,0.5094304475018416,-0.03922495274102089,-0.11742999782939012,-0.483826871202398,0.03369404820462365,0.0
2022-03-10,41.03,40.66,-0.021027367192075617,0.0021715535135079325,-0.009286049912832422,-0.24404821590491327,0.009058698253894343,41.36,43.6045,43.89533333333334,3,10,3,41.29870519100822,43.11619343972009,33.312538989394895,-1.3048653984325682,-0.8293831089216244,49.354064651710786,37.85493534828922,0.04096169305978704,0.03169413585098572,0.029290069846968064,473309030.0,-0.8955460651212807,0,0,-1,0,0,-0.016232169208066815,0.15365555020117108,0.8789872849575877,0.5031288088848282,-0.015358771298296103,-0.1273925988940876,-0.9123563713113252,0.04460151108944688,0.0
2022-03-11,40.24,41.03,0.04401688541677426,0.00959470061416685,0.010908515167342203,-0.07587060967763459,-0.01944198066261091,40.87,43.290000000000006,43.809333333333335,4,11,3,41.10621333809763,42.93063257264138,32.52131546894033,-1.318421749289115,-0.9271908369951225,49.053883924466994,37.52611607553302,0.040121638499291484,0.03181579852912336,0.029266415337498547,464518522.0,-1.0583141645351755,0,0,-1,0,0,0.018766756032171483,-0.08498328969893404,0.8724676289795926,0.5050601440259701,-0.010816125860373615,-0.13518160326670958,-1.0017402495444379,0.044607355864811175,0.0
2022-03-14,40.1,40.24,-0.02937460867990413,-0.018795734049156514,-0.022447348576106793,-0.14868846704852323,-0.003485191478960226,40.5,43.0185,43.715,0,14,3,40.92326545844351,42.748011116341935,32.962962962962976,-1.3251861637859648,-1.0067899023532911,48.84927958135174,37.18772041864827,0.03959539268158338,0.03163089715623878,0.029257175250384,456942532.0,-1.0010668245234584,0,0,-1,0,0,0.0086978131212724,-0.4477424600228981,0.4717930077663365,0.5021249257276079,0.07824684054853459,-0.11926202503843619,0.2395794669899495,0.047506234413965114,0.0
2022-03-15,42.06,40.1,0.034147887432561884,0.05328595622160367,0.04987665566784082,0.3802277692890459,0.04772083596203033,40.511,42.8525,43.625,1,15,3,41.12994446599923,42.70362330238439,44.108761329305146,-1.159030805756018,-1.0372380830338366,48.58846915135149,37.11653084864851,0.041305508975120635,0.0339209797361244,0.02960502852813512,468023309.0,-0.27632645123737126,0,0,-1,0,0,0.047381546134663305,0.5682605401422518,0.45179777244682406,0.5384788596566793,0.07405515832482146,-0.07315998237108856,0.13830087099820856,0.05111745126010458,0.0
2022-03-16,43.12,42.06,0.02003602676042042,-0.0020778028945972514,0.014813301522161629,0.14805464904945348,0.024889756326187944,40.591,42.6435,43.556333333333335,2,16,3,41.49177274490846,42.73048631513379,46.4699074074074,-0.9310853736156872,-1.0160075411502067,47.988424892386824,37.29857510761318,0.041967771047286745,0.03291266645311749,0.029947104861271594,480872315.0,0.17829997973543427,0,0,-1,0,0,0.01878269139324772,1.0169971480943898,0.4169187507062666,0.522472382513803,0.06050172159370382,-0.08837209302325577,0.40139595690846175,0.03351113172541745,0.0
2022-03-17,42.78,43.12,-0.019084099035038528,-0.010921451649042412,-0.000956823419488309,-0.30729023201836847,-0.007916222946482088,40.702,42.411500000000004,43.506,3,17,3,41.72599588219783,42.73368074641548,42.984542211652794,-0.7690074951739305,-0.9666075319549515,47.2635479669597,37.55945203304031,0.04167632577135592,0.032884638632039435,0.02977148645880495,471422679.0,0.1518946236761548,0,0,-1,0,0,-0.025046382189239293,-0.09960053286391318,0.4413145118326403,0.5220274546476218,0.04265171825493552,-0.09784900885702241,0.7991746017046001,0.023726040205703614,0.0
2022-03-18,43.24,42.78,0.01417123384883881,0.01599292402179606,0.010830215944606718,-0.22051117678469073,0.01069528911674795,40.958,42.25449999999999,43.49933333333333,4,18,3,42.001269358161856,42.76634650471126,48.24341279799249,-0.5965646275039092,-0.8925989510647432,46.75644566124868,37.75255433875131,0.04058962856426098,0.03279081298109696,0.029632582184014013,479002314.0,0.43781070415082063,0,0,-1,0,0,-0.0032725572697522337,-0.765350936841266,0.3667113507247847,0.5205380186136666,0.07455268389662018,-0.0677015955153083,0.7954156650064338,0.028908418131359852,0.0
2022-03-21,42.78,43.24,-0.003288703927217992,-0.007616886219613284,0.00047337278990462083,-0.21133810371087725,-0.01069528911674803,41.516999999999996,42.094500000000004,43.47,0,21,3,42.142856747586976,42.76722737537505,52.852233676975935,-0.49135651605298847,-0.8123504640623923,46.2533332118762,37.935666788123804,0.025780619485035756,0.032812139077597,0.029683709651963878,472866597.0,0.3296597699770429,0,0,-1,0,0,-0.017113783533765078,-1.3054896667211837,0.3917311620584046,0.5208765599003158,0.06683291770573563,-0.06959547629404084,0.6587260983767177,0.021037868162692812,0.0
2022-03-22,43.06,42.78,0.011696039763191236,0.00989068455569426,0.008717218589208486,-0.13154972617025917,0.006523788281957531,41.907000000000004,41.9665,43.41866666666667,1,22,3,42.30961006620752,42.78611593180247,52.558782849239286,-0.3809928217133489,-0.7260789355925837,45.8144209697534,38.11857903024661,0.02195888452729871,0.03286007408106398,0.02942959397822232,478245999.0,0.568358866304928,0,0,-1,0,0,0.0051425899953248914,-1.476793743738742,0.23194915097151272,0.5216375044899276,0.023775558725630086,-0.056115738711091545,0.40068518920726076,0.022271249419414677,0.0
2022-03-23,42.87,43.06,-0.006532921041623072,-0.005267467814237471,0.0007034822660853737,-0.22347068578236057,-0.004422211326331341,42.128,41.9095,43.312000000000005,2,23,3,42.41149914507888,42.791527807170056,54.28571428571427,-0.3053404364419663,-0.6419312357624604,45.66257018179357,38.15642981820643,0.019840191509407475,0.031944160859332986,0.028736386148323762,473943885.0,0.5118476092770426,0,0,-1,0,0,-0.007895959126799893,-1.6820066192753818,0.14783707515202438,0.5070978328466306,-0.005797773654916516,-0.025903203817314258,0.4767678947302528,0.016328434802892533,0.0
2022-03-24,43.92,42.87,0.005835003134964231,0.014652276786870415,-0.0011727455313837807,0.051349811515872826,0.024197516591389478,42.417,41.8885,43.20866666666667,3,24,3,42.685772027791806,42.86433246477199,61.52204836415362,-0.1588282777656147,-0.5453106441630913,45.588635274909,38.188364725091,0.02072935757937489,0.03239983136446538,0.02884992483692415,478472682.0,1.0980679618801032,0,0,-1,0,0,0.0023326335432703855,-1.4321660310039321,0.2170791073261492,0.5143313778648355,0.026647966339411022,-0.009472259810554884,0.35215983387945493,0.031648451730418956,0.0
2022-03-25,44.38,43.92,0.024596114067575413,0.016231194928582552,0.03050849047586755,-0.058359960730794115,0.010419120303172588,42.831,41.8505,43.13699999999999,4,25,3,42.993813477284206,42.96211746704476,82.59292837715321,-0.005534383899352235,-0.43735539211034347,45.423459704870176,38.27754029512982,0.018560914514356344,0.03222208765447643,0.028888419555514622,482744743.0,1.4159129735228377,0,0,-1,0,0,0.0027322404371584114,-1.4151814309425492,0.2166499443718017,0.5115097839424151,0.026364477335800274,-0.01683650863978725,0.37090166397494384,0.017800811176205477,0.0
2022-03-28,44.42,44.38,0.013755995468028904,0.004684894235224989,-0.0009109542875455689,-0.04810160025796653,0.0009009009618334544,43.263,41.8815,43.1,0,28,3,43.25312011777799,43.05617440465478,78.9010989010989,0.1178216227924409,-0.3263199891297866,45.535517399779195,38.22748260022081,0.018256842324577326,0.03147354664277253,0.0286333547562371,486816175.0,1.3894296180162675,0,0,-1,0,0,0.006083821541234701,-1.318179247897144,0.17460215652972633,0.4996270637638078,0.03833567087424039,0.014155251141552583,0.8796267984646244,0.023412877082395298,0.0
2022-03-29,45.33,44.42,0.019517142024182713,0.02765760136044543,0.02630843130395568,0.40431415458620223,0.020279246486476415,43.589999999999996,42.0505,43.098333333333336,1,29,3,43.63073464181835,43.20287283016093,77.43830787309048,0.2857179628182891,-0.20391239874017147,46.01713704839229,38.083862951607706,0.013090079215633148,0.03001042227361212,0.02887919544595661,492916298.0,1.6535417584168461,0,0,-1,0,0,0.02498874380909499,-0.6994928271415692,0.19603155628772959,0.4764006844560676,0.052717138875986835,0.08057210965435035,-0.05766054901231756,0.024928303551731645,0.0
2022-03-30,45.57,45.33,-0.01259824376125511,-0.010883868867333906,-0.0064566627512241395,-0.26347439905027487,0.00528054032303335,43.834999999999994,42.213,43.04066666666667,2,30,3,43.983328343305914,43.35559071208603,77.08830548926014,0.4331499333477282,-0.07649993232259154,46.4809619196242,37.9450380803758,0.01153581620789193,0.02999293207593934,0.0277960478071571,497603494.0,1.5731161913907554,0,0,-1,0,0,-0.008162364879770515,-0.9967885628361411,0.15835055526152525,0.47612303617552637,0.06298110566829962,0.07679584120982996,0.2077180837893161,0.020188720649550025,0.0
2022-03-31,45.8,45.57,0.016106249989744536,0.015204463188472284,0.01836944426746616,0.07124725704076658,0.005034485844348036,44.137,42.4195,42.98666666666667,3,31,3,44.31363228088666,43.513294537112735,85.54987212276211,0.5620707087386236,0.0512141958896515,46.96731601720093,37.87168398279907,0.010537687195193154,0.02963966025614052,0.027810408770474814,502636824.0,1.4866476511864752,0,0,-1,0,0,0.0026333113890717017,-0.8260498468498799,0.11971454807506593,0.47051501989315697,0.042805100182149225,0.09911207103431718,1.2216488750275154,0.017248908296943213,0.0
2022-04-01,45.91,45.8,0.005021296436130875,-0.002806261960359196,-0.0028549486834212406,0.17783567949579018,0.002398867140991483,44.404,42.681,42.971,4,1,4,44.603880957089075,43.667920696008686,87.29139922978175,0.6654465788170967,0.17406067247514054,47.40568500760059,37.956314992399406,0.010528833320156375,0.028863322121401455,0.027525591885060884,508649786.0,1.3668636088143493,0,0,-1,0,0,0.0026200873362446407,-0.5356501369073429,0.12469033934033837,0.45819103406626505,0.034474988733663725,0.12856440511307765,1.9303148576045297,0.017207580047919824,0.0
2022-04-04,45.93,45.91,-0.0015255533088371798,-0.0034647068006901645,-0.010612524983838172,-0.3839852010309136,0.00043554007657135705,44.718999999999994,43.118,42.96933333333333,0,4,4,44.8449935103456,43.81386129626619,83.07692307692305,0.74045107441912,0.2873387528639364,47.288526156379454,38.94747384362055,0.009056996538032297,0.019168626204664488,0.027476998803582398,512745464.0,1.348510904648621,0,0,-1,0,0,-0.001306904813765959,-1.0121238265869263,0.12611998734156832,0.30429250747378883,0.03399369653309314,0.2350094111320249,1.8799949845667978,0.024167210973220107,0.0
2022-04-05,45.21,45.93,0.0034835654649033724,0.0028159879975312337,-0.008482193712907564,0.5082577725793332,-0.015800197031188276,44.934000000000005,43.420500000000004,42.955666666666666,1,5,4,44.9113583266464,43.90393476102321,68.96551724137933,0.7333411940569619,0.3765392411025415,47.24558878465827,39.59541121534174,0.01159637012850522,0.017268170476470623,0.027594481721782846,505936840.0,0.9356645561678754,0,0,-1,0,0,0.0017417809710428543,-0.07539485999558891,0.13838048793847765,0.27412370806685404,-0.002647253474520106,0.154494382022472,-1.9532793031005067,0.035832780358327744,0.0
2022-04-06,43.73,45.21,-0.03832565632694102,-0.04038946856195494,-0.04586908162835274,0.08719340895219875,-0.033283935881684636,45.02,43.574,42.946333333333335,2,6,4,44.696565903619785,43.89271316353784,57.142857142857096,0.6013509323024877,0.42150157934253074,47.17232943695182,39.975670563048176,0.016540631714033752,0.017861712308779514,0.02748528087914947,498507898.0,0.08670690259652707,0,0,-1,0,0,-0.020570670205706694,0.25865237350030484,0.25353614029230587,0.2835458925528716,-0.04037744129910037,0.07550418101328082,-1.1575498886042754,0.04093299794191629,0.0
2022-04-07,42.39,43.73,-0.020304108030176782,-0.021628617726777974,-0.03171084633851333,0.29821742401353196,-0.031121880060283345,44.867000000000004,43.642,42.88133333333334,3,7,4,44.27719028477983,43.795763927180566,44.35590969455511,0.3841921695911168,0.414039697392248,47.08599767711766,40.198002322882346,0.01741748828566207,0.019386271795527266,0.028011123810065645,488497735.0,-0.727062046713007,0,0,-1,0,0,-0.0077749828493024545,1.2656129296904568,0.2633088139157109,0.3077475241180246,-0.07445414847161569,0.033146478186692585,0.03141125972292308,0.05119131870724231,0.0
2022-04-08,41.24,42.39,-0.024496734103540193,-0.023804687005055017,-0.0024254195736639083,-0.26185834675969,-0.027503826215786606,44.553000000000004,43.692,42.751333333333335,4,8,4,43.724973869365314,43.6308759318786,40.63260340632605,0.11793738775639184,0.3548192354650768,46.952168545851606,40.431831454148394,0.01813347479340175,0.019909505051598546,0.02815958662170429,480793713.0,-1.504216708746572,0,0,-1,0,0,-0.001179523472517036,0.38017832662891143,0.21823842531214066,0.31605359455748366,-0.10172075800479186,0.0248508946322068,1.2181533269523142,0.030259456838021368,0.0
2022-04-11,42.62,41.24,-0.028994483464386375,0.012391122741618434,-0.00340550073712931,-0.2513875467517297,0.03291496752171182,44.373000000000005,43.818,42.712,0,11,4,43.52406952948071,43.56565812982192,47.63948497854075,0.01807466822482695,0.2874703220170269,46.66184913360895,40.97415086639104,0.022207879442313113,0.021108990773389878,0.028425531711606188,486785292.0,-0.8425200801560749,0,0,-1,0,0,-0.002667313288069821,-0.2745346277603505,0.43866678459543706,0.3350948400836797,-0.07206618767689965,0.06284289276807975,1.9440693972981995,0.04497653683716561,0.0
2022-04-12,42.82,42.62,0.04213404369163852,7.216275264476924e-05,0.027161866895954512,-0.10986158147150339,0.004681656491065779,44.122,43.856,42.741,1,12,4,43.39605688775695,43.51755115370438,49.7320471596999,-0.04441691737083886,0.22109287413945372,46.620134203458356,41.09186579654165,0.020797255191365892,0.018194692171502144,0.027320067144983924,492153496.0,-0.7496018092781507,0,0,-1,0,0,0.006569685593618047,-0.44830807769581416,0.45873074076288267,0.2888317840030107,-0.0528644105286441,0.01806942463147876,1.112218645963708,0.018449322746380177,0.0
2022-04-13,46.05,42.82,0.03526813883745784,0.06989252874721627,0.04520412662683316,0.7231359450541852,0.07272247953977909,44.17,44.0025,42.86533333333333,2,13,4,43.87859199907387,43.68093495023958,59.25282363162466,0.1647924320042975,0.20983278571242248,46.909289692389315,41.09571030761068,0.0330524272573245,0.024184332946652596,0.030495678911664638,503216752.0,1.4087706484998586,0,0,-1,0,0,0.03783278841662768,2.33913303947747,0.7047475574065379,0.3839143836049721,0.05305282414818202,0.06794990723562155,0.7003366766158463,0.04234527687296424,0.0
2022-04-14,46.76,46.05,0.0440211920582615,0.02338409672134457,0.04758060853360671,-0.42592807640493735,0.015300373902551906,44.266,44.201499999999996,43.035,3,14,4,44.40248436287862,43.87958430828864,60.119047619047606,0.3834630911215271,0.24455884679424342,47.29485637846684,41.10814362153315,0.03333657046115107,0.0241650045954137,0.030364757509404264,510442865.0,1.6541902625962972,0,0,-1,0,0,0.008469055374592846,0.5419761750290486,0.6008090521143686,0.383607555541186,0.10309035149799484,0.09303412809724154,0.4454022928835002,0.019033361847732966,0.0
2022-04-18,46.26,46.76,0.00021530843015687444,-0.006274947470720981,-0.004983219065226441,-0.40738305239892103,-0.010750479800574506,44.301,44.352500000000006,43.221,0,18,4,44.74021447871887,44.03315951420551,57.52864157119475,0.5105302674541505,0.29775313092622485,47.54159242987823,41.163407570121784,0.03359987457010989,0.024358724987411363,0.030040474598779763,505634687.0,1.1962651079842377,0,0,-1,0,0,-0.006629597946963113,-0.6521975475137277,0.5255546611183345,0.38668277142783253,0.12172647914645962,0.06984273820536524,1.0535396433949908,0.017833981841764004,0.0
2022-04-19,47.35,46.26,0.0036531683477634374,0.017660269695846324,0.012519049753929161,0.23154602542151506,0.023289162828794265,44.443,44.580999999999996,43.55966666666667,1,19,4,45.21472093713362,44.24714922296644,58.14516129032259,0.691217881191065,0.3764460809791929,47.9457391390232,41.21626086097679,0.03432518483303808,0.024502347191576495,0.024866526897555218,511695623.0,1.6458928229448726,0,0,-1,0,0,0.007782101167315163,0.006967331235390358,0.5185775104207834,0.3889627032376398,0.11098076020647585,0.10682561944834035,1.3889134686988995,0.022808870116156395,0.0
2022-04-20,47.33,47.35,0.020172676836579157,0.00762286362348386,0.01151644206155908,-0.05646656442967996,-0.0004224757139306855,44.654999999999994,44.7945,43.832,2,20,4,45.59931713038205,44.44604282148474,57.22495894909687,0.8233096824813444,0.4658188012796233,48.292135140911284,41.296864859088714,0.03370831410915581,0.02453423893405678,0.023434228437342778,505967444.0,1.4498367598967987,0,0,-1,0,0,0.004646251319957737,-0.17720739549343179,0.5302745341365163,0.3894689689545159,0.10532461466604381,0.0991639572689269,1.3862816484342368,0.019121064863722823,0.0
2022-04-21,48.38,47.33,0.028188394856841967,0.04146674657303974,0.02222779708385482,0.7333264816915175,0.02194216126372458,45.12,45.07,44.08933333333333,3,21,4,46.104895833948945,44.69984651042121,59.923076923076934,1.0011786472246413,0.5728907704686269,48.79029993131429,41.34970006868571,0.031243745469342284,0.024716243992931194,0.022859909668118836,517893483.0,1.7794264231973707,0,0,-1,0,0,0.03380519754912321,2.4250148337056703,0.23793014121430736,0.3923582096933401,0.05059717698154187,0.12852810823419647,-0.6876608859230973,0.038859032658123245,0.0
2022-04-22,46.85,48.38,-0.011097524495804994,-0.024345866326580583,-0.029677017441045738,-0.6056461827559477,-0.03213549649745007,45.565999999999995,45.2165,44.28333333333333,4,22,4,46.240369318685495,44.83856609039404,53.25936199722608,1.00707394840844,0.6597274060565895,48.976669509055625,41.45633049094438,0.03138894276402433,0.025713343509163114,0.02386042968056377,511385185.0,0.8688438093368062,0,0,-1,0,0,0.0002066969822240184,-0.01669604737506408,0.3689051635357908,0.408186673807335,0.0019247219846023622,0.06671220400728606,-0.42329889228681594,0.04450373532550696,0.0
2022-04-25,46.43,46.85,-0.04393526031256658,-0.049900300543716504,-0.03367321510658795,0.08197128176370955,-0.009005206652600874,46.084999999999994,45.319,44.48966666666667,0,25,4,46.274847624379035,44.941239245852486,51.68690958164642,0.966711874425279,0.7211242997303274,49.094889717389016,41.54311028261099,0.029434963575140232,0.025804815164141987,0.023576455275070983,504320918.0,0.5884705768198343,0,0,-1,0,0,-0.01152614727854854,0.1764284504184149,0.3657625877454727,0.40963874131384853,0.0036748811067877085,0.04619197836863442,-0.4900567692691376,0.02702993754038343,0.0
2022-04-26,45.02,46.43,-0.005413026100121423,-0.00355354920865776,-0.01133219548452684,-0.3072702518012864,-0.030838966553244116,46.325,45.349000000000004,44.65366666666667,1,26,4,46.046693510855576,44.94632058482975,49.38749194068344,0.811593874872365,0.739218214758735,49.10429324666003,41.59370675333998,0.031204789702235034,0.02683794889744529,0.024408156830196013,499125490.0,-0.17521933888524688,0,0,-1,0,0,-0.007968985569674724,-0.738694398948281,0.35594117420742544,0.4260392308902022,-0.04920802534318902,0.013507429085997336,0.5427882271742686,0.03553976010661931,0.0
2022-04-27,45.94,45.02,-0.022393910561104236,-0.003133274671860503,-0.00470378289164284,0.20973043569148173,0.02022936178236595,46.637,45.3795,44.783,2,27,4,46.02729469070001,45.01042893419557,57.39130434782609,0.7542040589847971,0.7422153836039473,49.14404079117365,41.61495920882635,0.031531294979201575,0.026836006732056737,0.02312976913007198,505533248.0,0.2977786832934032,0,0,-1,0,0,0.00044424700133265257,-0.16695595102626884,0.41637511030559077,0.42600839997046375,-0.029368265370800728,0.013456871828810835,0.15692641573061092,0.03624292555507182,0.0
2022-04-28,46.9,45.94,0.05423080515996442,0.028693771651395503,0.03377431711860405,0.30987772586155926,0.02068147819128143,46.722,45.446,44.909,3,28,4,46.18596838330001,45.13233674489263,65.47700754975978,0.7772268065488319,0.7492176681929242,49.271209454188124,41.62079054581187,0.021640665396192724,0.027191669731195942,0.023001556211048376,514268678.0,0.7602198088306262,0,0,-1,0,0,0.03504571179799738,0.8567565009931593,0.4110137586372148,0.4316543750480821,-0.03059115336916085,0.029185867895545226,0.1442167444209434,0.03155650319829418,0.0
2022-04-29,46.72,46.9,-0.00865989148341418,0.012103117045649175,0.010794578046460227,-0.38328611802034046,-0.0038453369322620713,46.718,45.492000000000004,45.040333333333336,4,29,4,46.28306504088182,45.234766632318916,70.14705882352939,0.7720483118306447,0.7537837969204684,49.35705314186789,41.62694685813212,0.021169839315468463,0.027208155443070006,0.022946970546706087,508314453.0,0.635437576108738,0,0,-1,0,0,0.005117270788912623,-0.515420404760034,0.3433204600538897,0.4319160776109099,-0.002774813233724749,0.02008733624454151,-0.3731862544419784,0.033369006849315014,0.0
2022-05-02,46.53,46.72,-0.015822438275775487,-0.022461522737831884,-0.028532916788894528,0.08767420186146882,-0.004075072663414467,46.745,45.522999999999996,45.15,0,2,5,46.32796230617603,45.31833007539512,65.75342465753425,0.744036120107495,0.7518342615578738,49.412040471564,41.633959528435994,0.020895827813720742,0.027233321587518663,0.02293811417097688,501814628.0,0.517865528714868,0,0,-1,0,0,-0.006849315068493157,-0.2609423145884227,0.33730168355732687,0.43231557776892676,0.0021537798836959166,0.013504683075582724,-0.598842408639618,0.03868471953578346,0.0
2022-05-03,47.25,46.53,0.011144564553065237,0.00888518644225068,0.017086943648290533,-0.18831617264175154,0.015355388083194518,46.735,45.589,45.299,1,3,5,46.495605523234936,45.44295394149866,67.1307037896365,0.7710460995824349,0.755676629162786,49.55123700770816,41.62676299229184,0.02005558496911374,0.02742333829299433,0.02291000044345545,507198776.0,0.8384152673192856,0,0,-1,0,0,0.008381689232753075,-0.8767797311862325,0.20185028438123406,0.43533199945474527,0.049533540648600605,0.028739386022207825,-0.48897685233817423,0.030476190476190428,0.0
2022-05-04,48.07,47.25,-0.0004263483330411324,0.014635427445258078,0.0067107081581824005,-0.11938178019923558,0.017205627966117666,46.809,45.732,45.466,2,4,5,46.781859064464946,45.61244078398262,59.600760456273775,0.8488340196886384,0.7743081072679565,49.84038731326274,41.62361268673726,0.02079124402557444,0.027311768967987014,0.023043039743518828,511977040.0,1.1381594877641872,0,0,-1,0,0,-0.007407407407407437,-1.0975633610250204,0.19257655722247038,0.43356089132726905,0.04636482368306494,0.06326034063260333,-0.48975240734547903,0.038069482005408745,0.0
2022-05-05,47.0,48.07,0.007646596306528114,-0.003742986278834392,0.004582794695041942,-0.02672116830122377,-0.02251068019581077,46.671,45.895500000000006,45.60366666666666,3,5,5,46.821521052744046,45.7019607334031,51.102941176470594,0.8147495238209785,0.7823963905785609,49.92799158970495,41.86300841029506,0.020687275319445312,0.026674806883188636,0.023491815567415565,507324766.0,0.5478002745596847,0,0,-1,0,0,-0.01685042646141049,-1.0581828062515064,0.25914140275244657,0.4234494317015466,0.002132196162046851,0.07477704093299797,-0.37599408306341375,0.03057659574468087,0.0
2022-05-06,46.12,47.0,-0.009781068835160757,-0.025317807984289897,-0.02595299303103355,-0.12332842048964823,-0.018900906309200313,46.598,46.082,45.677,4,6,5,46.69397177042694,45.728931008667416,49.37833037300177,0.7085608216589065,0.7676292767946301,49.76141414100681,42.40258585899319,0.019017653885304728,0.025985631985163286,0.02347463627777365,503212280.0,0.020655462279437063,0,0,-1,0,0,-0.004255319148936231,-1.2071080553797828,0.29414203536383265,0.41250911936152634,-0.012842465753424737,0.08799245104977582,0.09268346294305829,0.031006071118820464,0.0
2022-05-09,43.83,46.12,-0.02949042851070515,-0.02304994541313537,-0.04324024196447133,0.458621490858952,-0.05092818097014043,46.338,46.211499999999994,45.65866666666667,0,9,5,46.17324963034931,45.60641933068888,35.874799357945406,0.4346117151597326,0.7010257644676507,49.30978662327875,43.11321337672124,0.024404310487052966,0.027851539449411256,0.025218793839707147,496706772.0,-1.5373012826552386,0,0,-1,0,0,-0.014744145706851687,0.00347972430707645,0.4478573467118133,0.442129482080682,-0.05802707930367512,0.06280310378273501,-0.23980065591228525,0.05210130047912389,0.0
2022-05-10,44.59,43.83,-0.024280065657307386,-0.0068807208330532,0.005279479725248485,-0.04107688796065038,0.01719110420866756,46.295,46.309999999999995,45.664333333333325,1,10,5,45.88538606119489,45.54084388999927,39.62121212121214,0.2756531648807865,0.6159512445502779,49.029651680481486,43.590348319518505,0.02364869152955143,0.027160822060740723,0.02541932549479331,502950468.0,-1.264867859619054,0,0,-1,0,0,0.01186402007757251,-0.13333366368484326,0.45509069349126713,0.43116468346078096,-0.05629629629629618,0.04622243078366983,-0.216174987702015,0.03902220228750845,0.0
2022-05-11,43.01,44.59,0.0015771097106927962,0.002199253140663112,-0.017552413674151817,-0.08352599454995857,-0.03607697184374048,46.001999999999995,46.3195,45.586999999999996,2,11,5,45.36258859552309,45.37756363903158,30.444282592862322,0.021931757512604122,0.49714734714274317,48.98868063516611,43.650319364833884,0.02467680657868315,0.028450232869609845,0.025943358971820124,497207097.0,-2.4797872099008673,0,0,-1,0,0,-0.003812514016595687,-0.39400565503652424,0.39712122684972373,0.45163344548917894,-0.10526315789473684,0.004437178888369919,0.943211966095208,0.060451057893513176,0.0
2022-05-12,42.33,43.01,-0.046305634979782205,-0.0456207632085285,-0.035327834265095115,0.13185588581007898,-0.01593659226281264,45.545,46.133500000000005,45.479000000000006,3,12,5,44.81120885088253,45.180946630061804,32.4534161490683,-0.23134776971332371,0.3514483237715298,49.345092652938604,42.921907347061406,0.022845386017003644,0.02251614772616487,0.02604078124922073,490654233.0,-2.368606738790371,0,0,-1,0,0,-0.013950244129272297,0.1472078145761468,0.3992296491193991,0.3574327641997483,-0.0993617021276596,-0.08078175895765471,0.677119757984012,0.048660524450744216,0.0
2022-05-13,42.99,42.33,0.014513363364009014,-0.003916604476757159,0.02666977152198036,-0.24197557821508053,0.015471475975357947,45.172000000000004,45.94500000000001,45.38533333333333,4,13,5,44.48007996890389,45.03959523457395,36.89024390243904,-0.37450013127536863,0.20625863276215012,49.43246627978251,42.457533720217505,0.02420957513675023,0.02252405014383939,0.026211600794211174,495798725.0,-1.6946400411844542,0,0,-1,0,0,0.016536735175998178,-0.6238310267375212,0.47563012924168085,0.3575582111912859,-0.06786643538594961,-0.08062446535500423,-0.04433908098269832,0.017911142126075905,0.0
2022-05-16,43.18,42.99,-0.00793284608063763,0.008733679968754631,0.0011743982559416616,-0.1166202831451344,0.004409894578471026,44.837,45.791,45.294333333333334,0,16,5,44.24370179273954,44.91962134847241,42.2689075630252,-0.46723203698608273,0.07156049881250356,49.4857524666021,42.09624753339789,0.02451036961427541,0.022539458225038424,0.026225283751438885,500376927.0,-1.4133558464885285,0,0,-1,0,0,-0.006978367062107566,-0.9456575351843874,0.357637281135032,0.3578028068974859,-0.014830025096965516,-0.0665801988759187,-0.8133258802500104,0.02547475683186664,0.0
2022-05-17,45.11,43.18,0.04062520776617989,0.03286363717991676,0.03347109910686377,-0.12230752794905969,0.043726526333643365,44.623000000000005,45.679,45.267,1,17,5,44.40121055769599,44.931903842119354,46.785437645236264,-0.38060054388779463,-0.01887170972755607,49.3100236341241,42.047976365875904,0.028865261706546234,0.024287576486061016,0.027561212020698514,504428069.0,-0.3134102431350665,0,0,-1,0,0,0.029643353404353895,-1.1515257264534915,0.4847381509384731,0.38555332398346476,0.011661807580174877,-0.047307286166842655,0.21222865290330875,0.02460651740190644,0.0
2022-05-18,44.23,45.11,0.0013486178712936849,0.004196232205588475,-0.0006812762838727896,0.12296979575238776,-0.019700659540069238,44.239,45.524,45.23433333333333,2,18,5,44.37008136538762,44.88661972327294,39.594699922057686,-0.37858896902289274,-0.09081516158662341,49.12279745996962,41.925202540030384,0.028144783411202225,0.02458965855407945,0.027643988381608614,499846834.0,-0.7191291059824906,0,0,-1,0,0,-0.013079139880292537,-0.805528781569777,0.41381901018392936,0.390348728148518,0.028365496396187018,-0.06549757025142622,0.7726072871340787,0.030067827266561046,0.0
2022-05-19,43.57,44.23,-0.019506175285546417,-0.01914352666909913,-0.014645570699587258,-0.0644765455927754,-0.015034451750884534,43.896,45.2835,45.229,3,19,5,44.22461202622623,44.801676515319855,38.166791885800166,-0.42534811727378496,-0.15772175272405572,48.717799284997845,41.84920071500215,0.027823644442666082,0.023974223974114632,0.027110824156421753,495551660.0,-0.9978745926338618,0,0,-1,0,0,-0.012887180646619948,-1.138366431010422,0.4109239900531633,0.3805790070676196,0.029293645168910976,-0.09942124844977263,0.7836305723351766,0.025476245122790897,0.0
2022-05-20,42.65,43.57,0.014552325929292086,-0.00202497537977139,-0.040697136785876706,0.050534632277412964,-0.02134156619166261,43.549,45.0735,45.23766666666667,4,20,5,43.93831893054874,44.6628586756218,36.182336182336186,-0.5305258189829019,-0.23228256597582497,48.61640558722494,41.530594412775066,0.027943741046808166,0.023468601803108325,0.026790626336295677,491033853.0,-1.368086131755075,0,0,-1,0,0,0.016754647693366924,-0.8620526247838752,0.438933688518487,0.37255250393656003,-0.007908816003721841,-0.08964781216648887,1.5970618916538464,0.06447831184056273,0.0
2022-05-23,43.38,42.65,-0.025144181801025175,-0.01566256056295581,0.02161347642053739,-0.31788530931512193,0.0169712314610402,43.504000000000005,44.92100000000001,45.309,0,23,5,43.836806397721695,44.58009359977523,36.22775800711746,-0.5486505047210031,-0.2955561537248606,48.480585428254614,41.3614145717454,0.02450136003554979,0.023923132645126972,0.026429902716582635,494321399.0,-0.8658311654880616,0,0,-1,0,0,0.012895662368112645,-1.6684416800514383,0.45816428634834283,0.3797679573637008,0.004631773969430375,-0.06569028645272446,1.0677362051154957,0.02650991240202855,0.0
2022-05-24,41.73,43.38,-0.013751527738244063,-0.02127247844649777,-0.023916245807986226,0.17050100494537457,-0.03877821079526718,43.217999999999996,44.7565,45.27933333333333,1,24,5,43.453750689045016,44.396216593338124,28.696236559139805,-0.6882222612996145,-0.37408937523981145,48.590339768223394,40.92266023177661,0.026157249985656845,0.024438692687011647,0.026719128361402344,490422702.0,-1.5788348929368476,0,0,-1,0,0,-0.017750115260488777,-1.0875741310135307,0.3194084684569516,0.38795221930419416,-0.07492795389049,-0.07307863171923601,1.1255750908465179,0.029614186436616285,0.0
2022-05-25,42.45,41.73,-0.021108337379248995,-0.005624575409342393,-0.004442618752082643,0.0012708989974663679,0.017106618153895276,43.162,44.582,45.267,2,25,5,43.2712505637641,44.270654232477604,34.34273916035792,-0.7322944664674864,-0.4457303934853465,48.50567496910082,40.65832503089918,0.024913681659726364,0.024284544088722455,0.026898865524639295,494326357.0,-1.0867362953300814,0,0,-1,0,0,-0.00023963575365439758,-0.9802023915690204,0.3880854567791082,0.38550518616805973,-0.04024417815962,-0.07596865476708736,0.05244832801692724,0.02779740871613662,0.0
2022-05-26,45.0,42.45,0.03993953431757425,0.0657129193935128,0.042821444613341156,0.31095189762642944,0.05833557701296342,43.429,44.487,45.232,3,26,5,43.58556864307971,44.317708798124215,46.54320987654322,-0.5550599324369827,-0.46759630127567375,48.263615583184034,40.71038441681597,0.03077783322375071,0.027708030969984008,0.025525730965138174,499653767.0,0.27167181234129867,0,0,-1,0,0,0.022850412249705507,0.33118708195848595,0.6067027441733951,0.43985135559512084,0.03282074822125325,-0.04051172707889128,0.27619817523462903,0.050222222222222175,0.0
2022-05-27,45.8,45.0,0.043710494969350734,0.014853920987962265,0.04704621511872992,-0.4850592696777883,0.01762160134981941,43.709999999999994,44.440999999999995,45.2,4,27,5,43.988192526156126,44.41334048856781,56.69612508497619,-0.34605783389528,-0.443288607799595,48.12435602120376,40.75764397879623,0.030856796702277617,0.028039935947532596,0.025579906607862683,502933644.0,0.7379140067789948,0,0,-1,0,0,0.007999999999999988,-1.539341840620861,0.5534103752226655,0.4451201837721091,0.0738569753810081,-0.019691780821917804,-0.5428377648799109,0.0187772925764192,0.0
2022-05-31,45.86,45.8,-0.009970172319850028,0.0034632069246175183,-0.01133219548452684,0.46737064664860783,0.0013091863096192109,43.977999999999994,44.4075,45.186666666666675,1,31,5,44.3285211577641,44.50667336027312,54.53247680228406,-0.17357974718716207,-0.3893468356771084,48.02240991370479,40.792590086295206,0.03089881369361134,0.028030941035112673,0.025506731467707627,508167648.0,0.8036161534722087,0,0,-1,0,0,-0.019432314410480364,0.44741827113230803,0.5606376154662492,0.44497739396414154,0.057169202397418184,-0.014399312271652698,-0.09659244509508941,0.03336240732664634,0.0
2022-06-01,44.15,45.86,0.03263897213256299,0.0038818250167873608,-0.01735645959424936,-0.10230117673864052,-0.03800035037978943,43.88199999999999,44.2525,45.08,2,1,6,44.29606276544335,44.483662175739376,54.03111739745403,-0.1728794827043174,-0.34605336508255025,47.61097631492105,40.89402368507895,0.030501373471359994,0.02893134187387057,0.025985364718265912,503442611.0,-0.06103958485257848,0,0,-1,0,0,0.011774967291757504,-0.04788439512335411,0.5564656828560764,0.4592708141619057,0.057991852384375875,-0.06560846560846567,-0.06725770333439617,0.05617214043035117,0.0
2022-06-02,44.57,44.15,-0.050159635950753644,-0.04108210870287779,-0.00867783477162635,-0.05005122423507498,0.009468059908495557,43.916000000000004,44.0775,44.98799999999999,3,2,6,44.34586953536274,44.48923235794974,58.06916426512967,-0.13685643238067513,-0.30421397854217525,46.924177657235134,41.23082234276487,0.029998833176231865,0.028693266017048517,0.026069390763555553,507936975.0,0.34601739943984106,0,0,-1,0,0,-0.00045300113250274117,-0.27463181557606453,0.5544177922778261,0.4554914770999871,0.049941107184923395,-0.07281048470979823,0.1521289190941866,0.022212250392640836,0.0
2022-06-03,43.84,44.57,-0.005909108103333298,-0.009916691589416392,-0.012462658418771621,-0.20874597743714582,-0.01651434431870423,43.943,43.9195,44.83666666666667,4,3,6,44.25389325620587,44.447346399372336,53.046594982078865,-0.16530724557576093,-0.2764326319488924,46.41193465838268,41.42706534161732,0.03008904850819964,0.02851925974542213,0.02580184063590062,504289343.0,-0.06379304647575619,0,0,-1,0,0,-0.015705631590756178,-1.073634840739002,0.3497098853950307,0.45272921317225323,-0.025777777777777677,-0.06723404255319143,-0.7767450086532774,0.0248631386861313,0.0
2022-06-06,44.42,43.84,0.015156946651099078,0.015507671153990219,0.01818022688197506,-0.0837194193604246,0.013143175826521322,44.12,43.8345,44.75566666666666,0,6,6,44.284094482350255,44.44558211554187,54.323570432357045,-0.1394461192120673,-0.2490353294015274,46.11816718009985,41.550832819900144,0.029229243002233073,0.028492320488949438,0.025379548615419252,507644031.0,0.5127717428372403,0,0,-1,0,0,0.015967153284671434,-1.2830607487954717,0.3320837411341937,0.45230156573346286,-0.030131004366812153,-0.03686036426712913,-0.952003605809559,0.022287257991895588,0.0
2022-06-07,44.88,44.42,-0.014473341748095957,0.001559888895687281,-0.003655475854847659,-0.21433639478247096,0.010302442748159425,44.269999999999996,43.887,44.70399999999999,1,7,6,44.39244094010475,44.47360907582949,49.10644910644912,-0.08090026671388273,-0.21540831686399847,46.21801830018147,41.55598169981853,0.028981046021312296,0.026222904815602972,0.025427706547117054,510351522.0,0.8519881632183636,0,0,-1,0,0,-0.011706438541197729,-1.7407473060667666,0.35020991259705886,0.4162757087748212,-0.02136938508504138,0.023956194387406038,-1.0701673845329482,0.02718360071301245,0.0
2022-06-08,43.37,44.88,0.0011383040500605032,-0.006030169026591076,-0.010931585758742863,0.4295402935065963,-0.03422430336716616,44.434000000000005,43.826,44.648999999999994,2,8,6,44.20654258735843,44.40240849029211,46.81481481481482,-0.1545649091530379,-0.2032396353218064,46.143370560739264,41.50862943926074,0.028302434883799684,0.02706758370653758,0.025565686981175922,506191324.0,-0.3935494889988891,0,0,-1,0,0,-0.020721925133689832,-0.23016105275193952,0.3287731759207839,0.42968457047353414,-0.017667044167610446,-0.027360394707333646,-0.9650582516589129,0.03285681346552911,0.0
2022-06-09,42.04,43.37,-0.01721212888112141,-0.029554321964842402,-0.02816095982441999,0.11504185893401925,-0.031146411838524502,44.392999999999994,43.777499999999996,44.519000000000005,3,9,6,43.812625753293254,44.249995039305524,44.601270289343695,-0.3166148152332511,-0.22591467130409534,46.20477375768133,41.35022624231866,0.02986411924294286,0.026768077197383822,0.025794579630336156,501523913.0,-1.431647332322132,0,0,-1,0,0,-0.00391976020290511,0.39599727727348216,0.3523616983969698,0.42493005203793854,-0.05676463989230429,-0.0225528946756568,0.26972099744582295,0.03151760228353955,0.0
2022-06-10,40.14,42.04,-0.04207663928262657,-0.029265813325733688,-0.05089877630505155,0.5892885348975576,-0.046248202640558275,43.907,43.668,44.29366666666667,4,10,6,43.14487561633084,43.984834069027755,41.71617161716173,-0.5915357978860385,-0.299038896620484,46.52905317377179,40.806946826228206,0.0241117154566374,0.02839237052279784,0.026527750473838162,493109946.0,-2.4662246981931837,0,0,-1,0,0,-0.014747859181731623,3.407622245895114,0.42896495628176795,0.45071490920954416,-0.08439781021897819,-0.0517363571934798,0.42513442736612717,0.053811659192825205,0.0
2022-06-13,37.62,40.14,-0.060202209837791676,-0.06960399393416444,-0.06505622754280811,-0.17664887401054746,-0.06483751949530783,43.089000000000006,43.3995,43.99033333333333,0,13,6,42.14035277699796,43.57419961296145,32.99881936245572,-1.0012142224956406,-0.43947396179551534,47.33472539981646,39.46427460018354,0.02670946076611572,0.03107850705733294,0.028556559014994775,486058419.0,-2.937315865195201,0,0,-1,0,0,-0.02840059790732438,1.9462546518769972,0.42885262115762524,0.49335600475721253,-0.15308419630796943,-0.12491277041172377,1.012447262029557,0.04904306220095691,0.0
2022-06-14,37.22,37.62,-0.027292142288007398,-0.026847250036188052,-0.025993070273928276,0.15014114827606337,-0.010689572658779598,42.225,43.1015,43.68,1,14,6,41.245743181180146,43.16425125083491,35.62778840025496,-1.3426863304091938,-0.6201164355182511,47.9120247552679,38.2909752447321,0.025948925982497737,0.030990198775847036,0.0285600553671781,477864557.0,-2.4452633752936426,0,0,-1,0,0,0.008771929824561547,2.2681946842196856,0.305096547558539,0.4919541542480974,-0.17067736185383253,-0.13802686428902267,-0.05316123547489258,0.047420741536808184,0.0
2022-06-15,37.23,37.22,-0.007405482137689227,-0.0023575649426544544,0.006970574250349456,-0.03177613858566478,0.00026863667052072927,41.533,42.707499999999996,43.346,2,15,6,40.5156080573292,42.7813963314262,32.57676902536714,-1.5941224681715624,-0.8149176420489135,48.08300340359844,37.33199659640155,0.025942740841738334,0.02859351745691788,0.028280690510655453,485802143.0,-2.0379486677780814,0,0,-1,0,0,0.012090274046211791,1.7991000095911165,0.4044861550192141,0.4539080177975325,-0.14157251556375372,-0.17468410551984048,-0.13312599344333506,0.03814128391082465,0.0
2022-06-16,34.98,37.23,-0.04174047654440086,-0.04918363259866738,-0.05602136763504806,0.10445938251047028,-0.06233841829416954,40.574,42.245,42.909666666666666,3,16,6,39.50913386508753,42.27808043907613,15.871934604904624,-1.9524371348723193,-1.0424215406135946,48.575781942224346,35.91421805777565,0.027504649652938643,0.030755583443465687,0.0294623760691682,476990547.0,-2.295135124318437,0,0,-1,0,0,-0.029546065001342853,1.9475483719643556,0.4599107244046114,0.48822975130863455,-0.16793529971455767,-0.20913407189690258,0.4624580883006309,0.04545454545454535,0.0
2022-06-17,35.63,34.98,-0.028068078881813157,-0.011916449726613862,-0.010134732757640326,8.011848461419428e-05,0.018411510027288934,39.753,41.848,42.53066666666667,4,17,6,38.80383679870797,41.84917202365186,15.003441156228533,-2.1590661514057032,-1.2657504627720164,48.79478600429495,34.90121399570505,0.030573517290522115,0.031447423779510764,0.029823386104751083,485802849.0,-1.7901803787120059,0,0,-1,0,0,0.004288164665523319,1.6873173394488352,0.5836612215280786,0.4992123761654663,-0.11235675137020429,-0.18223548313059434,-0.24338642547428335,0.042380016839741734,0.0
2022-06-21,35.32,35.63,0.024463472178374232,0.013009516023770444,0.02386885421743908,-0.0420099511229183,-0.008738603881985453,38.843,41.4815,42.17066666666666,1,21,6,38.17041192621561,41.42793511890013,14.343707713125866,-2.321079584286217,-1.4768162870748567,49.000036461726495,33.9629635382735,0.02864337597340726,0.031329106307656306,0.02976396418882962,477353083.0,-1.6390157928648568,0,0,-1,0,0,0.010384507437552551,1.3493460798637251,0.4658249695383664,0.49733414452778163,-0.061137692716640046,-0.17186400937866353,-1.3397038141920696,0.03255096262740665,0.0
2022-06-22,35.69,35.32,-0.01906956272035069,-0.01008655479452998,-0.0094219112416189,-0.23108525194164306,0.010421161766309708,37.924,41.096999999999994,41.89933333333333,2,22,6,37.71942793963095,41.057745756390446,18.526785714285722,-2.3920464666366215,-1.6598623229872096,48.984234456285456,33.20976554371453,0.028658585436169146,0.031072864378161483,0.0289038689040793,484059424.0,-1.3710762701344759,0,0,-1,0,0,0.0,0.47949447843699505,0.4935320730430473,0.4932664300023178,-0.04110693175711988,-0.17727063162747825,-1.649402483904668,0.031241244045951303,0.0
2022-06-23,35.94,35.69,0.01962496401205083,0.007890952553273394,0.0011467891165066004,-0.030738220723351844,0.006980343853343935,37.181,40.807500000000005,41.611000000000004,3,23,6,37.395895586970774,40.727568610816874,17.48304446119066,-2.4004444916503402,-1.807978756719836,49.01542909326074,32.59957090673927,0.029729218448503562,0.030503431657670745,0.02867159615135625,490562760.0,-1.1860482576528477,0,0,-1,0,0,0.009246287475483481,0.32802240797259014,0.5028383888870798,0.4842269658015091,-0.03464947622884773,-0.13874910136592378,-1.7356827734489761,0.03784084585420144,0.0
2022-06-24,37.73,35.94,0.0,0.042651538856972725,0.028807414225617403,0.023457451729450712,0.04860465262080599,36.74999999999999,40.5715,41.43500000000001,4,24,6,37.45664184388518,40.534177087538374,28.681088625261665,-2.2368766253032604,-1.8937583304365209,48.85168884859623,32.29131115140377,0.036174639095752456,0.03265766903777514,0.029928334158707236,497220451.0,-0.686337003166717,0,0,-1,0,0,0.002225932109070824,0.34301698039059697,0.3431799730242165,0.5184244240380423,0.07861635220125796,-0.1111896348645467,1.0665336112235104,0.05088788762258155,0.0
2022-06-27,36.99,37.73,0.048895919926609556,0.0005284015974991018,0.024203601740886184,-0.4611151983647693,-0.0198079281318563,36.434999999999995,40.171,41.257,0,27,6,37.37179787226969,40.30552050124558,24.361628709454806,-2.142265030583424,-1.9434596704659017,48.323168326344195,32.018831673655804,0.03427655326161595,0.028898576031682218,0.029988417667568434,493022244.0,-0.7804058681468621,0,0,-1,0,0,0.002517890272992472,-0.8195443224821728,0.41969787699869243,0.4587506725423379,0.03817008139208533,-0.17799999999999994,1.1067723872811257,0.02865639361989733,0.0
2022-06-28,36.65,36.99,-0.00996354971119111,0.014032097001330271,-0.006953467242530041,0.348879057764782,-0.009234177511702236,36.338,39.713499999999996,41.04566666666666,1,28,6,37.24056189549338,40.06968046890716,21.363952679192764,-2.0708483677051106,-1.9689374099137436,47.556706312673114,31.87029368732688,0.02837194849651554,0.028186536660994826,0.029769288700593016,487071379.0,-0.7811856217654172,0,0,-1,0,0,0.01243579345769129,-0.04186324562036833,0.42092663627792715,0.44744739795118327,0.03765571913929788,-0.19978165938864623,1.10640141414443,0.050477489768076436,0.0
2022-06-29,36.18,36.65,-0.029262450964330947,-0.0503410471149615,-0.020037981299789395,-0.31791708342955466,-0.012906948365511412,36.233999999999995,39.2295,40.812333333333335,2,29,6,37.047732459949124,39.81873334188089,23.03075768942236,-2.028788607698395,-1.9809076494706739,46.65947478213461,31.799525217865398,0.02845229090896853,0.028046432001372808,0.029750118292663674,482741154.0,-0.8208641588750836,0,0,-1,0,0,-0.007639836289222405,-0.8240514000905815,0.4431481254592953,0.445223305429896,0.013729335948444943,-0.21107719145224602,1.6265946033054324,0.019071310116086173,0.0
2022-06-30,36.12,36.18,-0.03014462131171895,-0.005217641934452922,-0.026592797591786753,0.3519771261125613,-0.001659751418364508,36.123,38.828,40.51266666666666,3,30,6,36.87905383086746,39.58010538434019,25.456053067993366,-1.97750203096723,-1.9802265257699851,46.00185780382303,31.654142196176977,0.02843825771568173,0.027440965657571384,0.028220298243875987,476584111.0,-0.7549633890309014,0,0,-1,0,0,-0.02459922609176342,0.04859690690561933,0.44252788772301116,0.4356118251923874,0.005008347245408995,-0.18187995469988683,1.9415185717680168,0.03986710963455144,0.0
2022-07-01,36.73,36.12,0.022416180967518535,0.01665567513137924,0.02742996800485037,-0.34155411926301,0.01674713128279121,36.298,38.436,40.26266666666666,4,1,7,36.851953134346104,39.39622761760857,34.1689879294336,-1.866123635739477,-1.9574059477638837,45.1294827690035,31.742517230996498,0.020342049837043068,0.027759378349308896,0.02844522374283477,480959706.0,-0.5097495754826558,0,0,-1,0,0,-0.0008305647840529909,-0.8411898103286715,0.22198675853309222,0.44066646997213216,-0.026504108136761184,-0.17590307381646852,1.14391259197376,0.029403757146746486,0.0
2022-07-05,36.51,36.73,-0.010305062646398994,-0.010343042668684396,-0.022282687552540904,0.39846078426412646,-0.006007664164030362,36.386,38.0695,40.02733333333333,1,5,7,36.78977983719226,39.21001938421446,43.447461629279815,-1.7751448516067398,-1.9209537285324552,44.30408427263851,31.834915727361484,0.02001080215146163,0.027716239141503892,0.02839294364941983,474442125.0,-0.5002739338512494,0,0,-1,0,0,-0.027497958072420312,0.16694517512196272,0.18446815284210177,0.4399816562784819,-0.012976480129764933,-0.1671989051094892,1.5760666155179117,0.04081073678444248,0.0
2022-07-06,36.31,36.51,0.012519289955708463,0.009801330846119638,0.02088701391356609,-0.2649845856565865,-0.005493010241301018,36.485,37.664,39.816,2,6,7,36.702547139520945,39.022921359426434,44.49818621523581,-1.6995900224246085,-1.8766809873108858,43.17210082849276,32.155899171507244,0.019833405916237612,0.027247615549777768,0.028239189101228367,469441721.0,-0.49163951138872286,0,0,-1,0,0,-0.009312517118597544,-0.7033583598480965,0.17781496975799432,0.43254248738525075,-0.009276944065484183,-0.1825754164790635,1.506785079822624,0.030570090884053963,0.0
2022-07-07,36.72,36.31,0.01481915154473622,0.004999672599582048,0.01497116956137068,-0.19192434413376275,0.011228380326045263,36.588,37.256,39.594,3,7,7,36.70572038688077,38.87434578785054,47.058823529411775,-1.5883195434651114,-1.8190086985417309,41.59922897102351,32.91277102897649,0.01986949173358856,0.027284601399340466,0.02810185400222813,473568901.0,-0.2468209728642007,0,0,-1,0,0,0.01101624896722662,-1.3110745357023572,0.16573885021295584,0.43312961954507884,0.014925373134328401,-0.18181818181818188,0.6582013254640934,0.020561002178649115,0.0
2022-07-08,36.7,36.72,0.0,-0.0004044489438348097,-0.0019281096732140818,-0.07734132462008891,-0.000544810691765051,36.664,36.9225,39.42633333333333,4,8,7,36.70468031653881,38.73406541444083,63.35403726708081,-1.4846367517622028,-1.7521343091858252,40.176840421490795,33.668159578509204,0.019844821329505307,0.02674953595157996,0.02741447108127664,469748891.0,-0.13674045808524884,0,0,-1,0,0,-0.0002723311546840417,-1.4608997878941432,0.16394105765060937,0.4246357188855725,0.01605758582502781,-0.1537929444316346,0.5937357008624067,0.02207084468664837,0.0
2022-07-11,36.83,36.7,-0.007931123209281044,-0.0012143292324019422,-0.0013795008395437976,0.3389698563673699,0.003535975396449231,36.574,36.662,39.239000000000004,0,11,7,36.72746571353176,38.611222484476905,60.13513513513514,-1.3761144875874223,-1.6769303448661448,38.85137722459626,34.472622775403735,0.010914891585485897,0.026311982370933386,0.02716266725874541,475110279.0,0.15346829967227746,0,0,-1,0,0,-0.007629427792915562,-0.5952985801705216,0.11354356354430403,0.41768977112763245,0.0027225701061803775,-0.1239295908658421,0.8624102323465243,0.022128699429812593,0.0
2022-07-12,38.54,36.83,0.026552630121024195,0.05361946484228787,0.02964993477779916,0.4164409735065686,0.045383932529246516,36.729,36.582,39.02366666666667,1,12,7,37.057017401980524,38.6066274854784,71.99453551912575,-1.138997448845501,-1.5693437656620162,38.30313304174036,34.86086695825964,0.01737975810888423,0.027139447759759988,0.026141835935379106,483241116.0,2.2752453790790343,0,0,-1,0,0,0.015476513711648121,1.060139653396488,0.3287734965800507,0.43082537695172374,0.055601205149274247,-0.039860488290981544,1.7728120468337565,0.04579657498702648,0.0
2022-07-13,38.8,38.54,-0.0032137146030957833,-0.0052627041248758805,-0.007532992307545148,0.21903801696086175,0.006723583643007313,36.943999999999996,36.641,38.790333333333336,2,13,7,37.37392332889315,38.619103131576566,71.5672676837726,-0.9195012224938992,-1.4393752570283929,38.579169510810004,34.70283048918999,0.016729101719166903,0.02304483798340072,0.025889402207862466,493363021.0,2.2278753101401376,0,0,-1,0,0,-0.03269330565646077,1.9306248887623607,0.30028155501932,0.3658254618471212,0.06857614982098581,0.031366294524189264,1.9490608524991841,0.04742010309278351,0.0
2022-07-14,38.46,38.8,0.02725396889516722,0.010749861387703771,0.028485887207134075,-0.5249739802486387,-0.00880150646859394,37.172000000000004,36.703,38.54366666666667,3,14,7,37.57139181454894,38.60883841341034,67.26027397260282,-0.7641751052954149,-1.3043352266817974,38.792574119288865,34.61342588071114,0.01626862265712265,0.022995493883111288,0.025867559285164255,487375198.0,1.681682390474813,0,0,-1,0,0,-0.012628865979381312,-0.22385729161813422,0.34059013293194385,0.3650421485389168,0.04738562091503273,0.03331542181622793,1.8194185550765736,0.03094123764950592,0.0
2022-07-15,39.58,38.46,0.01913191757313716,0.010884805606603355,0.0070616221262055886,-0.15627292718025176,0.028705200013786014,37.518,36.820499999999996,38.391333333333336,4,15,7,37.93659330281277,38.67149399964193,63.9517345399699,-0.5444275763758668,-1.1523536966206112,39.2684118921196,34.37258810788039,0.017473924576370505,0.02377995809198548,0.025896912770765928,492496737.0,2.254574610208373,0,0,-1,0,0,0.015340613624544886,-0.6255149636012818,0.350539267489756,0.3774951317935896,0.07847411444141672,0.06312113886650561,0.6171248970191759,0.03410813542193031,0.0
2022-07-18,39.95,39.58,0.02777956410707567,0.029641904802373165,0.0354043746122543,0.05918887812322063,0.009304732037864144,37.839999999999996,37.069,38.23733333333334,0,18,7,38.3026672477559,38.75397825772955,73.64217252396173,-0.33654073660840567,-0.9891911046181701,39.7300081192149,34.407991880785104,0.01727280197393464,0.018453872803585118,0.02589411551739957,497930565.0,2.165344764787872,0,0,-1,0,0,0.014401212733703898,-0.38048518416826144,0.34042772136857774,0.2929461489858271,0.08471354873744241,0.14208118925100077,0.46397534992730055,0.029091364205256532,0.0
2022-07-19,41.49,39.95,0.009173238987712164,0.01756449976742304,0.01911540050936746,-0.06951706718902788,0.0378237621324929,38.338,37.362,38.159,1,19,7,38.88218229361846,38.93049578948894,82.43967828418242,-0.04698220702866962,-0.80074932510027,40.58664588019095,34.13735411980905,0.018777821376428878,0.019626269746290885,0.02686222448445917,502999480.0,2.5602811306248365,0,0,-1,0,0,0.014267834793491871,-0.5175459714882888,0.2989582304876866,0.3115573734753385,0.07654385054488855,0.1644681448217793,0.1067900574732617,0.026994456495541032,0.0
2022-07-20,41.5,41.49,0.02245091857074487,0.002877699827614974,0.007621425951001652,0.018191692546906155,0.00024099289187597798,38.857,37.671,38.061666666666675,2,20,7,39.35814914932419,39.096270254683205,88.00000000000011,0.18121301936033518,-0.604356856208149,41.23797660565129,34.10402339434871,0.018230831422306998,0.019329688096322344,0.026721217717198018,508161451.0,2.1469162393347796,0,0,-1,0,0,-0.0012051096649796159,-0.3836707768713903,0.31348722196758533,0.30684928573988673,0.06958762886597936,0.17497168742921865,0.279107343336964,0.02240963855421686,0.0
2022-07-21,40.89,41.5,-0.020724867100421086,-0.020320002490957494,-0.01804077101896083,0.3911192352496666,-0.014807892860101708,39.274,37.931,37.928666666666665,3,21,7,39.636667485810705,39.21199475438107,81.58940397351006,0.3092723788461882,-0.42163100919728164,41.64502406250177,34.216975937498226,0.020327888262578173,0.01998691941468198,0.026715990360809704,500528781.0,1.5934199403149898,0,0,-1,0,0,-0.021927710843373412,1.1987753179102865,0.341833254165124,0.317282509473223,0.06318252730109197,0.1456990753712526,0.008539878089300408,0.020053802885791155,0.0
2022-07-22,40.24,40.89,0.013945180115042382,0.008274566559680025,0.002988050031982389,-0.33554897570285247,-0.016024008585067133,39.628,38.146,37.824333333333335,4,22,7,39.746364306572396,39.27831767345326,73.1225296442689,0.3542274624451238,-0.26645931486880053,41.87255562713144,34.41944437286856,0.021821194275124904,0.020632817567498785,0.026199772601791023,495071838.0,1.1238259720340646,0,0,-1,0,0,0.006603081438004305,-0.17829662512698566,0.3532398749659773,0.3275358247809986,0.016675088428499407,0.1196438508625488,1.1285522396716865,0.025844930417495006,0.0
2022-07-25,40.62,40.24,-0.021860136102485897,-0.014402787723972521,-0.014021261252856151,-0.19036301235683548,0.009399030360754786,40.007,38.2905,37.777,0,25,7,39.90520715992287,39.364877823553044,76.51612903225816,0.4157252919036054,-0.13002239351431935,42.170117316993434,34.41088268300657,0.021722893206514042,0.01790203399740607,0.025713772864589705,499582869.0,1.2008916393874016,0,0,-1,0,0,0.000745526838966231,-0.7214006608993971,0.3533396422308616,0.28418597951615987,0.016770963704630715,0.07659687251523994,1.1236941727459813,0.02486459871984257,0.0
2022-07-26,39.6,40.62,-0.0017397792383874165,-0.007527647072154283,-0.004295647793091688,0.12015644136395905,-0.02543143789180363,40.113,38.42100000000001,37.759,1,26,7,39.8497149490278,39.380046996227044,69.19486581096855,0.3778022204889879,-0.028457470713657895,42.2920036778184,34.54999632218161,0.020133570380642233,0.018318588972398644,0.02476251561658029,494495900.0,0.6091443450472006,0,0,-1,0,0,-0.010339734121122468,-0.3843386153272166,0.21952458782949866,0.29079858474346243,-0.045553145336225564,0.07055961070559613,0.44698097270037235,0.022095959595959596,0.0
2022-07-27,40.77,39.6,0.013588844061896359,0.01731242025122432,0.013206908520451378,0.1435897513962457,0.02911739857072717,40.31,38.626999999999995,37.864,2,27,7,40.01703950375001,39.46972138356724,71.70418006430876,0.4371183073238072,0.06465768489383512,42.5394583737485,34.71454162625149,0.021836631855863674,0.018935494785294,0.022328205822438732,500368350.0,1.0954749138694664,0,0,-1,0,0,0.029040404040404002,0.13813112497877347,0.3554540267576281,0.3005916609230899,-0.017590361445783076,0.11241473396998658,0.8873917082605737,0.025874417463821346,0.0
2022-07-28,38.15,40.77,-0.05991934910731781,-0.057631320732594256,-0.07941813704552604,1.0386963404080156,-0.06642075910069616,40.278999999999996,38.7255,37.894999999999996,3,28,7,39.67757777579546,39.384578068498385,56.07711651299245,0.26960677071492256,0.10564750205805262,42.47433827619324,34.97666172380676,0.030932184537342207,0.024292343453657515,0.025388317027056656,483775560.0,-0.3070284486021575,0,0,-1,0,0,-0.0586215354427275,3.6294456868182126,0.5666354057106489,0.3856289972480742,-0.06700904866715585,0.05444997236042015,-0.40567308916113964,0.047441677588466555,0.0
2022-07-29,38.12,38.15,-0.017080956603334932,-0.009066015025198137,0.017433725708761512,-0.7418375654035944,-0.0007866789444646411,40.132999999999996,38.8255,37.92466666666667,4,29,7,39.39438181655992,39.30299238665978,55.452240067624686,0.13289993410437262,0.11109798846731662,42.38354485046119,35.267455149538804,0.029158704149157805,0.024284442504998446,0.025390292193246126,475873443.0,-0.3965661084393319,0,0,-1,0,0,-0.011009174311926651,0.5367798603723838,0.5723252861664322,0.3855035735764339,-0.05268389662027839,0.05537098560354381,-0.7966189060256678,0.02124868835257089,0.0
2022-08-01,38.31,38.12,0.007130625750166817,0.001690397645870197,-0.00720483436866841,-0.3451713905732765,0.004971879926556382,39.969,38.9045,38.03566666666667,0,1,8,39.1972214862763,39.23892836171399,48.88457807953445,0.03943560417753389,0.09676551160936007,42.334500613779085,35.47449938622091,0.02897943716928005,0.024070577905263797,0.022576260843692422,481468924.0,-0.3466471682901491,0,0,-1,0,0,-0.0031479538300104265,-0.29283933770992765,0.5634737031791535,0.38210857830560435,-0.05686853766617417,0.04301660767764792,-0.7472463826304491,0.029887757765596344,0.0
2022-08-02,37.62,38.31,-0.001316655884746785,-0.0019507126284674355,0.005874516226485515,-0.019630503200429292,-0.01817513483967344,39.582,38.959999999999994,38.102,1,2,8,38.910453943316966,39.13448137063567,44.506517690875235,-0.08928357857628555,0.05955569357223095,42.26033491123465,35.65966508876534,0.02504892750591138,0.024438009316565933,0.02270929445575515,475982214.0,-0.8120387997221171,0,0,-1,0,0,-0.00939702427564603,-0.31220014228145115,0.5545563518841218,0.387941371134678,-0.050000000000000044,0.030402629416598215,-0.9637119585813541,0.02259436469962771,0.0
2022-08-03,39.0,37.62,-0.005019162564339113,0.019874093059004973,0.003189795368100081,0.16214256760827309,0.03602582225676225,39.332,39.0945,38.224666666666664,2,3,8,38.92673504453206,39.12580515317531,52.29202037351442,-0.07902899436828648,0.03183875598412747,42.15030706886144,36.038692931138556,0.02896151055058278,0.025570718250840972,0.023466536095177185,482434738.0,-0.061849454412844215,0,0,-1,0,0,0.0037214247740563686,0.0022214325146195633,0.5877059764294467,0.40592256802215454,-0.043414275202354746,0.0740842743045993,-0.6794488643499236,0.038487179487179425,0.0
2022-08-04,38.79,39.0,0.03691607123909484,0.007602279148462243,0.02619322087693137,-0.26206613102236526,-0.005399164677770673,39.122,39.198,38.327999999999996,3,4,8,38.901874127344406,39.10414030458335,46.36614535418584,-0.08684629740341165,0.008101745306619647,42.04850392590102,36.347496074098984,0.02879320184416437,0.025588632083513755,0.023484376549164392,477469778.0,-0.28626517318058886,0,0,-1,0,0,0.004615384615384608,-0.5454927353428543,0.323711524189686,0.4062069412998358,0.01677588466579283,0.056372549019607865,1.2688131328927097,0.02062387213199271,0.0
2022-08-05,38.81,38.79,-0.02089050825753373,-0.012232568435634295,-0.009089791192629868,-0.07539048399480441,0.000515463928939249,38.979,39.3035,38.42366666666666,4,5,8,38.88516974055451,39.085163510739264,44.58174904942966,-0.09038582203317702,-0.011595768161339687,41.910513011494814,36.696486988505185,0.028562295484004185,0.025581871361003778,0.02347654908113333,482074189.0,-0.3785941978993295,0,0,-1,0,0,-0.010827532869296254,-0.697186985044254,0.3227567349016857,0.4060996181571687,0.018100734522560558,0.05749318801089909,1.218648553650768,0.01726359185776866,0.0
2022-08-08,39.08,38.81,0.01448925736350342,0.016655397405636544,0.01553228222990059,0.16282382972403048,0.006932881793766854,38.825,39.416000000000004,38.468666666666664,0,8,8,38.92059342409005,39.08483038101416,36.97297297297296,-0.07059045446921886,-0.023394705422915524,41.75388388347869,37.078116116521315,0.02845023558616915,0.02559628712047531,0.021760862846792555,487492795.0,-0.2874394253490889,0,0,-1,0,0,0.003091986601391328,-0.40321088249674236,0.32353207120391736,0.4063284612442995,0.02009919081179845,0.061091501493347744,1.1146208726264328,0.018551688843398195,0.0
2022-08-09,38.34,39.08,-0.004634405823008396,-0.013327607312961799,-0.023389839682196035,-0.580620406627157,-0.01911708955708344,38.699,39.406,38.51366666666666,1,9,8,38.815030983346404,39.03677680804551,34.168336673346715,-0.11330815276561879,-0.04137739489145618,41.761306662344005,37.05069333765599,0.027992061167789163,0.02391494210315222,0.02173864052632173,484460808.0,-0.9051899839990355,0,0,-1,0,0,-0.008444216990788084,-1.1437215356142403,0.327563613356563,0.3796379365406926,0.019138755980861344,-0.005189413596263459,1.0514336117720264,0.02869066249347943,0.0
2022-08-10,39.28,38.34,0.010269666637456045,0.01345368686932858,0.02467337213924627,0.1036809655622947,0.024221745868766686,38.55,39.43,38.60133333333333,2,10,8,38.89957080455615,39.052468626881286,42.19204655674103,-0.07049941892073264,-0.04720179969731147,41.769032638551316,37.09096736144868,0.027383669023150984,0.024501196843652318,0.022040057651838967,487824029.0,-0.1282581504231607,0,0,-1,0,0,0.021126760563380153,-0.9344252053797109,0.2541848090928123,0.3889444420304684,0.007179487179487243,0.012371134020618735,0.3442019943980725,0.017311608961303456,0.0
2022-08-11,38.97,39.28,0.01772198279941194,0.009785550422718404,-0.002697323580016427,0.4060745561970441,-0.007923364135647362,38.632000000000005,39.4555,38.69433333333333,3,11,8,38.91237611281866,39.0471480703083,43.630892678034094,-0.06088574517991674,-0.049938588793832527,41.76088477208604,37.150115227913965,0.017460381078023376,0.024483883491428337,0.021939603121825545,482776122.0,-0.42118782589224363,0,0,-1,0,0,0.014511201629327909,-0.3050266747231906,0.2590610750590776,0.38866960108439524,0.004640371229698292,0.013260530421216776,0.4302959478725285,0.030151398511675576,0.0
2022-08-12,39.46,38.97,-0.008821733329147876,-0.012057418117035179,0.0011568868184061488,-0.4535476699078336,0.012495381243851385,38.766000000000005,39.4495,38.80566666666667,4,12,8,39.01194409230617,39.07378367867551,44.246031746031775,-0.013571490879513703,-0.042665169210968766,41.75414496637777,37.14485503362223,0.017710328936152393,0.02375027384127227,0.021995621313537814,485983411.0,0.009112032571770323,0,0,-1,0,0,0.013600205286117556,-0.9167125536118967,0.27139536872736747,0.37702390892213494,0.01674826075753666,-0.003031834259727084,-0.20870427420442303,0.016472377090724747,0.0
2022-08-15,39.64,39.46,-0.0045673766281103395,0.02051097417798869,0.007806041301291912,0.38693282812732843,0.004551208867317971,38.899,39.434,38.90266666666667,0,15,8,39.126136075523235,39.11031376392225,50.216450216450205,0.03801171680176907,-0.026529792008421198,41.7286197942138,37.139380205786196,0.01770716425378312,0.023676379054762102,0.02184548136254281,490706008.0,0.17955044275261645,0,0,-1,0,0,-0.003547896604156122,-0.3660310997106846,0.26997109796030017,0.3758508655523943,0.014329580348004134,-0.007759699624530714,-0.07468150873235334,0.029389505549949523,0.0
2022-08-16,39.87,39.64,0.00709582298146908,-0.004715233950346098,0.0030546033678503256,-0.0012121440890790725,0.005785451931476272,39.124,39.352999999999994,39.01466666666667,1,16,8,39.26138406179174,39.15932577915307,44.57831325301202,0.09634030724378562,-0.0019557721579798355,41.44769605884607,37.25830394115392,0.016003400411057238,0.021929372731108066,0.02178832382679661,495422884.0,0.49362770108500326,0,0,-1,0,0,-0.0010090817356205638,-0.3611206258020562,0.18831854552375427,0.3481179999249195,0.039906103286384775,-0.03904555314533631,0.17090539139730324,0.02144469525959378,0.0
2022-08-17,38.94,39.87,-0.00836824967051658,-0.013523872533325655,-0.02535365197170924,0.1522577466379348,-0.02360216144921001,39.118,39.225,39.10233333333334,2,17,8,39.20295059601142,39.145175728885135,55.97579425113464,0.06675341591209616,0.011786065456035364,41.06462810887024,37.385371891129765,0.01436134473095893,0.022443459897216144,0.022270909213224478,489930269.0,-0.30984523298573596,0,0,-1,0,0,-0.015048908954100685,-0.09362333305438945,0.2252333215421185,0.35627888068731106,-0.00865580448065184,-0.061686746987951846,-1.0038681451142555,0.03338469440164348,0.0
2022-08-18,38.98,38.94,-0.007668749239300486,-0.015500246805954987,0.0015629073251732834,-0.6110389780809716,0.0010266941353610753,39.137,39.1295,39.177666666666674,3,18,8,39.16241412400934,39.134519230247385,56.49546827794561,0.046002963547813636,0.01862944507439102,40.79528541614154,37.46371458385846,0.01423987620853748,0.022284581295412977,0.022211138175828368,492911587.0,-0.17949490798915793,0,0,-1,0,0,0.000770416024653342,-0.8884822351003494,0.2184750554084103,0.35375676107318604,0.0002566076469079359,-0.04671068720958682,-1.7107063016371924,0.016162134427911635,0.0
2022-08-19,37.88,38.98,-0.012653493553112191,-0.01133156600954997,-0.020909434271370785,0.3852940121143494,-0.02862542576153711,39.044,39.0115,39.217,4,19,8,38.929247919644006,39.0535825057153,47.14475431606906,-0.0585280514218951,0.0031979457751337963,40.6804142389112,37.3425857610888,0.016904360675265843,0.022847923951734465,0.022894656380157908,488528911.0,-1.3559714137716132,0,0,-1,0,0,-0.012827090815802977,-0.3788196501103417,0.26005782291341556,0.36269954850243313,-0.040040547389761705,-0.05864811133200798,-0.6083987110027157,0.02600316789862723,0.0
2022-08-22,37.47,37.88,-0.03248668097193714,-0.02943707952832422,-0.018644494204568027,0.18138767289360583,-0.010882655512281538,38.882999999999996,38.854,39.23833333333333,0,22,8,38.663930116072365,38.95141589244334,48.965517241379324,-0.17246513663837248,-0.03193467070756746,40.47769818299841,37.23030181700159,0.016757745938061824,0.022727040424184303,0.022996369438855527,483274609.0,-1.704750321816863,0,0,-1,0,0,-0.01663146779303069,-0.08881279130807317,0.23483834134667592,0.36078058199342145,-0.05474268415741679,-0.07754800590841948,-0.027250401340070212,0.014945289564985382,0.0
2022-08-23,37.47,37.47,0.009352105570280362,0.012458742993906388,0.011442542563292623,-0.10786462540820221,0.0,38.796,38.747499999999995,39.202666666666666,1,23,8,38.44685191315011,38.85584067357603,36.9676320272572,-0.2597666690827509,-0.07750107038260415,40.44300334088322,37.05199665911677,0.015941485935484872,0.022173443301850015,0.021323273729118707,483274609.0,-1.5069271398008772,0,0,-1,0,0,0.0034694422204430897,-0.2694006026029319,0.21091025882823236,0.35199250012011624,-0.0601956358164033,-0.05378787878787883,-0.215107007011746,0.016146250333600322,0.0
2022-08-24,37.8,37.47,0.0,0.0030249250394984934,0.002005750488573192,0.25666022587776316,0.008768489819946046,38.648,38.599000000000004,39.169333333333334,2,24,8,38.32924247439554,38.787721920442095,41.73622704507509,-0.2988802153672907,-0.12177689937954146,40.05148824617007,37.14651175382994,0.013624012537947178,0.02105134135013525,0.021351445060967422,489371889.0,-1.1001810198558508,0,0,-1,0,0,0.0034694422204430897,0.20735064511800344,0.22749387601982296,0.3341796838607314,-0.02927580893682591,-0.07284768211920545,-1.0848383325055702,0.01706349206349215,0.0
2022-08-25,38.55,37.8,0.012685159527315642,0.020407545168068513,0.014060451825389633,-0.5704983444829139,0.01964699738379642,38.605999999999995,38.619,39.17233333333333,3,25,8,38.369380206323626,38.772385022349056,48.06547619047615,-0.2662896295176651,-0.1506794454071662,40.0563938404733,37.1816061595267,0.015394593612358266,0.016106920084545794,0.021613626350799643,492818338.0,-0.09600709013374197,0,0,-1,0,0,0.007407407407407438,-1.1245487321268959,0.29304771332550666,0.25568942958539775,-0.011031298101590536,0.010484927916120546,-0.4437432233749014,0.02334630350194549,0.0
2022-08-26,37.53,38.55,0.011747948714901722,-0.003092785970444161,-0.014461280209405281,0.14852284431612192,-0.026815486862408935,38.413,38.5895,39.104,4,26,8,38.21676562335569,38.692231149939445,39.625167336010705,-0.3190885764500848,-0.18436127161574994,40.092724254026585,37.08627574597342,0.01648706763086846,0.017212042742140925,0.02143986463178683,488820046.0,-1.409636648905833,0,0,-1,0,0,-0.0005188067444875751,-0.6349608983027747,0.2832573364968621,0.2732327079067148,-0.009239704329461529,-0.015477439664218218,-0.3427838902086707,0.03530508926192387,0.0
2022-08-29,37.43,37.53,-0.040519245993841754,-0.0272125635248847,-0.012506046138110995,0.005871742141406462,-0.002668091230591947,38.192,38.545500000000004,39.019999999999996,0,29,8,38.07371732820011,38.61079688220142,43.33821376281109,-0.36479614368830937,-0.22044824603026186,40.13236019017335,36.95863980982666,0.016182877887451794,0.017165432536309193,0.021341315027688882,484798208.0,-1.4059209587684574,0,0,-1,0,0,-0.014122035704769548,-0.543819891776202,0.2724665049771837,0.27249279382758496,-0.0010675206832132522,-0.02297050378491261,-0.8003408522941806,0.02003740315255143,0.0
2022-08-30,37.2,37.43,0.018742181809740664,0.0044991474597382945,0.00108195845015178,0.054889105038712825,-0.006163760637236669,37.925,38.5245,38.876999999999995,1,30,8,37.914859632163726,38.51977772851101,33.00653594771241,-0.41479727307793013,-0.2593180514397955,40.17285452241867,36.87614547758134,0.015680657156207856,0.01674727888159232,0.019930258237535838,480549444.0,-1.6070571979340125,0,0,-1,0,0,0.0072134651349185985,-0.26310541037406726,0.2758032283569494,0.2658548103464233,-0.007205764611689203,-0.011164274322168932,-0.43481817060324046,0.0236559139784945,0.0
2022-08-31,36.7,37.2,-0.006653384490736548,-0.005029792205541086,-0.008415958456098598,-0.036161278646175646,-0.013532006218576273,37.701,38.4095,38.717,2,31,8,37.69397606267941,38.402372713768365,32.01267828843105,-0.4891309525361507,-0.30528063165906655,40.23010111530558,36.58889888469442,0.0148102795171027,0.014501278305689536,0.019999607473470817,476451576.0,-1.8779511729707654,0,0,-1,0,0,0.006720430107526881,-0.3337792044772446,0.26946997472926226,0.23020065653634358,-0.02910052910052896,-0.058974358974358876,0.6418290794273546,0.02724795640326975,0.0
2022-09-01,36.63,36.7,-0.03063815623013597,-0.027988909902232784,-0.023306577942381532,-0.041239290394573046,-0.001909178269801557,37.465999999999994,38.3015,38.575,3,1,9,37.50052586946497,38.28802608707363,25.97623089983017,-0.5473794939631134,-0.3537004041198759,40.27676040921443,36.32623959078556,0.014688373067502862,0.01449119674391666,0.019897387605013122,472519264.0,-1.6924350756007456,0,0,-1,0,0,-0.010354223433242576,-0.46634207309111975,0.16205014018109928,0.2300406167046746,-0.049805447470816944,-0.0556844547563804,-1.3173774352044054,0.021976521976521966,0.0
2022-09-02,36.74,36.63,0.020978837768406877,0.023333717615670057,0.018661126221662855,-0.036527020284937546,0.002998502996256633,37.352,38.198,38.458333333333336,4,2,9,37.36224843865316,38.18815343629469,25.085910652920916,-0.5780029438678582,-0.3985609120694724,40.27536270051074,36.12063729948926,0.012639929142888216,0.014531411929373322,0.019789179974230332,476310532.0,-1.4037028773468725,0,0,-1,0,0,0.012558012558012581,-0.5774864671066153,0.09677856271872848,0.2306790129825546,-0.021049826805222493,-0.05333676887400152,-0.7232160645458877,0.02708219923788798,0.0
2022-09-06,36.74,36.74,0.0,-0.004141345842773315,-0.00576845439674042,0.16730481163118124,0.0,37.279,38.081,38.32899999999999,1,6,9,37.24911235889804,38.094724182340194,22.003577817531294,-0.5954087471394658,-0.43793047908347116,40.21209213414397,35.949907865856034,0.01235371690355688,0.014372082301355098,0.019661803262372782,476310532.0,-1.258509642558146,0,0,-1,0,0,0.009526401741970643,0.2739658241639854,0.10124129059565133,0.2281497335492307,-0.018434410900347253,-0.059877175025588425,-0.9352641902543761,0.028579205225911928,0.0
2022-09-07,37.79,36.74,-0.00866509618831883,0.01382633033487701,0.012864554042375815,0.18540683114864193,0.028178437574417927,37.311,38.0535,38.26866666666667,2,7,9,37.347455566371124,38.07506455767309,39.929947460595436,-0.5184998038663338,-0.45404434404004373,40.18471438077963,35.92228561922037,0.015695101398615827,0.015480853410728933,0.020034082043298568,481705206.0,-0.24727685996901724,0,0,-1,0,0,0.0008165487207403684,1.2421262089289262,0.24559039081338396,0.2457509292470089,0.01586021505376345,-0.014345331246739756,1.2871114376634425,0.029108229690394134,0.0
2022-09-08,37.66,37.79,0.014311031336588955,-0.0023793798403398997,0.005289223695882835,-0.05858198438337577,-0.0034459941323913,37.297,37.9725,38.165,3,8,9,37.404281827030914,38.048286199113534,38.62068965517239,-0.46270504997580275,-0.4557764852271956,40.029282106004146,35.91571789399585,0.015491377519993516,0.014310679599860382,0.019165654578371407,476617484.0,-0.3038727331278808,0,0,-1,0,0,-0.012966393225721143,0.7854795432307757,0.2105405385239114,0.22717499588133538,0.026158038147138685,-0.04124236252545832,2.0582678639706584,0.021640998406797604,0.0
2022-09-09,38.37,37.66,0.014373417533907855,0.017838878087270194,0.02154361771530215,0.11947626939229383,0.018677381029854636,37.279,37.942499999999995,38.172333333333334,4,9,9,37.57986694938893,38.069041928202985,54.52865064695005,-0.35708004279688765,-0.436037196741134,39.955048789862964,35.92995121013703,0.0153513749253376,0.014966287547565621,0.015599473732286234,482350871.0,0.4248344210617713,0,0,-1,0,0,0.004779607010090463,1.4722145476235518,0.21756589576653584,0.2375824494044484,0.04750204750204734,-0.015396458814472713,0.7595003870226449,0.017982799061766946,0.0
2022-09-12,38.77,38.37,0.02324774934298304,0.01752622180729655,0.021478038825161853,0.05837269399993669,0.01037084742397683,37.403,37.908,38.194,0,12,9,37.796254776772756,38.11426502960924,62.03703703703708,-0.23834728739691968,-0.3964992148722912,39.832759451819484,35.98324054818052,0.012562052271866627,0.014873637344742304,0.015706251900739238,488428892.0,0.8956963418832933,0,0,-1,0,0,0.009382329945269727,1.6819029146524218,0.21007118821507703,0.23611167303090727,0.05525313010342958,-0.017486061834769306,0.32717847768998176,0.014186226463760564,0.0
2022-09-13,37.49,38.77,-0.022191225208783177,-0.026287841880452044,-0.03507281037608515,-0.33485509047932244,-0.03357252093501712,37.409,37.8005,38.166666666666664,1,13,9,37.7405720900868,38.07398986640865,50.14970059880242,-0.2447151025405745,-0.36614239240594787,39.550152296284864,36.050847703715135,0.017038980012550706,0.01645332884916537,0.016838808081811395,484080422.0,-0.35492766266680453,0,0,-1,0,0,-0.02295589373226723,-0.3098379499681085,0.379921117165487,0.26118849824433676,0.020413718018508442,-0.05423814328960641,-1.0536039197026579,0.0230594825286743,0.0
2022-09-14,38.03,37.49,-0.01516188108481102,-0.0014305496930721658,-0.016234122761883515,-0.03380045107062105,0.01430109119234755,37.492000000000004,37.7085,38.18033333333334,2,14,9,37.79319534643465,38.071151810511324,51.66908563134981,-0.2038384323250284,-0.33368160038976397,39.16969309578105,36.24730690421895,0.0174115637509701,0.01679491083428017,0.016721581557238623,488284368.0,0.44005135382623745,0,0,-1,0,0,-0.004801280341424372,-0.4456579128852754,0.3332676860250577,0.26661094415405795,0.006350886477904272,-0.04614998745924248,-1.4798999690452415,0.03707599263739163,0.0
2022-09-15,36.9,38.03,0.01225374949129898,-0.0065885071640945205,0.005983156276834191,0.8011794081407954,-0.03016377089368681,37.512,37.6065,38.11033333333333,3,15,9,37.63079619253744,37.995593629188015,38.65199449793674,-0.25963205614674933,-0.3188716915411611,38.98838696315864,36.224613036841355,0.01966543345788182,0.017271268387534913,0.01615121179803449,478917273.0,-1.02251489280298,0,0,-1,0,0,-0.006836707862213989,3.3544314625100493,0.40252996629700477,0.2741728858804135,-0.020180562931492285,-0.05238828967642528,-0.5553146801792281,0.025474254742547366,0.0
2022-09-16,34.73,36.9,-0.03667167453702354,-0.037719988930849546,-0.06208311440093322,0.3026483119221069,-0.06060768429049892,37.322,37.394,37.975,4,16,9,37.103378702985175,37.784910169240405,33.37292161520189,-0.4734916525182129,-0.34979568373657144,39.144505490903974,35.64349450909602,0.027270845146834286,0.021326298581154476,0.019222628847171148,466239487.0,-3.0436922521440244,0,0,-1,0,0,-0.013279132791327967,3.407268000908782,0.4942111875255307,0.33854449458746627,-0.09486578055772743,-0.10903027193432535,-0.004724700994617781,0.05067664843075166,0.0
2022-09-19,35.88,34.73,-0.048968702490409924,-0.010072523930739118,-0.0014147336741976739,-0.4685302936576247,0.03257617043461288,37.236000000000004,37.294,37.87733333333334,0,19,9,36.88094621153333,37.66201273896683,41.81626187961987,-0.5439116593332614,-0.3886188788559094,39.15276472846629,35.435235271533706,0.029794522014451392,0.02228112253251827,0.02034575591207763,474174786.0,-1.5214405334307326,0,0,-1,0,0,-0.0017276130146845717,1.1101532031090036,0.5960529364423214,0.35370185491440603,-0.07454217178230593,-0.05279831045406547,0.31778764560849865,0.04024526198439249,0.0
2022-09-20,35.09,35.88,0.025627826263431828,-0.012138272507207353,0.003144339178887116,-0.4711543674776158,-0.022263847595471627,37.071000000000005,37.175,37.74433333333333,1,20,9,36.555319627618175,37.49607643322704,39.48155533399802,-0.6559055488968113,-0.4420762128640898,39.27536087124921,35.07463912875078,0.03044011560454354,0.022639739090320132,0.020572191308125532,469220928.0,-1.9853731123451333,0,0,-1,0,0,-0.00863991081382392,-0.21238636414924214,0.5797756432849752,0.3593947162822485,-0.0640170712189917,-0.06351748065118745,0.09219014802964379,0.025648332858364164,0.0
2022-09-21,34.12,35.09,-0.029095035746685056,-0.009874533613554838,-0.017432167168671117,0.21870946634988814,-0.028032466971645548,36.70399999999999,37.0075,37.60366666666667,2,21,9,36.1125342407785,37.2782650504382,37.71428571428571,-0.8135542595360903,-0.5163718221984899,39.50548129022559,34.50951870977441,0.02887267392860822,0.02327982839519038,0.02085871671333244,463056002.0,-2.3118667952386738,0,0,-1,0,0,-0.015388999715018701,0.2949451865980469,0.5311841121998968,0.3695558189876018,-0.10281356823560361,-0.08940485721910862,1.1525975840710274,0.03370457209847614,0.0
2022-09-22,33.0,34.12,-0.016047025597517445,-0.034615512575085536,-0.04082810043963856,0.052201935344480734,-0.033376161156998034,36.238,36.7675,37.394333333333336,3,22,9,35.54661892427332,37.00224795040994,34.285714285714306,-1.0171416623499283,-0.6165257902287776,39.80826081199938,33.726739188000614,0.029640383040035728,0.023889012213485553,0.020814235286208255,456560707.0,-2.4779982596018573,0,0,-1,0,0,-0.0035169988276669826,0.4318907582299937,0.5348418014787442,0.3792263123032045,-0.10569105691056913,-0.12698412698412687,1.2107100588123447,0.03984848484848478,0.0
2022-09-23,32.05,33.0,-0.04820210181787775,-0.04410494330021316,-0.036848319613939445,0.178867203838431,-0.029210378099801322,35.606,36.4425,37.16366666666667,4,23,9,34.910870028950896,36.68274808264156,31.07344632768364,-1.240839580083275,-0.7413885481996771,40.022696260424844,32.86230373957516,0.02777101742826939,0.023539812884734748,0.02123961257184916,448793231.0,-2.453776095212596,0,0,-1,0,0,-0.018181818181818226,0.9019684010338852,0.4368930009771768,0.37368294481201264,-0.07716671465591707,-0.16861219195849553,2.128078927487163,0.0321372854914197,0.0
2022-09-26,31.37,32.05,-0.019321261689713685,-0.008316696635320309,-0.008589205023792793,-0.11009861213385615,-0.021445161164092102,34.866,36.1345,36.894,0,26,9,34.26707547823255,36.33999014182598,29.45677123182864,-1.4562058736910828,-0.8843520132979583,40.32810151709877,31.940898482901233,0.025982457490046393,0.023362810625083424,0.02110110525211401,441835547.0,-2.272271211546199,0,0,-1,0,0,-0.008424336973478816,0.481085507066964,0.07718034118258527,0.3708731210488093,-0.12569676700111487,-0.16413535837996274,-0.10710527819782076,0.03283391775581758,0.0
2022-09-27,31.5,31.37,0.002514143373332406,-0.008386444555934687,-0.0030397591601013336,-0.12020487430244617,0.004135523629000675,34.267,35.838,36.62266666666666,1,27,9,33.76397084582663,36.02773271332108,24.115226337448604,-1.59797484020784,-1.0270765786799347,40.462350196172984,31.213649803827014,0.026665917257476322,0.02350398814969232,0.021093079679536362,448005195.0,-1.8761554882197449,0,0,-1,0,0,0.015620019126553981,0.08032291028504504,0.2349936913080511,0.37311424477377036,-0.10230834995725291,-0.15842906759283992,1.8209410511683386,0.02714285714285727,0.0
2022-09-28,32.43,31.5,-0.011046348712719119,0.015168221473171225,0.007820644760443243,0.11336822718400218,0.029096374487639208,33.707,35.5995,36.37466666666667,2,28,9,33.521430692039964,35.79562092536489,29.80694980694983,-1.6166488186445207,-1.144991026672852,40.41610931186673,30.78289068813327,0.02896948905084966,0.024984483737056425,0.022029489410976377,454915474.0,-1.3160710345309803,0,0,-1,0,0,0.00031746031746036706,0.3639160553350668,0.41712846390781616,0.3966163836215339,-0.0495310668229777,-0.12822580645161297,0.9932116406249906,0.03391921060746216,0.0
2022-09-29,31.64,32.43,0.01324105095750727,-0.014700458152877967,-0.0015910902322418517,-0.20340719294028042,-0.024661777419773503,33.181,35.3465,36.13133333333334,3,29,9,33.17935238439633,35.52751634953489,24.174980813507332,-1.6758760231901348,-1.2511680259763085,40.44314605918788,30.24985394081212,0.028724506403178605,0.025261026899305764,0.02205732194420941,449277060.0,-1.4544859332808397,0,0,-1,0,0,-0.015417823003391921,-0.2693324151728235,0.39125862242893783,0.40100637022605673,-0.041212121212121144,-0.137874659400545,1.1123593961354448,0.021333754740834522,0.0
2022-09-30,30.84,31.64,-0.018331739647760876,-0.014603384274173818,-0.019617930977798615,0.20301711814591145,-0.025609594204324376,32.792,35.057,35.86,4,30,9,32.75401558723336,35.22509593988748,20.476545048399117,-1.7669984652336836,-1.3543341138277836,40.49313678616524,29.620863213834767,0.0247041163781446,0.02554807604341586,0.02226331042060283,442369476.0,-1.55146942245166,0,0,-1,0,0,-0.009165613147914005,0.272186992108156,0.38024599858630037,0.40556313412227224,-0.03775351014040551,-0.1580671580671581,1.1796311278759468,0.026588845654993525,0.0
2022-10-03,31.22,30.84,-0.016401718383801004,-0.007494001793477796,-0.019348037555585004,-0.18609810109964958,0.012246366392157221,32.326,34.781,35.638000000000005,0,3,10,32.47510366228184,34.96670265344313,24.98004788507582,-1.7879405669460482,-1.4410554044514365,40.414295380335545,29.14770461966445,0.02114796003313103,0.02584739014108178,0.02219484400410722,448104098.0,-1.2642688726852762,0,0,-1,0,0,0.0,-0.3665670465038771,0.37822501937182956,0.41031459812019055,-0.004781638508128849,-0.15024496461622217,0.06278205360830698,0.03760409993593849,0.0
2022-10-04,33.19,31.22,0.03848463467155017,0.06017829286459334,0.059455258985855124,0.2629985896717088,0.06118971064459722,32.135999999999996,34.6035,35.495333333333335,1,4,10,32.60508481459423,34.85207667580164,32.664756446991404,-1.6268218082654684,-1.4782086852142429,40.20049270755518,29.006507292444812,0.03182455002596307,0.03031331838552091,0.02551705145966366,455563837.0,-0.5050926716741886,0,0,-1,0,0,0.026585522101217115,0.4510506858780245,0.5953592573587644,0.48120901116726184,0.053650793650793505,-0.09662493195427335,0.43271378292132734,0.03826453751129868,0.0
2022-10-05,32.99,33.19,0.01363516631433007,-0.0010509722459751153,0.00807959646972806,-0.42350202290596417,-0.006044140491393075,32.023,34.3635,35.346000000000004,2,5,10,32.67506939375891,34.73194269671766,34.99616270145819,-1.4980042986636946,-1.4821678079041332,39.794360259470864,28.93263974052914,0.030842374029995887,0.029288134764255343,0.02551047141988978,450679574.0,-0.5058130514791858,0,0,-1,0,0,-0.02109068996685736,-0.8763436771069907,0.5791755216363244,0.46493472570698996,0.017267961763798967,-0.1270177295580841,1.3630073539591956,0.02955441042740207,0.0
2022-10-06,32.54,32.99,0.013148026127860223,-0.0019547408675180435,0.0027816429618767705,-0.1357340316240123,-0.013734383449598365,31.977000000000004,34.1075,35.17066666666667,3,6,10,32.65051132216638,34.59052703886491,40.31830238726792,-1.415905061241638,-1.468915258571634,39.36397820863935,28.851021791360655,0.02933687623935084,0.029323355529118706,0.02545340221627003,446415247.0,-0.5964069240974763,0,0,-1,0,0,-0.0021218551076083746,-1.1516122664021344,0.5504520384027602,0.4654938380158736,0.028445006321112576,-0.1359532660647902,1.4504346204209033,0.02519975414874002,0.0
2022-10-07,31.87,32.54,-0.02025230311180636,-0.02437658787761872,-0.03087293694337335,0.03783887543285746,-0.020804973361646693,31.959000000000003,33.782500000000006,34.948,4,7,10,32.50860017268158,34.415009165389755,31.486611265004598,-1.3888939201133397,-1.4529109908799753,38.723630810271736,28.841369189728276,0.02857956496591521,0.02882423714654172,0.02517975701512645,441986471.0,-0.7741142962757666,0,0,-1,0,0,-0.008604794099569796,-1.0099508878473566,0.5343666962690172,0.4575705793253966,0.033398184176394397,-0.16940317956737028,1.5758405542541505,0.031534358330718625,0.0
2022-10-10,31.66,31.87,-0.012790690678890335,-0.0040179315373463035,0.006820551462647117,0.10245554398407027,-0.006611073976378973,31.988,33.42700000000001,34.75233333333333,0,10,10,32.35430923219402,34.23726663859041,33.26829268292681,-1.3686556309659466,-1.4360599188971697,37.853532919138544,29.000467080861473,0.027746718097783278,0.028474540984180008,0.024883093567827273,437079883.0,-0.7983674954094274,0,0,-1,0,0,-0.0006275494195167736,-0.7337911155377277,0.539416956830112,0.45201932484514007,0.014093529788597126,-0.18338921846788758,2.0629785628350295,0.02084649399873658,0.0
2022-10-11,31.41,31.66,0.017429635135283596,0.012005685221618243,-0.02270281359833615,0.1365705091840524,-0.007927740902310867,31.979000000000003,33.123000000000005,34.55166666666666,1,11,10,32.182616644522376,34.05486233932651,35.78174186778594,-1.3571452262953017,-1.4202769803767963,37.19561509158643,29.050384908413573,0.02786863464132946,0.02794079512811223,0.02488192124955404,431455286.0,-0.841228528342328,0,0,-1,0,0,0.023689197725836907,-0.4242355921711715,0.0981001859746348,0.4435463720543404,-0.05363061163000893,-0.16217658042144578,-1.2098645989065393,0.05603311047437116,0.0
2022-10-12,31.59,31.41,-0.0393317961509084,-0.02792610888323213,0.0029065093931364013,-0.25341702894850354,0.005714301263438635,31.895,32.801,34.36466666666667,2,12,10,32.074868163700124,33.89583896259577,41.79278230500582,-1.3183020861539632,-1.3998820015322297,36.20323394102775,29.398766058972257,0.026028152434913458,0.02763320337791924,0.024966113847379144,435820784.0,-0.7118852030699471,0,0,-1,0,0,-0.00795924864692773,-1.0631366394819957,0.1545368425958013,0.43866350439626584,-0.04243710215216734,-0.16933999474099393,0.49521665895410294,0.02437480215257992,0.0
2022-10-13,32.43,31.59,-0.0022489969318850674,0.03159135428152797,-0.01167707073013725,0.4157612551155549,0.026243305505232708,31.974,32.5775,34.22233333333334,3,13,10,32.13943758848192,33.80126870694443,52.240566037735874,-1.205837493893327,-1.3610731000044491,35.38046741254645,29.774532587453553,0.02622125477705151,0.0282592878302143,0.025569306428331055,442436801.0,-0.10524560459730754,0,0,-1,0,0,-0.015827793605571384,0.1458421584852852,0.28264978952052094,0.4486022869592467,-0.0033804548248309585,-0.12113821138211378,0.8546627710442778,0.06629663891458522,0.0
2022-10-14,32.76,32.43,0.05840848097060856,0.015429136815490305,0.05212492238796343,-0.12414494182498392,0.010124338665641969,32.166,32.479,34.093333333333334,4,14,10,32.25226711784884,33.73409008068995,58.54858548585485,-1.0776576852117046,-1.3043900170459004,35.09574687551821,29.862253124481786,0.024335428232103818,0.02556338845726652,0.02569499171543379,448280410.0,0.21477048669015827,0,0,-1,0,0,0.016342892383595473,-0.1395348344217912,0.22341571202090454,0.4058062111563979,0.02792594916849689,-0.056723293982147927,0.7577420286142905,0.031135531135531233,0.0
2022-10-17,32.72,32.76,0.018933698582930543,0.009263475774881179,0.0030921484130541224,-0.22511971069374861,-0.0012217472503223644,32.316,32.321,33.95933333333333,0,17,10,32.33730946005814,33.668664914193826,57.58706467661692,-0.968141793108309,-1.2371403722583822,34.39930801628021,30.242691983719787,0.024341008710306665,0.024152162350010258,0.025670277368298747,443614752.0,0.38396618487199774,0,0,-1,0,0,0.025335775335775503,-1.0940487211949232,0.20765507805880923,0.38340369121550694,0.03348073278584951,-0.08807134894091428,0.8103478183700175,0.037591687041564695,0.0
2022-10-18,33.31,32.72,-0.006271485390512422,0.0,0.017899965420140353,0.02133074765329243,0.017871140471041998,32.328,32.232,33.845,1,18,10,32.51416228550211,33.645525242310356,55.71428571428574,-0.8242402617668034,-1.1545603501600665,33.9283936981007,30.5356063018993,0.014606312482635365,0.024268074170771523,0.025965361807706006,448381001.0,1.2709313895788956,0,0,-1,0,0,0.020171149144254392,-0.98322147238589,0.1714524579371527,0.3852437343259889,0.060490289716650825,-0.05072670276432034,0.31615556659760363,0.019363554488141577,0.0
2022-10-19,33.12,33.31,0.017815198010096678,0.017978403143392756,-0.006541439618509734,0.6136567638569789,-0.005720322688529464,32.341,32.182,33.68933333333333,2,19,10,32.624314597228995,33.611620387967754,60.422535211267586,-0.7172605404961985,-1.067100388227293,33.69289516861191,30.671104831388096,0.014590784303778803,0.023548500131871642,0.025275768628674464,439576911.0,1.2416480236173588,0,0,-1,0,0,0.020114079855898966,2.241702776561413,0.21170505891194188,0.3738208505850245,0.04843304843304841,-0.029308323563892125,0.12423885440903953,0.04438103864734308,0.0
2022-10-20,32.81,33.12,-0.016019328027285073,-0.015898473705400866,0.000915331871688206,-0.5975519466189573,-0.009403982544048553,32.368,32.1725,33.52766666666667,3,20,10,32.658075579550996,33.55990294358274,64.90166414523452,-0.649999954993639,-0.9836803015805622,33.66400400956042,30.680995990439577,0.014187422876353016,0.02245020648845322,0.02529371128039047,434733281.0,0.8548418186121904,0,0,-1,0,0,0.00966183574879228,-0.8046023192291111,0.1813268519433217,0.3563859795029753,0.011717545482577973,-0.005757575757575739,0.5893472256788864,0.02743066138372443,0.0
2022-10-21,33.1,32.81,-0.023907932494060813,-0.008181193227560099,-0.0125826426070677,0.11806419019187298,0.008799935410007035,32.491,32.225,33.352000000000004,4,21,10,32.73842547417809,33.530231785932244,64.41717791411045,-0.5667616050415631,-0.9002965622727624,33.77126204629031,30.678737953709692,0.012134216033419895,0.021470660078276048,0.025042782628616346,440183897.0,1.1317615951309712,0,0,-1,0,0,-0.004876562023773352,-0.25777666068499383,0.17792413736230542,0.3408361623091261,0.010378510378510564,0.03276131045241826,0.6827315217414436,0.031283987915407825,0.0
2022-10-24,33.72,33.1,0.019111760230567935,0.012032479279533055,0.017905444315773924,0.06919752465796082,0.018557850750637404,32.697,32.3425,33.18366666666667,0,24,10,32.91689356978207,33.54247489651726,55.125725338491314,-0.44562886242906785,-0.8093630223040236,33.97020584437045,30.714794155629555,0.012351419996916828,0.021068330842996773,0.025259720036944402,446025038.0,1.692566264063244,0,0,-1,0,0,0.005438066465256789,0.11473453431197123,0.20815530595058027,0.3344493836988076,0.030562347188264116,0.07491233662735097,-0.2995529671029048,0.025355871886120904,0.0
2022-10-25,34.62,33.72,0.008080247464682803,0.028277645693416488,0.012210900198019566,0.28713301357945564,0.02634041661440835,33.018,32.4985,33.088,1,25,10,33.226549284367145,33.61199264512905,63.88415672913114,-0.27385102861666866,-0.7022606235665526,34.36652766800415,30.630472331995843,0.012742218883846966,0.021680557935394352,0.02527402938974094,453808951.0,2.271379633543285,0,0,-1,0,0,-0.005041518386714167,1.5832227548055446,0.2451863424402215,0.34416818749308853,0.0393275292704891,0.09904761904761905,0.047530428324572285,0.04101675332177937,0.0
2022-10-26,34.37,34.62,0.030816818645987943,0.015439267454393557,0.027779564107075886,0.17068889611878907,-0.007247458886320654,33.29600000000001,32.5955,32.966,2,26,10,33.43444941448221,33.660896345443305,66.13756613756614,-0.1560894661868204,-0.5930263920906063,34.64154342187999,30.549456578120015,0.013820162709229202,0.021036154815648817,0.025087622857923642,444576283.0,1.7345672931706544,0,0,-1,0,0,-0.0005777007510108615,2.2786146093975073,0.2506421966339782,0.33393860509956336,0.03774154589371981,0.05982115325316051,0.04195324916272966,0.029714867617107843,0.0
2022-10-27,35.29,34.37,0.020595693672080573,0.021246562036453046,0.018481611809460976,0.15860282929360453,0.026415546825436165,33.582,32.778000000000006,32.912333333333336,3,27,10,33.771822248212715,33.76599980702761,78.88513513513513,0.011342976927018356,-0.4721525182870813,35.09798729579263,30.458012704207388,0.013845893399922761,0.020623998980743505,0.02513799411123606,455395792.0,2.1655290997115344,0,0,-1,0,0,0.027640384055862756,2.551061348370311,0.22736063010749782,0.32739583405618145,0.07558671136848516,0.11536030341340076,-1.0409253964969074,0.03230376877302354,0.0
2022-10-28,36.23,35.29,0.0073343065019297864,0.006628027578413331,0.0005720823954651041,-0.32018318078497404,0.026287867219807075,33.929,33.0475,32.96233333333333,4,28,10,34.218763657628585,33.92496756141293,84.3609022556391,0.21737873176631695,-0.3342462682764017,35.65413021018301,30.440869789816986,0.014988903933572266,0.01977241845007009,0.023145183594154312,463250929.0,2.44185000815789,0,0,-1,0,0,0.008217625389628766,0.8856743889525032,0.23318678765910614,0.31387741222314386,0.09456193353474296,0.17477302204928646,-1.9586345451309783,0.03753795197350261,0.0
2022-10-31,36.35,36.23,0.017275436594036422,0.006310900352838899,0.020940210531072704,-0.21797490886627569,0.0033066990725427172,34.291999999999994,33.303999999999995,32.978,0,31,10,34.60626117442339,34.08142126712823,87.8834355828221,0.3858981552812608,-0.1902173835648692,36.15189414350996,30.45610585649003,0.014669624541221327,0.01977784250024138,0.022375764060052383,469567603.0,2.1391244523196216,0,0,-1,0,0,-0.0008280430582388638,0.04207524333496028,0.2560493998921582,0.31396351635025566,0.07799525504151839,0.164317745035234,-0.8446298104136719,0.023383768913342543,0.0
2022-11-01,36.94,36.35,0.01752509255538081,0.014392644915550288,0.023250424589430312,-0.15648241725809522,0.01610077079156537,34.654999999999994,33.4915,33.03966666666667,1,1,11,35.030577324528224,34.265845701507054,88.60028860028861,0.5605968699407526,-0.04005453286374483,36.769151758902716,30.213848241097285,0.014580027496873125,0.015108147294873801,0.022126539608275445,474969285.0,2.104250392454429,0,0,-1,0,0,0.013480055020632792,-0.39883780703108695,0.23660277006368235,0.23983440307901585,0.06701328711727328,0.11298583910816506,-0.5519160481590277,0.014618299945858318,0.0
2022-11-02,36.5,36.94,-0.00380745632658151,0.013390666074587112,-0.0016429357474311527,0.3042201087420039,-0.011982714182648022,34.992999999999995,33.667,33.119,2,2,11,35.29774508370491,34.4099846885066,81.16385911179177,0.6559807988626858,0.0991525334815413,37.19770203247336,30.136297967526644,0.01545221416159389,0.015398456179545647,0.02158071933668316,467646941.0,1.604779997826892,0,0,-1,0,0,-0.0064970221981590385,0.5805542876891325,0.2629157053839037,0.24444291375242128,0.061972650567355236,0.10639587753864799,-0.786659086539751,0.030136986301369902,0.0
2022-11-03,36.96,36.5,-0.02036954545710514,-0.00908611275051822,-0.028069093006977724,-0.3556895626095507,0.012523986185037517,35.408,33.888,33.251,3,3,11,35.59997325030402,34.57450180537714,81.53153153153157,0.7599313893415527,0.23130830465354357,37.66632377203459,30.10967622796541,0.013897700544786158,0.014817450131501765,0.02058953406380359,472777635.0,1.626117921781892,0,0,-1,0,0,-0.014794520547945183,-0.65224968082348,0.23076015805746383,0.23521972867232993,0.04732218758855211,0.1358328211432085,-0.5923261878765472,0.047889610389610475,0.0
2022-11-04,37.08,36.96,0.04751810166684617,0.01993421490081733,0.03673247131604784,-0.09659078731275697,0.003241493924171023,35.806,34.1485,33.41866666666667,4,4,11,35.869069022976014,34.73614685019152,82.34421364985165,0.8422866224592767,0.3535039682146902,38.05716931186039,30.239830688139605,0.014152234363448372,0.013416898603307732,0.019639917278352095,477435933.0,1.499998984874321,0,0,-1,0,0,0.020292207792207792,-0.9280990159589116,0.17305932938072024,0.21298666242073264,0.023461219983439197,0.16347662378412298,-0.822390135503866,0.03216019417475735,0.0
2022-11-07,37.4,37.08,-0.010663924037199192,-0.007926065272420603,-0.00047555964074351116,0.08294398000002058,0.008592963722831817,36.17399999999999,34.4355,33.61966666666667,0,7,11,36.147420109707646,34.90800834372755,81.60741885625967,0.9227383108283291,0.46735083673741806,38.417070570834,30.453929429165996,0.013938314577043162,0.012989536737063712,0.019009008842378144,482497085.0,1.4891108658054204,0,0,-1,0,0,0.006202804746494175,-0.708825093602055,0.17449174266670286,0.2062025031132479,0.02888583218706997,0.1813013265950727,-1.2680532990370958,0.024331550802139137,0.0
2022-11-08,37.44,37.4,0.002676661126988088,-0.0019913713849253984,0.0065023258088382704,-0.13695623516069336,0.0010689471889049637,36.455999999999996,34.737,33.81766666666667,1,8,11,36.38243463521535,35.07136264413223,84.1772151898735,0.978445607290368,0.5695697908480081,38.666821744987054,30.807178255012953,0.01295107496069417,0.012542912303882476,0.01902791785830682,486910452.0,1.3756349144578839,0,0,-1,0,0,0.00026737967914433185,-1.0137267625960342,0.14842240771969825,0.1991125600353915,0.013535462912831697,0.1919770773638967,-1.0056916693618219,0.01589209401709399,0.0
2022-11-09,37.2,37.44,-0.008590656858555114,0.003449194186349211,-0.0029749852908698437,-0.2708542697135596,-0.0064308903302902915,36.739,35.0175,33.97666666666667,2,9,11,36.53108288335801,35.20869408644628,85.12000000000009,0.9917952485949328,0.654014882397393,38.79961233098843,31.235387669011565,0.012847737637039286,0.01298986905664579,0.018619255520261085,483544255.0,1.154116963749525,0,0,-1,0,0,-0.009348290598290447,-1.5057385687799048,0.11579257084064688,0.20620777852306774,0.019178082191780854,0.1775878442545109,-0.3305324378566283,0.022446236559139805,0.0
2022-11-10,38.82,37.2,0.034710068092181544,0.03743127038529659,0.024349029010286332,0.5048080242436889,0.042626816461763244,37.092,35.337,34.216,3,10,11,36.947249631838375,35.44168156474007,87.73087071240113,1.1201826285504097,0.7472484316279964,39.275153989131084,31.398846010868922,0.01622172975692255,0.014689740698646273,0.019080454290775026,489120924.0,1.768849064618974,0,0,-1,0,0,0.03225806451612891,-0.3072546120746069,0.30965730495079413,0.23319240427585353,0.05032467532467533,0.19703977798334882,1.8098095411973543,0.035162287480680114,0.0
2022-11-11,38.36,38.82,0.017553367580900918,0.0016570012076293867,0.012608520067619908,0.38821381645891145,-0.011920327725626697,37.30499999999999,35.617000000000004,34.46666666666667,4,11,11,37.204113335140484,35.62996017346652,81.26684636118604,1.1713102609537032,0.8320607974931378,39.579923429145026,31.654076570854983,0.016321024029299386,0.015415236202570287,0.0184432888110421,480898990.0,1.38433156685633,0,0,-1,0,0,0.006697578567748532,1.0006080138897957,0.34677289359992014,0.2447092883599241,0.034519956850054045,0.170940170940171,1.5797344719294324,0.024765380604796553,0.0
2022-11-14,37.75,38.36,-0.025921617251417384,-0.02449523013575729,-0.015122912975725994,-0.002809975079850137,-0.01602977432020377,37.44500000000001,35.8685,34.684333333333335,0,14,11,37.30336545602403,35.76673693646868,71.94950911640959,1.14935828906507,0.8955202958075242,39.69334000353408,32.04365999646591,0.017723353819201385,0.01620823398337521,0.0189009717287748,472700127.0,0.983832002521167,0,0,-1,0,0,-0.007299270072992731,0.8949142785823325,0.3814935537552024,0.2572977378693397,0.009358288770053624,0.15372860635696828,1.8643778379867864,0.015231788079470274,0.0
2022-11-15,38.64,37.75,0.005238356661588931,0.017081160638060124,0.00883852465757418,-0.11005995506215493,0.023302533649283516,37.615,36.135,34.866,1,15,11,37.54638991856511,35.95210874701909,77.47747747747754,1.190058501527652,0.9544279369515498,39.95198420497849,32.31801579502151,0.018428180936513088,0.016447119694497542,0.01597159978044966,480044508.0,1.3125545537928773,0,0,-1,0,0,0.014039735099337779,0.3973756332086347,0.4100853720732171,0.2610899309697187,0.03205128205128216,0.16001200840588403,0.8584390785287241,0.023291925465838473,0.0
2022-11-16,37.99,38.64,0.002087683430483895,-0.01474507647785723,-0.007646708321042427,-0.45783247432404583,-0.01696504214478296,37.764,36.378499999999995,35.032666666666664,2,16,11,37.627046297007816,36.08358560205012,68.00000000000006,1.1565323602772253,0.994848821616685,40.00209097842867,32.75490902157132,0.018976121738405453,0.017094738368919716,0.016350463124398557,475398060.0,0.8894491732611685,0,0,-1,0,0,-0.0072463768115942325,-0.9142992871068489,0.43668245487671176,0.271370558711253,0.02123655913978495,0.14704106280193252,0.8773946046330593,0.01630955514609103,0.0
2022-11-17,37.63,37.99,-0.02534454559475119,-0.01812173160249485,-0.012786535423593733,-0.21859596323842106,-0.00952136259418827,37.831,36.6195,35.20233333333333,3,17,11,37.62758333391548,36.1833542728856,60.11560693641625,1.0883676358185994,1.0135525844570679,39.86522252924431,33.37377747075569,0.019169283712050438,0.017100621028205514,0.01620516317727021,471663959.0,0.622665672062406,0,0,-1,0,0,-0.015530402737562605,-1.3239048878684532,0.267541892822129,0.2714639430323607,-0.03065430190623386,0.14690643096616895,2.064049937950238,0.010895562051554708,0.0
2022-11-18,38.11,37.63,0.0229955950171248,0.024880162509918917,0.010990322881661085,-0.1647112745313142,0.012675110280422851,37.934000000000005,36.87,35.410333333333334,4,18,11,37.71529545502175,36.30765399721557,62.08791208791211,1.060849773227723,1.023012022211199,39.721393011365635,34.01860698863436,0.019473581010654578,0.017144987399047705,0.015519794185918267,474830994.0,0.8697503255828776,0,0,-1,0,0,0.01700770661706087,-1.4680982881075142,0.29025908699279823,0.2721682373352981,-0.006517205422314931,0.1513595166163142,0.6996117633728034,0.024870112831277717,0.0
2022-11-21,37.75,38.11,-0.005502437569607477,-0.005967069203432244,-0.0011196278274812296,-0.04836913337712383,-0.0094912391907351,37.96900000000001,37.0715,35.61333333333334,0,21,11,37.721605372290526,36.40070857804037,55.744680851063855,0.9984827894516499,1.018106175659289,39.52783252506365,34.61516747493635,0.019721225679977472,0.01730542399393179,0.015608814710544615,471813500.0,0.5524496321868456,0,0,-1,0,0,-0.0013119916032536647,-1.3920616508665176,0.27270969019879715,0.274715089322842,0.0,0.11951364175563461,0.6829279967722899,0.020132450331125776,0.0
2022-11-22,38.17,37.75,-0.006325798637692024,-0.005087078080564118,-0.0074607327149274144,0.005737950350907917,0.011064391062104733,38.042,37.248999999999995,35.83866666666667,1,22,11,37.8031316682377,36.514856411715186,61.877667140825075,0.9717453202316335,1.008834004573758,39.460271603685136,35.037728396314854,0.019974028654987097,0.016654323631740804,0.015410016165582316,474848358.0,0.8330048633240125,0,0,-1,0,0,0.001854304635761597,-1.2413829507115817,0.21303176265337362,0.26437919150143335,-0.012163561076604545,0.10254188330444847,0.3780313572012751,0.022137804558553808,0.0
2022-11-23,38.63,38.17,0.011828236207299588,0.01814226253276096,0.01972920662717949,0.2834357212779772,0.011979309921051519,38.184999999999995,37.461999999999996,36.07333333333334,2,23,11,37.953471364921754,36.65131728837873,61.877667140825075,0.9764182965380996,1.0023508629666265,39.29372739870284,35.63027260129715,0.019952191073830904,0.016465051516079455,0.015440443122932159,478877689.0,1.2752989345763284,0,0,-1,0,0,0.0026198585276395446,-0.7208588201679915,0.1866333919520332,0.26137458981247946,0.016846538562779623,0.1239453011347107,-0.5976003006413217,0.020709293295366405,0.0
2022-11-25,39.22,38.63,0.008585977033174135,0.016304016738126526,0.011212633769760637,-0.5494447141406281,0.015157644090010284,38.225,37.6585,36.29966666666667,4,25,11,38.183749298572344,36.81703875364462,64.26666666666671,1.0160177133418742,1.005084233041676,39.346728906903856,35.97027109309614,0.015141511652877136,0.015892155337517845,0.015075254742200162,481203702.0,1.8498676259059306,0,0,-1,0,0,-0.0007765984985762654,-1.5149542724560394,0.15982388608166942,0.25228014491927986,0.04225352112676051,0.11136299234910729,-2.102346944796585,0.025752167261601355,0.0
2022-11-28,38.57,39.22,0.009283202303549162,-0.011052643799145782,-0.0025963924750643116,0.6674133988961257,-0.01671204854806375,38.245999999999995,37.7755,36.49333333333333,0,28,11,38.25397669883192,36.930133027603034,57.47126436781612,0.9836124961557502,1.0007898856644908,39.36854375993034,36.18245624006966,0.01565629990231727,0.01579169821944072,0.01562911850677985,476669863.0,0.9974616140296614,0,0,-1,0,0,-0.0066292707802141256,-0.25241186532191556,0.22939700727975462,0.2506854376081299,0.012070322749934359,0.06458735854264441,-0.6920033025957409,0.01750064817215445,0.0
2022-11-29,39.25,38.57,-0.008506302096144338,0.0061131112430493646,0.004280439767291992,0.020727100996629933,0.017476672008281072,38.396,37.920500000000004,36.711,1,29,11,38.43507184449884,37.07980186453187,60.6847697756789,1.0012595482617215,1.000883818183937,39.49504053448523,36.34595946551478,0.015302789769521406,0.016115812824849966,0.015725166072016374,481298656.0,1.6887466164021743,0,0,-1,0,0,0.001555613170858239,-0.15222136634249825,0.22105175309271807,0.25583059746131004,0.039735099337748325,0.07977991746905078,-2.042223148889662,0.01910828025477707,0.0
2022-11-30,39.91,39.25,0.016686306808075237,0.013995059158372689,0.004777593179453664,0.035090060824343045,0.016675474832224993,38.523,38.069,36.931000000000004,2,30,11,38.7032406000445,37.26239529262659,65.24184476940383,1.0563247936636984,1.0119720132798893,39.80601377142072,36.33198622857928,0.01446889873394314,0.016139722192911213,0.015695150131117143,486092757.0,2.119729883884828,0,0,-1,0,0,0.0007643312101911117,-0.038569072846405365,0.2297972336405933,0.2562101469126787,0.04558553838092738,0.08040064970221983,-2.1191814290692683,0.028063142069656846,0.0
2022-12-01,40.08,39.91,0.01816397062767112,0.006613863255623162,0.022796275285516483,0.07842124566839241,0.004250537715966907,38.732,38.248000000000005,37.163,3,1,12,38.9535604909455,37.444176241489394,58.467741935483865,1.1009904441220684,1.0297756994483251,40.041163625962064,36.454836374037946,0.012624130622271811,0.01569990618059268,0.01554005366452222,491277952.0,2.0433160404055104,0,0,-1,0,0,0.002255073916311787,0.2667375958893909,0.2300208350145672,0.2492282841653649,0.03753559409785123,0.09808219178082189,-1.5913782628052198,0.01222554890219566,0.0
2022-12-02,39.75,40.08,-0.00904074465214907,-0.0072400765643330514,-0.007583453936247887,0.024274472837553254,-0.008267615676268363,38.944,38.3875,37.39433333333333,4,2,12,39.09836767440995,37.59293906461911,59.5075239398085,1.09711321363649,1.0432432022859581,40.19282399774712,36.582176002252886,0.012466100390354411,0.01584589635938064,0.015501742302668464,485965349.0,1.5094243489814287,0,0,-1,0,0,-0.010978043912175592,0.33925628094807997,0.24016623408184481,0.25154580640694973,0.013513513513513598,0.07548701298701288,-0.30571085446407037,0.012578616352201259,0.0
2022-12-05,39.5,39.75,-0.003031836582120125,0.011707693824049056,-0.006746890847034607,0.028477605672142824,-0.006309169193264721,39.083000000000006,38.508500000000005,37.60766666666667,0,5,12,39.17139173360814,37.71597525399852,62.589928057553976,1.0616297628157625,1.0469205143919191,40.26867074530597,36.74832925469404,0.012698249212235295,0.016004934092952176,0.015669253082021106,480499281.0,1.1265952495167149,0,0,-1,0,0,-0.0057861635220125,0.4071604896732786,0.19476449207394214,0.2540704521595835,0.024112004148301835,0.06526429341963325,0.045784219735867396,0.03126582278481011,0.0
2022-12-06,39.68,39.5,0.004544314813477554,-0.013212207648467457,0.0049691126010354076,-0.2540483827260979,0.0045466105095959275,39.276,38.6225,37.806333333333335,1,6,12,39.26386596386121,37.842686527934106,58.33333333333334,1.0360899678671416,1.0447544050869637,40.375703083681636,36.86929691631837,0.011834940424853668,0.0159592133541919,0.015485607393940184,484739060.0,1.2063633812225627,0,0,-1,0,0,0.005063291139240578,-0.31985805432545217,0.15960164734205642,0.25334465793247646,0.010955414012738807,0.06096256684491985,0.5615770827425937,0.012852822580645112,0.0
2022-12-07,37.81,39.68,-0.008601115509092124,-0.012372333052171438,-0.05083852397189075,0.7195900832853253,-0.04827366451383043,39.24,38.641000000000005,37.91266666666666,2,7,12,38.999526697704624,37.84057771968029,48.793565683646115,0.85509907475506,1.006823339020583,40.34888758412232,36.93311241587769,0.020022582113920637,0.019520676548858928,0.01771551711817148,476032287.0,-0.97313196456903,0,0,-1,0,0,-0.008064516129032265,2.014653029429765,0.3375844190312764,0.3098811334320679,-0.0526183913806062,0.009882478632478708,-1.8222473239525323,0.052102618354932524,0.0
2022-12-08,37.49,37.81,-0.030962225603966925,-0.01872089550586263,-0.0018069270434143035,-0.2714032061243847,-0.008499387155020873,39.126,38.655499999999996,38.016666666666666,3,8,12,38.725067298121964,37.817959802281564,49.056603773584904,0.6780253086443935,0.9410637329453451,40.31614635482351,36.994853645176484,0.019610400860644465,0.019565235160605373,0.017741889100264488,469395035.0,-1.403670319830207,0,0,-1,0,0,0.00925681036762746,0.8109097449815944,0.31361413829622886,0.31058847946475215,-0.06462075848303384,0.007795698924731198,-1.7999839163778106,0.03487596692451332,0.0
2022-12-09,38.01,37.49,-0.023867481406643316,-0.014077396187677236,-0.004632590781840018,-0.15605845795362894,0.01377505225333664,39.005,38.615,38.10733333333334,4,9,12,38.59505506209979,37.830349492456946,49.32975871313672,0.5730469983452267,0.8674603860253215,40.29811115434898,36.931888845651024,0.019471161632031168,0.01710481530867531,0.01729814811027896,475073265.0,-0.7189067679062668,0,0,-1,0,0,-0.00613496932515348,0.2885084656914906,0.36954468179893163,0.2715305251706723,-0.04377358490566041,-0.02086553323029372,-1.4190006251476137,0.024730334122599444,0.0
2022-12-12,38.94,38.01,0.017558312213378734,0.023353422503993145,0.016418976601643136,-0.16383015983960458,0.024172716942896175,39.042,38.644,38.19766666666667,0,12,12,38.657772323536186,37.90193984778231,57.40971357409714,0.5584566185000668,0.8056596325202706,40.32859771865077,36.95940228134923,0.020575769441274705,0.017796437214292877,0.01719855695603726,479893436.0,0.35141921032289203,0,0,-1,0,0,-0.002367797947908348,-0.09110170755231034,0.43993776217526936,0.2825096825519643,-0.014177215189873471,0.015119916579770631,-1.2602599695151189,0.03145865434001031,0.0
2022-12-13,37.77,38.94,0.048388234903570866,0.023071120901311835,-0.015342839828432663,0.31102030450953716,-0.03050686321968795,38.894,38.644999999999996,38.245,1,13,12,38.49635917380233,37.89342759953829,47.72209567198178,0.4473278978977291,0.7339932855957624,40.32738552437625,36.962614475623745,0.02181852337730946,0.0187546192233611,0.01819700840070249,473314785.0,-1.0401896441951415,0,0,-1,0,0,0.022085259373394953,1.071387901467638,0.47218015642467903,0.29772035039234884,-0.048135080645161255,0.0005298013245034205,-0.16492499113323358,0.07175006619009798,0.0
2022-12-14,38.14,37.77,-0.04365263015773664,-0.03675758373518405,0.012824113766971122,-0.16068836017949759,0.009748463447907557,38.717,38.62,38.285000000000004,2,14,12,38.43156659674736,37.90933549634227,47.18066743383197,0.38467915215062476,0.6641304589067349,40.31749040769299,36.922509592307,0.021192007309025256,0.018091862851051597,0.01805399349989186,478916884.0,-0.5655407510106052,0,0,-1,0,0,0.008737092930897491,0.5392077724566146,0.3407363170551674,0.28719941914662317,0.008727849775191698,-0.012939958592132483,-0.8491200668350463,0.020713162034609312,0.0
2022-12-15,37.29,38.14,-0.008434420059291787,-0.012295772961099419,-0.0183515966641188,0.03690073330955516,-0.022538405981543646,38.438,38.585,38.31133333333334,3,15,12,38.22400903370238,37.869378367546,39.217877094972046,0.26340530118465466,0.583985427362319,40.36408906318264,36.80591093681736,0.021655311444291933,0.018390225243213855,0.018410145768317468,473104202.0,-1.4558012038850432,0,0,-1,0,0,-0.009438909281594111,0.6354468210745847,0.37924186198151033,0.2919357752880371,-0.005334755934916058,-0.018425901553040358,-0.4334535045606044,0.026950925181013746,0.0
2022-12-16,37.28,37.29,-0.020321554928011985,-0.010318916803685397,-0.006374199380985277,0.4244605802722807,-0.0002682043733389645,38.190999999999995,38.5675,38.322,4,16,12,38.05237102757467,37.831353956736585,42.23826714801443,0.1645906851721719,0.5001064789242896,40.39243691311272,36.74256308688729,0.021750181769080904,0.01827561873204523,0.018276989043551108,464217974.0,-1.4110076800451874,0,0,-1,0,0,-0.007240547063555806,2.1960593390575522,0.3573427320532114,0.29011645332495156,-0.01920547224414615,-0.009301089556205233,-0.0021783286821676117,0.022800429184549394,0.0
2022-12-19,36.35,37.28,0.009677494882065218,-0.0002659928197621582,-0.01121916269082043,-0.7945111443193821,-0.025262785837862026,37.876,38.4795,38.297666666666665,0,19,12,37.74284902256109,37.73578273372132,33.06074766355138,0.01110811496100439,0.40230680613163255,40.55047714033469,36.40852285966531,0.022546316796246246,0.018794438434531376,0.01884420751227761,460203158.0,-2.056517146930794,0,0,-1,0,0,0.002682403433476433,-0.6877439060263624,0.2749287058177743,0.29835246077330474,-0.06651258346173594,-0.046182104434531523,0.6763600346127944,0.0343878954607978,0.0
2022-12-20,36.39,36.35,-0.031248297120431038,-0.02259983191724103,-0.005795517808476238,-0.18471106921825392,0.0010998076445401382,37.547,38.411500000000004,38.264,1,20,12,37.49687647300453,37.64895804122317,27.83375314861459,-0.10607746699886889,0.3006299515055323,40.66463138823085,36.158368611769156,0.02235736075102875,0.018728016669418358,0.018768534779775706,463540853.0,-1.7943915836947963,0,0,-1,0,0,-0.0033012379642367137,-1.1155972841524566,0.24442007124552542,0.2972980479405188,-0.03653693407466252,-0.03602649006622516,-0.32693764803352815,0.017037647705413505,0.0
2022-12-21,36.6,36.39,0.011798737504573192,0.007995164209774575,0.011557641036238603,0.0985204955918167,0.005754228783252099,37.426,38.333000000000006,38.236,2,21,12,37.33380802336734,37.58128332888619,28.195488721804495,-0.1799285358620324,0.20451825403201937,40.726580009767275,35.939419990232736,0.0180088040708582,0.018573173704783823,0.018803770939024893,467224123.0,-1.4480401682235837,0,0,-1,0,0,0.00741962077493806,-0.9481365625453805,0.22776356797109965,0.2948399920803731,-0.04037755637126372,-0.04113177888394026,-0.5140692863288987,0.01352459016393455,0.0
2022-12-22,35.46,36.6,-0.002458010250269004,-0.010992850062690762,-0.040907497491535376,0.4137827809694377,-0.031642939761258794,37.223,38.1745,38.178,3,22,12,36.99311565548236,37.44442633992579,25.597269624573343,-0.3266787631951402,0.09827885058658745,40.88422109654342,35.46477890345658,0.020070072056893564,0.01935674930203061,0.019593826361410483,461653072.0,-2.003527229029349,0,0,-1,0,0,-0.000819672131147572,0.17614315612744402,0.26766397734687175,0.3072788690627765,-0.049074818986323376,-0.08206057468288896,-0.6025246285387346,0.04385222786238014,0.0
2022-12-23,36.09,35.46,-0.033646994391847214,-0.014847674467094275,0.0027040506051601177,-0.5122637290921526,0.01761051800863537,37.031,38.018,38.086999999999996,4,23,12,36.828912809031024,37.35704399541445,31.406761177753538,-0.3876747673655814,0.0010881269961536821,40.83297948015332,35.20302051984668,0.02051787815480519,0.019495569192449987,0.01805927318498042,464990899.0,-1.3698146033341498,0,0,-1,0,0,-0.002820078962210982,-1.330534125236025,0.3315410406489326,0.30948256650524997,-0.03192060085836901,-0.07980622131565518,-0.26375115354296347,0.025491825990579153,0.0
2022-12-27,33.94,36.09,-0.021438580122189837,-0.034382133274643255,-0.04446468321867535,1.514270491971569,-0.06142155884861707,36.531,37.786500000000004,37.93966666666667,1,27,12,36.30365593466174,37.13658954409739,24.23698384201076,-0.60255568496504,-0.11964063539608505,41.12347168103064,34.44952831896937,0.024027680959821923,0.0230127292584703,0.02082280495087981,449816792.0,-2.305383663796633,0,0,-1,0,0,-0.04100858963701867,3.5093920799419984,0.5017394562248517,0.36531575164063357,-0.06629986244841823,-0.12004148301788964,-0.8691190374763846,0.03623747790218034,0.0
2022-12-28,32.19,33.94,-0.03379196208857498,-0.03768232843999052,-0.044357210780020084,0.15247760816237654,-0.05293841449536346,35.973,37.433499999999995,37.754333333333335,2,28,12,35.55571849199597,36.81745473480079,24.50090744101631,-0.903644088383821,-0.27644132599363225,41.526622730167205,33.340377269832786,0.026519589276493317,0.02441308646501565,0.022485372450591394,432143261.0,-2.5621025049428665,0,0,-1,0,0,-0.014142604596346402,2.9984146231331916,0.5445334379860108,0.3875457331316903,-0.11541632316570494,-0.17987261146496825,0.30332367285533857,0.04349176762969884,0.0
2022-12-29,33.38,32.19,-0.03373667461176837,-0.0005955926322578853,0.0006211180323907102,-0.40298591248535853,0.03630107292297247,35.497,37.107,37.57899999999999,3,29,12,35.16013331163306,36.59568346158784,32.716568544995795,-1.034312847889879,-0.42801563037288165,41.40499512624952,32.80900487375048,0.03049710739694731,0.025928599999863737,0.02319497213419775,443954862.0,-1.7342969875595098,0,0,-1,0,0,0.004970487729108534,1.273974684248052,0.6794167377995349,0.41160376466225296,-0.08797814207650267,-0.1636181408168378,0.4737001725729792,0.0407429598562013,0.0
2022-12-30,33.67,33.38,0.024428695684961865,0.008896855837736717,0.027558388216047346,-0.27828935731305526,0.008650314939293975,35.135000000000005,36.786500000000004,37.434999999999995,4,30,12,34.88919998224523,36.4069296898725,31.38936535162952,-1.1017677124841967,-0.5627660467951447,41.10696427817073,32.46603572182928,0.03099741727947867,0.026062477566011988,0.0231991259096009,452897162.0,-1.4426690278386096,0,0,-1,0,0,-0.006890353505092988,0.48419100584512775,0.6878461188504498,0.4137290051392062,-0.05047941342357587,-0.1599301397205588,-0.37071949916430935,0.022572022572022513,0.0
2023-01-03,32.6,33.67,0.02000962683856287,0.005887564843194925,-0.030823570313143256,0.24873432339353052,-0.03229494480032112,34.667,36.428999999999995,37.26733333333334,1,3,1,34.47298180365519,36.16132132278395,23.135593220339004,-1.227417333320389,-0.6956963041001937,40.89769296798378,31.960307032016207,0.03152689859357421,0.02658361816366286,0.023739953947433813,441429545.0,-1.7137001926214617,0,0,-1,0,0,0.004455004455004413,1.0302612148224093,0.6529695560035215,0.42200185565610887,-0.09670268772513169,-0.17987421383647795,0.6125252811388806,0.060276073619632005,0.0
2023-01-04,33.62,32.6,-0.03214938138917336,-0.0010278247729605546,0.018363296657196236,-0.2997785665226675,0.030808839607807413,34.394,36.135,37.117666666666665,2,4,1,34.31789420299061,35.9973651084108,32.18884120171673,-1.2305055851627529,-0.8026581603127055,40.526007557318025,31.743992442681975,0.034048258168142886,0.028108583055478132,0.024435263863357908,449926846.0,-1.1455229658206891,0,0,-1,0,0,0.004601226993864987,0.24609041818931507,0.618973129554302,0.44620992282719524,-0.009428403064230984,-0.14886075949367095,-0.4499611708699363,0.03970850684116579,0.0
2023-01-05,33.53,33.62,0.015151805020602246,-0.005893637215725751,0.016679689198655374,-0.4895530627797514,-0.002680567502332295,34.108000000000004,35.8275,36.977,3,5,1,34.17464071153777,35.83818026270688,29.72735268249781,-1.226081787202638,-0.8873428856906921,40.030565923572716,31.624434076427285,0.03396620328884435,0.027989579127274046,0.024413307533748582,444718848.0,-1.0932495667577184,0,0,-1,0,0,-0.011005353955978509,-0.6030863450406315,0.4402920217394057,0.44432079403278846,0.041627834731283064,-0.15498991935483863,-0.6213500609701587,0.01744706233223981,0.0
2023-01-06,35.08,33.53,-0.007547205635382966,0.03755969659354678,-0.012712035588361861,0.7165679659119337,0.04519060702584504,33.956,35.690999999999995,36.873999999999995,4,6,1,34.339251491258175,35.789265407048376,40.84507042253521,-1.0849966829637694,-0.9268736451453077,39.7992248695697,31.582775130430292,0.037918521203493066,0.02889211427854744,0.025939402906127108,455381674.0,-0.29745207207413343,0,0,-1,0,0,-0.01580674023262753,0.7531792706965026,0.4810337509531873,0.4586480953913692,0.05092869982025161,-0.07220312086749547,-0.32379393743646007,0.06556442417331826,0.0
2023-01-09,35.61,35.08,0.06197842871386066,0.022517134847691647,0.061716999457900185,-0.3041733864462446,0.014995329785704028,33.971000000000004,35.596999999999994,36.77333333333333,0,9,1,34.57029667466578,35.777699896916225,43.367752184273236,-0.9198160835405673,-0.9254621328243596,39.61699266823153,31.577007331768453,0.03699197557914072,0.029151740554225137,0.026004384400406554,463247992.0,0.006467673487436552,0,0,-1,0,0,0.0008551881413911385,0.03403590177027782,0.48179544222671694,0.4627695347469357,0.057618057618057605,-0.05014670578821023,-0.5322902059345063,0.028362819432743557,0.0
2023-01-10,36.21,35.61,0.010764976478064401,0.008590880049351228,0.008128386999695043,-0.3701210883954053,0.01670882648786347,33.983,35.507,36.673,1,10,1,34.86842455199927,35.80559022614744,49.42903752039152,-0.7320556015589617,-0.8867808265712801,39.37734120622917,31.636658793770827,0.03694701522954039,0.029245421731097544,0.026042841325547062,468680870.0,0.36327546463787236,0,0,-1,0,0,-0.0033698399326031296,-0.575351790175554,0.2920822812484689,0.4642566773261292,0.11073619631901832,-0.0473559589581688,0.14282103664392584,0.028583264291632247,0.0
2023-01-11,35.97,36.21,0.003375530631281214,0.004954593124683395,0.006935135007040012,0.5007112871938565,-0.0066500660700173075,34.186,35.35850000000001,36.586333333333336,2,11,1,35.06871099709031,35.816197308331475,48.31460674157302,-0.5957525960000538,-0.8285751804570348,38.88704987360679,31.82995012639322,0.03054936149841002,0.028582624984255185,0.025918243933379725,459717195.0,0.3466013075648746,0,0,-1,0,0,-0.01657000828500418,0.2645139863129869,0.3321650871825538,0.4537351051545641,0.0698988697204046,-0.07627118644067798,0.9667850159197529,0.026966916875173726,0.0
2023-01-12,36.97,35.97,0.024685763298759503,0.016340232845889494,0.018446582311229802,-0.10909157237702123,0.027421515241008027,34.664,35.3185,36.51033333333333,3,12,1,35.414399906710244,35.890636191664925,51.396226415094326,-0.40240120878439,-0.7433403861225059,38.74871420230405,31.88828579769595,0.02331441807669958,0.028688809556656862,0.026248227423054722,467754459.0,0.9629136273126605,0,0,-1,0,0,0.014734500973033115,0.009748577046605663,0.30654122370698367,0.4554207329844435,0.1025946913212048,-0.02118083134763049,0.0035597292815301154,0.02461455233973502,0.0
2023-01-13,36.99,36.97,-0.012960335828443912,0.0,-0.00583253979513318,-0.36385658805729504,0.0005408328958221015,35.025,35.261,36.413,4,13,1,35.700872650944746,35.96156288897687,56.306677658697446,-0.24473386884294968,-0.6436190826665946,38.5266805529152,31.995319447084807,0.02217714094913538,0.02858547285587303,0.02602048864852011,473340284.0,1.0588910776692848,0,0,-1,0,0,-0.02542602109818766,-0.6170440156475481,0.21782633712568616,0.453780313714964,0.05444697833523393,-0.030152071316203455,-0.16282287795409853,0.030278453636117992,0.0
2023-01-17,37.04,36.99,0.026295681084360787,0.0021586624680378854,0.014984660133453821,0.19536430037403424,0.001350803933615925,35.362,35.2485,36.311666666666675,1,17,1,35.94435035077297,36.031139476784816,54.11255411255409,-0.11442773220685609,-0.5377808125746469,38.483247366691884,32.013752633308115,0.022365822378114145,0.02815040655252825,0.026001009202304894,480131272.0,1.107659917090917,0,0,-1,0,0,0.0,-0.323191898262422,0.22227137912814582,0.4468738502601172,0.040157259196854866,-0.006704210244033226,0.7069722301467429,0.01776457883369334,0.0
2023-01-18,36.3,37.04,0.017153998760983294,0.016308341656876366,-0.017774062221032432,0.30624020559201415,-0.020180668507173573,35.732,35.1995,36.19666666666667,2,18,1,36.0090139233597,36.04848531699225,61.637080867850095,-0.07006334900528088,-0.44423731986077375,38.332774560853004,32.066225439147,0.02012705924390041,0.02850469550227469,0.02618129120636707,470907015.0,0.7024599846751991,0,0,-1,0,0,0.015928725701943938,0.2981007243207667,0.2768012029627701,0.4524980129798412,0.0024855012427504874,-0.026287553648068784,0.8622116286321461,0.05261707988980727,0.0
2023-01-19,36.45,36.3,-0.04428266614923597,-0.027693663882001698,-0.0020971695907234253,-0.5188799742592106,0.004123717183862156,36.015,35.204499999999996,36.095000000000006,3,19,1,36.08919321002157,36.07438949008952,74.94145199063233,-0.02254067442849106,-0.3598979907743173,38.345813670894984,32.06318632910501,0.018876961786921324,0.027952092222366335,0.02620098221232663,476397171.0,0.7929803454776632,0,0,-1,0,0,-0.008264462809917278,-0.6923645990311472,0.2695014755076429,0.44372570786594445,0.01334445371142623,0.0027510316368639653,0.33221878457492954,0.026200274348422446,0.0
2023-01-20,37.06,36.45,0.022522237348821805,0.011654827684242083,0.020090734638736004,-0.04517478858292333,0.01659676240254666,36.367999999999995,35.238,36.007666666666665,4,20,1,36.26570353547219,36.13797726492246,73.11557788944724,0.0636100327120559,-0.27519638607704267,38.44612521083972,32.02987478916028,0.01862224480537543,0.028187047184967392,0.026405070902428607,481644829.0,1.1358658906727022,0,0,-1,0,0,0.010150891632373043,-0.8025167520419774,0.20952737736730062,0.44745550226800174,0.002434406275358514,0.018411651552624475,-0.7932842063372734,0.017808958445763533,0.0
2023-01-23,36.69,37.06,0.00865338011962798,0.002422286206594717,0.002192382352523998,0.15027063192912818,-0.010033982490023173,36.528999999999996,35.24249999999999,35.970333333333336,0,23,1,36.342848347204516,36.17359163492747,68.78109452736314,0.10086645531263372,-0.1999838177991074,38.45891104338427,32.026088956615716,0.01459114914729324,0.028275360039879908,0.02504892490852668,475546270.0,0.9000715272243069,0,0,-1,0,0,0.0021586616297894845,-0.6261533852040203,0.2224971485747748,0.4488574253780136,-0.008110300081103139,0.0024590163934425924,-0.08171629444589122,0.018261106568547337,0.0
2023-01-24,36.68,36.69,0.03674260271350655,0.03512839735896525,-0.0030157665077292627,-0.44699596382871226,-0.00027259097892657036,36.635999999999996,35.3035,35.943333333333335,1,24,1,36.40414864771279,36.2062631423515,79.22636103151859,0.12810876412718386,-0.13436530141384917,38.582936890045865,32.024063109954135,0.014163938265761504,0.027281568298595127,0.0250059442105609,471645958.0,0.839473388969988,0,0,-1,0,0,0.05014990460615981,-1.184812715587457,0.22145964756424413,0.4330814705634374,-0.009719222462203025,0.03440496333897336,0.030160711098804357,0.05752453653217011,0.0
2023-01-25,36.87,36.68,-0.0563190843386043,-0.04322560759158483,-0.0043559864534472624,0.4956502631004775,0.005166564857789088,36.702,35.3425,35.90533333333334,2,25,1,36.48884889358319,36.249084875103016,76.42276422764225,0.16314921959013162,-0.07486239721305302,38.67936821341335,32.005631786586655,0.013359003834278481,0.027044083146129563,0.024884697679324774,478048575.0,0.9155291143113429,0,0,-1,0,0,-0.007088331515812378,-0.5720620789177886,0.15346943444571945,0.4293115106424726,0.015702479338842945,0.021612635078969156,0.0930338314403644,0.01731217792243019,0.0
2023-01-26,35.7,36.87,-0.011599135843351918,-0.015017347066953044,-0.04057015350597161,0.9594228440532288,-0.032247523460459615,36.675,35.430499999999995,35.797333333333334,3,26,1,36.34542182202261,36.21366004445121,65.00691562932226,0.0954099841882794,-0.04080792093278654,38.703859613287044,32.157140386712946,0.01699996325851565,0.02431851654309828,0.025038704953853057,461336531.0,0.1646626291263981,0,0,-1,0,0,-0.023596419853539396,2.2188278715206047,0.28979635042375446,0.38604448216228926,-0.020576131687242816,0.051856216853270576,-0.8043545693291623,0.042857142857142885,0.0
2023-01-27,36.24,35.7,-0.014549781014731299,0.0012371985906928717,0.017931318638093673,-0.7124164450615623,0.015012792389185134,36.602,35.632999999999996,35.74633333333334,4,27,1,36.32625421801849,36.2153593964221,59.32475884244374,0.08432756346957859,-0.015780824052313517,38.5432367420436,32.722763257956395,0.015000160911148882,0.020785992279641643,0.02468616322291761,469533080.0,0.4171481936371709,0,0,-1,0,0,-0.006162464985994564,0.056426237735428306,0.2826749942977576,0.329967397953842,-0.0221262817053427,0.12581547064305698,-0.9181114055580545,0.026076158940397356,0.0
2023-01-30,35.47,36.24,0.014549781014731365,0.013373561766044158,-0.0002821272412564847,-0.1602302920254579,-0.021476212389248257,36.45,35.7375,35.65733333333333,0,30,1,36.17057163292422,36.16727169342713,48.91640866873065,0.013259255915393453,-0.009972808058772122,38.45051638305786,33.024483616942135,0.016146401116987584,0.02031356283977426,0.024864520129857952,462550050.0,-0.19719748223451322,0,0,-1,0,0,-0.006622516556291445,-0.2789213571809595,0.3071049949802769,0.3224678130943542,-0.03325156718451894,0.06261234272019167,-0.39839719901538934,0.040738652382294904,0.0
2023-01-31,35.77,35.47,-0.011454238934008586,-0.022343469420817868,0.0015507157544690372,-0.220321935756222,0.008422284485395967,36.323,35.842499999999994,35.60666666666667,1,31,1,36.097740426938,36.14164126159312,46.42857142857145,-0.01864052072581046,-0.01170635059217979,38.37515722741596,33.30984277258403,0.016562489274629052,0.02031037929993342,0.024637006136270023,468152259.0,-0.05725212177564326,0,0,-1,0,0,0.0033831406822668326,-0.6945034576017373,0.32419697080341925,0.3224172759661078,-0.024809160305343414,0.062370062370062485,-0.6131103394883968,0.01607492311993298,0.0
2023-02-01,35.63,35.77,-0.0025320030407312553,0.0016620502441012039,-0.009767223234675314,0.5045991565483899,-0.003921573653181691,36.256,35.994,35.55166666666666,2,1,2,36.01269671294927,36.108632147941954,47.194719471947224,-0.05458888680395546,-0.020282857834534925,38.022246844730944,33.965753155269056,0.015517449300366267,0.01867249572015594,0.02464180280964432,458873200.0,-0.35893067054003863,0,0,-1,0,0,-0.007548224769359886,0.6345113907772549,0.3127087933223138,0.2964166801947032,-0.03363167887171126,0.09294478527607364,-0.2747586537425355,0.027504911591355707,0.0
2023-02-02,36.82,35.63,0.005617992304223274,0.032137842073517706,0.010654278621157705,0.04187305290941518,0.032853196187187156,36.293000000000006,36.154,35.56733333333333,3,2,2,36.159479128776674,36.15452684807473,48.80000000000001,0.0127973094231848,-0.01366682438299098,37.875375215222356,34.43262478477765,0.01909746837111168,0.018836393535757823,0.025003733561170628,468549051.0,0.7737999177755889,0,0,-1,0,0,0.0019646365422396933,0.74647519023159,0.3253359283789821,0.29901847735775905,0.03137254901960773,0.09518143961927428,-0.08211759029025405,0.048438348723519924,0.0
2023-02-03,36.35,36.82,0.019143322838474995,-0.014307168056891466,0.02126332434714744,-0.6945645975028196,-0.012846971825403383,36.221999999999994,36.295,35.566,4,3,2,36.19411928718091,36.167138019166686,45.22388059701491,0.027954046530794585,-0.005342650200233868,37.49414882093069,35.095851179069314,0.018701084284196503,0.01917698007319815,0.02512456295351809,463717978.0,0.09173173344291452,0,0,-1,0,0,-0.01167843563280825,-0.9565613395657947,0.3380217620192582,0.3044251210255412,0.0030353200883002085,0.0841037876528481,0.9429554833030126,0.013480055020632792,0.0
2023-02-06,36.02,36.35,-0.010775073167958412,-0.01162247307415505,-0.012477633118249122,-0.09604419916919045,-0.009119864231718263,36.154999999999994,36.342,35.54666666666667,0,6,2,36.162461234966194,36.15764524373658,42.69340974212037,0.013185632053506424,-0.0016369937494858096,37.40679748507078,35.277202514929215,0.018659071841641194,0.016617370963466938,0.025158723362320272,459329316.0,-0.604809843213687,0,0,-1,0,0,-0.009628610729023422,-1.0073677990369745,0.2965447113895969,0.26379258607823586,0.015506061460389242,0.026795895096921374,1.3628604117985834,0.01429761243753452,0.0
2023-02-07,36.19,36.02,-0.0027816429618768026,0.0010996564682013363,-0.007562002146365955,0.20828377270550913,0.004708497827840823,36.10600000000001,36.371,35.571000000000005,1,7,2,36.16746828315416,36.15973264736648,49.14196567862715,0.015025926898324826,0.0016955903800763175,37.38209424830224,35.35990575169777,0.018767518497669347,0.01632794144851904,0.024481639921994317,464734228.0,-0.3580279490342813,0,0,-1,0,0,-0.00333148250971695,-0.5989985606200305,0.2935573373702207,0.25919803496643073,0.011741682974559575,0.016287559674248664,1.597934705403107,0.022796352583586706,0.0
2023-02-08,35.3,36.19,0.0008353056311942492,-0.00841558391552402,-0.007902948273185129,0.015428992845568493,-0.024899873636400026,35.949,36.3255,35.54466666666667,2,8,2,36.009746777126125,36.10426602495575,41.95804195804191,-0.054700633287623646,-0.009583654353463675,37.44336403466726,35.207635965332734,0.019968594138429753,0.016824039098361658,0.02470014036114838,459245277.0,-1.8347490717960957,0,0,-1,0,0,-0.007184305056645427,-0.5708430807618872,0.35265584763049623,0.26707334101135377,-0.009261857984844357,-0.025131179232256384,1.1224215229439367,0.02266288951841372,0.0
2023-02-09,34.85,35.3,-0.012321634467022237,-0.006951230547967479,-0.01312055330926892,0.07415347812215885,-0.012829826732718028,35.864,36.2695,35.575,3,9,2,35.798883726739554,36.023345636248926,34.191702432045744,-0.14460377151550574,-0.03658767778587209,37.56106738724394,34.977932612756064,0.01784575375501264,0.016984049070689924,0.022186122260542264,453333830.0,-2.1981044334497373,0,0,-1,0,0,0.005382436260623367,-0.3719143658771568,0.16680788247743547,0.26961342057577925,-0.05350353068984248,-0.031137058659994388,0.440761700372187,0.028981348637015927,0.0
2023-02-10,34.57,34.85,-0.028291642621091094,-0.031172827293770862,-0.02030232145929399,-0.20646760660988683,-0.008066883272999745,35.697,36.1495,35.654333333333334,4,10,2,35.57545032187782,35.92958140165223,34.63768115942027,-0.23572897928361414,-0.07641593808542049,37.60286596615643,34.69613403384358,0.016810944964761057,0.015567675201679612,0.019930704454292625,448525148.0,-2.1735750482408096,0,0,-1,0,0,-0.010043041606886698,-0.6981999877463647,0.1668438379979767,0.2471291824504293,-0.04896836313617614,-0.06491750067622393,-0.0003822666547336176,0.01764535724616718,0.0
2023-02-13,35.07,34.57,0.002026929896219111,0.01315432179109248,0.010202682876876513,-0.26587683410839047,0.014359810218553471,35.657,36.0535,35.710666666666675,0,13,2,35.48355026335457,35.87412453702951,39.10690121786196,-0.2645509628138001,-0.11404294303109641,37.52661735338537,34.58038264661463,0.01666940075942637,0.016049246447007212,0.018992890842915815,452211164.0,-1.3352636132346418,0,0,-1,0,0,0.0,-1.031829559726484,0.2415471404185459,0.25477388897260833,-0.026374236535258277,-0.05190592051905929,0.1111576989368086,0.020530367835757228,0.0
2023-02-14,35.51,35.07,0.014644913570448998,0.012843306876215542,0.008375500224277837,0.3697246902280691,0.012468282802909647,35.631,35.977,35.772000000000006,1,14,2,35.488359306381014,35.850632631414705,41.09947643979057,-0.24901774805466914,-0.14103790403581096,37.39218233900607,34.561817660993924,0.016974740511508914,0.016383807747350213,0.019053960166135347,457546068.0,-0.6599856246481808,0,0,-1,0,0,0.0002851439977187913,-0.4412247616847182,0.26693187989031064,0.26008488496669213,-0.018789720917380515,-0.04130669546436283,0.02166725010564181,0.02492255702618975,0.0
2023-02-15,35.72,35.51,0.001993450752691652,0.0054541775653623404,0.008020667460828877,-0.039877375385193495,0.005896409053301702,35.64,35.948,35.876,2,15,2,35.53047579612992,35.84220471971053,50.14970059880236,-0.21725790460458683,-0.15628190414956614,37.35907797539142,34.53692202460858,0.017045928791745612,0.015902616802468857,0.01796478005975761,462672416.0,-0.3231571946784252,0,0,-1,0,0,-0.010137989298789058,-0.4497453502525591,0.19428485365794967,0.2524462155269386,0.011898016997167193,-0.01597796143250685,-0.41347671215786824,0.022396416573348385,0.0
2023-02-16,35.41,35.72,0.007087201883054831,-0.0100926003872242,-0.0048620144398200706,0.08244986093058493,-0.008716489884486003,35.499,35.896,35.93566666666666,3,16,2,35.508571105924474,35.814320544245334,43.565891472868174,-0.2146283075470663,-0.16795118482906618,37.305836123363314,34.48616387663669,0.012605291775479067,0.015956294772202118,0.017279316678664638,457105488.0,-0.6894418322047248,0,0,-1,0,0,-0.008958566629339314,-0.2990253472298908,0.17549917107420093,0.253298326879721,0.01606886657101847,-0.02853223593964349,-0.27457315619072875,0.017226772098277308,0.0
2023-02-17,35.36,35.41,-0.001979358768674905,-0.0002818092170265036,0.0031487073388178502,-0.26974064500090766,-0.0014130283543696007,35.4,35.811,35.99666666666667,4,17,2,35.48155817757457,35.7850095413908,49.04013961605585,-0.21411077928209465,-0.17718310371967189,37.12722906341252,34.49477093658748,0.01221593647684707,0.015380816962708392,0.017269368857213738,452854707.0,-0.6852910523502882,0,0,-1,0,0,-0.002259248799774027,-0.7290608616564899,0.15362588397237098,0.24416289986598136,0.02285218397454436,-0.04587155963302758,-0.48613021108850696,0.013857466063348272,0.0
2023-02-21,33.76,35.36,-0.014253376993144017,-0.01462159628554841,-0.04053623941043817,0.4419862417025961,-0.04630456804168639,35.174,35.6645,35.95266666666667,1,21,2,35.16854759983374,35.65436376452688,35.70412517780932,-0.3389006271738353,-0.20952660841050458,37.20236557485347,34.12663442514653,0.018204617402622532,0.018097620000727753,0.017251533738740908,446241366.0,-2.476809457395468,0,0,-1,0,0,-0.014988687782805462,0.07017483611296196,0.35894811611954064,0.28729081106444526,-0.03735386370116911,-0.07985827200872175,-1.5807347391700646,0.04043246445497636,0.0
2023-02-22,33.6,33.76,-0.033574895003783745,-0.02798703653966882,-0.007468294607525799,-0.1643323917654557,-0.004750602758597753,34.915,35.5105,35.885666666666665,2,22,2,34.88335712713669,35.52182416681546,35.60283687943259,-0.4455718683747847,-0.2567356604033606,37.226707262665236,33.794292737334764,0.017809471022196457,0.018076802138393598,0.016985735551752514,440630211.0,-2.2264210641237243,0,0,-1,0,0,-0.002369668246445447,-0.30743117630883815,0.3170371162266787,0.28696033774506036,-0.05378766544635305,-0.08396946564885488,-1.830467758475925,0.01934523809523805,0.0
2023-02-23,33.64,33.6,0.002964722005528102,-0.0023557136924590365,0.0008991458720563721,0.10221718928592297,0.0011897681355887508,34.749,35.349000000000004,35.8,3,23,2,34.657292194930015,35.400416156053176,23.050847457627043,-0.5208775773684096,-0.3095640437963704,37.13310408004274,33.564895919957266,0.016861382814557225,0.01798942573657462,0.01662993534740612,446845261.0,-1.9158075127086334,0,0,-1,0,0,0.0053571428571428485,-0.09378627297035962,0.302770892149781,0.2855732803670484,-0.05823068309070545,-0.08760509899647406,-2.031375364697202,0.016052318668252054,0.0
2023-02-24,33.57,33.64,-0.018826194747782573,-0.009181169186688149,-0.010540678830990757,-0.1511834824391178,-0.0020830241128037092,34.620999999999995,35.24249999999999,35.72,4,24,2,34.45960270494274,35.28232479114652,24.727272727272663,-0.5795258954988185,-0.3635564141368601,37.18559438511821,33.29940561488178,0.016629724532690092,0.0168025635053374,0.01660999429857688,441502245.0,-1.7214809664515993,0,0,-1,0,0,-0.014565992865636207,-0.3646717991007205,0.31054862441055253,0.2667324265409548,-0.051962722394803595,-0.05966386554621861,-2.1713508356556765,0.01727733095025315,0.0
2023-02-27,33.54,33.57,0.02531780798429,0.015060080886463946,0.013979934557532426,-0.10398923921403723,-0.0008940545968808014,34.518,35.1075,35.60566666666667,0,27,2,34.29240221313497,35.16991674010481,26.15384615384606,-0.6212643111793454,-0.41509799354535715,37.13225079688295,33.082749203117054,0.016571746558882453,0.01626959508888398,0.015621690619701251,436686932.0,-1.5483386917670325,0,0,-1,0,0,0.012809055704498055,-0.6241017985380641,0.31152020733816527,0.25827181522142895,-0.05147058823529416,-0.07450331125827825,-2.1700873849103703,0.018634466308884913,0.0
2023-02-28,33.58,33.54,-0.012429872966766719,-0.0045531399802129415,-0.004638296637582758,0.0853515930580177,0.0011918952543319029,34.369,35.013,35.492000000000004,1,28,2,34.16287453801952,35.067341466549664,24.260355029585767,-0.643694530744682,-0.46081730098522217,37.140336857497594,32.8856631425024,0.015525664111077342,0.015764408054992286,0.01562741056456076,441931289.0,-1.3472243429144997,0,0,-1,0,0,0.001192605843768609,-0.283221695634573,0.03948416607986145,0.2502522196779182,-0.005331753554502328,-0.05328446574570056,-0.7469118523511826,0.018612269207861822,0.0
2023-03-01,33.65,33.58,-0.0008937882317040283,-0.0036663625399902785,0.0029949108938527188,-0.36531320091030767,0.0020824044413420197,34.183,34.907,35.379,2,1,3,34.06962462201597,34.97590008161098,30.588235294117638,-0.6483484688002008,-0.49832353454821793,37.08615579984652,32.72784420015347,0.014594853902731339,0.015592272440022585,0.01563517984185666,445570764.0,-1.1536577605773073,0,0,-1,0,0,-0.0008933889219774014,-1.2520367958665664,0.027343438671028238,0.24751965150399624,0.0014880952380951218,-0.059267542633491876,-0.6561013996945854,0.011907875185735528,0.0
2023-03-02,33.92,33.65,-0.0044809634350359805,0.0026353586928637364,-0.0034449221517283825,0.07878732231828532,0.007991754832965704,34.003,34.8215,35.29966666666667,3,2,3,34.042420145285796,34.90777749570059,38.57493857493858,-0.6230676684869962,-0.5232723613359735,37.015350496274735,32.627649503725266,0.014788423515037692,0.015780137661069168,0.015425733612301673,449508582.0,-0.8218426930465782,0,0,-1,0,0,-0.007429420505200595,-1.0426211821987874,0.06220060870430883,0.25050191943332084,0.00832342449464929,-0.04799326410328375,1.3001867310684851,0.017836084905660285,0.0
2023-03-03,34.18,33.92,0.02366974408590492,0.015499652303644881,0.017160244257150813,-0.016881420160905138,0.007635866763742459,33.88,34.689499999999995,35.224000000000004,4,3,3,34.067434664324736,34.8608241088812,45.18518518518517,-0.5754195466634187,-0.5337017984014626,36.68584903603786,32.69315096396213,0.01523984101939067,0.013613324243053641,0.01548863975609226,453380482.0,-0.5104317840242972,0,0,-1,0,0,0.008254716981132108,-1.352416666011082,0.06368562882512331,0.21610482278403928,0.018170985999404143,-0.07170016295491577,0.2760558305676048,0.01633118782913983,0.0
2023-03-06,33.76,34.18,0.0023364496610195056,0.0005802146957087529,-0.008793244899994097,0.38359894664448974,-0.012364007959688544,33.72,34.559999999999995,35.114000000000004,0,6,3,34.01153745262933,34.7898031986308,33.5012594458438,-0.5650351828795408,-0.5399684752970783,36.43515613385154,32.68484386614845,0.015466861403728846,0.01359687708377131,0.015179832628658274,447698249.0,-0.8532622809992982,0,0,-1,0,0,0.0029256875365711358,0.7474959590376677,0.13065766276503818,0.21584373222463218,0.0065593321407273475,-0.07125171939477315,-1.4761610462983925,0.02591824644549763,0.0
2023-03-07,33.37,33.76,-0.018549037638842303,-0.011084994061640777,-0.009117468435531,0.3089714773188396,-0.011619376964473783,33.681,34.427499999999995,35.00333333333333,1,7,3,33.894894279423994,34.698202992267525,22.70408163265307,-0.5815712490559406,-0.5482890300488508,36.24179267064118,32.61320732935881,0.006907029557456102,0.013660440596009595,0.015207418821085304,439958914.0,-1.165743561788483,0,0,-1,0,0,-0.0032582938388625426,2.4625208498422304,0.15964802278756401,0.21685277169967407,-0.0062537224538415925,-0.07357023875624669,-0.38486138784455287,0.02397063230446512,0.0
2023-03-08,33.9,33.37,-0.005961269516499222,-0.005289640810149043,0.0026990569691652047,-0.2798060734802917,0.015757721623121956,33.711,34.312999999999995,34.910666666666664,2,8,3,33.89582259225599,34.646706025024464,28.537735849056602,-0.545620061598072,-0.547755236358695,35.93813286906361,32.68786713093638,0.008587055516536398,0.014239351028415137,0.015590149979255863,445809312.0,-0.5082661336336941,0,0,-1,0,0,0.002397362900809272,0.5931131409719423,0.20203055132483022,0.22604268991282966,0.007429420505200568,-0.06327714838353138,-0.29259538820258413,0.01563421828908558,0.0
2023-03-09,33.08,33.9,0.013068199044722447,0.013470189031000838,-0.01767551115872233,0.3845682062919593,-0.024486144230913998,33.655,34.202,34.78433333333333,3,9,3,33.747491211845805,34.54562821695837,25.47368421052633,-0.5766483898108703,-0.5535338670491301,35.846430472520254,32.55756952747974,0.011689167168614498,0.014207633927387001,0.01600742004950897,437215195.0,-1.3646061888897258,0,0,-1,0,0,-0.00029498525073740447,2.5045243725477078,0.25850165791783725,0.2255391965430595,-0.024764150943396346,-0.06288951841359769,0.29661643438968205,0.04761185006045958,0.0
2023-03-10,32.77,33.08,-0.031168240688340378,-0.04005876055200498,-0.024376399826075278,0.44592088277847364,-0.009415407444767163,33.575,34.098,34.68666666666666,4,10,3,33.569765536964745,34.43107155779977,24.15169660678646,-0.6191161866749013,-0.5666503309742844,35.83060497517639,32.365395024823606,0.011945941888471132,0.014107223843935143,0.01514399819821684,423791804.0,-1.532951848836513,0,0,-1,0,0,-0.006952841596130499,3.4703173868270714,0.23342483496907362,0.22394523588343834,-0.0412521942656523,-0.059684361549497744,1.3158641462987892,0.030973451327433642,0.0
2023-03-13,31.06,32.77,-0.021539294246991237,-0.021730005749803678,-0.032862707982042924,-0.10910052837964868,-0.05359264499018232,33.327,33.9225,34.514,0,13,3,33.11344453024388,34.21358307019979,23.632812500000014,-0.7817434783868933,-0.6096689604568062,36.106160615621576,31.738839384378426,0.01972860120791056,0.01788768909836986,0.017246005760697916,411755851.0,-2.621744404347557,0,0,-1,0,0,-0.018919743667989153,2.273774215283974,0.39335525914439445,0.28395826130356705,-0.07997630331753558,-0.10153312120335556,-0.3573376719137056,0.043142305215711524,0.0
2023-03-14,30.53,31.06,-0.017571835869634525,-0.013236975958975997,-0.028152432057029744,0.22868754851586698,-0.017211010973754496,33.022,33.695499999999996,34.349333333333334,1,14,3,32.64372734292681,33.97593254954174,22.040072859744996,-0.9425284678662393,-0.6762408619386928,36.28338655897276,31.107613441027237,0.019682218340172954,0.017448950973618222,0.017126454852995472,396627269.0,-2.4463978059815066,0,0,-1,0,0,0.017063747585318777,2.619182068719433,0.3911195202176409,0.27699350949091306,-0.0851063829787233,-0.129455374964357,-0.14257392417558148,0.05813953488372088,0.0
2023-03-15,29.73,30.53,-0.054146363369956936,-0.051301545178595115,-0.023854650365789147,-0.1695814985175702,-0.026553169736780225,32.63,33.4065,34.148,2,15,3,32.11395873512193,33.70200141731324,18.720000000000013,-1.121576212126513,-0.7653079319762568,36.400313094051185,30.412686905948817,0.0198960373072997,0.017343432698229022,0.017365705892185983,383858474.0,-2.4560651480249995,0,0,-1,0,0,-0.019816573861775315,1.6410734552698587,0.25658198335146937,0.27531845879819955,-0.12300884955752212,-0.16277105040833562,-1.307544984216541,0.029936091490077383,0.0
2023-03-16,30.48,29.73,-0.011933917579651006,0.00952544564748871,0.0005099005804368318,-0.2974605584712109,0.024914093808439206,32.286,33.1445,33.97633333333333,3,16,3,31.816875328736128,33.49413035813174,27.70562770562772,-1.1892452287164517,-0.8500953913242958,36.2022974529333,30.086702547066704,0.022416199019999226,0.01868553054768234,0.018277406588650787,393341882.0,-1.7427576816404153,0,0,-1,0,0,-0.005381769256643126,0.6302600929280281,0.44603924434903597,0.29662360166680807,-0.07859733978234573,-0.14669652855543114,0.39751257311300814,0.038221784776902856,0.0
2023-03-17,30.03,30.48,0.02174362298020769,-0.006230549750636086,0.010311983863665782,-0.2027943145858999,-0.01487384882320659,31.871,32.8755,33.75,4,17,3,31.491988905329556,33.27063807696196,26.122448979591866,-1.2646070482246223,-0.9329977227043612,36.038892416213216,29.71210758378679,0.021510793484597304,0.01875118580266991,0.01684490687727954,385599190.0,-1.7990180322972713,0,0,-1,0,0,-0.008530183727034173,0.09928294999886705,0.4426825655959757,0.2976658465285779,-0.08361306072627406,-0.1519344817848064,0.5947569375710389,0.02231102231102225,0.0
2023-03-20,30.08,30.03,-0.007306575182438139,-0.0006581112445491904,0.004028202828604788,-0.30031496131360047,0.0016636170863999996,31.503000000000004,32.6115,33.541,0,20,3,31.23526364981509,33.064790459093444,26.22282608695653,-1.3052511284863009,-1.0074484038607492,35.78313929056915,29.439860709430846,0.021984231704581306,0.018820889884902523,0.01686976350948389,391333311.0,-1.5963353761743333,0,0,-1,0,0,-0.0009990009990010367,-0.5115741301802247,0.32153443779009017,0.2987723645302989,-0.03155183515775917,-0.14932126696832582,1.0905072746906623,0.01761968085106375,0.0
2023-03-21,31.04,30.08,0.017839918128331016,0.025511173093187144,0.01727043921904632,0.15220481073613948,0.031416196233378914,31.27,32.4755,33.375,1,21,3,31.199761168030527,32.93415881657129,34.18181818181819,-1.2456389277968896,-1.0550865086479773,35.67294289278794,29.27805710721206,0.02587228742986081,0.01866621842021219,0.018229899964783514,398010114.0,-0.8979050123070976,0,0,-1,0,0,0.01529255319148939,-0.2353440543190298,0.3967588819641994,0.29631703114736646,0.016704880445463477,-0.08056872037914686,0.010241317904181877,0.025612113402061796,0.0
2023-03-22,30.08,31.04,0.01945586661536588,0.005599566667060857,-0.010093574566125403,-0.16044252061280323,-0.03141619623337893,30.887999999999998,32.299499999999995,33.17133333333333,2,22,3,30.996168228388612,32.750019538082825,28.52348993288588,-1.2613200933217463,-1.0963332255827312,35.62141114935654,28.97758885064345,0.025522900619758395,0.019613551406453347,0.018743546706184378,392323035.0,-1.3362789672625137,0,0,-1,0,0,0.0032216494845361283,-0.5279181315279599,0.4198375339563253,0.3113554760895401,0.011772620248906795,-0.10476190476190483,-0.14284672052854092,0.042386968085106336,0.0
2023-03-23,29.62,30.08,-0.026026192485466056,-0.02716855331450887,-0.025774188468510414,-0.13010074707032557,-0.015410690241986243,30.541999999999994,32.098499999999994,32.982,3,23,3,30.745955823227046,32.548082793690384,25.054704595185996,-1.2959270453047935,-1.1362519895271437,35.562341949720086,28.634658050279903,0.025187784910127037,0.01967120969848726,0.018500316567963686,387329740.0,-1.4310699136837217,0,0,-1,0,0,0.008643617021276648,-0.7069087043082599,0.3789568044739295,0.31227077309999496,-0.028215223097112885,-0.11950059453032102,1.0547717808578096,0.04051316677920322,0.0
2023-03-24,29.63,29.62,-0.035220813080744116,-0.02691639483769744,-0.01201731200401744,0.23479532143090726,0.00033755274582111507,30.227999999999998,31.9015,32.808,4,24,3,30.54305476445849,32.35981938764584,26.345933562428385,-1.307474633948999,-1.1704965184115148,35.4598395003863,28.343160499613695,0.025430631907185548,0.019704993919423146,0.01848177322148048,393644510.0,-1.2767190987556978,0,0,-1,0,0,-0.011141120864280953,-0.3384324174038618,0.370727339439948,0.31280708098100146,-0.013320013320013424,-0.1173666964551684,0.5080505998031759,0.02497468781640236,0.0
2023-03-27,30.15,29.63,0.027611181654000318,0.022644990281989023,0.02927370367097587,-0.21053584675802975,0.017397561587720465,30.137,31.732,32.660666666666664,0,27,3,30.471590261829668,32.2172503948945,31.828442437923243,-1.260140412699318,-1.1884252972690756,35.28466897446342,28.179331025536577,0.021797232449468913,0.020378409909415904,0.01893254001782721,398760421.0,-0.8905980328431465,0,0,-1,0,0,0.016199797502531234,-0.6969939263687333,0.3980116482871207,0.32349722841149264,0.002327127659574435,-0.10107334525939182,-0.017265377612437547,0.018573797678275366,0.0
2023-03-28,30.63,30.15,0.0013275806795520376,0.010970228723704992,0.011009285508369396,-0.23208179381330085,0.015794997671489446,30.147000000000002,31.584500000000002,32.51266666666666,1,28,3,30.50039203240609,32.11484714361098,31.441543700340503,-1.1704040238262117,-1.1848210425805028,35.05819346888862,28.110806531111386,0.021886975377568237,0.02087828780347114,0.018984327426552972,402816731.0,-0.5495591413282581,0,0,-1,0,0,0.0,-0.9767468956250933,0.32929049314837583,0.3314325439729057,-0.013208762886597891,-0.08784991066110781,-0.5053119810609832,0.018445968005223565,0.0
2023-03-29,31.44,30.63,0.02780228131195178,0.02397347536508694,0.023931645315718456,0.15384387965725652,0.02610104671632198,30.318,31.474,32.376999999999995,2,29,3,30.671229844695887,32.071308618216726,40.6818181818182,-1.022144414038717,-1.1522857168721456,34.80887094361033,28.13912905638967,0.021054726590935994,0.021957810058094274,0.019570780981111455,407547641.0,-0.02039059416385723,0,0,-1,0,0,0.012079660463597814,-0.8097911406872302,0.26210631085062236,0.3485694284958611,0.04521276595744683,-0.06567607726597313,-0.8048141780941559,0.018447837150127173,0.0
2023-03-30,31.82,31.44,0.025479085300984968,0.022479921716514226,0.0277897259806182,0.07455241183213343,0.012014055348634969,30.451999999999998,31.369,32.247,3,30,3,30.88009714566027,32.05509515897694,44.644870349492656,-0.8640248403985069,-1.094633541577418,34.50597071442629,28.23202928557371,0.020096307532862432,0.022085144143850426,0.019709067437691307,412644732.0,0.28753854661501504,0,0,-1,0,0,0.011450381679389294,-0.7306192338366766,0.15067966122378318,0.35059079444185637,0.07427413909520597,-0.06191037735849059,-0.5283411568242911,0.0133595223130107,0.0
2023-03-31,32.54,31.82,0.011412615076832387,0.01251271442517841,0.010383866658137621,0.018711864478951904,0.022375078881250805,30.703000000000003,31.287,32.15133333333333,4,31,3,31.18189766463113,32.08637934226875,59.39086294416245,-0.6728596491943684,-1.010278763100808,34.19172645691192,28.382273543088072,0.019587236421862945,0.022708509134969728,0.020255211452708383,417838097.0,0.8627318397010708,0,0,-1,0,0,0.010842237586423597,-0.7356474874948441,0.08977730114118151,0.36048640689701034,0.09821127235909555,-0.04798127559976595,0.2905717337505611,0.015328826060233645,0.0
2023-04-03,31.69,32.54,-0.002957891157900044,-0.007396027550800427,-0.01353628825337054,0.1578353240862707,-0.026468928088062327,30.863999999999997,31.183500000000002,32.029,0,3,4,31.274279907425466,32.06080648147722,57.07317073170733,-0.5832247028185407,-0.9248679510443546,33.855390913312554,28.51160908668745,0.022392487229110677,0.02323622251185902,0.02070214745611456,411756805.0,0.37913224486552977,0,0,-1,0,0,-0.014443761524277777,-0.472200396525234,0.33429631620172645,0.3688635970496374,0.05107794361525708,-0.06131516587677721,-1.8503521493627733,0.021773430104133722,0.0
2023-04-04,31.72,31.69,-0.00343589280698961,-0.009322628116274854,-0.010963802522788278,-0.25436900455521716,0.0009462230638176987,30.932,31.101,31.961,1,4,4,31.355319924257195,32.03881896654321,63.39165545087484,-0.5039582952270152,-0.8406860198808868,33.58383284724911,28.618167152750882,0.020377110059435873,0.0231592424801927,0.019144302442307377,416472273.0,0.49862398162311083,0,0,-1,0,0,0.00852003786683495,-0.8282022772766363,0.33503067784856483,0.3676415769313956,0.03558602677113942,-0.049445609829187886,-1.166124845843868,0.023171500630517008,0.0
2023-04-05,31.58,31.72,-0.017677227983866346,-0.013199437393540427,-0.006250521191476364,-0.11662282207059302,-0.004423387939151217,31.082000000000004,30.985000000000003,31.893666666666668,2,5,4,31.39617084711952,32.00921774289527,58.064516129032256,-0.4472799611285012,-0.7620048081304097,33.10791259705805,28.86208740294195,0.017012073515357034,0.02276298333489743,0.019142727192986084,412275880.0,0.5605506329601609,0,0,-1,0,0,-0.01008827238335436,-0.9416969827625431,0.2922314697424818,0.36135115801227785,0.004452926208651231,-0.0684365781710915,-0.5832210794519901,0.016149461684610452,0.0
2023-04-06,31.59,31.58,0.011714555367217152,0.0070927872414623,0.008325376297018653,-0.34241648233778493,0.0003166059864977625,31.279000000000003,30.910500000000003,31.825333333333333,3,6,4,31.431412511279603,31.982171436902025,62.22570532915361,-0.39697893058261613,-0.6889996326208511,32.81744547710275,29.003554522897254,0.015599898731587392,0.02223221882215959,0.01913854875284403,415255539.0,0.7126580263137596,0,0,-1,0,0,0.006016466117796115,-1.1744920136765766,0.27563910622067594,0.3529255325796216,-0.0072281583909491465,-0.04504232164449817,-0.11972570036984018,0.01503640392529286,0.0
2023-04-10,32.17,31.59,-0.009805550651293028,0.010934192035590597,0.0009561753716550904,0.4094726274347026,0.018193726436941123,31.533000000000005,30.8805,31.778666666666666,0,10,4,31.5657011455924,31.9942894087148,65.12301013024606,-0.3067775085813409,-0.612555207812949,32.68013124878127,29.08086875121873,0.0158391843099275,0.02261407020592577,0.01949303910426384,419742975.0,1.4330713593390452,0,0,-1,0,0,-0.004115226337448528,-0.6737972965457625,0.2530110589845956,0.3589872353750088,-0.011370620774431406,-0.018309429356118456,-0.5161498363534344,0.02471246502953067,0.0
2023-04-11,32.71,32.17,0.024801145611649675,0.02318721924491497,0.02118215741361953,0.31996363776196846,0.016646500299357644,31.788999999999998,30.963,31.751,1,11,4,31.773755482757416,32.040464285571915,62.865947611710354,-0.18953391574750356,-0.52795094939986,32.93983532312325,28.98616467687675,0.015791769293339235,0.019373231191514018,0.019768971507241655,425922523.0,1.767471452543526,0,0,-1,0,0,0.0024867889337891916,-0.06355076391748311,0.16546708376689917,0.30754051094703383,0.03218680971915422,0.05312298776561497,0.43431905889284433,0.026841944359523084,0.0
2023-04-12,32.24,32.71,0.0077220460939103185,-0.010682231900023965,-0.023893699070208007,0.694611506351573,-0.014472923911864976,31.95,31.0485,31.706333333333337,2,12,4,31.858527213165157,32.053337557470506,68.00000000000006,-0.1330093468235809,-0.4489626288846042,33.09323418681932,29.00376581318068,0.01702348374686174,0.019236909391578138,0.01992265971687667,413545316.0,1.1654326588566857,0,0,-1,0,0,-0.006420055029043132,2.3838383299720594,0.22298667137612055,0.3053764694615916,0.016393442622950838,0.056010481493612874,-0.032824881185818326,0.039857320099255696,0.0
2023-04-13,32.21,32.24,0.004910998206627138,0.0027577771423318367,0.012538851685961055,-0.36160845556430665,-0.0009309542953201348,32.027,31.172499999999996,31.658333333333335,3,13,4,31.922431356226035,32.06344481182725,73.2495511669659,-0.08960110226126616,-0.3770903235599366,33.18103835308168,29.16396164691831,0.015359156079015767,0.01801548257411584,0.019913313173365685,404923910.0,1.0330895582931499,0,0,-1,0,0,0.013027295285359633,1.2043518478850632,0.2166411619303972,0.28598691983956964,0.019949335022166004,0.08341742347796832,-0.22773072436491423,0.030425333747283463,0.0
2023-04-14,31.67,32.21,-0.011393502772135182,-0.008604847193518414,-0.006964257334032453,-0.266240789390427,-0.016907102792558967,32.012,31.232,31.583333333333332,4,14,4,31.876534746003117,32.03806127558034,66.72131147540986,-0.09764762173795916,-0.3212017831955411,33.224603163811494,29.239396836188504,0.016058213636640388,0.017878465058207355,0.020028605245158787,398317718.0,0.43962592045893034,0,0,-1,0,0,0.0024837007140639023,0.3625141358714837,0.26388863691053555,0.28381183420544753,0.002532446976891478,0.03904199475065617,0.10833227498203252,0.02904957372908109,0.0
2023-04-17,32.31,31.67,-0.014662561860542957,-0.0009263548601307883,0.006333143397022599,-0.4006322593134042,0.02000691928585849,31.988999999999997,31.345999999999997,31.521,0,17,4,31.955346610366185,32.05560570941387,67.36334405144697,-0.05178495042496678,-0.26731841664142625,33.30972792627476,29.382272073725233,0.01568747900708024,0.017855740501286153,0.020367333943363417,402743182.0,0.981806071097369,0,0,-1,0,0,0.004736343542784925,-0.6505808472699819,0.2719215727562988,0.2834510930478417,0.004351880634131167,0.07592407592407602,0.15140992814553414,0.021355617455895936,0.0
2023-04-18,32.06,32.31,0.02421726546302109,0.008919019604166113,-0.020086758566737344,1.5867728651478528,-0.0077676326549999996,32.025999999999996,31.445,31.464333333333336,1,18,4,31.974374499390514,32.055889212032326,61.93656093489152,-0.035205536143564586,-0.22089584054185393,33.33837348611016,29.551626513889847,0.013252234944568396,0.01803823667299691,0.020302389771225015,381111738.0,0.6496341102393807,0,0,-1,0,0,0.008975549365521484,3.7128912267424483,0.23543813509647302,0.28634812996124975,-0.01987159889941914,0.06582446808510656,1.3735719912839492,0.05021834061135358,0.0
2023-04-19,32.45,32.06,-0.022960983890759585,-0.000612557446412696,0.02323835272908212,-1.2185930950237882,0.012091295968692142,32.099000000000004,31.515499999999996,31.433666666666667,2,19,4,32.06085186313769,32.08131571448186,59.06642728904849,0.009296347252334414,-0.17485740298301627,33.44993559020238,29.581064409797612,0.013692124883816385,0.01689644653861372,0.020359964055007042,387506984.0,0.96617329078632,0,0,-1,0,0,-0.006238303181534711,-0.02431332893231434,0.23659491349262837,0.2682227734912201,0.006513647642679921,0.045425257731958935,0.14643478570045676,0.02650231124807394,0.0
2023-04-20,32.21,32.45,0.012786701581968013,0.0010717294143792976,0.009083852596493651,-0.24548878677022737,-0.007423479806991629,32.162,31.622000000000003,31.377333333333336,3,20,4,32.087969706203566,32.08961792645077,53.59116022099448,0.02491125478755407,-0.13490367142890222,33.45557688972571,29.788423110274294,0.013887199536508599,0.015189575359728846,0.02014749416714094,382503842.0,0.6413693402167149,0,0,-1,0,0,-0.005546995377503843,-0.3568298776716863,0.2448934069158164,0.24112703353510198,0.0,0.07081117021276606,0.47687482877378173,0.018782986650108566,0.0
2023-04-21,32.15,32.21,0.0015482275890239885,-0.006601697423840398,-0.0050015734149114486,-0.14460296649866608,-0.0018645126594791313,32.218,31.7485,31.346333333333334,4,21,4,32.09924794143928,32.09351354409911,45.91194968553459,0.03207494297284086,-0.10150794854855362,33.33264878355246,30.16435121644754,0.013934686238923973,0.014598758077592061,0.01968783439041825,378174294.0,0.5068968321266302,0,0,-1,0,0,0.003415088481837921,-0.5117694991307208,0.19876606045966919,0.23174809994222387,0.015156299336911871,0.08541525995948684,0.6892754084298988,0.01710730948678074,0.0
2023-04-24,32.16,32.15,-0.0018581609558318843,0.00030802402830939764,-0.006445043138157295,0.05765492951707598,0.00031099362713715674,32.217,31.875000000000007,31.326,0,24,4,32.1102937702685,32.09780299286691,55.97964376590324,0.038119713568463,-0.0735824161251503,33.113122517536354,30.636877482463664,0.012669442873781734,0.014599129962247975,0.019621075909330554,382760798.0,0.4603744717721337,0,0,-1,0,0,0.0034214618973561254,-0.42583798393244077,0.12848292483163765,0.23175400342811955,-0.004642525533890662,0.08538643266959145,1.2890661879194354,0.02378731343283584,0.0
2023-04-25,31.29,32.16,-0.013418831403061342,-0.014640060077793088,-0.01910581918501177,0.0774893602153515,-0.027424886629974776,32.075,31.932,31.33366666666667,1,25,4,31.9611494484015,32.04568667074646,45.49266247379455,-0.026980477145148285,-0.0642620283291499,32.91427662520822,30.94972337479178,0.013768341512733682,0.015809956189304326,0.01778655943246957,377804756.0,-1.3071674180659902,0,0,-1,0,0,-0.010261194029850694,-0.333963735964504,0.2279037965676327,0.250975273894354,-0.02401746724890841,0.037810945273631935,-0.8555839707355426,0.02854266538830299,0.0
2023-04-26,30.9,31.29,-0.02095314751475561,-0.008256353278528084,-0.007583739452915131,0.28824758569128356,-0.012542373777090957,31.941000000000003,31.9455,31.346,2,26,4,31.76821318505577,31.971771401666047,43.22709163346614,-0.10878854135501115,-0.07316733093432215,32.857328123236584,31.03367187676341,0.013626683757230262,0.01576628095870283,0.017650139470084415,371192962.0,-2.293195336614397,0,0,-1,0,0,-0.0038350910834131493,0.03708025542604657,0.17311428801137138,0.2502819511026042,-0.04776579352850552,0.008814887365328206,-1.2077837911945613,0.027993527508090567,0.0
2023-04-27,29.88,30.9,-0.05506583043347168,-0.055056804456308714,-0.06906228941763089,1.2501538777451133,-0.03356682363908316,31.708000000000006,31.8675,31.351,3,27,4,31.424901696863813,31.836818408010174,35.82089552238806,-0.2530109444669577,-0.10913605364084927,33.152094959719136,30.582905040280863,0.016298040612057408,0.01622659886652238,0.018045224090246517,348111982.0,-3.0943605764023,0,0,-1,0,0,-0.04530744336569575,2.85762990136233,0.23584220640554943,0.25758927135132476,-0.07233778329711271,-0.04961832061068705,-0.28052559722437526,0.0409973226238287,0.0
2023-04-28,30.29,29.88,0.012799096918842434,0.01569113042645348,0.027389593017062713,-0.7473851630584954,0.013628264774529325,31.57,31.790999999999997,31.34466666666667,4,28,4,31.218555933797663,31.737023672009517,33.95904436860066,-0.3304158364268375,-0.15339201019804694,33.25693458603579,30.3250654139642,0.01717132536689915,0.016307426203699685,0.017614869117013376,359043211.0,-2.047840352902821,0,0,-1,0,0,0.0,0.5906277648079361,0.3054449985453453,0.25887236555116505,-0.05785381026438563,-0.04808296668761791,0.28427143932747795,0.029712776493892444,0.0
2023-05-01,30.59,30.29,0.013628264774529325,0.005393491868396733,0.016080748528453877,-0.4198629022224476,0.009855533123666115,31.398000000000003,31.6935,31.363333333333333,0,1,5,31.104273036743542,31.6630221447831,31.138790035587178,-0.3633636482309974,-0.19538633780463704,33.208259317345,30.178740682655008,0.01579005034940085,0.015511162910344354,0.017479974315290372,366226525.0,-1.4569971445155643,0,0,-1,0,0,0.0,-0.1066095599095337,0.3353381047334497,0.24623207763708016,-0.04881840796019887,-0.05992624462200369,0.12820031055872305,0.019123896698267435,0.0
2023-05-02,29.96,30.59,0.008547060578458348,-0.0027748324341630927,-0.01608074852845391,-0.05306523812637618,-0.020809999513793292,31.188,31.607,31.359333333333336,1,2,5,30.89622339369926,31.553149748345483,30.27681660899654,-0.43529297487834384,-0.24336766521937842,33.308653684851244,29.905346315148755,0.016513671976425687,0.01512133352634232,0.01790763384907916,359414458.0,-1.935764033142825,0,0,-1,0,0,-0.0013076168682575726,-0.18115096322676685,0.3170176563467689,0.24004372801419085,-0.04250559284116329,-0.05459135373934998,0.031226501359593196,0.032710280373831786,0.0
2023-05-03,30.79,29.96,-0.015504186535965312,0.018301587833373274,0.011417182447958371,0.2509620339153244,0.027326803287390275,31.022000000000002,31.5605,31.351,2,3,5,30.8769100493903,31.50391428071029,39.20972644376898,-0.42047643051511585,-0.27878941827852594,33.29956780837185,29.82143219162815,0.01901944816632776,0.01657422169014199,0.017663855063763428,368169744.0,-0.8861069088747722,0,0,-1,0,0,0.004005340453938499,0.13750115915587005,0.4021159801332206,0.26310761259941007,-0.0035598705501618255,-0.029319041614123575,-0.4199684807075694,0.039136083143877946,0.0
2023-05-04,29.29,30.79,0.018119421763044766,-0.013556407671277462,-0.02296622385766385,0.0005614459441198527,-0.049943801096766945,30.729999999999997,31.445999999999998,31.324666666666666,3,4,5,30.58838094950115,31.36108110130963,34.21750663129971,-0.5237343922759479,-0.32777841307801037,33.45954779850201,29.432452201497988,0.023533066830159044,0.019674968327872425,0.018983124577104826,359409541.0,-2.1414937371776976,0,0,-1,0,0,-0.00519649236765184,0.09775991414830446,0.48842818194636134,0.3123304394917366,-0.019745649263721576,-0.07251424952501584,-0.8361502191982365,0.05003414134516895,0.0
2023-05-05,29.66,29.29,-0.03353011200503111,-0.027894362029061436,0.011549041409705451,-0.4108140821246907,0.012553175870143991,30.481,31.3495,31.326,4,5,5,30.419584413228215,31.251333933483203,31.774415405777148,-0.5691503521480996,-0.3760528008920282,33.513370557469656,29.185629442530345,0.024463637036614017,0.019993203157956756,0.018928043168890497,365218521.0,-1.5615536651837754,0,0,-1,0,0,0.01126664390576995,-0.4886483209690264,0.48605045697004956,0.3173822608052688,-0.020798943545724646,-0.06109528331750558,-0.8262558624000927,0.009440323668240092,0.0
2023-05-08,29.59,29.66,-0.004059545493878616,-0.0005019660441717528,-0.00541823201590417,0.1807944493401838,-0.0023628702976677108,30.223999999999997,31.220499999999998,31.324666666666666,0,8,5,30.268750883550354,31.144151099064935,32.581100141043706,-0.603830658576161,-0.4216083724288548,33.48374848044157,28.957251519558426,0.024380202073998675,0.019357263451676925,0.01893387030398388,358258382.0,-1.4408493049617594,0,0,-1,0,0,-0.00539447066756575,-0.29696401863955635,0.4718330229584023,0.30728703093538146,-0.03269042170643999,-0.08019894311470321,-0.5303441637523431,0.014362960459614759,0.0
2023-05-09,29.63,29.59,-0.000678196024638276,-0.004529069219665774,-0.008353982605323013,-0.4025013882574367,0.0013508951733554743,30.058,31.066499999999998,31.307333333333336,1,9,5,30.15261435926847,31.046463931383325,29.080118694361985,-0.6209296945687868,-0.4614726368568412,33.32214344887038,28.81085655112962,0.023557685658256448,0.018784536208920462,0.018648785880378486,362912247.0,-1.2736942097115531,0,0,-1,0,0,-0.0037174721189590886,-0.7202846524715165,0.455282084445504,0.29819526781494954,-0.01101468624833113,-0.0941608070926323,-1.303245800311693,0.018056024299696258,0.0
2023-05-10,29.24,29.63,0.01748531434101955,0.008704440630146318,-0.015180557177015866,0.4207291400599727,-0.013249726703896089,29.891999999999996,30.916499999999996,31.261000000000003,2,10,5,29.98668447576511,30.92991787129408,28.447024673439742,-0.658361364425474,-0.5008503823705678,33.2414971137527,28.59150288624729,0.023582686799744373,0.018753980679926258,0.0185260954940141,355824077.0,-1.4421523279175275,0,0,-1,0,0,0.01248734390820118,-0.2078188994003368,0.373004929177968,0.2977102138295694,-0.0503410198116272,-0.0930521091811416,-1.4205449932613814,0.04223666210670313,0.0
2023-05-11,28.97,29.24,-0.03217889836423509,-0.029772158333670144,0.0005213311439649055,-0.2412307267252956,-0.009276823100318727,29.801,30.7545,31.17866666666667,3,11,5,29.801832752898726,30.803471557017044,27.605633802816882,-0.7017239392200239,-0.541025093740459,33.15043932793992,28.358560672060083,0.021587484579053056,0.01875798615283381,0.017809656762516262,350255183.0,-1.4896036633234402,0,0,-1,0,0,-0.006497948016415791,-0.4699908099716786,0.15919617904208236,0.29777379874074894,-0.010925230454079893,-0.10058987891959026,0.6558530933514721,0.011736278909216427,0.0
2023-05-12,28.63,28.97,0.0013759892091900082,0.0,-0.013291556292061439,-0.08765852400761352,-0.011805692671235386,29.635,30.6025,31.072333333333333,4,12,5,29.588772252371683,30.663247585596594,26.244952893674295,-0.754823119595013,-0.5837846989113699,33.135680858756324,28.069319141243675,0.020902995618427293,0.018626894750237533,0.017664176385905558,345153666.0,-1.5573305736791396,0,0,-1,0,0,0.004142216085605834,-0.5422059988562289,0.09935042812598789,0.2956927872390186,-0.03472690492245456,-0.09598989580044215,0.5851930992295058,0.02514844568634308,0.0
2023-05-15,29.05,28.63,-0.01768730000538894,-0.00034346557095336184,0.0031640033426566204,0.08865876091363072,0.01456336418789651,29.481,30.439500000000002,30.956,0,15,5,29.490813661031375,30.559167096203268,33.95415472779371,-0.7543187951640782,-0.6178915181619116,32.92923027497299,27.949769725027018,0.021340962839887817,0.01827228412713336,0.017316775554480152,350728133.0,-1.1161851658931845,0,0,-1,0,0,-0.0017464198393293997,-0.4656879850036374,0.18575320952268234,0.29006351811304676,-0.018249408583981053,-0.10089755493655217,1.2130307782966556,0.021342512908778002,0.0
2023-05-16,28.54,29.05,0.009056139915027048,0.0015446669165875779,0.0014030167155918418,-0.10463690164654431,-0.017711871249229943,29.339,30.2635,30.851000000000003,1,16,5,29.317938449934758,30.428898251286927,33.38028169014085,-0.7860112042832768,-0.6515154553861846,32.76851202854796,27.758487971452045,0.0211137639011616,0.018476404053336958,0.01700084333038043,345707481.0,-1.3760412966951194,0,0,-1,0,0,-0.007228915662650631,-0.521102750797437,0.20167432705594615,0.29330382148725226,-0.036787040161997964,-0.10979413599500942,1.9163370315911534,0.02189908899789769,0.0
2023-05-17,29.88,28.54,0.0,0.02873760976735673,0.006289328907563918,0.4990048096721975,0.04588274821592611,29.247999999999998,30.135,30.78966666666667,2,17,5,29.420131459037528,30.393485460881323,50.0,-0.6949894598121773,-0.6602102562713832,32.42192853086305,27.848071469136954,0.02492364052979309,0.02161157645459491,0.019318040628086883,353976903.0,-0.22300653173780643,0,0,-1,0,0,0.010511562718990916,0.24754715548410444,0.42330207193465347,0.34307314043350273,0.02188782489740082,-0.07919876733436071,1.2952249253949835,0.043340026773761656,0.0
2023-05-18,29.96,29.88,0.030056907432810077,0.0018313498833521435,0.024769068112408733,-0.1352662705234991,0.002673798384402205,29.315000000000005,30.0225,30.735666666666663,3,18,5,29.51828937557616,30.365518656953498,47.672778561354036,-0.6093742530634572,-0.650043055629798,32.09053110024762,27.95446889975238,0.01897231062001954,0.0216430483462519,0.019328454760296696,361200105.0,-0.06044396526968716,0,0,-1,0,0,-0.005354752342704155,-0.03452635693618913,0.4068714999142765,0.3435727412251817,0.034173282706247976,-0.0698540825830487,1.0577638073268274,0.021028037383177538,0.0
2023-05-19,29.48,29.96,0.009377161812597005,0.0001496893947859929,-0.00030585716708844994,-0.42597737613374265,-0.016151091327882845,29.296999999999997,29.889,30.665333333333333,4,19,5,29.511327670925947,30.308388421021014,42.3658872077029,-0.5736429742368152,-0.6347630393512015,31.708553444352418,28.06944655564758,0.01941770211796195,0.021821245364193907,0.01950276265379489,356482407.0,-0.4495608538121975,0,0,-1,0,0,0.0013351134846461665,-0.6568125746190946,0.42022218656885746,0.34640153118826894,0.029689137268599453,-0.08304821150855357,0.9957269949620379,0.021828358208955206,0.0
2023-05-22,29.32,29.48,-0.0073603544062924185,-0.009508046463751335,-0.011142366969659692,-0.013196260564084529,-0.005442190302685087,29.270000000000003,29.746999999999996,30.570333333333334,0,22,5,29.476540821666685,30.244621426116435,45.29411764705882,-0.551874673455405,-0.6181853661720422,31.233020471634937,28.260979528365056,0.019475509766018095,0.021797918021346275,0.019121327101321764,351826556.0,-0.5746892565082963,0,0,-1,0,0,0.010176390773405724,-0.6733192318459487,0.41875330162402863,0.34603122110073226,0.009294320137693601,-0.08830845771144269,1.7262421279089368,0.02336289222373814,0.0
2023-05-23,29.48,29.32,-0.012502274689959306,0.013011025915106734,0.00838543460620241,0.2230705652155375,0.005442190302685036,29.255000000000003,29.6565,30.462666666666667,1,23,5,29.47716976318183,30.19529101152828,39.31484502446984,-0.5157670341143543,-0.5977016997605047,30.955556742819823,28.35744325718018,0.019567752743193518,0.02122328546064763,0.018828557457803135,357645945.0,-0.27173562814027313,0,0,-1,0,0,0.0030695770804911276,-0.39931407672583435,0.380760925926319,0.33690921199563917,0.03293622985283817,-0.05784595717481622,1.5533784367494508,0.02815468113975583,0.0
2023-05-24,28.94,29.48,-0.002382979851068062,-0.02517333799767823,-0.018229223618398536,0.04256407507187098,-0.018487346117798023,29.225,29.5585,30.352666666666668,2,24,5,29.379502533512404,30.11430449465549,46.615087040618974,-0.5246768091706322,-0.5830967216425302,30.754181263641648,28.36281873635835,0.020006145168049726,0.02140373224087891,0.0189222606649218,351573512.0,-1.0345566478414994,0,0,-1,0,0,-0.004748982360922679,-0.3292685554652127,0.16995811542109587,0.33977371582788496,-0.03145917001338683,-0.06343042071197402,-0.09122311250824765,0.021078092605390564,0.0
2023-05-25,29.24,28.94,-0.014418375424271712,0.0,0.0024267649281883,-0.04027624750320257,0.010312913678239765,29.252,29.5265,30.253666666666668,3,25,5,29.354138436510148,30.057897753064815,45.88235294117645,-0.5017465553352878,-0.5668266883810817,30.720207625321233,28.332792374678764,0.02005396406140688,0.020381757809941458,0.019085207989769513,357406230.0,-0.48001703921913214,0,0,-1,0,0,-0.0006910850034554102,-0.4278344813836803,0.20146516264824418,0.3235503746847214,-0.024032042723631575,-0.021419009370816644,0.1350156004703825,0.018467852257182036,0.0
2023-05-26,29.65,29.24,0.011346176387301522,0.014845076937752695,0.012730259653240091,-0.27860913772209,0.013924490562156742,29.353999999999996,29.4945,30.18633333333333,4,26,5,29.407931448053755,30.03158176899612,50.55147058823528,-0.44535679457727895,-0.5425327096203212,30.63516416479846,28.353835835201536,0.01987455552604113,0.02039319303176306,0.019149540251659884,361820639.0,0.27264817252758045,0,0,-1,0,0,0.0003419972640219413,-1.324229705051728,0.2087055824609138,0.3237319032034824,0.005766621438263231,-0.021129085506767953,-0.8823519426119407,0.020573355817875193,0.0
2023-05-30,29.8,29.65,0.019970201657694663,0.012645759200287786,0.013076521561936026,0.23208311327203665,0.0050462680676244395,29.428999999999995,29.455000000000002,30.102666666666668,1,30,5,29.479216639316707,30.01664100970605,51.53153153153154,-0.38413567951528194,-0.5108533035993134,30.485309100279427,28.424690899720577,0.01951327191698804,0.020286971972472347,0.018738579106964866,367388200.0,0.6697019368390194,0,0,-1,0,0,0.006408094435075929,-0.4204652865019187,0.2007910315757722,0.3220456961621959,0.016371077762619368,-0.025825433148087606,-1.7572790647290182,0.020302013422818687,0.0
2023-05-31,29.87,29.8,0.008675396419270004,-0.0033123581129827994,0.00033738191952947913,0.21907833452620848,0.002346238716659566,29.562,29.450499999999998,30.029666666666667,2,31,5,29.55026815944094,30.007180299402435,56.022944550669244,-0.32620875826140505,-0.47392439453173174,30.472272968918897,28.4287270310811,0.018185065615932503,0.019769361712290594,0.018732258116902396,374319417.0,0.8211217418363708,0,0,-1,0,0,0.010067114093959755,0.5861352463562589,0.1999149051529853,0.31382888801521774,0.01322930800542732,-0.0030040053404539746,-1.5356693542609974,0.016571811181787778,0.0
2023-06-01,29.11,29.87,-0.0003322811128762925,-0.0016603025563955596,-0.019242824494012434,0.2271830114294487,-0.025772874470486574,29.485000000000003,29.366500000000002,29.918333333333333,3,1,6,29.470219403178948,29.94929769944099,51.22377622377623,-0.33773372014784186,-0.4466862596549538,30.179506765047794,28.55349323495221,0.01323831004180036,0.01942345739241368,0.018995352191212646,365620327.0,-0.6309910594284537,0,0,-1,0,0,0.007365249414127849,1.9055554043477354,0.24777579623504833,0.30833782716831426,0.005874222529371087,-0.05456316986034426,-1.7732429273550154,0.03469598076262458,0.0
2023-06-02,30.07,29.11,-0.022858138076050208,0.018276626295741106,0.008560230324041022,0.09291249079849107,0.03244623924290597,29.496,29.4055,29.846999999999998,4,2,6,29.579270420782777,29.95708494463835,61.35646687697161,-0.2663332347865257,-0.4106156546812682,30.275865319556733,28.535134680443267,0.017381541581993773,0.017736456062779783,0.02010329500767113,375166410.0,1.5269450311701798,0,0,-1,0,0,0.010305736860185528,2.3503177736108416,0.3362701420022986,0.2815575112904347,0.02838577291381683,0.02663024923181978,-0.4326907510650435,0.04373129364815435,0.0
2023-06-05,30.0,30.07,0.02849195579430624,-0.01264280857748511,0.019247597407281176,-0.6467930058533915,-0.002330615338282356,29.548000000000002,29.422499999999996,29.775333333333332,0,5,6,29.65576670791318,29.959853657887493,57.929883138564264,-0.21294159258279777,-0.3710808422615741,30.326430015929102,28.51856998407089,0.016449562666953195,0.017555142076261736,0.020103290311075384,370166910.0,1.277753785853475,0,0,-1,0,0,0.006318589956767585,-0.7804727661507204,0.33105598735502684,0.2786792409851679,0.01180438448566612,0.011463250168577188,0.28836115292006126,0.012000000000000099,0.0
2023-06-06,30.39,30.0,-0.016325533332524917,0.006587639106805805,-0.007048191620972259,-0.11398804054769343,0.01291622526654645,29.654999999999994,29.4625,29.716333333333335,1,6,6,29.789263670110785,29.98760503479798,65.75809199318569,-0.1375727379493057,-0.32437922139912045,30.463254978168536,28.46174502183146,0.01657275182996976,0.017748464575719443,0.020288593597736732,374627807.0,1.8536005720349276,0,0,-1,0,0,-0.007666666666666681,-1.041392345145843,0.3395787402563133,0.28174814052355895,0.019798657718120838,0.027036160865157255,-0.05662602996668987,0.025337282000658098,0.0
2023-06-07,30.79,30.39,0.028152215201852668,0.011749482424953944,0.023961212913604903,0.13166682938730334,0.013076355007707194,29.786,29.520500000000006,29.699666666666662,2,7,6,29.97121573009064,30.039372451907788,59.22920892494928,-0.04504645311737221,-0.2685126677427708,30.683444991237685,28.357555008762326,0.016839750487237345,0.01793932655721069,0.019879205720224655,379716478.0,2.1832502991373826,0,0,-1,0,0,0.007568279039157632,-0.6418816949747053,0.34468228677746265,0.2847779805501361,0.030800133913625682,0.039149510631117046,-0.5238113923091223,0.013316011692107832,0.0
2023-06-08,30.59,30.79,0.004886799104412703,0.00286739709006346,7.563015542312834e-05,-0.12512346081955733,-0.006516803773596909,29.951,29.588,29.68933333333333,3,8,6,30.08372196098325,30.07489680984922,56.237623762376224,0.012004584322088618,-0.21240921732979895,30.835997975712118,28.340002024287884,0.0154158796206617,0.01770169252454076,0.019783378165688988,375226296.0,1.6057718353721677,0,0,-1,0,0,-0.0006495615459564656,-0.94987133351815,0.24734029108780914,0.28100565722919585,0.0508416351769152,0.04616963064295487,0.6217673347510461,0.01622098725073559,0.0
2023-06-09,30.62,30.59,-0.0022775347407989967,0.0006953597149449883,0.003862674902090227,0.16860139366557475,0.000980232066725557,30.089,29.670499999999997,29.714,4,9,6,30.181227058986295,30.110064757600888,62.39130434782609,0.05895904859149681,-0.1581355641455398,30.963810318121816,28.37718968187818,0.015383658995478491,0.017494302186553106,0.018784488825114444,380541092.0,1.468325098308802,0,0,-1,0,0,0.003595946387708383,-0.38574049571580377,0.1428039406687338,0.2777134376773981,0.018290655138011314,0.056955471177079886,0.22187051437178923,0.013063357282821639,0.0
2023-06-12,31.46,30.62,0.009401917206505272,0.02978164206927911,0.014147727643237809,0.5088997078194425,0.02706350740059404,30.270000000000003,29.812,29.753,0,12,6,30.413731230079698,30.197157353884705,70.26515151515152,0.16208338329155936,-0.09409177465811996,31.238391841053257,28.385608158946745,0.016802971730491723,0.017953942736784374,0.019265680651268657,389382042.0,2.3107254999202866,0,0,-1,0,0,0.012083605486609975,1.71011562369798,0.2063116270582264,0.28501000520775505,0.048666666666666636,0.09884736290604268,0.17328368354221374,0.02860775588048311,0.0
2023-06-13,32.45,31.46,0.01980895442786944,0.02055921052874167,0.01966647443747179,-0.032354779464431264,0.030983545519967227,30.535000000000004,29.982,29.815,1,13,6,30.783961915519754,30.342502040730857,74.30441898527005,0.3200060571073742,-0.011272208305021139,31.78636429978214,28.17763570021786,0.018605258814728968,0.01880883603308711,0.01998123719136322,397941523.0,2.7355894819000723,0,0,-1,0,0,0.0047679593134138136,1.3701625092095482,0.2600572400214802,0.2985810155648348,0.06778545574202055,0.11703958691910499,-0.07942335493368452,0.029180277349768854,0.0
2023-06-14,33.57,32.45,0.03420731532276624,0.03364839580974832,0.034239261164306076,0.5438754036888009,0.03393236784184444,30.905,30.2335,29.935333333333332,2,14,6,31.290514294516157,30.550727715522413,84.60388639760836,0.5294325843749519,0.09686875023097348,32.52738454718226,27.93961545281774,0.020103411300449157,0.019020635730281444,0.02034681318086572,412686684.0,2.9090391703439984,0,0,-1,0,0,0.00801232665639439,3.1766591654742964,0.3003521773517622,0.3019432315240448,0.09028905488795069,0.17624386825508065,-0.6175000362683282,0.02859696157283291,0.0
2023-06-15,33.97,33.57,0.024759718927844565,0.012407840129794899,0.02358742556687574,-0.2801488738035749,0.011844971180548978,31.391000000000002,30.438,30.041333333333334,3,15,6,31.777693513695034,30.771325927424193,84.83063328424151,0.7193886090504051,0.22137272199485983,33.266208285341605,27.609791714658392,0.015279583581780902,0.01675364084461857,0.019912093319476302,423829178.0,2.497694401297169,0,0,-1,0,0,-0.0011915400655346782,1.5888895356072188,0.22681348467148463,0.26595580337852914,0.1104936253677673,0.13688085676037476,-0.7905540547145683,0.017662643508978552,0.0
2023-06-16,34.25,33.97,0.01949264317307256,0.01022354457484656,0.01040592116111682,-0.24246958788007295,0.008208782535741678,31.809000000000005,30.652499999999996,30.206666666666667,4,16,6,32.2272037839323,30.99575651275167,84.53453453453453,0.8823525758582349,0.3535686927675349,33.94129357179895,27.363706428201038,0.014123437428020467,0.01673183115695016,0.017309600299083093,432572555.0,2.187732322787401,0,0,-1,0,0,0.006476302619958754,0.6635090500428882,0.1885324934725631,0.2656095853200735,0.11854996734160683,0.14319092122830446,-0.4656078602088325,0.017518248175182317,0.0
2023-06-20,34.47,34.25,-0.008223247513662752,0.00666186388484556,0.0014777599851945667,0.021322898318601586,0.006402815820539762,32.256,30.902000000000005,30.367000000000004,1,20,6,32.63498491412643,31.219901253864464,84.69539375928676,1.0175254549713948,0.4863600452083069,34.55339684879355,27.25060315120646,0.013302373545901474,0.01584665655538859,0.017256832520721594,441504368.0,1.9543205779886097,0,0,-1,0,0,-0.009927007299270173,0.6595396521118718,0.21284094955653132,0.2515578741444579,0.09567705022250461,0.16926729986431477,0.5418605860734048,0.022628372497824227,0.0
2023-06-21,34.35,34.47,0.016089274962236545,-0.0043396567454848205,0.0019178290159434978,-0.21324821840265676,-0.0034873618604156385,32.652,31.1535,30.525666666666666,2,21,6,32.94680583883071,31.421843108453853,83.03834808259589,1.1022617510860222,0.60954038638385,35.03194936459081,27.275050635409197,0.014422729249610326,0.01576584217841092,0.017274895736985707,434287860.0,1.6483391683197839,0,0,-1,0,0,-0.0002901073397156371,-0.020511940436323924,0.22318587691124844,0.2502749856814087,0.05855161787365182,0.17155525238744884,1.290619431264084,0.016448326055313094,0.0
2023-06-22,34.28,34.35,-0.002033406655608723,-0.0026128625693969338,-0.0013273359370790285,-0.43637573950376335,-0.0020399249387793184,33.001,31.3935,30.68066666666667,3,22,6,33.18920477722513,31.606240327263283,92.44663382594422,1.1505051540124498,0.71773333990957,35.42687797568577,27.360122024314226,0.015119522116804077,0.01591942826040826,0.017311487902784566,429623291.0,1.4313064718459598,0,0,-1,0,0,0.0011644832605531047,-0.9459544788130891,0.10611167700533133,0.2527130891482431,0.021149836163240954,0.1628222523744911,-0.23195678638753872,0.015169194865810852,0.0
2023-06-23,33.93,34.28,-0.022644696463705385,-0.00963933270647742,-0.010682594169971285,0.25450094722396666,-0.010262514933440351,33.335,31.643,30.837,4,23,6,33.32389481772965,31.756160306149525,85.2189781021898,1.1472712941512562,0.8036409307579073,35.65463623265716,27.631363767342844,0.015631232558891275,0.015314013283002885,0.017212706167918045,423606847.0,1.1401831409251062,0,0,-1,0,0,-0.019253208868144796,-0.4429206034996784,0.12024097045184082,0.24310242432699264,-0.0011775095672652558,0.17242570836212856,-0.13761062409237979,0.01620984379605061,0.0
2023-06-26,34.0,33.93,0.01212136053234482,0.01167214885589873,0.009796723744401567,-0.029395453305259493,0.002060945820022612,33.673,31.881,31.004666666666665,0,26,6,33.446823032687895,31.900924157365687,86.49635036496352,1.13724737210444,0.8703622190272139,35.85700645980744,27.90499354019256,0.015561393646495877,0.015361700381676701,0.017010402353303294,429449009.0,1.0658936404759387,0,0,-1,0,0,0.0029472443265547133,-0.5078023356750334,0.09899042130161069,0.24385943355001533,-0.007299270072992692,0.16279069767441867,-0.25786625915435285,0.018235294117646985,0.0
2023-06-27,35.25,34.0,0.0005875440827069019,0.02790692504068245,0.004127364349740617,0.29150612413785,0.036105004642116356,34.052,32.161,31.22533333333333,1,27,6,33.774673390381004,32.116993566567906,88.3280757097792,1.2161488876278241,0.939519552747336,36.26223935055433,28.05976064944567,0.016902749388067195,0.016644041733464402,0.01761100539260482,437268403.0,1.5063739206454678,0,0,-1,0,0,0.0014705882352940341,0.167601644992758,0.29375429567091343,0.2642159714263632,0.022628372497824234,0.1888701517706577,1.9142026983564697,0.041290780141843994,0.0
2023-06-28,35.47,35.25,0.0363361773447739,0.00294385067979352,0.02785210497179473,-0.016406599629213602,0.006221739527252768,34.354,32.4445,31.439333333333334,2,28,6,34.08291459212991,32.333316562273204,87.987012987013,1.2816569252871304,1.0079470272552948,36.64132825100451,28.247671748995486,0.01541984062271823,0.01663208538723476,0.017553312715470504,444960554.0,1.441803104177946,0,0,-1,0,0,0.0017021276595745327,0.0793902215969978,0.2848363215287949,0.26402617031408754,0.0326055312954876,0.19026845637583878,1.5938383494695179,0.01691570341133336,0.0
2023-06-29,35.95,35.47,0.004521058845235362,0.011745101458282673,0.00911427556814143,0.05718082460089355,0.013441815381525411,34.592,32.7485,31.68633333333333,3,29,6,34.42238466628811,32.566650977610415,91.61490683229815,1.356665707780472,1.0776907633603303,37.03987825977029,28.45712174022971,0.01276842632172662,0.016589001235406704,0.016972377661083286,453105367.0,1.492061433974535,0,0,-1,0,0,0.0,0.2312187582538213,0.27654017052604285,0.2633422306069764,0.04871645274212377,0.20354871108135253,0.9127612369656334,0.019471488178024916,0.0
2023-06-30,36.21,35.95,0.014831669670579655,0.007478223467246008,0.017704551246272456,-0.12716424025359715,0.007206239610494171,34.815999999999995,33.1035,31.897333333333332,4,30,6,34.747405636053905,32.801705753248456,91.90404797601201,1.4207134352863022,1.1462952977455247,37.30120501207845,28.905794987921546,0.012651228587771486,0.014443312453499887,0.015283010582131258,460277600.0,1.4800944759392958,0,0,-1,0,0,0.0013908205841445661,-0.11656125679640349,0.21931413431608515,0.22928047715977715,0.06719717064544661,0.24390243902439024,1.7745870351414432,0.009389671361502441,0.0
2023-07-03,37.04,36.21,0.0008329863038919929,0.024261787014210175,0.0036146292657687094,-0.5272621416251938,0.02266308600042871,35.095,33.452000000000005,32.13333333333333,0,3,7,35.16424097495319,33.075144091748555,91.8918918918919,1.5209136384856166,1.2212189658935433,37.745528054863705,29.158471945136306,0.013687984905369998,0.013801238535129715,0.015551286448975231,464510786.0,1.6713527682370748,0,0,-1,0,0,-0.004971002485501235,-1.1360998710625503,0.20209997887663186,0.21908786969180757,0.0894117647058823,0.23179248420352505,1.0199376283275767,0.029697624190064834,0.0
2023-07-05,37.22,37.04,0.025078395480609063,0.006442975308403759,0.011479788303861382,0.6633706308939477,0.00484784143612601,35.37,33.813,32.391333333333336,2,5,7,35.53801534314351,33.34255415034542,90.76923076923077,1.596444696394073,1.2962641119936493,38.09855517499204,29.52744482500796,0.013716202927583191,0.013538871656840437,0.014930455473969562,472728775.0,1.5899923631277586,0,0,-1,0,0,-0.0025647948164146564,0.3308700105052014,0.11855032192577046,0.21492292461852489,0.05588652482269496,0.24066666666666658,1.346937651648078,0.024825362708221374,0.0
2023-07-06,37.1,37.22,-0.0025747016052652446,-0.006981768424886202,0.002302127743327718,-0.12063315158318794,-0.003229281600715206,35.644999999999996,34.1485,32.650666666666666,3,6,7,35.82201255348106,33.58497001161346,86.39175257731964,1.6278556996397953,1.3625824295228786,38.35562816163554,29.941371838364457,0.013692942133374462,0.013889601582606636,0.014867882232567195,465444686.0,1.4030948840182669,0,0,-1,0,0,-0.009940891993551785,-0.09028353849644498,0.15554522635408133,0.22049058958407794,0.045954327600789435,0.22079631457716364,0.36055504794396515,0.015633423180592944,0.0
2023-07-07,37.59,37.1,0.008377295310292054,0.023633893015973028,0.016829930356577035,-0.23911020955950033,0.013121087962697276,35.976,34.4885,32.921,4,7,7,36.1434648164845,33.84335904312227,86.63967611336038,1.6730027170016655,1.424666487018636,38.65167325833944,30.32532674166056,0.013317696560468661,0.013890128543371794,0.01488982262798568,471179654.0,1.4899692170088035,0,0,-1,0,0,0.0016172506738543172,-0.7365241236747198,0.15497310466671715,0.2204989548268897,0.04561891515994443,0.22085092562520314,0.3897574623452536,0.022545889864325715,0.0
2023-07-10,38.41,37.59,0.013100040300264834,0.011578216013612305,0.012837833441577755,0.27055102771986217,0.021579784781726705,36.424,34.8795,33.236666666666665,0,10,7,36.55556212257822,34.13798104034019,87.95620437956208,1.7547218591854445,1.490677561451998,38.96926373014697,30.78973626985303,0.01186578120984786,0.013546253878035179,0.014208755803474929,478696399.0,1.7265056042115778,0,0,-1,0,0,0.0015961691939344283,-0.07462283885806874,0.1774447163061118,0.21504011374695223,0.06075669704501507,0.2556390977443608,-0.45241619819469503,0.02108825826607642,0.0
2023-07-11,39.18,38.41,0.021285785914731112,0.02187144946827676,0.021036799971406575,0.0781551171675526,0.019848570158581404,36.942,35.307500000000005,33.568,1,11,7,37.03273264574582,34.4632725861247,89.05472636815925,1.8601744992532403,1.5645769490122468,39.31109246572162,31.30390753427839,0.01145701844769665,0.01343497815793515,0.014336631114963454,486824183.0,1.9345125824648635,0,0,-1,0,0,0.0013017443374122434,0.12973990884710615,0.16708175373097914,0.21327366645288637,0.05777537796976251,0.2795558458523839,-0.5527499829148443,0.02194997447677385,0.0
2023-07-12,38.55,39.18,0.023893236822180745,0.0060898437382257255,0.0013002212207530257,0.1603169035798103,-0.016210312507056224,37.272000000000006,35.662,33.86466666666667,2,12,7,37.30859943742839,34.726932419277944,82.11009174311924,1.8713391090014824,1.6259293810100939,39.482546116929136,31.841453883070862,0.012131545487995775,0.014377290703214888,0.015072701326485843,477283117.0,1.5118257503570207,0,0,-1,0,0,0.00535987748851457,0.7280351920485867,0.25906377019751226,0.22823241436552524,0.03573347662547022,0.2253655435473616,-0.7803874047140259,0.027237354085603224,0.0
2023-07-13,37.04,38.55,-0.00432515621461436,-0.007363242611431794,-0.03827521433225322,0.4185832914413527,-0.03995769023135983,37.428999999999995,35.89149999999999,34.106,3,13,7,37.25976317607777,34.87616258577614,67.29323308270676,1.7383046681033605,1.6484044384287473,39.44151126758817,32.34148873241182,0.019539417250655673,0.017287996353252094,0.01743846012042929,462782539.0,0.6470401998359171,0,0,-1,0,0,0.01738002594033727,2.3162738165266497,0.42336229616953397,0.27443843410377955,-0.0016172506738545422,0.14144838212634814,-0.9490575523924183,0.05953023758099367,0.0
2023-07-14,36.36,37.04,-0.05826890812397576,-0.05446372075152471,-0.023771611164008333,-0.4636059936688802,-0.01852914046870049,37.47,36.031,34.32233333333333,4,14,7,37.09616987133636,34.9718940318551,64.62093862815885,1.560020651238979,1.6307276809907938,39.41216080970063,32.64983919029937,0.020483658398805425,0.016860819536557974,0.018045473254635253,453661511.0,0.19460772114481614,0,0,-1,0,0,-0.0010799136069114242,0.5444796021596783,0.4204527458258193,0.2676572123668304,-0.03272146847565849,0.08310991957104563,0.06108867390805755,0.027365236523652296,0.0
2023-07-17,36.27,36.36,-0.019375691419245507,-0.016278167359688372,-0.0009682551416951348,-0.6435616204888396,-0.0024783160144669788,37.476,36.146,34.56100000000001,0,17,7,36.94595716745702,35.055642803993486,63.625450180072065,1.3953819411459278,1.5836585330218207,39.385495737237754,32.90650426276225,0.020402465611164627,0.016818331679950328,0.017095504704338134,448869161.0,0.07655512466007101,0,0,-1,0,0,-0.001925192519251933,-1.2394903797232077,0.34687331519670067,0.26698273855288635,-0.05571465764123906,0.06770680011775099,0.35344278430805687,0.011855527984560233,0.0
2023-07-18,36.74,36.27,-0.007190296464977031,0.005183479072896456,-0.00694350796895345,0.09369209011236136,0.012875126492168607,37.446,36.2705,34.78333333333333,1,18,7,36.90851040973756,35.164311010187454,59.8675496688742,1.287982587755117,1.5245233439684802,39.39244591814014,33.14855408185986,0.019396409626916605,0.01692230168663881,0.016444937072246757,454132223.0,0.3007739482429614,0,0,-1,0,0,-0.006617038875103446,-0.9352093411712492,0.3081215248214969,0.26863321124193096,-0.0622766717713118,0.07270072992700727,-0.0651859326500767,0.023679912901469716,0.0
2023-07-19,37.35,36.74,0.019241935071574,0.018067095187098016,0.02314152856169433,0.20934813703045524,0.016466831791846763,37.459,36.4145,35.02833333333333,2,19,7,36.98878124433073,35.305323203078586,61.838790931989955,1.2378208996255111,1.4671828550998864,39.45128829652264,33.37771170347735,0.020108938369528304,0.01716146746146851,0.016444593854419178,460620916.0,0.6161114365932082,0,0,-1,0,0,-0.0002721829069135851,-0.3463286202563068,0.3668079239485598,0.2724298502158357,-0.03112840466926059,0.08355091383812008,-0.6555431607426876,0.0187416331994646,0.0
2023-07-20,37.08,37.35,0.01136991133219221,-0.0021401827323670013,-0.005598430680216575,-0.026534022586328424,-0.007255170881172022,37.457,36.551,35.251333333333335,3,20,7,37.00536647263423,35.41981848029933,57.309184993531666,1.162875749100884,1.406321433900086,39.43883218640628,33.663167813593724,0.02023156707691784,0.017269417070107512,0.016623436065509676,454302130.0,0.36636477873619294,0,0,-1,0,0,-0.005354752342704226,-0.400003943043851,0.2298454658936634,0.27414349712734903,0.001079913606911509,0.0794759825327509,-0.0798630692202761,0.022249190938511406,0.0
2023-07-21,37.25,37.08,0.005101366949808492,0.0037423192566447467,0.008318040732858741,-0.30694035093592875,0.0045742041279140545,37.423,36.6995,35.46666666666667,4,21,7,37.04984529579164,35.53789470737679,56.806282722513096,1.1044671468482505,1.3459505764897188,39.394645538498054,34.00435446150195,0.01979131231422854,0.017211490526620327,0.016583729977466564,458950826.0,0.40851226186974826,0,0,-1,0,0,0.007011866235167344,-1.1366797040229601,0.15943902563283135,0.2732239417570891,0.02447744774477445,0.08663943990665102,-0.01861508161752924,0.017718120805369036,0.0
2023-07-24,37.2,37.25,-0.009417532269213925,-0.002270451726590373,0.0020348647053982935,0.2706539309772684,-0.0013431835464676259,37.302,36.863,35.687,0,24,7,37.07714615110225,35.645127306900875,51.166180758017525,1.042130297256037,1.2851865206429824,39.2271542384454,34.4988457615546,0.018146771958422434,0.016929825437187167,0.01647076489197408,452857216.0,0.2850913823808756,0,0,-1,0,0,-0.0069798657718120275,-0.5010486767693793,0.15631477195266044,0.26875264707919566,0.02564102564102555,0.09637488947833783,-0.06614793332805567,0.013440860215053762,0.0
2023-07-25,35.53,37.2,-0.02991031035012956,-0.035521186988933674,-0.05788410617028701,0.8304093730120655,-0.04593135124616518,36.937,36.9395,35.85066666666667,1,25,7,36.79584685090184,35.63769973871372,39.88023952095809,0.8481953832193341,1.1977882931582529,38.992066814093306,34.8869331859067,0.020439244513983337,0.020251637520902064,0.01895892128214519,438876904.0,-1.3734023080974624,0,0,-1,0,0,-0.0349462365591399,2.3571643688356936,0.3686964550249241,0.32148477913278894,-0.03293413173652693,0.04499999999999993,-1.4317055987280307,0.03574444131719682,0.0
2023-07-26,36.26,35.53,-0.005586606708639712,0.007728440344200378,0.015954754391596247,-0.2710701190382362,0.020337795293769098,36.708,36.99,36.010666666666665,2,26,7,36.69842015073787,35.67784814266767,45.31249999999998,0.7448196484815242,1.107194564222907,38.91316624893791,35.06683375106209,0.022331164127949693,0.019094823999625813,0.018719916502913363,449537773.0,-0.7591647372172372,0,0,-1,0,0,0.0047846889952153585,1.0389678162724547,0.3849363396223926,0.3031209337893456,-0.02918340026773769,0.028652482269503565,-1.203707785750406,0.027302813017098592,0.0
2023-07-27,33.02,36.26,-0.05409834531515919,-0.0726919155284634,-0.07999560118932039,1.1385099351804466,-0.09360176683472289,36.306,36.8675,36.029666666666664,3,27,7,36.02961648696735,35.50637406894718,30.486763450042673,0.39687775205182874,0.9651312017886915,39.41054314179962,34.32445685820038,0.033493494568234534,0.02783389381917984,0.02481491240055815,416253338.0,-3.025902263913033,0,0,-1,0,0,-0.06729178157749581,3.819984997954371,0.7101213973881623,0.441849366384766,-0.10949298813376473,-0.06907245559627839,-0.9809284351878857,0.035130224106602166,0.0
2023-07-28,33.7,33.02,-0.031538880759710945,-0.003257814224464913,0.0012239903608889033,-0.9779927228149201,0.02038439886633412,36.040000000000006,36.755,36.034,4,28,7,35.606049852973285,35.38983380643446,29.645635263612803,0.17399589300232776,0.8069041400314187,39.64442536629173,33.86557463370828,0.034769885237611105,0.028100685488891212,0.02428898894055374,428770456.0,-2.114607309563958,0,0,-1,0,0,-0.007571168988491823,0.50781996049914,0.755644581995338,0.4460845528442859,-0.09530201342281874,-0.06258692628650908,-0.9239422483345555,0.029970326409495488,0.0
2023-07-31,34.16,33.7,0.020239325505777415,0.02301985675210254,0.022377710313292932,-0.22368449700661142,0.013557531562052947,35.829,36.6525,36.040333333333336,0,31,7,35.34313169788723,35.310489689890304,27.708703374777926,0.034085651376628334,0.6523404423004607,39.76050579150069,33.544494208499316,0.035371787965019594,0.028257928610355143,0.024319332363145305,438778735.0,-1.6039223651488195,0,0,-1,0,0,-0.007715133531157421,0.09291707748344101,0.784521872944246,0.44858071001290034,-0.08172043010752705,-0.0566141949737643,-1.029164276034734,0.030884074941451987,0.0
2023-08-01,33.43,34.16,0.012481588488488517,-0.017620635026664618,-0.01173122191880558,-0.11629980257043025,-0.02160166848836181,35.498000000000005,36.471999999999994,36.013,1,1,8,34.99528957099864,35.18916777441351,27.46478873239434,-0.13415269350250014,0.49504181513986856,39.8891801240207,33.05481987597929,0.03505780005157574,0.02789256996706403,0.024592867053012574,429869282.0,-1.7804153656499304,0,0,-1,0,0,-0.008782201405152143,-0.11854070747551987,0.7465971924557121,0.4427808213559229,-0.05910498170560097,-0.09746220302375808,-1.599295975567973,0.02520191444810054,0.0
2023-08-02,33.37,33.43,-0.024212810407294023,-0.008370109234393082,0.0,-0.19231825340903322,-0.0017964076687247237,35.1,36.2795,35.97633333333333,2,2,8,34.699782376271614,35.07180211154813,31.48335015136223,-0.2692208817297157,0.34218927576595176,39.94406991086012,32.614930089139875,0.03404338977830954,0.02781171025810632,0.024558766134165674,422518589.0,-1.5879080332879227,0,0,-1,0,0,-0.011367035596769446,-0.3601754388805659,0.7023075249135168,0.44149721326999997,-0.07970215113072254,-0.10343901128425581,-1.563997405668389,0.01678154030566384,0.0
2023-08-03,32.26,33.37,-0.014937025163355553,-0.017710203245032242,-0.02760911561406683,0.3794792395292862,-0.0338292200662198,34.618,36.0375,35.906666666666666,3,3,8,34.256185580585864,34.89039552370632,30.174081237910983,-0.460522500634454,0.1816469204858706,40.09238594167615,31.982614058323854,0.03474012545440161,0.028509479604761596,0.02526355267040506,411775380.0,-1.8631843432017807,0,0,-1,0,0,-0.024273299370692097,0.15422200193052574,0.36184952438981915,0.4525739582524032,-0.023016353725015315,-0.13045822102425886,-0.2529984468468411,0.026968381897086318,0.0
2023-08-04,32.73,32.26,-0.0009218006490795173,-0.002729342103709125,0.0057377842149277485,-0.25733746671647517,0.014464015816026226,34.166000000000004,35.7945,35.855000000000004,4,4,8,33.978697293206615,34.75101516733817,33.48880597014919,-0.5676616892278048,0.03178519854313552,40.035857652550106,31.553142347449892,0.03544641089478559,0.0285607630656032,0.02543887808347612,420081033.0,-1.4450561593915463,0,0,-1,0,0,0.00836949783013029,-0.25923091313981866,0.3372893223144952,0.4533880579549488,-0.02878338278931769,-0.12928970470869927,-0.4114592688165537,0.018179040635502564,0.0
2023-08-07,32.97,32.73,0.004294485127718765,0.0018203888522173187,-0.005426790587790673,-0.032853488316714315,0.007305968570550715,33.743,35.5225,35.823,0,7,8,33.79529778535086,34.63611096299377,32.03050524308861,-0.6259882707271203,-0.09976949531091564,39.75534338924776,31.289656610752242,0.0358473422565586,0.027982924206202194,0.02542670343241892,428118250.0,-1.206045093226858,0,0,-1,0,0,-0.0018331805682858288,-0.3073232809623877,0.31689109381620406,0.44421515043588317,-0.03483606557377039,-0.1416297839104399,-0.44082733308515465,0.025174400970579477,0.0
2023-08-08,33.74,32.97,-0.0018382358117511204,0.028242444915231736,0.012053924343812621,0.0017490754375903928,0.02308602003418255,33.564,35.2505,35.81433333333334,1,8,8,33.78524364255979,34.578297352478046,33.05164319248826,-0.6031274639732871,-0.20044108904338995,39.1821768887968,31.318823111203198,0.03525374405233662,0.02816177617460105,0.02579901367074801,436169537.0,-0.7683744329571562,0,0,-1,0,0,-0.010919017288444023,-0.3043656326008717,0.3460077414595472,0.44705433741514966,0.009273107986838225,-0.13884635017866254,-1.297886791504201,0.04104919976289286,0.0
2023-08-09,33.63,33.74,0.02990707716793081,-0.004282029429523151,0.02217924729842981,0.0062128316593943736,-0.003265551365643996,33.301,35.0045,35.76033333333333,2,9,8,33.75701752573074,34.517116878124625,33.55576739752145,-0.5871182568131772,-0.2777765225973474,38.67385803936564,31.335141960634363,0.03415567202994995,0.02809140629601718,0.024853846836858304,428068073.0,-0.7491773684955655,0,0,-1,0,0,-0.004149377593361012,-0.283978788147557,0.3471852486783177,0.4459372502240133,0.007791429427629781,-0.12762645914396875,-1.2214000976431074,0.015165031222123045,0.0
2023-08-10,33.84,33.63,0.009183889168388552,0.010011862192417134,0.0021011564086249154,-0.012137228010168933,0.006225008985844233,33.383,34.844500000000004,35.706,3,10,8,33.77210524832515,34.47343191824562,33.808167141500476,-0.5511324875929944,-0.33244771559647684,38.41796050768787,31.27103949231213,0.01816578873185219,0.027123259099878304,0.02485388107735481,436071802.0,-0.562200140641789,0,0,-1,0,0,0.008325899494498782,-0.25078810460697243,0.15788044300882728,0.43056838994308566,0.04897706137631763,-0.08639308855291561,0.20815189414663174,0.023049645390070952,0.0
2023-08-11,33.7,33.84,-0.0029533394177524807,-0.005880131371146524,0.0019471286014006483,-0.45826561864832804,-0.004145697379706467,33.382999999999996,34.7115,35.63099999999999,4,11,8,33.75899520317512,34.42353308481042,33.521657250470795,-0.5278258879180058,-0.3715233500607827,38.245248717722454,31.177751282277548,0.017096777088059713,0.026916656402888626,0.024700161475388994,431010408.0,-0.572479868150853,0,0,-1,0,0,-0.0008865248226950689,-0.6905110491188313,0.17596488067805255,0.42728867380450614,0.02963641918729021,-0.07315731573157302,1.0801447266184512,0.015278931750741968,0.0
2023-08-14,33.53,33.7,-0.008316056241657505,-0.007021370886291814,-0.001797214801554759,-0.1950863009613473,-0.005057276880178898,33.32,34.5745,35.541666666666664,0,14,8,33.71735971168873,34.365885789016204,39.03508771929823,-0.5171118752049182,-0.4006410550896098,38.066044523259016,31.08295547674098,0.016464889416338564,0.02691797017236303,0.02464617900021306,426846077.0,-0.5983025523759095,0,0,-1,0,0,-0.005044510385756726,-0.8270602286787087,0.1909477864333778,0.4273095292483622,0.01698513800424628,-0.07554452715743043,1.5773089658599386,0.010065612883984661,0.0
2023-08-15,33.12,33.53,-0.00808508671335565,-0.011117443362535371,-0.014951573552356691,0.07728661955456308,-0.01230323096107829,33.289,34.3935,35.410999999999994,1,15,8,33.60874885501805,34.28550606069258,32.15909090909091,-0.5355312455840675,-0.42761909318850133,37.786299030765534,31.000700969234472,0.01547785653908584,0.026692589585573388,0.02424007256841706,422347135.0,-0.7507075947924103,0,0,-1,0,0,-0.008052490307187686,-0.7635202842414138,0.10464147794749037,0.42373172335043896,-0.01837581505631314,-0.09853021230266756,0.5135385163016976,0.013888888888888916,0.0
2023-08-16,32.92,33.12,-0.00815098852429144,0.013415017098834529,0.0015204503461264795,0.17908028947426172,-0.006056953708189796,33.244,34.172000000000004,35.26766666666666,2,16,8,33.48352179046931,34.19740889548661,49.13194444444443,-0.5598138719998218,-0.45405804895076546,37.321827731297084,31.022172268702924,0.01556540477894193,0.026211896598271146,0.024193195575949088,416965875.0,-0.794964110297192,0,0,-1,0,0,-0.003925120772946723,-0.6101815389671341,0.10578366035416925,0.4161009587421922,-0.021112102289622348,-0.11860776439089693,0.8967710516688046,0.026123936816525105,0.0
2023-08-17,32.23,32.92,-0.003948372631368117,-0.023368349156986296,-0.022431421391011314,0.09975160830960186,-0.02118267998152275,33.241,33.929500000000004,35.105333333333334,3,17,8,33.25560873765671,34.07047928932619,37.26169844020792,-0.6275018115335271,-0.48874680146731786,36.87695188791698,30.982048112083028,0.013033926230363261,0.02642599569788309,0.024394702020915877,411020140.0,-1.1531994852686653,0,0,-1,0,0,-0.0018226002430134346,-0.5163628059165337,0.11202458682586734,0.4194996765831685,-0.047576832151300374,-0.1307982740021575,-1.3428525164121803,0.02513186472230848,0.0
2023-08-18,32.15,32.23,-0.027145405203313797,-0.01912689324301658,-0.008739131773438349,-0.08654950240425138,-0.0024852451437179937,33.183,33.6745,34.924,4,18,8,33.05458896717367,33.946577399692245,31.354359925788543,-0.6797644215780778,-0.5269503254894699,36.274333800357354,31.074666199642653,0.011987054159489764,0.026315015867310075,0.02417174207895892,405567365.0,-1.1727672744238185,0,0,-1,0,0,-0.007756748371082732,-0.6039925450901134,0.11765929527201247,0.41773792638972684,-0.0459940652818992,-0.13691275167785244,-1.175043841706826,0.014463452566096529,0.0
2023-08-21,31.92,32.15,0.006855745144554494,0.004873014092165754,-0.004083561509374093,0.2949649312942425,-0.007179678102020317,33.078,33.4105,34.70766666666667,0,21,8,32.84830006405118,33.81583047067984,34.56032719836405,-0.7313118861818921,-0.5678226376279544,35.531130243957264,31.28986975604273,0.011641595930774159,0.026281389575886577,0.023640279392691574,398243856.0,-1.4057141778932698,0,0,-1,0,0,0.001555209953343834,-0.31584100380888697,0.11368137166999742,0.4172041255620071,-0.04801670146137782,-0.14193548387096777,-1.0863337777637412,0.02359335839598997,0.0
2023-08-22,31.5,31.92,-0.0062305497506361975,-0.013717823091325751,-0.013627211353550056,-0.047920617821498056,-0.01324522675002068,32.854,33.208999999999996,34.45166666666667,1,22,8,32.603154597860055,33.66642205321663,32.19047619047623,-0.7968683113138653,-0.6136317723651366,35.24585929545497,31.172140704545022,0.0073226509683997545,0.02480799802716789,0.02315732293542369,391263018.0,-1.6780736929776532,0,0,-1,0,0,0.0025062656641603475,-0.31883908309113207,0.11512940036448269,0.39381475983160336,-0.048913043478260754,-0.11342527441598649,-0.9437957073446954,0.023492063492063443,0.0
2023-08-23,31.57,31.5,-0.016065867686793318,-0.011947648353980954,0.0012755103770118134,-0.484345593788479,0.00221975673831281,32.648,32.9745,34.219,2,23,8,32.41530830734004,33.53116901752524,41.8052256532067,-0.8335650169151094,-0.6576184212751311,34.56292490669801,31.386075093301987,0.007808076968488392,0.024116495044589372,0.023150366636087112,395563914.0,-1.7684185057506399,0,0,-1,0,0,-0.00031746031746036706,-0.6954308445999472,0.14413272995817017,0.3828374902950302,-0.04100850546780077,-0.1293436293436293,-0.43086578103705314,0.010104529616724822,0.0
2023-08-24,31.22,31.57,-0.0060519375668256275,0.001739865410248933,-0.005111832217600483,0.027447762328790253,-0.0111483874826143,32.385999999999996,32.884499999999996,34.025,3,24,8,32.1979795241873,33.38206133897522,31.54034229828858,-0.880736908575166,-0.7022421187351381,34.655547563927186,31.113452436072805,0.006541520970009991,0.014360365043346038,0.022331576596828464,391143333.0,-1.8796784839691947,0,0,-1,0,0,-0.008552423186569515,-1.1961314552780369,0.09972851887493002,0.2279637278447934,-0.031337263419174644,-0.05451241671714124,0.43151260910946115,0.01711082639333767,0.0
2023-08-25,31.22,31.22,-0.0015987213636971041,-0.01121710714037399,-0.011436059241426835,-0.1042621936015229,0.0,32.138,32.76049999999999,33.85366666666667,4,25,8,32.02016506524416,33.24257351065424,27.272727272727323,-0.9076580555045553,-0.7433253060890216,34.63536953932323,30.885630460676758,0.006932571146669293,0.013301472749306048,0.022216388540705893,391143333.0,-1.6433143402138404,0,0,-1,0,0,0.0009609224855861992,-1.357400657848921,0.10705248863694956,0.2111543337933984,-0.02892690513219287,-0.07359050445103865,0.24732951878422416,0.01713645099295324,0.0
2023-08-28,31.09,31.22,0.004469994671451719,0.010927339708205683,0.00048586931071627215,0.32554720414928773,-0.004172691016623558,31.894,32.607,33.681000000000004,0,28,8,31.85104414429067,33.10369780028945,8.722741433021838,-0.9287768110132859,-0.7804156070738745,34.50201395634585,30.71198604365415,0.006974003077873863,0.012657241675971927,0.022212380636864572,385627867.0,-1.6010436175628253,0,0,-1,0,0,0.005445227418321643,-0.5308254307755735,0.10683627080928838,0.20092748255198462,-0.02600250626566425,-0.08987119437939106,-0.18738335680332313,0.027822450948858216,0.0
2023-08-29,31.81,31.09,-0.009281551668673758,0.006906321596276881,0.007099094028613054,-0.13599498620143285,0.02289448169039031,31.762999999999998,32.525999999999996,33.516666666666666,1,29,8,31.843581572601458,33.02023342607723,26.17801047120416,-0.8773025959729637,-0.7997930048536923,34.41136077798567,30.640639222014325,0.011692592368106793,0.013447628120056196,0.022569986299203475,390442025.0,-0.7595363267978612,0,0,-1,0,0,0.0003216468317787573,-0.8129263624810094,0.20406336090163096,0.2134744783760864,0.009841269841269762,-0.048459467544122115,1.360784432338342,0.027192706696007495,0.0
2023-08-30,31.63,31.81,0.019739577581458764,-0.004232312924688761,0.01087314837581737,-0.39856027165223556,-0.00567466844349526,31.633999999999997,32.439,33.326,2,30,8,31.80474855940119,32.930540946975476,20.844327176780965,-0.8413350189929645,-0.8081014076815468,34.32095754748488,30.55704245251512,0.011685723456993698,0.013466300709804285,0.022214138579982102,387210349.0,-0.859743091528477,0,0,-1,0,0,-0.002829298962590376,-1.4714976634288102,0.21113333012014732,0.2137708965489283,0.001900538485904324,-0.052142643092598084,1.7442422547696625,0.012330066392665097,0.0
2023-08-31,31.6,31.63,0.0012602396122877732,0.0006281407241709208,-0.002228945358419042,0.47619970597156014,-0.0009489167246909763,31.570999999999998,32.406,33.14333333333333,3,31,8,31.76752154860097,32.84469959555771,21.467391304347814,-0.8059605923676862,-0.8076732446187747,34.323974809122916,30.488025190877078,0.010043019367666576,0.011366979240383426,0.022224717437879914,382007530.0,-0.8404698499336155,0,0,-1,0,0,0.0041100221308884785,-0.38866367099152443,0.18713876307660676,0.18044520136853062,0.0121716848174247,-0.020458772473651465,2.0240838476164256,0.015189873417721532,0.0
2023-09-01,31.42,31.6,0.000314811902489791,0.0,-0.0036726588188111665,-0.21211331373987255,-0.005712487765391361,31.498,32.340500000000006,32.949,4,1,9,31.7043358124917,32.752783492618505,21.409214092140914,-0.7834198240160575,-0.8028225604982313,34.30089174388255,30.380108256117463,0.010113936097724641,0.010797702309072744,0.022149859862590857,377799110.0,-0.9390980173962167,0,0,-1,0,0,0.005379746835442979,-0.9101400010654781,0.19604690250219522,0.17140821024428624,0.006406149903907865,-0.040024442407576966,2.1059535028554435,0.018936982813494666,0.0
2023-09-05,30.77,31.42,-0.022279724876468714,-0.018698057024841768,-0.021682749081128654,0.27119546672956796,-0.02090444349352474,31.383,32.2305,32.73466666666666,1,5,9,31.534456573856843,32.624861976965704,20.101781170483463,-0.8086836684811196,-0.803994782094809,34.28671496930874,30.17428503069126,0.011634441061012891,0.01132977639436953,0.02230831891101058,372279635.0,-1.4205713136024802,0,0,-1,0,0,-0.011139401654996862,0.00779994339462467,0.2522901140980949,0.179854624496831,-0.010292698616918616,-0.06672732787382463,0.9547444338053527,0.02194995125121883,0.0
2023-09-06,29.97,30.77,-0.03838424300831534,-0.013040513220300452,-0.02783556366277796,0.47532746279932153,-0.02634330800537867,31.229999999999997,32.041999999999994,32.54933333333334,2,6,9,31.25000992406469,32.45358055909695,17.439293598233974,-0.8830791743328774,-0.8198116605424227,34.204051657206804,29.879948342793185,0.013383581159065957,0.010546663112904269,0.02142329853120953,363401334.0,-1.9166979596378817,0,0,-1,0,0,-0.028274293142671467,2.153756802306325,0.17268542727439695,0.16742308654993815,-0.057843445457403275,-0.11173681090693544,-0.5926141148791042,0.03703703703703702,0.0
2023-09-07,29.43,29.97,0.0010028414679667992,-0.024275425277345865,-0.013027846893554212,-0.11536625279056295,-0.01818231908319036,31.016,31.832,32.32166666666667,3,7,9,30.9190990287802,32.25851084560683,18.03652968036529,-0.9743795943098092,-0.8507252472959,34.154544883711,29.509455116289008,0.013715520545266582,0.010867042226751857,0.020963124628997742,355490415.0,-2.068420736965094,0,0,-1,0,0,-0.0013346680013346397,1.5501326666314834,0.16720731875243408,0.17250894731293798,-0.06955422067657291,-0.12488849241748445,0.37921734567631993,0.025654094461433876,0.0
2023-09-08,29.53,29.43,-0.014471058518833449,-0.017924929213030676,-0.009926489175530214,0.08499575877212648,0.0033921335104499643,30.847,31.616499999999995,32.205333333333336,4,8,9,30.66653556900198,32.082477887825746,20.227272727272748,-1.026830013444897,-0.8859462005256995,33.95432872723925,29.278671272760743,0.013987572083852397,0.010707547441032401,0.014056380770519421,364103131.0,-1.784989615098063,0,0,-1,0,0,0.0023785253143051403,1.918021497482966,0.19027809527229758,0.16997704608238667,-0.06550632911392407,-0.12736406619385343,0.6563032651882711,0.01727057229935652,0.0
2023-09-11,29.41,29.53,0.007429956503784157,0.007057525145924804,0.0024050861962742224,-0.5626982214448766,-0.004071943189927699,30.665999999999997,31.401999999999997,32.062333333333335,0,11,9,30.438074556456165,31.910059959578927,20.745920745920742,-1.0657945297080644,-0.9219158663621726,33.7220871127044,29.081912887295598,0.013869806021269256,0.010708497616628726,0.013291770656462873,359196726.0,-1.7171769017569607,0,0,-1,0,0,0.006434134778191592,-0.41291513398468255,0.1947431070254998,0.169992129652365,-0.06397199236155315,-0.127299703264095,0.5595661210796719,0.02208432505950356,0.0
2023-09-12,29.28,29.41,-0.007429956503784232,-0.005874992699649959,0.0006861063733985867,-0.13380334821709422,-0.004430063472792772,30.485000000000003,31.189500000000002,31.899666666666665,1,12,9,30.227515546191405,31.74037867186416,22.250000000000014,-1.0945468483791174,-0.9564420627655617,33.46706541300956,28.911934586990444,0.013866544277777544,0.010714578233466781,0.012845550388815399,354904789.0,-1.6767904790728296,0,0,-1,0,0,0.0030601836110166563,-0.8064585143419097,0.18883060852131064,0.17008865645219318,-0.04842378940526482,-0.12675216224276764,-0.5266963047726841,0.015539617486338739,0.0
2023-09-13,28.79,29.28,-0.032033047103092384,-0.022710785709924262,-0.027641916361926977,0.6570103733034193,-0.016876584469026394,30.183000000000003,30.973000000000003,31.745,2,13,9,29.96614908324751,31.55003166077615,18.552036199095028,-1.1436884445073865,-0.9938913391139267,33.30054761385203,28.645452386147973,0.009688998040422342,0.010883054032791323,0.012669091906003297,346625571.0,-1.8757940649705507,0,0,-1,0,0,-0.024248633879781448,1.507715887322979,0.1452488113996517,0.17276312685386655,-0.03937270603937271,-0.13073671497584538,-0.06344931723850845,0.020319555401180994,0.0
2023-09-14,28.94,28.79,0.01700544189945515,0.005511553738527642,0.007554680667384477,0.0008442884775755932,0.005196616579253358,29.914000000000005,30.774,31.59733333333333,3,14,9,29.779576522657052,31.381642521371237,22.985781990521374,-1.1571903965223242,-1.0265511505956062,33.08111850356358,28.46688149643642,0.010765338529426082,0.011216801320247428,0.01279207237296156,354911782.0,-1.5898619833937433,0,0,-1,0,0,0.009378256339006585,1.35277285912772,0.13738983227546883,0.17806120079397397,-0.01664967720013588,-0.12089914945321989,-0.9577307227510509,0.01831029716655141,0.0
2023-09-15,29.69,28.94,-0.006559664467292994,0.021411183274477025,0.008011877650522066,0.031048140437871956,0.025585567572330714,29.723000000000003,30.647,31.511666666666667,4,15,9,29.76328988217395,31.272504294185996,34.607645875251535,-1.0947524341804957,-1.0401914073125842,32.895546665131754,28.398453334868243,0.015326751401448692,0.012792704170135526,0.012791583691076261,363459300.0,-0.8512164900468457,0,0,-1,0,0,-0.0024187975120939973,1.3529774992622605,0.25198768847037806,0.20307788298118515,0.0054182187605824605,-0.0788085634502016,0.9507103453663855,0.03132367800606264,0.0
2023-09-18,29.08,29.69,0.02158726967093038,-0.004043132192356203,0.008640109045699718,-0.47944678076668645,-0.020759636110349873,29.488999999999997,30.4935,31.389999999999997,0,18,9,29.639055358142322,31.131052404238513,31.559633027522935,-1.0820189601613386,-1.048556917882335,32.729146850939905,28.257853149060097,0.01598735918672102,0.013305893595929158,0.01276491191597186,358167311.0,-1.264510984286935,0,0,-1,0,0,-0.006399461098012842,-0.3939875937569938,0.2967857416727711,0.21122451255789307,-0.011220673240394441,-0.09548989113530326,0.8301462274707606,0.01925722145804685,0.0
2023-09-19,28.91,29.08,-0.014339610680455635,-0.014281099565416667,-0.013511378246858266,0.20787512970719044,-0.005863096637063863,29.302999999999997,30.343,31.254666666666665,1,19,9,29.50649983848008,30.987758700739256,20.40816326530617,-1.0732731447883666,-1.0535001632635415,32.579567859351954,28.106432140648046,0.015311461140316852,0.013297555149140635,0.01259222055082215,351652558.0,-1.2814276964663274,0,0,-1,0,0,0.0,0.2879504361486551,0.2976547036239972,0.2110921438187552,-0.012636612021857951,-0.0942982456140351,0.8964302174834305,0.018332756831546095,0.0
2023-09-20,28.52,28.91,0.0027472544751389236,0.001026869848918655,-0.005596376970697825,-0.26410312446853934,-0.013581960482159504,29.157999999999998,30.194,31.08066666666667,2,20,9,29.3271362314837,30.828548461981885,19.5694716242662,-1.0853010883589604,-1.0598603482826254,32.501939614281675,27.886060385718324,0.013957117363769785,0.01330867511820658,0.01155677460077175,346649916.0,-1.450644539953457,0,0,-1,0,0,0.008647526807333102,-0.48083353217916447,0.28856230675835554,0.21126866785516654,-0.009378256339006574,-0.09460317460317458,0.9149866582598206,0.025245441795231378,0.0
2023-09-21,28.28,28.52,-0.026408761973297112,-0.014820191981254343,-0.008100061896208655,-0.008504990131691953,-0.008450754517723124,29.043,30.029499999999995,30.90233333333333,3,21,9,29.136747825759386,30.6641259805637,18.79699248120305,-1.1015018864457922,-1.068188655915259,32.39282036717575,27.66617963282424,0.013264340200772985,0.013222485727308901,0.011560301769580917,341689641.0,-1.4805440889850252,0,0,-1,0,0,-0.004207573632538604,-0.5288052804465266,0.2840313161434374,0.20990045369136218,-0.022805805114029076,-0.10421286031042121,1.6822883836230365,0.01838755304101837,0.0
2023-09-22,28.05,28.28,-0.003174046043352063,-0.014074274018460654,-0.008879475851675039,0.06879333307260774,-0.00816620905966666,28.895,29.871000000000002,30.709333333333337,4,22,9,28.939157311984953,30.495472691495074,18.621973929236532,-1.1199896697167198,-1.0785488586755512,32.321726208163966,27.420273791836042,0.013059119627611134,0.01317208476918105,0.011344301038656092,336376121.0,-1.4860901180505686,0,0,-1,0,0,0.0010608203677509754,-0.3642154460093369,0.09336884725255783,0.20910036328508813,-0.055237453688110505,-0.10153747597693785,-1.2054276711342573,0.013101604278074856,0.0
2023-09-25,27.5,28.05,-0.019979258931364693,-0.01910914477178002,-0.024193272422347287,0.15806057990825026,-0.019802627296179754,28.704,29.685000000000002,30.502666666666666,0,25,9,28.677492346169505,30.302216388817975,18.975332068311246,-1.16558562903478,-1.095956212747397,32.265848493690015,27.10415150630999,0.013830682685617959,0.013486177508372825,0.011597351946654963,330152729.0,-1.6932415872858613,0,0,-1,0,0,-0.010695187165775426,0.08577297889884059,0.08756667854512665,0.2140864309441632,-0.054332874828060485,-0.11915438821268409,-1.0911430850443333,0.01818181818181818,0.0
2023-09-26,26.56,27.5,-0.017448643334946407,-0.009013942409596626,-0.03024068671871486,0.49491795344443296,-0.03477968006429253,28.432,29.458499999999997,30.270333333333333,1,26,9,28.292493737775047,30.060783073410366,18.484288354898382,-1.2630116868590733,-1.1293673075697324,32.30193213666221,26.61506786333778,0.01629117428917741,0.014845175755344407,0.012629056645550718,319944103.0,-2.0387333762095166,0,0,-1,0,0,-0.008363636363636379,2.0014339696609156,0.17141238698685077,0.23565985930612043,-0.0812867519889312,-0.1457060147957543,-1.3386977911449292,0.040097891566264976,0.0
2023-09-27,26.81,26.56,-0.025628143572397896,-0.023082175162453217,-0.0032034680664730936,0.08621235422367544,0.009368627639634886,28.234,29.208500000000004,30.06,2,27,9,28.022949421815945,29.851055133190346,24.41406250000003,-1.3050063283241577,-1.1644951117206175,32.06061851086424,26.356381489135774,0.017094275454052784,0.013605917842967002,0.012972540429154099,331071891.0,-1.6819076702904796,0,0,-1,0,0,0.0007530120481927551,2.056371948748655,0.2554819409781606,0.2159872498276023,-0.05995792426367463,-0.15718327569946555,-0.0857405664032872,0.019392017903767246,0.0
2023-09-28,27.22,26.81,0.00600151838869776,0.016541454169902076,0.0062126860604274775,-0.5374051010036333,0.015177044975452051,28.062,28.988,29.869999999999997,3,28,9,27.876958617849407,29.681309640726457,28.729281767955797,-1.2903296932517954,-1.189662028026853,31.73169401393815,26.24430598606185,0.01815672641056263,0.014600384360735685,0.013593349494307426,337573439.0,-1.2887734499681391,0,0,-1,0,0,-0.002610966057441264,-0.1411594076624604,0.3238218149767952,0.23177391638678033,-0.03748231966053761,-0.13942459690167563,-0.21472070596773415,0.029573842762674496,0.0
2023-09-29,27.07,27.22,0.021092363811816586,0.0030940055622102262,0.010275662578204078,-0.09005595436884006,-0.005525893597110146,27.8,28.7615,29.698,4,29,9,27.730238869149513,29.51283805100217,28.571428571428584,-1.2760921051665903,-1.2069480434548006,31.34025755477923,26.18274244522077,0.014346473693018108,0.01453011616322367,0.013305593780807153,331631804.0,-1.311872065572921,0,0,-1,0,0,0.0033063923585598775,-0.43892639814257167,0.3240051180679138,0.23065844333261895,-0.03493761140819962,-0.14335443037974682,-0.3425006482396614,0.02271887698559298,0.0
2023-10-02,27.19,27.07,-0.007350271975039481,-0.005649217757372491,0.0022279994363129363,0.07605072648620557,0.0044231550181695846,27.611,28.55,29.532666666666664,0,2,10,27.63201362021324,29.362977531582676,30.825688073394517,-1.2408222899412458,-1.2137228927520898,30.89385198024079,26.206148019759212,0.01430718644518222,0.014774660366658317,0.013422876458887895,338042931.0,-1.1604828389037463,0,0,-1,0,0,0.0014776505356482877,-0.2731835916535109,0.30930910798634853,0.23454046221372174,-0.011272727272727212,-0.13462762571610443,-1.4613408125272758,0.014711290915777806,0.0
2023-10-03,26.81,27.19,0.00147438286937033,0.0012784222360293729,-0.010440064996683398,0.029504766993889913,-0.014074306396511457,27.401,28.351999999999997,29.362333333333332,1,3,10,27.482556598356286,29.198269303738634,31.4606741573034,-1.2293622091813141,-1.2168507560379347,30.572000948320103,26.13199905167989,0.014489109694470457,0.014523881999844458,0.013509669510241904,331439827.0,-1.389188595767802,0,0,-1,0,0,-0.001471129091577885,-0.20439663533525418,0.18600540011210545,0.2305594790570153,0.0094126506024097,-0.1286967825804355,-0.4185239928076452,0.02666915330100708,0.0
2023-10-04,27.2,26.81,-0.009994530724995601,0.009626811246233047,0.0067239700476685845,0.5749222190770157,0.01444202105408367,27.269,28.2135,29.218999999999998,2,4,10,27.431182671382413,29.069348703497432,34.40860215053763,-1.1752625765724645,-1.2085331201448408,30.35263189475871,26.07436810524129,0.015833721237554124,0.014527419218614751,0.013923563561368583,343173492.0,-0.9475806540805397,0,0,-1,0,0,0.002610966057441264,2.1517519212709706,0.20190797193202553,0.23061563066420945,0.014546810891458373,-0.09242575909242579,-0.41013510008921134,0.02941176470588238,0.0
2023-10-05,27.32,27.2,0.018065007397638985,-0.004347832936103398,0.007603189153849818,-0.549135022382626,0.004402061400637665,27.172999999999995,28.107999999999997,29.077333333333335,3,5,10,27.410967640221973,28.95648749682018,26.06060606060609,-1.1099108692399149,-1.1888086699638556,30.202168343913122,26.01383165608687,0.016010137593722207,0.014312339499990301,0.013967238668582543,349949086.0,-0.7525660506619574,0,0,-1,0,0,0.006250000000000063,-0.14127513807671893,0.17269002862918767,0.2272013459790052,0.0036737692872887973,-0.07169554875976891,-0.245133033255463,0.01738653001464121,0.0
2023-10-06,27.08,27.32,-0.009176059980392918,-0.00236299301082362,-0.01077276391512883,0.0031307600912016233,-0.008823586658515126,27.076,27.985500000000002,28.939333333333334,4,6,10,27.350791705636155,28.83542378734791,28.165938864628856,-1.0652061313669527,-1.164088162244475,30.01506541887424,25.955934581125764,0.016033169298968513,0.014257294043896017,0.013937313656552807,343152246.0,-0.8923092516054669,0,0,-1,0,0,-0.007320644216691043,-0.08998895118601093,0.18154253369453607,0.2263275264532276,0.00036941263391199186,-0.08296647477141894,-0.09876974801293888,0.025849335302806607,0.0
2023-10-09,26.5,27.08,-0.020488703300472706,-0.0319894153000873,-0.03168243744551453,0.09196158214316585,-0.02165071505189766,26.976,27.840000000000003,28.782,0,9,10,27.1961023046114,28.684751284938372,25.851703406813655,-1.0643097568925022,-1.1441324811740805,29.85677178209865,25.823228217901356,0.016245351364015892,0.014766028766653356,0.01423695214724341,335700716.0,-1.3288563553835553,0,0,-1,0,0,-0.01883308714918752,0.1655060597530614,0.2293700261098785,0.23440343981154346,-0.025376976829716846,-0.09894593675620533,0.4433169681811699,0.02528301886792446,0.0
2023-10-10,26.65,26.5,0.011971710509051235,0.023032221696070353,0.02437287439680139,-0.06170426973260745,0.00564441761967691,26.985000000000003,27.708499999999997,28.634,1,10,10,27.096810976500237,28.553477008490734,30.31578947368422,-1.0395127711146017,-1.1232085391621847,29.672205144555512,25.744794855444482,0.01231606510732843,0.014960929867400816,0.014377486310249538,342706353.0,-1.0780640901560514,0,0,-1,0,0,0.014716981132075493,-0.1257107045827827,0.22348426799290186,0.2374973988685266,-0.005967922417008609,-0.08982240437158473,-0.6711763482400199,0.024390243902439105,0.0
2023-10-11,26.2,26.65,-0.014609737288596757,-0.004047843613473418,-0.01707497375257812,0.020407315884259668,-0.017029739844802296,26.924,27.579,28.447,2,11,10,26.933754435318377,28.401639782136495,29.032258064516128,-1.0441360697659334,-1.1073940452829345,29.58358316969581,25.57441683030419,0.012969754072125146,0.014967401003378985,0.013503132898953489,335556281.0,-1.3758471295648576,0,0,-1,0,0,-0.005628517823639722,-0.02203981541373068,0.19417732389746448,0.2376001249675165,-0.03676470588235292,-0.08996179228898926,0.061648938820202975,0.03778625954198481,0.0
2023-10-12,25.45,26.2,-0.011003715656861503,-0.03260547403456215,-0.03307051025386433,0.201684043225282,-0.029043667770519383,26.746999999999996,27.404499999999995,28.241,3,12,10,26.66398090162412,28.21121140909543,26.277372262773724,-1.0956883855780504,-1.1050529133419578,29.515049691435255,25.293950308564735,0.0137895189125941,0.01569529483374954,0.014100002993308127,326808444.0,-1.8521241247543019,0,0,-1,0,0,0.0003816793893130368,0.7915755313590003,0.2086456981459541,0.24915508130362887,-0.06844802342606149,-0.12059433310297174,0.7712140135576446,0.03811394891944986,0.0
2023-10-13,25.37,25.45,-0.037314861613946135,-0.029772158333670144,-0.008341657108454638,-0.04260802010251143,-0.003148369385341227,26.576999999999998,27.188499999999998,28.033333333333335,4,13,10,26.42871164678337,28.027907447218308,28.7425149700599,-1.1299736656521837,-1.1100370638040031,29.19591021953449,25.181089780465506,0.013830838430972492,0.013786206009198469,0.014072523365234022,318425506.0,-1.8117871298091686,0,0,-1,0,0,-0.007858546168958714,0.6091000723664776,0.22102422117955745,0.21884923574066034,-0.06314623338257008,-0.14550353654429105,0.4185678912516441,0.01616081986598345,0.0
2023-10-16,25.61,25.37,0.007889587275162924,0.009375068665455882,0.0079460092299009,-0.33575701537316405,0.009415526600243277,26.419,27.014999999999997,27.83966666666667,0,16,10,26.279854983731845,27.871913418365516,38.97911832946636,-1.1248128604036864,-1.1129922231239398,28.931844995522653,25.09815500447734,0.01434909436308209,0.013951018086470604,0.01439657508252024,324417603.0,-1.4659505628068847,0,0,-1,0,0,0.003153330705557678,-0.6580373553858097,0.2523829932159396,0.2214655463577925,-0.03358490566037742,-0.11932599724896831,-0.5622843819357881,0.017571261226083535,0.0
2023-10-17,25.79,25.61,0.0011780877074309664,0.009673126305238465,0.007490671729157659,-0.28725710288944,0.007003919681819573,26.317,26.858999999999998,27.67366666666667,1,17,10,26.190790441235144,27.737596423632258,37.971698113207545,-1.0935921399337367,-1.1091122064858991,28.628673178277033,25.089326821722963,0.014567270693481585,0.014263679198717153,0.014356697281534008,328913586.0,-1.2081326802283165,0,0,-1,0,0,-0.005076142131979657,-1.328049073874182,0.2567555948559974,0.22642888764366384,-0.03227016885553469,-0.1079211345555171,-0.5497304794432949,0.019775106630476852,0.0
2023-10-18,24.7,25.79,0.0011767014497575208,-0.017479567198067914,-0.03192609539306225,0.5047947740239892,-0.0431835762593219,26.066999999999997,26.668,27.498,2,18,10,25.919737633737846,27.541622460817276,24.390243902439025,-1.143620439965158,-1.116013853181751,28.506106577294258,24.82989342270574,0.01742553030348969,0.016393901131658114,0.01541517715556783,321465336.0,-2.141333940382224,0,0,-1,0,0,-0.010856921287320574,0.0958013214080262,0.3630552431441487,0.26024511247528637,-0.057251908396946605,-0.13394109396914444,-0.6245448747980464,0.034817813765182164,0.0
2023-10-19,24.37,24.7,-0.033888034417521896,-0.021787354184907296,-0.012650648207599445,-0.024428199525883324,-0.013450375996816637,25.772,26.472499999999997,27.329333333333334,3,19,10,25.63796715487642,27.337001656893584,23.52941176470587,-1.1961084762864687,-1.1320327778026944,28.417337971878673,24.52766202812132,0.01674707493951595,0.016452998197281927,0.015316328590132123,314196829.0,-2.1621338439510396,0,0,-1,0,0,-0.0016194331983805323,-0.059714745012464106,0.3326116110644878,0.261183249308412,-0.04243614931237716,-0.1382602545968883,-1.3203556760711157,0.025441116126384795,0.0
2023-10-20,24.2,24.37,-0.016765880352705997,-0.01777824602128383,-0.009490477669614144,0.0342772987395377,-0.007000234474474233,25.484,26.28,27.151666666666664,4,20,10,25.376518581262523,27.134614453223033,20.970873786407736,-1.2371619694010398,-1.1530586161223635,28.326871810970516,24.233128189029486,0.016786187308516724,0.016451883882226473,0.015209961638615986,306674858.0,-2.032369578643795,0,0,-1,0,0,-0.00492408699220357,0.018242233702613426,0.3298566494506257,0.2611655601052986,-0.04611746156878205,-0.13725490196078438,-1.175989017218333,0.016942148760330584,0.0
2023-10-23,24.29,24.2,-0.006619800756712161,0.01897896659780275,-0.006655598611736063,-0.08479388013902103,0.003712109851440304,25.262999999999998,26.1195,26.981,0,23,10,25.178969748305697,26.95109094011187,24.074074074074048,-1.2480481880019028,-1.1720565304982715,28.26462887602505,23.974371123974947,0.016942875642197704,0.016354345454593293,0.015318936165283343,313585305.0,-1.705725022349317,0,0,-1,0,0,-0.004545454545454522,-0.34729943755712184,0.3113717384234737,0.2596171855685606,-0.05154236626317843,-0.11672727272727279,-1.3453688425144954,0.042815973651708486,0.0
2023-10-24,23.9,24.29,0.011145626214916323,-0.02142794741362045,-0.005440482136597934,-0.06971572393700215,-0.01618628407661619,24.988,25.9865,26.80166666666667,1,24,10,24.946429794068294,26.754246363330463,16.04938271604935,-1.273465616387174,-1.192338347676052,28.336678268718508,23.63632173128149,0.016300247083928365,0.015173408164655464,0.015418228486100869,307140215.0,-1.775609984801463,0,0,-1,0,0,0.00288184438040347,-0.5357089646009385,0.2705593177034265,0.24087038726973214,-0.07328421868941448,-0.10015060240963858,-1.113554456039367,0.026778242677824294,0.0
2023-10-25,23.6,23.9,-0.016974118984771983,-0.01772876778757346,-0.010758462591129487,0.48741683286525656,-0.012631746905900462,24.728,25.826,26.628666666666668,2,25,10,24.701624376964965,26.550746597954305,13.095238095238045,-1.3027987512601094,-1.2144304283928635,28.369842100366906,23.282157899633095,0.016174962958116178,0.014855329900049643,0.01534241519762932,296646931.0,-1.7501086248072846,0,0,-1,0,0,0.0020920502092050507,2.005178751386283,0.12481409469972624,0.23582105135612014,-0.04453441295546545,-0.11973144349123455,1.3889804069125606,0.019703389830508466,0.0
2023-10-26,23.39,23.6,-0.018967902706810924,0.0020777069597731645,-0.032549484085591524,0.20428844436570745,-0.008938131435476726,24.522,25.634499999999996,26.44366666666667,3,26,10,24.463147217516788,26.346827462602416,13.173652694610738,-1.3276859794225508,-1.237081538598801,28.309739094089867,22.959260905910124,0.014836015985695993,0.013967244899796066,0.015186870744150177,283775324.0,-1.6779808615675036,0,0,-1,0,0,-0.00423728813559328,2.6177935452103682,0.1189786123745546,0.22172313903357396,-0.04021337710299555,-0.14070536370315934,1.0842156306576514,0.05429670799486958,0.0
2023-10-27,22.34,23.39,-0.025863510589919352,-0.03205673059344149,-0.0266445602224457,-0.1060312343893713,-0.04592978695503303,24.219,25.398,26.198666666666664,4,27,10,24.077120450695553,26.088322465015164,12.043795620437905,-1.4158148792145226,-1.2728282067219454,28.35985290512541,22.43614709487459,0.018614899272279245,0.016264854797883352,0.015402043539508957,272198645.0,-2.064923612315932,0,0,-1,0,0,-0.020949123557075757,1.710180183038951,0.28458155390489565,0.25819656543465047,-0.07685950413223142,-0.17473217584041378,-1.2343608945565323,0.04968666069829899,0.0
2023-10-30,22.51,22.34,-0.02118349291617998,-0.03356165940348048,-0.009495888673113462,0.13946318251183418,0.007580861277586202,23.909,25.164,25.97966666666667,0,30,10,23.792189459659998,25.85746295114322,12.36363636363636,-1.4551658419664726,-1.3092957337708508,28.265913840470994,22.06208615952901,0.01838031226149557,0.01642209679041303,0.015551509740054635,285507849.0,-1.7112016235737995,0,0,-1,0,0,0.0035810205908684803,2.0820576831639115,0.30213694582207684,0.2606927046819893,-0.07328118567311637,-0.1721221037146009,-0.9120902778422628,0.024433585073300627,0.0
2023-10-31,22.23,22.51,-0.0035746240029592455,-0.0033300064071873827,-0.0040974334585555236,-0.08940197145851085,-0.012516926942535755,23.553000000000004,24.935,25.756999999999998,1,31,10,23.508155012449087,25.62343308332753,12.757973733583484,-1.4917494641571274,-1.345786479848106,28.197356268262908,21.67264373173709,0.017045289635400415,0.016402502018555462,0.01556102600307856,273336876.0,-1.658310605935332,0,0,-1,0,0,-0.0075521990226566724,1.4299877376435413,0.3023996152519722,0.26038164732199626,-0.06987447698744764,-0.17083177918687054,-1.098665503076841,0.02541610436347268,0.0
2023-11-01,22.23,22.23,-0.011706572232160154,-0.0006673340254329604,-0.0002783233998971698,-0.35425654759452196,0.0,23.306,24.686500000000002,25.54733333333333,2,1,11,23.275763192003797,25.40450191666124,14.8471615720524,-1.5034118523218005,-1.3773115543428451,27.97942239428125,21.393577605718754,0.014472208564245376,0.01559715475829586,0.015609713830582444,273336876.0,-1.4919877882735142,0,0,-1,0,0,-0.006747638326585791,0.0708993190578882,0.31944731332108106,0.24759715590383155,-0.05805084745762712,-0.18272058823529413,-1.4125839475351711,0.02501574448942857,0.0
2023-11-02,23.16,22.23,0.02172781187007003,0.03110875171436793,0.023719485636662777,-0.21985809020813205,0.04098392472868934,23.185,24.478500000000004,25.376666666666665,3,2,11,23.254715338912195,25.25969534139277,29.650092081031303,-1.4212281182363249,-1.3860948671215412,27.591645473129162,21.365354526870846,0.021854044204730246,0.019229042179883894,0.018080925108048346,280191608.0,-0.8470532529755007,0,0,-1,0,0,0.015069725596041424,-0.6239280212615502,0.4998325582413836,0.3052515813476648,-0.0098332620778111,-0.15226939970717424,0.0006991432249090292,0.03195595854922272,0.0
2023-11-03,23.7,23.16,0.043998861830260264,0.03226086221822148,0.0414679562795072,0.46649440635139877,0.02304839543629087,23.134999999999998,24.3095,25.231666666666666,4,3,11,23.335676186382702,25.159069835496464,33.33333333333333,-1.2975658978760691,-1.3683890732724469,27.185992564514457,21.433007435485543,0.023561597315529974,0.020464441244440364,0.018875781115289612,291120759.0,-0.4237799933982322,0,0,-1,0,0,0.018134715025906654,0.9533840950654398,0.3347523737610664,0.32486293351609424,0.0608773500447628,-0.1248153618906942,0.5000683294913462,0.023206751054852353,0.0
2023-11-06,23.53,23.7,0.013061066228493495,0.002086376721775922,-0.006218525453539551,-0.5925307289438937,-0.007198845401814276,23.059,24.160999999999998,25.09933333333333,0,6,11,23.371007788858574,25.053968555787016,30.244755244755268,-1.1994537206949438,-1.3346020027569463,26.862686802531034,21.459313197468962,0.023528019934149085,0.020161504899402022,0.01868927885178139,285077745.0,-0.4671155808355382,0,0,-1,0,0,0.008016877637130855,-0.9784384480655324,0.36245060064728246,0.3200539681237684,0.04531319413593948,-0.11207547169811316,0.7998057637745358,0.03166170845728846,0.0
2023-11-07,23.56,23.53,-0.012213249306153785,-0.012584058680908982,0.000215076890817295,-0.21504046387782016,0.0012741560441148472,23.025,24.0065,24.999333333333333,1,7,11,23.405370009066104,24.957583487671727,37.76824034334763,-1.1065230551462584,-1.2889862132348089,26.449942567152057,21.56305743284794,0.023087477527880117,0.020054650097637315,0.017884924251463197,289951489.0,-0.36546797211641935,0,0,-1,0,0,0.0029749256268593403,-1.3418753780154808,0.3218965461115129,0.3183577007325933,0.05982905982905984,-0.11594746716697935,0.936206709653269,0.018675721561969495,0.0
2023-11-08,23.99,23.56,0.003384097984240494,0.026657138624737044,0.016635060504532194,0.39138014315780517,0.018086718068217336,23.064,23.896,24.905333333333335,2,8,11,23.511666371054083,24.895158746531617,46.00840336134451,-0.9868021854981848,-1.228549407687484,26.11097677308062,21.681023226919383,0.023455317360055225,0.020578542116955194,0.01818097443263817,297159857.0,0.08487673653503938,0,0,-1,0,0,0.00509337860780989,-0.45514370423557765,0.30521065272574444,0.3266742287143926,0.07917228969860535,-0.08435114503816799,0.247709468113707,0.028761984160066603,0.0
2023-11-09,23.35,23.99,0.019860587990565146,-0.0033760170399290577,-0.014057739490231811,-0.08178563928720348,-0.027040092736696705,23.06,23.791000000000004,24.776333333333337,3,9,11,23.482272485407886,24.795471085465064,41.87380497131933,-0.9328123054548456,-1.1694019872409565,25.89196619377659,21.69003380622342,0.024987636031879548,0.020461083378065476,0.018296495764055253,290517566.0,-0.4198068501114569,0,0,-1,0,0,0.006877865777407366,-0.6239846823512132,0.3199963468817837,0.32480962903991184,0.00820379965457696,-0.08251473477406668,-0.47797956380534956,0.040171306209850204,0.0
2023-11-10,23.16,23.35,-0.04249661747412699,-0.03945597672132845,-0.027398974188114388,0.020824398855874518,-0.008170331410111887,23.142,23.680500000000002,24.646,4,10,11,23.423677488060996,24.689956821886675,39.39962476547842,-0.8950388973815144,-1.114529369269068,25.66079742583297,21.700202574167033,0.01979682669834865,0.020479296798387826,0.018305620563733083,283735503.0,-0.5256786109097373,0,0,-1,0,0,-0.008565310492505475,-0.5368662390979773,0.2588077248516045,0.3250987581240928,-0.02278481012658229,-0.08711076074103274,0.09318770988924963,0.027197754749568186,0.0
2023-11-13,23.09,23.16,-0.019629856044886092,-0.0025730310008083156,-0.004418920138035447,-0.2948061627534108,-0.0030270293383904785,23.2,23.5545,24.509333333333338,0,13,11,23.363008853868088,24.58673380111979,41.91616766467066,-0.8608285190063221,-1.063789199216519,25.327733442649144,21.781266557350857,0.01985408092610196,0.02022501526819797,0.018223232858218724,278685064.0,-0.5239016914840677,0,0,-1,0,0,-0.019861830742659795,-1.145292257441049,0.2577746475901409,0.32106216397281684,-0.01869953251168721,-0.09839906286606792,-0.15938455852917266,0.029016890428757113,0.0
2023-11-14,24.3,23.09,0.03972888628185943,0.04704773560374968,0.03823228450381358,0.5475396530694177,0.051076726980098824,23.407,23.479999999999997,24.425666666666665,1,14,11,23.533370880437523,24.56823484620884,55.912162162162154,-0.7276912878689927,-0.9965696169470137,24.958477168192424,22.00152283180757,0.024416540431066124,0.02386017969805334,0.02095510925989861,287417242.0,1.1092494597025506,0,0,-1,0,0,0.022953659592897406,0.13480347027355985,0.4795902462783985,0.3787686103101681,0.03140916808149408,-0.0577743311360992,0.8632962267923167,0.037448559670781895,0.0
2023-11-15,24.94,24.3,0.03371807450043273,0.02752095989375886,0.03887636900249958,0.03504758840557622,0.025996589905387633,23.678,23.491999999999997,24.35033333333333,2,15,11,23.789121629448882,24.592219694840527,62.20472440944883,-0.5640345821304109,-0.9100626099836933,25.015384044616653,21.968615955383342,0.024731488986179256,0.02277998751049606,0.021402503887767686,296460888.0,1.9010308071913409,0,0,-1,0,0,0.005349794238683086,0.22491268853923632,0.49518726336318536,0.36162109093157974,0.039599833263860074,0.009716599190283448,0.608969407449726,0.0264635124298316,0.0
2023-11-16,24.29,24.94,0.0186542311098515,0.0009975063171253381,-0.008854170888470883,-0.2694229296953876,-0.02640819723780937,23.791,23.488,24.249333333333333,3,16,11,23.880190424094536,24.572721650012106,66.38655462184875,-0.48123762370696,-0.8242976127283467,25.00206876017917,21.97393123982083,0.02490159123407163,0.02336306119368671,0.021774915324155812,289553169.0,1.0593970645099264,0,0,-1,0,0,-0.0020048115477145434,-0.5936837500362455,0.4924706020988028,0.37087709870207325,0.04025695931477502,-0.003282724661469061,0.630020887474866,0.03705228489090155,0.0
2023-11-17,24.81,24.29,-0.016201245415424326,-0.009013581305361411,0.0026851198617555503,-0.011346580499619978,0.021182054689628565,23.902,23.5185,24.173666666666666,4,17,11,24.049246710622803,24.58802993065649,68.25396825396824,-0.36940254091129887,-0.7333185983649372,25.115276687423076,21.921723312576923,0.0247529524071508,0.023769609404873427,0.02222406765304273,296382952.0,1.6176338371826544,0,0,-1,0,0,0.008233841086866995,-0.6063030907756554,0.4746766978821055,0.37733085147862255,0.07124352331606221,0.02520661157024784,-0.1962565195798016,0.024586860137041637,0.0
2023-11-20,25.13,24.81,0.010964576852319202,0.014779577994135621,0.011484949866897031,-0.08897787322454359,0.012815553851791292,24.062,23.560499999999998,24.127999999999997,0,20,11,24.245747308691385,24.622995741581878,72.87066246056781,-0.25204568070488165,-0.6370640148329261,25.282035116667323,21.83896488333267,0.024481058789828557,0.023902702624311663,0.022108975273127704,302631287.0,1.82337262226559,0,0,-1,0,0,-0.0020153164046754195,-0.809103941574615,0.4511306122640099,0.3794436408375577,0.08834993503681243,0.03458213256484144,-0.698856677236221,0.02785515320334259,0.0
2023-11-21,24.63,25.13,0.00764437438113229,-0.005566614772053533,-0.0006119327064998209,-0.057606266333275556,-0.020097139423054234,24.169,23.597,24.060666666666666,1,21,11,24.31561143438386,24.623447629221758,67.5438596491228,-0.19711314714481531,-0.5490738412953039,25.378744857398527,21.815255142601476,0.02589317347930747,0.02406999221591139,0.022313709021182408,296732724.0,1.159537512579945,0,0,-1,0,0,-0.00716275368085952,-0.9232609505181905,0.3847992438123999,0.38209928077537236,0.013580246913580174,0.03054393305439329,-0.4735607775615407,0.0233455136012992,0.0
2023-11-22,24.71,24.63,0.0059940239402106466,0.010708014272472307,-0.0002040608108294991,0.24284700364327858,0.0032428078680723136,24.241,23.652499999999996,24.011000000000003,2,22,11,24.387318446314065,24.629031653142935,62.9382303839733,-0.14544676732259632,-0.46834842650076236,25.50248293022642,21.80251706977357,0.025454918119960354,0.023832980418209557,0.022164789552376815,304252646.0,1.1432537919369594,0,0,-1,0,0,0.01908241981323599,-0.2609819664827491,0.3268964405424766,0.37833683512832794,-0.00922213311948683,0.04703389830508464,-0.23908329478410112,0.03439902873330641,0.0
2023-11-24,24.87,24.71,-0.011218066361277132,-0.016305789785301773,0.006306602125408098,-1.2109433018876303,0.006454237814794613,24.393,23.726499999999998,23.991666666666667,4,24,11,24.475078728802416,24.644577998101457,60.42780748663103,-0.09054636413057793,-0.3927880140267255,25.64924228506074,21.803757714939255,0.023181413532419304,0.02369115101463282,0.021614744071662518,306492952.0,1.1894469777720404,0,0,-1,0,0,0.004451639012545505,-2.0168055186888085,0.24548236321746017,0.37608536314556396,0.0238781391519145,0.06327490380504486,-1.1296943053668815,0.011459589867310018,0.0
2023-11-27,24.44,24.87,-0.002420331960065696,-0.004017683186612418,-0.013680662578123202,1.190434346067976,-0.01744112351191872,24.521,23.8315,23.960666666666665,0,27,11,24.468700778111067,24.631379417578785,57.75127768313459,-0.08080335463106891,-0.33039108214759416,25.66261441478231,22.000385585217686,0.02399290057298149,0.021429851081911342,0.02182670669141266,299125685.0,0.6646225873027631,0,0,-1,0,0,-0.0044229995979091045,-0.03648880448112822,0.23427944572972265,0.34018833957531525,-0.014913341394598878,0.09400179051029545,-0.3702568330115029,0.021276595744680833,0.0
2023-11-28,24.82,24.44,-0.01382697913383672,0.0008048290172870418,-0.00412031897302007,-0.43670565847926324,0.015428645473066443,24.694,23.947,23.93433333333333,1,28,11,24.53257336390905,24.643548487412414,60.12861736334406,-0.04193571636642801,-0.27270000899136093,25.71755566657601,22.176444333423987,0.023965751405853192,0.021559360476075956,0.0219553797151649,303886130.0,0.9861310959945725,0,0,-1,0,0,-0.0008183306055646306,-1.037605534216418,0.24600953105127638,0.3422442374717525,-0.012335853561480259,0.1026210573078632,-0.2289772960497672,0.025785656728444826,0.0
2023-11-29,25.33,24.82,0.025471358848315202,0.032062908800484145,0.031697086743254686,0.658402553190898,0.020339684237122565,24.797,24.102,23.919,2,29,11,24.677560025016493,24.687835681772903,60.63492063492063,0.029677797560189845,-0.21222444768105078,25.780013863571718,22.423986136428283,0.01892115818211674,0.02140702063185817,0.022258503291997245,313081901.0,1.4636351065493018,0,0,-1,0,0,0.009266720386784867,1.2142429904346732,0.2317621812598165,0.339825917416353,0.02842062525375555,0.139451192082771,-1.0646982601380202,0.026450848795894266,0.0
2023-11-30,25.57,25.33,0.016627461460491832,-0.0019496984144609167,0.0025966258472661353,-0.2909479200466705,0.009430325289511461,24.86,24.269,23.947999999999997,3,30,11,24.839821838649858,24.744749508755298,68.81355932203387,0.10459234211739599,-0.14886108972136144,25.82277841677758,22.715221583222416,0.01743403330279881,0.02135422330762618,0.020860274440878217,319956242.0,1.6746274577531803,0,0,-1,0,0,0.005527043031977915,0.03982482109065269,0.23181788787215307,0.33898778587750805,0.034803723188992386,0.15024741340530823,-1.4824778763816273,0.021705123191239722,0.0
2023-12-01,26.69,25.57,0.005481611220068348,0.04091566694784452,0.018773399888926394,0.1345174009185247,0.042869174113337474,25.1,24.445500000000003,24.025333333333332,4,1,12,25.176217867986246,24.870249540448505,75.84187408491945,0.2514388674301067,-0.06880109829106781,26.250516110154486,22.64048388984552,0.018614545825717962,0.02152570178897587,0.02204587861063001,327820382.0,2.4869584125849173,0,0,-1,0,0,0.0015643332029721998,0.5393454569000448,0.3488835426397999,0.34170992237860986,0.07318053880176922,0.15241796200345425,-0.2508229471421944,0.043087298613713076,0.0
2023-12-04,27.3,26.69,0.040181414539128664,0.023330071286156398,0.0338830184838437,0.44608413549237497,0.02259773877448134,25.349,24.6255,24.128666666666668,0,4,12,25.56236007380693,25.02700763461312,78.56173677069198,0.41228513236251274,0.027416147839648297,26.798070391330352,22.452929608669645,0.01872166508846263,0.021507927037134545,0.022239744119375942,340105607.0,2.4620606178493443,0,0,-1,0,0,-0.0011240164855751643,2.616969412717682,0.20631473682359977,0.34142775694068167,0.11702127659574457,0.15189873417721533,1.3708958321823268,0.03295970695970692,0.0
2023-12-05,27.17,27.3,0.018212731629381803,-0.000732332511675224,0.015391795349295722,-0.3518715974417379,-0.00477327875265766,25.553,24.8075,24.224666666666668,1,5,12,25.85465824220567,25.165265206573565,72.81399046104929,0.5232355093624044,0.12658002014419953,27.193078380717804,22.421921619282198,0.019219717217864835,0.021429069070776897,0.022300723784708737,331464543.0,1.9806517522925764,0,0,-1,0,0,-0.005494505494505572,0.7677668193900541,0.28461642205984206,0.34017592553340986,0.09468170829975842,0.15469613259668513,0.2468931251150688,0.017298490982701597,0.0
2023-12-06,27.99,27.17,0.018248681588399315,0.040558223471994226,0.02357383566964975,0.22894191804111227,0.029733880089105682,25.889,25.029,24.360999999999997,2,6,12,26.242902198168274,25.347506160988175,73.57032457496135,0.6696127504949416,0.23518656621434794,27.728823775929477,22.329176224070522,0.017599040381822927,0.02196000384780281,0.022465313392604276,342328685.0,2.193476497539626,0,0,-1,0,0,0.01766654398233334,1.6173496195140737,0.2971696069397251,0.34860425382784643,0.10501381760757988,0.18803056027164677,-0.19628539530788405,0.034297963558413753,0.0
2023-12-07,29.16,27.99,0.03587669443168202,0.03982255046574902,0.04136061900284111,0.3491906698653513,0.04095060361309528,26.334000000000003,25.2875,24.546333333333333,3,7,12,26.77328361668313,25.593473505440553,84.83547925608013,0.8699981929720622,0.3621488915658908,28.50822809682923,22.06677190317077,0.019358237233793974,0.02309118902170126,0.023139002779492154,357733164.0,2.4047357514050507,0,0,-1,0,0,0.02393712040014297,2.709444500255214,0.3111975478812227,0.36656126176923837,0.140398904966758,0.21550646102542736,-1.2753152422501106,0.032750342935528184,0.0
2023-12-08,29.07,29.16,0.010067781618978346,-0.013098766854421354,0.0006983240507247803,-0.5652866043455357,-0.003091192569672858,26.754,25.5735,24.735666666666663,4,8,12,27.19086841364983,25.817765537347615,82.46951219512198,1.0099013380128596,0.4916993808552846,29.07356481143293,22.073435188567068,0.02014835082002433,0.021675060915617494,0.02302244991199384,348980381.0,1.9979630026156727,0,0,-1,0,0,-0.007201646090535008,0.3157193320203709,0.32719677667020475,0.34408092500939913,0.08917197452229297,0.24496788008565296,-0.12812019019149545,0.018919848641210893,0.0
2023-12-11,29.34,29.07,0.00241504343703765,0.005464494472078745,0.004179734402708066,-0.04715016888018667,0.00924505814405099,27.244,25.8825,24.969,0,11,12,27.581619611168044,26.045006470421967,82.33486943164364,1.1295416785660422,0.6192678403974361,29.571504287283894,22.193495712716107,0.016748938315124123,0.021200362840608854,0.020785030115338048,357330047.0,1.8744895536815203,0,0,-1,0,0,-0.0017199862401101036,0.14535496358873404,0.3271167318875068,0.33654532668351544,0.07472527472527468,0.26683937823834203,0.5017960481807948,0.020109066121336054,0.0
2023-12-12,30.31,29.34,0.014708662641554019,0.03776555725384855,0.018595577159344498,0.4414207347665095,0.03252591835487613,27.793,26.2435,25.228999999999996,1,12,12,28.077688772773854,26.32016734329797,90.68767908309457,1.287783635653966,0.7529709994487421,30.18624430208178,22.300755697918223,0.017304798858935527,0.02137963080830918,0.02122694913070317,370313066.0,2.0627764259796804,0,0,-1,0,0,0.0037491479209270425,1.5823247377521126,0.29399336803590354,0.3393911174469656,0.11556864188443128,0.3126894759636205,-0.603582747175403,0.03893104585945232,0.0
2023-12-13,29.15,30.31,0.004404547185058091,-0.02894895216051064,-0.04109213222103558,0.5395881500149434,-0.03902277827321038,28.175,26.486,25.45966666666667,2,13,12,28.272654450451334,26.502737192117458,77.54342431761788,1.304551167439044,0.8632870330468025,30.520959857625666,22.451040142374335,0.02534549450163611,0.022378298830749113,0.022652302990257726,348043290.0,1.3204592333008263,0,0,-1,0,0,-0.02408446057406798,3.094923930201273,0.5041595442806681,0.35524448082509796,0.041443372633083175,0.19958847736625507,-0.6871880159261337,0.05111492281303609,0.0
2023-12-14,29.76,29.15,-0.00780591100854818,0.020715742471679406,0.03835895662138906,-0.6300457915882044,0.020710297168389805,28.594,26.727000000000004,25.71066666666667,3,14,12,28.543080914005635,26.712883179722787,78.73090481786136,1.3514824112314692,0.960926108683736,30.944797379777825,22.509202620222183,0.0253552260615415,0.022194415242116388,0.022677565306944876,359903447.0,1.4381914193136358,0,0,-1,0,0,0.006861063464837148,0.624584190996454,0.43440197413722087,0.3523254193508482,0.020576131687242816,0.1932638331996792,-1.0125041274340254,0.03393817204301068,0.0
2023-12-15,29.01,29.76,0.011854499534548379,-0.014321643621352197,-0.011700064645010671,0.21718722466427637,-0.025524611831578416,28.826,26.963,25.90566666666667,4,15,12,28.627975293277338,26.861084264901965,75.87768969422424,1.3130213354422686,1.0313451540354426,31.13460375572213,22.791396244277873,0.02619678025231377,0.02212333318154628,0.022737043417201147,345166292.0,0.9813971411796534,0,0,-1,0,0,-0.002016129032258141,1.1616686182141183,0.48391081682611486,0.351197026621169,-0.0020639834881320818,0.19431864965006196,-0.37537148831690625,0.03171320234401924,0.0
2023-12-18,28.97,29.01,-0.027997731784028486,-0.025825424392059725,-0.017810842746247318,-0.6390457498868836,-0.001379786352053657,28.993000000000002,27.171000000000003,26.081333333333337,0,18,12,28.690161603590546,26.99714334458571,74.44051825677266,1.2647339246622131,1.0780229081607968,31.30527725498308,23.036722745016927,0.025858403538984377,0.02204545894739714,0.02260195169716434,337388083.0,0.8702851255714155,0,0,-1,0,0,-0.004481213374698468,-0.4089283853003948,0.47683108319676787,0.3499608114785796,-0.012610770279481986,0.16767432486900447,-0.048993642627144306,0.023127373144632438,0.0
2023-12-19,29.52,28.97,0.008275909303859881,0.022801736551638162,0.024365980933422002,0.009324613802452626,0.018807187951012837,29.227999999999998,27.390499999999996,26.281000000000002,1,19,12,28.841041312028626,27.15990829009631,74.56037514654162,1.2563636293255662,1.1136910523937507,31.534657459924624,23.246342540075368,0.025824574647234845,0.022158211673379443,0.022542386902548953,345239160.0,1.0277119151928813,0,0,-1,0,0,0.005177770107007323,-0.41517849725183,0.4181695921319809,0.3517507055141423,-0.02606400527878583,0.17469160366096292,-0.3168794296728843,0.021680216802168042,0.0
2023-12-20,29.07,29.52,0.0017155605511449353,0.001512986755795134,-0.002410054532005897,-0.059361818965109385,-0.015361285161487206,29.336000000000002,27.6125,26.464666666666666,2,20,12,28.882670164387054,27.283140013315904,70.0228832951945,1.1995907354939952,1.1308709890137996,31.607006095549913,23.61799390445009,0.02560688706211557,0.021868971970087393,0.022906891370678605,337840574.0,0.7297522973484657,0,0,-1,0,0,-0.011856368563685564,-0.5420976981251129,0.3240705084833193,0.34715916756896104,-0.002744425385934779,0.18026796589524974,-0.07986305127675834,0.02597179222566216,0.0
2023-12-21,29.6,29.07,0.012604493223603649,0.008197452846922353,0.010629278885138035,-0.015764160198484076,0.01806764675923022,29.380000000000003,27.857,26.651666666666664,3,21,12,29.013093770862135,27.432614851166495,67.85276073619632,1.1837192006060846,1.1414406313322567,31.699187425223148,24.01481257477685,0.02266584335589088,0.021934414260753616,0.02290657098251886,345123442.0,0.9072956662954939,0,0,-1,0,0,0.016167870657034705,-0.5651668463462394,0.3132944044189435,0.3481980317269364,-0.005376344086021501,0.197895588830433,-0.12667414990933373,0.023310810810810854,0.0
2023-12-22,29.5,29.6,0.0037168483405006208,-0.005010867341231509,0.0013633267278641253,-0.12772615800861736,-0.0033840979842405684,29.423000000000002,28.0885,26.856666666666666,4,22,12,29.101622176159925,27.56599453818801,64.39790575916228,1.1498173518978234,1.1431159754453701,31.72535390355533,24.45164609644467,0.02267292506419979,0.022111084719931094,0.022096130587232064,338713831.0,0.776220347273307,0,0,-1,0,0,0.001689189189189093,-0.8720407207548949,0.23535670719888188,0.3510025883209076,0.016890727335401534,0.18616807398472046,0.004264645706492529,0.01694915254237288,0.0
2023-12-26,29.15,29.5,-0.007447563198353011,-0.009928562838251057,-0.008122132454519863,-0.21198438323885702,-0.011935350549272791,29.403999999999996,28.324,27.05633333333333,1,26,12,29.110418144130847,27.668188438950075,62.595419847328216,1.0822325148540521,1.1309392833271066,31.553237485360572,25.09476251463943,0.02287236079795797,0.021805257788002182,0.0222005671641974,333528601.0,0.511575877429013,0,0,-1,0,0,-0.002372881355932213,-1.119118609603378,0.25943183646820644,0.3461477362842489,0.006213324128408582,0.19271685761047452,0.3174914180757397,0.015180102915952062,0.0
2023-12-27,29.21,29.15,-0.008531019150741772,-0.009345068433151162,-0.008361757267169548,-0.11736359065455942,0.0020562036031482912,29.294000000000004,28.5435,27.26033333333333,2,27,12,29.128523936107058,27.7676601525662,58.59154929577464,1.0217346224140158,1.1090983511444885,31.33733739119449,25.74966260880551,0.01971401941374381,0.021803145596836025,0.02213338259689534,338139628.0,0.4771215405024274,0,0,-1,0,0,0.0010291595197255965,-1.2525202555165873,0.21005962431718345,0.34611420628896644,-0.010501355013550095,0.1768734891216761,0.9252971866683721,0.014036288942143106,0.0
2023-12-28,29.38,29.21,-0.002745368917192672,0.004428554333649468,0.005524875931969807,-0.07325024660316136,0.005803054346081506,29.317,28.746,27.429666666666666,3,28,12,29.17424685681486,27.87168207820709,51.80327868852458,0.9762535428964476,1.0825293894948804,31.113733982216193,26.378266017783805,0.015572094455342078,0.021619240215313026,0.02049142248082371,342424970.0,0.535533134010754,0,0,-1,0,0,-0.0037658336186237396,-1.2190632935688195,0.17731665364084367,0.34319479886330856,0.010663914688682441,0.15988945913936048,0.3743343641694153,0.012933968686181163,0.0
2023-12-29,28.88,29.38,0.005483221414531401,-0.005453319581313175,-0.0069108775398470275,0.28518896761568746,-0.01716485672110575,29.229000000000003,28.911499999999997,27.561,4,29,12,29.120747428303066,27.936734847355023,48.54070660522273,0.8896087821018135,1.043945268016267,30.747540075246036,27.075459924753957,0.014750153509567787,0.022303323553137674,0.020576475444380765,336725408.0,-0.034312976524519964,0,0,-1,0,0,-0.004084411164057095,-0.870939815361963,0.15080900945152503,0.3540542851908706,-0.02432432432432441,0.1294485725459522,-0.2772295390957939,0.014542936288088702,0.0
2024-01-02,28.48,28.88,-0.0228146777661714,-0.00771939676796515,-0.022086787402843398,0.16016774154833793,-0.01394722748085044,29.176,29.000999999999998,27.700666666666667,1,2,1,29.004247895884326,27.971784212041797,43.52409638554218,0.7796778865265068,0.9910917917183151,30.52990604166022,27.472093958339777,0.013198256783711768,0.02088748776114744,0.020052746187652615,330035788.0,-0.6815330514807171,0,0,-1,0,0,-0.009695290858725678,-0.6277564675225761,0.1621528696205341,0.33157858877340857,-0.03457627118644069,0.06706631697264887,0.5362975548662549,0.028967696629213457,0.0
2024-01-03,27.31,28.48,-0.026214749474147356,-0.035940409551995976,-0.03462300390465192,0.20270584986725843,-0.04194915105816149,29.009999999999998,29.001500000000004,27.784,2,3,1,28.696202823905356,27.9290884564262,28.07017543859652,0.5913311405740416,0.9111396614894605,30.52806856346578,27.474931436534227,0.018122539043125017,0.022586118420752546,0.02153537147510569,321842929.0,-2.21608126943186,0,0,-1,0,0,-0.02176966292134835,-0.24408888564769246,0.29551850581701444,0.35854351454139693,-0.0631217838765008,0.000366300366300365,-0.8332300046601153,0.027828634199926826,0.0
2024-01-04,27.93,27.31,-0.01774444529907184,0.0003569516368437728,0.00036690515913355155,-0.18848068622548336,0.02244844447147175,28.851,29.039499999999997,27.877333333333336,3,4,1,28.556893219558926,27.929147265689025,40.31746031746034,0.48648589926570907,0.8262089090447102,30.403263754820422,27.67573624517957,0.0187143561913553,0.0230938664831814,0.02175726918403164,328628390.0,-1.6271146612869067,0,0,-1,0,0,0.002196997436836407,-0.5400209266918898,0.38405264750498086,0.36660376515256676,-0.04382060938034926,0.027972027972027913,-0.021775074518623337,0.027210884353741426,0.0
2024-01-05,29.15,27.93,0.01738544332070543,0.04056500218577866,0.0199752419774869,0.4358824841039341,0.042753532839416006,28.859,29.097499999999997,28.028000000000002,4,5,1,28.664730816002756,28.00791195822522,45.58610709117219,0.49612013015786616,0.7601911532673414,30.368866856664493,27.8261331433355,0.023833718322064767,0.024145525091022805,0.022458989034476653,339120932.0,0.08258827847335708,0,0,-1,0,0,-0.0028643036161832545,0.30435055422337765,0.5375307876343165,0.38329832799549934,-0.007828454731109602,0.041443372633083175,0.35900264338213056,0.046998284734133824,0.0
2024-01-08,29.12,29.15,0.04046286361318087,0.010228524226496333,0.036714324708235255,0.018304004293376457,-0.0010296894680160936,28.811,29.095499999999998,28.175,0,8,1,28.747507031274978,28.079659573823594,50.88852988691437,0.4956213637040534,0.7072771953546839,30.366578696480282,27.824421303519713,0.023008191320570012,0.02228635335100276,0.022489797342391607,328434566.0,0.038549934111626175,0,0,-1,0,0,-0.005145797598627739,0.42417730358666167,0.5194051020035615,0.3537848915835857,0.008310249307479367,-0.00137174211248281,-0.04484833990474398,0.02163461538461535,0.0
2024-01-09,29.32,29.12,0.0015505214580217948,0.0033863899615177045,0.0010393210705168148,-0.6687888678360487,0.006844653689965499,28.793,29.107999999999997,28.323333333333334,1,9,1,28.851596661952254,28.15968153680272,52.75590551181104,0.505536901511416,0.6669291365860304,30.382934054027764,27.83306594597223,0.023137897856966346,0.022320991206921163,0.022490359192941036,333909498.0,0.3325662207080494,0,0,-1,0,0,-0.0025755494505494262,-0.7715420752118946,0.4998178669088797,0.3543347504998372,0.02949438202247201,0.00859993120055047,-0.6576385912730799,0.023874488403819893,0.0
2024-01-10,29.71,29.32,0.00874116457852582,0.01142869582362285,0.010505564631128868,0.2753387477894271,0.0132138124560655,28.849,29.1265,28.499,2,10,1,29.007669996142752,28.259702082815448,51.534733441033936,0.5386554920840112,0.6412744076856266,30.426107633101,27.826892366899,0.023117550185503873,0.022420415759563835,0.02210002531978181,341119856.0,0.8979633316060306,0,0,-1,0,0,-0.000682128240109126,-0.34834798589819777,0.27331156592161343,0.35591306634287534,0.08787989747345293,0.012610770279481986,0.9678497251680943,0.024739145069000438,0.0
2024-01-11,29.84,29.71,0.009172817841364209,-0.0013377928416600535,-0.003948164084969718,-0.14754678769696816,0.004366085861043856,28.911999999999995,29.102999999999998,28.666333333333334,3,11,1,29.159002724116796,28.361656787149936,56.5587734241908,0.5688349520245453,0.6267865165534103,30.327316780478725,27.87868321952127,0.02312819515326268,0.021133032843548,0.022040977346988726,347341112.0,1.2039367780482828,0,0,-1,0,0,-0.004712218108381036,-0.5121165246003038,0.28053715136342794,0.33547649611552904,0.06838524883637676,-0.015506433520290241,1.7816503998742783,0.027144772117962422,0.0
2024-01-12,28.57,29.84,0.0,-0.010429026400230614,-0.029675768146116666,0.4631365711959731,-0.0434925590928784,28.831,29.074,28.774333333333335,4,12,1,29.05191131973192,28.375098284753168,42.20877458396369,0.48468683714006744,0.5983665806707418,30.320897623794753,27.82710237620525,0.027054785043122514,0.021553357482206457,0.023599865632406423,337455223.0,-0.8084063845853682,0,0,-1,0,0,-0.00904825737265414,0.817605705541157,0.35346642525953276,0.34214894289834924,-0.01989708404802737,-0.01989708404802737,-1.9398795109987954,0.047252362618130955,0.0
2024-01-16,28.72,28.57,-0.040371188697225543,-0.02586424897575617,-0.023302721388962486,-0.08108297971162663,0.0052365279373417315,28.814999999999998,29.022000000000002,28.87933333333333,1,16,1,28.99156380705339,28.39735000831748,44.144144144144136,0.42520114214920923,0.5637334929664353,30.234715092159494,27.80928490784051,0.026636683989187976,0.021000280409550872,0.023580453098859144,346571171.0,-0.498055976960308,0,0,-1,0,0,-0.005950297514875804,0.6142206570518868,0.3593398798094903,0.3333691165577596,-0.013736263736263798,-0.034946236559139865,-2.0981283480544928,0.04334958217270199,0.0
2024-01-17,28.11,28.72,0.0031640033426566204,0.003637312401934372,0.015476285139498488,-0.20505825085979357,-0.021468359261582935,28.778000000000002,28.976999999999997,28.926666666666666,2,17,1,28.831279478498224,28.37881129810345,42.485549132947966,0.3250889749381436,0.516004589360777,30.256541036142465,27.697458963857528,0.02715383895876385,0.020783154396867582,0.022785590243728445,339145321.0,-1.3551734184529318,0,0,-1,0,0,-0.008008356545961017,0.10596360309548354,0.368208946800183,0.32992234796142134,-0.041268758526603055,-0.031023784901758056,-0.9544690435903578,0.03272856634649597,0.0
2024-01-18,30.03,28.11,-0.008459690917366917,0.03899459970987362,0.006053071713077463,0.640863894115501,0.06607149707679849,29.05,29.03,29.017666666666667,3,18,1,29.04922866422582,28.485339601451617,54.66970387243735,0.3961111917962761,0.49202590984787686,30.393385878116,27.666614121884002,0.030965955904986835,0.02597388439155882,0.025562897726815297,353240475.0,1.466936127256731,0,0,-1,0,0,0.004980434009249398,2.7583283069640254,0.6609687140845661,0.41232263209444114,0.010770784247728038,0.03658957542285135,1.0003847572509996,0.06327006327006322,0.0
2024-01-19,29.99,30.03,0.06475973560589947,0.002325196197911621,0.036595824434272194,-0.46951237537741014,-0.0013328892343212543,29.256,29.053500000000003,29.111666666666665,4,19,1,29.220277998002942,28.582414465874095,53.52601156069364,0.4440504079467047,0.48243080946764244,30.467702769654597,27.63929723034541,0.03079979150024968,0.02567496530150609,0.025532344580475867,344426675.0,1.3244211086204103,0,0,-1,0,0,0.003663003663003644,0.5088647549642351,0.6613674941115262,0.4075774386479856,0.005026809651474506,0.01592140921409202,1.1351812633940748,0.030676892297432538,0.0
2024-01-22,30.16,29.99,-0.0009958507047070132,0.011873490415016544,0.025510294591024697,-0.025088008319135185,0.005652550378837551,29.357,29.107999999999997,29.184000000000005,0,22,1,29.391136543820586,28.684194177753188,57.6923076923077,0.4901104729312671,0.4839667421603674,30.606386500632453,27.60961349936754,0.028071671648844908,0.025398682373550228,0.025040201594748804,353022105.0,1.4041770925671901,0,0,-1,0,0,0.0040013337779260085,0.39082179776353937,0.5345757230620662,0.40319158313480175,0.05565278263913198,0.037495700034399615,1.6142143287750224,0.017407161803713482,0.0
2024-01-23,31.11,30.16,0.029774815254750293,0.031784558327340146,0.02747561169499844,0.20730593436825123,0.031012767769790384,29.556,29.183500000000002,29.249,1,23,1,29.70365717221684,28.840697779188467,64.82525366403607,0.5963955896806397,0.5064525116644218,30.91958482693965,27.447415173060353,0.02931215290937531,0.02600689279337757,0.024552700120186934,363597569.0,2.2193616004305627,0,0,-1,0,0,0.028514588859416427,1.1086313461117525,0.5480766355478199,0.4128466242287698,0.08321727019498604,0.051013513513513464,0.8155906138407325,0.02169720347155258,0.0
2024-01-24,31.11,31.11,0.009624713374209693,-0.003021871086843755,0.002916871295123189,-0.09813588852431403,0.0,29.734999999999996,29.264000000000003,29.317,2,24,1,29.95935586817741,28.987104374079536,74.67532467532467,0.672870873861136,0.5397361841037647,31.199707676933805,27.3282923230662,0.02939627771357418,0.025975544693991156,0.024535164045858614,363597569.0,1.9073127848767923,0,0,-1,0,0,0.0067502410800386005,0.6448725687171811,0.4710763820930743,0.41234898857846386,0.10672358591248665,0.054576271186440595,1.3524403913680183,0.015750562520090067,0.0
2024-01-25,30.39,31.11,0.03698321821308947,0.043939144536235805,-0.031226859342241446,0.7154417129401724,-0.023415703980843916,29.802999999999997,29.326,29.351999999999997,3,25,1,30.03765480123606,29.077613769300214,65.76923076923077,0.6676834654685244,0.5653256403767166,31.32474065614835,27.32725934385165,0.03066719632406821,0.02643315696952398,0.024939311948337636,343991436.0,1.0646703930567645,0,0,-1,0,0,0.04468016714882676,3.102482017079639,0.3104154618267391,0.4196133582461652,0.011988011988012026,0.04253859348198974,0.40716594801496137,0.09378084896347476,0.0
2024-01-26,30.09,30.39,-0.06253028258890533,-0.05161427015663589,-0.008887456838819668,-0.6803789309518231,-0.009920716286747878,29.828000000000003,29.369999999999997,29.34466666666667,4,26,1,30.04717211010223,29.142929009990524,56.83139534883722,0.6320787043008806,0.5786762531615495,31.396539700550836,27.34346029944916,0.030909764538676464,0.0265758194298303,0.02428738887719868,334062399.0,0.7105708314564946,0,0,-1,0,0,0.004606778545574221,0.2835817933213188,0.322796640655053,0.42187805459453603,0.0033344448149383865,0.030126668948990076,0.6914456316743065,0.048687271518777,0.0
2024-01-29,30.21,30.09,-0.011861753575816718,-0.027666532718138598,-0.009307115156735088,-0.18515005675546856,0.0039801047566267265,29.991999999999997,29.4115,29.38,0,29,1,30.076777180992732,29.211772299668556,57.819225251076034,0.6065527096048555,0.5842515444502107,31.47260113646825,27.35039886353175,0.02681110165450438,0.026564451877779834,0.02318942726530395,342313226.0,0.7748285475871902,0,0,-1,0,0,0.002658690594882082,-0.28527253792260615,0.32142735579596055,0.42169760030008935,0.0016578249336869355,0.02825051055139549,0.7792221892440274,0.029460443561734544,0.0
2024-01-30,30.19,30.21,-0.012004145480989785,0.005923018303122071,0.013509155124076385,-0.43175122246332404,-0.0006622516798331541,30.139,29.477000000000004,29.394333333333332,1,30,1,30.09736314808496,29.274883764206074,56.40648011782033,0.5780459877250088,0.5830104331051703,31.550208548174613,27.403791451825395,0.026892384421563175,0.026206389788544563,0.02289728717086012,336955379.0,0.6878227476225387,0,0,-1,0,0,-0.013240648791790868,-1.1736635976884366,0.17264780145190273,0.4160135408478689,-0.02957248473159746,0.04536011080332414,-1.2373949410273637,0.02219277906591592,0.0
2024-01-31,29.89,30.19,0.009681264064850098,-0.003615451760788082,-0.012489613829304488,0.10595106360551025,-0.009986767422900996,30.317,29.547500000000003,29.42366666666667,2,31,1,30.059660757524053,29.314568682644396,51.343283582089555,0.5251926188707117,0.5714468702582786,31.57331107863725,27.521688921362756,0.02587013561817025,0.026091904508026596,0.0224667432680306,330998699.0,0.3381361703583884,0,0,-1,0,0,-0.0029811195760185445,-0.9669779637834125,0.16537652462303795,0.4141961433617008,-0.039215686274509776,0.04950842696629221,-0.5402952675728162,0.031114084978253586,0.0
2024-02-01,30.18,29.89,-0.0003322811128762925,0.00016462260305514034,-0.0010195412947718828,0.003450830396995499,0.009655477043856359,30.332,29.690999999999995,29.464,3,1,2,30.081540619792406,29.370402961183466,52.47813411078717,0.5009320863624076,0.5573439134791044,31.43669425188547,27.94530574811452,0.014394754253967176,0.02398932602670256,0.02251327883230557,336975970.0,0.560235561836615,0,0,-1,0,0,0.0066912010705921475,-0.9073482863330541,0.1368977983053515,0.3808187447202252,-0.00691016781836129,0.1050897107286708,0.1662551138055193,0.03197481776010603,0.0
2024-02-02,30.37,30.18,-0.0016630637460198438,0.003778859339450819,0.013005841633038676,-0.18192817703000153,0.006275825717954585,30.369999999999997,29.813,29.49233333333333,4,2,2,30.13398777983015,29.43489309272002,65.57093425605535,0.49137261403980403,0.5441496535912443,31.371516163404177,28.25448383659582,0.014483343076581508,0.023640112281522428,0.022293658268796344,341958989.0,0.7147824489460267,0,0,-1,0,0,-0.0046388336646786136,-1.1488052315061055,0.12069673774866838,0.37527514837531256,0.009305417082087208,0.08736126029359115,-1.0339478451469888,0.022884425419822083,0.0
2024-02-05,29.75,30.37,-0.0036685050313264617,-0.014536100018946705,-0.009272594466670576,0.0022032620023841316,-0.02062614706601866,30.328999999999997,29.843,29.515,0,5,2,30.06417181986103,29.455222570609052,58.24,0.4288246216042637,0.5210846471938482,31.370572549750065,28.315427450249935,0.01589944836524175,0.02235250700330803,0.02244453506990127,336964979.0,-0.12176181094013007,0,0,-1,0,0,-0.014487981560750783,-1.0390245597334653,0.195169544113381,0.354835048257496,-0.015226746110559408,0.020583190394511286,-0.6152441345124356,0.017815126050420207,0.0
2024-02-06,31.03,29.75,-0.005024294608744637,0.032575103835639545,0.0037193618532022155,0.363009073289169,0.04212534646865005,30.321000000000005,29.938499999999998,29.562666666666665,1,6,2,30.239776943522664,29.55682111444073,71.09826589595374,0.47704115605955977,0.5122759489669906,31.513826532571397,28.3631734674286,0.018707597817193868,0.024209307601840573,0.02353064869051438,344144612.0,1.3857444503500531,0,0,-1,0,0,0.001008403361344576,-0.36779479651088376,0.3836283486354128,0.384310843965214,0.027823782709506473,0.06559065934065944,0.8913348204282986,0.045601031260070986,0.0
2024-02-07,30.74,31.03,0.03885902146566347,0.009935979178128003,0.03417151185819421,-0.277277313327779,-0.009389740349839143,30.284000000000002,30.009499999999996,29.604,2,7,2,30.330726590154907,29.633155236089717,56.71077504725894,0.48624737358368364,0.5070702338903292,31.59541796429905,28.423582035700942,0.018934020214412088,0.02436003268015667,0.02360138576689957,338703568.0,0.9212330226965694,0,0,-1,0,0,-0.002255881405091856,-0.8656589401257183,0.38212670354440015,0.3867035304066047,0.02843760455001676,0.048431105047748835,0.8898494728162241,0.022608978529603134,0.0
2024-02-08,32.33,30.74,-0.003883500026397633,0.03124027695192545,-0.0003262110614476887,0.693976364995254,0.050430853626891904,30.478,30.140500000000003,29.71,3,8,2,30.694230846490377,29.807145220858125,67.10526315789471,0.6147565482982138,0.5286074967719062,32.02666542222906,28.254334577770948,0.02347788222806623,0.02665193949831373,0.025151307204983073,349594683.0,2.32164154235471,0,0,-1,0,0,0.0032530904359141647,0.6392332395559268,0.5053738926979667,0.4230864232204662,0.07123923127899268,0.08818579602827326,0.2721253979839415,0.05258274048871027,0.0
2024-02-09,32.49,32.33,0.04563529470661936,0.008924509148996566,0.03683362740391081,-0.2884479132069879,0.004936757943667396,30.718,30.273000000000003,29.819333333333336,4,9,2,31.020734328946673,29.980232625964057,67.05710102489019,0.7211981347748662,0.5671256243724982,32.42400563996708,28.12199436003293,0.02279078428077023,0.026652032049145995,0.025150103463745445,357756766.0,2.0613614012038894,0,0,-1,0,0,-0.001546551190844329,-0.16682015590292748,0.5067987402470565,0.42308789241938105,0.06980572933816265,0.08880697050938346,0.30815285493515043,0.025854108956602024,0.0
2024-02-12,32.79,32.49,0.0027842245364048603,0.018065007397638985,0.011568051464803771,0.07741123333488563,0.009191241175547862,30.976,30.483999999999998,29.933,0,12,2,31.342418996410913,30.16150794041799,63.59223300970872,0.8203053819030117,0.617761575878601,32.75612305078457,28.211876949215423,0.02275024243040751,0.02423574887910687,0.025167014371983546,366575785.0,2.029819643089952,0,0,-1,0,0,-0.003693444136657573,0.03791024603825729,0.41548862993204183,0.3847305862291751,0.10218487394957987,0.14770738536926853,0.3459292576066685,0.032479414455626646,0.0
2024-02-13,32.53,32.79,0.0006176652450850572,-0.015005965550556197,-0.007958222542914369,-0.34162818655192134,-0.00796085037129671,31.21,30.674500000000002,30.054666666666666,1,13,2,31.55834281524529,30.314313879745864,61.0248447204969,0.8678645597737429,0.6677821726576294,32.96271672694813,28.386283273051873,0.023185802144059513,0.02446916452263928,0.024959496872874406,360308881.0,1.6217869384031145,0,0,-1,0,0,-0.012198841110094498,-0.650844237653814,0.39386275902209195,0.3884359446985683,0.04834031582339682,0.13266016713091933,1.6784756969819281,0.02536120504150024,0.0
2024-02-14,33.75,32.53,0.013797551400989684,0.03584935821273286,0.022002746934836954,0.4352170593433804,0.036817676833278655,31.595999999999997,30.956500000000005,30.23033333333333,2,14,2,31.956825939746146,30.53597104879452,74.20749279538903,0.9925577668260424,0.732737291491312,33.30337945108089,28.609620548919118,0.02400809905443403,0.024486588931901893,0.025430304412919057,369993118.0,2.380608001585604,0,0,-1,0,0,0.009529664924684976,0.29319829750236714,0.3913648460862639,0.3887125486204748,0.09791802212101497,0.20064034151547494,0.4850100020291791,0.038814814814814885,0.0
2024-02-15,34.21,33.75,0.03412483165955826,0.02286895963642756,0.03715551106213171,-0.21616951766084952,0.013537581670974509,31.999000000000002,31.165499999999998,30.460333333333335,3,15,2,32.36649395070139,30.773005174678744,79.01408450704224,1.1156358319886621,0.8093169995907821,33.880584373993806,28.45041562600619,0.023989828674148592,0.020258835664699465,0.023851421950658567,377794727.0,2.2426559035597387,0,0,-1,0,0,0.006814814814814722,-0.1662929206004498,0.2639994154518694,0.3215990461231242,0.05815032477575022,0.13919413919413914,0.9096467246938809,0.025138848289973675,0.0
2024-02-16,33.93,34.21,-0.00117785643770567,-0.002018164156237236,-0.005478654408561635,-0.07601226153792218,-0.008218420193374551,32.355000000000004,31.3625,30.66033333333333,4,16,2,32.65076777784659,30.976682260183342,75.61983471074377,1.177014534529306,0.8828565065784869,34.28248467912522,28.44251532087478,0.02485208235655827,0.020459306712612462,0.0238529514659651,370564158.0,1.7585708708370205,0,0,-1,0,0,-0.007892429114294157,-0.316510130927453,0.2986517960223686,0.32478142535020205,0.04432132963988922,0.13137712570856963,0.8738703427683868,0.028735632183908087,0.0
2024-02-20,33.86,33.93,0.010842597064278245,0.011820197295770097,0.004104408734312824,0.20270428906183077,-0.0020652020911495214,32.766000000000005,31.547500000000003,30.817333333333334,1,20,2,32.87062818187448,31.162702759526354,75.10259917920654,1.2061059449582494,0.9475063942544395,34.611964407571584,28.483035592428422,0.022835942738180074,0.020546445192705567,0.022853785213083972,361708806.0,1.509235998490532,0,0,-1,0,0,0.011199528440907826,0.17681920482678984,0.3083497182059491,0.3261647058379051,0.032631899969503,0.12267904509283811,1.3049317436722239,0.036872415829887775,0.0
2024-02-21,34.54,33.86,-0.017642327624388977,-0.014420978995827395,-0.005914509229877463,-0.21603485897977517,0.01988369601354318,33.117000000000004,31.719,30.998,2,21,2,33.17415033062457,31.38059290407304,80.23407022106629,1.2693985776879515,1.011884830941142,35.052478663499976,28.385521336500027,0.020550762038220285,0.01995071935024822,0.02297836104988338,368843627.0,1.6925262074652667,0,0,-1,0,0,-0.0044300059066745,-0.30036084827054216,0.2887500349481622,0.3167078512656056,0.061789117737472976,0.11025393764062996,0.37021668322640083,0.027385639837869187,0.0
2024-02-22,34.24,34.54,0.03096041677380073,0.017780795373557087,0.017426210412098405,0.15444450727782688,-0.008723521444991108,33.467,31.8755,31.161999999999995,3,22,2,33.36794117960192,31.565070781229622,76.36363636363637,1.2805891181150635,1.0656256883759263,35.37819355000868,28.372806449991316,0.020479215467606112,0.02016846127676499,0.02313205288820689,360517223.0,1.3501038365141258,0,0,-1,0,0,0.006658946149392124,0.08839198400730983,0.20880916634721464,0.3201643971909384,0.014518518518518597,0.10061073609771776,0.5772865887603604,0.028475467289719666,0.0
2024-02-23,33.78,34.24,-0.012152927351411734,-0.02227583665496885,-0.015467642838835267,-0.41876571684169045,-0.013525639893887416,33.612,32.045,31.297666666666668,4,23,2,33.442860965128844,31.70796944050513,71.3927227101631,1.2380678706649064,1.1001141248337223,35.57302016941492,28.51697983058509,0.015958289909889265,0.01956329006988049,0.023332835979498034,355039629.0,0.983554467766964,0,0,-1,0,0,0.0032126168224298896,-1.0541500847644365,0.21004536473694055,0.31055760210673916,-0.012569424144986852,0.11154985192497535,1.744483263680877,0.021462403789224434,0.0
2024-02-26,34.15,33.78,-0.014072351838678106,0.004784351279090019,0.0032607113520725837,0.29414292530598474,0.010893674637144985,33.778,32.248000000000005,31.441333333333333,0,26,2,33.571431698741776,31.86551979918222,78.49740932642487,1.2201601369570625,1.1241233272583904,35.7695941366328,28.726405863367212,0.01608905318519554,0.019254953936199453,0.023362050752304974,362390427.0,1.080192620844496,0,0,-1,0,0,0.0026642984014208495,0.08690290828118521,0.2208325216615963,0.305662917727128,0.006483937518420246,0.1349285476902624,0.4843455338976633,0.02284040995607617,0.0
2024-02-27,34.52,34.15,0.015526897549672375,0.000578369015544348,0.012060743342361003,-0.4215987387976609,0.010776280198428176,33.95100000000001,32.463499999999996,31.639666666666663,1,27,2,33.74389866260691,32.036776586331754,75.62408223201174,1.2217405719499865,1.1436467761967097,35.987476671170725,28.939523328829267,0.016142514219996098,0.019268397787985503,0.021599573909529473,367212530.0,1.1671473405735115,0,0,-1,0,0,0.007320644216691069,-1.2892936393860812,0.2270925324483344,0.3058763322580602,0.019492025989368056,0.142667990731546,-0.3420091281529725,0.011297798377752043,0.0
2024-02-28,34.47,34.52,-0.005830920310793099,-0.001012365405719759,-0.001170275148190543,-0.29095799716937243,-0.0014494856864533218,34.144999999999996,32.677499999999995,31.831333333333337,2,28,2,33.87591708758747,32.19375874205229,78.38660578386605,1.2050672310247847,1.1559308671623247,36.13943663477043,29.215563365229556,0.01567707223140304,0.01928535871253188,0.0216480075741544,363607781.0,1.0355475498868365,0,0,-1,0,0,-0.009269988412514491,-1.8102347356440875,0.1765484531037973,0.3061455785881929,-0.002026635784597608,0.1417687976151043,0.00961571529690763,0.011459239918770035,0.0
2024-02-29,34.27,34.47,0.012205905679503545,0.008213894440944435,0.0017548995436784732,0.38562937948514164,-0.005819044642256434,34.197,32.896499999999996,32.03666666666667,3,29,2,33.947568526207924,32.32770979095214,68.72586872586878,1.1623166963281193,1.1572080329954837,36.16470262851922,29.628297371480766,0.01137324411180417,0.019117645889550616,0.021147936845014974,358306855.0,0.8405231597419761,0,0,-1,0,0,0.004351610095735381,-0.8627574932793967,0.1690035717755446,0.3034832200604828,0.0008761682242990343,0.14653730344596871,-0.1164368563436468,0.01809162532827559,0.0
2024-03-01,33.96,34.27,-0.011036998474521711,-0.013756647208492118,-0.017094433359300068,0.1842366510605952,-0.009086974443371011,34.172000000000004,33.0855,32.16766666666667,4,1,3,33.94982879417012,32.433018836697165,63.78986866791744,1.0908475686161623,1.1439359401196194,36.12117195370866,30.04982804629135,0.01095862273447568,0.019436762412663827,0.017854503869581803,351933550.0,0.5761492106758296,0,0,-1,0,0,-0.0008754012255617489,-0.3015381274069624,0.14826298783970787,0.30854903781693765,0.005328596802841812,0.125248508946322,0.2511787859441588,0.02131919905771486,0.0
2024-03-04,34.11,33.96,-0.009389740349839032,0.0010470596035425442,-0.006411712116740483,-0.04124324096212282,0.004407234987407827,34.190000000000005,33.2725,32.305,0,4,3,33.97895083159373,32.54121116981348,62.74131274131275,1.0343877384302615,1.1220262997817478,36.05397915969114,30.49102084030886,0.01072165464159152,0.019440275294072898,0.017823244163220554,358049346.0,0.6021975732458812,0,0,-1,0,0,-0.001177856301531188,-0.48205256213142866,0.1265658143125219,0.30860480308049965,-0.0011713030746705044,0.12314784326638128,0.47594030232112655,0.028583992963940236,0.0
2024-03-05,34.41,34.11,-0.006803753505240912,0.0023228814161397287,0.005519518749007581,-0.38734524113403695,0.008756623378834554,34.245,33.5055,32.446666666666665,1,5,3,34.057323407667596,32.661778191115836,68.00766283524901,1.002296558217033,1.098080351468805,35.7788742600641,31.2321257399359,0.010971071282179293,0.018421913944309025,0.01783974075564004,362201095.0,0.7957334750279925,0,0,-1,0,0,-0.012313104661389672,-1.4925914011608394,0.1157179302222154,0.29243881782284803,-0.0031865585168020516,0.1566386554621848,0.23930501690337555,0.025283347863992955,0.0
2024-03-06,34.56,34.41,0.023758266618852664,0.014825748346010711,0.022505914249720985,0.30761173948087395,0.0043497241264660634,34.247,33.682,32.56166666666667,2,6,3,34.14871915172803,32.784244114269654,59.75903614457833,0.9776975246229966,1.0740037860996432,35.677253314614354,31.686746685385653,0.008985508410342659,0.01641241824009886,0.017099086457568642,367848191.0,0.8800887522090934,0,0,-1,0,0,0.002615518744551102,-0.6465975238817161,0.12034140825045392,0.26053906245889175,0.0026109660574413773,0.11376087657106027,-0.44242989919738607,0.01793981481481474,0.0
2024-03-07,34.83,34.56,0.0031833336099388082,-0.0027183649331215163,0.003919581123176731,-0.3283103086636071,0.007782140442054729,34.306000000000004,33.8865,32.68566666666667,3,7,3,34.272588396868386,32.91622836496194,57.82828282828279,0.9688213869111664,1.0529673062619478,35.389903507135934,32.38309649286406,0.008704543234953687,0.01603824518360537,0.017101059426273234,371914888.0,1.2551520540183128,0,0,-1,0,0,0.001446759259259177,-1.3869914284889757,0.11373889406822264,0.25459924933019557,0.016340822877151995,0.1330513988288875,-1.8140727741345561,0.011197243755383307,0.0
2024-03-08,34.26,34.83,0.00834417156112862,0.004288784272217499,-0.013125461875369648,0.36777518831486383,-0.01650059148193595,34.354,33.983,32.81466666666667,4,8,3,34.27029959743777,33.00292330915794,53.88235294117645,0.9053563629271295,1.0234451175949841,35.30221986516155,32.66378013483845,0.009301236809149828,0.012809150750135735,0.016772899555787178,366040474.0,0.4199451620084277,0,0,-1,0,0,0.0020097616996841887,-0.39225734336875273,0.16429419997383524,0.20333896434477364,0.00883392226148394,0.059696875966594565,-2.0313224647102306,0.028896672504378135,0.0
2024-03-11,33.78,34.26,-0.01646722173878085,-0.020756006010998355,-0.01717542961326781,-0.114954310915114,-0.014109581516319778,34.317,34.0475,32.937666666666665,0,11,3,34.181154216085446,33.05305728921227,49.14163090128758,0.8070250038179552,0.9801610948395785,35.17098845823828,32.92401154176172,0.009803988679313853,0.013346124331633593,0.01690857190186883,360803981.0,-0.47619536816508184,0,0,-1,0,0,0.0020431990659661495,-0.6840697614500203,0.19503686503304912,0.2118631556883037,-0.009674582233948903,0.03970452446906747,-0.5506862960988872,0.025162818235642433,0.0
2024-03-12,28.76,33.78,-0.11029222806416755,-0.1091544790588674,-0.16034265007517925,2.0529019119725636,-0.160883378526808,33.741,33.846000000000004,32.88933333333333,1,12,3,33.19548981316082,32.77608585119857,17.888888888888886,0.32033205860344083,0.848195287592351,36.42363171596787,31.26836828403214,0.04708931696817787,0.0361134776722952,0.03259154754385442,320009210.0,-3.9462580852752107,0,0,-1,0,0,-0.08984606275902901,4.158541671550084,1.0368189239398613,0.573283685391461,-0.16419645451903508,-0.12290332418420247,-2.0862249603166534,0.07858136300417251,0.0
2024-03-13,28.28,28.76,-0.06778550641423481,-0.06025919151819684,-0.01341354385985212,-0.7260480728045865,-0.016830691824473935,33.122,33.633500000000005,32.82566666666667,2,13,3,32.30176439258612,32.48601579628254,17.53812636165577,-0.10292118404159112,0.6579719932655625,37.18478605319044,30.082213946809567,0.046776018140956464,0.03619294568281083,0.032715468410740065,300271997.0,-3.0149641114888364,0,0,-1,0,0,-0.0010431154381085235,1.3333813637731515,0.9986385820687624,0.5745452009495177,-0.18171296296296302,-0.13064863203197052,-2.081627900672688,0.029702970297029698,0.0
2024-03-14,28.11,28.28,-0.01755663072580025,-0.025512479300086387,-0.013595916047639215,-0.6440121460930632,-0.006029456109931565,32.506,33.3515,32.766333333333336,3,14,3,31.539625412115917,32.203692196522375,18.11023622047243,-0.44691821250659913,0.43699395211113023,37.67549072495308,29.027509275046924,0.04676974860195195,0.034698323173259854,0.032688901042505325,289906386.0,-2.424380778502656,0,0,-1,0,0,-0.001768033946251793,0.19908865784044294,0.9632543806565448,0.5508188041643708,-0.19293712316968126,-0.1671111111111111,-2.2072536777553586,0.017431519032372767,0.0
2024-03-15,28.35,28.11,-0.007466701356537079,0.004238791228310064,0.00717878172700577,0.10971845720208598,0.008501645255320689,31.945,33.0585,32.705333333333336,4,15,3,30.95969351900393,31.955066893520932,16.894977168949808,-0.6921931697084531,0.21115652774721358,37.900666870318204,28.2163331296818,0.0474911148203385,0.03454595996891462,0.032675841863833384,301474033.0,-1.9447904733983628,0,0,-1,0,0,-0.003201707577374595,0.3204343420385602,1.017022140045221,0.5484001132784444,-0.17250437828371268,-0.17129494299912307,-2.1018769940092623,0.0144620811287478,0.0
2024-03-18,28.01,28.35,0.008174916683588994,-0.0017639799952409506,-0.0025067157262119544,-0.5188604816294544,-0.012065440901743966,31.334999999999997,32.7625,32.626666666666665,0,18,3,30.42338560645776,31.70054644877765,12.714776632302403,-0.9035944248414332,-0.011793662770515773,38.08072635649849,27.44427364350152,0.046957958267796966,0.034553302920386504,0.03269541231133271,294588988.0,-1.787249989535626,0,0,-1,0,0,-0.003527336860670244,-0.24020131277040166,1.0197870424706963,0.5485166790193473,-0.17081113084665478,-0.17447686413203645,-2.1114769029181892,0.015351660121385209,0.0
2024-03-19,28.17,28.01,-0.008174916683589014,-0.003360158789793242,0.0006881819365778892,-0.08873521154537635,0.0056959926162640515,30.711000000000002,32.478,32.574,1,19,3,30.013679132556348,31.472769258533933,14.366515837104075,-1.046161283708102,-0.21866718695803303,38.146277748274805,26.809722251725198,0.04676919612527621,0.03467800761558057,0.032539418376083366,300889409.0,-1.5200384283607775,0,0,-1,0,0,0.00035701535166005033,-0.29438036505943865,0.17397832027720428,0.5504963046841809,-0.020514603616133553,-0.16804489072652096,0.14332236951432786,0.011210507632232976,0.0
2024-03-20,28.84,28.17,0.00888263079663795,0.023633485082660558,0.007883793843040417,0.17211246901465704,0.023505730528466974,30.139000000000003,32.193,32.501000000000005,2,20,3,29.80028292663701,31.302913177338198,20.837808807733595,-1.0924896057978586,-0.39343167072599816,37.99632427420593,26.38967572579406,0.0482155591633408,0.034848205220271364,0.031817892553419574,308373121.0,-1.155544595328954,0,0,-1,0,0,0.003549875754348522,-0.15471433122379455,0.22038397580179558,0.5531981078986853,0.01980198019801982,-0.16502605674580195,0.42580176633865185,0.026695561719833557,0.0
2024-03-21,28.68,28.84,0.017184361147346984,0.0010375238696573774,0.005668207894459851,0.22970374659691847,-0.005563296685328715,29.524,31.915,32.43233333333333,3,21,3,29.596595121793914,31.13369297234864,21.179039301310027,-1.1291002330100817,-0.5405653831828149,37.83692180755085,25.99307819244915,0.047639965647813,0.03485365126988594,0.03179483241108324,298956911.0,-1.0925507310397637,0,0,-1,0,0,-0.0027739251040221325,0.07044534125445888,0.21907748612240488,0.5532845612561326,0.02027748132337237,-0.16238317757009346,0.42099165694103274,0.022315202231520243,0.0
2024-03-22,28.45,28.68,-0.0017400387198733976,-0.007285374808020275,0.005112395445287094,-0.7307593090455747,-0.008051855159079744,28.943,31.648500000000002,32.303000000000004,4,22,3,29.388123281467745,30.960551490261633,19.372294372294363,-1.1632641120736764,-0.6651051289609873,37.695440157068525,25.60155984293148,0.04774708698796569,0.03483177176388969,0.030156676134593705,294422599.0,-1.0578904096681496,0,0,-1,0,0,0.00104602510460255,-0.5078068918734898,0.22923965435315305,0.5529372348660825,0.003527336860670083,-0.1577856719952635,1.2808158639468685,0.010017574692442887,0.0
2024-03-25,28.51,28.45,-0.010152371464017962,0.0003481288111748568,-0.006527323166313021,0.22767394039574354,0.002106742352240726,28.416000000000004,31.366500000000002,32.17033333333333,0,25,3,29.22846450301906,30.802451394115725,17.222222222222257,-1.1719877881255094,-0.7664816607938918,37.448193929543166,25.28480607045684,0.04814038129467788,0.034635181957077404,0.03013279564705525,300116225.0,-0.9393764411996879,0,0,-1,0,0,-0.00105448154657285,-0.3582978411282715,0.19966282518298897,0.5498164684313892,0.017850767583005966,-0.16515373352855045,1.2314184268794943,0.016836197825324462,0.0
2024-03-26,28.41,28.51,0.010848750322243554,0.002259887967437504,0.004767379030239664,-0.03980418825151046,-0.0035137070584840974,28.381,31.061,32.02433333333333,1,26,3,29.07965277519741,30.64809969126955,15.642458100558642,-1.1734437988427509,-0.8478740884036636,37.08931878457271,25.03268121542729,0.011681208581641437,0.03436428619639784,0.030031370203287246,294644778.0,-0.8795155315224104,0,0,-1,0,0,0.007716590669940331,-0.3893361716501235,0.20421683742431634,0.5455161315475104,0.008519701810436597,-0.1769988412514485,1.8013621473670882,0.0144315381907779,0.0
2024-03-27,29.27,28.41,-0.005234700489476956,0.017385755064385937,0.004394066301890985,0.5346100203221132,0.029821904837697977,28.48,30.801,31.915666666666667,2,27,3,29.114261361525152,30.55919003376829,20.859538784067098,-1.0926079804720104,-0.896820866817333,36.656314814675554,24.945685185324443,0.013962246069314021,0.03544966102432386,0.030674872885080837,303983348.0,-0.5229437010501139,0,0,-1,0,0,0.005983808518127355,0.038721796724994755,0.24864368241117915,0.5627459227914011,0.014909847434119161,-0.1508558166521613,1.9369352729400402,0.026990092244619034,0.0
2024-03-28,29.19,29.27,0.02214623382083206,0.007141672931826505,0.02117032040390467,0.06871551719322495,-0.00273691583777099,28.588,30.547000000000004,31.76366666666667,3,28,3,29.128032023066034,30.470855192880013,21.988950276243116,-1.0232054677260258,-0.9220977869990716,36.20615039187924,24.887849608120767,0.01375011854708669,0.03546399174586068,0.029706250274069628,293980512.0,-0.47957728847329084,0,0,-1,0,0,-0.0017082336863683196,0.09100961002122226,0.2432485199468082,0.5629734159431683,0.01778242677824271,-0.14823460752845063,1.9362669168451259,0.013360739979445034,0.0
2024-04-01,29.18,29.19,0.0030753484002477133,-0.0033944363889444017,-0.0006870491510383883,-0.3553201323098676,-0.00034264177138389136,28.671000000000003,30.308,31.596,0,1,4,29.137480746144934,30.387574212694208,23.193473193473196,-0.9579675393042315,-0.9292717374601036,35.76020612036633,24.855793879633673,0.013701209161139111,0.03549529923626832,0.029523418011758708,286969034.0,-0.41377746002170995,0,0,-1,0,0,0.004110996916752225,-0.2762104827082626,0.22556044651995347,0.5634704069459212,0.025659050966608143,-0.14075382803297998,2.1057274471866583,0.010623714873200778,0.0
2024-04-02,28.33,29.18,-0.01685916415142497,-0.016110031362565773,-0.03710611201105758,0.38729580298760435,-0.029562229252214408,28.703000000000003,30.019,31.409333333333336,1,2,4,28.990666065027675,30.254827489294584,45.12471655328795,-0.9637444610329773,-0.9361662821746783,35.23008090615944,24.807919093840553,0.01655544577289481,0.03572417375364111,0.02985137287506894,276641182.0,-0.648234034518105,0,0,-1,0,0,-0.012337217272104161,0.1015393299588767,0.33476334401690677,0.5671036772723713,-0.00631357418449674,-0.16945177367340958,0.38973952020703645,0.03176844334627611,0.0
2024-04-03,28.03,28.33,-0.02068434830597807,-0.02306988017496585,-0.0024995549525209503,-0.27926920763671315,-0.010645948665728164,28.689,29.7,31.215,2,3,4,28.815999507749915,30.11129023192074,47.04491725768322,-0.9812193203813315,-0.9451768898160091,34.54774499937458,24.85225500062542,0.016867937143825475,0.03549018794000751,0.029857858002983604,268829853.0,-0.6889801341512184,0,0,-1,0,0,-0.0035298270384750397,-0.23010943288147126,0.34169130046428525,0.5633892676332215,-0.013375571981696588,-0.18541121766928204,0.6608774209873056,0.011059579022476,0.0
2024-04-04,27.97,28.03,-0.0024827109755563284,0.017699577099400857,-0.00250581838654838,0.19788170584464096,-0.0021428579628286456,28.601999999999997,29.3705,30.996,3,4,4,28.662181415431746,29.97314247502263,48.300970873786405,-0.9885147877296845,-0.9538444693987442,33.69496881435516,25.04603118564484,0.014580119469967227,0.0353857401896767,0.029466424617588576,259309263.0,-0.6477096078718447,0,0,-1,0,0,0.004637887977167285,-0.043610017702998174,0.1893330182691348,0.5617312109989686,-0.04441407584557566,-0.19068287037037046,-1.7104844616116681,0.031641043975688295,0.0
2024-04-05,28.34,27.97,-0.011428695823622744,-0.012585378491173223,-0.0035906681307284844,-0.36134098668590825,0.013141727048666004,28.568,29.046000000000003,30.799333333333333,4,5,4,28.603602976262337,29.86777844437601,49.88235294117645,-0.953449814424495,-0.9537655384038944,32.53974418369002,25.552255816309987,0.015396416853442937,0.03554855573390448,0.029682505519391972,265942652.0,-0.40415094115696915,0,0,-1,0,0,-0.004647836968180157,-0.421867989479708,0.24751809288569507,0.5643158276365827,-0.029119561493662238,-0.18633362044214752,-0.6288741047797518,0.02205363443895554,0.0
2024-04-08,28.65,28.34,0.023430251808386003,0.015014248526329956,0.016411356559789984,0.027031653262983665,0.010879208898214221,28.588,28.765500000000003,30.628333333333334,0,8,4,28.61203879876009,29.789212093125947,57.58293838862556,-0.8903823873116039,-0.9410889081854364,31.252395972686255,26.27860402731375,0.015613385201696615,0.03579856902443745,0.0298002307993489,272757798.0,-0.09288687686863364,0,0,-1,0,0,0.005645730416372623,-0.4061511647714114,0.2746438218376383,0.5682846655838497,-0.018163125428375615,-0.1637478108581436,-0.7530647689801833,0.020767888307155286,0.0
2024-04-09,29.05,28.65,0.005598335125421055,0.00707936997920715,0.003532324407545294,0.1247660936624487,0.013865040137171752,28.641999999999996,28.528999999999996,30.458333333333332,1,9,4,28.691668108076435,29.74152099034363,59.865470852017914,-0.7989149457010853,-0.9126541156885662,29.34903594273947,27.708964057260523,0.016163124001027186,0.03610623370233988,0.029860792456858787,280478564.0,1.270676010272218,0,0,-1,0,0,0.0003490401396161104,-0.3102972799523832,0.17340178917554613,0.5731686909334215,0.025414754677020923,-0.14002368265245713,-0.8889616636655732,0.024096385542168648,0.0
2024-04-10,27.96,29.05,0.00764689162459971,0.0030545180932930165,-0.021023400345218594,0.35066191379153877,-0.03824356593231071,28.597,28.488999999999997,30.23966666666667,2,10,4,28.558637542971624,29.626584152256946,40.98360655737707,-0.8050995433486747,-0.891143201220588,29.339087302027796,27.6389126979722,0.02045821619106912,0.01621435163078814,0.03028386537935323,269515021.0,-1.2445780538966271,0,0,-1,0,0,-0.005851979345955308,0.6974978045036494,0.34611773381715055,0.25739485251132,-0.0024973242953978403,-0.02781641168289295,-1.7985205205178914,0.049316881258941396,0.0
2024-04-11,28.52,27.96,-0.036316347651332355,-0.017962057125406137,-0.0003601656801043134,-0.537174832255748,0.019830678180485714,28.522,28.500999999999998,30.041333333333334,3,11,4,28.551612535158597,29.555191626304886,48.48484848484849,-0.7560977375928104,-0.8641341084950325,29.34542194492379,27.656578055076206,0.01889259374097084,0.016455177650716104,0.030659400559478165,275922082.0,0.045001199019565126,0,0,-1,0,0,-0.003934191702432025,-0.7945782168761697,0.3734234620195051,0.2612178470590973,0.019663925634608503,0.008486562942008335,-2.1191344171921647,0.03050490883590454,0.0
2024-04-12,27.54,28.52,0.006442398803403915,-0.01584261263948954,-0.012688225323909357,0.5889226300315401,-0.03496610224558641,28.357,28.472499999999997,29.817,4,12,4,28.36768298331158,29.425179263317474,42.45439469320066,-0.7872661491790396,-0.8487605166318339,29.406238946959444,27.53876105304055,0.021426586413810695,0.018180938793402174,0.031099596033384188,264376264.0,-1.9973462669336357,0,0,-1,0,0,-0.017180925666199102,1.6465888795172454,0.44611435493069773,0.2886134558941733,-0.028228652081863093,-0.02027748132337248,-0.5530658103075694,0.027959331880900495,0.0
2024-04-15,27.84,27.54,-0.006083396825037364,0.00035479865548714945,0.008536969475201802,-0.49449540313180007,0.010834342165710146,28.223000000000003,28.446999999999996,29.613,0,15,4,28.271740622709473,29.322909633426026,44.65709728867622,-0.7787825269268929,-0.8347649186908458,29.421778787329142,27.47222121267085,0.022018902425848107,0.01825254472681484,0.03126159847515916,271417811.0,-1.2454107698899572,0,0,-1,0,0,0.011619462599854767,-0.4123312401578875,0.4460098648385314,0.2897501648474127,-0.02827225130890043,-0.017989417989418,-0.5525200343088775,0.019576149425287417,0.0
2024-04-16,28.05,27.84,0.0010762332877380508,-0.0017752534397782159,-0.006714479450071222,0.018035085528650335,0.007514796502486364,28.195,28.449,29.410999999999998,1,16,4,28.231424145853204,29.24078643126951,47.17868338557994,-0.74650866303217,-0.8171136675591106,29.42016099809809,27.477839001901913,0.020453650698354427,0.018141494199611287,0.031303014650839324,278587505.0,-0.8216969190101285,0,0,-1,0,0,0.0017959770114942784,-0.35511581774220385,0.43051459545108517,0.2879872923797534,-0.03442340791738385,0.001428061406640424,-0.4837836456556228,0.024242424242424232,0.0
2024-04-17,28.78,28.05,0.01917672402351073,0.031137726350295457,0.034010795526271564,0.105884626602887,0.025692069490516525,28.27,28.4795,29.223333333333336,2,17,4,28.33116521024353,29.21105827441341,46.08000000000002,-0.6544820327667082,-0.7845873406006302,29.452081480832533,27.50691851916747,0.021743438082714284,0.019012329433628274,0.03173860290057524,286558008.0,0.6179430843013207,0,0,-1,0,0,0.013547237076648806,0.013889091493296207,0.37676478118306606,0.30181137315248346,0.029327610872675214,0.021654242101526444,-1.71456002943121,0.021542738012508722,0.0
2024-04-18,29.06,28.78,0.01985090432356558,0.016399410918309484,0.016754318612047372,-0.053597306990774495,0.00968195668291494,28.378999999999998,28.490499999999997,29.040000000000003,3,18,4,28.463680626562883,29.201312579289965,48.992248062015484,-0.5525867294787581,-0.7381872183762559,29.484978969646363,27.49602103035363,0.021764127493956266,0.018384741739940542,0.03181066995455307,294112560.0,1.1453233650632422,0,0,-1,0,0,0.007644197359277236,-0.2058024553426116,0.35934079924206724,0.2918487273721896,0.018934081346423604,0.007628294036061023,-1.616496260422024,0.021335168616655232,0.0
2024-04-19,29.38,29.06,0.005502077153983338,0.005070147754937965,0.007586243279388003,-0.0890159824120625,0.010951512603594424,28.482999999999997,28.5255,28.858333333333334,4,19,4,28.630284149005995,29.212840799980935,51.479289940828394,-0.44092987670924444,-0.6787357500428537,29.59453744211687,27.456462557883132,0.021671304862452962,0.01846875498423689,0.031861233961763234,301023698.0,1.5986343720720368,0,0,-1,0,0,0.0034411562284928227,-0.48205912742115414,0.11732924779433632,0.2931823962796527,0.06681190994916486,0.02440725244072528,2.031441223523526,0.018720217835262107,0.0
2024-04-22,29.73,29.38,0.011253315686727453,0.01039754461878582,0.009232412988199426,-0.057323565854530335,0.011842466264275112,28.591,28.589499999999997,28.707333333333334,0,22,4,28.830232485550358,29.246205909659587,61.182108626198094,-0.32050436668516014,-0.607089473371315,29.785255211710094,27.3937447882899,0.02170899685976477,0.018473224021489244,0.03193549095823252,307549806.0,1.9075810648049427,0,0,-1,0,0,0.0037440435670523975,-0.795124869396682,0.11637310925163195,0.29325334004667036,0.06788793103448287,0.04499121265377859,1.9517472548473354,0.019845274133871504,0.0
2024-04-23,29.46,29.73,-0.006122468104383783,-0.0050175719919794805,-0.011295687447810898,0.07048689817542246,-0.009123225975522063,28.631999999999998,28.637,28.563333333333336,1,23,4,28.944735669995744,29.259999076778325,61.47672552166933,-0.24403988599181403,-0.5344795558954148,29.89339584778515,27.38060415221485,0.021747890433997885,0.018650059514868977,0.03189584874545658,300547093.0,1.3100966569586088,0,0,-1,0,0,-0.01412714429868825,-0.5822031318684843,0.1985321824379606,0.29606051647738346,0.05026737967914441,0.03332164152928785,-0.5694398704220032,0.026137135098438544,0.0
2024-04-24,29.3,29.46,0.004425539137874548,-0.007742842924474109,-0.003448279278916044,0.31888086391489423,-0.005445895011462639,28.766000000000002,28.6815,28.581333333333337,2,24,4,29.009329184541972,29.262579781502307,60.50552922590839,-0.1941142685142161,-0.46640649841917514,29.966756886063553,27.396243113936446,0.017229031574319743,0.018683836794114634,0.01652137450348549,290914249.0,0.9624535090324624,0,0,-1,0,0,-0.0006788866259334547,0.8874306542221642,0.15953377137799152,0.2965967141624738,0.018068102849200907,0.031326997536078816,-0.656178414552952,0.0218430034129693,0.0
2024-04-25,27.26,29.3,-0.09097177820572676,-0.07397799905796963,-0.10747366599752216,1.3442605806827188,-0.07216708975463501,28.639999999999997,28.581,28.54733333333333,3,25,4,28.691269332807067,29.133381085921513,43.250000000000014,-0.3155216705643724,-0.4362295328482146,29.981659994812702,27.180340005187297,0.02824439434580729,0.023403416031266572,0.02073731529595415,253968925.0,-1.886253630277553,0,0,-1,0,0,-0.08259385665529016,4.1236635046340915,0.5308668723385116,0.37151771188868155,-0.061940812112869836,-0.0686709941920054,-1.8040360974996055,0.054292002934702877,0.0
2024-04-26,27.03,27.26,0.009994530724995588,0.0007239009481290238,0.02768999212934562,-0.830246782001195,-0.00847306598003029,28.589000000000006,28.473000000000003,28.51133333333333,4,26,4,28.38922036320578,28.99767908037819,39.772727272727295,-0.42539331979951456,-0.43406229023847465,30.003065014103885,26.94293498589612,0.02628377043262166,0.023431087581028097,0.020762198941001998,237862918.0,-1.8861943599764293,0,0,-1,0,0,-0.0040352164343361325,0.9159629435366076,0.4938601498172853,0.371956984123046,-0.07998638529611979,-0.07399794450154162,-1.7847505750653987,0.02848316685164631,0.0
2024-04-29,26.84,27.03,-0.024987315311136897,-0.02057019732005974,-0.015077556642609643,-0.01669369512584582,-0.007054048184875239,28.488999999999997,28.356,28.461000000000002,0,29,4,28.107543933532,28.85847397841831,35.66796368352787,-0.5217840043022655,-0.45160663305123283,30.011185154220936,26.700814845779067,0.025950250165820123,0.02343032659283189,0.020707670548578406,222023548.0,-1.8318192331945566,0,0,-1,0,0,-0.02034776174620794,0.8011844312630415,0.4416399726391059,0.3719449038099391,-0.0972082071981164,-0.08019191226867717,-2.2217697128634764,0.02272727272727284,0.0
2024-04-30,25.94,26.84,-0.001133572764499105,-0.014017611079311347,-0.015501219392626931,-0.12885368964899338,-0.03410713321518319,28.278,28.2365,28.392000000000003,1,30,4,27.71344503652618,28.670185334649386,36.56914893617021,-0.6631523866984104,-0.49391578378066836,30.213422382209256,26.259577617790743,0.027254531686335563,0.02369893407833647,0.021440460883684568,208099117.0,-2.3233082094337014,0,0,-1,0,0,-0.014530551415797338,0.4936200277853216,0.437931049457072,0.37620891545155216,-0.11948404616429054,-0.08436286621955513,-1.4561175755048097,0.024672320740169642,0.0
2024-05-01,25.67,25.94,-0.017544309650909508,-0.013835149135855476,-0.01398352558362842,-0.0986742384400161,-0.010463184005248718,27.967000000000002,28.1185,28.308666666666667,2,1,5,27.341909575339603,28.47662499047846,30.290456431535276,-0.7878922602372924,-0.5527110790719932,30.40483722244857,25.83216277755143,0.024587792401259734,0.02369637165431695,0.021433981869813976,195483056.0,-2.1418537702655778,0,0,-1,0,0,0.001927525057825642,0.2708398174393763,0.425297434496299,0.37616823823129725,-0.12389078498293515,-0.08419550481626825,-1.4968567716446062,0.02473704713673541,0.0
2024-05-02,26.41,25.67,0.000384689368083203,0.009874747919758462,0.005850250694916893,0.1568768254731892,0.02841973142599171,27.701999999999998,28.040499999999998,28.227666666666664,3,2,5,27.1724714707324,28.34329434593146,41.917024320457806,-0.8176127621810068,-0.605691415693796,30.451225813398437,25.62977418660156,0.027007195444339528,0.024817423308232976,0.02166870705319839,210241974.0,-1.3527046426747755,0,0,-1,0,0,0.012855473315153809,0.5388052765327893,0.35472788379762266,0.39396438153001395,-0.031181217901687486,-0.055774043618162294,0.8203321398579326,0.028209011737978077,0.0
2024-05-03,26.15,26.41,0.016403190594715858,0.008654804729623091,0.008904433592823485,-0.2984722555437351,-0.00989353579810901,27.379,27.931,28.14333333333333,4,3,5,26.986567566962872,28.201791484903627,37.84172661870502,-0.8523212721120501,-0.6550173869774469,30.479460009705864,25.382539990294138,0.026063525724436057,0.024579690830241186,0.021702365020552214,199291582.0,-1.3977068450884278,0,0,-1,0,0,0.000757288905717515,-0.0391305037441928,0.35544814660424473,0.3901904954380375,-0.032556418793932784,-0.07727593507410024,0.8767585605736035,0.028489483747609984,0.0
2024-05-06,27.42,26.15,-0.006833739578565023,0.032801908948722786,0.010543565515850744,-0.013563785412440178,0.04742348362323648,27.148000000000003,27.8695,28.108999999999998,0,6,5,27.065373463878714,28.151353324587266,46.06741573033709,-0.7684909448829593,-0.6777120985585494,30.40423117021917,25.334768829780828,0.0316613071521764,0.02707419192588766,0.023611811467947254,210094448.0,-0.3546727205482148,0,0,-1,0,0,0.0038240917782027314,-0.09047192252495022,0.5269680934226226,0.4297894727035898,0.0216095380029806,-0.04293193717277477,0.40730233435397617,0.04959883296863601,0.0
2024-05-07,27.0,27.42,0.03371105734231166,-0.009105872425179096,0.02448794429184616,-0.30553650140258026,-0.015435808129839362,26.902000000000005,27.767000000000003,28.058666666666667,1,7,5,27.053487379537128,28.077072464936478,38.44155844155844,-0.7275584555167747,-0.6876813699501945,30.266280738641427,25.26771926135858,0.031755005133943644,0.02696624084544603,0.02374777899192998,202135674.0,-0.613776586312536,0,0,-1,0,0,-0.009846827133479326,-0.510005342487064,0.454557583631922,0.42807580242793414,0.0408635312259058,-0.07056798623063687,0.8448343591604935,0.017037037037036937,0.0
2024-05-08,27.18,27.0,-0.009994530724995601,-0.001464665219729538,-0.0003722315323083955,-0.20885573408456476,0.006644542718668511,26.689999999999998,27.727999999999998,28.017666666666667,2,8,5,27.076489674166737,28.01919682203735,37.63157894736844,-0.6728386025316766,-0.684712816466491,30.238915957850082,25.217084042149914,0.032101745575984504,0.025800053200311198,0.023791269446672824,208594317.0,-0.4364940995231169,0,0,-1,0,0,-0.004444444444444481,-0.6881253281288267,0.42535544222709387,0.40956314748155725,0.05882352941176472,-0.027896995708154515,0.5326771739217998,0.0158204562178072,0.0
2024-05-09,27.28,27.18,0.008151212230706558,0.0027444898756343247,0.0007443245598572956,0.1675895503336959,0.00367242425226379,26.692,27.666000000000004,27.95133333333333,3,9,5,27.113491551590965,27.971506704486558,35.77235772357727,-0.6143220384831629,-0.6706346608698255,30.15572118498544,25.17627881501457,0.02340826750833407,0.02535068774628079,0.02306262709650658,216231347.0,-0.3100748809367272,0,0,-1,0,0,-0.0029433406916849997,-0.5292807375787401,0.39847567726043254,0.40242969204666873,0.03294206739871264,-0.04347826086956519,1.5220010186941626,0.017778592375366546,0.0
2024-05-10,27.36,27.28,0.008451272054321205,0.004193642758267179,0.008888947417245994,-0.16956358354262635,0.0029282597790883597,26.725,27.657000000000004,27.89033333333333,4,10,5,27.158311269483512,27.932054659035813,33.33333333333333,-0.5550931402858055,-0.6475263567530215,30.14993823683009,25.16406176316992,0.023211107064366854,0.024182777362680097,0.023080317301553015,222677253.0,-0.2382730511427805,0,0,-1,0,0,0.0018328445747799545,-0.6577551849309963,0.3745592754794718,0.3838896894749638,0.046271510516252334,-0.006535947712418277,1.4315815017545028,0.013157894736842085,0.0
2024-05-13,27.98,27.36,0.002922910374717773,0.030639322267433926,0.010271550321829699,0.39280428832574316,0.02240787648298538,26.839,27.663999999999998,27.85033333333333,0,13,5,27.307709220486508,27.935147906839955,40.080428954423596,-0.4529041956549875,-0.6086019245334147,30.159886299708088,25.168113700291908,0.02389424506326646,0.024602456447566184,0.023511748597502213,232224468.0,0.25321666298417583,0,0,-1,0,0,0.001827485380116985,-0.23087603166400403,0.2144028225354305,0.39055188840934635,0.020423048869438354,0.005028735632183867,-0.16316460310547296,0.03341672623302367,0.0
2024-05-14,28.13,27.98,0.03124693071367763,0.0012344591991773695,0.02005306108458406,-0.2847282641790124,0.005346653264430245,27.058,27.667999999999996,27.843666666666664,1,14,5,27.457216634943503,27.94771900962448,42.1476510067114,-0.35571451885699545,-0.5580244433981308,30.16674579065852,25.16925420934147,0.0198534726194064,0.02457459858371402,0.02293141630351583,239406061.0,0.3697855153790951,0,0,-1,0,0,0.010721944245889946,-0.5743394726911518,0.1298638351927422,0.39010965853048446,0.04185185185185181,0.002852049910873289,2.063055372122831,0.01475293281194464,0.0
2024-05-15,27.77,28.13,0.002119393234162278,-0.0010580145582255918,-0.01495658117809986,0.21598932381480515,-0.012880321183057278,27.268,27.6175,27.834999999999997,2,15,5,27.514086337681043,27.936253267068064,54.41941074523395,-0.3042329826892569,-0.5072661512563561,30.061852244410538,25.17314775558946,0.020116417512303614,0.023972651159733856,0.0229701627431716,230493064.0,0.12477743365238714,0,0,-1,0,0,0.007465339495200883,-0.3308117251119636,0.19966734682886886,0.3805540394133596,0.021707137601177262,-0.035093815149409346,0.22247867925127252,0.02880806625855242,0.0
2024-05-16,27.98,27.77,-0.018159658724734996,-0.006371702972692671,0.009756174945364656,-0.38315853263799843,0.007533667918626872,27.425,27.563499999999998,27.83533333333333,3,16,5,27.598797912648124,27.939075636934643,58.260869565217384,-0.24367926651579452,-0.4545487743082438,29.91980643168882,25.207193568311176,0.018756752828995797,0.02392404125636551,0.02300801898960324,236569097.0,0.3535193847444426,0,0,-1,0,0,0.0021606049693913836,-0.727824067024596,0.2007245526186409,0.37978238111995444,0.0256598240469208,-0.037164487267721924,-0.08179837673424328,0.012508934953538293,0.0
2024-05-17,27.86,27.98,0.01214300635048199,0.003898640415657323,-0.001439366927165218,0.12535035091614666,-0.004298000885675512,27.595999999999997,27.4875,27.819333333333336,4,17,5,27.646289201257556,27.93397398293886,58.97887323943661,-0.20303257416888698,-0.40424553428037246,29.69015748586072,25.28484251413928,0.018314075831236978,0.023742931030230903,0.02288982485903201,229681637.0,0.33822780199931,0,0,-1,0,0,0.006790564689063663,-0.6103078373852143,0.21196821426500512,0.37690734541049736,0.018274853801169666,-0.0517358747447243,0.32900148327088496,0.017946877243359655,0.0
2024-05-20,28.2,27.86,-0.01178374642206245,-0.0017702252808311039,-0.004149757872066803,-0.05096628511514614,0.012130009592408298,27.674,27.411,27.804333333333332,0,20,5,27.746963891938,27.951136951781518,72.07031249999996,-0.1417506063851981,-0.3517465487013376,29.379562392903832,25.44243760709617,0.011301892538162741,0.02375223936665,0.022912425152966976,236226864.0,0.8016001960051079,0,0,-1,0,0,-0.000717875089734371,-0.6599680853140274,0.15955771978729538,0.3770551106702053,0.00786275911365264,-0.05146316851664989,-0.7144437080589159,0.020035460992907723,0.0
2024-05-21,27.97,28.2,0.006801529710478084,-0.0017733645363865787,0.004869700307771003,-0.005720180146345882,-0.008189470730199586,27.770999999999997,27.3365,27.76833333333333,1,21,5,27.787515911585636,27.952353922634323,72.6377952755905,-0.11046985548475163,-0.30349121005802043,29.078274956766393,25.59472504323361,0.01019431424393734,0.02373936366273668,0.0227942253821252,229718970.0,0.7274188867384931,0,0,-1,0,0,-0.006028368794326176,-0.6602296595631811,0.16815328714779834,0.3768507152071481,-0.0056878777106291745,-0.05057705363204357,0.3554451176745565,0.013585984983911425,0.0
2024-05-22,27.88,27.97,-0.0003568242678360376,0.004604222760910781,-0.0036049065715417915,-0.029648654084472155,-0.003222921321545228,27.840999999999998,27.265500000000003,27.765666666666664,2,22,5,27.804331200388248,27.947685927625656,66.59142212189613,-0.09188271611278509,-0.26116951126897336,28.769858230020112,25.761141769979893,0.010340184101368988,0.023729255947712295,0.02173517866430188,223401194.0,0.8169596679000876,0,0,-1,0,0,0.0017876296031462536,-0.6565687454635483,0.13702302279829984,0.37669026020548224,0.00396110911055092,-0.04846416382252561,0.5563942863742497,0.02187948350071734,0.0
2024-05-23,26.65,27.88,-0.007522872662987524,-0.01566983629753232,-0.04241830827880912,0.5804795347305092,-0.045120435280469655,27.778,27.235000000000003,27.703333333333333,3,23,5,27.594452800317654,27.863964254875615,54.629629629629626,-0.17439270417049713,-0.24381414984927813,28.76435486915505,25.705645130844957,0.017995722362803005,0.020361801332138982,0.022837966371574075,212111991.0,-0.7650284597756067,0,0,-1,0,0,-0.0025107604017216745,0.480957888110042,0.33088626261461607,0.3232335754208606,-0.04753395282344541,-0.022377109317681665,-1.4166468728985695,0.04953095684803003,0.0
2024-05-24,26.84,26.65,-0.03923509657207633,-0.03580945269671089,-0.0068053192697549265,-0.4427737297128994,0.00710416149162752,27.726,27.2255,27.68,4,24,5,27.45727956389626,27.79790204488364,43.28703703703702,-0.22189320530778645,-0.2394299609409798,28.762557681353652,25.68844231864635,0.01817638555095763,0.020357427176861335,0.022053603072063416,219362510.0,-0.5016077206165734,0,0,-1,0,0,0.0033771106941838597,-0.6252487531311884,0.3515337845378173,0.32316413785849685,-0.0366116295764537,-0.007029226785053688,-1.5278479665052602,0.01937406855439641,0.0
2024-05-28,26.52,26.84,-0.0018716082573642366,0.0026007817000574403,0.001516300517964008,0.12782534446608473,-0.011994146785819278,27.580000000000002,27.209500000000002,27.636000000000003,1,28,5,27.286865097733305,27.71545675166534,44.31279620853081,-0.2821070656825029,-0.2479653818892844,28.7699381975714,25.649061802428605,0.016194336332892096,0.020473453584907143,0.0220362945704162,211123350.0,-0.8837261239478906,0,0,-1,0,0,-0.005588673621460454,-0.21403179574780537,0.3063176938448619,0.3250059999857287,-0.05957446808510636,-0.011922503725782407,-1.4580655266061604,0.020739064856711942,0.0
2024-05-29,25.51,26.52,-0.05585892574342053,-0.04866030247195699,-0.07061756721395329,0.6486989515513831,-0.03882863316394171,27.318,27.188,27.551333333333336,2,29,5,26.963798716327247,27.573169219299835,33.46534653465349,-0.40663807235006644,-0.27969991998144084,28.831713382627697,25.5442866173723,0.01867646161661186,0.020882412344272332,0.022954648780002616,195361423.0,-2.0417184866104656,0,0,-1,0,0,-0.048265460030165956,2.364280419308902,0.3525114055522782,0.3314980190282995,-0.08795137647479434,-0.016576715497301442,-0.24131719978520566,0.04194433555468444,0.0
2024-05-30,26.11,25.51,0.018060954228161633,0.01890853170594894,0.03279769061265334,-0.39808254562331086,0.02324785055731741,27.151999999999997,27.21,27.46233333333333,3,30,5,26.808562586085927,27.47877120515146,39.45945945945944,-0.45170780039616787,-0.31410149606438625,28.77821051219061,25.64178948780939,0.02132254532653471,0.021417363633465792,0.02285012735298824,205947237.0,-1.4028728814774072,0,0,-1,0,0,0.007448059584476586,0.6365776070205409,0.4585200746209106,0.33999010747673525,-0.06348637015781922,0.017140631086871805,0.13653481675879298,0.0283339716583684,0.0
2024-05-31,26.84,26.11,0.024217981607043835,0.03067898455520046,0.02485743814572835,-0.25169622495566846,0.027574929392443676,27.038,27.2315,27.388333333333332,4,31,5,26.814278479524848,27.437560159657817,45.80645161290323,-0.4236375554135243,-0.3360087079342139,28.764934741122666,25.698065258877335,0.023610145762876757,0.021358899231297773,0.023434782203797112,214177505.0,-0.510618403902045,0,0,-1,0,0,0.008425890463423931,-0.1028959343970516,0.4320877868500735,0.3390620138646154,0.007129455909943738,0.016281711472927007,-0.7649973372486127,0.03409090909090919,0.0
2024-06-03,27.69,26.84,0.03471145276016871,0.04795129350499346,0.03543529430763012,0.1984579931472434,0.031178025079389465,27.021000000000004,27.3085,27.332,0,3,6,26.97350057415669,27.453846600970216,47.744945567651634,-0.329011152017852,-0.33460919675094153,28.766057798806184,25.850942201193813,0.02614593042444071,0.022245777923689113,0.024134769020084913,224214488.0,0.5234783832414339,0,0,-1,0,0,0.015648286140089483,0.6737293681398175,0.4835036702330205,0.3531407766435132,0.03166915052160957,0.058891013384321234,-0.9665985550023546,0.04694835680751176,0.0
2024-06-04,27.8,27.69,0.01203296196080815,-0.0021223920241507173,0.02161652222486558,-0.30624681116636826,0.003964683513720891,26.981,27.327499999999997,27.267666666666667,1,4,6,27.12377319703729,27.47617907832698,47.41784037558687,-0.24234931286719785,-0.31615721997419277,28.80099745057828,25.854002549421715,0.02583621771897281,0.019516295235540954,0.02402375334685936,231603764.0,0.6413312758899837,0,0,-1,0,0,-0.0036114120621163386,-0.3761724202472266,0.45755499473583594,0.30981158223933664,0.04826546003016596,0.013858497447118756,-1.5840594012124214,0.023381294964028725,0.0
2024-06-05,28.46,27.8,0.008661187308604695,0.008813735884775657,-0.002540375164051832,0.19434799126079583,0.02346357196511487,27.03,27.4005,27.234333333333332,2,5,6,27.36672352484869,27.53965139585427,55.15695067264575,-0.11904047236035709,-0.27673387045142567,28.948462667854454,25.85253733214555,0.026821885603611657,0.019763805768375758,0.02443183017683684,240578179.0,1.3688960619037602,0,0,-1,0,0,0.001079136690647395,0.2839388082573973,0.1700833855240583,0.31374069013983646,0.1156409251274011,0.05407407407407416,-1.6842784103641237,0.03408292340126489,0.0
2024-06-06,27.85,28.46,0.023087511005975673,0.008040595670206471,0.009403324261054866,0.17576299431828402,-0.021666626288413246,27.026999999999997,27.434000000000005,27.186,3,6,6,27.4545919748762,27.55967388644432,49.08321579689704,-0.06973536401613245,-0.23533416916436703,28.990844311594678,25.87715568840533,0.02782047955314579,0.02046269275032677,0.024708228930742565,229879281.0,0.5344143880050387,0,0,-1,0,0,0.00070274068868586,0.9279186355581669,0.3509190396880047,0.3248351770325337,0.06664113366526236,0.024650478292862488,-1.2163222016618855,0.033752244165170475,0.0
2024-06-07,27.75,27.85,-0.025245785225066864,-0.027892364222937956,-0.012314534468513228,-0.4017842679383551,-0.0035971261808495918,27.137,27.4575,27.202333333333335,4,7,6,27.50830252489871,27.571952990544688,49.222065063649225,-0.03828850860095656,-0.19592503705168496,29.018739386215632,25.896260613784367,0.02321009241320048,0.020484980528498575,0.02109764575079421,222720380.0,0.3747023071317796,0,0,-1,0,0,-0.002872531418312454,-0.5705337815202425,0.33847923089569737,0.3251889845424463,0.03390461997019378,0.017228739002932425,-0.16327383747190638,0.017657657657657602,0.0
2024-06-10,29.7,27.75,0.0638180600113066,0.08309513754842186,0.0672907434164209,1.5799476909934766,0.06791120561621036,27.423000000000002,27.5745,27.291333333333334,0,10,6,27.906792974917124,27.70924634599342,58.6405529953917,0.14234123291920753,-0.12827178305750647,29.428286736163574,25.720713263836426,0.031259270730193425,0.02568385666606798,0.024523792869500807,257474710.0,2.293144037052222,0,0,-1,0,0,0.06666666666666672,3.952723212278364,0.5570232963646722,0.4077185846846663,0.0725893824485373,0.08552631578947367,1.1516137570662242,0.03367003367003367,0.0
2024-06-11,28.05,29.7,-0.0033840979842405684,-0.025022156175492603,-0.046730957002088264,-1.014652831831992,-0.05715841383994852,27.576,27.578000000000003,27.331666666666667,1,11,6,27.932830615841283,27.731230452703524,50.3960396039604,0.15061420723934305,-0.07249458499813657,29.435271343160004,25.720728656840002,0.037229119185884674,0.028554943607306555,0.02673802725029504,244875283.0,0.5082725275854706,0,0,-1,0,0,-0.00673400673400671,0.40080723582343525,0.7540047375847363,0.45329567691844064,0.008992805755395628,0.0025017869907075774,0.4128952782856436,0.05668449197860962,0.0
2024-06-12,28.44,28.05,-0.042942886089392646,-0.02844118376655822,0.0024959898855931068,-0.2823944861054823,0.013807972966334816,27.869,27.5935,27.415,2,12,6,28.025043231142867,27.77695752027104,52.6923076923077,0.18649059216549446,-0.020697549565410367,29.475182058276346,25.711817941723652,0.033824976155617664,0.02869485801986218,0.025967120688855927,254374951.0,0.899726918558612,0,0,-1,0,0,0.007486631016042811,-0.10932035165050623,0.7397994479809307,0.4555167493611759,-0.0007027406886858101,0.011020263064344116,0.6157702405538513,0.02426160337552747,0.0
2024-06-13,28.41,28.44,0.0042372944755152174,-0.0010432969125776746,-0.008943003619810964,-0.2571339830038449,-0.0010554090689436032,28.099,27.6255,27.50633333333333,3,13,6,28.095035370935072,27.817798970576135,59.56521739130436,0.21008045964705957,0.02545805227708362,29.541279077477935,25.709720922522063,0.0337428711635581,0.028518601335983478,0.025851545206085586,247029194.0,0.8189879607963689,0,0,-1,0,0,-0.002109704641350291,-0.43816324506812754,0.7150893123220095,0.45271876124644006,0.020107719928186718,0.023046453006841938,0.27742618133681696,0.03203097500879972,0.0
2024-06-14,28.38,28.41,-0.007072165261362374,-0.010581183939709643,-0.0028787353453558167,0.30789086217362155,-0.0010565241341999848,28.252999999999997,27.645500000000006,27.572000000000003,4,14,6,28.14684712167415,27.854070004732517,58.51769911504425,0.22377530784889288,0.06512150339144547,29.585065605196196,25.705934394803815,0.033173027411372555,0.028487680407910658,0.02542244316478161,237034906.0,0.7573860848349061,0,0,-1,0,0,-0.008095740936290053,-0.04959852957664436,0.713441318313259,0.45222790673051205,0.022702702702702693,0.014295925661186537,0.22473857415913637,0.02422480620155039,0.0
2024-06-17,28.77,28.38,0.0056617277920002484,0.011972004748052564,0.014311514393255726,-0.522947817294815,0.013648505831559988,28.361,27.691000000000003,27.659333333333336,0,17,6,28.26014764500612,27.91316226249171,62.34906695938529,0.263065854926122,0.10471037369838078,29.69342905124777,25.688570948752236,0.03210408318398846,0.02859346134786161,0.02538541820450239,242959226.0,1.077691116524348,0,0,-1,0,0,-0.001409443269908356,-0.6915143768983538,0.45530785138960017,0.45390712709387737,-0.03131313131313129,0.03266331658291466,-1.8689630574988148,0.02189781021897819,0.0
2024-06-18,28.43,28.77,0.011228188137491414,0.0010418476372152459,0.004607486442672703,0.017676454776531354,-0.011888251900548114,28.424,27.702499999999997,27.692999999999998,1,18,6,28.29102989136864,27.946506632653538,67.29857819905212,0.2637286384775024,0.13651402665420512,29.719823656942516,25.685176343057478,0.03250743755419649,0.028646584460268805,0.024047441702162786,236929254.0,0.7212526334050037,0,0,-1,0,0,-0.003823427181091395,-0.6687054143004505,0.1750549457145046,0.45475043035967233,0.013547237076648733,0.008156028368794255,-0.14806827069125547,0.018642279282448035,0.0
2024-06-20,28.06,28.43,-0.013701250694526846,-0.014509475767041197,-0.007809766354057229,-0.09840239964749523,-0.013099850988593592,28.384000000000004,27.707,27.728333333333335,3,20,6,28.24902445657434,27.953828785385568,61.87576126674786,0.23172678925448054,0.1555565791742602,29.72723552561705,25.68676447438295,0.031938859512274625,0.028746906775566624,0.023995575596101656,231464386.0,0.34946420407311607,0,0,-1,0,0,-0.005627857896588116,-0.7460196018431536,0.17120492532163967,0.45634299774304177,-0.013361462728551432,0.0032177332856631047,0.8353945305619951,0.011938702779757693,0.0
2024-06-21,28.36,28.06,-0.005675786787058413,0.005443862772623378,-0.00823049913651548,0.5057167727907824,0.010634626989611805,28.434999999999995,27.731,27.767666666666667,4,21,6,28.269201828106276,27.980033379876822,59.76863753213366,0.22794497816231996,0.17003425897187213,29.771195037120588,25.690804962879415,0.031259213556546143,0.02881906231119289,0.024036314672012143,240526086.0,0.6166077150032993,0,0,-1,0,0,0.0017818959372772885,-0.2001880735394467,0.19649776927532225,0.45748843136094436,-0.0017599436818022118,0.017216642754662947,0.10903157452576803,0.025387870239774415,0.0
2024-06-24,28.49,28.36,0.009911585566439379,0.014258631415496334,0.01576795118867588,-0.11329476730182635,0.004573446845890113,28.508999999999997,27.823,27.808,0,24,6,28.30934695026877,28.012934452142837,55.66572237960338,0.23275472755549842,0.1825783526885974,29.82350625172117,25.82249374827883,0.03119627414219718,0.026768763428225158,0.024039455692560725,248617164.0,0.6668312077766642,0,0,-1,0,0,0.001057827926657304,-0.32896715652003905,0.19917550240032172,0.4249409456148275,0.003875968992248069,0.06904315196998123,-0.32179313378026914,0.024138294138294124,0.0
2024-06-25,28.51,28.49,0.0063202457578019735,-0.006930034664669632,0.0027445034472860013,-0.114566517414492,0.0007017544147638792,28.389999999999997,27.9065,27.846333333333334,1,25,6,28.34582932294717,28.045003197165883,55.09325681492109,0.23546601579738535,0.193155885310355,29.8733759627005,25.939624037299502,0.020451903161028715,0.02676378648741658,0.024039046290987423,255832404.0,0.6136635064383033,0,0,-1,0,0,0.002808002808002873,-0.46824916263754784,0.16443063166283253,0.42486193912881115,-0.009037191518943222,0.06222056631892703,-0.08553880315272956,0.01438091897579797,0.0
2024-06-26,28.45,28.51,-0.03671772294217293,-0.0015658985365861707,-0.04030772348809287,0.45595208907681306,-0.0021067423522408324,28.43,28.002999999999997,27.862000000000002,2,26,6,28.364769446047685,28.071132023155183,49.92150706436419,0.23012054629120016,0.20054881750652404,29.870315551383396,26.135684448616598,0.009500986608794657,0.026557947539363077,0.02371577446376456,244449102.0,0.47876214565753805,0,0,-1,0,0,-0.0340231497720099,0.17138387313171968,0.13962969428975106,0.4215943471287269,0.000703482237073505,0.0727752639517345,-0.645534164723011,0.05219683655536026,0.0
2024-06-27,28.47,28.45,0.024037031713396287,-0.006814038770164686,0.02717066255166695,0.22802457607507057,0.0007027407176063447,28.433,28.151,27.873333333333335,3,27,6,28.383902274039013,28.09686544101614,55.36332179930793,0.22490548560924495,0.20542015112706824,29.611178792230632,26.690821207769368,0.008437049990228401,0.02468451590502538,0.023700307456786193,258747852.0,0.436932794391132,0,0,-1,0,0,-0.008435852372583425,0.6547561909221931,0.07867228481131656,0.39185454191229385,0.014611546685673549,0.11603292826342604,1.118425903377297,0.018967334035827156,0.0
2024-06-28,28.61,28.47,0.010227562260699971,0.006291527219480251,0.004279607102365001,-0.28618539311105123,0.0049054057720726435,28.452999999999996,28.276,27.901333333333337,4,28,6,28.425010951486463,28.12997089643445,57.38831615120273,0.22942467754664264,0.21022105641098315,29.386720960749496,27.165279039250503,0.008553843037302908,0.024329250897621554,0.023573498069466563,269487977.0,0.601411176709265,0,0,-1,0,0,0.001053740779768217,0.07987256699040865,0.04703467781374041,0.38621488475760957,0.008815232722143795,0.09574875526618154,-0.09805517619680755,0.02097168822090171,0.0
2024-07-01,28.11,28.61,0.004900254817839951,0.002783578693646399,-0.01325471671201347,-0.2981352476330233,-0.017630922143578365,28.426,28.339500000000005,27.90566666666667,0,1,7,28.36773623303438,28.128682451503195,31.807780320366177,0.19046478886458473,0.2062698029017035,29.22741832247398,27.45158167752603,0.010327896601469856,0.02417982352293822,0.023785040961909244,261516646.0,-0.5169394395659219,0,0,-1,0,0,0.001048584411045129,-0.3640414504149148,0.13744626833803206,0.38384279872274535,-0.013338013338013321,0.04731743666169885,-1.7645279778536587,0.03735325506937036,0.0
2024-07-02,28.29,28.11,-0.016901810802603254,-0.013643730974341938,0.006470187920544191,-0.1290731366196708,0.006383000395035289,28.377999999999997,28.3695,27.92,1,2,7,28.353602372482673,28.139090035277185,54.13793103448271,0.1721290950098151,0.1994416613233258,29.203954754230942,27.535045245769055,0.009389387099259495,0.023221612266459975,0.023792044281924603,268522726.0,-0.19054358453088063,0,0,-1,0,0,0.001778726431874803,-0.49178134968535947,0.1514562941292143,0.36863166659412033,-0.00771659066994046,0.021668472372697645,-1.5817791238522336,0.016967126193001076,0.0
2024-07-03,28.58,28.29,0.012001555984763091,0.014338416657020481,0.013700063046256428,0.16004645603423243,0.01019878718824558,28.393,28.408500000000004,27.932666666666663,2,3,7,28.39476557748582,28.167535839452853,52.499999999999936,0.1789358409069628,0.1953404972400532,29.202829243692356,27.61417075630765,0.009325004923800156,0.02330156741669773,0.02376237339968713,276744819.0,0.43181086775251015,0,0,-1,0,0,0.007423117709437994,-0.30469014733618194,0.17236483855384652,0.3699009152555278,0.004569420035149374,0.028057553956834402,-1.7058632685302901,0.017669699090272883,0.0
2024-07-05,26.94,28.58,-0.007042282625412923,-0.008718451039881047,-0.04907293961226926,0.7031860843441087,-0.059095001519503365,28.281,28.3325,27.898333333333333,4,5,7,28.13026274521567,28.088339978842992,33.33333333333336,0.05140339577330977,0.16655307694670454,29.36210135362431,27.302898646375688,0.020437850321205334,0.026139829054018727,0.02599144030023076,260134720.0,-2.704930398737812,0,0,-1,0,0,-0.009797060881735395,0.9552768742564822,0.4490387388691318,0.414956921944046,-0.05374077976817693,-0.05340829234012645,-1.5545918832538508,0.05976243504083145,0.0
2024-07-08,27.35,26.94,-0.04480518190655008,-0.03856243599483684,0.0014836797973919443,-0.7024839549910665,0.015104357885772385,28.18,28.307499999999997,27.88066666666667,0,8,7,27.988396791540094,28.040705141498286,39.24843423799585,-0.016394427573835912,0.12996357604259645,29.408253330566605,27.20674666943339,0.020842447448907328,0.026020913451900614,0.02615275901986638,268362588.0,-1.7397176522865963,0,0,-1,0,0,0.004454342984409705,-0.3356165655763977,0.47665554702570867,0.41306919528278574,-0.04404054526389367,-0.01795332136445238,-1.434957582085662,0.017915904936014568,0.0
2024-07-09,27.47,27.35,0.010659906125348255,0.008698858767704565,0.006833529223876466,-0.07742532747005945,0.004377971239192214,28.078000000000003,28.2935,27.908,1,9,7,27.89414282944189,28.003885454950012,35.61946902654867,-0.05975289968258224,0.09202028089756072,29.43062981252933,27.156370187470674,0.020834161825194698,0.02603353438937093,0.02481611878930616,275977448.0,-1.4483834491477892,0,0,-1,0,0,0.0,-0.4355342470390725,0.47626915153035393,0.4132695464539395,-0.022767698327997188,-0.010090090090090098,-2.129071846252907,0.019839825263924343,0.0
2024-07-10,27.63,27.47,0.013798330759696496,0.004680476591331772,0.007883439856816325,0.49988317271313915,0.005807638828142609,27.99,28.190000000000005,27.934333333333335,2,10,7,27.846116860452454,27.97976381269517,40.78341013824884,-0.08027873509903571,0.05756047769824143,29.151336788575943,27.228663211424067,0.0210095003290178,0.020185638591039442,0.02480670695405832,288530763.0,-1.1650443562646826,0,0,-1,0,0,0.009464870768110723,1.1048186768460087,0.47547241389309863,0.3204370786015116,-0.02332979851537642,-0.0696969696969697,-2.123344614840858,0.016648570394498765,0.0
2024-07-11,26.97,27.63,-0.026677993623357623,-0.022889282671063896,-0.036448809708032326,0.3811679993923984,-0.024177001783686584,27.842000000000002,28.136000000000003,27.949333333333332,3,11,7,27.686822885824732,27.914617760263226,38.22894168466522,-0.14809494535296253,0.01642939308800064,29.24103917530753,27.030960824692475,0.022019803417439244,0.016845327541848074,0.025120240147929164,270152791.0,-2.1103324226953526,0,0,-1,0,0,-0.022801302931596056,2.4989101158270985,0.4712200915552564,0.267411284574942,-0.056333100069978936,-0.03850267379679151,-1.1744123777561095,0.030033370411568495,0.0
2024-07-12,27.53,26.97,-0.002595959180821532,0.02145146790143643,0.018762276455523034,-0.11378168661687717,0.020551182002877443,27.748,28.090500000000002,28.016666666666666,4,12,7,27.658309633856597,27.88980371121399,41.513292433537856,-0.15486724745671765,-0.01782993502094302,29.21755438154706,26.963445618452944,0.02347345051869951,0.01724745601897346,0.024256549344180575,286554263.0,-0.9946281371634019,0,0,-1,0,0,-0.0014831294030403838,1.6879941762451662,0.2734605225372124,0.2737948762483674,0.021900519673348162,-0.03199718706047816,-1.4021448799468847,0.03269160915365064,0.0
2024-07-15,27.71,27.53,0.02927395280417905,0.0026942090836913203,0.011458266187361552,-0.8647850248468286,0.0065170397203709865,27.657999999999998,28.055500000000002,28.07,0,15,7,27.667707882246305,27.878203471780832,42.10526315789477,-0.14404933887752946,-0.043073815792260314,29.184252921551863,26.92674707844814,0.023540447887620507,0.01734063313391335,0.023953276968171337,293461613.0,-0.6121800323227374,0,0,-1,0,0,0.007264802034144544,-0.7780530588619928,0.2584809326417836,0.275274017092448,0.013162705667276065,-0.02463921154523052,-1.2439591106598444,0.023998556477805813,0.0
2024-07-16,28.71,27.71,0.003958975838532288,0.03368628187002784,0.018208806079732184,0.31742828938619494,0.03545213525808553,27.718,28.071999999999996,28.132333333333335,1,16,7,27.857215540019702,27.931867763924004,51.68918918918919,-0.05416010179836306,-0.04529107299348087,29.22999463684615,26.91400536315384,0.025845476482834577,0.019231638226323254,0.02429751077280542,302949485.0,1.1019049306439332,0,0,-1,0,0,0.004691447130999603,-0.10162350040986622,0.35227746340554095,0.3052927923072879,0.045140152894066254,0.011627906976744207,-0.5528202687731818,0.039010797631487196,0.0
2024-07-17,28.32,28.71,0.011783746422062364,-0.0045193888847353285,0.015043263626878451,-0.11930761576666847,-0.013677225307453609,27.721000000000004,28.049500000000002,28.153333333333332,2,17,7,27.941358169107026,27.956908553348264,48.96000000000001,-0.014227963325534887,-0.039078451059891675,29.16717568971753,26.931824310282472,0.026272577975838516,0.01923122606021627,0.023826464417941853,294528669.0,0.4840402318643287,0,0,-1,0,0,-0.018808777429467054,-0.42137247875918377,0.38860094831920544,0.30528624937318033,0.02497285559174811,-0.015641293013555768,0.06024976041122136,0.020127118644067805,0.0
2024-07-18,27.41,28.32,-0.006767612650946178,-0.004889985294191792,-0.028851622561788824,-0.014795858564023125,-0.03266035851082463,27.604000000000003,27.9985,28.140333333333334,3,18,7,27.844747592905748,27.921624130551603,42.577030812324935,-0.055372550410062615,-0.04233727092992587,29.135981520967945,26.861018479032055,0.027880273352027272,0.020357861038450168,0.024572620546316024,286231529.0,-1.034742084423865,0,0,-1,0,0,-0.01200564971751412,-0.4967623925949532,0.4296985569385677,0.3231710251977017,0.01631442343344469,-0.0358775940907492,-0.22589567400500377,0.04487413352790954,0.0
2024-07-19,27.18,27.41,-0.020217295103166773,-0.03854867011723502,-0.02332143453377272,-0.21276687311478884,-0.008426501591696802,27.627999999999997,27.954499999999996,28.097666666666665,4,19,7,27.72388439419561,27.873777412451503,40.1106500691563,-0.10532489014397939,-0.05493479477273658,29.14863434843931,26.760365651560683,0.02083627368428713,0.02024768217378871,0.02419138779557694,279524581.0,-1.2971739754613678,0,0,-1,0,0,0.0003648303538855003,-0.9669345975227692,0.4052032627385213,0.3214219899439237,-0.012713403559753034,-0.031361368496079844,0.7270097810139515,0.028697571743929402,0.0
2024-07-22,27.66,27.18,-0.015065506329644086,0.008876065882282085,0.004111386841664069,-0.019220511045461717,0.017505917513614588,27.659000000000002,27.9195,28.091333333333335,0,22,7,27.712269049796404,27.859985321325603,46.87933425797504,-0.10497045671449712,-0.06494192716108868,29.104591157949024,26.734408842050975,0.021033651424343627,0.02052467057514329,0.02411947443907258,286103849.0,-0.4379409942592129,0,0,-1,0,0,-0.00625459896983069,-0.9461605585216555,0.4275559718810415,0.3258190445001251,-0.0018044027426922238,-0.024682651622002783,0.35952504614876724,0.033080260303687735,0.0
2024-07-23,27.18,27.66,0.0270286723879192,0.002701487460160518,0.0014908687070057745,0.4330594517420243,-0.017505917513614522,27.630000000000003,27.853999999999996,28.072333333333333,1,23,7,27.61549285892433,27.81611530059492,42.60985352862849,-0.14178712047527853,-0.08031096582392666,29.051073624793144,26.656926375206847,0.021792067326577833,0.02079241467102179,0.02432122080239107,275958829.0,-1.1260794424678138,0,0,-1,0,0,0.00325379609544468,-0.0036559961068923204,0.28854475496683635,0.33006935025632717,-0.053291536050156796,-0.04598104598104591,0.894838454370734,0.03495217071376009,0.0
2024-07-24,26.61,27.18,-0.02112241675418704,-0.01998249958733829,-0.014064929467403552,-0.03304126514053204,-0.021194323733399835,27.528000000000002,27.758999999999997,27.969333333333335,2,24,7,27.43267597548354,27.73830141023396,37.355584082156625,-0.214486362789561,-0.10714604521705354,29.03578708607801,26.482212913921984,0.022515928900855377,0.021197197672566708,0.02059840977981333,266143536.0,-1.7998302340752093,0,0,-1,0,0,-0.00036791758646055963,-0.13212800315171971,0.29771931970161797,0.33649508119853194,-0.060381355932203395,-0.06664328305857603,1.143716405259126,0.029124389327320505,0.0
2024-07-25,28.08,26.61,-0.04632724454995851,0.0471706796369271,-0.026989866823196512,0.7617868876498068,0.05377049416801249,27.639,27.740500000000004,27.97033333333333,3,25,7,27.55037125266835,27.760346480541447,57.480314960629904,-0.15173521232024356,-0.11606387863769155,28.985455716826845,26.495544283173164,0.02784053803002859,0.024910373056531432,0.020864443789795004,287168880.0,0.5454009253683598,0,0,-1,0,0,-0.025178504321683507,2.3791909026987996,0.5043627135478974,0.39543991304055653,0.024443633710324653,-0.01300527240773286,1.23280005559629,0.09957977207977205,0.0
2024-07-26,27.23,28.08,0.0792714002693124,-0.01538757824441472,0.0477363356240827,-0.4706075781642615,-0.03073827247194207,27.609,27.678500000000003,27.93,4,26,7,27.492121934001375,27.726130578571034,49.25558312655086,-0.16864829713978224,-0.1265807623381097,28.89363741913673,26.463362580863276,0.029151437744706417,0.02578822276375459,0.02141877657865492,274035974.0,-0.7381881142605784,0,0,-1,0,0,0.0,0.5672267780731861,0.562209975473188,0.4093753451233766,0.0018395879323032105,-0.04355461889708456,1.1156111717055976,0.04039662137348505,0.0
2024-07-29,26.31,27.23,-0.031105581934290322,-0.03141619623337881,-0.03309816977742445,0.17019558083521305,-0.034370211633466916,27.469,27.563499999999998,27.860000000000003,0,29,7,27.27719067327385,27.634767315437422,43.45372460496614,-0.2533676849939468,-0.15193814686927712,28.841183347649235,26.28581665235076,0.03077977021911166,0.02668567193175525,0.02222811739989507,258466432.0,-1.962145006125761,0,0,-1,0,0,-0.0003672420124862858,1.0481632555621616,0.5835940292537098,0.423621909000486,-0.0488069414316703,-0.08039147151345682,2.053940631609647,0.04218928164196135,0.0
2024-07-30,27.04,26.31,-0.033622890766203464,0.003844398327494706,0.0011465699708219088,-0.0006310461408267745,0.027368156122561993,27.302,27.509999999999998,27.815333333333335,1,30,7,27.234065096314964,27.596395230570494,46.87168610816543,-0.258622274509392,-0.1732749723973001,28.78092175419312,26.239078245806876,0.029642013562740134,0.027376627813440732,0.022896420945896452,274026152.0,-0.7396206705083763,0,0,-1,0,0,0.00038008361839610654,0.9477094210267654,0.6309171158052004,0.4345904935796289,-0.005150846210448923,-0.03806474564212026,0.8107092801989584,0.04382396449704137,0.0
2024-07-31,26.94,27.04,0.025507759547212665,0.015771196100710025,0.021538712860261707,-0.3820157193505356,-0.003705080192545351,27.163999999999998,27.442500000000003,27.75433333333333,2,31,7,27.180598715166788,27.55404715117885,49.83089064261557,-0.26776906373648046,-0.19217379066513618,28.68200541920107,26.202994580798936,0.0295101194834478,0.0273146666542357,0.022720565342026267,263406887.0,-0.810807265891409,0,0,-1,0,0,-0.0014792899408283709,-0.2057545696315606,0.6069097640891176,0.4336068906704182,0.012401352874859217,-0.047720042417815356,0.5220032575545815,0.03897550111358577,0.0
2024-08-01,26.36,26.94,0.0,-0.023658974316647017,-0.027284754335541537,0.1674313465737869,-0.02176446134791148,27.059000000000005,27.3315,27.685333333333332,3,1,8,27.031398948772825,27.477011851102795,43.41957255343082,-0.31815165855842764,-0.2173693642437945,28.53930400990156,26.123695990098437,0.028586778371001494,0.027483026014102605,0.022934356986259372,250852111.0,-1.6087047104259546,0,0,-1,0,0,0.0022271714922048524,0.19253754314482727,0.40061241321254326,0.4362795126530053,-0.061253561253561184,-0.07767669699090274,1.254960721906151,0.04248861911987851,0.0
2024-08-02,25.05,26.36,-0.043913187089927995,-0.04906644542550618,-0.0451854511354954,0.2971457231863379,-0.05097388210343266,26.845999999999997,27.237000000000002,27.584999999999997,4,2,8,26.671144594450492,27.32043044135423,36.72654690618762,-0.4585009660849302,-0.26559568461202165,28.81331281961476,25.660687180385242,0.032130824402695726,0.026736068921398504,0.024454829144382906,233953239.0,-2.7748299357667947,0,0,-1,0,0,-0.01972685887708648,1.1987072607662372,0.4727331950474274,0.4244219364090201,-0.08005875872199775,-0.07015590200445432,0.6875118284961858,0.038722554890219654,0.0
2024-08-05,23.7,25.05,-0.08349939754229858,-0.054862723499858,-0.0536653727617538,-0.08750848905347831,-0.0553987793897884,26.45,27.0545,27.42966666666667,0,5,8,26.130936486368583,27.086854283847504,25.84378013500482,-0.6709284752172628,-0.3466622427330699,29.28510506306864,24.82389493693136,0.03378860608362763,0.028617714702245525,0.025960205623323216,218470305.0,-3.007704102836763,0,0,-1,0,0,-0.05109780439121761,0.7861798020804819,0.5370485309150297,0.45429213715883104,-0.09920182440136827,-0.13345521023766005,0.5487457253387507,0.03755274261603378,0.0
2024-08-06,24.34,23.7,0.012957339068517594,0.010569204078744562,0.012223545241513995,-0.502110460850048,0.02664603941829568,26.165999999999997,26.897999999999996,27.291333333333334,1,6,8,25.8053116706652,26.90963787843799,31.261770244821093,-0.7786602447629072,-0.4330618431390374,29.425329358083317,24.370670641916675,0.03624177914094765,0.029513684668538497,0.026579929319346534,227841381.0,-2.0242711871474763,0,0,-1,0,0,0.01603375527426156,-0.6702235655004022,0.5328842948232866,0.46851521943679586,-0.09985207100591709,-0.11394248270840912,0.5282886992530588,0.035332785538208684,0.0
2024-08-07,24.32,24.34,0.02217750031568717,0.012457464698572791,0.017442302663342388,-0.1094365763437478,-0.0008220304614148749,25.937,26.732499999999998,27.151666666666667,2,7,8,25.535255003271526,26.742564466925867,34.12127440904419,-0.8557872978854171,-0.5176069340883134,29.481761144766878,23.983238855233118,0.036147833125745384,0.029415339012903316,0.026570329118366647,219441720.0,-1.7550169830844222,0,0,-1,0,0,0.011503697617091255,-0.8350230071315888,0.538908639595629,0.4669540305527901,-0.09725315515961397,-0.11979732175171909,0.4562058625254203,0.030838815789473683,0.0
2024-08-08,25.22,24.32,-0.0024400174773658223,0.010527458434143667,0.009832115256316883,0.262542525003634,0.03633827343880718,25.651,26.645,27.044,3,8,8,25.477935911767613,26.64433450131775,40.576923076923066,-0.834667042663618,-0.5810189558033744,29.472708761899828,23.81729123810017,0.032895842176025626,0.030588901497601233,0.027651808519653955,230363226.0,-1.0078831449690016,0,0,-1,0,0,0.009868421052631514,-0.1721139396323688,0.671018567684101,0.4855837574478245,-0.04324734446130507,-0.06488691138301816,-0.1820972109086278,0.03072957969865181,0.0
2024-08-09,25.33,25.22,0.02572489123843592,0.004140792666031387,0.019578786669770417,0.48995549491465634,0.004352133476810338,25.461000000000002,26.534999999999997,26.93933333333333,4,9,8,25.451038473264408,26.559538727039186,38.38484546360916,-0.7998330302515129,-0.6247817706930021,29.388795256923846,23.681204743076147,0.03236608036833239,0.030137502606470065,0.02767966464580564,248189784.0,-0.8444894545790832,0,0,-1,0,0,-0.0007930214115780957,1.4872232535881011,0.5604327211937317,0.47841802219968416,0.011177644710578694,-0.07991282237559039,-1.202857463029221,0.015594157125937608,0.0
2024-08-12,25.38,25.33,0.003960401216096914,0.017941198865865038,0.01132875079330612,0.0635325878082041,0.001971998272657818,25.368000000000002,26.4185,26.831666666666663,0,12,8,25.438122387216332,26.48343945432698,40.625,-0.7594379147690766,-0.651712999508217,29.260539853052034,23.57646014694797,0.030990943446011426,0.03007291284243027,0.02765394692170826,267185661.0,-0.730813115716706,0,0,-1,0,0,-0.0011843663639951672,1.5686228301234626,0.26981693023237024,0.47739269148234637,0.07088607594936702,-0.08408516780945519,0.7480401667055441,0.022458628841607577,0.0
2024-08-13,25.42,25.38,0.012568900735113563,-0.004455213180389285,0.0007902015425008826,-0.5782768794400287,0.001574803475066391,25.206,26.254,26.742,1,13,8,25.43482740772245,26.414830457273627,43.439911797133426,-0.7159438736957284,-0.6645591743457193,28.91251086136968,23.595489138630324,0.02914139486976103,0.0286089831494904,0.027543152330309902,277839764.0,-0.6274189149412158,0,0,-1,0,0,0.009456264775413791,-0.39948657590169084,0.2518331973658873,0.45415352805593406,0.044371405094494776,-0.11459421804249392,2.1613738080297256,0.017112509834775715,0.0
2024-08-14,25.38,25.42,-0.004694844304207729,-0.0038902986236203935,-0.005941788128750915,-0.2619299533825064,-0.0015748034750665122,25.05,26.107,26.645,2,14,8,25.42485878813655,26.34806720196565,32.32984293193719,-0.6768993244365973,-0.667027204363895,28.604780909868804,23.609219090131194,0.029165925840861348,0.028560303355580588,0.02748790739811674,269640740.0,-0.5821167077765729,0,0,-1,0,0,0.003147128245475936,-0.9730489735959309,0.25369627109312043,0.45338076028457863,0.04358552631578938,-0.10381355932203395,2.1380390604181776,0.019109535066981855,0.0
2024-08-15,26.54,25.38,0.01130836772887282,0.0342912632940198,0.023946188363816845,0.22026365146130042,0.04469156661781991,25.068,26.063499999999998,26.577,3,15,8,25.627611735748083,26.36044996312916,45.660377358490564,-0.5460593006644956,-0.6428336236240151,28.495161983093226,23.63183801690677,0.032620373870297155,0.029949135461192974,0.02881809945414885,279860047.0,0.39191302353122537,0,0,-1,0,0,0.016154452324665097,-0.5300108140833799,0.31501513148574783,0.47542778647021405,0.05233941316415547,-0.031740240788033613,2.1724804583905373,0.029012810851544824,0.0
2024-08-16,26.33,26.54,0.023755906415787516,0.002633065279017717,0.014250192999890573,-0.3912205731057946,-0.007944055395843447,25.195999999999998,26.020999999999997,26.55666666666667,4,16,8,25.755318692884792,26.358485449378893,50.13812154696132,-0.45407854926852664,-0.6050826087529174,28.399632070400287,23.642367929599708,0.02768427447079827,0.029943266595003237,0.026894629167384217,272949435.0,0.25981319586597584,0,0,-1,0,0,-0.004898266767143896,-1.3289261747017411,0.34085136759589096,0.4753346211077183,0.03947887879984213,-0.0312729948491538,2.0401755949390243,0.017850360805165305,0.0
2024-08-19,26.73,26.33,-0.0011365790198723255,0.009719702687983068,0.008756956778236732,0.09483080201361016,0.01507755664260972,25.499000000000002,25.9745,26.535999999999998,0,19,8,25.932533475996646,26.382454130064126,47.756874095513766,-0.34493034177290127,-0.5530521553569142,28.252453606112294,23.696546393887704,0.01828397058539964,0.02986659841416899,0.026894084274233055,280547465.0,0.6633146504589151,0,0,-1,0,0,0.001898974553741007,-1.1961405386743797,0.3391547335432388,0.47411755146796336,0.05319148936170226,-0.033622559652928374,1.4736619561256614,0.018705574261129815,0.0
2024-08-20,26.52,26.73,0.015422536267348753,-0.0009304922975260232,0.003028011397641195,0.6088154892697204,-0.00788736483316595,25.717000000000002,25.9415,26.50433333333333,1,20,8,26.039345571269983,26.391328057156763,47.008547008547,-0.272236671036751,-0.4968890584928816,28.164378882516303,23.7186211174837,0.018480817283874504,0.029672538939122105,0.026911597846730015,266580366.0,0.5204961948670237,0,0,-1,0,0,0.00224466891133553,0.3149331691257042,0.3608763154797752,0.4710369528047846,0.04327301337529499,-0.02428256070640178,1.4425241128884911,0.014894419306183996,0.0
2024-08-21,26.58,26.52,-0.002242153405689723,-0.0036222665130682366,-0.001509074588438419,-0.14846972032830147,0.002259887967437504,25.943,25.939999999999998,26.46933333333333,2,21,8,26.13764637649362,26.403500440566006,51.692307692307686,-0.20739420341114112,-0.43899008747653356,28.16101920653798,23.718980793462016,0.01832815738407956,0.02929406699426056,0.02688910803806448,278620370.0,0.5763119905636492,0,0,-1,0,0,0.007918552036199128,-0.18861719677268154,0.3549682787020685,0.465028896938873,0.047281323877068626,-0.0011273957158963732,1.3746687252595702,0.01270880361173807,0.0
2024-08-22,26.93,26.58,0.0007479431911879181,0.016015823970532788,0.005281240509861804,-0.2817775030967287,0.013081853538408406,26.113999999999997,25.8825,26.468000000000004,3,22,8,26.2817106716766,26.43746815407788,66.96750902527072,-0.1263080056598973,-0.3764536711132063,27.922405828584967,23.842594171415033,0.015645271895012,0.026524518635170937,0.026648725818140442,287703849.0,1.027008193536683,0,0,-1,0,0,0.006395786305492916,-0.8675011094864362,0.17561042703143054,0.42106367972616404,0.014694800301431776,-0.04095441595441596,0.10066432174406809,0.02339027107315272,0.0
2024-08-23,28.18,26.93,0.014842573037928849,0.0421341208490394,0.017910926566530243,0.5296351155932677,0.045371599647026625,26.399,25.93,26.489666666666665,4,23,8,26.626854185917217,26.54988956349221,91.17647058823523,0.03837557383933898,-0.29348782212269725,28.139234208836818,23.72076579116318,0.019997006953493136,0.027701719829374527,0.0277183089470129,303130435.0,2.0369049066867806,0,0,-1,0,0,0.0081693278871147,0.850165190601427,0.324194548191474,0.43975116934386976,0.07026205848841638,0.03488799118619168,1.1166311325552638,0.046841731724627404,0.0
2024-08-26,28.2,28.18,0.03794493156412347,0.00035254715683339635,0.03417271806257192,-0.5230385316977122,0.0007094714735337766,26.681,26.0245,26.506000000000004,0,26,8,26.91288069756863,26.656348301331427,90.04149377593355,0.16855928343174043,-0.20107840101180974,28.45298425761722,23.59601574238278,0.020063559412983406,0.026393931318628213,0.027699652076845993,312274032.0,1.7916525447313847,0,0,-1,0,0,0.0007097232079488848,-0.7826785318913889,0.33645117340972225,0.41899067034245613,0.05499438832772152,0.07183580387685295,1.5885026076687254,0.013829787234042573,0.0
2024-08-27,29.11,28.2,0.003539826705123987,0.03430095492555482,0.0001786831059877956,0.24495510906655202,0.03175977981346403,27.05,26.127999999999997,26.519333333333332,1,27,8,27.312356934374332,26.81464841092295,91.9439579684763,0.3412267563781306,-0.09261736953382167,28.891983395490477,23.364016604509516,0.020833965680539964,0.0266282024634665,0.027540959870544366,323955562.0,2.1577553648587187,0,0,-1,0,0,0.0035460992907801925,-0.03334789177297787,0.31514398974567653,0.42270960947405917,0.09766214177978894,0.07655325443786976,0.6445606460760044,0.047234627275850226,0.0
2024-08-28,28.68,29.11,0.023053762868323707,-0.002557764204569236,0.009778724913058477,-0.4779450359095439,-0.014881742026112268,27.380000000000003,26.214999999999996,26.531333333333333,2,28,8,27.561019309942633,26.934993674734375,83.01526717557248,0.4383169217192844,0.013569488716799541,29.188217289848183,23.24178271015181,0.022286170709458417,0.026911039016466194,0.027563230383243736,316712356.0,1.65813646275807,0,0,-1,0,0,-0.005152868430092703,-1.1921896660965823,0.38702526539182364,0.42719950055955475,0.0790067720090295,0.06458797327394206,0.08230361609529592,0.035739191073919055,0.0
2024-08-29,28.74,28.68,-0.002766253492890185,-0.00771278139960882,0.013706065904367076,-0.31173126364831866,0.0020898649194592365,27.6,26.333999999999996,26.575666666666667,3,29,8,27.775379435407608,27.051445695719256,82.85163776493252,0.5141759752290866,0.11369078601925697,29.514912811727136,23.153087188272856,0.019111304586602696,0.026266305626398975,0.02685279506666187,322015674.0,1.5127733090512572,0,0,-1,0,0,0.006973500697350045,-1.5166285305878062,0.3991333780854748,0.41696467528720993,0.0672112885258076,0.09028831562974204,0.45331469064469193,0.014265831593597778,0.0
2024-08-30,28.92,28.74,0.0017298049634182026,0.013161458254397386,0.00643648390662738,0.12724168756108933,0.006243516639685241,27.858999999999998,26.527499999999996,26.633666666666667,4,30,8,27.983492265333496,27.171997586318017,83.27067669172928,0.5821091256971158,0.20737445395482876,29.847340674683526,23.207659325316467,0.018295232604100112,0.022941286296657475,0.026791812593411405,328038607.0,1.4413342292265734,0,0,-1,0,0,0.006610995128740476,-1.2164919406266457,0.2706254125635357,0.36418162978133783,0.026259758694109347,0.15449101796407194,0.955146020762858,0.021092669432918376,0.0
2024-09-03,29.58,28.92,0.019850069966804287,0.014665243868082333,0.0127500004248966,0.4882423127565702,0.022565059992089725,28.144,26.821499999999997,26.697666666666667,1,3,9,28.273766398909224,27.327352580749114,85.01683501683496,0.6813489544034397,0.3021693540445509,30.1284513707402,23.514548629259792,0.018709918174185443,0.0180315401231451,0.026909389395029022,337852673.0,1.6683039396388568,0,0,-1,0,0,0.020401106500691556,-0.16937253312528974,0.2916444314985276,0.2862418255279495,0.04893617021276597,0.2481012658227848,-0.10224502381718126,0.022819472616632884,0.0
2024-09-04,29.51,29.58,-0.004415018209116831,0.0006691201320241941,0.00290623334736938,-0.48238330349700037,-0.002369268327805593,28.443,27.080000000000002,26.775333333333332,2,4,9,28.49853614456209,27.46816854328143,84.58961474036853,0.745752250918045,0.39088593341924976,30.37846535289209,23.781534647107915,0.018190078003863967,0.017880122621521964,0.026664387976234674,331794348.0,1.4734124752102555,0,0,-1,0,0,-0.006761325219743046,-1.10267157586006,0.2171979999384327,0.2838381472073243,0.013740982480247466,0.21240755957271995,0.40448249391560565,0.020670958996950164,0.0
2024-09-05,29.81,29.51,0.013858595979459733,0.02052372601961563,0.011034828889286346,0.19833693702094574,0.010114718735131976,28.766000000000002,27.3545,26.881999999999998,3,5,9,28.736984118278073,27.619254443714887,81.99608610567516,0.8116436968948086,0.4750374861143616,30.599178071780337,24.109821928219667,0.0179437665940235,0.017703682702190002,0.026299061837733943,339181707.0,1.5135553948208353,0,0,-1,0,0,0.00948830904778033,-0.7356393306148274,0.15258237352060205,0.2810372503199443,0.039400278940027844,0.22574013157894735,1.0171378193422507,0.030358939953035933,0.0
2024-09-06,29.7,29.81,0.0006711409647891796,-0.0045977092486294314,-0.006266427483547066,0.1403103377241533,-0.0036968618813260916,29.043,27.5785,26.936,4,6,9,28.912077914954786,27.753496092507476,83.63273453093817,0.8452436195615611,0.5490787128038015,30.821288111619406,24.33571188838059,0.01856911414880488,0.016797204217306683,0.024487928358197276,330681584.0,1.3084419499370563,0,0,-1,0,0,0.0,-0.41415111967784807,0.17064995573829245,0.26664735048095295,0.03340292275574108,0.17763679619349726,0.821596077301316,0.031986531986531966,0.0
2024-09-09,29.73,29.7,0.003014572706660646,-0.007599573994432372,-0.0017003914996501957,0.1880002611566273,0.0010095912013524963,29.198,27.7985,27.019333333333336,0,9,9,29.060791021326644,27.881012473636027,82.3275862068966,0.8643291017698544,0.6121287905970121,30.995691366120674,24.601308633879327,0.01354403127446423,0.016855603336853806,0.023713022224239808,340939820.0,1.2082479769383294,0,0,-1,0,0,0.00673400673400671,0.15576254750609403,0.17538768281051106,0.26757440776359387,0.028008298755186622,0.17370706671930525,1.1789578170968988,0.025899764547595006,0.0
2024-09-10,29.25,29.73,-0.0046932704317495565,-0.012683748145509353,-0.03922071315328127,-0.3283692142384951,-0.016277063332140844,29.303000000000004,27.992,27.11733333333333,1,10,9,29.09519265381271,27.969334249530476,77.8004073319756,0.8311416123117397,0.6559313549399577,31.037739733846784,24.946260266153217,0.015152771619408104,0.017673417569671897,0.022971213511174895,333552894.0,0.826071897096171,0,0,-1,0,0,0.0010090817356206234,-0.6590820513765605,0.15058692892191766,0.28055680623570833,-0.011156186612576002,0.15248226950354615,-0.3834942157393155,0.05196581196581195,0.0
2024-09-11,28.81,29.25,-0.012510729534065148,-0.012846694596858993,-0.0014169325785450418,0.14466260107988152,-0.015157024581428466,29.273000000000003,28.1615,27.176333333333332,2,11,9,29.04333944402858,28.023570749560772,71.07750472589794,0.7605686036216284,0.6768588046762919,30.972862471718184,25.350137528281817,0.012399945943214162,0.018333411914942265,0.02276008986841941,325016196.0,0.46134214746322844,0,0,-1,0,0,0.004786324786324805,-0.18983032216702983,0.1761612076222267,0.29103389166147414,-0.023720772619451158,0.13335955940204558,0.2825252372385432,0.04095800069420339,0.0
2024-09-12,28.87,28.81,-0.003066964407804317,0.00034019391380986304,0.0038917438116140503,-0.10548641144517751,0.0020804445784067768,29.292,28.336000000000002,27.240666666666662,3,12,9,29.011823181477926,28.07817908829879,69.40000000000003,0.7013952366579019,0.6817660910726139,30.83648753141332,25.835512468586685,0.01142187635812895,0.018267453526412982,0.0227314245242748,332698257.0,0.4271167068752973,0,0,-1,0,0,0.017007983339118432,-0.5009239785969993,0.13836044117122914,0.2899868347039118,-0.03153304260315326,0.13750985027580787,-0.360641171081155,0.0374090751645306,0.0
2024-09-13,28.68,28.87,-0.01063657308945752,-0.0023837913552762504,0.011585174335229473,-0.24508815069871143,-0.006602977943424209,29.285999999999994,28.443,27.317999999999998,4,13,9,28.951491693936482,28.11700624389242,56.34517766497463,0.6318845333483445,0.6717897795277601,30.798858095989118,26.087141904010885,0.011633382710090815,0.01597708643787867,0.022345753050395135,326686003.0,0.20120057350100515,0,0,-1,0,0,0.004156563907169984,-1.0249910846256616,0.13635735994079762,0.2536283843400587,-0.03434343434343434,0.08063300678221563,-0.05202549948754111,0.023709902370990226,0.0
2024-09-16,28.54,28.68,-0.011797499772815608,-0.01615432964363479,-0.009997452382218034,-0.3236282425589713,-0.004893403682729236,29.248,28.553499999999996,27.43433333333333,0,16,9,28.876675022311666,28.144296163641297,54.1871921182266,0.5590555261018402,0.6492429288425762,30.689076096320168,26.417923903679824,0.011483800417891174,0.0158721259038072,0.020080635290225322,322336022.0,-0.012642958519023433,0,0,-1,0,0,-0.00104602510460255,-1.505702406058876,0.12018556898834004,0.2519621875162809,-0.04002690884628324,0.08393467527535137,0.23677373235906998,0.017344078486335002,0.0
2024-09-17,28.44,28.54,0.0034843240826108427,0.004149383546811618,-0.006539935698252842,0.5134572958239659,-0.0035100071136501955,29.133999999999997,28.639,27.592333333333332,1,17,9,28.797279563709544,28.16337383050315,39.69230769230771,0.4876475514659582,0.6169238533672526,30.59669897154132,26.68130102845868,0.007764357292991187,0.01573793286524843,0.01687510983181882,315066949.0,-0.20329989737219206,0,0,-1,0,0,0.007358093903293653,-0.4824339200102884,0.09851779374845927,0.2498319390700653,-0.027692307692307683,0.06397306397306401,-0.6740234620992915,0.028125879043600595,0.0
2024-09-18,28.9,28.44,-0.0055807609091389964,0.006363423313064612,0.007068616651619037,0.17020755674184343,0.016044990183346337,29.073,28.758,27.744333333333334,2,18,9,28.815956006671442,28.21089809950295,53.35365853658536,0.46283905223310384,0.586106893140423,30.443824489839358,27.07217551016064,0.010047906939821863,0.01576500328452962,0.01652766621108549,323684805.0,0.1684635629104316,0,0,-1,0,0,0.005274261603375477,0.08746529407123993,0.14704310607636698,0.2502616686538909,0.0031239153071849213,0.08974358974358965,1.6341785933430482,0.027162629757785474,0.0
2024-09-19,28.94,28.9,0.023164389257757805,0.008025314139034971,0.015731839918414283,-0.4070146048898958,0.0013831260849513473,28.986,28.876000000000005,27.89833333333333,3,19,9,28.838509460003905,28.257936931793083,53.06748466257674,0.4413185579368992,0.5571492260997183,30.214536514263095,27.537463485736914,0.009211395749960265,0.015772559599896197,0.01650175605602613,329421147.0,0.0956268272371047,0,0,-1,0,0,0.012456747404844395,-0.9320466871533974,0.14669999816932275,0.2503816214416186,0.002424662279182588,0.0887885628291949,1.719942843120982,0.01969592259847962,0.0
2024-09-20,29.04,28.94,-0.008580797458665655,0.0006800408286556885,-0.0045193888847353285,0.12999860914310934,0.003449468753257548,28.919999999999998,28.9815,28.025666666666666,4,20,9,28.87514410363956,28.308392613612888,51.886792452830164,0.427405708469081,0.5312005225735908,29.957836331186304,28.005163668813697,0.009419755940737505,0.015636643434887635,0.01542579026329783,335953847.0,0.11983575358486938,0,0,-1,0,0,0.0024187975120939973,-0.5615134614179434,0.13273883260672525,0.2482240192110209,0.012552301255230214,0.07835128109914602,1.3656886755237556,0.02479338842975215,0.0
2024-09-23,29.63,29.04,0.001377885164607514,0.0124980515518994,0.004519388884735331,0.024787515246339546,0.020113171628878584,28.909999999999997,29.054000000000002,28.169,0,23,9,29.012390630250547,28.393657606283025,50.80385852090034,0.45870013457299663,0.516700444973472,29.994423197017667,28.113576802982337,0.011823696687665886,0.012717613468324247,0.015682167838845965,342650500.0,1.2249804169583376,0,0,-1,0,0,0.00034435261707994365,-0.4491413191582142,0.1615659568814939,0.20188585504458945,0.03819201121233351,0.05145493257629519,0.41480179333280676,0.03239959500506247,0.0
2024-09-24,29.75,29.63,0.025489910213438473,0.022077417563257,0.025005584429690173,0.2981518452024243,0.004041770406164834,28.959999999999997,29.1315,28.314666666666668,1,24,9,29.146501424750447,28.481163567167993,53.79746835443036,0.48756385719488904,0.5108731274177555,30.030136979579478,28.23286302042052,0.010457408649635801,0.01271357905412712,0.015671300727951674,351673345.0,1.3765291526049406,0,0,-1,0,0,0.005737428282146531,0.8386743387775217,0.13580839390270333,0.2018218107046809,0.04606188466947958,0.054964539007092306,0.6776006849493544,0.030084033613445364,0.0
2024-09-25,28.39,29.75,-0.0016792615197200253,-0.006753999811597424,-0.041618714614009594,0.14133826498641494,-0.04679216150675894,28.917999999999996,29.095499999999998,28.413666666666664,2,25,9,29.00895571115946,28.475282046705544,33.17535545023699,0.3961315731271995,0.4879248165596443,30.053490770208477,28.13750922979152,0.01782857413130515,0.014947596311236983,0.018239870400650338,341280704.0,-1.4728743155770998,0,0,-1,0,0,0.0,1.7672339888167323,0.39513841032184643,0.23728573522631694,-0.01764705882352935,-0.024733768464445194,-1.683439209080614,0.06674885523071503,0.0
2024-09-26,29.93,28.39,0.01633641931969338,0.044925958422602684,0.04768955956601751,0.9770059238599895,0.05282435137972777,29.023999999999994,29.157999999999998,28.56533333333333,3,26,9,29.176418309130465,28.569134817885832,52.0353982300885,0.44283127565961067,0.4789061083796376,30.163764438264845,28.15223556173515,0.025087957118271716,0.01904177903121918,0.020387982033813683,368888657.0,1.535150718456228,0,0,-1,0,0,0.0651637900669249,3.9840079046038603,0.5728626084993493,0.30227887102110224,0.03420870767104356,0.04358437935843784,-0.3809477856613287,0.06348145673237561,0.0
2024-09-27,29.53,29.93,-0.0009925559127515167,-0.03342213394111799,-0.009968824635474847,-0.8621449550905775,-0.013454626108776221,29.109,29.1975,28.665,4,27,9,29.240705889288563,28.631126119957717,48.338870431893696,0.44246401951652103,0.4716176906070143,30.19617016841304,28.198829831586963,0.025491133346075955,0.0193619202521311,0.01921063079302309,357231050.0,0.6658855155919331,0,0,-1,0,0,0.009355162044771171,0.6005055051653304,0.5920435174993788,0.3073609553508234,0.016873278236914757,0.027487821851078786,0.03728702542035564,0.03911276667795466,0.0
2024-09-30,29.63,29.53,-0.023104995666308914,-0.021470684396876768,-0.0016995245423158272,-0.1948500020821394,0.0033806658296426013,29.218,29.233000000000004,28.774999999999995,0,30,9,29.311486636690642,28.695569596089477,53.36879432624113,0.44511116619054647,0.4663163857237208,30.24057342687331,28.225426573126697,0.025332903196855546,0.01933560724987815,0.019084614003924413,366824772.0,0.7880318980463034,0,0,-1,0,0,-0.0003386386725364566,0.1341820202900956,0.5744171796265453,0.30694324938957074,0.0,0.02455048409405247,0.4715533648345946,0.018731015862301713,0.0
2024-10-01,29.88,29.63,0.0010157441198354218,0.00847814902924614,-0.011806108556297969,-0.013410206572807183,0.008401998679142762,29.362000000000002,29.248,28.880000000000003,1,1,10,29.414852702746888,28.7719844608579,59.816513761467895,0.46205566952557575,0.4654642424840918,30.285803348177563,28.21019665182244,0.02521882667065719,0.018755293031045294,0.01898907390648941,376290699.0,1.2179571420921385,0,0,-1,0,0,-0.0026999662504218125,0.11102980176187094,0.5769544871326263,0.297731046757732,0.0043697478991595595,0.01014198782961473,0.34853758242593535,0.0386546184738955,0.0
2024-10-02,29.57,29.88,0.002028398261392619,-0.018545348146970113,0.003916588646263644,-0.2892025366220356,-0.010429026400230614,29.429000000000002,29.250999999999998,28.981666666666666,2,2,10,29.44306130224745,28.82346933435094,56.140350877192986,0.4453363411467457,0.4614386622166226,30.292333153633827,28.20966684636617,0.02533666608419532,0.01890841510062767,0.019048283438591097,369202040.0,0.6126761620655653,0,0,-1,0,0,-0.009036144578313239,-0.4023463429802814,0.43132373180952505,0.300161784255835,0.041563930961606266,0.0020332090816672643,1.6350813067717924,0.016435576597903182,0.0
2024-10-03,30.51,29.57,0.015748356968139112,0.042910873686870764,0.02876218475962259,0.3757925947739394,0.03129416486419248,29.585999999999995,29.285999999999994,29.112666666666666,3,3,10,29.637050156384277,28.932277764392815,64.18604651162795,0.5021478492129461,0.4695804996158873,30.446660429063442,28.125339570936546,0.02694991498750126,0.020085542408417905,0.019716695537632355,379524156.0,2.1091440172345113,0,0,-1,0,0,0.01724721001014535,0.2512779794148057,0.2862316405524058,0.31884810096309063,0.019378549949883084,0.02348205300234829,0.9552279102132436,0.030645689937725294,0.0
2024-10-04,31.25,30.51,0.04453848406481047,0.039593453419757556,0.030675742426798717,-0.07592833680024329,0.023964877453832252,29.807,29.3635,29.256666666666664,4,4,10,29.930313764314405,29.081808231206182,69.21985815602841,0.599967146424774,0.4956578289776647,30.811886034618468,27.91511396538153,0.027559769365717947,0.020679539121848233,0.019981194707483368,389091546.0,2.6049685027471834,0,0,-1,0,0,0.030809570632579407,0.08003597941189923,0.2665823770410844,0.32827750646304876,0.058245851676261395,0.05218855218855212,-0.05264072551179196,0.04000000000000011,0.0
2024-10-07,31.04,31.25,-0.009263762143902014,-0.02611443034777585,-0.006483004878078154,-0.5920757632786079,-0.006742680867392563,29.948,29.429000000000002,29.351999999999997,0,7,10,30.132074898075423,29.20814318403159,68.1564245810056,0.65301682775684,0.5271296287334998,31.054790819720736,27.803209180279268,0.02751091733525281,0.02078571290511585,0.01849828775444305,383799078.0,1.9818047690498377,0,0,-1,0,0,-0.0028799999999999954,-0.7621882891794299,0.2941834733454541,0.3299629630207347,0.04758690516368547,0.04406323578876559,0.14794913790787506,0.019974226804123744,0.0
2024-10-08,30.67,31.04,0.0057600159253272136,0.006988592611407005,-0.008491233252363546,0.3694208622198672,-0.011991717188857793,30.040000000000003,29.5,29.43433333333333,1,8,10,30.22987946206171,29.3024565269973,62.51768033946256,0.6576225116750471,0.5532282053218093,31.214483196649457,27.785516803350543,0.028030735969111247,0.020608421851475957,0.018704004500346563,376141425.0,1.3648427727801398,0,0,-1,0,0,0.00966494845360827,-0.27124294062573306,0.3318104255518726,0.32714855479508803,0.026439089692101847,0.04854700854700855,0.6455162193340581,0.03586566677535055,0.0
2024-10-09,30.64,30.67,-0.010908032442728498,-0.006673054257333435,0.0006557377284149165,-0.13871466338478988,-0.0009786332537696184,30.264999999999997,29.591499999999996,29.485333333333337,2,9,10,30.304446832595943,29.3887496542878,62.03966005665723,0.6513435174608162,0.5728512677496107,31.345800280367765,27.837199719632228,0.02230635954813724,0.02021180387667922,0.01787473648982246,369475619.0,1.1953483810424959,0,0,-1,0,0,0.010759700032605096,-0.45647628216277736,0.30961996952682297,0.32085243963422655,0.03618532296246202,0.06351961124609518,0.51692471752676,0.028390992167101753,0.0
2024-10-10,30.36,30.64,-0.031457377589212285,-0.01865287057713155,-0.0165138426584915,-0.3701275075173862,-0.009180392344961364,30.308000000000003,29.665999999999997,29.541333333333334,3,10,10,30.314547408487588,29.451410966914395,59.11602209944752,0.6166651770654994,0.5816140496127885,31.4178399350137,27.914160064986294,0.01569077493705109,0.020401546453929106,0.0177229156596068,364871905.0,0.7923098293732802,0,0,-1,0,0,-0.019582245430809445,-0.8378064031830866,0.23221495056337985,0.32386450966936847,-0.004916420845624492,0.05161066851402829,1.839983923050911,0.02601119894598155,0.0
2024-10-11,30.62,30.36,0.0,-0.0019499518690790653,-0.001343774741515044,-0.033616634934088147,0.008527437702108617,30.417,29.762999999999998,29.604,4,11,10,30.370084243308025,29.52680380775863,57.163531114327085,0.603208754510014,0.5859329905922337,31.49973741311666,28.026262586883337,0.01488860657280054,0.02031921126658515,0.01776278625367809,369323430.0,0.9869079729929625,0,0,-1,0,0,-0.01054018445322794,-0.8430828553188914,0.1288441731545387,0.3225574790901964,-0.020159999999999956,0.06764295676429577,1.0821855698635585,0.02514696276943173,0.0
2024-10-14,30.37,30.62,0.02336016735659296,0.003572012240947044,-0.00016684741842320567,0.26557434015737347,-0.008198111171880268,30.491000000000003,29.8545,29.652333333333335,0,14,10,30.370068926342928,29.581203562096785,54.40340909090909,0.5658487795219855,0.5819161483781841,31.51090670063498,28.198093299365024,0.015358874500660147,0.020403346807325484,0.01784595127491368,363517841.0,0.622431676716092,0,0,-1,0,0,0.004245591116917015,-0.5911927126154063,0.13112618044574267,0.32389308939352157,-0.021585051546391676,0.06412053258584449,1.1639622257341338,0.029140599275600972,0.0
2024-10-15,30.49,30.37,0.008097210232619303,0.009677494882065218,0.015563228035739226,-0.07055164888878443,0.003943481942505833,30.552,29.957,29.682666666666666,1,15,10,30.391874576098758,29.63983559034861,68.10344827586208,0.5397023742804059,0.5734733935586285,31.494285372272497,28.419714627727505,0.01523361719495241,0.02034033481505651,0.01740605076782934,368927951.0,0.6934301328999036,0,0,-1,0,0,0.020744155416529436,-0.6468568979980742,0.12126895081088136,0.32289280502657103,-0.005868927290512027,0.07208157524613212,0.18381461164688154,0.023450311577566413,0.0
2024-10-16,30.91,30.49,-0.011354542102925897,0.0030067112650648676,0.0027889444703684714,0.15438846029269362,0.013680995143861573,30.686,30.057499999999997,29.729333333333333,2,16,10,30.486079198626257,29.721781681293862,60.470085470085486,0.5465711180451969,0.5680929384559422,31.566377240311187,28.548622759688808,0.014943089298986977,0.020269726241657317,0.017542356623950033,375241247.0,1.129979268325611,0,0,-1,0,0,0.005247622171203678,-0.4385943423552571,0.16124946690302858,0.3217719286727111,0.00881201044386426,0.06955017301038069,-0.10271615193954163,0.023416370106761588,0.0
2024-10-17,30.09,30.91,0.0058555795158386015,-0.013332714600467983,-0.017518213655338517,0.17424087539842983,-0.026886865502071124,30.644,30.115,29.73866666666667,3,17,10,30.414064798876026,29.74553770185555,55.49019607843136,0.4803107763447372,0.5505365060337012,31.52925077803447,28.700749221965527,0.014500824111094922,0.021359210787149523,0.018198291071625072,367726264.0,-0.03535440869227398,0,0,-1,0,0,-0.0025881591717891246,-0.2163885149717725,0.2553539851359766,0.33906695966043476,-0.008893280632411016,0.039737387698686844,-1.0679942130646276,0.027916251246261212,0.0
2024-10-18,30.98,30.09,-0.021308788558356145,0.011288621731571568,-0.0013346681994593722,0.07235114595083436,0.029148944346768776,30.617,30.212,29.781333333333336,4,18,10,30.516962108171292,29.8251804307681,61.46010186757216,0.49392092713389957,0.5392133902537408,31.581204148406304,28.842795851593696,0.01559897632974539,0.022223426413146057,0.018934706508352894,375805117.0,1.1218195634214534,0,0,-1,0,0,0.0029910269192422686,-0.11834395886600876,0.3385068121470376,0.3527859574135718,0.011757021554539504,0.0668044077134986,-0.19359013561052785,0.039703034215623,0.0
2024-10-21,30.44,30.98,0.012839682563040406,-0.01258690169322147,0.007152987331266765,-0.058754679191156005,-0.017584301995237483,30.557,30.252499999999998,29.805,0,21,10,30.502968997594692,29.864846209428226,54.530744336569605,0.4558784990953839,0.5225464120220694,31.596913391942373,28.908086608057623,0.016400905314640595,0.022320243198321082,0.019250532311351074,368187259.0,0.27893206230132556,0,0,-1,0,0,-0.013234344738540998,-0.22219734118253961,0.3624791732227169,0.3543228762314311,0.002304906157392095,0.027337158285521523,0.013956899086026247,0.020532194480946123,0.0
2024-10-22,30.49,30.44,-0.0065638568450857495,-0.001299967683882105,-0.004818485687409198,0.19381097605792277,0.0016412280066783259,30.538999999999998,30.289499999999997,29.846333333333334,1,22,10,30.50061099803202,29.905178712045764,57.77027027027026,0.42486658540030575,0.5030104466977167,31.61630026657417,28.962699733425822,0.016030320260746234,0.02231273928923525,0.018977347025256882,377434324.0,0.30223087084191924,0,0,-1,0,0,-0.002299605781865975,0.1080105380945316,0.36153144914077817,0.3542037553676194,0.0,0.0248739495798318,0.11424206196291212,0.023942276156116774,0.0
2024-10-23,30.73,30.49,0.002959068409358328,0.0012999676838820562,0.008458463233839936,-0.3247443028971448,0.007840615142229869,30.548000000000002,30.4065,29.910333333333334,2,23,10,30.542318089298924,29.958392988687976,52.107279693486575,0.4148730167172623,0.48538296070162584,31.39847357775297,29.414526422247032,0.016242204319891432,0.019373011448987065,0.018745869522207696,384117290.0,0.6522351144327772,0,0,-1,0,0,-0.0009839291571006096,-0.3770928170655823,0.34981303817077797,0.3075370226425611,-0.005823358136525347,0.08242338851708353,0.31461288703844303,0.01675886755613409,0.0
2024-10-24,29.02,30.73,0.0029503381505885233,-0.0009748172989657342,-0.05761511693743456,0.9219244201336355,-0.05725412868635149,30.413999999999998,30.361,29.915333333333333,3,24,10,30.265532982153665,29.897851505546818,31.987075928917605,0.2659051436269344,0.44148739728668757,31.515212422304586,29.206787577695415,0.02405842511851482,0.019989310199918457,0.02152780594052221,367315485.0,-2.3236623936562095,0,0,-1,0,0,-0.0058574682720468505,3.0783456863623844,0.5087784938404484,0.3173204620122663,-0.03555998670654703,-0.030404276645506156,-0.8338091392945332,0.07512060647829094,0.0
2024-10-25,29.43,29.02,-0.03939094040707563,-0.03709034420955714,0.018889739384143404,-0.5891324017009493,0.014029314789339704,30.294999999999998,30.356,29.94033333333333,4,25,10,30.113617894489362,29.867667537447026,37.40219092331769,0.17886871720429198,0.3889636612702084,31.52612639893579,29.185873601064213,0.024448610436433312,0.020064837859244844,0.021628107350486432,376637268.0,-1.582734994855571,0,0,-1,0,0,0.01206064782908344,0.5260656603102731,0.4472985616287005,0.31851942643437287,-0.05003227888960626,-0.0033863867253640656,-1.4017402365587022,0.01749915052667348,0.0
2024-10-28,30.3,29.43,0.019221633780953658,0.02663273256559898,0.01109699821173099,0.33611906891701443,0.02913315026994219,30.288,30.389499999999998,29.999000000000002,0,28,10,30.147505550036747,29.895559954385927,47.314949201741655,0.17804110428393827,0.34677914987295444,31.509396141806793,29.269603858193204,0.02650441746348108,0.021121550289946278,0.0222067508140813,389683156.0,-0.15983625027156884,0,0,-1,0,0,0.017329255861366008,1.6865685945029358,0.5164362226141457,0.33529421622805233,-0.0045992115637319975,0.022612217347283137,-1.6573807983511217,0.03267326732673274,0.0
2024-10-29,31.03,30.3,0.003001503003756558,0.023056712239976886,0.012485399238996742,-0.3230145920319923,0.023806765944965322,30.342000000000002,30.446999999999996,30.08533333333333,1,29,10,30.3079590863937,29.96874963474813,52.56916996047431,0.23359734938298615,0.3241427897749608,31.5748129744225,29.31918702557749,0.027574112943400994,0.02168137153552606,0.02252999894276298,399127900.0,1.0338593600566273,0,0,-1,0,0,-0.008910891089108896,0.47183702389010385,0.5460179604502108,0.3441811029947794,0.017710724827812552,0.03848728246318611,-1.907681818599951,0.04286174669674503,0.0
2024-10-30,31.47,31.03,0.03468934207542345,0.021909115742720062,0.040741508383948556,-0.22487527146843153,0.014080232616026525,30.398000000000003,30.542,30.171,2,30,10,30.519239252503937,30.065604497022445,57.16129032258064,0.309561959083009,0.32122662363657045,31.678821052442096,29.405178947557907,0.027593440781502648,0.021632039173580843,0.0224931695305198,406670622.0,1.632622826620756,0,0,-1,0,0,0.0019336126329358271,-0.17812044048756318,0.5506517298263482,0.3433979760270126,0.024080702896192685,0.06425431180250252,-2.031940548341466,0.024785510009532927,0.0
2024-10-31,30.58,31.47,0.012148487005652958,-0.005037794029957181,-0.017866318991962598,-0.1394410089621498,-0.028688510575399274,30.447000000000003,30.545500000000004,30.225666666666665,3,31,10,30.53028666113958,30.09879130366616,49.76133651551311,0.29455346857352893,0.31589199262396217,31.682337256330392,29.408662743669616,0.027800544992163678,0.021644790455438462,0.023211316794644204,400109628.0,0.0606947033234241,0,0,-1,0,0,0.0,-0.45131723956930586,0.36186263066764796,0.3436003963511679,0.053756030323914405,0.0022943297279578445,-1.7681047036156157,0.03826030085022885,0.0
2024-11-01,30.61,30.58,-0.023469972965865712,-0.020408871631207123,0.0006553080182081126,-0.06335125581604026,0.0009805524564049292,30.410000000000004,30.513500000000004,30.278,4,1,11,30.54477999547784,30.13177250988125,51.47058823529411,0.2818311074213895,0.30907981558344766,31.60183576475946,29.425164235240548,0.02606149781438199,0.02090436180513786,0.02321073266701906,406267867.0,0.17733497901049627,0,0,-1,0,0,0.005232177894048402,-0.5314627708370878,0.36611088687289295,0.33184645591747225,0.04009514101257228,-0.020480000000000054,-1.1669785566993836,0.016661221822933617,0.0
2024-11-04,29.91,30.61,-0.006200052492845437,-0.006464146619889238,-0.02085132635014587,-0.09890194940208986,-0.023133880315464466,30.357,30.457,30.287333333333333,0,4,11,30.429365450845502,30.117464606017947,46.68192219679635,0.21281123919767708,0.2898261003062936,31.547573967670203,29.366426032329798,0.026498037447361438,0.021448841188978433,0.02337529738959881,400689540.0,-1.0031414946912032,0,0,-1,0,0,-0.001960143743874509,-0.7378285351378031,0.3617282593666356,0.34048979817933533,-0.012871287128712883,-0.036404639175257714,-0.10038560625922731,0.03142761618187901,0.0
2024-11-05,30.63,29.91,-0.019501526968585602,-0.006506203822738167,0.0010028414679667992,0.037825422224671626,0.02378704820282723,30.371,30.455000000000002,30.316666666666666,1,5,11,30.465844459782684,30.150531405629696,48.45132743362831,0.21374654199451015,0.27461018864393694,31.544074933390206,29.365925066609798,0.02770899989478719,0.02204189530842785,0.023760492251495104,406482911.0,0.32137366242603005,0,0,-1,0,0,0.0016716817118020966,-0.6250214850720721,0.36163517992358496,0.34990424046372864,-0.012890750886239144,-0.0013042060645582776,-0.10107168325813361,0.023179888997714688,0.0
2024-11-06,31.39,30.63,0.049489264900183697,0.04029966491840819,0.03464189454946333,0.34477816455932975,0.024509450009178424,30.437,30.4925,30.416666666666668,2,6,11,30.633872739822195,30.230497121395523,57.23830734966593,0.2726702516843993,0.27422220125202945,31.657405688530357,29.327594311469642,0.02868927940076064,0.022715427468391742,0.02240425695380296,414661278.0,1.540897274065656,0,0,-1,0,0,0.027750571335292244,0.1603961333025176,0.3983302845358613,0.3605962320353404,-0.0025421035907212675,0.024477806788511858,-0.09000819060950765,0.02914941064033129,0.0
2024-11-07,31.26,31.39,-0.01021720254665494,-0.009448889197932396,0.0020955919654170887,-0.36904240075814,-0.004150045860531591,30.661,30.5375,30.461000000000002,3,7,11,30.74771405985452,30.29691666195065,51.70316301703164,0.3053578276330633,0.28044932652823623,31.74943842123043,29.325561578769573,0.02056216822858682,0.022620028531995746,0.020288985761780835,409006787.0,1.1923048025269738,0,0,-1,0,0,-0.007327174259318268,-0.7297463346897695,0.32062172027426566,0.3590818208690772,0.022236756049705875,0.029644268774703608,-0.28616632460627106,0.01759436980166349,0.0
2024-11-08,31.78,31.26,0.006716801200039365,0.008821733329147688,0.0064205678029227616,-0.3285181954679954,0.01649783611523939,30.895999999999997,30.595499999999998,30.536,4,8,11,30.93540241260824,30.392599457953835,58.170731707317074,0.36896937200728175,0.29815333562404533,31.928995209476394,29.2620047905236,0.020664880584229075,0.0228198923336402,0.020262681025591957,413077963.0,1.7765343161076705,0,0,-1,0,0,0.003518873960332675,-1.2613384739885953,0.3287356635075464,0.3622545603604882,0.03822280300555381,0.03788373612018292,-0.9440602718729666,0.019823788546255473,0.0
2024-11-11,32.65,31.78,0.016753987588212133,0.03270887082747999,0.014297304700824394,0.5580932719605217,0.02700769461387,31.130999999999993,30.709500000000002,30.636666666666667,0,11,11,31.24714742849765,30.538238202601978,61.973392461197335,0.48400440680751444,0.3353235498607392,32.3223885496823,29.0966114503177,0.02042044705706434,0.023355112100695113,0.02075997075009789,420191682.0,2.406241894868961,0,0,-1,0,0,0.0037759597230962063,-0.24070360840509242,0.20437153928474616,0.3707509107628475,0.09160815780675358,0.07507408626934464,-1.7568361288919152,0.037978560490045894,0.0
2024-11-12,32.03,32.65,0.009981367958029353,-0.012217622958602526,-0.004590964006874123,-0.08311966935022841,-0.019171892101373208,31.231,30.7865,30.708333333333332,1,12,11,31.389484259679897,30.634480899208302,56.914893617021285,0.5191571616303996,0.37209027221467134,32.49921744682055,29.073782553179452,0.02110746864456195,0.023908616897361824,0.02113332435503756,413645346.0,1.4520783942598432,0,0,-1,0,0,-0.01316998468606431,-0.46382382170838354,0.31768700559827895,0.3795375270116164,0.04570682337577536,0.050508363397835376,-0.7412245216746044,0.030758663752731782,0.0
2024-11-13,32.38,32.03,-0.010608523826814075,0.01857261484097978,0.010253137045653449,0.09132115923730115,0.010867984628422268,31.321999999999996,30.860000000000003,30.802000000000003,2,13,11,31.569578030647186,30.747095034743253,70.89552238805973,0.5687024007465631,0.41141269792104973,32.7152684583756,29.004731541624405,0.02094696539500824,0.023847847945651635,0.021042239136037307,420817648.0,1.638576878874828,0,0,-1,0,0,-0.00468310958476435,-0.26016964835236384,0.28847907290189756,0.37857284980966094,0.03153870659445679,0.04755742478162417,-0.4853789436608809,0.03922174181593575,0.0
2024-11-14,32.42,32.38,0.02079851473256392,-0.0022650066308520134,0.012778730848169481,-0.1354880077183509,0.0012345680580409908,31.506,30.976499999999998,30.865666666666666,3,14,11,31.72420020689315,30.855024387340464,69.49152542372885,0.6042298399316302,0.4499761263231658,32.91876427818856,29.03423572181143,0.017899062960113257,0.0228503115883725,0.020340830030641324,427081145.0,1.4864094615860102,0,0,-1,0,0,0.005250154416306195,-0.5556068302649673,0.2784992522227364,0.3627374510590257,0.03710812539987196,0.07743436357593891,-0.7674015977202677,0.024213448488587405,0.0
2024-11-15,32.6,32.42,-0.009259325412796712,-0.012626622458700535,-0.016549948391248796,-0.0019266581631222448,0.005536772065131893,31.704999999999995,31.057499999999997,30.910666666666668,4,15,11,31.883436532912576,30.967603459124952,66.47564469914042,0.6395378923993427,0.4878884795384012,33.131061644790975,28.983938355209023,0.017814704043071065,0.02205170990819883,0.019924816388795695,433332586.0,1.4877782909178912,0,0,-1,0,0,-0.00524367674275144,-0.5237930442705621,0.26628573904714686,0.3500600424049985,0.025802391441158035,0.05229180116204013,-0.28170910879112054,0.02760736196319003,0.0
2024-11-18,32.33,32.6,0.010794245130880615,0.0036674857733646547,0.008465327242131764,0.11151618694921712,-0.008316696635320309,31.947000000000003,31.152000000000005,30.953666666666667,0,18,11,31.964629890564833,31.05550001014915,59.969325153374214,0.6383742538210591,0.5179856343949327,33.27865885716259,29.02534114283742,0.015606792914517918,0.021702411827684894,0.01994934845515924,426343651.0,1.107841058788052,0,0,-1,0,0,0.0,-0.2550011634358867,0.1882783628791287,0.3445151072781659,-0.00980091883614087,0.06208935611038102,-0.6683952440434339,0.023198267862666256,0.0
2024-11-19,32.36,32.33,-0.021079515791053934,-0.006887606626858277,-0.008937730998653593,-0.4982794621064799,0.0009275004529492724,32.120000000000005,31.245500000000003,31.009999999999998,1,19,11,32.03651536500759,31.139661299816947,57.28314238952537,0.6325808132959523,0.5409046701751367,33.413637449519996,29.07736255048001,0.014630871173634992,0.02170577349220038,0.019787406974481992,430589954.0,1.0280713524382301,0,0,-1,0,0,-0.012681719764924115,-1.0940722615974796,0.11217824979630994,0.34456847204796115,0.010302841086481385,0.06133158412594297,-0.4435754756445567,0.02503090234857845,0.0
2024-11-20,31.77,32.36,0.009975145056819524,-0.007244733035930714,-0.009336249475963704,0.4184558148425469,-0.018400643908866143,32.158,31.297500000000003,31.047666666666665,2,20,11,31.988058025915297,31.180328312731984,60.240963855421704,0.57376736771878,0.5474772096838654,33.46346520359143,29.131534796408577,0.01468407740932901,0.02218997121372167,0.020124256614525996,424137216.0,0.43629509764656943,0,0,-1,0,0,-0.003708281829418957,-0.3411124821895416,0.1513387012974927,0.35225487258713784,-0.018838789376158238,0.03384315001627081,-1.0044260905502762,0.027384324834749795,0.0
2024-11-21,31.79,31.77,-0.015630202540164593,-0.0026334148903112012,0.00507454308107675,-0.22483426266745968,0.0006293266412865408,32.211,31.436,31.095333333333333,3,21,11,31.952047475748877,31.219661969975082,60.17241379310345,0.5227452395005514,0.5425308156472026,33.32536525125299,29.54663474874701,0.014564629112793923,0.017602343193455272,0.02002656594351853,429290686.0,0.3747290258093118,0,0,-1,0,0,-0.0009442870632672691,-0.8577355521020368,0.15013530663055044,0.279428535491359,-0.019432449105490468,0.09545141281874558,-0.9844500134167473,0.01966027052532243,0.0
2024-11-22,31.97,31.79,0.0037735893836394877,-0.0029514584532168986,0.0022120407186986797,0.14248185868761715,0.005646188149038649,32.230000000000004,31.563,31.14033333333333,4,22,11,31.95531157106726,31.268070875137983,69.50757575757575,0.4911724012725891,0.53225913277228,33.21062157127045,29.915378428729547,0.013709198499110276,0.017465342784370085,0.0199994149704648,435233318.0,0.4940454860471014,0,0,-1,0,0,0.002201950298836121,-0.39582308219638374,0.15057223790999308,0.27725372141963783,-0.01932515337423324,0.0863064899762147,-0.9729954989538917,0.01438848920863312,0.0
2024-11-25,32.43,31.97,0.016498428701335527,0.01589662304525393,0.016901810802603254,0.253710753597294,0.014285957247476652,32.208,31.6695,31.209,0,25,11,32.041618558145935,31.34303404448392,67.92828685258965,0.4975335975182311,0.5253140257214702,33.24725957077374,30.091740429226256,0.011303343561403348,0.016618967945828206,0.020042215608115078,442892176.0,0.9640252090209739,0,0,-1,0,0,0.0131373162339694,0.9659525724182394,0.18958024342218185,0.2638179373872923,0.003093102381688917,0.07029702970297036,-0.9923236766707729,0.013413506012951042,0.0
2024-11-26,31.96,32.43,-0.01587087926122368,-0.008765915416467622,-0.013435602826116942,-0.24528060986754135,-0.014598799421152636,32.201,31.716,31.258,1,26,11,32.02677882030122,31.38283829967851,56.025369978858365,0.45935466469053665,0.5121221535152836,33.26902624779041,30.16297375220959,0.01055606253983995,0.016344116638206646,0.02027409063479906,436899235.0,0.3142252107421293,0,0,-1,0,0,-0.016959605303731137,-0.2604817923902417,0.21779461792795932,0.25945480814236693,-0.012360939431396711,0.029970995810505885,-0.06985428454359327,0.018147684605757143,0.0
2024-11-27,32.36,31.96,0.001880288864852128,0.0,-0.002519686372455337,-0.37759876073041043,0.012437971292217053,32.199,31.7605,31.30633333333333,2,27,11,32.08736448933736,31.445880990021834,60.999999999999986,0.45611641629629673,0.5009210060714863,33.33470623273064,30.186293767269365,0.010751709883445556,0.016280839250489756,0.02024966796722938,441007429.0,0.7616536989058923,0,0,-1,0,0,-0.0006257822277847176,-1.7926577319399226,0.18379590458173037,0.2584503107532907,0.018570978910922298,0.028280902446774725,-1.1280450964274162,0.02039555006180459,0.0
2024-11-29,32.36,32.36,0.014299280011417346,0.007386921863074773,0.014402252700679127,-0.43274793905733694,0.0,32.193,31.8495,31.381999999999998,4,29,11,32.13693458218511,31.504856410020427,56.47321428571428,0.44838141922050667,0.4904130887012904,33.341830921396884,30.35716907860311,0.010742909754163307,0.014708390810707713,0.01953992274275095,441007429.0,0.6841646081046822,0,0,-1,0,0,0.0012360939431396523,-2.4141546504065876,0.18452013432084582,0.23348846562648184,0.017930166719094087,0.058207979071288385,-1.0665504149577316,0.013597033374536395,0.0
2024-12-02,33.0,32.36,-0.0009263548601307883,0.023936910181426994,0.004651892401959575,1.3930725301001414,0.019584469276189394,32.233000000000004,31.969,31.449333333333332,0,2,12,32.29385556724236,31.601317286793304,54.11764705882355,0.48826560761730775,0.4899835924844939,33.425757755395324,30.512242244604675,0.01239429304030873,0.015170209822348572,0.019151635645985272,451740268.0,1.4154721279931852,0,0,-1,0,0,0.00030902348578485815,2.673680127548154,0.21847421945834777,0.240819615159622,0.032217704097591504,0.07807905913100299,-1.0126445635660848,0.032727272727272674,0.0
2024-12-03,32.98,33.0,0.02109202445472538,0.0074571561080819995,0.013827229057828582,-0.32559745726269074,-0.0006062443350275067,32.297999999999995,32.122499999999995,31.534,1,3,12,32.418609100471016,31.690264558613094,63.01369863013691,0.5123541813456569,0.4944577102567265,33.28249773139929,30.9625022686007,0.011965930361899968,0.01386524093530413,0.018797401166073178,443990130.0,1.478451167254626,0,0,-1,0,0,0.0018181818181818871,0.8628325560700817,0.20986033112991262,0.220103876296844,0.016959605303731085,0.10264125710464711,-0.13763801402880757,0.026682838083686947,0.0
2024-12-04,34.15,32.98,0.004225783529564797,0.014749529926062207,0.009415407444767269,0.06135061473745217,0.03486126888534632,32.477000000000004,32.298500000000004,31.656,2,4,12,32.73340744583992,31.84895716773483,69.79865771812074,0.6187215347642123,0.5193104751582237,33.56800093800203,31.02899906199798,0.015933374036609573,0.014888103396831573,0.019715153968200887,452230632.0,2.916894260691036,0,0,-1,0,0,0.006670709520921953,1.0417583283565108,0.23871624095839586,0.2363413144885939,0.06852315394242803,0.11492001305909239,0.7076487811814103,0.031332357247437784,0.0
2024-12-05,34.84,34.15,0.06585542472361881,0.056084142531985647,0.03883695428868427,0.6369626547356443,0.02000356596750316,32.784,32.471,31.793,3,5,12,33.11642427386902,32.04192767304227,73.63281249999996,0.750049557701665,0.565458291666912,34.10575283823396,30.83624716176603,0.01409968650334735,0.014607509182735325,0.01992665955506556,467811191.0,2.8982974607455043,0,0,-1,0,0,0.03836017569546127,3.2497628091604076,0.2430575300409472,0.2318870194296602,0.07663782447466017,0.10990761388977388,0.20223482957588193,0.04965556831228463,0.0
2024-12-06,34.18,34.84,-0.007359218042010359,-0.024381199290506975,-0.00964214920963261,-0.8338083973493229,-0.01912547429685735,33.023,32.617000000000004,31.965,4,6,12,33.309801678620104,32.17986782316857,64.1071428571428,0.7917447374081945,0.6107155808151685,34.316648260827755,30.917351739172258,0.016585153090101085,0.015462524555387177,0.017029976676195824,461043124.0,1.839204070657298,0,0,-1,0,0,0.010332950631458077,-0.006239027565343954,0.33600152199465116,0.24545996768870432,0.05624227441285545,0.09341010876519507,-0.5830735075168,0.03481568168519596,0.0
2024-12-09,33.9,34.18,-0.022989518224698833,-0.022088983699009503,-0.007367058514747588,0.021874183133454128,-0.00822566330104027,33.215999999999994,32.723,32.114000000000004,0,9,12,33.41711046432554,32.290844092641564,63.99286987522279,0.7930529866095171,0.6471830619740382,34.466717746355656,30.979282253644346,0.017309121069109992,0.015441045844599736,0.017132251561778822,454125380.0,1.3499891280683622,0,0,-1,0,0,0.006436512580456374,-0.0036314281217924528,0.3493303019950579,0.24511900372534923,0.027272727272727337,0.06670862177470105,0.477221977191005,0.01976106194690261,0.0
2024-12-10,33.44,33.9,-0.011696039763191187,-0.008150901490708538,-0.015499565132861165,-0.053184623909145946,-0.013662226169903716,33.31699999999999,32.762499999999996,32.218666666666664,1,10,12,33.42127219808453,32.36498318343889,58.94039735099335,0.7483451706093049,0.6674154837010915,34.534811900792974,30.99018809920702,0.01804806990442822,0.01478802363693318,0.016794781898249213,447565941.0,0.7645381150991221,0,0,-1,0,0,0.0029498525073746733,-0.12902324547545335,0.3749908707317438,0.2347525975528207,0.013947847180109108,0.024196018376722694,0.7226046085939162,0.027212918660287192,0.0
2024-12-11,33.58,33.44,-0.016607736399660636,-0.003808412395684357,0.0032988483957211074,0.2179215988723677,0.004177863432894006,33.479,32.839999999999996,32.303666666666665,2,11,12,33.45013179843279,32.44337136515251,66.18962432915916,0.7159576205167184,0.6771239110642169,34.6130022115365,31.066997788463496,0.016944376290271686,0.014001641816598194,0.016337216745496673,455722535.0,0.8347423316056791,0,0,-1,0,0,0.0,0.4440154820752333,0.2488101660992291,0.2222691731599288,-0.016691068814055687,0.04839213237589757,0.8946335068484623,0.019952352590827924,0.0
2024-12-12,33.23,33.58,0.005665737535677521,-0.008844397275398808,-0.00525329538334565,-0.43372192099406937,-0.01047756928289192,33.565999999999995,32.8825,32.36233333333333,3,12,12,33.41010783508138,32.4941215996588,62.16216216216211,0.6545034702103791,0.6725998228934493,34.649815835714115,31.115184164285886,0.017373887672302683,0.014135214947582363,0.01636192521704894,450436308.0,0.39325172442602296,0,0,-1,0,0,0.0014889815366290729,-0.5977802559136034,0.13645777795970057,0.22438958087847502,-0.04621125143513216,0.026250772081531704,1.0210790080723344,0.016400842612097555,0.0
2024-12-13,33.02,33.23,-0.014677513753761494,-0.011316380441913233,-0.011350859668689563,0.10371884959378155,-0.006339643874520788,33.632,32.9125,32.443666666666665,4,13,12,33.339179137793856,32.52804923839049,58.823529411764724,0.5821447658938936,0.6545088114935382,34.667083471340895,31.157916528659108,0.017600153862430596,0.014240145509933109,0.015427588516512688,444572357.0,0.12253620503770915,0,0,-1,0,0,-0.0027083960276857153,-0.37352348356664367,0.10702129066475834,0.2260553019159364,-0.03393797542422461,0.018507094386181366,1.3603592478338744,0.01635372501514231,0.0
2024-12-16,32.69,33.02,-0.0042334505319366784,-0.0023988017499748,-0.006719634325390174,-0.31090068568999657,-0.010044217755862882,33.601,32.917,32.513,0,16,12,33.22114656728588,32.53849767462336,52.233676975944995,0.49249455862720737,0.622105960920272,34.668668077188,31.165331922812,0.0167880475154394,0.014402701608454702,0.015598361980569679,440275332.0,-0.25918152297941427,0,0,-1,0,0,-0.0006056935190794405,-0.9016027729036074,0.10917353849996757,0.2286357999806467,-0.035693215339233086,0.0027607361963188914,1.5075088284301723,0.020801468338941566,0.0
2024-12-17,32.81,32.69,-0.014959827150666303,-0.005720322688529464,-0.006765093451773443,0.23173128225240014,0.0036641262368912325,33.584,32.940999999999995,32.60966666666666,1,17,12,33.14639264596117,32.556013953679916,57.76965265082265,0.4262159682202338,0.5829279623802643,34.67183369020994,31.21016630979005,0.016848416823307073,0.014278102599203164,0.014856021388910375,445692939.0,-0.15137214018997197,0,0,-1,0,0,-0.00550627103089629,-0.46141838479312913,0.11452006306570599,0.22665785202813907,-0.018839712918660156,0.01484689143210649,0.40748209192488427,0.021639743980493776,0.0
2024-12-18,32.47,32.81,0.009185612657196416,0.017953803616595845,0.0009252120937561188,0.47705343118529375,-0.010416760858255828,33.416,32.9465,32.671,2,18,12,33.02341216487732,32.55046466634573,51.016635859519404,0.3423086285199446,0.5348040956082004,34.67024469962392,31.222755300376082,0.01134194739248065,0.014495713998386527,0.01451372583094841,436963443.0,-0.5528660945022342,0,0,-1,0,0,0.0,0.6652228229140894,0.09584815468742117,0.23011232589629096,-0.03305539011316261,0.0033992583436341928,1.8413345051654337,0.039421004003695755,0.0
2024-12-19,32.78,32.47,-0.000914773657326654,-0.01931342313263525,-0.0026236607379827924,-0.17610441210334304,0.009501987200929185,33.21,32.997,32.717333333333336,3,19,12,32.9791554076269,32.565273397549234,53.67132867132867,0.29739765150667097,0.4873228067878945,34.63254079258767,31.361459207412327,0.008964635507964152,0.01395028409126105,0.013944529393792138,444283391.0,-0.2653556560416596,0,0,-1,0,0,0.009547274407145128,0.13298344588509053,0.1410070534245477,0.22145389454506453,-0.013541980138429,0.0317909977966635,0.7147822394449123,0.021964612568639595,0.0
2024-12-20,33.28,32.78,-0.0076558328304235125,0.010933211310366613,0.005394171976030757,0.7186352706786644,0.015138042637324165,33.12,33.0715,32.784666666666666,4,20,12,33.03385442442201,32.61138479125574,52.5089605734767,0.29870788146485694,0.44959982172328705,34.60830838103117,31.53469161896883,0.009962310458318791,0.014273056867976006,0.014120574990643842,459301226.0,0.2713415707169697,0,0,-1,0,0,-0.00762660158633313,2.3422394865183542,0.18296712819853922,0.22657775352808188,0.007874015748031482,0.04687008493236866,-0.06831319692800819,0.027301682692307688,0.0
2024-12-23,33.86,33.28,0.021290341881242677,0.013113948472467635,0.020387135437182874,-1.146035743339155,0.01727776075198138,33.116,33.166,32.854,0,23,12,33.18406271089073,32.69194061117472,57.16612377850162,0.3425981427544329,0.4281994859295163,34.649117626739134,31.68288237326086,0.011539665498442769,0.014652493859329175,0.014149277365876097,464075313.0,0.9358664309396254,0,0,-1,0,0,-0.0015024038461539742,-0.8005575267563642,0.17674138182003643,0.23260112903211616,0.03579076170082596,0.05911792305286201,-1.1225233205711767,0.02008269344359125,0.0
2024-12-24,34.35,33.86,0.018190452371519773,0.014940954660321028,0.016578678571390865,-0.742400535293432,0.01436764196336924,33.20700000000001,33.262,32.91066666666667,1,24,12,33.39605130891059,32.79891218464732,51.83150183150185,0.41216916635448086,0.4249934220145092,34.79233329703282,31.731666702967182,0.011296055760186764,0.014655901661223141,0.01354097373015954,466347635.0,1.4219124711061812,0,0,-1,0,0,-0.0005906674542231548,-1.4006123651356357,0.18011156107039844,0.23265522621008902,0.04693690947881746,0.059204440333024966,-1.9014830719008313,0.018486171761280874,0.0
2024-12-26,34.19,34.35,0.0002954646202613178,-0.002328967573816479,-0.00014813717529501479,0.26263078109574256,-0.004668815017148535,33.267999999999994,33.3735,32.98266666666667,3,26,12,33.54040561638139,32.88865978563782,43.407707910750474,0.449215761296351,0.42983788987087757,34.82745685160287,31.91954314839713,0.011514844367283797,0.014196534731277168,0.01302593378997169,463392829.0,1.1231419957199857,0,0,-1,0,0,-0.01455604075691412,-1.1218166629613404,0.1413162908784915,0.22536300226710337,0.052971974129966126,0.06977471839799732,-1.7092201007788097,0.016379058204153328,0.0
2024-12-27,34.04,34.19,0.0011809862606759623,-0.002334404328264532,0.0013324452337786948,-0.044171288182908934,-0.004396899946036468,33.349000000000004,33.457499999999996,33.038,4,27,12,33.631240958857504,32.96293979946764,48.41628959276018,0.4611557913927271,0.43610147017524753,34.858054401508895,32.0569455984911,0.010943413798986048,0.014132874249115388,0.01297450901390854,460565700.0,0.8318134581169314,0,0,-1,0,0,-0.008774495466510593,-1.1193314754825676,0.17682859566753106,0.22435242344224818,0.03843807199511895,0.05191594561186652,-0.5650399718596755,0.012779083431257202,0.0
2024-12-30,33.56,34.04,-0.005918928200498532,-0.008655522386372162,-0.017461827163662225,0.5733288286028864,-0.01420142210616785,33.403,33.5175,33.076,0,30,12,33.61828805724705,33.001459812405216,46.32034632034637,0.4269645808825615,0.4342740923167103,34.819431763110636,32.21556823688936,0.01187449900347736,0.014614409003295322,0.013293650338434415,455549912.0,0.065287599863853,0,0,-1,0,0,-0.01028202115158641,-0.5678246311832538,0.21556803123658394,0.23199655068541655,0.008413461538461675,0.03708281829419047,0.2386099003345449,0.02160309892729444,0.0
2024-12-31,33.62,33.56,-0.00446230102339868,0.0004419238489834582,0.0095895250894819,-0.41123335110632364,0.0017862463814640643,33.495999999999995,33.5485,33.11,1,31,12,33.61859931956577,33.04136563095972,52.13270142180094,0.4000972269970191,0.4274387192527721,34.827879372568674,32.26912062743132,0.011149108990984776,0.013998290125472239,0.013269264827052275,458874538.0,0.11177294480908537,0,0,-1,0,0,-0.000595947556615111,-0.9468684965883236,0.16704370269491733,0.22221596671278412,-0.007088009450679333,0.018787878787878798,0.675951379391677,0.012492563950029796,0.0
2025-01-02,33.37,33.62,0.0026797693571155145,-0.0023591871750250075,-0.00808508671335565,0.028088608690402608,-0.007463835217186929,33.552,33.568,33.144666666666666,3,2,1,33.57339944328108,33.06256784831716,47.575057736720545,0.3545447733602316,0.412859930074264,34.82254290271144,32.313457097288556,0.01160387115908135,0.014122893396217563,0.01324949214318237,455455204.0,-0.31565281597315337,0,0,-1,0,0,0.0002974419988103842,-0.8435291736777302,0.09134786487441508,0.2241939823144084,-0.028529839883551844,0.01182534869617946,-0.33137345537161284,0.018279892118669448,0.0
2025-01-03,33.61,33.37,-0.006264002584930628,-0.0053286094112188764,-0.027741452817871923,0.4865193319649954,0.007166348973731813,33.666000000000004,33.541,33.18633333333334,4,3,1,33.58005408995725,33.097886051651535,54.50236966824647,0.3339604319255898,0.3970800304445292,34.765691583089826,32.31630841691017,0.010871884636655003,0.01165608439254235,0.01329531027182384,461017245.0,0.11268143090510918,0,0,-1,0,0,0.0014983518130058217,-0.2083971260468514,0.13063534339270413,0.1850346033806906,-0.016964024568587255,-0.015812591508052698,0.020058407186804045,0.03986908658137448,0.0
2025-01-06,33.83,33.61,0.014555432970299502,0.02114616239092745,0.0426626487808467,-0.09951763937575119,0.006524341055602701,33.771,33.490500000000004,33.255,0,6,1,33.62549880087411,33.145119209609504,59.5744680851063,0.33157713955456813,0.38397945226653707,34.56356692782226,32.41743307217775,0.010727145976669485,0.010727962721100319,0.012797219868127265,466052416.0,0.6327657505743756,0,0,-1,0,0,0.00892591490627781,-0.2633678857743572,0.14735856715860557,0.17030112860641933,-0.006169212690951831,-0.028989667049368673,-0.6797565729205172,0.019213715637008532,0.0
2025-01-07,32.88,33.83,0.001178897867158099,-0.002036364340059341,-0.03588505043961421,0.5083474858535412,-0.028483412604637763,33.731,33.4255,33.291333333333334,1,7,1,33.489953564351545,33.12801474447341,51.95876288659799,0.25014775505243847,0.35721311282371737,34.48004355304568,32.37095644695432,0.013670496538859768,0.011667241795974375,0.013939394363970771,457681235.0,-1.0345708309998383,0,0,-1,0,0,0.0035471475022171017,0.8778948199805199,0.23299623112435425,0.18521172166924077,-0.020262216924910592,-0.03803393797542409,-1.4813832947260177,0.05383211678832126,0.0
2025-01-08,32.88,32.88,-0.038431628391726314,-0.04344628528135032,-0.012668174977376623,-0.38793335766996523,0.0,33.632999999999996,33.3745,33.32166666666667,2,8,1,33.37905291628763,33.112013793217066,50.7399577167019,0.18349911756441628,0.32247031377185714,34.43107789211795,32.31792210788205,0.012058484737732696,0.011577143609112588,0.013915458242224496,457681235.0,-0.9360407854242575,0,0,-1,0,0,-0.006386861313868638,-0.04019281804798626,0.23053174090023124,0.18378145729315606,-0.022010707911957028,-0.030088495575221086,-1.423920140015644,0.021897810218978284,0.0
2025-01-10,33.12,32.88,0.011564340684716345,0.021066081461415434,0.016345776425353696,0.5299772248627532,0.007272759329079657,33.510000000000005,33.35850000000001,33.34466666666666,4,10,1,33.33195238605351,33.11252903236435,57.01943844492441,0.14833566520127306,0.2876433840577403,34.42057889488237,32.296421105117645,0.011086822043509477,0.011367063270375337,0.013739859652470258,467330086.0,-0.44911917777337224,0,0,-1,0,0,0.005170316301702998,1.2422639275332785,0.2415980048914438,0.1804465353032982,-0.007491759065028414,-0.009569377990430672,-2.0298131822794314,0.02687198067632852,0.0
2025-01-13,32.66,33.12,-0.009729477784606134,-0.01772616640890464,-0.01324114803905645,-0.24398722762406264,-0.013986241974739952,33.35699999999999,33.3125,33.368,0,13,1,33.20977922495287,33.08333361092149,48.74476987447694,0.08240036018511887,0.24659477928321605,34.41317682527228,32.21182317472772,0.011560357554208952,0.01169543521096795,0.01371711744630473,459770234.0,-1.1856341207848944,0,0,-1,0,0,-0.011775362318840597,0.554731516358101,0.24066935255752372,0.1856592782573366,-0.028265397203213416,-0.0273972602739726,-0.9265928885015174,0.02235150030618506,0.0
2025-01-14,33.13,32.66,0.006699172435427222,0.0066465501481651505,0.0141584390374835,-0.1210335317535179,0.014288128769485592,33.266000000000005,33.3075,33.39366666666667,1,14,1,33.195273911325074,33.08634434570075,48.421052631578966,0.0672954874780487,0.2107349209221826,34.410660531338024,32.20433946866197,0.013015477777537138,0.011991661236742487,0.013776421941897815,466468295.0,-0.3218026659904241,0,0,-1,0,0,0.008879363135333935,0.23946972898911098,0.27028513344725114,0.1903617206337232,-0.02069169376293223,-0.0030093289196507778,-0.5918090562644976,0.014790220344099063,0.0
2025-01-15,32.8,33.13,0.021615972224466956,0.013756197784327967,-0.0013762522242607683,-0.11812993126755064,-0.010010700921706625,33.19,33.296499999999995,33.40833333333333,2,15,1,33.123405927447784,33.06787051694587,38.22222222222219,0.02836949903259267,0.1742618365442646,34.41599753767008,32.17700246232991,0.01267130629442133,0.01211831426162027,0.013917561822502799,460516528.0,-0.8870050773551857,0,0,-1,0,0,0.0162994265016601,-0.014212026768865293,0.18640831329808075,0.19237227507344734,-0.0024330900243311193,-0.0066626287098729975,0.10724472266501085,0.030335365853658678,0.0
2025-01-16,32.16,32.8,-0.04557289192204811,-0.041385216162854364,-0.04619216469484885,0.4847640884487389,-0.019705071079332444,33.044,33.269999999999996,33.38033333333333,3,16,1,32.948241213366366,33.00929822553001,26.45161290322575,-0.05350550045069724,0.12870836914527226,34.471998336108385,32.06800166389161,0.013674192043068344,0.012693771366997822,0.013893799257745448,450852097.0,-1.8469243536455417,0,0,-1,0,0,-0.019207317073170596,1.1193956242852594,0.22994500072502908,0.2015073734195319,-0.021897810218978297,-0.016212909146528065,0.4926148164433174,0.03435945273631842,0.0
2025-01-17,32.1,32.16,-0.00529843845120845,0.000773574727212824,0.02093320966646572,0.07972314240376659,-0.0018674141747952507,32.916999999999994,33.234500000000004,33.351,4,17,1,32.794015538208846,32.95063382388292,27.032967032967022,-0.1218291553113886,0.07860086425394008,34.5318572327933,31.93714276720671,0.0136477237735446,0.012652818375033872,0.013895202234488088,440385642.0,-1.7489400318173731,0,0,-1,0,0,-0.004975124378109347,1.2457356090149858,0.20898271780353728,0.20085726482644806,-0.030797101449275277,-0.02163974398049373,1.0732211252819082,0.014641744548286569,0.0
2025-01-21,33.27,32.1,0.011187189390564376,0.030462300582306548,0.014953549667058476,-0.2574726107550566,0.03580005989441517,32.882999999999996,33.2745,33.321666666666665,1,21,1,32.880558167625416,32.97123809330983,43.08797127468584,-0.08063738455766156,0.04675321449161976,34.52094293892955,32.028057061070456,0.01852679289142196,0.01495350871020641,0.013983627613666227,448476241.0,-0.007220547141716419,0,0,-1,0,0,0.008099688473520187,0.5101313227584233,0.349866409947051,0.23737959165026631,0.018677281077771113,0.02463812750230998,0.7764163336106584,0.029756537421099932,0.0
2025-01-22,31.86,33.27,0.039387096572368906,0.012211365482677766,-0.016209831239320037,0.39549637712958496,-0.043304785548482994,32.686,33.228500000000004,33.22233333333333,2,22,1,32.695002137148066,32.8995453130963,36.9230769230769,-0.15992431761890202,0.0054177080695154076,34.61213784431402,31.84486215568599,0.022407012199564494,0.017705396600076813,0.015347614257035565,436460721.0,-1.9781187767070447,0,0,-1,0,0,0.011722272317402868,1.5656451962527127,0.4580430636861918,0.28106445760543064,-0.03833383640205257,-0.02806589383770597,0.7010895956313621,0.06024795982423099,0.0
2025-01-23,31.93,31.86,-0.04838917505759629,-0.04515121456054466,-0.00031431714858815284,0.08708842714359653,0.0021947022447880945,32.590999999999994,33.161,33.147333333333336,3,23,1,32.55591083948478,32.83699400257396,37.01996927803381,-0.21463716468831961,-0.0385932664820516,34.66089332954298,31.661106670457023,0.02106010967148173,0.017300060304441745,0.015066513951687923,449569571.0,-1.6414500628189213,0,0,-1,0,0,0.006591337099811703,2.054879404051349,0.46196682800701916,0.2746299433918394,-0.026524390243902407,-0.040564903846153855,0.2798466885694922,0.01378014406514254,0.0
2025-01-24,32.17,31.93,-0.0012480500839967552,-0.0021729016775443983,-0.00188798042235201,-0.7058947971648195,0.00748833452424447,32.519999999999996,33.076499999999996,33.089666666666666,4,24,1,32.48574523230573,32.79396213144016,40.76923076923081,-0.23591204869212135,-0.07805702292406555,34.600805191159935,31.552194808840056,0.021301015680955205,0.016852663695349747,0.015122408019332022,456040973.0,-1.1893943617815548,0,0,-1,0,0,0.003131850923896067,-0.07530173763966422,0.4482040014899758,0.26752774240141336,0.00031094527363206836,-0.049911399881866436,-0.5726842127312247,0.01336649051911718,0.0
2025-01-27,32.58,32.17,0.001248050083996795,0.02212751620708902,0.0056532813879900555,0.08233194399210664,0.012664261922963901,32.465999999999994,32.988,33.061,0,27,1,32.5028824627956,32.78015812296015,42.27886056971514,-0.2171853960034582,-0.10588269753994409,34.402564839170815,31.573435160829185,0.021631511814597177,0.016765775550684207,0.015169298268559455,463067726.0,-0.576855848105431,0,0,-1,0,0,-0.0031084861672365997,0.02786647803204981,0.45552774156881315,0.2661484358654244,0.01495327102803734,-0.051528384279476036,-1.023348054078439,0.02977286678944134,0.0
2025-01-28,31.85,32.58,0.009928719478174461,-0.015314234973042481,-0.007071609574695781,0.08946120173963425,-0.022661221155726604,32.385000000000005,32.870999999999995,33.00333333333334,1,28,1,32.38417656046912,32.720147921478855,36.21169916434543,-0.2582720881020393,-0.13636057565236315,34.25368845674978,31.488311543250216,0.022332868215019206,0.017345294046937524,0.015640175400614673,455383375.0,-1.4768330422024492,0,0,-1,0,0,-0.005831798649478138,0.17994265716598132,0.3691947232443332,0.27534800679291477,-0.04268109407874965,-0.06844106463878319,-0.8903871316226605,0.0218210361067504,0.0
2025-01-29,31.65,31.85,-0.01367755235969419,-0.00821264397503426,-0.00791644413000196,0.23125854953007735,-0.006299233427987201,32.237,32.7515,32.95066666666666,2,29,1,32.250689913111096,32.651106120093125,40.435458786936216,-0.3034736606795363,-0.1697831926577978,34.12185185647138,31.381148143528616,0.02156142592814595,0.017356148739724294,0.015578139049322917,445699671.0,-1.6076163137200865,0,0,-1,0,0,0.003139717425431644,0.8145565811912459,0.2184512018843566,0.2755203196989456,-0.006591337099811745,-0.07021151586368979,-0.9835417444372944,0.021484992101105837,0.0
2025-01-30,31.26,31.65,-0.02087362314275305,0.02928534311027146,-0.01612033562378097,0.5890073186305432,-0.012398823596854546,32.083000000000006,32.6365,32.892,3,30,1,32.07056447436362,32.56135733815164,38.123167155425215,-0.36654071998464843,-0.20913469812316793,34.1037749536069,31.169225046393095,0.021642488003570794,0.017303386714446575,0.01568033008533074,428247714.0,-1.8762672893941779,0,0,-1,0,0,-0.01137440758293837,2.746645474553928,0.22813993749346087,0.2746827485136279,-0.020983401190103335,-0.06853396901072706,-0.032504760293157076,0.06839411388355732,0.0
2025-01-31,30.71,31.26,0.0,-0.05019641085720545,-0.01438311866963352,-0.43413680748513084,-0.017750990540599598,31.938,32.491,32.826,4,31,1,31.823189115388416,32.44191492923863,33.09957924263679,-0.45564977533783235,-0.25843771356610085,34.11625981728859,30.865740182711413,0.021503575889323442,0.01753867566765531,0.01587901781856791,416941924.0,-2.191649582491043,0,0,-1,0,0,0.0009596928982724754,0.8474518900498145,0.21660447971845054,0.27841784485221405,-0.04538389804165377,-0.08655562165377739,1.2471966067667593,0.031260175838489,0.0
2025-02-03,30.48,30.71,-0.036450504509820916,-0.018440352563372557,-0.01852517416711997,-0.09833605462431606,-0.007517603634285485,31.776,32.346500000000006,32.74833333333333,0,3,2,31.578972912590523,32.31533977251356,34.20289855072468,-0.5386195506106901,-0.3144740809750187,34.147134683428845,30.54586531657117,0.021503639407086272,0.01753917079684078,0.015873325012307947,406694986.0,-2.07315788946789,0,0,-1,0,0,-0.017583848909150084,0.4471353989350025,0.10805797713248906,0.2784257047843637,-0.0644567219152854,-0.08660473479172903,-0.44465503250003935,0.031003937007874023,0.0
2025-02-04,30.79,30.48,0.005289268529519951,-0.0030796685334140692,0.006323868636891108,-0.047155017758663764,0.01011923111796339,31.528,32.2055,32.69233333333333,1,4,2,31.435523292119516,32.216930754932044,32.640949554896125,-0.5727569010311875,-0.3661306449862525,34.031020545808,30.379979454192004,0.017019759686551835,0.017654797119841425,0.015957490763681186,416469945.0,-1.5507905438264853,0,0,-1,0,0,-0.004921259842519755,0.23024508433846844,0.16568046486794086,0.28026121575839885,-0.03328100470957618,-0.08390360011901221,1.2220615111564865,0.021435531016563824,0.0
2025-02-05,30.89,30.79,0.015052640235919368,0.017380546948345964,0.014493007302566824,-0.2381287603106196,0.0032425449940813285,31.431,32.058499999999995,32.629333333333335,2,5,2,31.336337239006877,32.13132231912998,35.330261136712764,-0.5849983362491677,-0.40990418323883554,33.805006588354985,30.311993411645005,0.012043518650166436,0.01756408944179142,0.015846183934835334,424173602.0,-1.3380997332516087,0,0,-1,0,0,0.0,-0.5434632946547081,0.18036955686890016,0.27882127600965234,-0.024012638230647698,-0.08690511380431565,0.37867732251690395,0.024603431531239933,0.0
2025-02-06,31.09,30.89,0.009374563563037652,-0.0009577015895604776,0.00554379375161068,-0.04478367892661682,0.00645371714017209,31.346999999999998,31.969,32.556333333333335,3,6,2,31.291548650096534,32.06414023402482,41.1861614497529,-0.5719681406364856,-0.4423169747183656,33.721698971363935,30.21630102863607,0.01232219883057545,0.01679343904534122,0.015598469709753034,431539872.0,-1.0030244946352351,0,0,-1,0,0,0.006150857882809897,-0.6399789072893554,0.18033016036391414,0.26658758022896895,-0.005438259756877839,-0.05444038929440398,-0.8230718595134848,0.01801222257960755,0.0
2025-02-07,31.0,31.09,0.002249719734015546,-0.003198979055626198,0.001949318356049679,-0.2784927055017723,-0.0028990195855162267,31.23,31.875,32.461,4,7,2,31.238539804624434,31.99548602537806,40.983606557377044,-0.5624206296506351,-0.4663377057048195,33.62362953857234,30.12637046142766,0.011801902702986316,0.016781772610785176,0.015153944073855157,425964167.0,-1.000783734574665,0,0,-1,0,0,0.0019298809906722007,-1.2669039338643602,0.11289269052586232,0.2664023813218363,0.009443178117876982,-0.05717761557177625,-0.3187772931403533,0.012903225806451682,0.0
2025-02-10,30.13,31.0,-0.007087658536483849,-0.007073984483031213,-0.02447760811704448,0.09507218728598314,-0.02846585134293639,30.985000000000003,31.7255,32.32033333333333,0,10,2,31.036987112874534,31.875132088256898,22.93103448275859,-0.6179327434976081,-0.4966567132633773,33.53611751606566,29.914882483934342,0.01254120637379096,0.017508388758451492,0.015466444523398773,419832351.0,-1.76238215508586,0,0,-1,0,0,-0.0022580645161290416,-0.9826404698040682,0.24171694597145843,0.27793705507380945,-0.011482939632545985,-0.09027777777777779,-1.718251389327715,0.030700298705608933,0.0
2025-02-11,29.77,30.13,-0.024547133357275448,-0.023837863439446896,-0.016094228362874562,0.18929454499073542,-0.012020178114524837,30.776999999999997,31.581,32.173,1,11,2,30.806625819624617,31.73931711482097,27.999999999999986,-0.6831011205173461,-0.533945594714171,33.533336252318136,29.628663747681866,0.011579195971941647,0.017459353358375864,0.015530320085391047,412422684.0,-1.8552132070996312,0,0,-1,0,0,0.0016594756057086196,-0.5413545844330492,0.22038920011023433,0.2771586422295774,-0.03312763884378045,-0.08848744641763617,-1.0456972075453772,0.022673832717500866,0.0
2025-02-12,29.88,29.77,-0.01771732789596844,-0.012302732064363405,-0.006769523769418887,0.052291882366159184,0.0036881852369315235,30.6,31.4185,32.03433333333333,2,12,2,30.638148397874687,31.6193611719293,28.601252609603307,-0.7175994088317559,-0.5706763575376881,33.36899548361169,29.468004516388316,0.012037126771811828,0.017009031748884906,0.015602039625083922,420230126.0,-1.5775478722475154,0,0,-1,0,0,-0.004030903594222405,-0.4294209018231684,0.22167193226476664,0.2700100082973089,-0.032696665587568896,-0.0980984002414731,-1.0386936161248255,0.016887550200803212,0.0
2025-02-13,29.93,29.88,0.0067227143948767375,0.005671408028981946,-0.003251791519596397,0.25735288841076925,0.0016719615999910287,30.466999999999995,31.275,31.913333333333334,3,13,2,30.50939414371565,31.510370128579023,25.652173913043427,-0.7324616072680428,-0.603033407483759,33.219833912543514,29.330166087456483,0.011991607839072277,0.017029777653765944,0.015523062793078857,430329064.0,-1.3831515291102312,0,0,-1,0,0,-0.0010040160642569474,0.3016742460583253,0.20596704951914796,0.2703393393275383,-0.037311032486330054,-0.08749999999999991,-1.2392487505102454,0.0257266956231206,0.0
2025-02-14,30.28,29.93,0.008008050803342751,0.009106777069432807,0.017597746850337995,-0.36386806911978153,0.011626106704640605,30.424,31.181,31.802,4,14,2,30.46768611758553,31.430991410606183,24.669603524229103,-0.7078384110882858,-0.6239944082046643,33.12746129654777,29.234538703452227,0.011953112085639185,0.017004703067541684,0.015747374517316535,437347653.0,-0.9257826000424523,0,0,-1,0,0,0.005345806882726367,-0.7401677355141666,0.24825140732633594,0.26994129261127486,-0.023225806451612874,-0.05845771144278589,-0.8935244600727148,0.017338177014531112,0.0
2025-02-18,30.0,30.28,0.02429535125610513,0.016834588957135646,-0.0006711409647891313,0.32875185246279054,-0.009290046907092642,30.375999999999998,31.076,31.689666666666664,1,18,2,30.382652278024523,31.338669384115462,27.383863080684606,-0.7028163809065617,-0.6397588027450438,33.04021030067415,29.111789699325858,0.012065903221901606,0.017061783167544156,0.01576699266096002,427597197.0,-1.0956056992784355,0,0,-1,0,0,0.01816380449141338,0.23486267214616066,0.1543286698751477,0.2708474111077783,-0.004314636574842323,-0.06542056074766356,0.044508859773804935,0.03533333333333341,0.0
2025-02-19,30.2,30.0,-0.03397984838670015,-0.012722402884381033,-0.0016798256931819487,-0.23212201160080298,0.006644542718668511,30.317,30.922499999999996,31.576,2,19,2,30.349442772929155,31.26520684320479,32.27383863080685,-0.6749180224347633,-0.6467906466829878,32.62751273340235,29.217487266597647,0.011735029359319919,0.01452710444942546,0.015755083765828865,435327840.0,-0.8475010020109928,0,0,-1,0,0,-0.006666666666666643,-0.47158924450867834,0.123272544992554,0.23061063385823796,0.014444071212630138,-0.09227532311391651,-0.9409763830118659,0.023841059602649088,0.0
2025-02-20,30.61,30.2,0.012339659659611013,0.004912405490305295,0.010369719949207748,0.008742956391279658,0.013484828576497153,30.288999999999998,30.859999999999996,31.468666666666667,3,20,2,30.396816814214763,31.222935433965777,42.09245742092455,-0.6126624079917917,-0.6399649989447487,32.511104893225344,29.208895106774648,0.012654069460266754,0.012075194603978025,0.015959682371544937,443126368.0,-0.3028275199543918,0,0,-1,0,0,-0.0009933774834436286,-0.3834358147207162,0.14529738716321733,0.19168777172900958,0.024431057563587766,-0.039234149403640894,-1.013553213070047,0.0182946749428291,0.0
2025-02-21,29.81,30.61,0.017414601422181715,0.023887514121608614,-0.01238924268203692,0.27418917855774727,-0.026482845267341105,30.161,30.754,31.366333333333333,4,21,2,30.290122847993892,31.13177830919379,39.67889908256879,-0.6207223977246024,-0.6361164787007194,32.38798640721372,29.120013592786282,0.014610876850346557,0.013177232073684438,0.015858704621866393,432867688.0,-1.1554563683423982,0,0,-1,0,0,0.0029402156158118216,0.5939894659140175,0.26701393877677876,0.20918207421091786,-0.004009355162044814,-0.06639523958659566,-1.0422318192471247,0.05602146930560221,0.0
2025-02-24,30.27,29.81,-0.018741301450941657,-0.023560876849392072,0.0073850620974610336,0.5300317345630758,0.015313215343647197,30.088,30.659000000000002,31.279333333333334,0,24,2,30.286464148358636,31.076179708600645,47.71241830065359,-0.583268288281932,-0.625546840616962,32.1620341243496,29.155965875650402,0.01587335161675246,0.013631628696478217,0.016210404239925626,450297044.0,-0.5176196517405527,0,0,-1,0,0,0.010734652801073476,2.5606288995521984,0.2789824574544051,0.21639539697391763,-0.00033025099075301156,-0.059061237177494674,-0.950771644267991,0.023785926660059544,0.0
2025-02-25,30.25,30.27,0.004635769891417401,-0.005133992469597674,0.0006686727096358838,-0.6012267690152192,-0.0006609385567767875,30.1,30.5425,31.183666666666667,1,25,2,30.27983430320252,31.022877791916734,43.72093023255815,-0.5488724100772018,-0.61021195450901,31.750924376490488,29.334075623509513,0.013036614465793333,0.013139981632032656,0.01610717009597511,440743338.0,-0.4841014558966129,0,0,-1,0,0,0.0,0.0523386470664663,0.2673569001815782,0.20859074178189024,0.008333333333333304,-0.07151626764886432,-1.522053031971177,0.017957024793388388,0.0
2025-02-26,30.69,30.25,0.004285485378548639,0.014398585351296572,0.012950537963435205,-0.11348351888799026,0.014440684154794428,30.192,30.484499999999997,31.118,2,26,2,30.354409884438425,31.001401805341462,47.844827586206904,-0.48056940111250057,-0.5842834438297082,31.528913207203324,29.44008679279667,0.012923089435998531,0.012956111660269389,0.01627341906524553,449272112.0,0.393522407764799,0,0,-1,0,0,0.004958677685950366,-0.288583842048447,0.28189327499913946,0.2056718964687418,0.01622516556291398,-0.0364207221350078,-1.5974199209895208,0.019387422613229142,0.0
2025-02-27,30.64,30.69,0.015342230101892087,0.006772034909944465,-0.003801343309847224,-0.21285217821154898,-0.0016305237592542901,30.267999999999994,30.433999999999997,31.035,3,27,2,30.406335359995072,30.978085559835563,44.988864142538986,-0.4255676772670789,-0.5525402905171823,31.327965735839193,29.540034264160802,0.01300635255149053,0.012912637425065968,0.01597914161787719,442378512.0,0.46086777544471347,0,0,-1,0,0,0.005865102639296178,-0.7547750471514642,0.2674452669407745,0.20498176438001992,0.0009800718719372714,-0.03191153238546596,-1.0596714030558003,0.03002610966057435,0.0
2025-02-28,31.06,30.64,-0.007804917669384091,0.0011210169342548422,0.009230327607470841,-0.06109962255096198,0.013614472848150337,30.381,30.424,30.977,4,28,2,30.525183476359604,30.983370362426818,50.62240663900413,-0.3441211109805842,-0.5108564546098627,31.282846227282675,29.565153772717323,0.013460766028109564,0.013079454189361628,0.016179931645567094,448863525.0,1.4810567475210406,0,0,-1,0,0,-0.0003263707571802077,-0.8732238968102404,0.13701382915420213,0.20762989841707669,0.04193223750419328,-0.0063979526551504184,-0.5930267860046402,0.021728911783644476,0.0
2025-03-03,30.61,31.06,-0.0032701140978972894,0.002888290016049079,-0.009720595144355002,0.2354780296914291,-0.014594064763219903,30.413999999999998,30.419,30.925333333333338,0,3,3,30.54060466247604,30.959281951947673,55.45454545454546,-0.3122855264429525,-0.4711422689764807,31.271979915856488,29.566020084143513,0.01427527379353876,0.01287943262948764,0.016014233606998236,440656653.0,0.44784172862549443,0,0,-1,0,0,-0.017063747585318662,-0.15163704467482575,0.1921615651870404,0.20445465459140996,0.01123224314502802,-0.003256268316509381,-0.34969308741796845,0.034622672329304126,0.0
2025-03-04,29.45,30.61,-0.006902245972615614,-0.029891764197314298,-0.027893533948874717,0.3084017383843839,-0.038632842859725416,30.358999999999998,30.367499999999996,30.837,1,4,3,30.34231290566221,30.86190892278976,46.92307692307692,-0.37631992002238235,-0.4521777991856611,31.32316730613353,29.41183269386646,0.01876759158906253,0.015356154747561522,0.017337425535495804,429485067.0,-1.9201242819785111,0,0,-1,0,0,-0.009474028095393635,0.992193158596487,0.347378227465532,0.2437713993376298,-0.026446280991735516,-0.03379265091863526,-0.8559693148996517,0.032937181663836974,0.0
2025-03-05,29.95,29.45,-0.023020199188697122,-0.008612176449342571,-0.004439139951552124,-0.08267005243761424,0.016835414463862584,30.333999999999996,30.325499999999998,30.726333333333336,2,5,3,30.2709832864509,30.803076089061392,50.62611806797854,-0.38231473071826017,-0.4382051854921809,31.276808793749556,29.37419120625044,0.019544796764660664,0.01570241225596965,0.016143894502687803,439770242.0,-0.7894387237186687,0,0,-1,0,0,0.006112054329371807,0.6319537152692883,0.3563803810348062,0.2492680668786504,-0.024112088628217676,-0.027281584930172076,-0.7834298625344521,0.02804674457429048,0.0
2025-03-06,29.53,29.95,-0.0018579517210233804,0.0024919026101791176,0.0037574766668063094,-0.3384440242641277,-0.014122628805627042,30.226,30.2575,30.648666666666667,3,6,3,30.136259052550734,30.72094214783163,46.64429530201344,-0.4161589302011457,-0.43379593443397385,31.233029545810673,29.281970454189327,0.01925815512857488,0.015914722427929087,0.014530630545269367,432438160.0,-1.4914976242886449,0,0,-1,0,0,-0.012520868113522538,-0.5075988107501991,0.36056536900278213,0.2526383863735346,-0.03622715404699739,-0.04402719326642923,-0.23821647615404365,0.027260413139180605,0.0
2025-03-07,29.2,29.53,-0.0196335798779764,-0.026565112924709693,-0.02695394688734036,1.3238862420659052,-0.01123798648159531,30.165,30.163,30.557666666666666,4,7,3,29.966030133905143,30.622816847971524,40.90909090909089,-0.4642572753207759,-0.4398882026113343,31.16478997694509,29.16121002305491,0.017825011108644352,0.01590197669722183,0.014588927480549263,404884214.0,-1.9225586643152917,0,0,-1,0,0,-0.017947849644429432,3.6300801381005967,0.3095753879098237,0.2524360541711594,-0.059884095299420514,-0.06079125120617568,0.4211353195156361,0.02722602739726021,0.0
2025-03-10,28.18,29.2,-0.012142386825725536,-0.015280578891911338,-0.03203120813367549,-0.6825905350952975,-0.03555620280370184,29.956,30.022,30.424666666666667,0,10,3,29.641297382286027,30.46521576100562,36.377245508982035,-0.5780180041145506,-0.46751416291197756,31.287004264612122,28.756995735387875,0.019420877386153536,0.01742993716127583,0.015572052044091456,390961032.0,-2.912243146571202,0,0,-1,0,0,-0.018835616438356188,0.7831748101371161,0.3507110205733212,0.27669167457731375,-0.07938582162691932,-0.09096774193548385,0.7700980578543469,0.04435770049680625,0.0
2025-03-11,30.53,28.18,0.11929440024099947,0.1247559768246024,0.06747272931431002,1.0839487400768575,0.08009730027625234,29.984,30.041999999999994,30.356333333333332,1,11,3,29.802879676415838,30.46939538932784,51.86862967157419,-0.4730952930086545,-0.468630388931313,31.32668878066675,28.75731121933324,0.034659418360068035,0.02549075786652784,0.022177401429338023,432122557.0,0.7597170728722867,0,0,-1,0,0,0.14549325762952453,3.48063108487994,0.7300739485085322,0.40465323627237637,0.036672325976230935,0.013275804845668926,1.418559759269803,0.10350474942679344,0.0
2025-03-12,30.1,30.53,-0.05934755657060127,-0.0662912270705983,-0.009469986466891688,-0.6432141434349856,-0.014184634991956413,29.925,30.0585,30.298,2,12,3,29.85690155343114,30.445563428726047,47.11864406779662,-0.4198014846720248,-0.4588646080794554,31.336941073714573,28.780058926285424,0.03463977480305436,0.025552101673834152,0.02196347796326981,410488045.0,0.06492282022732958,0,0,-1,0,0,-0.0036030134294136726,1.0541367112490376,0.7393831659382892,0.4056270390240146,0.005008347245408995,0.011084984884111693,1.9898587962010699,0.04447840531561459,0.0
2025-03-13,31.0,30.1,0.0032819195851093294,0.029267244114831528,0.0242353553895538,-0.10521239910495768,0.029462032730316067,29.961000000000002,30.1145,30.276333333333334,3,13,3,30.064737634625477,30.48133353009856,56.648044692737436,-0.3014681421328227,-0.4273853148901289,31.456556160097296,28.772443839902703,0.03602532793041022,0.02636439713223723,0.022682261231958937,429961990.0,1.3196169077392443,0,0,-1,0,0,0.01395348837209296,0.7314950722923402,0.7457573809219308,0.4185218296682651,0.04977988486285123,0.03748326639892907,1.095532514154269,0.049354838709677454,0.0
2025-03-14,31.73,31.0,0.030970217132946346,0.011032420803576632,0.028244898951259412,-0.18361837507896075,0.02327540110995807,30.028000000000002,30.204500000000003,30.291999999999998,4,14,3,30.367512610148115,30.561892657188977,57.91757049891541,-0.1470876812587143,-0.371325788163846,31.724132573324084,28.684867426675922,0.036519640283900964,0.026793205996339532,0.02297823710032109,446169246.0,2.007722164921856,0,0,-1,0,0,0.01548387096774195,0.32077230806857626,0.7221938334803923,0.42532895935463383,0.08664383561643829,0.06014032743067155,0.4910163920394823,0.03214623384809327,0.0
2025-03-17,32.13,31.73,0.006964257334032333,0.018018505502678212,0.02304839543629109,-0.07432659709410096,0.01252756753266306,30.18,30.296999999999997,30.339333333333332,0,17,3,30.687964862848457,30.663060872854206,59.79166666666668,0.0074507160786509985,-0.2955704873153466,32.04416733148923,28.54983266851077,0.03610364289083854,0.026809097101339704,0.022807862571925668,461215551.0,2.098253518096195,0,0,-1,0,0,-0.0009454774661204267,0.14306561560759498,0.5665845179953329,0.42558122282596467,0.14017033356990782,0.06109643328929981,0.9702854054754462,0.02738873327108607,0.0
2025-03-18,32.39,32.13,0.019369552769659622,0.008888947417246214,0.009448889197932289,-0.3761842342123524,0.008059560055470883,30.474,30.416499999999996,30.403000000000002,1,18,3,30.99742579687601,30.774476300412,59.023354564755834,0.1491836403050364,-0.20661966179126998,32.39036369710506,28.442636302894932,0.03274406336154174,0.026661808788245398,0.0227674729191686,471544476.0,1.9996314871127192,0,0,-1,0,0,0.005913476501711724,-0.4118749438510575,0.2691451324332027,0.42324309334112215,0.060923681624631465,0.07966666666666677,-0.9040737314127709,0.02686014201914185,0.0
2025-03-19,33.6,32.39,0.0030892826546353616,0.02946695460781552,0.011222062906263798,0.2628082139047543,0.036676333785920674,30.839000000000006,30.5865,30.496666666666666,2,19,3,31.470621106534914,30.956768151998325,63.98865784499055,0.35505207221681445,-0.09428531498965309,33.01512122461361,28.157878775386397,0.033840346472154136,0.02767688318505668,0.023617798993516757,484978041.0,2.481654997871848,0,0,-1,0,0,0.0009262117937635423,-0.08325820496199943,0.19146283467172093,0.4393568998382714,0.11627906976744184,0.11258278145695377,0.017637613802267287,0.04434523809523815,0.0
2025-03-20,34.15,33.6,0.03842554111093138,0.019947860031893663,0.03756810126316803,0.04550356027677445,0.016236519047640355,31.301,30.7635,30.60533333333333,3,20,3,31.957780905346745,31.16278310993392,64.42577030812325,0.5561734696153131,0.03580644193134014,33.668590088287175,27.858409911712823,0.032577899850461445,0.027725687320019177,0.023740270536879958,499037002.0,2.3314251173509444,0,0,-1,0,0,0.0026785714285713184,-0.04693546898178523,0.18146465546801888,0.44013164146264583,0.1016129032258064,0.11564848088859847,1.051431941556565,0.027379209370424665,0.0
2025-03-21,34.83,34.15,0.0023717769790150157,0.013271977848250467,0.005508015413895111,0.4323452884503007,0.01971649836111073,31.863999999999997,31.014499999999998,30.73,4,21,3,32.48000255892006,31.3993777480027,69.28702010968921,0.7616540690629634,0.1809759673576648,34.400386963016786,27.628613036983207,0.031247304285017544,0.026827590071627924,0.02392210267422051,520699992.0,2.2537669105175495,0,0,-1,0,0,-0.011127379209370292,0.7924600407246406,0.1782816409332322,0.42587478962827785,0.09769933816577359,0.16839986581683997,1.4149312466062407,0.034740166523112286,0.0
2025-03-24,34.84,34.83,0.03004455238295216,0.003147806290730837,0.018824085245635617,-0.2726201761448245,0.00028706760639228356,32.53,31.243000000000002,30.858,0,24,3,32.909093002752776,31.621353377163814,77.52808988764046,0.9147610450511472,0.3277329828963613,35.01243441241316,27.473565587586844,0.026162492486608565,0.026824912818473004,0.023897218984955726,537193801.0,1.9085091323805445,0,0,-1,0,0,-0.0008613264427218242,0.18177742703591643,0.2217019748172143,0.4258322895520098,0.08434484905073147,0.15097456227287753,0.6856995437717511,0.01951779563719861,0.0
2025-03-25,34.67,34.84,0.0057306747089850745,0.006833739578565117,0.00203754982441328,-0.5386444911998809,-0.004891392287370026,32.944,31.464,31.009333333333334,1,25,3,33.229257911343176,31.818040256056474,74.94714587737843,1.010730772163818,0.46433254074985264,35.49734731040189,27.430652689598105,0.015945452948662012,0.0269080125058386,0.023182982806464036,527569025.0,1.589746557025632,0,0,-1,0,0,0.004592422502870165,-0.6392095030858718,0.26686413723620256,0.42715145619278927,0.0703920963260265,0.14611570247933892,0.3772881219613787,0.02451687337755989,0.0
2025-03-26,34.39,34.67,-0.005730674708985095,-0.00883574224923826,-0.011258251816572822,-0.08243453917014175,-0.008108935252757288,33.373000000000005,31.649,31.163333333333334,2,26,3,33.4403019274626,31.98397314276251,76.07296137339054,1.0520662475693072,0.5818792821137436,35.8680141028456,27.429985897154403,0.014893740598720227,0.027057122454516996,0.023096307883751957,518705841.0,1.299355694569154,0,0,-1,0,0,0.0037496394577443163,-0.7333504507005948,0.20111865633372122,0.42951850324604113,0.02351190476190479,0.12056044314108827,0.4129264820320107,0.02689735388194234,0.0
2025-03-27,33.93,34.39,-0.010108389320760882,-0.010649114882885644,-0.0032400617446730643,-0.09714109595809099,-0.013466245648036133,33.666000000000004,31.813500000000005,31.298333333333332,3,27,3,33.52933794065122,32.10952326258428,75.02645502645501,1.0357670759061577,0.6726568408722264,36.122463851518596,27.50453614848141,0.015858712815483133,0.027358372655989505,0.02334044430943023,510663140.0,0.9823707382711433,0,0,-1,0,0,0.00174469322477471,-0.8439374410828636,0.20344859063027548,0.4343007019390673,-0.006442166910688107,0.10737597911227148,1.442074561663979,0.01959917477158854,0.0
2025-03-28,33.59,33.93,-0.003489389990067051,-0.004640379556502336,-0.016359674798659494,0.2839531202279205,-0.010071175171937322,33.852,31.939999999999998,31.420333333333335,4,28,3,33.54036740598736,32.205037890804654,80.84378563283923,0.9840709490942174,0.7349396625166247,36.304020357906225,27.575979642093767,0.01603222027607556,0.02749608125696179,0.023486547563479628,499979452.0,0.7561834568487863,0,0,-1,0,0,0.011788977306218643,-0.5631169729001484,0.08260361017165788,0.43648675820847105,-0.035601492965833925,0.08145524790727632,0.5256493486358671,0.03140815718963976,0.0
2025-03-31,33.58,33.59,-0.04254694969827446,-0.015084125791276378,-0.01739437337354623,-0.0006355630499024764,-0.00029775197480681466,33.997,32.088499999999996,31.530333333333335,0,31,3,33.547573332171474,32.29374512365597,73.7169517884914,0.9315560810894823,0.7742629462311963,36.46407466902574,27.712925330974254,0.01594502415980541,0.027167563900815633,0.02345512992219061,489302552.0,0.6817390230171054,0,0,-1,0,0,-0.020541827924977815,-0.5859738128284374,0.07929648604844987,0.43127170685408406,-0.03616532721010346,0.09702711532179031,0.40643895929437734,0.03320428826682534,0.0
2025-04-01,31.59,33.58,-0.005486146036779942,-0.021640171119913492,-0.04637471326039651,0.512563811966811,-0.06109003683540093,33.917,32.1955,31.583333333333336,1,1,4,33.191650908140296,32.24834221245236,59.324155193992475,0.7210494912727938,0.7636202552395158,36.40075222974776,27.990247770252246,0.025586711338559647,0.02928032528649597,0.02604292716438952,471476761.0,-0.28797321393314973,0,0,-1,0,0,-0.02561048243001785,0.26425462109838704,0.3722226355400967,0.46481075409086636,-0.08883761176809923,0.0726655348047538,-1.995956050065578,0.05934156378600815,0.0
2025-04-02,31.86,31.59,-0.04660734043955903,-0.03387909002894213,-0.002400193167638673,-0.5607427823090543,0.00851068966790861,33.743,32.291000000000004,31.638666666666666,2,2,4,32.9495325612057,32.22328787616511,55.842391304347814,0.5694440492081725,0.7247850140332472,36.36628055217751,28.2157194478225,0.022009902510683618,0.029142740798632306,0.02605668583480285,481651454.0,-0.2115191798364471,0,0,-1,0,0,-0.011396011396011377,-0.6928652180142911,0.41676690272261535,0.4626266680559818,-0.0735678976446642,0.06377295492487489,-1.642365980092345,0.026522284996861233,0.0
2025-04-03,28.86,31.86,-0.01386448131545838,-0.03314344432686305,-0.07862856332857943,0.6210355132739329,-0.09889475113617764,33.214000000000006,32.25750000000001,31.580333333333332,3,3,4,32.20598118644103,32.006301561573814,35.098650051921084,0.2048592265170015,0.620799856529998,36.438000473691545,28.076999526308466,0.03434115230159765,0.036306775362928,0.03131573635312811,462717836.0,-1.6254034756751916,0,0,-1,0,0,-0.033270558694287466,0.34033923274693456,0.6980663178074658,0.576352191101966,-0.14942528735632188,-0.02268879105993915,-0.8507666079366614,0.07484407484407485,0.0
2025-04-04,25.87,28.86,-0.0953101798043249,-0.09782866616989343,-0.12147267630439516,0.1997665840747136,-0.10937255714778699,32.318000000000005,32.090999999999994,31.449,4,4,4,31.05398460708811,31.610411138246473,24.38625204582651,-0.32163724968283347,0.43231243528743174,36.98807066036837,27.193929339631616,0.04141945915250891,0.043000838312819215,0.036227618878524624,439597660.0,-2.5407025674945114,0,0,-1,0,0,-0.02979902979902978,0.9418809440627821,0.8251374238647216,0.6826171460581075,-0.2298303066388807,-0.11404109589041089,0.22132046241937925,0.0993428681870893,0.0
2025-04-07,25.96,25.87,-0.10973514979687306,-0.04101463991255097,-0.04196419909903219,-0.1859567443838643,0.0034728956379514375,31.43,31.98,31.305333333333333,0,7,4,30.127805587617544,31.245868484166056,23.3195020746888,-0.7232896199284866,0.2011920242442481,37.33002213473129,26.629977865268714,0.04167730502764071,0.042454245199637544,0.03607122750589923,458794562.0,-2.2504579788256764,0,0,-1,0,0,-0.030150753768844265,0.38195380193024187,0.8397055850330148,0.6739402493831919,-0.2269207861822513,-0.07877927608232782,0.22272636266848048,0.09591679506933738,0.0
2025-04-08,24.75,25.96,0.04861933593680399,-0.0059457625923804705,-0.0032706488681226074,-0.050129852691923805,-0.04773140282118992,30.438,31.690999999999995,31.122,1,8,4,29.15002275350526,30.826780194865023,13.278008298755196,-1.126256125164499,-0.06429760563750131,37.922633730200964,25.459366269799027,0.041172851789177706,0.038239228360719024,0.03687095905315519,440536275.0,-2.227666227031655,0,0,-1,0,0,0.014637904468412904,0.6457653873561429,0.8347545611323701,0.6070289314168238,-0.2165242165242165,-0.18932197838191944,-0.010973319503226496,0.09737373737373724,0.0
2025-04-09,28.55,24.75,-0.0691555921772463,0.07984199370460406,-0.004103411584592453,0.45830349785909746,0.14283144708732,29.854000000000003,31.613500000000005,31.050666666666665,2,9,4,29.040927707413395,30.679891150035026,31.699346405228766,-1.1260018927976745,-0.27663846306953593,37.96582994967074,25.261170050329266,0.07196089021567334,0.05281987471964897,0.04690714059324879,469409727.0,-0.9645279839907547,0,0,-1,0,0,-0.006868686868686937,2.4265522925487284,1.661741261194632,0.8384895167386721,-0.10389202762084115,-0.05149501661129574,1.4149582548826558,0.16602451838879154,0.0
2025-04-10,25.79,28.55,0.11225290053463688,-0.035017583467821925,0.03514803326655269,-0.7542506526287777,-0.1016701162087659,29.04,31.353,30.889000000000003,3,10,4,28.44984994242914,30.36441430164567,23.993095512082874,-1.3331417176635796,-0.48793911398834466,38.21789191849677,24.48810808150323,0.07629123529358751,0.05634573609099913,0.0500315038173825,455828725.0,-1.6207101484033715,0,0,-1,0,0,-0.036777583187390564,-0.308329175558695,1.669119777399397,0.8944608308139623,-0.10637560637560639,-0.16806451612903228,1.4037502189849576,0.11128344319503675,0.0
2025-04-11,26.19,25.79,-0.06886300978947649,-0.06706011059842666,-0.008171445568350597,-0.012398164581192899,0.015390838626367162,28.3,31.076,30.726666666666667,4,11,4,28.03896813471475,30.0950972499266,25.661226786719197,-1.4483294241236102,-0.6800171760153978,38.313793790056444,23.838206209943554,0.07725101385734733,0.05613968766346018,0.05005523266161809,469242387.0,-1.3501351770238523,0,0,-1,0,0,-0.004652966265994473,-0.3128422308273798,1.4885860523833434,0.8911899134301384,0.01236954000773105,-0.17459817207689876,1.0107708469564363,0.04791905307369221,0.0
2025-04-14,25.56,26.19,0.02841973142599171,0.008349194610921479,0.007774383820032788,-0.09511553155126132,-0.024349029010286613,27.498,30.747500000000002,30.558333333333334,0,14,4,27.588246655675704,29.802510330576496,25.01371365880418,-1.5723274343230784,-0.858479227676934,38.37002858999394,23.12497141000606,0.07687541763400857,0.05602768486642764,0.05015165193153944,457045775.0,-1.36109689553926,0,0,-1,0,0,0.008400152730049593,-0.5068287013289655,1.5041002260663705,0.889411924147588,-0.015408320493066285,-0.20448179271708689,1.2577297159116778,0.0500782472613459,0.0
2025-04-15,25.81,25.56,-0.03467219415532075,0.006404241139031256,0.01262842354817928,-0.30664240745372695,0.009733384221188418,26.919999999999998,30.4185,30.437,1,15,4,27.26492908191648,29.5449290189264,26.42857142857143,-1.6316155912107178,-1.0131065003836908,38.30593511108596,22.531064888914045,0.07648895390781496,0.056057486641101835,0.049820609550932794,466021429.0,-1.1685674582660364,0,0,-1,0,0,-0.0019561815336462114,-1.069290031774673,1.4453312676884995,0.8898850126540857,0.04282828282828288,-0.20314912009879593,0.8517595748558132,0.04378148004649357,0.0
2025-04-16,24.86,25.81,0.019794940930639122,-0.02086966276738869,-0.037152265631292744,0.25688749388330917,-0.03750192764795747,26.22,29.9815,30.267333333333333,2,16,4,26.827669248840756,29.242675533834376,25.73568753344034,-1.7352559922912256,-1.1575363987651979,38.09206302802662,21.87093697197338,0.07612158513783282,0.055219760180495014,0.05003682108885346,454416809.0,-1.262920954390539,0,0,-1,0,0,0.008136381247578492,-0.5744617613501385,0.7151251545389243,0.8765865173653018,-0.12924693520140107,-0.2601190476190477,-1.0299057478989793,0.06074014481094119,0.0
2025-04-17,24.74,24.86,-0.045203215269045804,-0.036907439913913466,-0.011807324654639122,-0.007258137773903018,-0.004838719118223221,25.808,29.511000000000003,30.107666666666667,3,17,4,26.448093021778796,28.95218033810313,26.04223064428804,-1.8062533892370212,-1.2872797968595626,37.69481432109256,21.327185678907448,0.0718276517564405,0.05481786193097854,0.05000773660969096,442896112.0,-1.1659599821817723,0,0,-1,0,0,0.0004022526146420581,-0.5620666701368269,0.35198320164320795,0.8702065804418652,-0.04071345482745248,-0.2755490483162518,-0.3411982933755858,0.03449474535165726,0.0
2025-04-21,24.04,24.74,-0.018259789132754636,-0.016648664555048702,-0.0194032276256249,-0.05025224652525155,-0.028702257297335027,25.625,28.9715,29.935666666666666,0,21,4,26.010257926909922,28.635265477580347,25.10438413361169,-1.8971345020664963,-1.4092507379009493,37.10135731732208,20.841642682677914,0.06488856446186013,0.05427859527931672,0.05018173045612487,431940050.0,-1.2131824231386144,0,0,-1,0,0,-0.012934518997574647,-0.5873438946944343,0.30066783216087306,0.8616459877379791,-0.08209240168003062,-0.3097904105656043,0.6599760921914073,0.037645590682196244,0.0
2025-04-22,24.75,24.04,0.002453988961566566,0.0020206109117782956,0.01065061754215685,-0.09489434128512052,0.029106379347692453,25.503999999999998,28.466999999999995,29.82133333333333,1,22,4,25.781120122017207,28.384603188704197,30.87248322147653,-1.8900797101002276,-1.505416532340805,36.310745345984145,20.62325465401585,0.06580561520284502,0.055155468897681366,0.0502473199867238,441904249.0,-0.9477615185207486,0,0,-1,0,0,0.01830282861896844,-0.7035004304460594,0.4317707736677065,0.8755659248905364,-0.03169014084507038,-0.2896096440872561,0.19815019314971138,0.028282828282828253,0.0
2025-04-23,25.52,24.75,0.04629717440834401,0.06939650418667978,0.04825586512736462,0.43089837781487034,0.030636969461889804,25.581,28.009500000000003,29.654333333333334,2,23,4,25.733643736195894,28.199790079755545,32.75299238302503,-1.8015885800970217,-1.5646509418920487,35.38316715877781,20.6358328412222,0.0646478226735059,0.05610020542735444,0.048000261154882186,457235556.0,-0.675240676421484,0,0,-1,0,0,0.03595959595959598,0.2260247429782649,0.5020952211720541,0.8905631523624952,-0.011235955056179692,-0.2639169310643208,0.07328338808027324,0.050548589341692755,0.0
2025-04-24,26.46,25.52,-0.03937673156377021,0.005259215728484896,-0.02545992986419254,0.3652259881254315,0.036171700210220495,25.372,27.613,29.533,3,24,4,25.865708511433006,28.087545558480993,42.64705882352941,-1.63674124371164,-1.579069002255967,34.36901907074192,20.856980929258075,0.04106246358955568,0.057225854404242986,0.048559394436557324,479325510.0,-0.34132526504943095,0,0,-1,0,0,-0.03409090909090913,1.321878865964326,0.4484638597366134,0.9084322759009036,0.06436041834271933,-0.23059028787438207,-0.9397451158287435,0.0780423280423281,0.0
2025-04-25,26.49,26.46,0.06782924680046938,-0.0039418164601309775,0.049901463295712226,-0.7399388454582841,0.0011331445971686754,25.442,27.240999999999996,29.38266666666667,4,25,4,25.97921605480882,27.98447810309512,52.32035928143711,-1.4865418634243852,-1.5605635744896509,33.317650393104635,21.164349606895357,0.026251308745179645,0.0572925264327579,0.04816666317235723,489865579.0,-0.24717564823284233,0,0,-1,0,0,-0.003023431594860236,-0.8060896468889515,0.4354513257940777,0.9094906615420316,0.07073565076798705,-0.21927497789566763,-1.164740241589355,0.02642506606266513,0.0
2025-04-28,26.65,26.49,0.0037835837796388913,0.030560763358392678,0.01438321852078549,0.3522907460298751,0.00602184732787517,25.488,26.894,29.21333333333333,0,28,4,26.101176772116304,27.898382741605115,52.56887565152642,-1.339160105496486,-1.516282880691018,32.186065162507916,21.60193483749208,0.025918260042708374,0.057415819063056116,0.04792544754217585,504856951.0,-0.09221352818126215,0,0,-1,0,0,-0.0003775009437522843,-0.0225678484090951,0.2564875512092722,0.9114478713715682,0.10856905158069874,-0.2066091098541234,-0.5281170846179093,0.04315196998123822,0.0
2025-04-29,27.26,26.65,0.003393028702914772,-0.0005473953243153983,0.008909167070075216,0.5793395611653906,0.022631275656533164,25.657999999999998,26.577999999999996,29.051,1,29,4,26.311871904458794,27.857196758275755,59.78176149649259,-1.159768014749595,-1.4449799075027334,30.844454709649888,22.311545290350104,0.024896908569748674,0.05785349938820665,0.048089935404574305,531614440.0,0.31970338204104426,0,0,-1,0,0,-0.003001876172607816,1.8693417612728758,0.24659263532219042,0.9183958311361334,0.1014141414141414,-0.1882072662298987,-0.23516608253593907,0.03301540719002195,0.0
2025-04-30,27.96,27.26,0.016054106232606977,0.028163272143717593,0.004331049044872324,-0.5213056787217548,0.02535449109722285,25.872999999999998,26.396499999999996,28.903333333333332,2,30,4,26.611531558193555,27.863829225483773,46.96813977389517,-0.9501614705490482,-1.3460162201119963,30.026592212837656,22.766407787162336,0.025610054361047196,0.05706613910454922,0.04835331724148279,547501560.0,0.8614106244853819,0,0,-1,0,0,-0.009537784299339748,0.011893078583299613,0.23327489787664046,0.9058968741195325,0.09561128526645768,-0.11490978157644827,-0.07798874559046848,0.05606223175965661,0.0
2025-05-01,28.58,27.96,0.042775640466205175,0.02808214975843981,0.05590496669664529,-0.0192483141930654,0.021932255136111807,26.244999999999997,26.232499999999998,28.736,3,1,5,26.96943491124927,27.910033791581597,68.37944664031619,-0.7256530787047524,-1.2219435918305475,29.022458498091563,23.442541501908433,0.02030151207447762,0.057311553093200164,0.04798613310923072,563085804.0,1.6828207312802512,0,0,-1,0,0,0.00786838340486405,-0.08963658669562134,0.17723390567155528,0.9097927004128934,0.08012093726379432,-0.10295040803515387,-0.6529180680293872,0.029391182645206435,0.0
2025-05-02,29.85,28.58,0.03589860992911539,0.036256724088680366,0.022836052937841442,-0.12289207696710586,0.043477667336889854,26.756,26.282,28.592666666666666,4,2,5,27.49317401829486,28.03519290180214,71.63120567375886,-0.4401760984426417,-1.0655900931529665,29.29449747761757,23.26950252238243,0.021124496380751936,0.054108631631220955,0.04867115598774241,576867872.0,2.368798663905773,0,0,-1,0,0,0.02204338698390492,-0.36527318905997846,0.2169797643290984,0.858947898469283,0.1268403171007928,0.03430353430353428,0.35780563773279245,0.04221105527638196,0.0
2025-05-05,30.08,29.85,0.014951009044084865,0.017810497181595573,0.028759256961389437,-0.148424811375156,0.007675659243027964,27.360000000000003,26.4925,28.43433333333333,0,5,5,27.96350601496852,28.167115940395554,78.03970223325062,-0.1931479674858032,-0.8911016680195339,29.9406352702766,23.044364729723398,0.014009349438128569,0.047931618060180974,0.048520895609099605,588748908.0,2.0808348390068923,0,0,-1,0,0,-0.006700167504187699,-0.6274047991529221,0.208328062179432,0.7608908479450261,0.1287054409005628,0.16273676072671028,0.5554541205018892,0.03191489361702131,0.0
2025-05-06,29.84,30.08,0.0016849203649194455,-0.01362625171176511,-0.002196132312680614,-0.2265878124999547,-0.008010723746078972,27.869,26.686500000000002,28.26766666666667,1,6,5,28.304686739519695,28.275043944241006,75.03105590062114,-0.016551591750545214,-0.7161916527657363,30.432241582119605,22.9407584178804,0.01674695728632697,0.04806469593576298,0.04852069478490919,579276760.0,1.6837787289188952,0,0,-1,0,0,-0.012632978723404223,-0.9716990255730064,0.3130288218321704,0.7630033937277948,0.09464416727806313,0.14946070878274265,-0.0817265738606925,0.020475871313672823,0.0
2025-05-07,30.28,29.84,0.004199922175325774,0.012808657029641795,0.006909945754891633,-0.15171577999339347,0.014637653233688045,28.345,26.963,28.121333333333332,2,7,5,28.663834605061567,28.40439594783836,85.94164456233423,0.1570957293155466,-0.5415341763494796,30.917462369475565,23.008537630524437,0.016223660713670932,0.046318251238386544,0.048640819129444075,587415537.0,1.6775984647641988,0,0,-1,0,0,-0.0005026809651474722,-1.0973329790206205,0.30657654502865805,0.7352794436410818,0.0829756795422032,0.22343434343434354,0.45704804574715097,0.02625495376486135,0.0
2025-05-08,31.07,30.28,0.02695937688841076,0.028861334149443037,0.024881031388571204,0.046120490070787994,0.025755294835708004,28.806,27.089,28.01066666666667,3,8,5,29.1013192223231,28.576370402816533,88.5505481120585,0.35437387853466973,-0.36235256537264976,31.400814369602873,22.777185630397124,0.015108591527094027,0.03235738927312116,0.04892581826869687,595938469.0,1.8465544472716522,0,0,-1,0,0,0.011889035667106982,-1.0403142260715923,0.3125715878598805,0.5136576305519258,0.0871238628411477,0.08826619964973736,0.27326294180763727,0.030254264563888036,0.0
2025-05-09,31.18,31.07,0.019713031310019957,-0.00031791448368225894,0.015927526696101278,-0.17507269746622967,0.003534140224674303,29.275,27.358500000000003,27.919,4,9,5,29.479261181900714,28.74434650586063,96.85039370078742,0.5136730110734753,-0.18714745008342476,31.99035889704381,22.726641102956197,0.014857401240874486,0.02189152307875024,0.048890335642657885,603092584.0,1.6500934440982198,0,0,-1,0,0,0.005793369810106202,-1.2172804640383552,0.20152973828283452,0.3475171553208251,0.044556113902847416,0.20899573478092281,0.09547503370591957,0.014111610006414295,0.0
2025-05-12,31.27,31.18,0.023716526617316065,0.041419590169234244,0.002093904284417188,0.5586208404961425,0.002882307840119468,29.737000000000002,27.6125,27.841666666666665,0,12,5,29.804850057918763,28.9072918925793,96.5714285714286,0.6398056874377964,-0.021756822579180518,32.52330816588506,22.701691834114943,0.015135706337698871,0.021899057304353313,0.04887102018655484,615599835.0,1.4895715232406435,0,0,-1,0,0,0.026298909557408604,-0.08116587353096066,0.20606222022222653,0.3476367574444283,0.03956117021276606,0.19396716303932782,0.4218481152224075,0.05452510393348263,0.0
2025-05-13,31.29,31.27,-0.01733691965327704,-0.03318648476542763,0.004334918885913391,-0.11049621154149329,0.0006393862110407924,30.139999999999997,27.899,27.76533333333333,1,13,5,30.07487732011535,29.061014996283863,96.16000000000003,0.7329317935643971,0.129180900649535,32.97154280675219,22.826457193247812,0.015671725844750982,0.02058629420387107,0.04887193676155496,626798699.0,1.3370020241075753,0,0,-1,0,0,0.005756315957787007,-0.3451080563174273,0.17032134053161238,0.3267972892791196,0.04859249329758719,0.2241784037558685,1.1479110779401926,0.015979546180888465,0.0
2025-05-14,31.38,31.29,-0.005739811676699582,0.025561392317109403,-0.004656772767030841,0.2527961589482765,0.0028721896240958074,30.482,28.1775,27.75833333333333,2,14,5,30.312172352821648,29.210626932007486,95.55555555555559,0.8047208306315135,0.2642888866459307,33.3771553529528,22.977844647047196,0.015439499629457443,0.02065439760232052,0.04762722392090973,641218589.0,1.2318124116366103,0,0,-1,0,0,-0.0006391818472355249,0.27839592736669133,0.16847892318624447,0.3278783972135331,0.03632760898282683,0.21580782642386676,2.1745802485892076,0.046717654557042625,0.0
2025-05-15,31.85,31.38,0.008597410065142481,-0.015364425776380593,0.00785894568533054,-0.5572823469950771,0.014866634713285906,30.808999999999997,28.526999999999997,27.758,3,15,5,30.591777379581345,29.38090906542636,95.89041095890414,0.8892880724290393,0.3892887238025524,33.727433585163894,23.326566414836105,0.015060683285125049,0.0174764858154123,0.047677403426877506,649477776.0,1.2779703636558521,0,0,-1,0,0,0.005098789037603574,-0.9765255872168622,0.09038499348213484,0.2774306115535729,0.025104602510460206,0.28117457763475473,2.019156391171004,0.022759811616954412,0.0
2025-05-16,32.67,31.85,0.013228539363181618,0.023904291882025558,0.015525560585143428,0.20175337668000679,0.025419843594806476,31.091,28.923499999999997,27.885,4,16,5,30.96963603783928,29.593108480560144,96.30769230769234,1.0108232268581077,0.5135956244136635,34.117428743204826,23.729571256795168,0.01108353572822079,0.017206037962101184,0.044325409623578144,659583273.0,1.4426458987915523,0,0,-1,0,0,0.0034536891679748643,-0.5733815727493169,0.17023849310874986,0.27313738497873796,0.04778704297626679,0.32053354890865005,1.1080546471107189,0.0309152127333946,0.0
2025-05-19,32.59,32.67,0.0130558273514151,0.0018270407031175857,0.00564441761967691,0.05138257349223624,-0.0024517327635085583,31.342000000000002,29.351,28.108999999999998,0,19,5,31.264247667323044,29.786456320524007,94.63986599664997,1.088141957799877,0.6285048910909062,34.25169339884556,24.450306601154434,0.01167705653344243,0.014628947753622836,0.039339528034033844,648944958.0,1.3218537608424972,0,0,-1,0,0,-0.008876645240281577,-0.4591897094391496,0.1865778008765089,0.23222734619185811,0.04221298369043813,0.3556572379367722,0.939305514406173,0.027308990487879624,0.0
2025-05-20,32.5,32.59,0.006771340123172879,0.000608272524837698,0.010575526247086388,-0.4121385674783602,-0.002765403513778471,31.607999999999997,29.7385,28.326999999999998,1,20,5,31.488929909627945,29.961523654683752,92.3507462686567,1.1291393457707777,0.7286317820268805,34.322767260512144,25.154232739487853,0.010973870994987053,0.014771966776520788,0.03938322230468873,641899920.0,1.2047726901906202,0,0,-1,0,0,0.0003068425897513964,-1.1397169607771738,0.19672838642374113,0.2344977027958947,0.03867050175775,0.31313131313131315,0.8757438220841596,0.017538461538461548,0.0
2025-05-21,31.76,32.5,-0.012656443061945315,-0.01039129154638745,-0.026333810103692176,0.34846824674731197,-0.02303245295675682,31.756,30.0505,28.560666666666666,2,21,5,31.538215380604683,30.077554386639644,79.01459854014601,1.0893607825483116,0.8007775821311667,34.25995039543079,25.84104960456921,0.014497300351611078,0.016287204778635628,0.0384680163475666,631917837.0,0.8122200474701422,0,0,-1,0,0,-0.009538461538461608,-0.4960421139713234,0.295576229107153,0.25855136037991605,0.012109623964308591,0.24451410658307227,-0.13563004797711734,0.03369017632241803,0.0
2025-05-22,31.21,31.76,-0.01628598476016826,-0.022054007678395857,-0.03770978402550838,0.5730239520156515,-0.017469080096246925,31.77,30.288,28.649333333333335,3,22,5,31.478539856858376,30.150615393953217,64.28571428571428,1.0019062297951216,0.8410033116639577,34.16755830367221,26.40844169632779,0.013927547112509472,0.01628890776116617,0.027390669241175388,614213392.0,0.4753118411069007,0,0,-1,0,0,-0.002833753148614605,1.1886991890605432,0.2989239942263841,0.2585783943894935,-0.020094191522762928,0.17951625094482226,1.058915118924302,0.048862544056392135,0.0
2025-05-23,30.95,31.21,-0.0350236600496323,-0.019984804693494184,0.006084044089671865,-0.6673676064955266,-0.00836555715208299,31.747000000000003,30.511000000000003,28.82133333333333,4,23,5,31.382441701065943,30.202188594343333,59.081419624217126,0.9012292300050682,0.8530484953321799,33.9602098256072,27.061790174392808,0.014147281441675543,0.016645133383459423,0.020025511244344745,605129996.0,0.25455105499284336,0,0,-1,0,0,-0.020185837872476853,-0.6612877298677667,0.14334787747361866,0.26423330083279656,-0.05264768901132544,0.16836542091355233,-0.5361844973240429,0.02294022617124397,0.0
2025-05-27,32.66,30.95,0.028688510575399236,0.04831706590115161,0.030354283947639872,0.4215595174843034,0.053778088411713866,31.886000000000003,30.811500000000002,29.037,1,27,5,31.61472502814486,30.360757072127633,72.52396166134181,0.9484910765512637,0.8721370115759967,33.86939246308654,27.75360753691346,0.022704575531511544,0.01970524234374673,0.021884476505469496,618976152.0,1.2090026201471946,0,0,-1,0,0,0.016801292407108225,0.37859043322617386,0.4985105713012004,0.3128110245948804,0.002147898128259884,0.22551594746716686,1.9027521921059953,0.040263319044703046,0.0
2025-05-28,32.89,32.66,0.04352567659981243,0.01484875767057841,0.035924525288464515,-0.13374713332163474,0.007017572658646761,32.04600000000001,31.093,29.281333333333333,2,28,5,31.846593204845792,30.523934035216175,71.57024793388427,0.993058152032738,0.896321239667345,33.78950924442595,28.396490755574046,0.02267116789999315,0.01949415201741211,0.021053317285559977,631088925.0,1.3328342958323922,0,0,-1,0,0,0.00642988364972446,0.2430282947071232,0.49893862925749294,0.30946006954896316,0.01200000000000001,0.206529713866471,1.5892843365396272,0.019914867740954516,0.0
2025-05-29,33.71,32.89,0.02196567929303063,0.03211522761518238,0.0258549450749853,0.09692869956466371,0.024625869045003797,32.279,31.3805,29.544666666666668,3,29,5,32.18539444032837,30.729486678105456,71.71052631578945,1.0820715798084493,0.9334713076955659,33.89018209352046,28.870817906479544,0.023475664583671136,0.019462430348063484,0.021261998536425998,644434558.0,1.8564104242639683,0,0,-1,0,0,0.021587108543630308,0.7204396219733152,0.45835497218707927,0.30895650365935345,0.06139798488664994,0.205650929899857,0.7995051646909874,0.026294867991693702,0.0
2025-05-30,33.38,33.71,-0.008068174649510314,-0.020972842753712653,-0.010931567768965084,0.3952291684020765,-0.009837611012280261,32.432,31.620500000000003,29.828666666666667,4,30,5,32.40259545117776,30.900487537582524,67.46031746031747,1.1131553584953124,0.9694081178555152,33.91103406781038,29.32996593218963,0.023893884122848597,0.019684188466661055,0.01976759461344627,624619971.0,1.5363229254930815,0,0,-1,0,0,-0.01127261940077136,2.4795167398119395,0.4299280360065031,0.3124768046574659,0.06952899711630889,0.16794961511546558,1.0097236800744145,0.0161024565608149,0.0
2025-06-02,33.11,33.38,0.0035938942545892623,-0.0005206977467293197,-0.007586138641989278,-0.4179217099555083,-0.008121566674534234,32.476,31.783500000000004,30.107666666666667,0,2,6,32.53121446005453,31.043036728706234,64.19753086419752,1.1032847536659816,0.9961834450176086,34.00652094125839,29.56047905874162,0.023001661626898418,0.017994695653930633,0.019861034835895065,611573774.0,1.1934210563478598,0,0,-1,0,0,0.0020970641102456646,0.48719620720513057,0.4291452655926068,0.2856569377115716,0.0697899838449112,0.10921273031825796,1.0137386195468747,0.023255813953488465,0.0
2025-06-03,32.6,33.11,-0.015060525625721237,-0.019231361927887644,-0.011026145398746676,-0.14715097855278053,-0.015523063186492832,32.477000000000004,31.909499999999998,30.393000000000004,1,3,6,32.54372092186279,31.143485972015508,59.39741750358681,1.0422945675043565,1.0054056695149582,34.00816599233377,29.81083400766622,0.02361001125989417,0.01856807806388561,0.019131122990464728,600312771.0,0.6580370602300057,0,0,-1,0,0,-0.004832376925400078,-0.03640584806378785,0.25955583841283414,0.29475910128885013,-0.0018371096142068,0.08377659574468099,1.102254652360092,0.015030674846625828,0.0
2025-06-04,32.27,32.6,-0.015753174283497554,-0.007766733628094917,-0.00943768125179087,-0.13242179271130344,-0.010174282308791445,32.454,32.031000000000006,30.643666666666668,2,4,6,32.4939534815241,31.216164296401605,56.171983356449395,0.9563074465229775,0.9955860249165621,33.89324426008518,30.168755739914825,0.023828990753252805,0.01864805729666691,0.019132017957836867,590448454.0,0.2566795399751322,0,0,-1,0,0,-0.005061349693251507,-0.4608126422816293,0.25772555854889984,0.2960287322487845,-0.018850714502888333,0.08143431635388754,2.071564975139291,0.016733808490858353,0.0
2025-06-05,32.46,32.27,-0.007582241354302014,0.006096650494906488,0.000466236701273431,0.03896161841757135,0.005870556022574658,32.524,32.14,30.875,3,5,6,32.48778012124699,31.29641176114989,54.40115440115439,0.8931972241413,0.9751082647615097,33.8166633532136,30.463336646786402,0.022535996662195454,0.018486026994535908,0.01867827065665315,600704686.0,0.3817104958925337,0,0,-1,0,0,-0.002479082739386594,-0.3838905249366653,0.12653901156638633,0.29345658094301275,-0.03708098487095812,0.07199471598414786,1.545046061134908,0.022335181762168865,0.0
2025-06-06,33.48,32.46,0.023942211772922956,0.018815938570054726,0.02030214301999047,-0.10966795741498629,0.03093968353482937,32.751,32.2605,31.108999999999998,4,6,6,32.66818373556572,31.43728842172087,55.680224403927035,0.9149405288377999,0.9630747175767678,33.95963259604911,30.561367403950886,0.023060947608384463,0.018861552869134043,0.01841671123735688,609895620.0,1.4354382969706108,0,0,-1,0,0,0.015711645101663525,-0.7271714507076084,0.2995733589682912,0.2994178693933529,0.002995805871779389,0.0775667846797552,1.4166432991210474,0.020609318996415705,0.0
2025-06-09,33.57,33.48,0.021009176089343426,0.008611782992297062,0.009697045682866553,0.05886201167334263,0.002684565370668983,33.013,32.38,31.345000000000002,0,9,6,32.83215032909922,31.574882717093715,56.86274509803919,0.9287286960064236,0.956205513262699,34.09526889099933,30.664731109000677,0.022488304901026906,0.018863390798348947,0.01839880060049429,619643790.0,1.3875375531432816,0,0,-1,0,0,0.005675029868578401,-0.6210781082073494,0.28915447380809484,0.2994470456151328,0.013893083660525551,0.07665169980756903,1.0282076419798232,0.01966041108132272,0.0
2025-06-10,34.36,33.57,-0.0014861051925137193,0.023327211858351595,0.01084567690451651,0.0983389782168265,0.023260286124110983,33.18300000000001,32.534499999999994,31.602,1,10,6,33.10994117835391,31.754567703087673,61.86224489795919,0.9919675312980019,0.9633579168697596,34.38046829533368,30.68853170466631,0.016612629392843154,0.019365245211435636,0.01860766662227326,630399304.0,1.977823784530409,0,0,-1,0,0,0.0014894250819182948,-0.2675142604516734,0.2650458289615632,0.30741373744345873,0.053987730061349604,0.09881675727534378,0.12707731866489538,0.03191501746216537,0.0
2025-06-11,33.49,34.36,0.024387869479198243,-0.0011040750736414989,-0.008285627317192557,0.05166263669046111,-0.02564621030994132,33.243,32.6445,31.80966666666667,2,11,6,33.17904278228956,31.86653107708202,60.853199498117945,0.960807444631314,0.9628478224220706,34.439715571282996,30.849284428717006,0.019171241291126222,0.020502322241882615,0.01940217189298064,619073528.0,0.9419481576752851,0,0,-1,0,0,0.0026193247962748374,-0.08542817443684433,0.3488954642981654,0.32546427570797787,0.03780601177564291,0.07031000319590941,-0.7252998291039536,0.03986264556584057,0.0
2025-06-12,32.58,33.49,-0.04330451221917758,-0.04162962729618334,-0.02559164797473888,-0.08375855404457791,-0.027548283632214246,33.13,32.7045,31.963666666666665,3,12,6,33.070125912782366,31.912561330173503,58.22328931572628,0.8528523061359721,0.9408487191648509,34.39916624567168,31.00983375432833,0.019318382428593992,0.021628242636533034,0.020042543773499323,608657741.0,-0.14693158646192267,0,0,-1,0,0,-0.01492982979994028,-0.3213124251789417,0.42909516403176584,0.3433377078697821,0.003696857670979492,0.03824091778202665,-0.026474246702764666,0.023480662983425434,0.0
2025-06-13,31.73,32.58,-0.04115043078762403,-0.021945409808862046,-0.031504838965471765,0.15487595002506638,-0.026435997578794862,32.965,32.6985,32.068666666666665,4,13,6,32.82646665591284,31.90078317983973,54.37219730941705,0.6907466870169969,0.8908283127352802,34.40670034570335,30.990299654296653,0.020579269662842986,0.022280684554858002,0.020571610926476296,596497173.0,-1.133941931853694,0,0,-1,0,0,-0.028238182934315476,0.19544140710485566,0.3613675455061763,0.3536949022345928,-0.052270011947431194,-0.003767660910518056,1.054740245060709,0.03309171131421381,0.0
2025-06-16,32.2,31.73,0.011618909168200709,0.0070628268417031225,0.01454341156769489,-0.16505392953050804,0.01470384695525852,32.874,32.675,32.147000000000006,0,16,6,32.712563627565046,31.920087490817817,47.00520833333337,0.5933619804478028,0.8313350462777848,34.39772122557919,30.9522787744208,0.021437215850631436,0.02174458585808949,0.01921468673174472,606807486.0,-0.5514531230556987,0,0,-1,0,0,0.009454774661203931,-0.43719855059872037,0.39761771379313976,0.3451845992555809,-0.0408102472445635,-0.014386287113559826,0.6739984084773764,0.025465838509316777,0.0
2025-06-17,31.44,32.2,-0.010356282737831918,-0.02165256258599391,-0.0223765584857171,0.206029352481168,-0.02388548498935685,32.757999999999996,32.6175,32.19233333333333,1,17,6,32.48118842255322,31.889114104313443,41.169305724725945,0.44967468065201643,0.7550029731526311,34.426761262448856,30.80823873755114,0.022128000780189516,0.022350287818179243,0.01977581237333396,594138284.0,-1.301636225169865,0,0,-1,0,0,-0.015527950310559115,0.3307626949995407,0.2872609288021243,0.3547998197857121,-0.08498253783469145,-0.035286897821417695,2.2074360974123146,0.026240458015267153,0.0
2025-06-18,31.16,31.44,-0.01205980976063257,-0.011004670088250713,-0.007571522276964065,-0.346241518316994,-0.008945746558458277,32.647000000000006,32.5505,32.236333333333334,2,18,6,32.24097234572536,31.84207448468032,33.37679269882659,0.3096384807476049,0.6659300746716259,34.473737128551825,30.627262871448174,0.02209021479423606,0.022409822864503458,0.019792116292092658,585176830.0,-1.4459995383377702,0,0,-1,0,0,-0.0038167938931298025,-1.0082016795169955,0.2826154956335105,0.3557449093469116,-0.06957300686772172,-0.04123076923076918,1.4651510159166863,0.02278562259306795,0.0
2025-06-20,31.39,31.16,-0.0006387735764947879,0.004731123791012446,0.007089942686630932,0.6778527533053873,0.007354149851314642,32.540000000000006,32.532,32.27333333333333,4,20,6,32.08625010104802,31.812908388894495,36.856010568031685,0.21474244400486242,0.5756925485382732,34.49398181224691,30.570018187753085,0.02216396607100942,0.021938893136829684,0.01966915129370456,602827703.0,-1.1641290381709997,0,0,-1,0,0,0.004492939666238786,1.7889758429355853,0.2890184109685163,0.34826913168043855,-0.03652547575199505,-0.011649874055415621,0.2022795436363372,0.02038865880853777,0.0
2025-06-23,31.88,31.39,-0.0003195398653168451,0.009707294013195734,-0.013579258126380866,-0.4793690972118388,0.015489483068152158,32.38,32.5655,32.300333333333334,0,23,6,32.04875008267565,31.81723687993356,42.10526315789473,0.17703480901833046,0.4959610006342847,34.45394101673652,30.677058983263475,0.019870631327152135,0.02183459278221427,0.019304972484374367,613756663.0,-0.7259956693639666,0,0,-1,0,0,-0.003185727938834069,-0.32700171891718044,0.26897218878296153,0.34661341488062913,0.004727387330601962,0.02146747837231655,-0.861154443855573,0.04297365119197003,0.0
2025-06-24,31.86,31.88,0.03547695862673937,0.018524765614353494,0.03203348848717574,-0.004089617751533861,-0.0006275494401118012,32.209,32.611,32.323,1,24,6,32.01443188582553,31.81999579090559,44.931506849315056,0.1438788578577288,0.42554457207897356,34.37532363662266,30.846676363377334,0.01976089452560604,0.02172367289065957,0.019301330549016886,602872307.0,-0.8513177337890129,0,0,-1,0,0,0.01693851944792982,-0.384545167362209,0.24000982645416355,0.34485261618960517,-0.010559006211180222,0.029402261712439426,-0.4872991014846383,0.030445699937225325,0.0
2025-06-25,31.34,31.86,-0.013977553235780017,-0.020708513167550503,-0.01572834075500583,-0.43290966481006266,-0.016456067554027645,31.907,32.545,32.32533333333333,2,25,6,31.891807906584525,31.789028320524586,43.79172229639518,0.07478084646001903,0.3553918269551827,34.398128222907154,30.69187177709285,0.01721307548645576,0.018010847677736676,0.01955006934877658,595812506.0,-1.3005036403898926,0,0,-1,0,0,0.003452605147520384,-1.5727677919675873,0.2012079867296777,0.2859133431405387,-0.0031806615776082126,-0.040416411512553485,0.05246834121297135,0.02536694320357376,0.0
2025-06-26,31.52,31.34,-0.014810417240162629,-0.010359533865739321,0.0061460064955211,-0.11087884327978939,0.005727028061803607,31.709999999999997,32.4765,32.333,3,26,6,31.8242064690237,31.771671654684294,43.71657754010694,0.03415099882409223,0.29114366132896463,34.3766193868332,30.576380613166805,0.016741829684139762,0.017979196986567532,0.019575698571909397,602131361.0,-1.006778844137933,0,0,-1,0,0,0.0051052967453733295,-1.6031202925794852,0.18952332063277744,0.2854109039945975,0.011553273427471034,-0.04165399817573734,-0.9916514875801804,0.008645304568527946,0.0
2025-06-27,32.16,31.52,0.007905179507113247,0.022928556499678076,0.0013518351229692875,1.2300464706888468,0.020101179321087088,31.668,32.399,32.359,4,27,6,31.885259838292118,31.796725096317566,40.70422535211267,0.05298344299738034,0.24351161766264778,34.21171416157869,30.58628583842131,0.016776287575260864,0.017641390496318674,0.019906677660919678,623750619.0,-0.26369298046621936,0,0,-1,0,0,0.007296954314720825,2.570565086320028,0.22916662846448763,0.28004839220782524,0.024530105129021873,-0.045980421239988245,-0.6849945821811336,0.030006218905472525,0.0
2025-06-30,32.44,32.16,0.020265697459582923,0.002618004113306386,0.017956065990935077,-0.8013202650928584,0.008668784936446485,31.738999999999997,32.352,32.37866666666667,0,30,6,31.986121685875368,31.838226703006757,42.24965706447186,0.08947058936679397,0.21270341200347703,34.10539190083215,30.598608099167837,0.014485390793639984,0.017707434221761964,0.019787500894609032,633451961.0,0.1003768751962824,0,0,-1,0,0,0.007462686567164241,-0.4469062713893858,0.21363431518887424,0.2810968038469003,0.017565872020075313,-0.028160575194727477,-0.5287355546840392,0.014796547472256378,0.0
2025-07-01,33.41,32.44,-0.005881459455176135,0.031787147283191666,0.004672177943170237,0.492266555106055,0.02946302712145291,31.860000000000003,32.367000000000004,32.40333333333333,1,1,7,32.24500865207985,31.939631431845033,43.6412315930388,0.1944166944782495,0.20904606849843155,34.15253368109505,30.581466318904955,0.016568506927147814,0.018933579746474413,0.019981749944302952,649323552.0,1.1682781580018493,0,0,-1,0,0,-0.007090012330456131,1.2905058613655833,0.2765880851679555,0.30056126062428395,0.048650345260514705,0.009060706735125157,-0.6400573967483812,0.041304998503442165,0.0
2025-07-02,33.99,33.41,0.0455175659028618,0.01581586437361071,0.03721075841841746,-0.5483069496553084,0.01721110733935963,32.114999999999995,32.4365,32.45,2,2,7,32.56227980624715,32.071913274951804,53.48189415041782,0.32069165780513487,0.23137518635977222,34.36287401407779,30.510125985922212,0.013881513882295719,0.01889145726422273,0.020192152227424095,658496180.0,1.6128747466973126,0,0,-1,0,0,0.008979347500748407,-0.5850724139879762,0.15292480289969776,0.29989258694842785,0.08455647734524585,0.04263803680981604,0.39729280204402107,0.02044719035010298,0.0
2025-07-03,34.08,33.99,0.008565995370192087,0.00409776660040993,0.013678476722334555,-0.8989170744297907,0.002644338253090202,32.407,32.527,32.50266666666667,3,3,7,32.83822893238403,32.201467257212975,61.79245283018868,0.4231499150235791,0.2697301320925336,34.58594300936141,30.468056990638594,0.012761552082482325,0.018665382407324873,0.020176021111482912,662229533.0,1.5085410260885936,0,0,-1,0,0,0.00029420417769926476,-1.841880273585166,0.16741200586327656,0.29630375985421037,0.08121827411167515,0.056089246978617835,0.10249440775701131,0.011003521126760564,0.0
2025-07-07,33.81,34.08,0.0,0.006115336472133037,-0.017878902940207695,0.8315157803604554,-0.007954085241320264,32.649,32.5945,32.571000000000005,0,7,7,33.014914581041474,32.305243563199234,67.9930795847751,0.47706279557907294,0.3111966647898415,34.73124100098064,30.457758999019354,0.013857240643018414,0.018803895185989374,0.01973029002081514,653654777.0,1.1377139292428606,0,0,-1,0,0,-0.002347417840375537,-0.5775328795833042,0.22826793331732692,0.2985025820487152,0.05130597014925398,0.04158964879852123,0.24948557960660467,0.035048802129547536,0.0
2025-07-08,33.98,33.81,0.0017631506183810029,0.0008705746342063263,0.016992509027835542,-0.10672324472995015,0.00501549952399125,32.858999999999995,32.6195,32.663333333333334,1,8,7,33.19038465721575,32.41329236557348,66.24087591240874,0.5274268724179407,0.3544427063154613,34.81086559202323,30.428134407976778,0.013573664417007551,0.01752847571932287,0.01938394221112726,661361548.0,1.2416914867627225,0,0,-1,0,0,0.007394262052647146,-0.7696903180970868,0.23119679259965764,0.278255925692174,0.047472256473489516,0.014934289127837452,0.47535065526081816,0.018981753972925345,0.0
2025-07-09,34.54,33.98,0.0076045993852192125,0.01010109598650392,0.008535739830861278,0.23888824266781641,0.016345956474746706,33.126999999999995,32.66799999999999,32.783,2,9,7,33.435769264994704,32.550499309730036,79.35606060606064,0.6055477090020389,0.40466370685277686,34.98715229522114,30.348847704778848,0.01365590226252741,0.017870993998896936,0.019412291315131315,671147888.0,1.6143829828316645,0,0,-1,0,0,0.010005885815185505,-0.24911218048209685,0.1669321898893172,0.283693234815654,0.033822208919485286,0.028894846589216483,-0.3854642894834314,0.020411117544875665,0.0
2025-07-10,37.35,34.54,0.035211881629488344,0.08316335109526131,0.03357422182931512,0.8863040050043037,0.0782148388602938,33.727999999999994,32.8175,32.93933333333334,3,10,7,34.14744758045021,32.860144515553905,89.628681177977,0.8840122082174773,0.500533407125717,35.8665369489066,29.76846305109341,0.024666747798370525,0.02490331239140274,0.02218325512218551,694890978.0,2.9730699076148515,0,0,-1,0,0,0.029241459177764852,2.496733133115807,0.5657530073950872,0.3953278284564292,0.09885260370697257,0.08701979045401642,1.9138656998135006,0.06854082998661318,0.0
2025-07-11,37.13,37.35,0.04778503794147966,-0.008891306667334788,0.0429688169718568,-0.8275937241117373,-0.005907643389837584,34.289,32.9995,33.080666666666666,4,11,7,34.68972983855017,33.13561906293753,86.79487179487185,1.0745583291615617,0.615338391532886,36.601893794775826,29.39710620522417,0.025564953956686585,0.024044246530875404,0.022262002236207924,684512878.0,2.2931973766943723,0,0,-1,0,0,-0.0016064257028113058,-0.20340137589389987,0.5847213999203207,0.381690580695743,0.08949530516431947,0.10868916094356518,1.868862756314104,0.018200915701588882,0.0
2025-07-14,37.7,37.13,-0.0024164329116284564,0.0061129758466083066,0.00799850676433853,0.02124863300761569,0.015234826264976428,34.843,33.2555,33.21366666666667,0,14,7,35.2370516860865,33.43009525242543,86.92893401015235,1.257071007061782,0.7436849146386653,37.41672186003442,29.094278139965574,0.025537414611667843,0.02285958969701959,0.022023047609939353,695113858.0,2.1361514235452175,0,0,-1,0,0,0.0018852679773767918,-0.16019172908970003,0.541976131950443,0.3628847364677292,0.11505471753918961,0.15715162676488648,1.838113212935997,0.01618037135278513,0.0
2025-07-15,37.13,37.7,0.004827040748315944,-0.0018565182364545163,-0.002156916446892949,-0.07351174643509308,-0.015234826264976362,35.312,33.5255,33.33866666666667,1,15,7,35.58122410679805,33.66879878452702,81.25741399762757,1.3402695893817622,0.8630018495872847,37.96163143462521,29.089368565374794,0.02737043868143606,0.02212947554462778,0.022158916819533817,685264220.0,1.6250645649792532,0,0,-1,0,0,-0.00848806366047746,-0.28853561160001245,0.5987163449070768,0.35129453361222446,0.09270158917010018,0.1701859439016704,1.5290617499015469,0.016698087799623066,0.0
2025-07-16,37.41,37.13,0.00026748696160559083,-0.0018599713081008855,-0.007515349110950328,-0.12344959795159968,0.00751278017106596,35.712,33.785999999999994,33.482,2,16,7,35.91372881465295,33.91016660488012,87.05738705738709,1.412516118670844,0.9729047034039966,38.49772512825363,29.074274871746358,0.02682768245603125,0.022073304388800764,0.022053547027691255,693969982.0,1.5382900748046013,0,0,-1,0,0,0.007002423915970859,-0.5007055525843064,0.6038963923178687,0.3504028441571844,0.08309206716850026,0.16180124223602466,1.7155208524086754,0.022117080994386647,0.0
2025-07-17,36.47,37.41,0.00626543408001734,0.009528923345878326,-0.012935261360340405,0.5636877722796695,-0.02544804353946589,35.96,34.0375,33.611,3,17,7,36.014869030170594,34.07531714650076,77.65363128491624,1.3780367200378407,1.0539311067307655,38.7589354418529,29.316064558147104,0.029097088319057555,0.02218960003243113,0.022421630166202796,678672735.0,1.0304069726072032,0,0,-1,0,0,0.005747126436781701,0.7864013296940112,0.26074006431136826,0.3522489802668213,-0.02356091030789831,0.15998727735368945,0.006977229237049928,0.045516863175212606,0.0
2025-07-18,36.51,36.47,-0.026255294736379383,-0.032122676254240874,-0.003308497349487744,-0.6246007504633739,0.001096190846956703,36.202999999999996,34.305,33.75233333333333,4,18,7,36.104892842866846,34.23239345962975,76.04790419161682,1.338509707205283,1.110846826825669,38.94552855428808,29.664471445711918,0.029129554770549,0.021907144839508234,0.022271278547888282,686864031.0,0.9503227807799898,0,0,-1,0,0,0.004935563476830264,-0.6109153439833127,0.26334943675521705,0.3477651430848647,-0.016698087799623118,0.1716944801026956,-0.39816098937234073,0.01588331963845508,0.0
2025-07-21,36.86,36.51,-0.001365187925339859,0.014046692329904251,0.010445502664632149,0.11495795138826417,0.00954075657413187,36.507999999999996,34.578500000000005,33.899,0,21,7,36.24218505325469,34.40191646223428,76.2470308788599,1.3202078059010773,1.1527190226407509,39.13974763633862,30.01725236366139,0.02863631595166938,0.02190848893194683,0.022290265449055234,696053242.0,1.0003841851618431,0,0,-1,0,0,0.0024650780608053524,-0.34494673720493096,0.23982274682637839,0.34778647989085437,-0.022281167108753386,0.17425931825422114,-0.6669655178235142,0.019533369506239795,0.0
2025-07-22,37.17,36.86,0.006807378228025108,0.003881940488301538,0.007900872049396343,0.15457200140316488,0.00837503206748368,36.827000000000005,34.843,34.022000000000006,1,22,7,36.41087867993565,34.58050249692885,74.2268041237114,1.3155529509658663,1.185285808305774,39.35866676314734,30.327333236852667,0.028603750125829396,0.021840843752028296,0.02171981077831009,706778506.0,1.0306340667078466,0,0,-1,0,0,-0.0002712967986977214,-0.02679317647828026,0.2316280167949004,0.3467126459501144,0.001077295987072402,0.16593475533249702,-1.975515681886828,0.015469464622006879,0.0
2025-07-23,37.44,37.17,0.018817759574798056,0.011159940455438673,0.01361115279241886,0.16841005459682998,0.007237667300230382,37.117000000000004,35.122,34.150999999999996,2,23,7,36.59799164722008,34.76498620680441,73.1543624161074,1.318452389965735,1.2119191246377663,39.550323194595556,30.693676805404444,0.0284974222105019,0.02174929308943308,0.021728418490549423,719471017.0,1.046897391242332,0,0,-1,0,0,0.010223298358891457,0.35809998766955914,0.23109002081774307,0.3452593242365737,0.000801924619085792,0.17514124293785316,-1.9759700429998404,0.013087606837606892,0.0
2025-07-24,33.26,37.44,-0.03951902661901936,-0.043059489460447,-0.14230834862948083,1.2456088141105883,-0.11838417784460974,36.708000000000006,35.218,34.114333333333335,3,24,7,35.99108407499824,34.66789032249445,46.447140381282495,0.9722516382993547,1.1639856273700842,39.37610989450017,31.05989010549984,0.03755076828823628,0.03427267697887029,0.029964857521689616,675363909.0,-0.941774051036894,0,0,-1,0,0,-0.03592414529914527,3.561961691399549,0.8409918004477567,0.5440618803032358,-0.08801754867013989,0.06126356094447982,-2.215095319885766,0.11575466025255567,0.0
2025-07-25,33.21,33.26,-0.07909657922949151,-0.08220389192546289,0.006767174394584186,-0.9534208987529591,-0.001504438376126315,36.315999999999995,35.3025,34.105,4,25,7,35.48543242499856,34.57383288233352,47.34982332155476,0.6859433384091744,1.0683771695779023,39.20502212644228,31.399977873557724,0.03764070886682276,0.03428661148605826,0.029601698902746634,658364135.0,-1.0723834137015495,0,0,-1,0,0,0.0027059530968130915,0.4215779621540793,0.8376516786920343,0.5442830837472054,-0.09038619556285943,0.053616751269035534,-2.198718507076826,0.023164709424872063,0.0
2025-07-28,32.52,33.21,-0.010550210895152486,-0.009911396982342684,-0.015446708114306849,-0.067231001888311,-0.020995750709045323,35.798,35.3205,34.103,0,28,7,34.94626289318064,34.4413275350862,43.83445945945948,0.39876796569283357,0.9344553288008886,39.16488058798375,31.476119412016256,0.03661264832047614,0.03443765317619263,0.029420585234151312,642469700.0,-1.4569317141770142,0,0,-1,0,0,-0.006323396567299032,0.3349307472047886,0.8026220329106744,0.5466807962453959,-0.11774281063483438,0.011194029850746468,-1.9599255290413402,0.028905289052890675,0.0
2025-07-29,31.1,32.52,-0.01066270574404018,-0.00682907274994223,-0.03259266500789838,-0.17957881310878726,-0.04464746549442147,35.195,35.2535,34.082,1,29,7,34.246942367147795,34.22575801669355,36.45669291338582,0.05595229800119483,0.7587547226409499,39.34783639633079,31.15916360366921,0.03780080907768635,0.035796155817109335,0.030132011816211935,629187959.0,-2.028900216270568,0,0,-1,0,0,0.003997539975399614,0.006691322011487046,0.7553242458710375,0.5682463571051364,-0.16330373957492605,-0.04130702836004918,-1.3938171744281072,0.05610932475884247,0.0
2025-07-30,30.71,31.1,-0.04031166024023292,-0.04596182416072892,-0.0208002299147564,-0.11118356142623889,-0.012619484732457458,34.525,35.1185,34.032333333333334,2,30,7,33.60386193675728,33.99893491884235,17.70428015564198,-0.2443842199680546,0.558126934119149,39.62597811390936,30.611021886090633,0.03688141912412864,0.035088825497655185,0.03007531522573803,617303796.0,-1.9560827090412547,0,0,-1,0,0,0.00836012861736328,-0.1351070264891252,0.6979626956717324,0.557017836384827,-0.17975427350427342,-0.08081412750673445,-1.6117152066542422,0.029632041680234453,0.0
2025-07-31,30.93,30.71,-0.02780651186884114,-0.002234637801416377,-0.0026307150982485834,0.12754278800867702,0.007138252244247248,33.971,34.965500000000006,34.01533333333334,3,31,7,33.11770522098323,33.80093911762672,19.84435797665364,-0.45935574578478366,0.3546303981383625,39.82801602622212,30.10298397377789,0.03767962519493211,0.0348414104266744,0.029805919471477253,630804603.0,-1.6598402877184328,0,0,-1,0,0,-0.006838163464669516,0.030794189295027877,0.3106518900347985,0.5530902438942797,-0.07005411906193626,-0.09002647837599298,-0.7655283630250744,0.029744584545748406,0.0
2025-08-01,29.8,30.93,-0.007239255044117912,-0.03182086661107902,-0.03450350634282178,-0.07124123115733323,-0.03721819318561947,33.3,34.7515,33.97,4,1,8,32.51448608989537,33.54281401326371,13.560885608856026,-0.712688357227691,0.1411666470651518,40.12769812839833,29.37530187160167,0.0376991631154006,0.03553589053593692,0.030505873846944805,618232149.0,-1.8420080070505682,0,0,-1,0,0,-0.021015195602974414,-0.1372166579455487,0.31941720390433553,0.5641147738518173,-0.1026799156880458,-0.12558685446009388,0.4535317367546981,0.03255033557046976,0.0
2025-08-04,29.75,29.8,-0.00995693589479645,-0.004298237730008947,0.009160369398664195,-0.5826965803648976,-0.0016792615197200253,32.589,34.548500000000004,33.91533333333333,0,4,8,32.011852255368936,33.298116334988634,14.244186046511572,-0.9070351228057234,-0.06847370690902324,40.363110544952974,28.73388945504703,0.03689575903573005,0.03554621131049968,0.03046460508777492,611211809.0,-1.6504974711212799,0,0,-1,0,0,0.006040268456375829,-0.8071061629183883,0.3487118371364979,0.5642786110688011,-0.08517835178351796,-0.12008281573498969,-0.23619839194142953,0.01915966386554623,0.0
2025-08-05,29.92,29.75,-0.004345652835840506,0.0016553554516639216,-0.0025361413543013482,0.2838388425919046,0.005698021114637796,31.863999999999997,34.3455,33.85,1,5,8,31.63151548166549,33.080173345634535,13.320274240940265,-1.0354032710756265,-0.2618596197423439,40.51625777996126,28.17474222003874,0.03666979261263586,0.03555750157047552,0.030328165189848676,620536357.0,-1.4343457182426576,0,0,-1,0,0,0.003361344537815174,-0.5381845207908992,0.2852884207159304,0.5644578383896011,-0.037942122186495175,-0.11948204826368436,-1.3391832159850083,0.02322860962566846,0.0
2025-08-06,29.71,29.92,0.0026764820259963205,0.00016538493380943174,0.0008460953208024044,-0.053820281197382504,-0.007043463631760277,31.090999999999998,34.104,33.77833333333333,2,6,8,31.28214903045358,32.8627428072065,14.345991561181435,-1.1409292758902154,-0.43767355097191823,40.61157097541053,27.596429024589472,0.03572025489495384,0.03517125976429619,0.030343131189629384,611700393.0,-1.3504270692100455,0,0,-1,0,0,0.00033422459893041475,-0.5906410626930182,0.28190702351506863,0.5583264397990796,-0.03256268316509281,-0.13983786913723217,-1.6902536568798094,0.022719623022551354,0.0
2025-08-07,29.56,29.71,0.0,-0.005472196724738504,-0.006788892333686203,-0.3361651978576071,-0.005061593394515332,30.720999999999997,33.7145,33.719,3,7,8,30.969031024916564,32.64966262609641,13.764337851929099,-1.2225701141251193,-0.5946528636025585,40.33555882771074,27.09344117228926,0.017163147195226287,0.02841831262268629,0.030227573087131313,605387052.0,-1.25493523259827,0,0,-1,0,0,0.007404914170312987,-0.8145290077819333,0.25692081041488163,0.45112672727829395,-0.044293566117038496,-0.20856760374832672,-1.7199928164180043,0.024018944519621138,0.0
2025-08-08,29.62,29.56,0.0003340571268747182,-0.002163962558961551,0.004757059599459241,0.11545387614068713,0.0020277127596518346,30.362000000000002,33.339000000000006,33.65566666666667,4,8,8,30.723752656749916,32.45420052118696,11.075268817204304,-1.2678149860855115,-0.7292852880991492,39.99619681800766,26.68180318199235,0.017428144745516665,0.028551373992831704,0.03020450800974385,612473037.0,-1.1172870809347695,0,0,-1,0,0,0.012855209742895892,-0.6887861356678848,0.08215647030816042,0.4532390110453796,-0.006040268456375841,-0.20226232157285218,0.3312419536388168,0.01704929101958133,0.0
2025-08-11,29.06,29.62,-0.011421017661467584,-0.0025027125768686364,-0.01795687411995873,0.11646537459315884,-0.019087150697515966,30.016000000000002,32.907,33.55233333333333,0,11,8,30.421252173704474,32.23521984240071,7.539267015706798,-1.333487578235836,-0.8501257461264866,39.493602350705835,26.320397649294158,0.017324076823292307,0.02791892312969921,0.030071248089604912,604511801.0,-1.1681288151812421,0,0,-1,0,0,-0.0006752194463200396,-0.5591208545005482,0.15081726174580984,0.44319916484347927,-0.023193277310924465,-0.2291777188328913,-0.7306759408224937,0.03286304198210593,0.0
2025-08-12,30.72,29.06,-0.007460190584283534,0.031247403291967776,0.01217749376354424,0.42669257653699677,0.05555125013733464,29.978,32.5865,33.495,1,12,8,30.47556996030366,32.13746372353615,19.287020109689237,-1.2373223717640371,-0.9275650712539967,38.927106894413356,26.245893105586646,0.02419541082911104,0.03194971810143415,0.03195710419112463,616709860.0,-0.5887449044174481,0,0,-1,0,0,0.011011699931176885,-0.04860901186152989,0.47228726858014997,0.5071860513300809,0.026737967914438387,-0.1726366819283599,1.8736040656880435,0.05045572916666669,0.0
2025-08-13,30.97,30.72,0.04166575009895254,0.008705520076886759,0.03583172542281639,-0.4373298469517745,0.008105085705639935,30.004,32.264500000000005,33.41366666666667,2,13,8,30.565466331157538,32.06214348330801,33.66619115549217,-1.1279357014882478,-0.967639197300847,38.21586242694489,26.313137573055123,0.023979313749542205,0.03196618561991371,0.03146740765015066,624586859.0,-0.4350264383627986,0,0,-1,0,0,-0.0029296874999999957,-0.5789789746424965,0.4587662001460784,0.5074474650817247,0.042409962975429094,-0.17214648489708628,1.5525814015957067,0.024216984178237005,0.0
2025-08-14,30.7,30.97,-0.003597714428427588,-0.010650415341492378,-0.005938651567582494,-0.30390869635295653,-0.008756339391959994,29.981,31.976,33.304,3,14,8,30.589926998219802,31.974263258578464,32.6417704011065,-1.0509183877224473,-0.9842950353851672,37.620478997915086,26.331521002084916,0.024058763920334434,0.031737429108301185,0.03127271517743676,618774199.0,-0.45212321649927983,0,0,-1,0,0,-0.01453019050694218,-0.7658470217235568,0.4663543372095939,0.5038160680386442,0.03856562922868734,-0.15821222922950373,1.5590054312669404,0.019543973941368125,0.0
2025-08-15,31.5,30.7,0.01140263209781177,0.03020122482652679,0.017386037407933395,0.30492506440574907,0.02572489123843592,30.151,31.7255,33.217999999999996,4,15,8,30.75539481672529,31.943665628992758,43.051771117166204,-0.9147832457381604,-0.9703926774557659,36.95195285769368,26.499047142306317,0.021662217196759027,0.03259631334869988,0.03170516626352864,626659208.0,-0.08629179527298307,0,0,-1,0,0,0.005537459283387678,-0.5099775085230235,0.478239221036932,0.5174504326691696,0.06347062795408509,-0.1372226787181594,0.7334546744896635,0.03222222222222224,0.0
2025-08-18,31.31,31.5,0.015110398413806835,-0.011015907035197035,0.008742163495865894,0.02575337526442242,-0.006050010493273073,30.307,31.448,33.13466666666667,0,18,8,30.856232122775232,31.902783975509355,51.71849427168574,-0.8128564735768187,-0.9388854366799764,36.08241406050661,26.813585939493393,0.02187127736001759,0.032368681087620615,0.03169512196344546,618568496.0,-0.05955445421936095,0,0,-1,0,0,-0.005079365079365084,-0.4767333384394864,0.4309668568009921,0.5138368825500232,0.07742601514108749,-0.15056972327726537,1.0484360831394783,0.012679655062280486,0.0
2025-08-19,31.59,31.31,0.00031903015105494496,0.009440607402560806,0.006426757338893311,-0.43829884026811505,0.008903079475679525,30.474,31.169,33.055,1,19,8,30.989644464088826,31.88260436418617,57.333333333333314,-0.7013998119281695,-0.8913883117296151,34.945424931488674,27.392575068511324,0.021901322647247555,0.03238277000616297,0.031733354839778447,623788081.0,0.2229621971243793,0,0,-1,0,0,0.001277547109549751,-0.780079750979405,0.22117001526803454,0.5140605371982527,0.0283203125,-0.15012106537530268,0.6048970045663269,0.015669515669515702,0.0
2025-08-20,31.18,31.59,-0.0038350957839425374,-0.001735700632994367,-0.003851095902097423,0.02822824471821286,-0.013063751184363322,30.621000000000002,30.856,32.943,2,20,8,31.02425456152722,31.83727505036771,52.01938610662358,-0.6387896090760563,-0.8408685711989033,33.21605709119424,28.495942908805766,0.022360870518441815,0.032210233350385115,0.03159947865614311,618419057.0,0.274569629022023,0,0,-1,0,0,-0.011396011396011377,-0.7084833726220553,0.25464663109732,0.511321602698867,0.006780755569906427,-0.16720085470085466,1.0937337089901713,0.01796023091725461,0.0
2025-08-21,31.07,31.18,-0.007391966809840967,-0.01752474354332045,-0.017843133567584168,-0.09715536327611618,-0.003534140224674453,30.772000000000002,30.746499999999997,32.73366666666667,3,21,8,31.032571913976813,31.78777343421496,62.28239845261118,-0.5912313064531638,-0.7909411182497554,32.823119469489974,28.669880530510017,0.022289526430789124,0.021193413253161812,0.027301832144485,613547124.0,0.3115640633759972,0,0,-1,0,0,-0.005772931366260415,-1.2427096703771334,0.24402869805951907,0.3364350054029192,0.012052117263843698,-0.06584485868911594,1.0110886609575522,0.01802381718699706,0.0
2025-08-22,32.77,31.07,0.0070717106021397445,0.05503107676658231,0.021694229469681716,0.5503989384333181,0.05327073930576721,31.087,30.7245,32.58833333333333,4,22,8,31.348467929617392,31.851142890072058,72.14076246334308,-0.4116203137263632,-0.715076957345077,32.69799249595513,28.75100750404487,0.02715012861161183,0.024842612152348134,0.02944840170852331,621994786.0,2.0729746925234944,0,0,-1,0,0,0.004827808175088464,-0.16516068025221103,0.43131044110669897,0.3943642420340653,0.04031746031746031,-0.013249021379102666,1.7956278482887185,0.05035093072932555,0.0
2025-08-25,32.52,32.77,0.037716601220244055,-0.002436796819571136,0.037716601220244055,-0.08190390775726777,-0.0076581780311133435,31.433,30.7245,32.41566666666667,0,25,8,31.561473760596048,31.894294961680313,68.84057971014491,-0.2861516406358291,-0.6292918940032274,32.69799249595513,28.75100750404487,0.026003849009898432,0.024445151338653666,0.029233229367694267,614211444.0,1.8196167491693647,0,0,-1,0,0,-0.010680500457735775,-0.28662478978014927,0.4347713729507653,0.3880547472204916,0.03864580006387741,0.0,1.7893620756783972,0.011377613776137682,0.0
2025-08-26,33.4,32.52,0.003387224177730091,0.02172031089266202,0.0023107150387820215,0.04992404414058324,0.02670061530304475,31.701,30.839499999999997,32.291333333333334,1,26,8,31.895751258669492,31.99143722221707,74.37252311756932,-0.11438955612745616,-0.5263114264280732,33.14521349843256,28.533786501567434,0.021506168743902144,0.02281453256246182,0.02971467855927678,622393225.0,2.2210044758298393,0,0,-1,0,0,0.0003075030750306891,-0.05203996743531033,0.4560042586674003,0.36216947663075494,0.05729661285216836,0.07395498392282951,1.0395188737066117,0.030389221556886246,0.0
2025-08-27,33.19,33.4,0.025494552278022463,0.003871933355528405,0.016178619062076856,-0.4551331895776911,-0.0063072742507714885,31.923000000000002,30.9635,32.150666666666666,2,27,8,32.131069211638675,32.06876385304178,73.78768020969854,0.004733325537252142,-0.4201024760350081,33.49552872687021,28.431471273129787,0.022018515461255325,0.022620606770792674,0.029651382176945275,617203002.0,1.7586688305484806,0,0,-1,0,0,-0.0008982035928144053,-1.1411999963288049,0.43535568650775863,0.3590910001254077,0.06446440025657463,0.08075545424942998,1.1334173821846554,0.01852967761373914,0.0
2025-08-28,32.98,33.19,-0.0005995204016498179,-0.008658062743114541,-0.014641103384038238,0.0034785714440086326,-0.006347308600430443,32.150999999999996,31.065999999999995,32.03433333333333,3,28,8,32.28542026406801,32.127553281877795,71.59383033419019,0.0812571407955005,-0.3198305526689064,33.753518127236,28.378481872763995,0.021839189794080404,0.022726262492142473,0.029376897844058343,611994693.0,1.4243624856725856,0,0,-1,0,0,0.004820729135281823,-1.0999947016866785,0.44239340908536484,0.3607682327051039,0.06147409076279353,0.06627869382476548,1.1293521213153113,0.024408732565191018,0.0
2025-08-29,32.9,32.98,-0.009944333869650756,-0.008431245367931307,0.002608363580878702,-0.35116390554141136,-0.0024286593601266274,32.291000000000004,31.220999999999997,31.914,4,29,8,32.39716203423746,32.17738855401471,76.30136986301369,0.13390392322524036,-0.22908365749007709,33.958204874744865,28.483795125255128,0.020975613056910904,0.020762407992424136,0.02936733939990018,608328729.0,1.2267989257884835,0,0,-1,0,0,0.0012128562765314208,-1.758991912336811,0.23439128487094335,0.32959300900088456,0.003967043027158779,0.10402684563758391,2.142743630650315,0.013373860182370752,0.0
2025-09-02,32.25,32.9,-0.02142720483908736,-0.003938802244207205,-0.028757713453234433,0.6750742763763442,-0.019954614529544702,32.385000000000005,31.345999999999997,31.760333333333335,1,2,9,32.37040530073974,32.18207316343312,62.162162162162176,0.12177357984995751,-0.15891221002207018,34.02813897359835,28.66386102640164,0.022160593880601997,0.02145770991637058,0.029421095072044323,601128120.0,0.6740888588537213,0,0,-1,0,0,-0.01762917933130694,0.037952702526025235,0.27450374032831826,0.34063058486208675,-0.008302583025830312,0.08403361344537807,1.3826547130709455,0.03829457364341084,0.0
2025-09-03,32.33,32.25,-0.004962789342129125,0.012370047612138486,0.013004491926565937,-0.5146616759483083,0.0024775484955601524,32.458999999999996,31.466500000000003,31.598999999999997,2,3,9,32.363058882423424,32.1916168303084,61.11111111111111,0.1172637828482408,-0.103677011448008,34.09489775088416,28.838102249115845,0.022067853443061457,0.021458328543759054,0.029354602310942942,605431944.0,0.6570542831346777,0,0,-1,0,0,-0.0027906976744187105,-1.2941106810054286,0.13116019728764874,0.3406404052674315,-0.03203592814371259,0.08054812834224578,-1.1582581475744615,0.038045159294772785,0.0
2025-09-04,31.12,32.33,0.006508623627387478,-0.020294502369830617,-0.03872270517486107,0.8913890205660089,-0.0381448924271508,32.452999999999996,31.537,31.388333333333332,3,4,9,32.13704817652825,32.122480260611084,52.9745042492918,0.015869910179105773,-0.07976762712258526,34.03965627305535,29.03434372694465,0.02512028445434643,0.023286550548354937,0.029881475092692754,594937007.0,-0.33324592313342866,0,0,-1,0,0,0.0012372409526755072,1.680827263016481,0.25570094910938684,0.36966252986089165,-0.062368183187707094,0.047458768091551695,-1.0623070849154705,0.057197943444730115,0.0
2025-09-05,31.39,31.12,-0.035852896643165724,-0.02541196550989969,0.002908387895957002,-0.26796935311446207,0.00863867154367132,32.485,31.628499999999995,31.326,4,5,9,32.0012212353413,32.07522346960392,49.15773353751914,-0.04221212578877598,-0.07225652685582341,33.954384325315274,29.302615674684713,0.02522136670339476,0.02325228802393781,0.02227868941788046,602964912.0,-0.205083285874645,0,0,-1,0,0,0.00353470437017993,0.4660720264342762,0.2979235393636806,0.36911862914750965,-0.048211036992116374,0.06190798376184037,-0.8809071464324253,0.027715833067856036,0.0
2025-09-08,31.71,31.39,0.0012800001747626335,-0.00015694891345089908,0.006593253763092829,0.15058447782812973,0.010142717696393685,32.379000000000005,31.732999999999997,31.276,0,8,9,31.948271919824695,32.051660665113346,53.00300300300302,-0.06170987903097469,-0.07014719729085367,33.85805950381327,29.60794049618672,0.017491214525709724,0.023301163266753522,0.022384172490988112,612297460.0,-0.021646452684006456,0,0,-1,0,0,-0.0038228735266008598,1.001697229581099,0.3291463165958921,0.3698944995740593,-0.03617021276595733,0.0705604321404456,-0.9160588317135189,0.02081362346263009,0.0
2025-09-09,30.99,31.71,0.010814354757776526,-0.005508788622226384,-0.01811467938513175,-0.3025449352532343,-0.022967516750599107,32.226,31.829500000000003,31.225,1,9,9,31.774040661674746,31.98316642865442,45.77464788732393,-0.13371854747964207,-0.08286146732861135,33.586967975304425,30.072032024695584,0.018539137029927197,0.02350946860372366,0.022444737550744578,605401311.0,-0.9553516898133988,0,0,-1,0,0,-0.0031535793125197545,-0.09547882062510962,0.33682893790131513,0.3732012442844022,-0.039069767441860526,0.06641431520991059,-0.7923830238583238,0.0337205550177476,0.0
2025-09-10,31.11,30.99,-0.025634213618949818,-0.008081812469913994,-0.0019604646043819202,0.08574611512841386,0.0038647391098889155,31.996999999999996,31.849,31.22533333333333,2,10,9,31.653305995915698,31.926833110676718,49.48604992657855,-0.17903908774592026,-0.10209699141207314,33.56274505258898,30.13525494741102,0.015298984844941278,0.019843927801613304,0.02098592777519615,612914870.0,-0.8624386677395013,0,0,-1,0,0,-0.0058083252662148996,0.356532133162513,0.339626678333604,0.31501258798673687,-0.037735849056603765,0.0126953125,-0.8167512312327049,0.027322404371584747,0.0
2025-09-11,31.72,31.11,0.017374954470353157,0.013119606499871175,0.0008173273850990113,0.4266728966404671,0.019418085857101516,31.85,31.886499999999995,31.259,3,11,9,31.66543217847648,31.913489039020156,54.44596443228454,-0.16384533339333984,-0.11444665980832648,33.551385328755316,30.221614671244673,0.017465591792358348,0.020228676641214666,0.021132113933652753,624426780.0,-0.20001377527240527,0,0,-1,0,0,0.007714561234329862,2.146930804352357,0.25312618548177285,0.3211202864675722,0.019280205655527016,0.024216984178236922,-1.509490252957279,0.03909205548549806,0.0
2025-09-12,31.66,31.72,0.016450861350315413,0.019131153509249623,0.03025657257655713,-0.101802236374105,-0.0018933423137810883,31.718,31.934500000000003,31.283333333333335,4,12,9,31.664444509662573,31.89713490747047,40.21164021164017,-0.15486053629780727,-0.12252943510622265,33.508211335801754,30.360788664198253,0.017467000814440952,0.020106371188862385,0.021110019389260885,614029129.0,-0.34885686307921904,0,0,-1,0,0,0.004728877679697419,1.427309868035315,0.2517545432336877,0.3191787476021038,0.008601465434851852,0.03127035830618885,-0.8947921160319167,0.028900821225521137,0.0
2025-09-15,31.43,31.66,-0.003457492050310059,-0.020702739562720503,-0.011159050915180341,-0.15429086554446775,-0.007291203643389841,31.570999999999998,31.931,31.337666666666667,0,15,9,31.621818235178466,31.866997171504636,40.35398230088491,-0.16440395126514673,-0.13090433833800746,33.509085448960356,30.352914551039643,0.01748748080181405,0.019350808801078243,0.019961029187327384,605118106.0,-0.6349466061296741,0,0,-1,0,0,0.003158559696778314,0.7145238551522757,0.24558277287215136,0.30718456653367787,-0.008830022075055233,-0.0022222222222222365,0.038096648497523096,0.019090041361756217,0.0
2025-09-16,31.57,31.43,-0.007902680609751732,-0.002655299477935214,-0.015509196166980908,-0.08777690193444364,0.004444451760423976,31.502999999999997,31.944,31.398333333333333,1,16,9,31.61239673787329,31.84783606366563,31.364562118126273,-0.15883934531346,-0.136491339733098,33.50473397038882,30.38326602961118,0.01679052059853336,0.01931896295073817,0.019953821106209794,613280293.0,-0.4792616898148573,0,0,-1,0,0,0.00254533884823423,0.37405254623559786,0.15976028159275174,0.30667902933194263,0.018715714746692536,0.008304056212072863,1.0077922498304057,0.03153943617358249,0.0
2025-09-17,32.12,31.57,0.007272759329079657,0.028582390198081467,0.02730216152494246,0.28856049510962706,0.017271586508660498,31.482,31.970500000000005,31.471666666666668,2,17,9,31.704688240078145,31.865395027300103,39.80952380952379,-0.10879483244175603,-0.1309520382748296,33.52390678239435,30.417093217605657,0.017864001394102103,0.019602870134139246,0.020139134407033178,624172773.0,0.19248016899934028,0,0,-1,0,0,0.00538485904339557,1.430072080796617,0.1870163351336712,0.31118591614816693,0.032465445194471254,0.0167774612219056,0.10317856442009606,0.03315691158156916,0.0
2025-09-18,32.27,32.12,0.01438873745209967,-0.006920442844573795,0.0025316469217797266,-0.1884793176899004,0.004659116985309661,31.596999999999998,32.025,31.557000000000002,3,18,9,31.80747219642757,31.891498573925904,43.159922928709115,-0.0563805293947901,-0.11603773649882171,33.537578836574085,30.512421163425916,0.01228627813182636,0.019335276228274585,0.020060322767851312,633194117.0,0.32395005678503,0,0,-1,0,0,0.0024906600249067685,0.543436611014713,0.14657844149712257,0.306937994584521,0.0173392181588905,0.03495830660679933,0.698152611530714,0.023551286024170993,0.0
2025-09-19,32.52,32.27,0.008811991782131484,0.010744539282977163,0.01068856450635508,0.9099673302283424,0.007717278615739345,31.71,32.097500000000004,31.655666666666665,4,19,9,31.937022706168012,31.93204705302746,46.45522388059706,0.005270340848785082,-0.09177612102930036,33.555355310129485,30.639644689870526,0.012247954758402072,0.019333196619143053,0.02002036694285787,655605313.0,0.5796185630554449,0,0,-1,0,0,0.0066625348621009075,3.5437656456729347,0.14016599370976965,0.30690498181300346,0.02716361339229323,0.04666881235918896,-0.17408599611458894,0.02367773677736776,0.0
2025-09-22,32.3,32.52,-0.007260401090712749,-0.009202518931161783,-0.0021912671156560566,-0.7317238517338865,-0.006788054450999117,31.768999999999995,32.074,31.744999999999997,0,22,9,32.00301857777383,31.95578595283214,50.5070993914807,0.035962386300603555,-0.06622841956331958,33.50103815462182,30.64696184537818,0.01240813602755776,0.014986123442055127,0.020104990487497008,644823758.0,0.31673995438459945,0,0,-1,0,0,-0.008302583025830354,0.5091113432653815,0.13733703419095003,0.2378973344675589,0.027680559974546437,-0.014342386328959567,-0.09401164089486269,0.016718266253870052,0.0
2025-09-23,33.34,32.3,0.0,0.029154813218566066,0.010133378472431207,0.16308677072744004,0.031690647094037364,32.004000000000005,32.114999999999995,31.887666666666668,1,23,9,32.24610610908768,32.045090084907486,58.573853989813266,0.14256199585629759,-0.024470336479396154,33.63976400245002,30.590235997549968,0.012450534614104086,0.016567680321430224,0.020341160110738134,657515145.0,1.6068060342868142,0,0,-1,0,0,-0.0015479876160989833,0.9152801462072161,0.23233676068753245,0.2630037715903382,0.05606588533417822,0.025215252152521517,0.499188675422318,0.03524295140971797,0.0
2025-09-24,33.06,33.34,0.03443887499190768,0.014559758017739576,0.022393573802679544,-0.40614856086608253,-0.008433784929769806,32.199,32.098,31.965666666666667,2,24,9,32.39408681652628,32.11056814394571,69.55645161290317,0.2021193880055563,0.020847608417594338,33.56907694170992,30.626923058290078,0.013405430027294794,0.015539938986785622,0.017899004047067905,649060001.0,1.3078853630617207,0,0,-1,0,0,0.0011997600479903762,-0.15007827644286845,0.25858430296873003,0.24668888368891084,0.02926525529265267,-0.01017964071856281,1.2790508386267714,0.02828191167574093,0.0
2025-09-25,31.93,33.06,-0.015244427735760457,-0.030702523888475906,-0.04055027856917321,0.15702422063667615,-0.03477808566618752,32.22,32.035000000000004,31.997666666666664,3,25,9,32.309707395339686,32.0989185862718,54.639175257731935,0.15633535748995087,0.047945158232065646,33.4142217485193,30.655778251480704,0.01756403380787515,0.017253608906673174,0.0190765880428442,639167280.0,-0.15225977999945198,0,0,-1,0,0,-0.005595886267392688,0.15551777404691108,0.3858894877741534,0.2738925503125575,-0.010536101642392381,-0.037963241940343395,0.18485866492505873,0.03820858127153144,0.0
2025-09-26,32.53,31.93,-0.022611130188562128,-0.008246839652763082,0.010839788803636567,-0.37120103232487933,0.018616733758569565,32.307,32.0125,32.05866666666667,4,26,9,32.34976059618702,32.1267302903833,56.72131147540982,0.1665463266587608,0.07166539191740467,33.34054367398431,30.6844563260157,0.01840939290463481,0.017811220516185937,0.01924418267185917,645992320.0,0.7793418396360878,0,0,-1,0,0,0.006576886940181674,-0.6676157325525366,0.4104315391424747,0.2827443601941569,0.0003075030750305796,-0.01364463311097619,-0.08339063482479002,0.01859821703043335,0.0
2025-09-29,32.76,32.53,0.019106898675501974,0.01385844154771266,0.012576829079952802,0.2919915027715371,0.007045518499608541,32.44,32.0055,32.10066666666667,0,29,9,32.42434957869847,32.16758640068115,65.77540106951867,0.19099598823935082,0.0955315111817939,33.31519622834307,30.69580377165693,0.018088081893058883,0.01788458861516142,0.01873486551193318,655131674.0,1.1521755712078952,0,0,-1,0,0,0.0070703965570241886,-0.14115588039715982,0.4071050877010683,0.2839090426584851,0.014241486068111486,-0.004255319148936176,-0.6111751879286861,0.01999389499389503,0.0
2025-09-30,31.91,32.76,0.0021344725286326196,-0.0051554321919125255,-0.0519350516872257,0.11794075379256858,-0.02628881869471644,32.474000000000004,31.988500000000005,32.120666666666665,1,30,9,32.330831473480565,32.150967923217856,56.30914826498422,0.14016884573707955,0.10445897809285104,33.293652138745884,30.68334786125413,0.020458785068575912,0.018292257217991777,0.01935270571470761,644848279.0,-0.12029248954138975,0,0,-1,0,0,0.0021367521367521456,0.13794216973653067,0.35059812248334776,0.2903805811009948,-0.04289142171565696,-0.010542635658914778,0.07917029649120728,0.066593544343466,0.0
2025-10-01,32.28,31.91,-0.025919377552074643,-0.01046809941155051,0.03340302556859897,-0.1849746845663526,0.011528403111595989,32.489999999999995,31.986,32.14366666666667,2,1,10,32.32158938739319,32.159292573332834,54.590163934426236,0.1282653141955663,0.10922024531339411,33.28858689982232,30.683413100177678,0.0200257864789542,0.01847958491126435,0.019397133189309974,653395069.0,0.45140942234272946,0,0,-1,0,0,0.0025070510811657253,-0.44370280982487076,0.3786875559380049,0.29335431604144246,-0.023593466424682408,-0.0015465511908443474,-0.534821012515983,0.022846964064436204,0.0
2025-10-02,32.31,32.28,0.009024489440321434,0.0008445622214937696,0.000785607707935926,-0.13879729691734632,0.0009289364346588147,32.49400000000001,32.0455,32.181333333333335,3,2,10,32.319482226048976,32.169015633117816,55.35420098846787,0.11987063490582273,0.11135032323187985,33.28889899173244,30.80210100826756,0.019977817037199263,0.016235712335612468,0.019219338960519312,660834233.0,0.4254467017565698,0,0,-1,0,0,0.0,-0.7230977190726525,0.27273061317560515,0.2577339431880854,0.01190103351080496,0.03823907455012865,-1.463208851672429,0.02290312596719288,0.0
2025-10-03,32.52,32.31,0.014455118679512859,0.027552454351104667,0.020981420846825322,0.2139794813807419,0.006478504843203004,32.494,32.102,32.22966666666667,4,3,10,32.355940003130975,32.191659785819894,59.00826446280992,0.12867969660296552,0.114816197906097,33.32246755493177,30.881532445068224,0.0199300099410875,0.01619587986470531,0.019218505100327733,670048361.0,0.6849833874090548,0,0,-1,0,0,0.013618074899411876,-0.21142058220133508,0.23821676658134822,0.25710162231533207,-0.00030740854595756595,0.035998725708824564,-1.8938786581563087,0.029981549815498196,0.0
2025-10-06,32.58,32.52,-0.006432860290369254,-0.02342285016853646,-0.0230252860343892,-0.28798209157970794,0.001843318494289093,32.522,32.1455,32.22333333333333,0,6,10,32.39667818437989,32.21671399318635,58.45896147403682,0.13890127261522167,0.11963321284792194,33.36915242743492,30.921847572565078,0.019782100350896552,0.016077871928621274,0.01640788375576055,676956884.0,0.7101689830515349,0,0,-1,0,0,0.0006150061500613782,-0.852519850946263,0.23127419342119007,0.2552283044056699,-0.005494505494505475,0.027436140018921362,-1.7563932916186293,0.028845917740945422,0.0
2025-10-07,32.39,32.58,0.0009215174972504887,0.0013808949903627375,0.010115489538319661,0.15488819212633267,-0.00584886999066107,32.427,32.2155,32.219,1,7,10,32.39546396903809,32.22789373556143,52.406417112299486,0.13017001424744734,0.12174057312782703,33.3146762465874,31.116323753412594,0.016511869514148462,0.015158496484653053,0.016382569701547244,668890994.0,0.31751050032561956,0,0,-1,0,0,-0.00030693677102510775,-0.5347084829958326,0.10341135506621074,0.24063367168823283,0.015042306486994672,0.04517586318167166,-0.03808393560575937,0.020438406915714698,0.0
2025-10-08,32.45,32.39,0.00275946825417673,-0.0016805442806319217,0.0005295702816781714,-0.04784551949244272,0.0018507099668610757,32.366,32.2825,32.187333333333335,2,8,10,32.405379611031165,32.242223171976825,51.63043478260869,0.12663219057756692,0.12271889661777502,33.25387721005784,31.311122789942164,0.01644116148828116,0.01515434692274176,0.01557307865801052,676580054.0,0.34487117520500826,0,0,-1,0,0,0.008335906143871443,-0.6512842657258734,0.07025554209990642,0.24056779943502996,0.005266418835192077,0.043072966891674724,-0.793854678632898,0.018181818181818285,0.0
2025-10-09,31.68,32.45,0.02628947293581832,0.031012571170350892,-0.02013279702510709,0.3201364546796611,-0.024014876203873967,32.340999999999994,32.2805,32.13699999999999,3,9,10,32.27349240902549,32.20595070926865,43.046357615894024,0.060992788094587524,0.11037367491313751,33.25690532998867,31.304094670011338,0.014348703544445358,0.01562816014834257,0.0160999754004956,665989791.0,-1.2300219623073438,0,0,-1,0,0,0.03328197226502306,0.23332750976491515,0.18969139072118807,0.24808935121202844,-0.01949860724233987,-0.0012610340479192184,-1.5495971832127924,0.07133838383838377,0.0
2025-10-10,31.29,31.68,-0.051403178459964866,-0.03315553846832947,-0.01327488506504913,-0.2820730743209579,-0.012387009265434354,32.217,32.262,32.080666666666666,4,10,10,32.094675607384495,32.14685711512229,41.8679549114332,-0.022240279811960306,0.08385088396811796,33.29998590397527,31.224014096024728,0.01295981892751567,0.015868216707707914,0.01619955406239952,658002418.0,-1.872857803323614,0,0,-1,0,0,0.00536616161616167,-0.5113588129448556,0.17097471721265656,0.25190013095205155,-0.037822878228782386,-0.011686670878079619,-0.8534938999956306,0.05033557046979875,0.0
2025-10-13,31.9,31.29,-0.003774776423068156,-0.009545876952334694,0.015972229024936557,-0.49012273105111015,0.01930745211000819,32.13099999999999,32.2855,32.047333333333334,0,13,10,32.05928004240549,32.13093084963053,37.543252595155664,-0.03853695375798338,0.05937331642289769,33.26373632921635,31.307263670783644,0.014608720170833658,0.016384696897365,0.016650261746227853,662895093.0,-0.7881531046977515,0,0,-1,0,0,0.014062000639181888,-1.3123458919968736,0.25693430986164456,0.26009899978559625,-0.020871700429711426,0.014953865733375649,0.5149687988670618,0.02398119122257055,0.0
2025-10-14,33.42,31.9,-0.006640340605425834,0.03958360426910857,-0.004287422208727721,0.8127808183034294,0.04654851337644888,32.282,32.378,32.08633333333333,1,14,10,32.306683671059034,32.21409660126727,52.56410256410256,0.07038772567186413,0.061576198272690987,33.419205778745614,31.33679422125439,0.01930209520904889,0.0194433082795907,0.018465997628458974,673924003.0,2.0015255798048837,0,0,-1,0,0,-0.011912225705329123,0.3965687868323451,0.44556789334683805,0.30865295023296063,0.03179993825254712,0.0585999366487171,0.6901461110273946,0.0659784560143626,0.0
2025-10-15,33.56,33.42,0.06835815232886044,0.007555031861850451,0.056610134274387935,-0.3951101711375296,0.004180358431757811,32.41,32.45,32.12733333333333,2,15,10,32.534559367230116,32.30092907860487,63.515754560530695,0.16609352607220274,0.08247966383259334,33.608619868640666,31.29138013135934,0.019153891597999018,0.01915075416301641,0.018472227603260272,681353141.0,1.9160727863268767,0,0,-1,0,0,0.009874326750448782,-0.5769523548036981,0.44430921545088115,0.304008797608058,0.034206471494607094,0.044831880448318984,0.614291117690371,0.01877234803337314,0.0
2025-10-16,33.29,33.56,-0.002373184145555698,0.005005162811667673,-0.012407482517635581,0.39404830594270157,-0.008077830012071931,32.507999999999996,32.501,32.199666666666666,3,16,10,32.67191220955191,32.36474010579165,56.66666666666664,0.2176454377696544,0.10951281862000556,33.71474409858541,31.287255901414582,0.019523506199745567,0.019280946102972516,0.01706762155629007,670335936.0,1.3001093079168147,0,0,-1,0,0,0.003277711561382581,0.41003166474473063,0.38596336656503877,0.3060755305830315,0.05082070707070696,0.03160830492717692,1.0337030155722062,0.03634725142685472,0.0
2025-10-17,33.52,33.29,-0.013154150806480336,-0.007517170043203736,0.010601341147655595,-0.2874953214076688,0.006885224026948832,32.608,32.551,32.27066666666666,4,17,10,32.82610998963338,32.43927300219219,56.66666666666669,0.2739024006349524,0.14239073502299493,33.847601225069155,31.25439877493085,0.01953171250794399,0.019268092244776866,0.0170482159464139,678600383.0,1.4946769774158108,0,0,-1,0,0,-0.0018023430459598161,-0.3200455349679314,0.3362780871029377,0.3058714819099912,0.07126877596676273,0.03075030750307506,1.1413118567617204,0.018048926014319927,0.0
2025-10-20,34.43,33.52,0.016415829013151275,0.025417669842136226,0.012414336628578297,-0.07908275948400469,0.02678600173654996,32.793,32.657500000000006,32.361333333333334,0,20,10,33.11772635515458,32.56770700205076,71.87499999999997,0.38744956640537254,0.19140250129947045,34.194850762978184,31.120149237021828,0.020925580596599203,0.019964424975550017,0.017590246595389006,686236430.0,2.305914879914954,0,0,-1,0,0,0.007756563245823329,-0.5867795423026176,0.3482750332744935,0.3169254213222727,0.07931034482758625,0.06594427244582057,0.7603244751191621,0.030798722044728475,0.0
2025-10-21,34.68,34.43,0.010014811243824301,0.00890298815709113,0.01346071287408067,0.20836012593555273,0.007234874561908714,33.022000000000006,32.7245,32.48433333333333,1,21,10,33.40177610876284,32.70398396966039,71.2765957446808,0.4919386613376986,0.2515097333071161,34.48735026381709,30.96164973618291,0.020527429102463232,0.018816000227836686,0.01692454310724435,695641418.0,2.218566193779574,0,0,-1,0,0,-0.009003775776938783,0.5559546946732816,0.20065198456171254,0.29869474363074333,0.037701974865349985,0.04019196160767824,0.7853782103775285,0.026384083044982673,0.0
2025-10-22,33.76,34.68,0.0070093744925763275,-0.00645394854074379,-0.018669974802535023,0.11738217508406101,-0.026886482184584774,33.153,32.7595,32.57266666666666,2,22,10,33.46690772535141,32.772114036133914,61.102603369065804,0.4948068848734195,0.3001691636203768,34.57733532344551,30.941664676554495,0.02312251358997802,0.019763283728792568,0.017812740089405178,685065047.0,1.1007597741072133,0,0,-1,0,0,-0.009227220299884669,1.1878825257503056,0.3171772370568908,0.3137324030183666,0.005959475566150063,0.02117362371445841,-0.2582209728924094,0.03909952606635072,0.0
2025-10-23,31.65,33.76,-0.04585501145410971,-0.04713685537892972,-0.07482154268361446,0.9666929003613953,-0.06453852113757118,33.15,32.7455,32.57033333333333,3,23,10,33.13656086619661,32.69971958218979,44.839857651245524,0.3230961553373177,0.304754561963765,34.59428309906186,30.896716900938138,0.030424227224967237,0.023157200511823194,0.021149507922895248,657257283.0,-1.1851038670311256,0,0,-1,0,0,-0.02784360189573453,3.981275493796637,0.5608115631965861,0.367609161688451,-0.049264043256233125,-0.008769182586908952,-0.8962241386862674,0.0672985781990521,0.0
2025-10-24,32.2,31.65,-0.02374090229526589,-0.021958796312644833,0.011538589556493806,-0.604702633271898,0.017228303960177566,33.241,32.729,32.58833333333333,4,24,10,32.96627707234268,32.66747960914529,47.8699551569507,0.22875759338923984,0.28955516824885996,34.59171900867295,30.866280991327045,0.030502448789430724,0.02309832545410247,0.0213769180977709,672446908.0,-0.5679869025193108,0,0,-1,0,0,0.012638230647709277,1.111621874734669,0.584578988361723,0.3666745491215293,-0.039379474940334114,-0.01014448201660001,-0.9503375309380931,0.03260869565217393,0.0
2025-10-27,32.25,32.2,0.012711378719766223,0.009513651623762272,0.015337481461370995,-0.45663334226191626,0.00155159069141885,33.275999999999996,32.703500000000005,32.61566666666667,0,27,10,32.83604487737128,32.640545440813334,49.202733485193626,0.15622729450240058,0.2628895934995681,34.57835606465306,30.82864393534695,0.02996667447339314,0.023039121081023836,0.02132294798560944,682068207.0,-0.48377047022425834,0,0,-1,0,0,0.00807453416149062,-0.07615905796862928,0.5130082985147976,0.365734708835368,-0.06331687481847226,-0.015567765567765512,-1.108075553949671,0.027131782945736545,0.0
2025-10-28,31.09,32.25,-0.009596111402816845,-0.01740781846079867,-0.026714897675586532,0.16829360923575448,-0.03663181917111909,33.043,32.6625,32.599666666666664,1,28,10,32.51858217239468,32.54051025108344,43.11740890688259,0.005085581192169286,0.21132879103808835,34.64329064490821,30.68170935509179,0.027197300954726777,0.02372001727576881,0.022354668631026323,670683478.0,-1.5877498250935747,0,0,-1,0,0,-0.003100775193798494,0.286291401022089,0.4993612113326792,0.3765436008350404,-0.10351787773933108,-0.025697273581949287,-0.05980446878161907,0.03698938565455126,0.0
2025-10-29,30.66,31.09,-0.03578029293523558,-0.03301776902867355,-0.01854314680222299,-0.04168370224548943,-0.013927350626994406,32.753,32.5815,32.551,2,29,10,32.180658141050195,32.41918700907806,44.65408805031447,-0.14769024070265147,0.1395249846899404,34.75159604444456,30.411403955555436,0.026979947799178297,0.02368906162469878,0.022229798407445298,659763552.0,-1.7708893621727295,0,0,-1,0,0,-0.002251527822450958,0.1628896501943019,0.4989831696774984,0.3760521951086201,-0.09182464454976302,-0.05018587360594795,-0.45757947191565723,0.022015655577299436,0.0
2025-10-30,30.09,30.66,-0.01723339674822938,-0.011631795119566374,-0.013387523307231294,-0.5065245096382384,-0.01876598280171424,32.433,32.4705,32.47833333333333,3,30,10,31.800538479041066,32.26891687946012,43.82716049382717,-0.3111734032618081,0.0493853070995907,34.90951166351162,30.03148833648838,0.02715865184313934,0.023949623671891018,0.022418942971594802,653183355.0,-1.952020185563707,0,0,-1,0,0,-0.005544683626875463,-0.7454279623038746,0.32200305148125835,0.38018848937645533,-0.049289099526066305,-0.0687093779015785,0.1660461294621193,0.02392821535393815,0.0
2025-10-31,30.3,30.09,-0.016201379338007943,-0.012426582405248764,-0.0045026341392214835,0.25158361735298945,0.006954821873369651,32.111000000000004,32.359500000000004,32.404333333333334,4,31,10,31.5277133010336,32.14188998401109,41.41630901287556,-0.4189602297310948,-0.04428380026654641,34.98403584869054,29.73496415130947,0.02716342740185901,0.023960164860763203,0.0224077646534333,661645886.0,-1.5694203613393627,0,0,-1,0,0,-0.0029910269192422686,-0.3392782803183687,0.27093660482504256,0.3803558255621279,-0.05900621118012428,-0.06826568265682664,-0.40528424989301903,0.015676567656765724,0.0
2025-11-03,30.43,30.3,0.005319161477600027,0.011938975731629912,-0.0055308948503563484,0.04083169842580752,0.0042812513935561805,31.711000000000002,32.251999999999995,32.342,0,3,11,31.328129064482034,32.031445468913596,31.14754098360656,-0.48826375212462736,-0.1330797906381626,35.01118065641707,29.492819343582923,0.02455361205843202,0.02399377038812207,0.022419464603490633,670461108.0,-1.320681917483394,0,0,-1,0,0,-0.004620462046204639,-0.2879679740699529,0.280088502600972,0.38088929677054034,-0.05643410852713182,-0.0659914057704113,-0.3834799068827427,0.033026618468616466,0.0
2025-11-04,29.67,30.43,-0.004319661144516396,-0.019204529489361816,-0.01660773639966041,0.384991933732607,-0.025292529606149222,31.21,32.116,32.21966666666667,1,4,11,31.026651052758027,31.879094148338528,27.2514619883041,-0.5976239049728385,-0.2259886135050978,35.10509879043114,29.126901209568853,0.023850551903570407,0.024483994445517222,0.02185797030023684,657506236.0,-1.6366136896045433,0,0,-1,0,0,-0.01314492277357866,0.5397152244608012,0.22481457924053994,0.38867136242595207,-0.0456738501125763,-0.08397653596789134,0.2784685242341993,0.030670711156049885,0.0
2025-11-05,31.62,29.67,-0.007688488483880105,0.04788693585656197,0.01828699791938047,-0.3591325702330971,0.06365339747859557,30.996000000000002,32.0745,32.17166666666667,2,5,11,31.134532679529293,31.862378396832817,41.83773216031281,-0.5209388520194729,-0.2849786612079728,35.0671188144217,29.081881185578307,0.03446801311801444,0.029041043906948973,0.025231205416143196,666552387.0,-0.3037473384914402,0,0,-1,0,0,0.004381530165149949,-0.3065668060732461,0.5686395363215272,0.46101227994896754,0.03131115459882583,-0.025577812018490076,1.431168655719774,0.05850411132194807,0.0
2025-11-06,31.51,31.62,0.05833222130263503,0.010062974044218326,0.04092937130549729,-0.15471503848820378,-0.0034848760121426654,30.982000000000006,32.066,32.157666666666664,3,6,11,31.202799465069422,31.839644306714572,40.05934718100889,-0.46369627375663924,-0.3207221837177061,35.06429706052746,29.06770293947255,0.02820063626635676,0.02855194972705123,0.02445714091403579,658802918.0,-0.3708771938042662,0,0,-1,0,0,-0.0009487666034155957,-0.5487271029747323,0.5354734728071818,0.4532481505427764,0.047191758059155875,-0.005366161616161547,1.4283125320300696,0.029355760076166203,0.0
2025-11-07,32.45,31.51,-0.013705393811446281,0.015518623043004486,-0.006463102155254198,0.10959505388804647,0.029395487380915897,31.006999999999998,32.124,32.155,4,7,11,31.42956319869316,31.87902209337815,40.236686390532554,-0.3385780568982213,-0.3242933583538092,35.10391451661375,29.144085483386256,0.029311024780031444,0.029135588105238534,0.024832222071515787,667449978.0,0.21879822268892024,0,0,-1,0,0,-0.011107584893684588,-0.3666431199124031,0.5524457294999413,0.46251312256843646,0.0709570957095711,0.03707254713966135,0.7200521312550919,0.05007704160246533,0.0
2025-11-10,32.66,32.45,0.049767741078713346,0.033614065534640254,0.05134500321434801,-0.10065439658559469,0.0064506443922198505,31.048000000000002,32.162,32.15166666666667,0,10,11,31.653278980748947,31.92940776477311,39.99999999999998,-0.21994038777099334,-0.303422764237246,35.14926137562907,29.17473862437093,0.02935970540695821,0.028873634213147967,0.024826761218757994,675269043.0,0.33341575267756873,0,0,-1,0,0,0.009244992295839666,-0.5908748975658639,0.550173841973999,0.4583547334478139,0.07328294446270123,0.023824451410658254,0.6712836371190929,0.03398346601347202,0.0
2025-11-11,31.99,32.66,0.0015255533088369701,-0.023502136259296775,-0.021167890953238715,-0.02173973366220397,-0.020727733580892374,31.137999999999998,32.090500000000006,32.154333333333334,1,11,11,31.71450098424914,31.93331694123936,41.015228426395936,-0.17793149728360547,-0.2783245108465179,35.01885484620167,29.162145153798342,0.02750812010585009,0.027118284273130486,0.024648703233484982,667618128.0,-0.06863922255211982,0,0,-1,0,0,0.004286589099816307,-0.5852817174612198,0.5304576788517142,0.43048941701674354,0.07819346140883043,-0.04278874925194509,0.8253643459987967,0.03157236636448884,0.0
2025-11-12,33.34,31.99,-0.023755551769031123,0.02051973023117654,0.007521188698355534,0.15669699022281006,0.041334523361221426,31.406,32.079499999999996,32.18966666666667,2,12,11,32.0100462598402,32.02407068696586,59.29592959295933,-0.03529853183299281,-0.22971931504381288,34.98618539749482,29.17281460250517,0.029303739972982287,0.028840059879370807,0.02573832614007671,676566953.0,0.8673109247298595,0,0,-1,0,0,0.0012503907471085559,-0.3228834141944909,0.40091947738592815,0.4578217574221597,0.0543959519291588,-0.006555423122765136,0.08726491827896359,0.04349130173965194,0.0
2025-11-13,33.04,33.34,0.03708100636618067,0.009512556867698469,0.025735298094472777,-0.13107316763389767,-0.009038928669870768,31.701,32.067,32.214000000000006,3,13,11,32.19731057623289,32.08961451361322,54.75113122171944,0.052921581062307155,-0.17319113582258888,34.95384931151214,29.180150688487863,0.028452320127389828,0.0288549480601053,0.0258082660495575,668717459.0,0.6740912981636303,0,0,-1,0,0,-0.002999400119976047,-0.5249123991878226,0.41505775462010097,0.4580580999643456,0.04855601396382103,-0.007509762691498945,0.1755170576683307,0.028299031476997433,0.0
2025-11-14,32.82,33.04,-0.020976601332669383,-0.021683092487953515,-0.013632745408009472,-0.02266255312260122,-0.006680862990832492,31.952999999999996,32.032,32.224000000000004,4,14,11,32.31052683509963,32.13673615789624,53.16315205327414,0.10388695064054332,-0.11777551852996243,34.8610716349713,29.202928365028693,0.028922995386549365,0.028843897972676794,0.02582454033576567,661043854.0,0.5570732039862233,0,0,-1,0,0,-0.014830508474576332,-0.5548413480921495,0.3837617574038072,0.4578826852645375,0.011402157164869031,-0.02088305489260156,1.420248115810764,0.019957343083485714,0.0
2025-11-17,31.85,32.82,0.0076511467355197295,-0.007434978487518202,-0.026568213737629773,-0.28447980354287267,-0.030000703643772456,32.095,31.903,32.199666666666666,0,17,11,32.22679468326333,32.11823705093519,54.308390022675745,0.06525426924866906,-0.08116956097423614,34.49721299292128,29.308787007078724,0.03133560000019961,0.02875328291931394,0.02640331860847161,655270191.0,-0.04086017620343145,0,0,-1,0,0,-0.0006093845216332457,-0.9311505717220586,0.4412041241467915,0.45644421588711576,-0.024800979791794076,-0.07493465001452215,1.6266793867713993,0.039560439560439496,0.0
2025-11-18,31.96,31.85,-0.03537446093723187,-0.01751465881643851,-0.0012678290129308255,0.20586158420159206,0.003447738879901521,32.324,31.767000000000003,32.18533333333333,1,18,11,32.17828655903363,32.10802820893937,57.64705882352942,0.04301778930633304,-0.0563320909181223,34.00959342350952,29.524406576490488,0.02955233147256264,0.028690852585883112,0.026392107519015284,662363616.0,0.172122149273019,0,0,-1,0,0,-0.005965463108320291,-0.6190709323870408,0.4193693930196612,0.4554531650679669,-0.0009377930603312601,-0.07843137254901955,1.0760731519913267,0.02284105131414258,0.0
2025-11-19,31.92,31.96,0.021559966494043535,0.02176998438657699,0.007897687551600497,-0.2338289418690853,-0.0012523483164658376,32.354,31.675,32.16766666666667,2,19,11,32.13132536648206,32.09589735674974,61.48055207026351,0.02191493135371303,-0.04068268646375524,33.71517027153435,29.634829728465657,0.02145987321297588,0.028183930895870696,0.026390233102015978,656749190.0,0.2401760317934097,0,0,-1,0,0,0.01220275344180227,-0.8608133879242682,0.20116465569584177,0.44740603271222235,-0.04259148170365934,-0.05450236966824629,-1.4420159486558068,0.03728070175438589,0.0
2025-11-20,31.16,31.92,0.0006180469912432654,-0.009446969541320694,-0.020022915875107815,0.3295515184795502,-0.02409755157906053,32.319,31.6505,32.150333333333336,3,20,11,31.95472075439441,32.035516882120724,55.04694835680751,-0.0554951702485198,-0.04364518322070815,33.70366161847756,29.597338381522437,0.022864230862747123,0.024990068500175044,0.026392717025042103,648943204.0,-0.477799697389347,0,0,-1,0,0,0.014097744360902121,-0.41663902286563453,0.22861146212523775,0.39670503898759235,-0.056900726392251744,-0.015481832543443819,-0.4265283487379491,0.048459563543003785,0.0
2025-11-21,32.8,31.16,-0.026609802948474513,0.017602882444928452,0.005123290104852141,-0.09319202630496418,0.05129329438755048,32.354,31.680500000000002,32.20066666666666,4,21,11,32.10840788995906,32.08483837359681,61.814556331006976,0.015314524168516641,-0.03185324174286319,33.78437587186624,29.576624128133762,0.0270254707289626,0.027439797602994656,0.027981961847328297,656054602.0,1.0642262834707494,0,0,-1,0,0,0.011553273427471098,-0.6985266885302149,0.515832731980696,0.4355932829008208,-0.0006093845216332827,0.01863354037267073,1.2483597510360882,0.058841463414634254,0.0
2025-11-24,33.28,32.8,0.04649117350230365,0.0056997304447597335,0.04618605551824264,-0.1474291468003056,0.014528100562909808,32.416000000000004,31.732,32.24666666666666,0,24,11,32.32142463723923,32.161945575300244,68.51282051282051,0.10890827877823028,-0.0037009376386444998,33.94230695653693,29.521693043463063,0.027317461305858333,0.027602191129471616,0.027890780161641152,662191195.0,1.4007104265964738,0,0,-1,0,0,0.006707317073170915,-1.1153946551311502,0.4453140842979791,0.43817120021432965,0.044897959183673564,0.03193798449612406,0.8575221992014053,0.019230769230769246,0.0
2025-11-25,34.36,33.28,0.008443958494416075,0.03815016632397542,0.007292648546141358,0.15690028534289957,0.03193648116304683,32.653000000000006,31.8955,32.278,1,25,11,32.692074703195736,32.3037555381841,65.42792792792793,0.26714944516729133,0.05046913892254267,34.373423366558434,29.41757663344156,0.027554955198028273,0.02688869307445856,0.027157449083275925,669370266.0,1.9891656322067124,0,0,-1,0,0,0.0006009615384614189,-0.4768167811314839,0.46897740898525836,0.4268447697273727,0.07509386733416767,0.10517851399163725,-0.055270388894152894,0.049476135040744926,0.0
2025-11-26,35.06,34.36,0.03133570012965645,0.018825427601389513,0.03568621313939555,-0.4096195967419294,0.020167782377033993,32.825,32.1155,32.328,2,26,11,33.12260657534196,32.48157776152706,68.74340021119323,0.4439235847009684,0.12916002807822782,34.89456061372299,29.336439386277004,0.025271480421267922,0.026691511383499074,0.027377070964054055,674136471.0,2.11906137308418,0,0,-1,0,0,0.0,-1.7132242948058705,0.4465584810581668,0.4237146074231287,0.09837092731829578,0.14350945857795172,-0.7579528387911889,0.03308613804905886,0.0
2025-11-28,34.81,35.06,0.019882516364544488,-0.0014138274658216053,0.015940056384043087,-0.6269907561640684,-0.007156177669740947,33.002,32.3515,32.37866666666667,4,28,11,33.42940537982524,32.631798551105966,63.43963553530751,0.557419863997147,0.21481199526201167,35.206923463849776,29.496076536150223,0.025160510666421904,0.02623088112004511,0.027366213396711823,671590379.0,1.7219862700752404,0,0,-1,0,0,-0.0002852253280092731,-2.4135353201662024,0.35061491269244066,0.4164023286824326,0.11713735558408223,0.15686274509803932,0.05001114705893723,0.01608733122665907,0.0
